19n-QYxEeYZoJX4crJw1o8RMaHcys63Ux,99_LIXEIRA_DUPLICADOS,Cópia de ZER_a.shp,application/octet-stream,shp,517264,2026-03-08T23:39:11.337Z,2026-03-08T22:43:52Z,GEO,GEO_SHP,DESCONHECIDO,NAO,
1tCeP4oSd8Whk5ERRZoJvZC_Xwpc9ZV9I,99_LIXEIRA_DUPLICADOS,Cópia de SIRGAS_SHP_LOTES_68_SACOMA.dbf,application/octet-stream,dbf,450481,2026-03-08T23:38:56.666Z,2026-03-08T22:43:53Z,GEO,GEO_SHP,OFICIAL,NAO,
1SvG7kVpqchfKNLjvGKrFcfgc_vnhugFW,99_LIXEIRA_DUPLICADOS,Cópia de SIRGAS_SHP_LOTES_82_TUCURUVI.dbf,application/octet-stream,dbf,361021,2026-03-08T23:38:41.666Z,2026-03-08T22:43:53Z,GEO,GEO_SHP,OFICIAL,NAO,
1iBvyujbkSTkd0wA325pg6_zTrF30DWZ9,99_LIXEIRA_DUPLICADOS,Cópia de ZDE_1.shx,application/octet-stream,shx,2324,2026-03-08T23:37:43.020Z,2026-03-08T22:43:53Z,GEO,GEO_SHP,DESCONHECIDO,NAO,
1V-ada_N7QWIBhevL4LR4G9xMYrxboejp,99_LIXEIRA_DUPLICADOS,Cópia de SIRGAS_SHP_LOTES_53_MOOCA.shx,application/octet-stream,shx,115284,2026-03-08T23:37:43.004Z,2026-03-08T22:43:53Z,GEO,GEO_SHP,OFICIAL,NAO,
12gfx7-p-gvlMDIwxU_xucmoH1C9Hqvje,99_LIXEIRA_DUPLICADOS,Cópia de ZMIS_a.shp,application/octet-stream,shp,742548,2026-03-08T23:36:48.869Z,2026-03-08T22:43:48Z,GEO,GEO_SHP,DESCONHECIDO,NAO,
19nv18Z5x50Fat07Khl6pPxeIQaei-F1_,99_LIXEIRA_DUPLICADOS,Cópia de log_extracao_textual_silver_20260307_233509.json,application/json,json,162,2026-03-08T23:37:25.702Z,2026-03-08T22:33:49Z,GOVERNANCA,OUTRO,DESCONHECIDO,NAO,
1PxPSJmFd7e4yCPQt98Jv1sHt8T3OtzJs,99_LIXEIRA_DUPLICADOS,Cópia de INSTRUÇÃO NORMATIVA SECRETARIA MUNICIPAL DE URBANISMO E LICENCIAMENTO - SMUL Nº 1 DE 16 DE OUTUBRO DE 2024 « Catálogo de Legislação Municipal.csv,text/csv,csv,536,2026-03-08T23:37:18.299Z,2026-03-08T22:31:29Z,GOVERNANCA,TABELA_DADO,DESCONHECIDO,NAO,
1TwRjNa6LxniddnztHZmAR8R37Fb8b-qV,99_LIXEIRA_DUPLICADOS,Cópia de SIRGAS_SHP_LOTES_83_VILA_ANDRADE.shx,application/octet-stream,shx,57292,2026-03-08T23:36:09.099Z,2026-03-08T22:43:53Z,GEO,GEO_SHP,OFICIAL,NAO,
1u3hsA0MxLDJSf8FDu6o2q8hWIyQ3_qAp,99_LIXEIRA_DUPLICADOS,Cópia de ZEU_a.dbf,application/octet-stream,dbf,12718,2026-03-08T23:36:05.645Z,2026-03-08T22:43:52Z,GEO,GEO_SHP,DESCONHECIDO,NAO,
1oI7EWfZIlZLYaYhnpcjPN-gGZKiXYTqZ,99_LIXEIRA_DUPLICADOS,Cópia de SIRGAS_SHP_LOTES_77_SAUDE.shx,application/octet-stream,shx,186564,2026-03-08T23:33:41.750Z,2026-03-08T22:43:53Z,GEO,GEO_SHP,OFICIAL,NAO,
1gwkgdsmzjlI5dHHgxGeseXvfBWXzt9ZX,99_LIXEIRA_DUPLICADOS,Cópia de SIRGAS_SHP_LOTES_62_PINHEIROS.dbf,application/octet-stream,dbf,196786,2026-03-08T23:33:17.812Z,2026-03-08T22:43:53Z,GEO,GEO_SHP,OFICIAL,NAO,
1m6oOVPH0R34BFCERzmptf_qHmOlDooMB,99_LIXEIRA_DUPLICADOS,Cópia de SIRGAS_SHP_LOTES_38_JABAQUARA.shx,application/octet-stream,shx,273276,2026-03-08T23:32:57.341Z,2026-03-08T22:43:53Z,GEO,GEO_SHP,OFICIAL,NAO,
1emN4aqKq4AeQ_nT_vD9ynDlBhogEJTl0,99_LIXEIRA_DUPLICADOS,Cópia de SIRGAS_SHP_LOTES_58_PEDREIRA.dbf,application/octet-stream,dbf,229531,2026-03-08T23:32:42.399Z,2026-03-08T22:43:53Z,GEO,GEO_SHP,OFICIAL,NAO,
1KvXI6xw6zlkDBHp6eTpxWfsrN5fJH5F3,99_LIXEIRA_DUPLICADOS,Cópia de SIRGAS_SHP_LOTES_78_SE.shx,application/octet-stream,shx,21780,2026-03-08T23:32:24.293Z,2026-03-08T22:43:53Z,GEO,GEO_SHP,OFICIAL,NAO,
1tWtI-Ua8VgtudxBoWVpuyEZHZROkyhwe,99_LIXEIRA_DUPLICADOS,Cópia de SIRGAS_SHP_LOTES_96_LAJEADO.dbf,application/octet-stream,dbf,301846,2026-03-08T23:31:47.815Z,2026-03-08T22:43:53Z,GEO,GEO_SHP,OFICIAL,NAO,
1T0_popFH1TmdgGskyGWz5vsols-amUXj,99_LIXEIRA_DUPLICADOS,Cópia de SIRGAS_SHP_LOTES_35_ITAIM_BIBI.shx,application/octet-stream,shx,127476,2026-03-08T23:31:38Z,2026-03-08T22:43:53Z,GEO,GEO_SHP,OFICIAL,NAO,
10RRkAwsevD21D82v_CfvYWFGWGXKNCTU,99_LIXEIRA_DUPLICADOS,Cópia de SIRGAS_SHP_LOTES_73_SAO_MATEUS.shx,application/octet-stream,shx,220076,2026-03-08T23:31:14.918Z,2026-03-08T22:43:53Z,GEO,GEO_SHP,OFICIAL,NAO,
1V9giwOOMSoDI2erjkXlbv7Vusihsx1rk,99_LIXEIRA_DUPLICADOS,Cópia de SIRGAS_SHP_PLANO_DIRETOR_DRENAGEM.shp,application/octet-stream,shp,193972,2026-03-08T23:31:09.192Z,2026-03-08T22:43:53Z,GEO,GEO_SHP,OFICIAL,NAO,
1pYKilIwV0ON6sFS5Zd9RzYBolXOuwFiv,99_LIXEIRA_DUPLICADOS,Cópia de SIRGAS_SHP_LOTES_74_SAO_MIGUEL.dbf,application/octet-stream,dbf,276211,2026-03-08T23:30:53.732Z,2026-03-08T22:43:53Z,GEO,GEO_SHP,OFICIAL,NAO,
1NSKysfJlKx-wxk4_puJlJGudhMRLKu4g,99_LIXEIRA_DUPLICADOS,Cópia de SIRGAS_SHP_restricaomirantesantana_polygon.shx,application/octet-stream,shx,108,2026-03-08T23:30:51.251Z,2026-03-08T22:43:53Z,GEO,GEO_SHP,OFICIAL,NAO,
18hc-5m_DTWEP0gCy6XOJu9elPk-lzZ8v,99_LIXEIRA_DUPLICADOS,Cópia de SIRGAS_SHP_LOTES_65_RAPOSO_TAVARES.shx,application/octet-stream,shx,108180,2026-03-08T23:30:40.923Z,2026-03-08T22:43:53Z,GEO,GEO_SHP,OFICIAL,NAO,
1MfzcBS5NKTDFaISIgYFq4kvTQ0BR7krV,99_LIXEIRA_DUPLICADOS,Cópia de ZC.shx,application/octet-stream,shx,54100,2026-03-08T23:29:49.069Z,2026-03-08T22:43:53Z,GEO,GEO_SHP,DESCONHECIDO,NAO,
1VCY3KqFIFc3TUrO8ZyvRJf49P69aO4Gk,99_LIXEIRA_DUPLICADOS,Cópia de SIRGAS_SHP_LOTES_86_VILA_GUILHERME.dbf,application/octet-stream,dbf,191506,2026-03-08T23:28:40.254Z,2026-03-08T22:43:53Z,GEO,GEO_SHP,OFICIAL,NAO,
1u_o3-F2eAybFbU3DiU24LHhwgM5WIAVH,99_LIXEIRA_DUPLICADOS,Cópia de PDE2013_SUBST2_Quadro_9_viario-estrutural.csv,text/csv,csv,77886,2026-03-08T23:28:53.492Z,2026-03-08T22:31:34Z,OUTRO,TABELA_DADO,DESCONHECIDO,NAO,
1Yg9iYCvXbngkIHhZJ2WUl-jMDuOphdzn,99_LIXEIRA_DUPLICADOS,Cópia de SIRGAS_SHP_LOTES_66_REPUBLICA.shp,application/octet-stream,shp,749796,2026-03-08T23:27:40.347Z,2026-03-08T22:43:53Z,GEO,GEO_SHP,OFICIAL,NAO,
1pLb4JzMqfKtTg-yvY8-1kiG1NEHh4PI_,99_LIXEIRA_DUPLICADOS,Cópia de ZEP.dbf,application/octet-stream,dbf,727,2026-03-08T23:27:34.129Z,2026-03-08T22:43:53Z,GEO,GEO_SHP,DESCONHECIDO,NAO,
1HYeZrITqeNr_St6b7dZQJFuNfsiBxEnF,99_LIXEIRA_DUPLICADOS,Cópia de SIRGAS_SHP_LOTES_85_VILA_FORMOSA.dbf,application/octet-stream,dbf,295786,2026-03-08T23:26:57.889Z,2026-03-08T22:43:53Z,GEO,GEO_SHP,OFICIAL,NAO,
18Jk6ovLKQwsK9oDdSgcgq8ISYxpPKvaj,99_LIXEIRA_DUPLICADOS,Cópia de ESTRUTURA_SILVER_IA.md,text/markdown,md,1950,2026-03-08T23:27:16.156Z,2026-03-08T22:33:49Z,OUTRO,OUTRO,DESCONHECIDO,NAO,
12dKzsjttZUtvyt6nXFQGvxNtgRtYmVgK,99_LIXEIRA_DUPLICADOS,Cópia de sissel_ano_2026_01.xls,application/vnd.ms-excel,xls,75776,2026-03-08T23:26:35.454Z,2026-03-08T22:43:53Z,OUTRO,PLANILHA,DESCONHECIDO,NAO,
1bb1q-ZMauCbFkXCM_D5fzjkU7o-WYOMc,99_LIXEIRA_DUPLICADOS,Cópia de ZPDS_u.shp,application/octet-stream,shp,925144,2026-03-08T23:26:26.632Z,2026-03-08T22:43:48Z,GEO,GEO_SHP,DESCONHECIDO,NAO,
1luoGoUwR1ZQeKcrFAQAMb4pPh_igGuul,99_LIXEIRA_DUPLICADOS,Cópia de SIRGAS_SHP_subvencao_economica.shx,application/octet-stream,shx,348,2026-03-08T23:26:02.211Z,2026-03-08T22:43:53Z,GEO,GEO_SHP,OFICIAL,NAO,
1Uwiy19SxzfySvriIC-POn0lYP7wns4aZ,99_LIXEIRA_DUPLICADOS,Cópia de SIRGAS_SHP_ZEPEC1.csv,text/csv,csv,1365,2026-03-08T23:26:48.238Z,2026-03-08T22:31:35Z,GEO,TABELA_DADO,OFICIAL,NAO,
1l0d3VoWA7RRnwWrsmYSfU2dKoJXl6mAq,99_LIXEIRA_DUPLICADOS,Cópia de SIRGAS_SHP_LOTES_65_RAPOSO_TAVARES.dbf,application/octet-stream,dbf,202876,2026-03-08T23:25:56.490Z,2026-03-08T22:43:53Z,GEO,GEO_SHP,OFICIAL,NAO,
1J-DtTckxz4EzRqwdvDsnv0iHtpTMJ8X9,99_LIXEIRA_DUPLICADOS,Cópia de SIRGAS_SHP_LOTES_42_JARAGUA.shx,application/octet-stream,shx,147636,2026-03-08T23:25:43.930Z,2026-03-08T22:43:53Z,GEO,GEO_SHP,OFICIAL,NAO,
1t8Ot6BAhX-FHGQt9YyPcYz7UZs8pbFaf,99_LIXEIRA_DUPLICADOS,Cópia de RESOLUÇÃO SECRETARIA MUNICIPAL DE URBANISMO E LICENCIAMENTO - SMUL_CTLU Nº 4 DE 4 DE ABRIL DE 2024 « Catálogo de Legislação Municipal.csv,text/csv,csv,30,2026-03-08T23:25:57.136Z,2026-03-08T22:31:34Z,GOVERNANCA,TABELA_DADO,DESCONHECIDO,NAO,
1vBWhn339o1E2p2L2pCfQ8TgvnseY9Vh4,99_LIXEIRA_DUPLICADOS,Cópia de SIRGAS_SHP_LOTES_74_SAO_MIGUEL.shx,application/octet-stream,shx,147292,2026-03-08T23:24:57.232Z,2026-03-08T22:43:53Z,GEO,GEO_SHP,OFICIAL,NAO,
1y3GhLnDTrBucE5w6asslCSn84t451646,99_LIXEIRA_DUPLICADOS,Cópia de SIRGAS_SHP_PLANO_DIRETOR_DRENAGEM.shx,application/octet-stream,shx,1260,2026-03-08T23:24:57.198Z,2026-03-08T22:43:53Z,GEO,GEO_SHP,OFICIAL,NAO,
14r2Gj4YyvTTa7rzCtn49lOtV7QyzRCNA,99_LIXEIRA_DUPLICADOS,Cópia de SIRGAS_SHP_LOTES_32_MOEMA.shx,application/octet-stream,shx,78236,2026-03-08T23:24:51.772Z,2026-03-08T22:43:53Z,GEO,GEO_SHP,OFICIAL,NAO,
1PRgw7JJs4CbY0w2S_7R9LgMEjuVf5RlK,99_LIXEIRA_DUPLICADOS,Cópia de SIRGAS_SHP_LOTES_37_ITAQUERA.shx,application/octet-stream,shx,230276,2026-03-08T23:24:34.476Z,2026-03-08T22:43:53Z,GEO,GEO_SHP,OFICIAL,NAO,
12pgUlJmb0UZebtCj_QVNjLXXS4v4FDTO,99_LIXEIRA_DUPLICADOS,Cópia de SIRGAS_SHP_LOTES_57_PARQUE_DO_CARMO.shx,application/octet-stream,shx,89188,2026-03-08T23:24:20.289Z,2026-03-08T22:43:53Z,GEO,GEO_SHP,OFICIAL,NAO,
1Q6xzmo2eLpfssDReiMlK1wV_bpU7_d7C,99_LIXEIRA_DUPLICADOS,Cópia de SIRGAS_SHP_zeup_zemp.shp,application/octet-stream,shp,416724,2026-03-08T23:24:16.734Z,2026-03-08T22:43:53Z,GEO,GEO_SHP,OFICIAL,NAO,
1crwX6g3z8Rqif_7AneYoxsQdIPWNXwr5,99_LIXEIRA_DUPLICADOS,Cópia de ZMIS_u.shp,application/octet-stream,shp,732900,2026-03-08T23:24:05.023Z,2026-03-08T22:43:48Z,GEO,GEO_SHP,DESCONHECIDO,NAO,
1VhuXQiajXbpl78ASXd15XLldDnN0K0gE,99_LIXEIRA_DUPLICADOS,Cópia de SIRGAS_SHP_LOTES_53_MOOCA.dbf,application/octet-stream,dbf,216196,2026-03-08T23:24:01.040Z,2026-03-08T22:43:53Z,GEO,GEO_SHP,OFICIAL,NAO,
1WaSbLDPthdzGNFcUuRgD6Fl6nO6W0_o3,99_LIXEIRA_DUPLICADOS,Cópia de manifesto_datalake_20260307_221836.json,application/json,json,476247,2026-03-08T23:24:26.266Z,2026-03-08T22:32:51Z,GOVERNANCA,OUTRO,NOSSO,NAO,
1oV5ftNSaZgQWttfAF0UGuc-ch2lm8rdy,99_LIXEIRA_DUPLICADOS,Cópia de SIRGAS_SHP_LOTES_45_JARDIM_PAULISTA.dbf,application/octet-stream,dbf,124006,2026-03-08T23:23:34.185Z,2026-03-08T22:43:53Z,GEO,GEO_SHP,OFICIAL,NAO,
1IWMeJM2u8rXWBcFUy2K9sYv_Qn8Am7Xl,99_LIXEIRA_DUPLICADOS,Cópia de SIRGAS_SHP_LOTES_84_VILA_CURUCA.shx,application/octet-stream,shx,190188,2026-03-08T23:23:27.950Z,2026-03-08T22:43:53Z,GEO,GEO_SHP,OFICIAL,NAO,
14qACZal_UvSdbEzqL5-qzItxfNgjQzVH,99_LIXEIRA_DUPLICADOS,Cópia de Análise de Omissões da Legislação - Secretaria Municipal de Urbanismo e Licenciamento - Prefeitura.csv,text/csv,csv,2297,2026-03-08T23:24:01.020Z,2026-03-08T22:31:29Z,OUTRO,AUDITORIA,OFICIAL,NAO,
1fvm7u71PgrjBtaU28XzmsiGInE1e3-AC,99_LIXEIRA_DUPLICADOS,Cópia de 007 - QUADRO_3B_FINAL.csv,text/csv,csv,3733,2026-03-08T23:23:43.429Z,2026-03-08T22:33:49Z,OUTRO,TABELA_DADO,DESCONHECIDO,NAO,
1yIJulHTNL361o5VSORY77cu7vkbvfpd5,99_LIXEIRA_DUPLICADOS,Cópia de SIRGAS_SHP_LOTES_34_IPIRANGA.dbf,application/octet-stream,dbf,307876,2026-03-08T23:22:46.050Z,2026-03-08T22:43:53Z,GEO,GEO_SHP,OFICIAL,NAO,
1sWq8ZCW-LXw08bClVQ12xhVLdBIC4drF,99_LIXEIRA_DUPLICADOS,Cópia de SIRGAS_SHP_requalifica_centro.dbf,application/octet-stream,dbf,4691,2026-03-08T23:22:28.517Z,2026-03-08T22:43:53Z,GEO,GEO_SHP,OFICIAL,NAO,
1OVC0CR3BPEHymCUebtoNILg1w-jxleLu,99_LIXEIRA_DUPLICADOS,Cópia de SIRGAS_SHP_restricaomirantesantana_polygon.shp,application/octet-stream,shp,4156,2026-03-08T23:22:23.988Z,2026-03-08T22:43:53Z,GEO,GEO_SHP,OFICIAL,NAO,
1iwa3u4_KcKUYIC_AaKNnIRQxgF57wMuf,99_LIXEIRA_DUPLICADOS,Cópia de ZMIS_a.dbf,application/octet-stream,dbf,6376,2026-03-08T23:21:45.449Z,2026-03-08T22:43:52Z,GEO,GEO_SHP,DESCONHECIDO,NAO,
1FXCN9tojBnD4fOM4Li74mBk6BEncRVdq,99_LIXEIRA_DUPLICADOS,Cópia de SIRGAS_SHP_LOTES_59_PENHA.shx,application/octet-stream,shx,234332,2026-03-08T23:21:40.446Z,2026-03-08T22:43:53Z,GEO,GEO_SHP,OFICIAL,NAO,
1LsBCIxaFsoBWYTLS5irGKPdnDwGgBDc1,99_LIXEIRA_DUPLICADOS,Cópia de ZOE.shp,application/octet-stream,shp,481012,2026-03-08T23:21:35.174Z,2026-03-08T22:43:48Z,GEO,GEO_SHP,DESCONHECIDO,NAO,
1chKNjO5qWlAj135BwKh_qqWFpdvxQY0x,99_LIXEIRA_DUPLICADOS,Cópia de SIRGAS_SHP_LOTES_68_SACOMA.shx,application/octet-stream,shx,240236,2026-03-08T23:21:28.393Z,2026-03-08T22:43:53Z,GEO,GEO_SHP,OFICIAL,NAO,
1myhJQ3qbyuH5SRsv4Kb_FXNDr2Llgux2,99_LIXEIRA_DUPLICADOS,Cópia de SIRGAS_SHP_LOTES_38_JABAQUARA.dbf,application/octet-stream,dbf,512431,2026-03-08T23:21:23.606Z,2026-03-08T22:43:53Z,GEO,GEO_SHP,OFICIAL,NAO,
19romyGkN1lqq6BuXaZpt5T4Q8hs78KPC,99_LIXEIRA_DUPLICADOS,Cópia de SIRGAS_SHP_LOTES_93_VILA_PRUDENTE.shx,application/octet-stream,shx,169652,2026-03-08T23:21:08.236Z,2026-03-08T22:43:53Z,GEO,GEO_SHP,OFICIAL,NAO,
1OYlKZkUIiT8o4zFu3527HTlCJWeuwUFq,99_LIXEIRA_DUPLICADOS,Cópia de ZM_u.dbf,application/octet-stream,dbf,385048,2026-03-08T23:20:48.893Z,2026-03-08T22:43:52Z,GEO,GEO_SHP,DESCONHECIDO,NAO,
1lBu2xVz2qdrWekiwHCnYmyaE4TRa7bVv,99_LIXEIRA_DUPLICADOS,Cópia de 001_-_QUADRO_1_FINAL.csv,text/csv,csv,14870,2026-03-08T23:21:24.346Z,2026-03-08T22:33:49Z,OUTRO,TABELA_DADO,DESCONHECIDO,NAO,
1bRjPo8EkNvd43sGtpY09jNGe5smOrA6L,99_LIXEIRA_DUPLICADOS,Cópia de 005 - QUADRO_3_FINAL.csv,text/csv,csv,3147,2026-03-08T23:20:09.120Z,2026-03-08T22:33:49Z,OUTRO,TABELA_DADO,DESCONHECIDO,NAO,
1r3Wj8XsZE4dM8wU7eLKG8ny2FW0RYPjY,99_LIXEIRA_DUPLICADOS,Cópia de SIRGAS_SHP_LOTES_85_VILA_FORMOSA.shx,application/octet-stream,shx,157732,2026-03-08T23:19:07.758Z,2026-03-08T22:43:53Z,GEO,GEO_SHP,OFICIAL,NAO,
1aLE64pMUplQzap1qz6I7Tl8FY-8e_SCa,99_LIXEIRA_DUPLICADOS,Cópia de D57536.csv,text/csv,csv,689,2026-03-08T23:19:32.054Z,2026-03-08T22:31:29Z,OUTRO,TABELA_DADO,DESCONHECIDO,NAO,
188CHRINyfmsAOArRAzQKoOtY_yrzyTA_,99_LIXEIRA_DUPLICADOS,Cópia de SIRGAS_SHP_areaenvoltoriaiphan2.csv,text/csv,csv,786,2026-03-08T23:19:27.583Z,2026-03-08T22:31:35Z,GEO,TABELA_DADO,OFICIAL,NAO,
1ktIPqHhKzY7Jeq9oQNSeBbyEY2bpJSqs,99_LIXEIRA_DUPLICADOS,Cópia de RELATORIO_DUPLICADOS_FORENSE.md,text/markdown,md,844022,2026-03-08T23:19:11.886Z,2026-03-08T22:33:53Z,GOVERNANCA,OUTRO,DESCONHECIDO,NAO,
1hDJBrYk2on1k-BYsRzFD8ZHeJX0nJKTV,99_LIXEIRA_DUPLICADOS,Cópia de ZPI_1.dbf,application/octet-stream,dbf,9883,2026-03-08T23:18:15.221Z,2026-03-08T22:43:48Z,GEO,GEO_SHP,DESCONHECIDO,NAO,
1jlvCxU41Fl1lvddB2hHYkf5hpvqlzKoE,99_LIXEIRA_DUPLICADOS,Cópia de SIRGAS_SHP_LOTES_79_SOCORRO.shx,application/octet-stream,shx,86188,2026-03-08T23:18:11.822Z,2026-03-08T22:43:53Z,GEO,GEO_SHP,OFICIAL,NAO,
1Y0y07huxmpoHE1zHlia4YNs1uudXsBj3,99_LIXEIRA_DUPLICADOS,Cópia de SIRGAS_SHP_LOTES_64_PONTE_RASA.shx,application/octet-stream,shx,157532,2026-03-08T23:18:10.127Z,2026-03-08T22:43:53Z,GEO,GEO_SHP,OFICIAL,NAO,
1cT8G2eFbtHsfjmA96QOYymY1IfXL_2VX,99_LIXEIRA_DUPLICADOS,Cópia de SIRGAS_SHP_LOTES_67_RIO_PEQUENO.shx,application/octet-stream,shx,155164,2026-03-08T23:17:55.892Z,2026-03-08T22:43:53Z,GEO,GEO_SHP,OFICIAL,NAO,
1OH6oWhQe-YNWZoE6tw4mT5DAKAJLjjgC,99_LIXEIRA_DUPLICADOS,Cópia de ZEM.dbf,application/octet-stream,dbf,9736,2026-03-08T23:17:55.004Z,2026-03-08T22:43:53Z,GEO,GEO_SHP,DESCONHECIDO,NAO,
1ORbKre9eu8DB9zT1lKEj2zdU_2xxLXCt,99_LIXEIRA_DUPLICADOS,Cópia de ZOE.dbf,application/octet-stream,dbf,4423,2026-03-08T23:17:54.885Z,2026-03-08T22:43:48Z,GEO,GEO_SHP,DESCONHECIDO,NAO,
1Za7Y6JC1mpSWgjmmBKo9TjDVc-xTItjT,99_LIXEIRA_DUPLICADOS,Cópia de SIRGAS_SHP_LOTES_75_SAO_RAFAEL.dbf,application/octet-stream,dbf,227176,2026-03-08T23:17:54.287Z,2026-03-08T22:43:53Z,GEO,GEO_SHP,OFICIAL,NAO,
1qQu_aOYi9OnKA0EsFjEGegN4U1NF990c,99_LIXEIRA_DUPLICADOS,Cópia de SIRGAS_SHP_LOTES_61_PERUS.dbf,application/octet-stream,dbf,147391,2026-03-08T23:17:53.033Z,2026-03-08T22:43:53Z,GEO,GEO_SHP,OFICIAL,NAO,
1pukeQqLgIltdFWKk-B5GoKPY1aPu32Zq,99_LIXEIRA_DUPLICADOS,Cópia de VETOS_TODOS.shx,application/octet-stream,shx,268,2026-03-08T23:17:52.710Z,2026-03-08T22:43:53Z,GEO,GEO_SHP,DESCONHECIDO,NAO,
1r5XXtjga_7ZcwwlZ8aqfrCSS--SkmbTR,99_LIXEIRA_DUPLICADOS,Cópia de SIRGAS_SHP_LOTES_78_SE.dbf,application/octet-stream,dbf,40876,2026-03-08T23:17:51.538Z,2026-03-08T22:43:53Z,GEO,GEO_SHP,OFICIAL,NAO,
16yWW-e_fCYg4MoOZbITwbHdS65EeQNZ8,99_LIXEIRA_DUPLICADOS,Cópia de SIRGAS_SHP_LOTES_96_LAJEADO.shx,application/octet-stream,shx,160964,2026-03-08T23:17:49.506Z,2026-03-08T22:43:53Z,GEO,GEO_SHP,OFICIAL,NAO,
1BmZTh289rfEgP5FV2p4NT9QB9CBbMXiu,99_LIXEIRA_DUPLICADOS,Cópia de ZC_a.shx,application/octet-stream,shx,4172,2026-03-08T23:17:46.150Z,2026-03-08T22:43:53Z,GEO,GEO_SHP,DESCONHECIDO,NAO,
1FRUWzhciArGS_tw7AF8ER8Atx2Xva644,99_LIXEIRA_DUPLICADOS,Cópia de SIRGAS_SHP_LOTES_95_SAO_DOMINGOS.shx,application/octet-stream,shx,136020,2026-03-08T23:17:45.901Z,2026-03-08T22:43:53Z,GEO,GEO_SHP,OFICIAL,NAO,
1X4Qiz2p8ROrUwUffYK-Lqku4yDztoaev,99_LIXEIRA_DUPLICADOS,Cópia de SIRGAS_SHP_LOTES_36_ITAIM_PAULISTA.shx,application/octet-stream,shx,248452,2026-03-08T23:17:45.578Z,2026-03-08T22:43:53Z,GEO,GEO_SHP,OFICIAL,NAO,
1T3ibKt5VDaDKTL8GQesIVaK3hjnmubbK,99_LIXEIRA_DUPLICADOS,Cópia de ZOE.shx,application/octet-stream,shx,1748,2026-03-08T23:17:44.197Z,2026-03-08T22:43:48Z,GEO,GEO_SHP,DESCONHECIDO,NAO,
17Mt7UQ7_evFV5D6PcrBW0bmWong3K2Pm,99_LIXEIRA_DUPLICADOS,Cópia de ZEUP_a.shp,application/octet-stream,shp,304440,2026-03-08T23:17:42.393Z,2026-03-08T22:43:52Z,GEO,GEO_SHP,DESCONHECIDO,NAO,
14BL7Kq2PsPTt27u5_SpuYysniV2A1Agn,99_LIXEIRA_DUPLICADOS,Cópia de ZEIS_4.shx,application/octet-stream,shx,668,2026-03-08T23:17:41.150Z,2026-03-08T22:43:53Z,GEO,GEO_SHP,DESCONHECIDO,NAO,
1KZcSWH7JZLSR74PMZ_QFJVMJfXfBTvtT,99_LIXEIRA_DUPLICADOS,Cópia de ZCOR_2.dbf,application/octet-stream,dbf,13852,2026-03-08T23:17:40.079Z,2026-03-08T22:43:53Z,GEO,GEO_SHP,DESCONHECIDO,NAO,
1volZXOBPRp8BWodJw3NSE0hC-tPNbHMy,99_LIXEIRA_DUPLICADOS,Cópia de ZEPEC_AUE.shx,application/octet-stream,shx,6028,2026-03-08T23:17:39.972Z,2026-03-08T22:43:53Z,GEO,GEO_SHP,DESCONHECIDO,NAO,
1s-DkixKQl2kHV0NBFmnbN7DvBdAeWdOv,99_LIXEIRA_DUPLICADOS,Cópia de SIRGAS_SHP_LOTES_46_JARDIM_SAO_LUIS.shx,application/octet-stream,shx,242564,2026-03-08T23:17:39.950Z,2026-03-08T22:43:53Z,GEO,GEO_SHP,OFICIAL,NAO,
1V0o0wNdpB3AyDgFTbeN_0RHS5w0IeE6G,99_LIXEIRA_DUPLICADOS,Cópia de SIRGAS_SHP_LOTES_95_SAO_DOMINGOS.dbf,application/octet-stream,dbf,255076,2026-03-08T23:17:39.846Z,2026-03-08T22:43:53Z,GEO,GEO_SHP,OFICIAL,NAO,
1m27PYPGh_VaxrnEVZIS8yq9Akg_rQzIl,99_LIXEIRA_DUPLICADOS,Cópia de ZER_2.dbf,application/octet-stream,dbf,1987,2026-03-08T23:17:38.913Z,2026-03-08T22:43:53Z,GEO,GEO_SHP,DESCONHECIDO,NAO,
1GGl6nzgvMDCcMlAK-6rEWPDUE8fyJ9yR,99_LIXEIRA_DUPLICADOS,Cópia de ZEPEC_BIR_INDIC.shp,application/octet-stream,shp,358660,2026-03-08T23:17:38.231Z,2026-03-08T22:43:53Z,GEO,GEO_SHP,DESCONHECIDO,NAO,
1Y5faZpvjXdNDDjaspmrnJq73q2hwCrK3,99_LIXEIRA_DUPLICADOS,Cópia de SIRGAS_SHP_LOTES_66_REPUBLICA.shx,application/octet-stream,shx,23956,2026-03-08T23:17:37.454Z,2026-03-08T22:43:53Z,GEO,GEO_SHP,OFICIAL,NAO,
1hGGXdvLifDwCadIW7PM64WRp10hU5RzC,99_LIXEIRA_DUPLICADOS,Cópia de ZCOR_a.shx,application/octet-stream,shx,612,2026-03-08T23:17:37.437Z,2026-03-08T22:43:53Z,GEO,GEO_SHP,DESCONHECIDO,NAO,
1oCNtSzePBlDCOPdIYdlCMAuaWaQYZ6nN,99_LIXEIRA_DUPLICADOS,Cópia de SIRGAS_SHP_LOTES_76_SAPOPEMBA.dbf,application/octet-stream,dbf,622426,2026-03-08T23:17:37.397Z,2026-03-08T22:43:53Z,GEO,GEO_SHP,OFICIAL,NAO,
1I3wbF12ZbBJbSDyNtXbPm89A4EStneP6,99_LIXEIRA_DUPLICADOS,Cópia de ZER_a.dbf,application/octet-stream,dbf,8056,2026-03-08T23:17:37.185Z,2026-03-08T22:43:53Z,GEO,GEO_SHP,DESCONHECIDO,NAO,
1bORMDqHeGET5IZRg19Y3y-2eOtlCqd2Z,99_LIXEIRA_DUPLICADOS,Cópia de ZEU_a.shp,application/octet-stream,shp,635276,2026-03-08T23:17:35.881Z,2026-03-08T22:43:52Z,GEO,GEO_SHP,DESCONHECIDO,NAO,
1eRWJHR6bBAFgNfjUJTYaTocasS1MRR7p,99_LIXEIRA_DUPLICADOS,Cópia de ZEPEC_AUE_INDIC.shx,application/octet-stream,shx,164,2026-03-08T23:17:33.761Z,2026-03-08T22:43:53Z,GEO,GEO_SHP,DESCONHECIDO,NAO,
14-73Jrf8MRZiSIZgOyKZyEXJ_gYYrcBC,99_LIXEIRA_DUPLICADOS,Cópia de ZEPEC_BIR.shp,application/octet-stream,shp,855548,2026-03-08T23:17:33.269Z,2026-03-08T22:43:53Z,GEO,GEO_SHP,DESCONHECIDO,NAO,
1mKU_7T4gpuPW-TlwU3DPcjAaleTPWcQM,99_LIXEIRA_DUPLICADOS,Cópia de SIRGAS_SHP_LOTES_56_PARI.dbf,application/octet-stream,dbf,76081,2026-03-08T23:17:33.249Z,2026-03-08T22:43:53Z,GEO,GEO_SHP,OFICIAL,NAO,
1MpZmjVXYpnI1YJ8UGjNUXTnGVRIt2Oug,99_LIXEIRA_DUPLICADOS,Cópia de SIRGAS_SHP_LOTES_71_SANTO_AMARO.shx,application/octet-stream,shx,160516,2026-03-08T23:17:32.968Z,2026-03-08T22:43:53Z,GEO,GEO_SHP,OFICIAL,NAO,
1MXB3PDc-ghJr_a9l1blH_uQ6vqKm4SuV,99_LIXEIRA_DUPLICADOS,Cópia de SIRGAS_SHP_subvencao_economica.dbf,application/octet-stream,dbf,90195,2026-03-08T23:17:32.951Z,2026-03-08T22:43:53Z,GEO,GEO_SHP,OFICIAL,NAO,
1pg6v-UevW7l8i_X8Zo6zvrklbGs-nrt6,99_LIXEIRA_DUPLICADOS,Cópia de ZEPAM.shx,application/octet-stream,shx,5596,2026-03-08T23:17:32.805Z,2026-03-08T22:43:53Z,GEO,GEO_SHP,DESCONHECIDO,NAO,
1Xqiein_zhp-RjOl-wxbSQ9W6t4qzeb30,99_LIXEIRA_DUPLICADOS,Cópia de ZPI_1.shx,application/octet-stream,shx,3828,2026-03-08T23:17:33.001Z,2026-03-08T22:43:48Z,GEO,GEO_SHP,DESCONHECIDO,NAO,
1cT8G2eFbtHsfjmA96QOYymY1IfXL_2VX,99_LIXEIRA_DUPLICADOS,Cópia de SIRGAS_SHP_LOTES_67_RIO_PEQUENO.shx,application/octet-stream,shx,155164,2026-03-08T23:17:55.892Z,2026-03-08T22:43:53Z,GEO,GEO_SHP,OFICIAL,NAO,
1OH6oWhQe-YNWZoE6tw4mT5DAKAJLjjgC,99_LIXEIRA_DUPLICADOS,Cópia de ZEM.dbf,application/octet-stream,dbf,9736,2026-03-08T23:17:55.004Z,2026-03-08T22:43:53Z,GEO,GEO_SHP,DESCONHECIDO,NAO,
1ORbKre9eu8DB9zT1lKEj2zdU_2xxLXCt,99_LIXEIRA_DUPLICADOS,Cópia de ZOE.dbf,application/octet-stream,dbf,4423,2026-03-08T23:17:54.885Z,2026-03-08T22:43:48Z,GEO,GEO_SHP,DESCONHECIDO,NAO,
1Za7Y6JC1mpSWgjmmBKo9TjDVc-xTItjT,99_LIXEIRA_DUPLICADOS,Cópia de SIRGAS_SHP_LOTES_75_SAO_RAFAEL.dbf,application/octet-stream,dbf,227176,2026-03-08T23:17:54.287Z,2026-03-08T22:43:53Z,GEO,GEO_SHP,OFICIAL,NAO,
1qQu_aOYi9OnKA0EsFjEGegN4U1NF990c,99_LIXEIRA_DUPLICADOS,Cópia de SIRGAS_SHP_LOTES_61_PERUS.dbf,application/octet-stream,dbf,147391,2026-03-08T23:17:53.033Z,2026-03-08T22:43:53Z,GEO,GEO_SHP,OFICIAL,NAO,
1pukeQqLgIltdFWKk-B5GoKPY1aPu32Zq,99_LIXEIRA_DUPLICADOS,Cópia de VETOS_TODOS.shx,application/octet-stream,shx,268,2026-03-08T23:17:52.710Z,2026-03-08T22:43:53Z,GEO,GEO_SHP,DESCONHECIDO,NAO,
1r5XXtjga_7ZcwwlZ8aqfrCSS--SkmbTR,99_LIXEIRA_DUPLICADOS,Cópia de SIRGAS_SHP_LOTES_78_SE.dbf,application/octet-stream,dbf,40876,2026-03-08T23:17:51.538Z,2026-03-08T22:43:53Z,GEO,GEO_SHP,OFICIAL,NAO,
16yWW-e_fCYg4MoOZbITwbHdS65EeQNZ8,99_LIXEIRA_DUPLICADOS,Cópia de SIRGAS_SHP_LOTES_96_LAJEADO.shx,application/octet-stream,shx,160964,2026-03-08T23:17:49.506Z,2026-03-08T22:43:53Z,GEO,GEO_SHP,OFICIAL,NAO,
1BmZTh289rfEgP5FV2p4NT9QB9CBbMXiu,99_LIXEIRA_DUPLICADOS,Cópia de ZC_a.shx,application/octet-stream,shx,4172,2026-03-08T23:17:46.150Z,2026-03-08T22:43:53Z,GEO,GEO_SHP,DESCONHECIDO,NAO,
1FRUWzhciArGS_tw7AF8ER8Atx2Xva644,99_LIXEIRA_DUPLICADOS,Cópia de SIRGAS_SHP_LOTES_95_SAO_DOMINGOS.shx,application/octet-stream,shx,136020,2026-03-08T23:17:45.901Z,2026-03-08T22:43:53Z,GEO,GEO_SHP,OFICIAL,NAO,
1X4Qiz2p8ROrUwUffYK-Lqku4yDztoaev,99_LIXEIRA_DUPLICADOS,Cópia de SIRGAS_SHP_LOTES_36_ITAIM_PAULISTA.shx,application/octet-stream,shx,248452,2026-03-08T23:17:45.578Z,2026-03-08T22:43:53Z,GEO,GEO_SHP,OFICIAL,NAO,
1T3ibKt5VDaDKTL8GQesIVaK3hjnmubbK,99_LIXEIRA_DUPLICADOS,Cópia de ZOE.shx,application/octet-stream,shx,1748,2026-03-08T23:17:44.197Z,2026-03-08T22:43:48Z,GEO,GEO_SHP,DESCONHECIDO,NAO,
17Mt7UQ7_evFV5D6PcrBW0bmWong3K2Pm,99_LIXEIRA_DUPLICADOS,Cópia de ZEUP_a.shp,application/octet-stream,shp,304440,2026-03-08T23:17:42.393Z,2026-03-08T22:43:52Z,GEO,GEO_SHP,DESCONHECIDO,NAO,
14BL7Kq2PsPTt27u5_SpuYysniV2A1Agn,99_LIXEIRA_DUPLICADOS,Cópia de ZEIS_4.shx,application/octet-stream,shx,668,2026-03-08T23:17:41.150Z,2026-03-08T22:43:53Z,GEO,GEO_SHP,DESCONHECIDO,NAO,
1KZcSWH7JZLSR74PMZ_QFJVMJfXfBTvtT,99_LIXEIRA_DUPLICADOS,Cópia de ZCOR_2.dbf,application/octet-stream,dbf,13852,2026-03-08T23:17:40.079Z,2026-03-08T22:43:53Z,GEO,GEO_SHP,DESCONHECIDO,NAO,
1volZXOBPRp8BWodJw3NSE0hC-tPNbHMy,99_LIXEIRA_DUPLICADOS,Cópia de ZEPEC_AUE.shx,application/octet-stream,shx,6028,2026-03-08T23:17:39.972Z,2026-03-08T22:43:53Z,GEO,GEO_SHP,DESCONHECIDO,NAO,
1s-DkixKQl2kHV0NBFmnbN7DvBdAeWdOv,99_LIXEIRA_DUPLICADOS,Cópia de SIRGAS_SHP_LOTES_46_JARDIM_SAO_LUIS.shx,application/octet-stream,shx,242564,2026-03-08T23:17:39.950Z,2026-03-08T22:43:53Z,GEO,GEO_SHP,OFICIAL,NAO,
1V0o0wNdpB3AyDgFTbeN_0RHS5w0IeE6G,99_LIXEIRA_DUPLICADOS,Cópia de SIRGAS_SHP_LOTES_95_SAO_DOMINGOS.dbf,application/octet-stream,dbf,255076,2026-03-08T23:17:39.846Z,2026-03-08T22:43:53Z,GEO,GEO_SHP,OFICIAL,NAO,
1m27PYPGh_VaxrnEVZIS8yq9Akg_rQzIl,99_LIXEIRA_DUPLICADOS,Cópia de ZER_2.dbf,application/octet-stream,dbf,1987,2026-03-08T23:17:38.913Z,2026-03-08T22:43:53Z,GEO,GEO_SHP,DESCONHECIDO,NAO,
1GGl6nzgvMDCcMlAK-6rEWPDUE8fyJ9yR,99_LIXEIRA_DUPLICADOS,Cópia de ZEPEC_BIR_INDIC.shp,application/octet-stream,shp,358660,2026-03-08T23:17:38.231Z,2026-03-08T22:43:53Z,GEO,GEO_SHP,DESCONHECIDO,NAO,
1Y5faZpvjXdNDDjaspmrnJq73q2hwCrK3,99_LIXEIRA_DUPLICADOS,Cópia de SIRGAS_SHP_LOTES_66_REPUBLICA.shx,application/octet-stream,shx,23956,2026-03-08T23:17:37.454Z,2026-03-08T22:43:53Z,GEO,GEO_SHP,OFICIAL,NAO,
1hGGXdvLifDwCadIW7PM64WRp10hU5RzC,99_LIXEIRA_DUPLICADOS,Cópia de ZCOR_a.shx,application/octet-stream,shx,612,2026-03-08T23:17:37.437Z,2026-03-08T22:43:53Z,GEO,GEO_SHP,DESCONHECIDO,NAO,
1oCNtSzePBlDCOPdIYdlCMAuaWaQYZ6nN,99_LIXEIRA_DUPLICADOS,Cópia de SIRGAS_SHP_LOTES_76_SAPOPEMBA.dbf,application/octet-stream,dbf,622426,2026-03-08T23:17:37.397Z,2026-03-08T22:43:53Z,GEO,GEO_SHP,OFICIAL,NAO,
1I3wbF12ZbBJbSDyNtXbPm89A4EStneP6,99_LIXEIRA_DUPLICADOS,Cópia de ZER_a.dbf,application/octet-stream,dbf,8056,2026-03-08T23:17:37.185Z,2026-03-08T22:43:53Z,GEO,GEO_SHP,DESCONHECIDO,NAO,
1bORMDqHeGET5IZRg19Y3y-2eOtlCqd2Z,99_LIXEIRA_DUPLICADOS,Cópia de ZEU_a.shp,application/octet-stream,shp,635276,2026-03-08T23:17:35.881Z,2026-03-08T22:43:52Z,GEO,GEO_SHP,DESCONHECIDO,NAO,
1eRWJHR6bBAFgNfjUJTYaTocasS1MRR7p,99_LIXEIRA_DUPLICADOS,Cópia de ZEPEC_AUE_INDIC.shx,application/octet-stream,shx,164,2026-03-08T23:17:33.761Z,2026-03-08T22:43:53Z,GEO,GEO_SHP,DESCONHECIDO,NAO,
14-73Jrf8MRZiSIZgOyKZyEXJ_gYYrcBC,99_LIXEIRA_DUPLICADOS,Cópia de ZEPEC_BIR.shp,application/octet-stream,shp,855548,2026-03-08T23:17:33.269Z,2026-03-08T22:43:53Z,GEO,GEO_SHP,DESCONHECIDO,NAO,
1mKU_7T4gpuPW-TlwU3DPcjAaleTPWcQM,99_LIXEIRA_DUPLICADOS,Cópia de SIRGAS_SHP_LOTES_56_PARI.dbf,application/octet-stream,dbf,76081,2026-03-08T23:17:33.249Z,2026-03-08T22:43:53Z,GEO,GEO_SHP,OFICIAL,NAO,
1MpZmjVXYpnI1YJ8UGjNUXTnGVRIt2Oug,99_LIXEIRA_DUPLICADOS,Cópia de SIRGAS_SHP_LOTES_71_SANTO_AMARO.shx,application/octet-stream,shx,160516,2026-03-08T23:17:32.968Z,2026-03-08T22:43:53Z,GEO,GEO_SHP,OFICIAL,NAO,
1MXB3PDc-ghJr_a9l1blH_uQ6vqKm4SuV,99_LIXEIRA_DUPLICADOS,Cópia de SIRGAS_SHP_subvencao_economica.dbf,application/octet-stream,dbf,90195,2026-03-08T23:17:32.951Z,2026-03-08T22:43:53Z,GEO,GEO_SHP,OFICIAL,NAO,
1pg6v-UevW7l8i_X8Zo6zvrklbGs-nrt6,99_LIXEIRA_DUPLICADOS,Cópia de ZEPAM.shx,application/octet-stream,shx,5596,2026-03-08T23:17:32.805Z,2026-03-08T22:43:53Z,GEO,GEO_SHP,DESCONHECIDO,NAO,
1Xqiein_zhp-RjOl-wxbSQ9W6t4qzeb30,99_LIXEIRA_DUPLICADOS,Cópia de ZPI_1.shx,application/octet-stream,shx,3828,2026-03-08T23:17:33.001Z,2026-03-08T22:43:48Z,GEO,GEO_SHP,DESCONHECIDO,NAO,
1BXFWjrsW9cf5kSL88cKZBOB8vOyKN_5y,99_LIXEIRA_DUPLICADOS,Cópia de SIRGAS_SHP_LOTES_59_PENHA.dbf,application/octet-stream,dbf,439411,2026-03-08T23:17:29.796Z,2026-03-08T22:43:53Z,GEO,GEO_SHP,OFICIAL,NAO,
13XOX0x2eBeJwRa0xlExh_VAg8r56-5dH,99_LIXEIRA_DUPLICADOS,Cópia de SIRGAS_SHP_LOTES_70_SANTANA.shx,application/octet-stream,shx,178116,2026-03-08T23:17:29.254Z,2026-03-08T22:43:53Z,GEO,GEO_SHP,OFICIAL,NAO,
1Y_yF7eKnQnMhba91rZDoQ278Uw-zGgqW,99_LIXEIRA_DUPLICADOS,Cópia de SIRGAS_SHP_requalifica_centro.shp,application/octet-stream,shp,8028,2026-03-08T23:17:29.224Z,2026-03-08T22:43:53Z,GEO,GEO_SHP,OFICIAL,NAO,
1qenPa2YDhWQUhIFrzgit2vVyY63XEcRJ,99_LIXEIRA_DUPLICADOS,Cópia de SIRGAS_SHP_LOTES_50_LIMAO.dbf,application/octet-stream,dbf,221176,2026-03-08T23:17:26.030Z,2026-03-08T22:43:53Z,GEO,GEO_SHP,OFICIAL,NAO,
1h0coEAvuEzWWMfGN_1B9aO2gvBCAON9R,99_LIXEIRA_DUPLICADOS,Cópia de SIRGAS_SHP_LOTES_76_SAPOPEMBA.shx,application/octet-stream,shx,331940,2026-03-08T23:17:25.988Z,2026-03-08T22:43:53Z,GEO,GEO_SHP,OFICIAL,NAO,
1pS73PvHwxp56ux3AIe6aXLwbebxNtmY6,99_LIXEIRA_DUPLICADOS,Cópia de SIRGAS_SHP_LOTES_43_JARDIM_ANGELA.shx,application/octet-stream,shx,222292,2026-03-08T23:17:25.373Z,2026-03-08T22:43:53Z,GEO,GEO_SHP,OFICIAL,NAO,
1jpMt_hUnKDoSNnpwwwPOJaUrNDYw0JCi,99_LIXEIRA_DUPLICADOS,Cópia de SIRGAS_SHP_LOTES_80_TATUAPE.shx,application/octet-stream,shx,146012,2026-03-08T23:17:24.806Z,2026-03-08T22:43:53Z,GEO,GEO_SHP,OFICIAL,NAO,
1PVW3q9kIkFQJA_Y4PJsYScYTQLsEYD3u,99_LIXEIRA_DUPLICADOS,Cópia de SIRGAS_SHP_LOTES_66_REPUBLICA.dbf,application/octet-stream,dbf,44956,2026-03-08T23:17:24.411Z,2026-03-08T22:43:53Z,GEO,GEO_SHP,OFICIAL,NAO,
1KozxqJHALg797IY4w0YfgcuK9rh-3VLf,99_LIXEIRA_DUPLICADOS,Cópia de ZEPEC_APP-BIR.shp,application/octet-stream,shp,74568,2026-03-08T23:17:24.375Z,2026-03-08T22:43:53Z,GEO,GEO_SHP,DESCONHECIDO,NAO,
1MjBcxEgA2oQa02H60d7ojbv0_NquXSyC,99_LIXEIRA_DUPLICADOS,Cópia de ZEUP_a.dbf,application/octet-stream,dbf,5179,2026-03-08T23:17:22.643Z,2026-03-08T22:43:52Z,GEO,GEO_SHP,DESCONHECIDO,NAO,
1cmV1StaVRCp4myfrpBzP97K60FQ7ap9t,99_LIXEIRA_DUPLICADOS,Cópia de ZEU_u.shx,application/octet-stream,shx,34572,2026-03-08T23:17:22.468Z,2026-03-08T22:43:52Z,GEO,GEO_SHP,DESCONHECIDO,NAO,
1Ox8Qy8bL1eRh6ltzR2xuXtZQpxFYfRm1,99_LIXEIRA_DUPLICADOS,Cópia de SIRGAS_SHP_LOTES_60_PERDIZES.dbf,application/octet-stream,dbf,212101,2026-03-08T23:17:22.383Z,2026-03-08T22:43:53Z,GEO,GEO_SHP,OFICIAL,NAO,
1qisbJ-lX9wb6Q0wKr_ep9evz1iCuLWkM,99_LIXEIRA_DUPLICADOS,Cópia de SIRGAS_SHP_LOTES_87_VILA_JACUI.dbf,application/octet-stream,dbf,254866,2026-03-08T23:17:22.323Z,2026-03-08T22:43:53Z,GEO,GEO_SHP,OFICIAL,NAO,
13Z9id9fe9suAJ2S4VKQK4B0plyMZ8vpD,99_LIXEIRA_DUPLICADOS,Cópia de sissel_ANO_2024.xlsx,application/vnd.openxmlformats-officedocument.spreadsheetml.sheet,xlsx,553309,2026-03-08T23:17:21.839Z,2026-03-08T22:43:53Z,OUTRO,PLANILHA,DESCONHECIDO,NAO,
1Ico5rXKr9Bc7VLEgYD6vZeeRsM7oJodo,99_LIXEIRA_DUPLICADOS,Cópia de SIRGAS_SHP_LOTES_75_SAO_RAFAEL.shx,application/octet-stream,shx,121140,2026-03-08T23:17:21.079Z,2026-03-08T22:43:53Z,GEO,GEO_SHP,OFICIAL,NAO,
1pgJ94e2-mEkzRCtynw-vw12vQPGIjHxH,99_LIXEIRA_DUPLICADOS,Cópia de SIRGAS_SHP_LOTES_49_LIBERDADE.shx,application/octet-stream,shx,55356,2026-03-08T23:17:20.845Z,2026-03-08T22:43:53Z,GEO,GEO_SHP,OFICIAL,NAO,
1s2Ackx12qZT_BJAJY_Y7gQoXBiaY0hvL,99_LIXEIRA_DUPLICADOS,Cópia de ZEPEC_BIR_INDIC.shx,application/octet-stream,shx,5708,2026-03-08T23:17:20.353Z,2026-03-08T22:43:53Z,GEO,GEO_SHP,DESCONHECIDO,NAO,
1ELKF-voQTDdkpIGutMRuu37nnWTjeFi5,99_LIXEIRA_DUPLICADOS,Cópia de SIRGAS_SHP_LOTES_52_MARSILAC.shx,application/octet-stream,shx,9644,2026-03-08T23:17:20.330Z,2026-03-08T22:43:53Z,GEO,GEO_SHP,OFICIAL,NAO,
1elkyjnwsjuDTrXQ7JILb_pnjg7cW4RSt,99_LIXEIRA_DUPLICADOS,Cópia de SIRGAS_SHP_LOTES_83_VILA_ANDRADE.dbf,application/octet-stream,dbf,107461,2026-03-08T23:17:20.020Z,2026-03-08T22:43:53Z,GEO,GEO_SHP,OFICIAL,NAO,
1z5JCaC6ADrlySmGTHUzVM2R_gTTt01PH,99_LIXEIRA_DUPLICADOS,Cópia de ZER_1.shx,application/octet-stream,shx,20404,2026-03-08T23:17:19.987Z,2026-03-08T22:43:53Z,GEO,GEO_SHP,DESCONHECIDO,NAO,
1clEoFfyrGWcK7rRENLqIiAiJ5ZJOmniX,99_LIXEIRA_DUPLICADOS,Cópia de ZEM.shp,application/octet-stream,shp,363276,2026-03-08T23:17:19.902Z,2026-03-08T22:43:53Z,GEO,GEO_SHP,DESCONHECIDO,NAO,
1EIb86AvkqrXLsDortFkt_m141a-02tFV,99_LIXEIRA_DUPLICADOS,Cópia de ZCOR_2.shx,application/octet-stream,shx,5340,2026-03-08T23:17:19.265Z,2026-03-08T22:43:53Z,GEO,GEO_SHP,DESCONHECIDO,NAO,
1iNHyNUkfBKHYFwNa_CuxlMKuvIPhXoeP,99_LIXEIRA_DUPLICADOS,Cópia de SIRGAS_SHP_setorfiscal.dbf,application/octet-stream,dbf,14482,2026-03-08T23:17:17.798Z,2026-03-08T22:43:53Z,GEO,GEO_SHP,OFICIAL,NAO,
1-5bLtbZNtwVRkGI2K_UDC-s3dfsEpAct,99_LIXEIRA_DUPLICADOS,Cópia de SIRGAS_SHP_LOTES_89_VILA_MARIA.dbf,application/octet-stream,dbf,297961,2026-03-08T23:17:17.763Z,2026-03-08T22:43:53Z,GEO,GEO_SHP,OFICIAL,NAO,
18NQZpdfPOMbRe59ipkV88obK2l-ycEtu,99_LIXEIRA_DUPLICADOS,Cópia de SIRGAS_SHP_restricaomirantesantana_polygon.dbf,application/octet-stream,dbf,965,2026-03-08T23:17:17.350Z,2026-03-08T22:43:53Z,GEO,GEO_SHP,OFICIAL,NAO,
1Nm7Of4V_8XIo-T1T91qtGo4ekI6Mq69F,99_LIXEIRA_DUPLICADOS,Cópia de ZPDS_u.shx,application/octet-stream,shx,2508,2026-03-08T23:17:17.600Z,2026-03-08T22:43:48Z,GEO,GEO_SHP,DESCONHECIDO,NAO,
1u3LH_ndCgD_NREl8B8gWs9Cn2VuD0SJV,99_LIXEIRA_DUPLICADOS,Cópia de SIRGAS_SHP_LOTES_94_VILA_SONIA.dbf,application/octet-stream,dbf,266866,2026-03-08T23:17:16.072Z,2026-03-08T22:43:53Z,GEO,GEO_SHP,OFICIAL,NAO,
18ZsvFnA_-bYPmHqwvWZC7316DqGF-REp,99_LIXEIRA_DUPLICADOS,Cópia de MANUAL DE PADRONIZAÇÃO TÉCNICA - RAG PIPELINE (1).pdf,application/pdf,pdf,39538,2026-03-08T23:17:51.476Z,2026-03-08T22:33:53Z,OUTRO,CODEX_DOC,DESCONHECIDO,NAO,
17HrpcZUDVUSp27Mh3HzmDqjTOPj5D4di,99_LIXEIRA_DUPLICADOS,Cópia de CONHECIMENTO_MESTRE_IA_V3.1_INABALAVEL.md,text/markdown,md,1864,2026-03-08T23:17:46.055Z,2026-03-08T22:33:49Z,OUTRO,CODEX_DOC,DESCONHECIDO,NAO,
1uufxQf50M43CsdX9BKT-Wto9g3vrzIXr,99_LIXEIRA_DUPLICADOS,Cópia de 010 - QUADRO_4A_FINAL.csv,text/csv,csv,5355,2026-03-08T23:17:45.627Z,2026-03-08T22:33:49Z,OUTRO,TABELA_DADO,DESCONHECIDO,NAO,
1NX0PBknuwcYjyWYHHjg-iCbdbYRN4yZp,99_LIXEIRA_DUPLICADOS,Cópia de Projeto de Intervenção Urbana apresentado por particular - Secretaria Municipal de Urbanismo e Licenciamento - Prefeitura.csv,text/csv,csv,2664,2026-03-08T23:17:53.272Z,2026-03-08T22:31:34Z,OUTRO,TABELA_DADO,OFICIAL,NAO,
1QdJXT6Qo_PK7UFbfNKRQDjMHE5U21wbp,99_LIXEIRA_DUPLICADOS,Cópia de Pedido de Reconhecimento de Complexo de Saúde por Particular - Secretaria Municipal de Urbanismo e Licenciamento - Prefeitura.csv,text/csv,csv,2567,2026-03-08T23:17:52.797Z,2026-03-08T22:31:34Z,OUTRO,CODEX_DOC,OFICIAL,NAO,
1fOfjdxVeUXgiDbUjV1tQ4F7BBryQZ0mh,99_LIXEIRA_DUPLICADOS,Cópia de Ativação de Zonas de Estruturação (ZEUP e ZEMP) por Particular - Secretaria Municipal de Urbanismo e Licenciamento - Prefeitura.csv,text/csv,csv,1542,2026-03-08T23:17:50.654Z,2026-03-08T22:31:29Z,GEO,TABELA_DADO,OFICIAL,NAO,
1YqaeEtwv1_umkmbgxTX7xtnvXM56IrCt,99_LIXEIRA_DUPLICADOS,Cópia de MANUAL DE PADRONIZAÇÃO TÉCNICA - RAG PIPELINE.pdf,application/pdf,pdf,39538,2026-03-08T23:17:42.283Z,2026-03-08T22:32:55Z,OUTRO,CODEX_DOC,DESCONHECIDO,NAO,
11s0muoO0ppwJQhbKJ8jTxt8fTCAxujuH,99_LIXEIRA_DUPLICADOS,Cópia de SIRGAS_SHP_LOTES_78_SE.shp,application/octet-stream,shp,646580,2026-03-08T23:16:57.788Z,2026-03-08T22:43:53Z,GEO,GEO_SHP,OFICIAL,NAO,
1PLPeZJvjrJjqdYcXZEgiqLA40MxwSCGe,99_LIXEIRA_DUPLICADOS,Cópia de RELATORIO_INTEGRIDADE_MAPAS_FINAL.md,text/markdown,md,52983,2026-03-08T23:17:37.383Z,2026-03-08T22:33:53Z,GEO,OUTRO,DESCONHECIDO,NAO,
1oIvHM5o-dtJwX0kQVCpmEIDP0ERKwhtr,99_LIXEIRA_DUPLICADOS,Cópia de ZEMP.shp,application/octet-stream,shp,372248,2026-03-08T23:16:56.951Z,2026-03-08T22:43:53Z,GEO,GEO_SHP,DESCONHECIDO,NAO,
1kj5OQiJ0P5Yue5p4RKWn56wd86DYEbrs,99_LIXEIRA_DUPLICADOS,Cópia de ZC_ZEIS.dbf,application/octet-stream,dbf,13642,2026-03-08T23:16:56.365Z,2026-03-08T22:43:53Z,GEO,GEO_SHP,DESCONHECIDO,NAO,
1j6KKuxfisk0X5nHYXoe2cLvlwtwaGBA0,99_LIXEIRA_DUPLICADOS,Cópia de ORACULO_GEOGRAFICO_DEFINITIVO_V3.md,text/markdown,md,27249,2026-03-08T23:17:32.787Z,2026-03-08T22:33:53Z,OUTRO,CODEX_DOC,NOSSO,NAO,
1MhnY2T4ytlOhWT9NVzJ9WK4WS38BXnkU,99_LIXEIRA_DUPLICADOS,Cópia de DEEP_SCAN_SILVER_MOTOR1.csv,text/csv,csv,33478,2026-03-08T23:17:33.017Z,2026-03-08T22:33:49Z,OUTRO,TABELA_DADO,DESCONHECIDO,NAO,
1e3WzT7sGsZufXEHCNQziRMqoglBqw66n,99_LIXEIRA_DUPLICADOS,Cópia de Certidão de Uso e Ocupação do Solo - Secretaria Municipal de Urbanismo e Licenciamento - Prefeitura.csv,text/csv,csv,3070,2026-03-08T23:17:38.040Z,2026-03-08T22:31:29Z,OUTRO,TABELA_DADO,OFICIAL,NAO,
17qx1GI_aMLKJGQ1GEaKIB1m6JSZxIcwC,99_LIXEIRA_DUPLICADOS,Cópia de PDE2013_SUBST2_Quadro_8_Residuos_solidos.csv,text/csv,csv,1934,2026-03-08T23:17:37.133Z,2026-03-08T22:31:34Z,OUTRO,TABELA_DADO,DESCONHECIDO,NAO,
1CqtmuIGRJDV6Us49W4Ztj9YmDPgSm0Mp,99_LIXEIRA_DUPLICADOS,Cópia de PDE2013_SUBST2_Quadro_10_Equipamentos.csv,text/csv,csv,40321,2026-03-08T23:17:37.116Z,2026-03-08T22:31:34Z,OUTRO,TABELA_DADO,DESCONHECIDO,NAO,
1hkDVSYvCHT-MRdhUYZAMElP9V08cPIx6,99_LIXEIRA_DUPLICADOS,Cópia de manifesto_datalake_20260307_221836 (1).json,application/json,json,476247,2026-03-08T23:17:27.035Z,2026-03-08T22:33:49Z,GOVERNANCA,OUTRO,NOSSO,NAO,
1T5RcSIM_-S98TmCgVhc0F3w5gqDI263p,99_LIXEIRA_DUPLICADOS,Cópia de Enquadramento de Atividade CNAE - Secretaria Municipal de Urbanismo e Licenciamento - Prefeitura.csv,text/csv,csv,2450,2026-03-08T23:17:33.235Z,2026-03-08T22:31:29Z,OUTRO,TABELA_DADO,OFICIAL,NAO,
14JhS1cz9JonrOK2JbxdfbiD-XMgxihv1,99_LIXEIRA_DUPLICADOS,Cópia de 008 - QUADRO_3C_FINAL.csv,text/csv,csv,1599,2026-03-08T23:17:23.460Z,2026-03-08T22:33:49Z,OUTRO,TABELA_DADO,DESCONHECIDO,NAO,
1au9weFDi_axf_VahYW6kTSBorELaeez0,99_LIXEIRA_DUPLICADOS,Cópia de PRONUNCIAMENTO SMUL.ATECC.CTLU_001_2024 - Secretaria Municipal de Urbanismo e Licenciamento - Prefeitura.csv,text/csv,csv,2734,2026-03-08T23:17:29.867Z,2026-03-08T22:31:34Z,OUTRO,TABELA_DADO,OFICIAL,NAO,
1VCVDRKlRY3W0CJXKpn9_gfEj63FIC1SN,99_LIXEIRA_DUPLICADOS,Cópia de SIRGAS_SHP_areaenvoltoriacondephaat2.csv,text/csv,csv,26612,2026-03-08T23:17:29.844Z,2026-03-08T22:31:34Z,GEO,TABELA_DADO,OFICIAL,NAO,
10xHUHHqScXWyMhHlHnxpcukXHHmZtevf,99_LIXEIRA_DUPLICADOS,Cópia de Outorga Onerosa do Direito de Construir - Secretaria Municipal de Urbanismo e Licenciamento - Prefeitura.csv,text/csv,csv,3709,2026-03-08T23:17:26.066Z,2026-03-08T22:31:29Z,TDC,TABELA_DADO,OFICIAL,NAO,
1x7OS19NXR_BGCOMsEbE8Db_Q8UaJuDXY,99_LIXEIRA_DUPLICADOS,Cópia de Transferência do Direito de Construir - Secretaria Municipal de Urbanismo e Licenciamento - Prefeitura.csv,text/csv,csv,3844,2026-03-08T23:17:25.392Z,2026-03-08T22:31:35Z,OUTRO,TABELA_DADO,OFICIAL,NAO,
1ZYgP5z44I4Br9vVkx6QnT6Wr3vHfxcL6,99_LIXEIRA_DUPLICADOS,Cópia de Declaração de Potencial Construtivo Passível de Transferência - Secretaria Municipal de Urbanismo e Licenciamento - Prefeitura.csv,text/csv,csv,2439,2026-03-08T23:17:24.880Z,2026-03-08T22:31:29Z,TDC,TABELA_DADO,OFICIAL,NAO,
1R_fiwAvHOcewQE2k8S_FHjNYuRFHlGQl,99_LIXEIRA_DUPLICADOS,Portal de Serviços e-SAJ3 (1).pdf,application/pdf,pdf,102035,2026-03-08T23:38:14.739Z,2026-03-08T07:18:54Z,OUTRO,PDF,DESCONHECIDO,NAO,
1LTDa3TjkYT3WjA3vDlEZtbS31LiEHgV7,99_LIXEIRA_DUPLICADOS,06-25 - Arquivamento dos IDs 42 a 48 da Res. 11-23 - Página (1) (1).pdf,application/pdf,pdf,105352,2026-03-08T23:36:35.395Z,2026-03-08T07:18:53Z,OUTRO,PDF,DESCONHECIDO,NAO,
1CyRDAZXAS55ZPE90npXEyJopS_9mbEGU,99_LIXEIRA_DUPLICADOS,PORTARIA SECRETARIA MUNICIPAL DE URBANISMO E LICENCIAMENTO - SMUL Nº 8 DE 30 DE JANEIRO DE 2025 « Catálogo de Legislação Municipal.pdf,application/pdf,pdf,103551,2026-03-08T23:36:22.518Z,2026-03-08T07:18:54Z,JURIDICO,PORTARIA,OFICIAL,NAO,
1pgCXmm18yPzKqz9WfLyA8ZogCN9q5Z_T,99_LIXEIRA_DUPLICADOS,DECRETO Nº 57.443 DE 10 DE NOVEMBRO DE 2016 « Catálogo de Legislação Municipal.pdf,application/pdf,pdf,205469,2026-03-08T23:32:01.517Z,2026-03-08T07:18:54Z,JURIDICO,DECRETO,OFICIAL,NAO,
1WbIC6L3v21CL4T6xfAwivXgFEUsJIGQb,99_LIXEIRA_DUPLICADOS,10-25 - APT do Mobiliário Bar Balcão - Página.pdf,application/pdf,pdf,70668,2026-03-08T23:31:38.715Z,2026-03-08T07:18:53Z,OUTRO,PDF,DESCONHECIDO,NAO,
1QkK2B6f8mUrnGVN1qT54jFfmkAak3Fdl,99_LIXEIRA_DUPLICADOS,LEI Nº 17.844 DE 14 DE SETEMBRO DE 2022 « Catálogo de Legislação Municipal.pdf,application/pdf,pdf,632288,2026-03-08T23:31:16.926Z,2026-03-08T07:18:54Z,JURIDICO,LEI,OFICIAL,NAO,
1s62qEP5v5y0S4iKCDU_xyWgSTXUb48j-,99_LIXEIRA_DUPLICADOS,02-21 - APT  Avenida Angélica 1900.pdf,application/pdf,pdf,251659,2026-03-08T23:31:14.964Z,2026-03-08T07:18:53Z,OUTRO,PDF,DESCONHECIDO,NAO,
159qrW3wV6wLzRA8zQfo5SjNLeonQt4hR,99_LIXEIRA_DUPLICADOS,Certidão de Uso e Ocupação do Solo - Secretaria Municipal de Urbanismo e Licenciamento - Prefeitura.pdf,application/pdf,pdf,478601,2026-03-08T23:30:26.260Z,2026-03-08T07:18:54Z,OUTRO,PDF,OFICIAL,NAO,
1RP7E2bIfMg_nviY2GMloo5ScAyy-3Xtb,99_LIXEIRA_DUPLICADOS,06-22 - Patrimônio Cultural Imaterial - Novena solene em honra a Nossa Senhora do Carmo (1).pdf,application/pdf,pdf,104677,2026-03-08T23:28:41.278Z,2026-03-08T07:18:53Z,OUTRO,PDF,DESCONHECIDO,NAO,
19RxtT7maE5nYivgGA8wb2LUoRQBip79q,99_LIXEIRA_DUPLICADOS,LEI Nº 18.177 DE 25 DE JULHO DE 2024 « Catálogo de Legislação Municipal.pdf,application/pdf,pdf,189974,2026-03-08T23:27:57.256Z,2026-03-08T07:18:54Z,JURIDICO,LEI,OFICIAL,NAO,
1jiCV_7fpfFaBi38ROptvtqKwrawu0DL7,99_LIXEIRA_DUPLICADOS,RESOLUÇÃO SECRETARIA MUNICIPAL DE LICENCIAMENTO - SEL_CEUSO Nº 139 DE 27 DE ABRIL DE 2020 « Catálogo de Legislação Municipal (1).pdf,application/pdf,pdf,86235,2026-03-08T23:27:34.949Z,2026-03-08T07:18:54Z,GOVERNANCA,PDF,DESCONHECIDO,NAO,
1NPgA_Wa8aeJoj_ZevB26NlU29I3v1Y3x,99_LIXEIRA_DUPLICADOS,DECRETO Nº 59.164 DE 27 DE DEZEMBRO DE 2019 « Catálogo de Legislação Municipal.pdf,application/pdf,pdf,330468,2026-03-08T23:27:16.921Z,2026-03-08T07:18:54Z,JURIDICO,DECRETO,OFICIAL,NAO,
1T3kst3I99lAZcBC0tVVL-6rfC7GfoHEW,99_LIXEIRA_DUPLICADOS,LEI Nº 18.222 DE 27 DE DEZEMBRO DE 2024 « Catálogo de Legislação Municipal.pdf,application/pdf,pdf,448283,2026-03-08T23:25:46.639Z,2026-03-08T07:18:54Z,JURIDICO,LEI,OFICIAL,NAO,
1VB6Mknlw6eA4jTDfTjDrJs3n6EFymxpZ,99_LIXEIRA_DUPLICADOS,RESOLUÇÃO SECRETARIA MUNICIPAL DE URBANISMO E LICENCIAMENTO - SMUL_CEUSO Nº 138 DE 14 DE JUNHO DE 2021 « Catálogo de Legislação Municipal (1).pdf,application/pdf,pdf,97421,2026-03-08T23:25:35.723Z,2026-03-08T07:18:55Z,GOVERNANCA,PDF,DESCONHECIDO,NAO,
1xVd7FhBPGbakTpfXMRrw4Cwn_9Mz4Fr-,99_LIXEIRA_DUPLICADOS,01-25 - Arquivamento Parcial das Manchas I e J e ID 50 a 52 da Res.11-23 - Página.pdf,application/pdf,pdf,135992,2026-03-08T23:25:34.902Z,2026-03-08T07:18:53Z,OUTRO,PDF,DESCONHECIDO,NAO,
17PyZMYcmD5ZDAf_4_mwzZfzMktAoLgMI,99_LIXEIRA_DUPLICADOS,aceleracoes_proponentes.xlsx,application/vnd.openxmlformats-officedocument.spreadsheetml.sheet,xlsx,14036,2026-03-08T23:36:58.530Z,2026-03-08T04:23:00Z,OUTRO,PLANILHA,DESCONHECIDO,NAO,
1v16q6v68t3P7CLyTA-eKlt0CjnHV6vld,99_LIXEIRA_DUPLICADOS,01-23 - APT - Associação Feminina Beneficente e Instrutiva Analia Franco - Página (1).pdf,application/pdf,pdf,74813,2026-03-08T23:25:08.439Z,2026-03-08T07:18:52Z,OUTRO,PDF,DESCONHECIDO,NAO,
17PyZMYcmD5ZDAf_4_mwzZfzMktAoLgMI,99_LIXEIRA_DUPLICADOS,aceleracoes_proponentes.xlsx,application/vnd.openxmlformats-officedocument.spreadsheetml.sheet,xlsx,14036,2026-03-08T23:36:58.530Z,2026-03-08T04:23:00Z,OUTRO,PLANILHA,DESCONHECIDO,NAO,
1v16q6v68t3P7CLyTA-eKlt0CjnHV6vld,99_LIXEIRA_DUPLICADOS,01-23 - APT - Associação Feminina Beneficente e Instrutiva Analia Franco - Página (1).pdf,application/pdf,pdf,74813,2026-03-08T23:25:08.439Z,2026-03-08T07:18:52Z,OUTRO,PDF,DESCONHECIDO,NAO,
1xXeCr5t8vWQloudW1dYu17f_LOkdhqcI,99_LIXEIRA_DUPLICADOS,metadados_geosampa_apas.ods,application/vnd.oasis.opendocument.spreadsheet,ods,6573,2026-03-08T23:36:15.830Z,2026-03-08T04:30:11Z,GEO,PLANILHA,OFICIAL,NAO,
1vASLvzbXztmTwbiEavAzsowNL_yyIg2J,99_LIXEIRA_DUPLICADOS,09-24 - Revalidação de Registro do Teatro de Grupo da Cidade - Página.pdf,application/pdf,pdf,75598,2026-03-08T23:24:49.525Z,2026-03-08T07:18:53Z,OUTRO,AUDITORIA,DESCONHECIDO,NAO,
1Bco6IGya3xLlchgk-d8rumlQAS7Kr8ru,99_LIXEIRA_DUPLICADOS,dic_area_potencial_e_suspeita_de_contaminacao.ods,application/vnd.oasis.opendocument.spreadsheet,ods,5243,2026-03-08T23:36:09.083Z,2026-03-08T04:16:47Z,TDC,PLANILHA,DESCONHECIDO,NAO,
1N84TrDwq1eKNfqBY7x-_xBrEOXovPrzh,99_LIXEIRA_DUPLICADOS,dicionario_geosampa_apas_arquivo (1).csv,text/csv,csv,310,2026-03-08T23:34:05.351Z,2026-03-08T04:29:53Z,GEO,TABELA_DADO,OFICIAL,NAO,
1cLiBDckfSmZE_GGW3ynDnwBw5elihKoy,99_LIXEIRA_DUPLICADOS,PORTARIA SECRETARIA MUNICIPAL DE LICENCIAMENTO - SEL Nº 1 DE 8 DE JANEIRO DE 2020 « Catálogo de Legislação Municipal (1).pdf,application/pdf,pdf,628934,2026-03-08T23:22:20.979Z,2026-03-08T07:18:54Z,JURIDICO,PORTARIA,OFICIAL,NAO,
1W7VrOLFOLCv2FL4s9f3tutCrxjKZ8xRr,99_LIXEIRA_DUPLICADOS,DECRETO Nº 58.176 DE 3 DE ABRIL DE 2018 « Catálogo de Legislação Municipal.pdf,application/pdf,pdf,85751,2026-03-08T23:22:13.623Z,2026-03-08T07:18:54Z,JURIDICO,DECRETO,OFICIAL,NAO,
1UdzGZGIDoZwlQdUidGZf7v5oM6R1rUtO,99_LIXEIRA_DUPLICADOS,04-24 -  Tombamento da Escadaria da Rua Cristiano Viana - Página.pdf,application/pdf,pdf,76019,2026-03-08T23:22:13.639Z,2026-03-08T07:18:53Z,OUTRO,PDF,DESCONHECIDO,NAO,
1f5dcd0-S-QIglsmNBA4Zhn5ozdGv0Ux_,99_LIXEIRA_DUPLICADOS,RESOLUÇÃO SECRETARIA MUNICIPAL DE URBANISMO E LICENCIAMENTO - SMUL_CEUSO Nº 150 DE 22 DE AGOSTO DE 2022 « Catálogo de Legislação Municipal (1).pdf,application/pdf,pdf,81578,2026-03-08T23:21:53.536Z,2026-03-08T07:18:55Z,GOVERNANCA,PDF,DESCONHECIDO,NAO,
1MpVpcmxP0bfT0cKqGSVPphGT_RrERiQx,99_LIXEIRA_DUPLICADOS,03-25 - Arquivamento da Mancha H da Res.11-23 - Página.pdf,application/pdf,pdf,103945,2026-03-08T23:21:44.132Z,2026-03-08T07:18:53Z,OUTRO,PDF,DESCONHECIDO,NAO,
1i6H_-2k2UeFk9yMvKCyBvkOAGblNk8Ds,99_LIXEIRA_DUPLICADOS,15-25 - APT do Campo dos Engenheiros - Página (1).pdf,application/pdf,pdf,57296,2026-03-08T23:21:20.621Z,2026-03-08T07:18:53Z,OUTRO,PDF,DESCONHECIDO,NAO,
1Q8uqvu5qwsBoYt1LuLShYojL0Rqa50-e,99_LIXEIRA_DUPLICADOS,LEI Nº 15.150 DE 6 DE MAIO DE 2010 « Catálogo de Legislação Municipal.pdf,application/pdf,pdf,174736,2026-03-08T23:21:14.932Z,2026-03-08T07:18:54Z,JURIDICO,LEI,OFICIAL,NAO,
1Ww3vLLyo2-0Sl4pqsYZzOH7TFPUZ9W8C,99_LIXEIRA_DUPLICADOS,17-25 - Tombamento do Templo Espiritualista de Umbanda São Benedito - Anexo Planta Esquemática - Página.pdf,application/pdf,pdf,305773,2026-03-08T23:21:06.858Z,2026-03-08T07:18:53Z,OUTRO,PDF,DESCONHECIDO,NAO,
1ZU98k7sU97nV1Nwbk6MWyxIVUUjEA_gG,99_LIXEIRA_DUPLICADOS,13-25 - Complemento ao Arquivamento Parcial da Mancha D da Res. 11-23 - Página (1).pdf,application/pdf,pdf,191834,2026-03-08T23:20:57.757Z,2026-03-08T07:18:53Z,OUTRO,PDF,DESCONHECIDO,NAO,
1i2S-cgFr4pZFjxGIrgmUaNJukW1O7RCw,99_LIXEIRA_DUPLICADOS,RESOLUÇÃO SECRETARIA MUNICIPAL DE URBANISMO E LICENCIAMENTO - SMUL_CTLU Nº 12 DE 10 DE DEZEMBRO DE 2018 « Catálogo de Legislação Municipal.pdf,application/pdf,pdf,81266,2026-03-08T23:20:44.250Z,2026-03-08T07:18:55Z,GOVERNANCA,PDF,DESCONHECIDO,NAO,
1FFHqiht0UzD4LJcVxX9-ftuhgigopkMm,99_LIXEIRA_DUPLICADOS,metadados_area_potencial_e_suspeita_de_contaminacao.csv,text/csv,csv,4197,2026-03-08T23:31:35.159Z,2026-03-08T04:17:31Z,TDC,TABELA_DADO,DESCONHECIDO,NAO,
1eiOaEdjgbKpZEGXRiP0mIdzkbO8zgFL5,99_LIXEIRA_DUPLICADOS,DECRETO Nº 57.565 DE 27 DE DEZEMBRO DE 2016 « Catálogo de Legislação Municipal.pdf,application/pdf,pdf,173199,2026-03-08T23:19:31.977Z,2026-03-08T07:18:54Z,JURIDICO,DECRETO,OFICIAL,NAO,
1U3xnN4SE2NtYMwQmXRcbZ_OVjciD2Jyp,99_LIXEIRA_DUPLICADOS,metadados smul.pdf,application/pdf,pdf,99117,2026-03-08T23:28:55.014Z,2026-03-08T04:40:19Z,OUTRO,PDF,DESCONHECIDO,NAO,
17r9Jq-4Nv1zSWdFPngUf8b5x6SqfXGsT,99_LIXEIRA_DUPLICADOS,RESOLUÇÃO SECRETARIA MUNICIPAL DE CULTURA - SMC_CONPRESP Nº 13 DE 13 DE NOVEMBRO DE 2023 (1).pdf,application/pdf,pdf,75890,2026-03-08T23:17:55.474Z,2026-03-08T07:18:54Z,OUTRO,JURISPRUDENCIA,OFICIAL,NAO,
1Pq8r0zHZwsGqKgFQqgonnk-7PNifoZat,99_LIXEIRA_DUPLICADOS,17-24 - Arquivamento das Manchas E e F da Res.11-23 - Página.pdf,application/pdf,pdf,105806,2026-03-08T23:17:54.763Z,2026-03-08T07:18:53Z,OUTRO,PDF,DESCONHECIDO,NAO,
16qxVKCw28ax1vOEvQ_M0dj5rzT7D_FI6,99_LIXEIRA_DUPLICADOS,RESOLUÇÃO SECRETARIA MUNICIPAL DE URBANISMO E LICENCIAMENTO - SMUL_CEUSO Nº 141 DE 8 DE FEVEREIRO DE 2021 « Catálogo de Legislação Municipal.pdf,application/pdf,pdf,110267,2026-03-08T23:17:54.627Z,2026-03-08T07:18:55Z,GOVERNANCA,PDF,DESCONHECIDO,NAO,
1xrDIY2EOudSNJJeV5b27j1HYuqkZapHL,99_LIXEIRA_DUPLICADOS,INSTRUÇÃO NORMATIVA SECRETARIA MUNICIPAL DE URBANISMO E LICENCIAMENTO - SMUL Nº 1 DE 16 DE OUTUBRO DE 2024 « Catálogo de Legislação Municipal.pdf,application/pdf,pdf,202457,2026-03-08T23:17:52.671Z,2026-03-08T07:18:54Z,GOVERNANCA,PDF,DESCONHECIDO,NAO,
1oWKkgKbOMp1fOm9G0D9gDRMOyyDTp9aa,99_LIXEIRA_DUPLICADOS,11-25 - Enquandramento como  ZEPEC-APC do Santa Marina Atlético Clube - Página.pdf,application/pdf,pdf,70367,2026-03-08T23:17:46.038Z,2026-03-08T07:18:53Z,TDC,PDF,DESCONHECIDO,NAO,
1OrsMtAoS3RXZwnlhvOtg7ZCJ4yrgM2Zp,99_LIXEIRA_DUPLICADOS,19-25 - Revisão da Resolução 05-2020 - Página (1).pdf,application/pdf,pdf,179372,2026-03-08T23:17:27.085Z,2026-03-08T07:18:54Z,OUTRO,PDF,DESCONHECIDO,NAO,
1WdCbDYKd0XaAe3LnDrH8TLiLNXsE05hu,99_LIXEIRA_DUPLICADOS,DECRETO Nº 63.504 DE 14 DE JUNHO DE 2024 « Catálogo de Legislação Municipal.pdf,application/pdf,pdf,286954,2026-03-08T23:17:26.921Z,2026-03-08T07:18:54Z,JURIDICO,DECRETO,OFICIAL,NAO,
1zyO3FrCqDKHBhqB5QYwdCck3ftvaaKB6,99_LIXEIRA_DUPLICADOS,RESOLUÇÃO SECRETARIA MUNICIPAL DE DESENVOLVIMENTO URBANO - SMDU_CTLU Nº 12 DE 17 DE DEZEMBRO DE 2020 « Catálogo de Legislação Municipal (1).pdf,application/pdf,pdf,79071,2026-03-08T23:17:25.733Z,2026-03-08T07:18:54Z,GOVERNANCA,PDF,DESCONHECIDO,NAO,
1D-6Mksxhe6kYbff7Z4aJscRoi7vbWGhp,99_LIXEIRA_DUPLICADOS,RESOLUÇÃO SECRETARIA MUNICIPAL DE URBANISMO E LICENCIAMENTO - SMUL_CTLU Nº 4 DE 4 DE ABRIL DE 2024 « Catálogo de Legislação Municipal.pdf,application/pdf,pdf,62835,2026-03-08T23:17:24.907Z,2026-03-08T07:18:55Z,GOVERNANCA,PDF,DESCONHECIDO,NAO,
1gh0rbFG1qDoMPLY-g7UP6pg5G9y8BIId,99_LIXEIRA_DUPLICADOS,DECRETO Nº 57.776 DE 7 DE JULHO DE 2017 « Catálogo de Legislação Municipal.pdf,application/pdf,pdf,449142,2026-03-08T23:17:24.447Z,2026-03-08T07:18:54Z,JURIDICO,DECRETO,OFICIAL,NAO,
1eBITFa-oQfOYCmAnlwyKqOH3iB9U_xJB,99_LIXEIRA_DUPLICADOS,Auditoria TDC São Paulo_ Memorial de Fundamentação Estratégica.pdf,application/pdf,pdf,126318,2026-03-08T23:17:22.716Z,2026-03-08T07:18:54Z,TDC,AUDITORIA,NOSSO,NAO,
1kR3rVJeJBhz5um_DMbepYJOv9tKM873s,99_LIXEIRA_DUPLICADOS,DECRETO Nº 58.955 DE 20 DE SETEMBRO DE 2019 « Catálogo de Legislação Municipal.pdf,application/pdf,pdf,199016,2026-03-08T23:17:21.230Z,2026-03-08T07:18:54Z,JURIDICO,DECRETO,OFICIAL,NAO,
15PLrhu1GxgW64SJWuIeCmONT9r4StqLG,99_LIXEIRA_DUPLICADOS,04-25 - Arquivamento das Manchas C e G e ID 13 a 17 e 21 a 26 da Res.11-23 - Página (1).pdf,application/pdf,pdf,116859,2026-03-08T23:17:20.056Z,2026-03-08T07:18:53Z,OUTRO,PDF,DESCONHECIDO,NAO,
1txJLZACvG5AnDCIyESu3tuh-tmu2msY3,99_LIXEIRA_DUPLICADOS,14-23 -APT Solar Fábio Prado (1).pdf,application/pdf,pdf,530449,2026-03-08T23:17:17.736Z,2026-03-08T07:18:53Z,OUTRO,PDF,DESCONHECIDO,NAO,
1A_qdCZUzrnschKKry3ArBENxW4yvq9U7,99_LIXEIRA_DUPLICADOS,RESOLUÇÃO SECRETARIA MUNICIPAL DE URBANISMO E LICENCIAMENTO - SMUL_CEUSO Nº 146 DE 27 DE JANEIRO DE 2022 « Catálogo de Legislação Municipal (1).pdf,application/pdf,pdf,81844,2026-03-08T23:17:17.556Z,2026-03-08T07:18:55Z,GOVERNANCA,PDF,DESCONHECIDO,NAO,
1_kfARqnlyLMFdkkpIIM6BuVzg8bZPqOo,99_LIXEIRA_DUPLICADOS,DEEP_SCAN_SILVER_MOTOR1.csv,text/csv,csv,33478,2026-03-08T23:38:36.530Z,2026-03-08T01:25:39Z,OUTRO,TABELA_DADO,DESCONHECIDO,NAO,
1dzPYA6ABCxj_44_iJYscAQ3cddu-BLYX,99_LIXEIRA_DUPLICADOS,dicionario_geosampa_apas.xls,application/vnd.ms-excel,xls,47104,2026-03-08T23:25:53.665Z,2026-03-08T04:29:42Z,GEO,PLANILHA,OFICIAL,NAO,
13Z2-57DKSvMRq3W6D_wG7BQur0YNAQ6w,99_LIXEIRA_DUPLICADOS,metadadosgeoportal_area_contaminada_reabilitada_svma.csv,text/csv,csv,2967,2026-03-08T23:24:26.306Z,2026-03-08T04:31:52Z,OUTRO,TABELA_DADO,DESCONHECIDO,NAO,
19P0zgl0wcz0FJPTzWemByh8FIlWXVIMo,99_LIXEIRA_DUPLICADOS,Lei nº 11.428.pdf,application/pdf,pdf,206696,2026-03-08T23:31:34.370Z,2026-03-08T02:28:47Z,JURIDICO,LEI,OFICIAL,NAO,
1dDXPulJQXC8XAJD967WERgMnzORBZs-f,99_LIXEIRA_DUPLICADOS,dic_area_potencial_e_suspeita_de_contaminacao-variaveis.csv,text/csv,csv,1569,2026-03-08T23:23:39.745Z,2026-03-08T04:17:01Z,TDC,TABELA_DADO,DESCONHECIDO,NAO,
1yhU5vPwPoyFWI8RAgi4QVnJMbaBQK74u,99_LIXEIRA_DUPLICADOS,layer_geosampa_apas.gpkg,application/octet-stream,gpkg,270336,2026-03-08T23:21:44.754Z,2026-03-08T04:30:25Z,GEO,OUTRO,OFICIAL,NAO,
13CjGysZF4CLgKEj1zkwI1zRI7bEhQzcG,99_LIXEIRA_DUPLICADOS,area_potencial_e_suspeita_de_contaminacao (1).ods,application/vnd.oasis.opendocument.spreadsheet,ods,420097,2026-03-08T23:22:31.054Z,2026-03-08T04:17:50Z,TDC,PLANILHA,DESCONHECIDO,NAO,
1u1xv28f5_BRouz8mwM3kMdqRyK5MgB5G,99_LIXEIRA_DUPLICADOS,Lcp 227.pdf,application/pdf,pdf,976839,2026-03-08T23:26:36.948Z,2026-03-08T03:12:36Z,OUTRO,PDF,DESCONHECIDO,NAO,
13u_6_NmWkO0Wb-25cPW12BQpJgcjslYo,99_LIXEIRA_DUPLICADOS,LEI Nº 16.642 DE 9 DE MAIO DE 2017 « Catálogo de Legislação Municipal.pdf,application/pdf,pdf,458825,2026-03-08T23:27:35.846Z,2026-03-08T02:24:48Z,JURIDICO,LEI,OFICIAL,NAO,
17Wi3uAUu9-NaH0X4qOFsj4dayluGFLpH,99_LIXEIRA_DUPLICADOS,dic_area_potencial_e_suspeita_de_contaminacao.xls,application/vnd.ms-excel,xls,47104,2026-03-08T23:19:32.090Z,2026-03-08T04:16:35Z,TDC,PLANILHA,DESCONHECIDO,NAO,
12ExeLhpInVNGah7T-__jVuyy8adRrMRf,99_LIXEIRA_DUPLICADOS,ddf-12.25 (1).xlsx,application/vnd.openxmlformats-officedocument.spreadsheetml.sheet,xlsx,71514,2026-03-08T23:17:55.873Z,2026-03-08T04:36:07Z,OUTRO,PLANILHA,DESCONHECIDO,NAO,
13abeO3F9Cz1zuObWLOW3rZ0DtYHPzi79,99_LIXEIRA_DUPLICADOS,metadados_area_potencial_e_suspeita_de_contaminacao.ods,application/vnd.oasis.opendocument.spreadsheet,ods,6197,2026-03-08T23:19:06.361Z,2026-03-08T04:17:19Z,TDC,PLANILHA,DESCONHECIDO,NAO,
1Eq4istsKk2B7dc2V8RJErJvdAbLBDuoD,99_LIXEIRA_DUPLICADOS,ddf-01.26.xlsx,application/vnd.openxmlformats-officedocument.spreadsheetml.sheet,xlsx,50677,2026-03-08T23:17:49.562Z,2026-03-08T04:35:54Z,OUTRO,PLANILHA,DESCONHECIDO,NAO,
10xoxWBt67RCv32mNhM0IgeUMpPi90oGI,99_LIXEIRA_DUPLICADOS,LEI Nº 18.081 DE 19 DE JANEIRO DE 2024 « Catálogo de Legislação Municipal (1).pdf,application/pdf,pdf,675351,2026-03-08T23:26:09.158Z,2026-03-08T02:27:54Z,JURIDICO,LEI,OFICIAL,NAO,
1RjQXC-13vhV0hpxAZ-6wqDHFvwuLUkwL,99_LIXEIRA_DUPLICADOS,biosampa_geosampa_apas (1).ods,application/vnd.oasis.opendocument.spreadsheet,ods,3613,2026-03-08T23:17:45.872Z,2026-03-08T04:30:20Z,GEO,PLANILHA,OFICIAL,NAO,
1ERi9eS7K1Bq6KSZX90uQnIq5m6q-m7tx,99_LIXEIRA_DUPLICADOS,metadados_geosampa_apas (1).ods,application/vnd.oasis.opendocument.spreadsheet,ods,6573,2026-03-08T23:17:40.864Z,2026-03-08T04:30:11Z,GEO,PLANILHA,OFICIAL,NAO,
1iq_txGG-NGwcFzbp08SvdL6akFca5Nzx,99_LIXEIRA_DUPLICADOS,dicionario_geosampa_apas_variaveis.csv,text/csv,csv,1549,2026-03-08T23:17:41.166Z,2026-03-08T04:30:03Z,GEO,TABELA_DADO,OFICIAL,NAO,
1ZvJf5_eapCaGkyrel0jisMYZ9NBH_xMr,99_LIXEIRA_DUPLICADOS,geoportal_area_contaminada_reabilitada_svma.xlsx,application/vnd.openxmlformats-officedocument.spreadsheetml.sheet,xlsx,78472,2026-03-08T23:17:29.022Z,2026-03-08T04:32:00Z,OUTRO,PLANILHA,DESCONHECIDO,NAO,
1pz_0VQzg8Wq8FCuMW4AWzJX_jzw1xj-s,99_LIXEIRA_DUPLICADOS,dicionario_geosampa_apas.ods,application/vnd.oasis.opendocument.spreadsheet,ods,5255,2026-03-08T23:17:35.699Z,2026-03-08T04:29:46Z,GEO,PLANILHA,OFICIAL,NAO,
1k7GuW8wrdzQ5cdUnNXv1WQp4XkSXwaE_,99_LIXEIRA_DUPLICADOS,metadadosgeoportal_area_contaminada_reabilitada_svma (1).csv,text/csv,csv,2967,2026-03-08T23:17:18.442Z,2026-03-08T04:31:52Z,OUTRO,TABELA_DADO,DESCONHECIDO,NAO,
1QS_F6VeHcVp6xlfVQXlZoxuyZxhvBwbW,99_LIXEIRA_DUPLICADOS,area_potencial_e_suspeita_de_contaminacao.xlsx,application/vnd.openxmlformats-officedocument.spreadsheetml.sheet,xlsx,699694,2026-03-08T23:18:05.996Z,2026-03-08T04:17:57Z,TDC,PLANILHA,DESCONHECIDO,NAO,
1FhfGTlthg_WvDTWhwMZudDYjrwzO-PXy,99_LIXEIRA_DUPLICADOS,dic_area_potencial_e_suspeita_de_contaminacao-arquivo.csv,text/csv,csv,352,2026-03-08T23:17:54.223Z,2026-03-08T04:16:53Z,TDC,TABELA_DADO,DESCONHECIDO,NAO,
1eFByHimpSMOuicCP0VOGd_Yoeypf4y1z,99_LIXEIRA_DUPLICADOS,area_potencial_e_suspeita_de_contaminacao.ods,application/vnd.oasis.opendocument.spreadsheet,ods,420097,2026-03-08T23:17:46.098Z,2026-03-08T04:17:50Z,TDC,PLANILHA,DESCONHECIDO,NAO,
1hs9c_jiLQtFSc8ROSaWmvjXjULZsjRuH,99_LIXEIRA_DUPLICADOS,dic_area_potencial_e_suspeita_de_contaminacao-arquivo (1).csv,text/csv,csv,352,2026-03-08T23:17:40.004Z,2026-03-08T04:16:53Z,TDC,TABELA_DADO,DESCONHECIDO,NAO,
1Ew96d3iwr409UtSlZJiy3G3b_-SwELOF,99_LIXEIRA_DUPLICADOS,area_potencial_e_suspeita_de_contaminacao.csv,text/csv,csv,956264,2026-03-08T23:17:34.432Z,2026-03-08T04:17:41Z,TDC,TABELA_DADO,DESCONHECIDO,NAO,
1uTSOZwzrYZeteK37-wSfi57XYDYJjONE,99_LIXEIRA_DUPLICADOS,L16642 (1).pdf,application/pdf,pdf,305639,2026-03-08T23:24:58.052Z,2026-03-08T02:24:31Z,OUTRO,PDF,DESCONHECIDO,NAO,
13kg-ApVS10ovHn-uBtLzisJYAmptzv6R,99_LIXEIRA_DUPLICADOS,dic_area_potencial_e_suspeita_de_contaminacao (1).ods,application/vnd.oasis.opendocument.spreadsheet,ods,5243,2026-03-08T23:17:24.636Z,2026-03-08T04:16:47Z,TDC,PLANILHA,DESCONHECIDO,NAO,
1JmCn9YpnlQmMzg3967j1qqJMhKbDtuN7,99_LIXEIRA_DUPLICADOS,dic_area_potencial_e_suspeita_de_contaminacao-variaveis (1).csv,text/csv,csv,1569,2026-03-08T23:17:21.445Z,2026-03-08T04:17:01Z,TDC,TABELA_DADO,DESCONHECIDO,NAO,
1zeU4RUe36o10KwL90qJXdj2VfvcJ-Lap,99_LIXEIRA_DUPLICADOS,Portaria CAT 15 de 2003 (1).pdf,application/pdf,pdf,930754,2026-03-08T23:17:54.423Z,2026-03-08T03:14:04Z,JURIDICO,PORTARIA,OFICIAL,NAO,
1KcBujlV0NxYC5Rt21Dqmj-Cva1Elfyta,99_LIXEIRA_DUPLICADOS,DEEP_SCAN_SILVER_MOTOR1 (1).csv,text/csv,csv,33478,2026-03-08T23:23:55.253Z,2026-03-08T01:25:39Z,OUTRO,TABELA_DADO,DESCONHECIDO,NAO,
10R9I9dzDSxd6tNm0nBuiAC6qCsQ9Qmns,99_LIXEIRA_DUPLICADOS,ESTRUTURA_SILVER_IA (1).md,text/markdown,md,1950,2026-03-08T23:31:11.467Z,2026-03-07T23:17:40Z,OUTRO,OUTRO,DESCONHECIDO,NAO,
18bcdFLvrc9V5U0ArqnQIT9qM4mTEo_wP,99_LIXEIRA_DUPLICADOS,L12651.pdf,application/pdf,pdf,934224,2026-03-08T23:17:55.279Z,2026-03-08T02:28:34Z,OUTRO,PDF,DESCONHECIDO,NAO,
14NKnT-u83tpE60C_9drXLWM5y00rOWa1,99_LIXEIRA_DUPLICADOS,L6938.pdf,application/pdf,pdf,952736,2026-03-08T23:17:38.424Z,2026-03-08T02:28:58Z,OUTRO,PDF,DESCONHECIDO,NAO,
1oRgc348u3FpzMgCks_DW-K5xlEIfiDHJ,99_LIXEIRA_DUPLICADOS,LEI Nº 17.853 DE 29 DE NOVEMBRO DE 2022 « Catálogo de Legislação Municipal.pdf,application/pdf,pdf,100023,2026-03-08T22:57:48.063Z,2026-03-08T07:18:54Z,JURIDICO,LEI,OFICIAL,NAO,
1vDvIVxe_TMlO9dO6tB0u-mnE1GJZ2sU9,99_LIXEIRA_DUPLICADOS,RESOLUÇÃO SECRETARIA MUNICIPAL DE URBANISMO E LICENCIAMENTO - SMUL_CTLU Nº 12 DE 11 DE NOVEMBRO DE 2021 « Catálogo de Legislação Municipal.pdf,application/pdf,pdf,94002,2026-03-08T22:57:47.116Z,2026-03-08T07:18:55Z,GOVERNANCA,PDF,DESCONHECIDO,NAO,
1TjYtQgvEx_sFlIVrGQKs3P5tEtbiq4Cl,99_LIXEIRA_DUPLICADOS,RESOLUÇÃO SECRETARIA MUNICIPAL DE URBANISMO E LICENCIAMENTO - SMUL_CTLU Nº 1 DE 27 DE FEVEREIRO DE 2023 « Catálogo de Legislação Municipal.pdf,application/pdf,pdf,147706,2026-03-08T22:57:46.003Z,2026-03-08T07:18:55Z,GOVERNANCA,PDF,DESCONHECIDO,NAO,
1xCuJQGMdM5kS3kkWfEIg6POsawIOX06S,99_LIXEIRA_DUPLICADOS,DECRETO Nº 59.886 DE 4 DE NOVEMBRO DE 2020 « Catálogo de Legislação Municipal.pdf,application/pdf,pdf,173148,2026-03-08T22:57:45.986Z,2026-03-08T07:18:54Z,JURIDICO,DECRETO,OFICIAL,NAO,
1gR3IZEe38KKAHT3hkAaqZGOuee8uGXRW,99_LIXEIRA_DUPLICADOS,DECRETO Nº 63.423 DE 21 DE MAIO DE 2024 « Catálogo de Legislação Municipal.pdf,application/pdf,pdf,119333,2026-03-08T22:57:45.334Z,2026-03-08T07:18:54Z,JURIDICO,DECRETO,OFICIAL,NAO,
1NQ0qZBtWIKklUR-B8ZltY_okJ_UGj2Lk,99_LIXEIRA_DUPLICADOS,LEI Nº 17.104 DE 30 DE MAIO DE 2019 « Catálogo de Legislação Municipal.pdf,application/pdf,pdf,107761,2026-03-08T22:57:45.264Z,2026-03-08T07:18:54Z,JURIDICO,LEI,OFICIAL,NAO,
1UwbHlmafKikRXTmywmFutrgYStCg0iJF,99_LIXEIRA_DUPLICADOS,11-24 - Exclusão de imóveis 05 e 06 do anexo I da Res. 11-23 - Página (1).pdf,application/pdf,pdf,71270,2026-03-08T22:57:44.142Z,2026-03-08T07:18:53Z,OUTRO,PDF,DESCONHECIDO,NAO,
1y8_2kwx-swLx7GIv6ZrUrxtlBt8JOoRG,99_LIXEIRA_DUPLICADOS,PORTARIA SECRETARIA MUNICIPAL DE URBANISMO E LICENCIAMENTO - SMUL Nº 172 DE 10 DE DEZEMBRO DE 2024 « Catálogo de Legislação Municipal.pdf,application/pdf,pdf,150304,2026-03-08T22:57:43.628Z,2026-03-08T07:18:54Z,JURIDICO,PORTARIA,OFICIAL,NAO,
1FcVuW4xQvTnz72dJtNExEgSoqz6Wfx_j,99_LIXEIRA_DUPLICADOS,DECRETO Nº 60.581 DE 27 DE SETEMBRO DE 2021 « Catálogo de Legislação Municipal.pdf,application/pdf,pdf,103619,2026-03-08T22:57:41.618Z,2026-03-08T07:18:54Z,JURIDICO,DECRETO,OFICIAL,NAO,
1v5XFHisJpgOUdqHgI1h5nX2YTfABKLlc,99_LIXEIRA_DUPLICADOS,PORTARIA SECRETARIA MUNICIPAL DE LICENCIAMENTO - SEL Nº 15 DE 2 DE MAIO DE 2016 « Catálogo de Legislação Municipal.pdf,application/pdf,pdf,111503,2026-03-08T22:57:39.546Z,2026-03-08T07:18:54Z,JURIDICO,PORTARIA,OFICIAL,NAO,
1oqTN1kYxeemmysycL6DeGd0It4m3edLL,99_LIXEIRA_DUPLICADOS,DECRETO Nº 63.999 DE 30 DE DEZEMBRO DE 2024 « Catálogo de Legislação Municipal.pdf,application/pdf,pdf,88210,2026-03-08T22:57:39.277Z,2026-03-08T07:18:54Z,JURIDICO,DECRETO,OFICIAL,NAO,
16gFSNvL9eEuThRvo4zg6SVtQiOUcHfjX,99_LIXEIRA_DUPLICADOS,"06-24 - Tombamento Antigas Residencias Rua Bela Cintra,954 e Rua Itapeva, 700 - Página (1).pdf",application/pdf,pdf,82641,2026-03-08T22:57:39.138Z,2026-03-08T07:18:53Z,OUTRO,PDF,DESCONHECIDO,NAO,
14EvSFIadD_bgn5rzorR0FFHhPrSjBga8,99_LIXEIRA_DUPLICADOS,10-24 - Tombamento da Escola Panamericana de Artes - Página (1).pdf,application/pdf,pdf,75666,2026-03-08T22:57:39.114Z,2026-03-08T07:18:53Z,OUTRO,PDF,DESCONHECIDO,NAO,
1SRAL82faPG_gj9ceoHNtq-_XxMQ0QDXK,99_LIXEIRA_DUPLICADOS,Declaração de Potencial Construtivo Passível de Transferência - Secretaria Municipal de Urbanismo e Licenciamento - Prefeitura.pdf,application/pdf,pdf,468616,2026-03-08T22:57:38.973Z,2026-03-08T07:18:54Z,TDC,PDF,OFICIAL,NAO,
1IFwZZYsjpCb_9z8sGNi0-iL274KhGuw7,99_LIXEIRA_DUPLICADOS,log_extracao_textual_silver_20260307_233509 (1).json,application/json,json,162,2026-03-08T23:24:05.008Z,2026-03-07T23:35:21Z,GOVERNANCA,OUTRO,DESCONHECIDO,NAO,
1MeG_U2z_Sorria9DeIk_1UtqadLggbtf,99_LIXEIRA_DUPLICADOS,log_extracao_textual_silver_20260307_233509.json,application/json,json,162,2026-03-08T23:18:43.653Z,2026-03-07T23:35:21Z,GOVERNANCA,OUTRO,DESCONHECIDO,NAO,
1mru_t1yHzE61V6Za7-7Moai_UCaKis30,99_LIXEIRA_DUPLICADOS,log_extracao_textual_silver_20260307_233509 (2).json,application/json,json,162,2026-03-08T23:17:55.494Z,2026-03-07T23:35:21Z,GOVERNANCA,OUTRO,DESCONHECIDO,NAO,
1H9sEBeUZbjYhIKtMI81-AtYT-LXXxAli,99_LIXEIRA_DUPLICADOS,ESTRUTURA_SILVER_IA.md,text/markdown,md,1950,2026-03-08T23:18:57.758Z,2026-03-07T23:17:40Z,OUTRO,OUTRO,DESCONHECIDO,NAO,
1BBbA0fxllE3tmMchV6GJ4FXOrkU2NXpT,99_LIXEIRA_DUPLICADOS,ddf-12.25.xlsx,application/vnd.openxmlformats-officedocument.spreadsheetml.sheet,xlsx,71514,2026-03-08T22:57:39.956Z,2026-03-08T04:36:07Z,OUTRO,PLANILHA,DESCONHECIDO,NAO,
1DlGR_Gqo9jmixr1Ho-Pg9dg9O4QXI2W2,99_LIXEIRA_DUPLICADOS,biosampa_geosampa_apas.ods,application/vnd.oasis.opendocument.spreadsheet,ods,3613,2026-03-08T22:57:45.128Z,2026-03-08T04:30:20Z,GEO,PLANILHA,OFICIAL,NAO,
1eyWpM1ucYhLEH73SpBS-1aByeEAdG4SS,99_LIXEIRA_DUPLICADOS,dicionario_geosampa_apas_arquivo.csv,text/csv,csv,310,2026-03-08T22:57:45.143Z,2026-03-08T04:29:53Z,GEO,TABELA_DADO,OFICIAL,NAO,
1Zh00oBK61qG19pA2-ID4ybpij_i61TJR,99_LIXEIRA_DUPLICADOS,metadados_area_potencial_e_suspeita_de_contaminacao.xls,application/vnd.ms-excel,xls,41472,2026-03-08T22:57:43.858Z,2026-03-08T04:17:12Z,TDC,PLANILHA,DESCONHECIDO,NAO,
16YeBORoERmB9K-ehHlAgjSTKbwokpYVS,99_LIXEIRA_DUPLICADOS,manifesto_datalake_20260307_221836 (1).json,application/json,json,476247,2026-03-08T23:21:27.054Z,2026-03-07T22:18:45Z,GOVERNANCA,OUTRO,NOSSO,NAO,
1kEE9fcHBze-_xNocvjFejPP8NxjwT4NX,99_LIXEIRA_DUPLICADOS,manifesto_datalake_20260307_221836.json,application/json,json,476247,2026-03-08T23:17:37.966Z,2026-03-07T22:18:45Z,GOVERNANCA,OUTRO,NOSSO,NAO,
11qHzhuvmZ-448aYjAse39fWptb4PVcLH,99_LIXEIRA_DUPLICADOS,Portaria CAT 15 de 2003.pdf,application/pdf,pdf,930754,2026-03-08T22:57:44.331Z,2026-03-08T03:14:04Z,JURIDICO,PORTARIA,OFICIAL,NAO,
1lctv1TAGxeECcd02xQdweB-GejschW6N,99_LIXEIRA_DUPLICADOS,L16642.pdf,application/pdf,pdf,305639,2026-03-08T22:57:41.498Z,2026-03-08T02:24:31Z,OUTRO,PDF,DESCONHECIDO,NAO,
11bpXb5TZ986zRymY1mABUra6E4C88pv0,99_LIXEIRA_DUPLICADOS,MANUAL DE PADRONIZAÇÃO TÉCNICA - RAG PIPELINE.pdf,application/pdf,pdf,39538,2026-03-08T23:21:52.614Z,2026-03-07T18:10:31Z,OUTRO,CODEX_DOC,DESCONHECIDO,NAO,
18N8vIkSwcWfQH67ZpTDQRAyKItVMGtA7,99_LIXEIRA_DUPLICADOS,MANUAL DE PADRONIZAÇÃO TÉCNICA - RAG PIPELINE (1).pdf,application/pdf,pdf,39538,2026-03-08T23:17:24.830Z,2026-03-07T18:10:31Z,OUTRO,CODEX_DOC,DESCONHECIDO,NAO,
131Ipbco1K1Kh3LflcPT2Wu5l2LTwXETN,99_LIXEIRA_DUPLICADOS,2017_62_Sao-Paulo_Colegio-Dante-Alighieri-–-Edificios-Leonardo-Da-Vinci-e-Colmeia-incluindo-patio_1753284675510.pdf,application/pdf,pdf,327930,2026-03-08T23:39:20.032Z,2026-03-06T22:25:18Z,OUTRO,PDF,DESCONHECIDO,NAO,
10sv4uNInQ9JZTocRL4ehLSw4M2smdsUb,99_LIXEIRA_DUPLICADOS,01-24_-_regulamentao_da_implantao_de_estao_rdio-base_erb_-_rerratificada_-_pgina_1_1715872319.pdf,application/pdf,pdf,135653,2026-03-08T23:39:08.327Z,2026-03-06T22:24:56Z,OUTRO,PDF,NOSSO,NAO,
1svtVOIbY0wpeY2JTFNomiWWIW7NwNgX4,99_LIXEIRA_DUPLICADOS,Balanco_Financeiro_11NOV2025 (1).pdf,application/pdf,pdf,36823,2026-03-08T23:38:55.203Z,2026-03-06T22:25:28Z,OUTRO,PDF,DESCONHECIDO,NAO,
1HiCDE573lMMCFMVG_AEvQB_kxPCvH-bS,99_LIXEIRA_DUPLICADOS,Balanco_Financeiro_02FEV2025.pdf,application/pdf,pdf,84758,2026-03-08T23:38:27.594Z,2026-03-06T22:25:28Z,OUTRO,PDF,DESCONHECIDO,NAO,
1IuC30w0fR2mhZ6h3ahAuCZLiZ9ejs2Ia,99_LIXEIRA_DUPLICADOS,06-23_Complexo Esportivo do Ibirapuera(1) (1).pdf,application/pdf,pdf,136204,2026-03-08T23:38:20.480Z,2026-03-06T22:25:04Z,OUTRO,PDF,DESCONHECIDO,NAO,
1HiCDE573lMMCFMVG_AEvQB_kxPCvH-bS,99_LIXEIRA_DUPLICADOS,Balanco_Financeiro_02FEV2025.pdf,application/pdf,pdf,84758,2026-03-08T23:38:27.594Z,2026-03-06T22:25:28Z,OUTRO,PDF,DESCONHECIDO,NAO,
1IuC30w0fR2mhZ6h3ahAuCZLiZ9ejs2Ia,99_LIXEIRA_DUPLICADOS,06-23_Complexo Esportivo do Ibirapuera(1) (1).pdf,application/pdf,pdf,136204,2026-03-08T23:38:20.480Z,2026-03-06T22:25:04Z,OUTRO,PDF,DESCONHECIDO,NAO,
1C0OZwlOgxSP72HTU8y1Lqh8xOciBcRxE,99_LIXEIRA_DUPLICADOS,05-23 - ZEPEC- APC - Espaco Itau de cinema Augusta(1).pdf,application/pdf,pdf,119820,2026-03-08T23:38:20.504Z,2026-03-06T22:25:03Z,TDC,PDF,DESCONHECIDO,NAO,
1hAi-gBN_oNoXFHDb4861p-pQyE_s3l5g,99_LIXEIRA_DUPLICADOS,17-25 - Tombamento do Templo Espiritualista de Umbanda São Benedito - Anexo Planta Esquemática - Página (1).pdf,application/pdf,pdf,305773,2026-03-08T23:38:17.938Z,2026-03-06T22:25:17Z,OUTRO,PDF,DESCONHECIDO,NAO,
1w1daPWKiCPMuOrth_giT4gw00gbp2YDr,99_LIXEIRA_DUPLICADOS,Re2314RegistrocomoBemImaterialdoConjuntodeTeatrosPDF_1413396489.pdf,application/pdf,pdf,67048,2026-03-08T23:37:56.875Z,2026-03-06T22:25:30Z,OUTRO,PDF,DESCONHECIDO,NAO,
14tNIIeTZ1R39_cgHv-39cxOg_EQlaHTO,99_LIXEIRA_DUPLICADOS,2025_81_Sao Paulo_RAE_Sitio Itaim_1765548385444.pdf,application/pdf,pdf,830680,2026-03-08T23:37:21.257Z,2026-03-06T22:25:26Z,OUTRO,PDF,DESCONHECIDO,NAO,
1LdUKxVpl5q5NbQWeC1HdvPaeCNO_oT1Y,99_LIXEIRA_DUPLICADOS,re1219aptconjuntovilasoperariasmigliarimapa2_1567624270 (1).pdf,application/pdf,pdf,442051,2026-03-08T23:36:16.462Z,2026-03-06T22:32:22Z,GEO,PDF,DESCONHECIDO,NAO,
123u9psBZQv9NuTpRFEHqSbLEKeyJplrN,99_LIXEIRA_DUPLICADOS,2019_49_Sao-Paulo_-Conjunto-de-bens-imoveis-no-bairro-de-Higienopolis_1753238164725.pdf,application/pdf,pdf,279657,2026-03-08T23:36:43.181Z,2026-03-06T22:25:19Z,OUTRO,PDF,DESCONHECIDO,NAO,
1ZVfWLr9Fuy1w6x77KvE4vqPMBA8HYjQx,99_LIXEIRA_DUPLICADOS,15-24 - Arquivamento dos Itens 33 e 34 da Res. 23-16 - Página.pdf,application/pdf,pdf,67970,2026-03-08T23:36:19.820Z,2026-03-06T22:25:17Z,OUTRO,PDF,DESCONHECIDO,NAO,
1Pah0oSORveACcjkrjIZgQ6h8nSJn_pje,99_LIXEIRA_DUPLICADOS,Resolucao 04 CONSPRESP 2023.pdf,application/pdf,pdf,121822,2026-03-08T23:36:15.002Z,2026-03-06T22:25:32Z,OUTRO,JURISPRUDENCIA,DESCONHECIDO,NAO,
1l7VRtMlGKEa9W2waTcrGnf4ZKgJlIlxL,99_LIXEIRA_DUPLICADOS,02-22 APT Conjunto do Sindicato dos Metroviarios(1).pdf,application/pdf,pdf,106451,2026-03-08T23:35:59.931Z,2026-03-06T22:24:57Z,OUTRO,PDF,DESCONHECIDO,NAO,
13_8C4dCeFFLYv4YEPd4VtgL5wwvISoUW,99_LIXEIRA_DUPLICADOS,Anexo 1 do D 57_536_2016.pdf,application/pdf,pdf,56512,2026-03-08T23:37:45.637Z,2026-03-06T21:46:16Z,OUTRO,PDF,DESCONHECIDO,NAO,
1BqgeYgH7kcUhnmuQMWSjpA1Nn7Js72yH,99_LIXEIRA_DUPLICADOS,16-24 - Registro das práticas da Banda de Clarins e do Carrossel da Polícia Militar - Página.pdf,application/pdf,pdf,103438,2026-03-08T23:33:42.537Z,2026-03-06T22:25:17Z,OUTRO,PDF,DESCONHECIDO,NAO,
106sFPSt1LSVx6AgB_Sq38KBT_AI1JG_y,99_LIXEIRA_DUPLICADOS,2025_82_Sao Paulo_RAE_Sitio Capao_1765548385626.pdf,application/pdf,pdf,572245,2026-03-08T23:33:29.141Z,2026-03-06T22:25:26Z,OUTRO,PDF,DESCONHECIDO,NAO,
1bqmlRM15ojknd6eNnnHCs9_YZjUc-jdD,99_LIXEIRA_DUPLICADOS,2025_85_Sao Paulo_RAE_Edificio do Antigo Banco de Sao Paulo_1765548386216 (1).pdf,application/pdf,pdf,326987,2026-03-08T23:33:24.804Z,2026-03-06T22:25:26Z,OUTRO,PDF,DESCONHECIDO,NAO,
1c0XVoB5GQsACVWMFp8S2MyJEFHxYmEiC,99_LIXEIRA_DUPLICADOS,2022_07_Campinas_Conjunto-da-Estacao-Ferroviaria-Guanabara_1753232568474 (1).pdf,application/pdf,pdf,448026,2026-03-08T23:33:17.256Z,2026-03-06T22:25:20Z,OUTRO,PDF,DESCONHECIDO,NAO,
1wz3TnpG3gzIOXwOabo8Cc1fLQgtZkkVt,99_LIXEIRA_DUPLICADOS,2022_52_Sao-Paulo_RAE-Escola-de-Primeiras-Letras_1753232569115.pdf,application/pdf,pdf,367209,2026-03-08T23:33:00.863Z,2026-03-06T22:25:21Z,OUTRO,PDF,DESCONHECIDO,NAO,
1jevshjgeRMoLgAMoXyFsWGKFb8LiS2RA,99_LIXEIRA_DUPLICADOS,Balanco_Financeiro_06JUN2025.pdf,application/pdf,pdf,79299,2026-03-08T23:32:44.432Z,2026-03-06T22:25:28Z,OUTRO,PDF,DESCONHECIDO,NAO,
1kzEJZlsigYqptesihD-i67pIGRe_X3p7,99_LIXEIRA_DUPLICADOS,2024_37_Sao-Jose-dos-Campos_RAE-Sanatorio-Vicentina-Aranha_1753230558904.pdf,application/pdf,pdf,215536,2026-03-08T23:32:40.149Z,2026-03-06T22:25:22Z,OUTRO,PDF,DESCONHECIDO,NAO,
17fIy0oSquMQQ3ZIB9Pma05S20Eqr0qql,99_LIXEIRA_DUPLICADOS,07-24_-_apt_terreiro_ile_ase_omo_igbo_omi_-_mapa_1719334062.pdf,application/pdf,pdf,910585,2026-03-08T23:32:30.902Z,2026-03-06T22:25:06Z,GEO,PDF,DESCONHECIDO,NAO,
1xtzeoQqOk02EqeGRtHXFTGP4UVF9SVul,99_LIXEIRA_DUPLICADOS,02-23 - APT Cemiterio de São Paulo.pdf,application/pdf,pdf,82263,2026-03-08T23:32:20.625Z,2026-03-06T22:24:58Z,OUTRO,PDF,DESCONHECIDO,NAO,
1elfA7q34Nip-NbGI_3-GilxRviFXVAwY,99_LIXEIRA_DUPLICADOS,05-25 - Arquivamento dos IDs 02 a 04 e IDs 07 e 08 da Res. 11-23 - Página.pdf,application/pdf,pdf,106583,2026-03-08T23:32:17.197Z,2026-03-06T22:25:04Z,OUTRO,PDF,DESCONHECIDO,NAO,
19a3__cPoYrGCatj685Oa8YGLKT5vYlhR,99_LIXEIRA_DUPLICADOS,Balanco_Financeiro_05MAI2025.pdf,application/pdf,pdf,85879,2026-03-08T23:36:41.777Z,2026-03-06T21:12:32Z,OUTRO,PDF,DESCONHECIDO,NAO,
1Zu7BYlUR4xLd9nzrQwBNLwGIhPuB1tvX,99_LIXEIRA_DUPLICADOS,re1219aptconjuntovilasoperariasmigliarimapa1_1567624092.pdf,application/pdf,pdf,237972,2026-03-08T23:31:16.185Z,2026-03-06T22:32:22Z,GEO,PDF,DESCONHECIDO,NAO,
11cZ8_i90Ug5JU465lx5m7P7abD397Taz,99_LIXEIRA_DUPLICADOS,11-23 - APT Perímetro Cerqueira César - Anexo II - Página (1).pdf,application/pdf,pdf,3241760,2026-03-08T23:31:26.386Z,2026-03-06T22:25:14Z,OUTRO,PDF,DESCONHECIDO,NAO,
11fhqhWumApRtEz9XNGO1nWFVdkjlso3Y,99_LIXEIRA_DUPLICADOS,2018_129_Sao-Paulo_Vila-dos-Ingleses_1753239240017.pdf,application/pdf,pdf,829496,2026-03-08T23:31:09.248Z,2026-03-06T22:25:19Z,OUTRO,PDF,DESCONHECIDO,NAO,
19oYsPy9oyJkElbxtQrAJhcEP5Ejz-Zru,99_LIXEIRA_DUPLICADOS,2025_83_Sao Paulo_RAE_Residencia Marieta Teixeira de Carvalho_1765548385729 (1).pdf,application/pdf,pdf,309814,2026-03-08T23:31:03.354Z,2026-03-06T22:25:26Z,OUTRO,PDF,DESCONHECIDO,NAO,
1kqezB94zecSUbuidBdNIfJ2bgHtTg3CZ,99_LIXEIRA_DUPLICADOS,"04-20-_apt_rua_visconde_de_ouro_preto,_118_e_124_1603489335.pdf",application/pdf,pdf,439110,2026-03-08T23:29:50.579Z,2026-03-06T22:32:19Z,OUTRO,PDF,DESCONHECIDO,NAO,
1nAyTdugM-iYUhhTw6_7o4LyaUPRUmk33,99_LIXEIRA_DUPLICADOS,"06-24 - Tombamento Antigas Residencias Rua Bela Cintra,954 e Rua Itapeva, 700 - Página (1) (1).pdf",application/pdf,pdf,82641,2026-03-08T23:30:15.705Z,2026-03-06T22:25:05Z,OUTRO,PDF,DESCONHECIDO,NAO,
16p6uzIQ8LsckAabBRH5pS1fAKrAfgZue,99_LIXEIRA_DUPLICADOS,2025_89_Sao Paulo_RAE_Casas de Aluguel da Rua Bento Freitas_1765548386536.pdf,application/pdf,pdf,230028,2026-03-08T23:30:13.928Z,2026-03-06T22:25:27Z,OUTRO,PDF,DESCONHECIDO,NAO,
1JgiyjTClTm9ZDodzcgfmfEsLV_uE0_zm,99_LIXEIRA_DUPLICADOS,2025_83_Sao Paulo_RAE_Residencia Marieta Teixeira de Carvalho_1765548385729.pdf,application/pdf,pdf,309814,2026-03-08T23:32:56.616Z,2026-03-06T21:42:21Z,OUTRO,PDF,DESCONHECIDO,NAO,
1AKdz96AmvbgC8MUABKqfctH5jR_h97_h,99_LIXEIRA_DUPLICADOS,11-25 - Enquandramento como  ZEPEC-APC do Santa Marina Atlético Clube - Página (1).pdf,application/pdf,pdf,70367,2026-03-08T23:30:02.253Z,2026-03-06T22:25:14Z,TDC,PDF,DESCONHECIDO,NAO,
1LQBv1KyHYIcoN2ro_ZRK2kfrNJtePecf,99_LIXEIRA_DUPLICADOS,07-20 - APT do Jardim Alfomares - para página.pdf,application/pdf,pdf,440168,2026-03-08T23:29:20.240Z,2026-03-06T22:32:19Z,OUTRO,PDF,DESCONHECIDO,NAO,
12N2Gv_xGlBdPZ68vz5-yixY6sJbKHt6M,99_LIXEIRA_DUPLICADOS,20-24 - Arquivamento Parcial da Mancha D e ID 18 a 20 da Res.11-23 - Página.pdf,application/pdf,pdf,207142,2026-03-08T23:29:47.273Z,2026-03-06T22:25:18Z,OUTRO,PDF,DESCONHECIDO,NAO,
1542gCQMI7RHIj8drlyusUokQarDdVj0N,99_LIXEIRA_DUPLICADOS,re0219raepalacioindustriaspdf_1556292128.pdf,application/pdf,pdf,587714,2026-03-08T23:28:14.596Z,2026-03-06T22:32:20Z,OUTRO,PDF,DESCONHECIDO,NAO,
1j60TqkmzUmfiw5WPuOD7yGvCWUNgES7t,99_LIXEIRA_DUPLICADOS,Balanco_Financeiro_09SET2025 (1).pdf,application/pdf,pdf,278543,2026-03-08T23:33:17.283Z,2026-03-06T21:13:05Z,OUTRO,PDF,DESCONHECIDO,NAO,
190CXfs1w3ruY2Oq4_AZeCWCydbVsDPzV,99_LIXEIRA_DUPLICADOS,re2316aptimoveisindicadospelapopulacaozepecrepdf_1561649853 (1).pdf,application/pdf,pdf,324178,2026-03-08T23:29:11.659Z,2026-03-06T22:12:26Z,TDC,PDF,DESCONHECIDO,NAO,
1LOE7r0UZ3C7FP7i1maDjivwR29SNKHog,99_LIXEIRA_DUPLICADOS,re0120aptcomplexodroswaldoteixeiraduartecanindepdf_1580403993 (1).pdf,application/pdf,pdf,521861,2026-03-08T23:27:23.886Z,2026-03-06T22:32:20Z,OUTRO,PDF,DESCONHECIDO,NAO,
1oOCqZ7Ebx7Wuvxd-_xb4ft5gJvcOWMaL,99_LIXEIRA_DUPLICADOS,re1219aptconjuntovilasoperariasmigliarianexo2ve_1568922998 (1).pdf,application/pdf,pdf,553073,2026-03-08T23:27:11.496Z,2026-03-06T22:32:22Z,OUTRO,PDF,DESCONHECIDO,NAO,
1nRS39HaqOEa_ocLTEQnzIMRvGch6Z6qX,99_LIXEIRA_DUPLICADOS,49c99_22_T_Bairro_da_Bela_Vista.pdf,application/pdf,pdf,412003,2026-03-08T23:28:39.428Z,2026-03-06T22:07:45Z,OUTRO,PDF,DESCONHECIDO,NAO,
1cszBSSJRFsiKCq-OLV9lrQx22-pMFOjx,99_LIXEIRA_DUPLICADOS,RESOLUÇÃO SECRETARIA MUNICIPAL DE CULTURA - SMC_CONPRESP Nº 13 DE 13 DE NOVEMBRO DE 2023.pdf,application/pdf,pdf,75890,2026-03-08T23:27:17.782Z,2026-03-06T22:25:33Z,OUTRO,JURISPRUDENCIA,OFICIAL,NAO,
1OmuWurdMlWpDZEA5IZaz9dlMZvGC2HM5,99_LIXEIRA_DUPLICADOS,re1119aptchacarajabuticabeiraspdf_1601500641.pdf,application/pdf,pdf,604310,2026-03-08T23:26:47.193Z,2026-03-06T22:32:22Z,OUTRO,PDF,DESCONHECIDO,NAO,
1Aj4015OqUvAG6CiP-2qRvpmGbWOWesQw,99_LIXEIRA_DUPLICADOS,11-24 - Exclusão de imóveis 05 e 06 do anexo I da Res. 11-23 - Página (1) (1).pdf,application/pdf,pdf,71270,2026-03-08T23:27:07.068Z,2026-03-06T22:25:14Z,OUTRO,PDF,DESCONHECIDO,NAO,
1nGBMHsl4V_fCeTOOeu-PN4ynaI0QtxJH,99_LIXEIRA_DUPLICADOS,2018_24_Sao-Paulo_Casa-a-Rua-Ceara_1753238584741 (1).pdf,application/pdf,pdf,308087,2026-03-08T23:27:04.875Z,2026-03-06T22:25:18Z,OUTRO,PDF,DESCONHECIDO,NAO,
1Injp2GpD-O_D5tHKsWj3FWrYq3-c4B3K,99_LIXEIRA_DUPLICADOS,09-24 - Revalidação de Registro do Teatro de Grupo da Cidade - Página (1).pdf,application/pdf,pdf,75598,2026-03-08T23:26:34.654Z,2026-03-06T22:25:12Z,OUTRO,AUDITORIA,DESCONHECIDO,NAO,
1TfeLuPY9V49cBmkfj9ZQfkH5vmBJGeZw,99_LIXEIRA_DUPLICADOS,13-25 - Complemento ao Arquivamento Parcial da Mancha D da Res. 11-23 - Página.pdf,application/pdf,pdf,191834,2026-03-08T23:26:32.077Z,2026-03-06T22:25:15Z,OUTRO,PDF,DESCONHECIDO,NAO,
1efQB8iUIiy5BtSWLxRhhgOzZJ7SvU0WL,99_LIXEIRA_DUPLICADOS,21-24 - Reorganização do Selo de Valor Cultural - Página.pdf,application/pdf,pdf,551627,2026-03-08T23:26:13.448Z,2026-03-06T22:25:18Z,OUTRO,PDF,DESCONHECIDO,NAO,
1MSaEidFmH8GcJidLjllpnO6Poybg0qac,99_LIXEIRA_DUPLICADOS,09-25 - Registro como Patrimônio Cultural Imaterial da Festa do Divino Espírito Santo da Freguesia do Ó - Página.pdf,application/pdf,pdf,50738,2026-03-08T23:26:06.209Z,2026-03-06T22:25:12Z,OUTRO,PDF,DESCONHECIDO,NAO,
1BZh_CZmYYrpTpemkANOKGqRVDcfFn4XC,99_LIXEIRA_DUPLICADOS,re1019tombamentoetatheodoroaugustoramosmapa_1569519934.pdf,application/pdf,pdf,692973,2026-03-08T23:25:26.809Z,2026-03-06T22:32:22Z,GEO,PDF,DESCONHECIDO,NAO,
1DoyBQ-ssjsnh2t1vapKVoOcX97cNkRmX,99_LIXEIRA_DUPLICADOS,re1219aptconjuntovilasoperariasmigliarimapa3_1567624297.pdf,application/pdf,pdf,518000,2026-03-08T23:25:03.917Z,2026-03-06T22:32:23Z,GEO,PDF,DESCONHECIDO,NAO,
12zXuUzlxt8b6NpE043htyJKPxJ6WZ05-,99_LIXEIRA_DUPLICADOS,07-25 - Enquadramento como ZEPEC-APC do Território Augusta de Cinema - Página.pdf,application/pdf,pdf,112906,2026-03-08T23:25:31.846Z,2026-03-06T22:25:06Z,TDC,PDF,DESCONHECIDO,NAO,
1yaoMgsgcatP7vExXUAOcGv09Ze_aQ-NJ,99_LIXEIRA_DUPLICADOS,Balanco_Financeiro_09SET2025.pdf,application/pdf,pdf,278543,2026-03-08T23:25:28.978Z,2026-03-06T22:25:28Z,OUTRO,PDF,DESCONHECIDO,NAO,
1cmo21BSelu7zQuCyc_19g2LJwdNBz0r5,99_LIXEIRA_DUPLICADOS,2025_80_Mogi das Cruzes_RAE Igreja Ordem Primeira e Terceira de Nossa Senhora do Carmo_1765548385222.pdf,application/pdf,pdf,397957,2026-03-08T23:25:25.480Z,2026-03-06T22:25:25Z,OUTRO,PDF,DESCONHECIDO,NAO,
1ic5OYKuF_6X-l62ZfVvgnw1dc6Dznjg6,99_LIXEIRA_DUPLICADOS,02-24_-_tombamento_mancha_dos_bombeiros_-_pgina_1719838448.pdf,application/pdf,pdf,81467,2026-03-08T23:25:20.638Z,2026-03-06T22:24:59Z,OUTRO,PDF,DESCONHECIDO,NAO,
1ps8Dk-Sp90SJmed0lfyKiJtDRAUVNmOy,99_LIXEIRA_DUPLICADOS,2017_36_Sao-Paulo_RAE-Residencias-da-Familia-Ramos-de-Azevedo_1753284677017 (1).pdf,application/pdf,pdf,58709,2026-03-08T23:26:41.032Z,2026-03-06T22:00:59Z,OUTRO,PDF,DESCONHECIDO,NAO,
1Xw9-lsEmM87dzUIMpwR63Ns8LjJDV7kh,99_LIXEIRA_DUPLICADOS,02-23 - Anexo II.pdf,application/pdf,pdf,62255,2026-03-08T23:24:57.284Z,2026-03-06T22:24:58Z,OUTRO,PDF,DESCONHECIDO,NAO,
1PKAOSRf6rm03ab1_T6gKNtD4f_FIHywU,99_LIXEIRA_DUPLICADOS,2025_31_Sao-Paulo_RAE-Castelinho-da-Brigadeiro_1753229566887 (1).pdf,application/pdf,pdf,1402301,2026-03-08T23:27:43.046Z,2026-03-06T21:41:59Z,OUTRO,PDF,DESCONHECIDO,NAO,
1P7QShk7BPOCFj3-QiJonlMwLBFpZDyD8,99_LIXEIRA_DUPLICADOS,04-24 -  Tombamento da Escadaria da Rua Cristiano Viana - Anexos I e II - Página.pdf,application/pdf,pdf,66839,2026-03-08T23:24:53.196Z,2026-03-06T22:25:03Z,OUTRO,PDF,DESCONHECIDO,NAO,
1X6Tlwtc326uLrP6Tfl41nlW5ZvpggW9A,99_LIXEIRA_DUPLICADOS,re0619arquivamentoaptpracacelpiresandradepdf_1557156333.pdf,application/pdf,pdf,446832,2026-03-08T23:24:21.943Z,2026-03-06T22:32:21Z,OUTRO,PDF,DESCONHECIDO,NAO,
1WIpbJ7lom1Z62fRfKDd_9Kbm7zdgTC6u,99_LIXEIRA_DUPLICADOS,2025_4_Sao-Paulo_RAE-Estadio-Paulo-Machado-de-Carvalho_1753229566534 (1).pdf,application/pdf,pdf,197836,2026-03-08T23:24:34.436Z,2026-03-06T22:25:23Z,OUTRO,PDF,DESCONHECIDO,NAO,
121AhuBZr4-RadgRlBbx26RKNU9S3PMXa,99_LIXEIRA_DUPLICADOS,d833c_05_TEO_89_itens.pdf,application/pdf,pdf,19327,2026-03-08T23:24:31.639Z,2026-03-06T22:25:29Z,OUTRO,PDF,DESCONHECIDO,NAO,
1L0leUgxxR4JddIpgE7xzZ1vh4EfzVDQT,99_LIXEIRA_DUPLICADOS,Balanco_Financeiro_05MAI2025 (1).pdf,application/pdf,pdf,85879,2026-03-08T23:24:28.216Z,2026-03-06T22:25:28Z,OUTRO,PDF,DESCONHECIDO,NAO,
1mEWPEwhtmFviX2LlHE2uizNsJatX8gYx,99_LIXEIRA_DUPLICADOS,12-24 - Arquivamento da APT de Residência na Rua General Isidoro Dias Lopes n° 36 - Vila Amália - Página.pdf,application/pdf,pdf,67241,2026-03-08T23:23:54.481Z,2026-03-06T22:32:19Z,OUTRO,PDF,DESCONHECIDO,NAO,
15LV2FJqeDGymw5il7xPAukCcDi4VTZs1,99_LIXEIRA_DUPLICADOS,05-23 - ZEPEC- APC - Espaco Itau de cinema Augusta(1) (1).pdf,application/pdf,pdf,119820,2026-03-08T23:25:24.584Z,2026-03-06T22:08:52Z,TDC,PDF,DESCONHECIDO,NAO,
1msjkhAlUvpbaBf2M27uMDxcvQPl_5FHn,99_LIXEIRA_DUPLICADOS,Resolucao 07-23_Quadro III.pdf,application/pdf,pdf,77229,2026-03-08T23:25:12.285Z,2026-03-06T22:08:09Z,OUTRO,PDF,DESCONHECIDO,NAO,
1Iu8TpRwp50wUUtNAhpqOYZNgbAD_t2dR,99_LIXEIRA_DUPLICADOS,re0118tombamentoquadrilateropinheirospredinhoshipicamapa_1533150190.pdf,application/pdf,pdf,125589,2026-03-08T23:23:28.819Z,2026-03-06T22:32:19Z,GEO,PDF,DESCONHECIDO,NAO,
1vioyG1q7zQXu3IXCD8zQOGXHzxEN-vTu,99_LIXEIRA_DUPLICADOS,02-25 - Tombamento Ex Officio do Edifício Santo André - Página (1).pdf,application/pdf,pdf,122398,2026-03-08T23:23:54.495Z,2026-03-06T22:24:59Z,OUTRO,PDF,DESCONHECIDO,NAO,
1_kcRerqJ6pqx5URa7F-bgysP9_Chc8xG,99_LIXEIRA_DUPLICADOS,01-21 - APT Luminarias Ornamentais da Light.pdf,application/pdf,pdf,445314,2026-03-08T23:23:16.218Z,2026-03-06T22:32:19Z,OUTRO,PDF,DESCONHECIDO,NAO,
1bhgoXoVvOOq-qB3EsTnz2wI_OUa5O1pf,99_LIXEIRA_DUPLICADOS,tabela_2025_Retificado_em_12-02-25 (1).pdf,application/pdf,pdf,663970,2026-03-08T23:23:09.560Z,2026-03-06T22:25:33Z,OUTRO,PDF,DESCONHECIDO,NAO,
1TSAdRcPJL2zG6Uu8VYSIwVEe1aouzL-b,99_LIXEIRA_DUPLICADOS,re0120aptcomplexodroswaldoteixeiraduartecanindepdf_1580403993.pdf,application/pdf,pdf,521861,2026-03-08T23:22:41.969Z,2026-03-06T22:32:20Z,OUTRO,PDF,DESCONHECIDO,NAO,
1OQ71CvvkWjfreIvn7fdYDWzNo65B1-8x,99_LIXEIRA_DUPLICADOS,2025_93_Imaterial_Culturas Circenses_1766063267282.pdf,application/pdf,pdf,202379,2026-03-08T23:23:00.954Z,2026-03-06T22:25:27Z,OUTRO,PDF,DESCONHECIDO,NAO,
1M1g61kYt58mjYsYLBe8gteKbX4v-BmDl,99_LIXEIRA_DUPLICADOS,2018_24_Sao-Paulo_Casa-a-Rua-Ceara_1753238584741.pdf,application/pdf,pdf,308087,2026-03-08T23:24:39.198Z,2026-03-06T21:59:57Z,OUTRO,PDF,DESCONHECIDO,NAO,
1-ltB18jO3kBH2K7ouQfbn6ReL-C_z5w7,99_LIXEIRA_DUPLICADOS,2025_92_Sao Paulo_RAE_Escola de Primeiras Letras_1765548386667.pdf,application/pdf,pdf,537650,2026-03-08T23:22:48.198Z,2026-03-06T22:25:27Z,OUTRO,PDF,DESCONHECIDO,NAO,
1aBlGqYoH-8SIlHK6wQHZ3p2Xs6v65KuL,99_LIXEIRA_DUPLICADOS,2024_37_Sao-Jose-dos-Campos_RAE-Sanatorio-Vicentina-Aranha_1753230558904 (1).pdf,application/pdf,pdf,215536,2026-03-08T23:24:51.705Z,2026-03-06T21:51:16Z,OUTRO,PDF,DESCONHECIDO,NAO,
15XiJMuqk59aF-roP75JyO5LDAqRqNIPw,99_LIXEIRA_DUPLICADOS,18-24 - Arquivamento da Mancha M e ID 27 a 41 da Res.11-23 - Página.pdf,application/pdf,pdf,118835,2026-03-08T23:22:33.544Z,2026-03-06T22:25:18Z,OUTRO,PDF,DESCONHECIDO,NAO,
1JoIA1J-6mYb3m5hZhJLvMiCVZmtH5126,99_LIXEIRA_DUPLICADOS,08-23 - Zepec-APC - Santa Marina Atlético Clube - Página.pdf,application/pdf,pdf,71453,2026-03-08T23:22:21Z,2026-03-06T22:25:06Z,TDC,PDF,DESCONHECIDO,NAO,
1AlamvsHEu-T7Ko1bferK0Qy3pHddjpfL,99_LIXEIRA_DUPLICADOS,05-24_-_plano_salvaguarda_-_pgina_1720030244.pdf,application/pdf,pdf,85533,2026-03-08T23:22:18.875Z,2026-03-06T22:25:03Z,OUTRO,PDF,DESCONHECIDO,NAO,
1SDl_U2TzysPcUjDkf7TBQYM_PbPZwycZ,99_LIXEIRA_DUPLICADOS,10-25 - APT do Mobiliário Bar Balcão - Página (1).pdf,application/pdf,pdf,70668,2026-03-08T23:21:53.444Z,2026-03-06T22:25:12Z,OUTRO,PDF,DESCONHECIDO,NAO,
1IiPTSmd9LU_gUl-vuBGAfut77gKPT8uZ,99_LIXEIRA_DUPLICADOS,2025_87_Araras_RAE_Antigo Forum de Araras_1766061596076.pdf,application/pdf,pdf,495858,2026-03-08T23:21:50.431Z,2026-03-06T22:25:26Z,OUTRO,PDF,DESCONHECIDO,NAO,
1Et74au-jBZDJgXELREu1gUfoJwxiFg_M,99_LIXEIRA_DUPLICADOS,06-23_Complexo Esportivo do Ibirapuera(1).pdf,application/pdf,pdf,136204,2026-03-08T23:22:44.601Z,2026-03-06T22:08:46Z,OUTRO,PDF,DESCONHECIDO,NAO,
1yWTfpyDu1LcO0lR4iQzAAhGylTVhtMXr,99_LIXEIRA_DUPLICADOS,12-23 - APT Capela Dom Bosco (1).pdf,application/pdf,pdf,66658,2026-03-08T23:22:03.690Z,2026-03-06T22:06:50Z,OUTRO,PDF,DESCONHECIDO,NAO,
1aLKWjRYJsF_wdlf3YbuA-sf5B1oNPZMl,99_LIXEIRA_DUPLICADOS,re0118tombamentoquadrilateropinheirospredinhoshipicapdf_1549040068.pdf,application/pdf,pdf,527185,2026-03-08T23:20:13.170Z,2026-03-06T22:32:20Z,OUTRO,PDF,DESCONHECIDO,NAO,
1sD1rScyz1ohq36BmQG_9bE45e7wpp_HT,99_LIXEIRA_DUPLICADOS,07-24_-_apt_terreiro_ile_ase_omi_1719499071.pdf,application/pdf,pdf,580806,2026-03-08T23:20:27.985Z,2026-03-06T22:25:05Z,OUTRO,PDF,DESCONHECIDO,NAO,
12yEeITI4xyZqPbC8YGyHPdlwaNK0BIZC,99_LIXEIRA_DUPLICADOS,2025_05_Sao-Paulo_RAE-Sede-do-Sitio-Ressaca_1753229566431.pdf,application/pdf,pdf,704259,2026-03-08T23:20:05.858Z,2026-03-06T22:25:23Z,OUTRO,PDF,DESCONHECIDO,NAO,
1_bg2pLgbrioB85KMZskloG-89JI2nGt-,99_LIXEIRA_DUPLICADOS,08-25 - Complementação e detalhamento da Resolução 02-24 - QUADRO 1 (1).pdf,application/pdf,pdf,213122,2026-03-08T23:20:06.600Z,2026-03-06T22:25:11Z,OUTRO,PDF,DESCONHECIDO,NAO,
1vy-CwEkaNnIkeeX7261I7G_bTjDQiLZq,99_LIXEIRA_DUPLICADOS,PDE2013_SUBST2_Quadro_4_percentuais_ZEIS.csv,text/csv,csv,161,2026-03-08T23:38:37.251Z,2026-03-06T17:42:17Z,OUTRO,TABELA_DADO,DESCONHECIDO,NAO,
1NVeQon38NMirQADSs3VhW6Ws8P3pUQzY,99_LIXEIRA_DUPLICADOS,15-23 - Tombamento Ex-Officio do Conjunto Visconde de Porto Seguro.pdf,application/pdf,pdf,85061,2026-03-08T23:21:07.546Z,2026-03-06T22:06:29Z,OUTRO,PDF,DESCONHECIDO,NAO,
1X3DzPo1Bh-QO4ShF2T-zRzFmKBEkTrEo,99_LIXEIRA_DUPLICADOS,Balanco_Financeiro_03MAR2025 (1).pdf,application/pdf,pdf,38188,2026-03-08T23:19:50.222Z,2026-03-06T22:25:28Z,OUTRO,PDF,DESCONHECIDO,NAO,
18dQTjrqX9PdYE-y6THeQERkMd2nD_Sfi,99_LIXEIRA_DUPLICADOS,2025_91_Sao Paulo_RAE Igreja Santo Antonio_1765549460684 (1).pdf,application/pdf,pdf,358666,2026-03-08T23:22:31.741Z,2026-03-06T21:43:02Z,OUTRO,PDF,DESCONHECIDO,NAO,
1WK4iXNbJIDXTWH7cnM8yxz2w8Otel4Mo,99_LIXEIRA_DUPLICADOS,PDE2013_SUBST2_Quadro_3_CA_ZEIS.csv,text/csv,csv,285,2026-03-08T23:38:18.680Z,2026-03-06T17:42:16Z,OUTRO,TABELA_DADO,DESCONHECIDO,NAO,
1_x95MhLdeia3rXfghHYSE72bZ5_zA7QP,99_LIXEIRA_DUPLICADOS,2025_90_Sao Paulo_RAE Teatro Municipal e Edificio Alexandre Mackenzie_1765549460513.pdf,application/pdf,pdf,340121,2026-03-08T23:19:44.016Z,2026-03-06T22:25:27Z,OUTRO,PDF,DESCONHECIDO,NAO,
1KHfE3HyM9mNg7ofGJKTL1TW-MJwgMNpK,99_LIXEIRA_DUPLICADOS,Ano_2025_AD_12.xlsx,application/vnd.openxmlformats-officedocument.spreadsheetml.sheet,xlsx,236997,2026-03-08T23:38:14.756Z,2026-03-06T17:42:52Z,OUTRO,PLANILHA,DESCONHECIDO,NAO,
1RRi0PYHZiAeKux1YGHyy19rNNVZIP1pl,99_LIXEIRA_DUPLICADOS,re0118tombamentoquadrilateropinheirospredinhoshipicapdf_1549040068 (1).pdf,application/pdf,pdf,527185,2026-03-08T23:18:57.546Z,2026-03-06T22:32:20Z,OUTRO,PDF,DESCONHECIDO,NAO,
1XdxYi5K13EW0pO4ZB8FqLL7H83z76hX-,99_LIXEIRA_DUPLICADOS,06-25 - Arquivamento dos IDs 42 a 48 da Res. 11-23 - Página (1).pdf,application/pdf,pdf,105352,2026-03-08T23:19:22.277Z,2026-03-06T22:25:05Z,OUTRO,PDF,DESCONHECIDO,NAO,
1k6DTEwGoNP_Wo5oeAiSkKWzKTFtv6kfA,99_LIXEIRA_DUPLICADOS,19-24 - Arquivamento das Manchas A e B e ID 9 a 11 da Res.11-23 - Página.pdf,application/pdf,pdf,151056,2026-03-08T23:19:13.929Z,2026-03-06T22:25:18Z,OUTRO,PDF,DESCONHECIDO,NAO,
1NvNZh-yYnM20JPzVQBnV38S2RMexM81F,99_LIXEIRA_DUPLICADOS,04-25 - Arquivamento das Manchas C e G e ID 13 a 17 e 21 a 26 da Res.11-23 - Página.pdf,application/pdf,pdf,116859,2026-03-08T23:19:03.671Z,2026-03-06T22:25:03Z,OUTRO,PDF,DESCONHECIDO,NAO,
1zXB-W8C8Va4uHJj3zD9SC10rRzxtkuEC,99_LIXEIRA_DUPLICADOS,SIRGAS_SHP_areaenvoltoriaiphan2.csv,text/csv,csv,786,2026-03-08T23:37:32.324Z,2026-03-06T17:42:20Z,GEO,TABELA_DADO,OFICIAL,NAO,
15mD00Z0qiTXV583hWC3fagAzfg55ZzkM,99_LIXEIRA_DUPLICADOS,Balanco_Financeiro_04ABR2025555 (1).pdf,application/pdf,pdf,86994,2026-03-08T23:18:57.467Z,2026-03-06T22:25:28Z,OUTRO,PDF,DESCONHECIDO,NAO,
1Fpy2f31w_slVW1QWjaqQr1cxZnwwgsNm,99_LIXEIRA_DUPLICADOS,2025_88_Sao Paulo_RAE Edificio Esther e Antigo Instituto de Educacao Caetano de Campos_1765548386380 (1).pdf,application/pdf,pdf,272450,2026-03-08T23:21:41.953Z,2026-03-06T21:42:43Z,OUTRO,PDF,DESCONHECIDO,NAO,
1fLC5c50OfwJEVi8Wb1tgkWvspq-7e9Pi,99_LIXEIRA_DUPLICADOS,CONHECIMENTO_MESTRE_IA_V3 (1).1_INABALAVEL.md,text/markdown,md,1864,2026-03-08T23:25:09.972Z,2026-03-06T20:48:10Z,OUTRO,CODEX_DOC,DESCONHECIDO,NAO,
1k6DTEwGoNP_Wo5oeAiSkKWzKTFtv6kfA,99_LIXEIRA_DUPLICADOS,19-24 - Arquivamento das Manchas A e B e ID 9 a 11 da Res.11-23 - Página.pdf,application/pdf,pdf,151056,2026-03-08T23:19:13.929Z,2026-03-06T22:25:18Z,OUTRO,PDF,DESCONHECIDO,NAO,
1NvNZh-yYnM20JPzVQBnV38S2RMexM81F,99_LIXEIRA_DUPLICADOS,04-25 - Arquivamento das Manchas C e G e ID 13 a 17 e 21 a 26 da Res.11-23 - Página.pdf,application/pdf,pdf,116859,2026-03-08T23:19:03.671Z,2026-03-06T22:25:03Z,OUTRO,PDF,DESCONHECIDO,NAO,
1zXB-W8C8Va4uHJj3zD9SC10rRzxtkuEC,99_LIXEIRA_DUPLICADOS,SIRGAS_SHP_areaenvoltoriaiphan2.csv,text/csv,csv,786,2026-03-08T23:37:32.324Z,2026-03-06T17:42:20Z,GEO,TABELA_DADO,OFICIAL,NAO,
15mD00Z0qiTXV583hWC3fagAzfg55ZzkM,99_LIXEIRA_DUPLICADOS,Balanco_Financeiro_04ABR2025555 (1).pdf,application/pdf,pdf,86994,2026-03-08T23:18:57.467Z,2026-03-06T22:25:28Z,OUTRO,PDF,DESCONHECIDO,NAO,
1Fpy2f31w_slVW1QWjaqQr1cxZnwwgsNm,99_LIXEIRA_DUPLICADOS,2025_88_Sao Paulo_RAE Edificio Esther e Antigo Instituto de Educacao Caetano de Campos_1765548386380 (1).pdf,application/pdf,pdf,272450,2026-03-08T23:21:41.953Z,2026-03-06T21:42:43Z,OUTRO,PDF,DESCONHECIDO,NAO,
1fLC5c50OfwJEVi8Wb1tgkWvspq-7e9Pi,99_LIXEIRA_DUPLICADOS,CONHECIMENTO_MESTRE_IA_V3 (1).1_INABALAVEL.md,text/markdown,md,1864,2026-03-08T23:25:09.972Z,2026-03-06T20:48:10Z,OUTRO,CODEX_DOC,DESCONHECIDO,NAO,
1dueaIPrE95k4s_0tNt2GROon3gPA8QCd,99_LIXEIRA_DUPLICADOS,03-22 - Detalhamento da Resolução 22-2002 - para página.pdf,application/pdf,pdf,815302,2026-03-08T23:18:48.339Z,2026-03-06T22:24:59Z,OUTRO,PDF,DESCONHECIDO,NAO,
1ziyxMeSPv9FDqmfR237ZDysG0Q8IUNJm,99_LIXEIRA_DUPLICADOS,2022_51_Arapei_Fazenda-Rialto_1753232569256.pdf,application/pdf,pdf,325265,2026-03-08T23:18:36.951Z,2026-03-06T22:25:21Z,OUTRO,PDF,DESCONHECIDO,NAO,
10A8bT1ho5AtbFIxsIbhJ4ArgUlfNgXHm,99_LIXEIRA_DUPLICADOS,2018_30_Sao-Paulo_Tecelagem-de-Seda-Italo-Brasileira_1753238709931 (1).pdf,application/pdf,pdf,433323,2026-03-08T23:20:04.257Z,2026-03-06T22:00:04Z,JURIDICO,PDF,OFICIAL,NAO,
1HV-meBmkdGqX2mQGT_yFKb5z9eNvJSAz,99_LIXEIRA_DUPLICADOS,re0319aptconjuntocasasavconsrodriguesalves275a289pdf_1555529880.pdf,application/pdf,pdf,456181,2026-03-08T23:17:55.316Z,2026-03-06T22:32:21Z,OUTRO,PDF,DESCONHECIDO,NAO,
1eSE9BH8_zsQXTf4S9DKE2lXK6w9CAg44,99_LIXEIRA_DUPLICADOS,re0519apt3edificioscondominiosantacruzpdf_1556910196.pdf,application/pdf,pdf,458584,2026-03-08T23:17:54.781Z,2026-03-06T22:32:21Z,OUTRO,PDF,DESCONHECIDO,NAO,
1qhEbOJDkM5qbj1cyEnKw8ddFqYz_CyDO,99_LIXEIRA_DUPLICADOS,SIRGAS_SHP_requalifica_centro.shx,application/octet-stream,shx,140,2026-03-08T23:39:19.950Z,2026-03-06T17:05:36Z,GEO,GEO_SHP,OFICIAL,NAO,
1Qg0pQj2KwKwbS8lNLpJc4u9HRXEBQSkF,99_LIXEIRA_DUPLICADOS,criao_e_regulamentao_do_inventrio_memria_paulistana_-_13_1570640688.pdf,application/pdf,pdf,699415,2026-03-08T23:17:54.344Z,2026-03-06T22:32:19Z,OUTRO,PDF,DESCONHECIDO,NAO,
1LZTcwv1tyAal8TByHMz9QmaA80PfXskp,99_LIXEIRA_DUPLICADOS,re0419tombamentoantigosanatoriophilippepinelpdf_1555952993.pdf,application/pdf,pdf,577423,2026-03-08T23:17:53.002Z,2026-03-06T22:32:21Z,OUTRO,PDF,DESCONHECIDO,NAO,
1C1CjptSt0WN6OthxSDtnKLSbVku9JfYP,99_LIXEIRA_DUPLICADOS,re1219aptconjuntovilasoperariasmigliarimapa2_1567624270.pdf,application/pdf,pdf,442051,2026-03-08T23:17:50.667Z,2026-03-06T22:32:22Z,GEO,PDF,DESCONHECIDO,NAO,
1NE17rFhKuFVSJmcYlmiv1J_dG8JVrUQv,99_LIXEIRA_DUPLICADOS,05-20 - Detalhamento do Tombamento do Estádio Conde Rodolfo Crespi - Juventus - item 13 da Res_ 06-16.pdf,application/pdf,pdf,465277,2026-03-08T23:17:50.797Z,2026-03-06T22:32:18Z,OUTRO,PDF,DESCONHECIDO,NAO,
1UsdMeI8reP83YsYENp0LGJuISkGaVnnT,99_LIXEIRA_DUPLICADOS,re0220tombamento3edificioslargoarouchepdf_1583176246.pdf,application/pdf,pdf,869798,2026-03-08T23:17:50.556Z,2026-03-06T22:32:20Z,OUTRO,PDF,DESCONHECIDO,NAO,
1-F8-GbvqmPRx05RmnLRPlVGc2W3Ao_aO,99_LIXEIRA_DUPLICADOS,010 - QUADRO_4A_FINAL (1).csv,text/csv,csv,5355,2026-03-08T23:39:01.164Z,2026-03-06T17:07:13Z,OUTRO,TABELA_DADO,DESCONHECIDO,NAO,
14erHaioSO9JF2vC8gVpIicuDxU4as634,99_LIXEIRA_DUPLICADOS,re0320exclusaoedestherwiltonpaesdealmeidares3792pdf_1600964301 (1).pdf,application/pdf,pdf,666067,2026-03-08T23:17:41.726Z,2026-03-06T22:32:21Z,OUTRO,PDF,DESCONHECIDO,NAO,
1DthVasdX5uG-Aa4Vr2_wteyXUFUeLZie,99_LIXEIRA_DUPLICADOS,re0219raepalacioindustriasmapa_1556292064.pdf,application/pdf,pdf,343372,2026-03-08T23:17:41.768Z,2026-03-06T22:32:20Z,GEO,PDF,DESCONHECIDO,NAO,
1wjfBRMa0FtiPQpgelx11Z5H6sfLmWSX_,99_LIXEIRA_DUPLICADOS,07-20 - APT do Jardim Alfomares - para página (1).pdf,application/pdf,pdf,440168,2026-03-08T23:17:37.712Z,2026-03-06T22:32:19Z,OUTRO,PDF,DESCONHECIDO,NAO,
1wF4irHWdBvjY9vcU7a_1TppPjNKYliII,99_LIXEIRA_DUPLICADOS,2025_20_Sao-Sebastiao_RAE-Centro-Historico_1753229567107.pdf,application/pdf,pdf,824485,2026-03-08T23:18:04.644Z,2026-03-06T22:25:24Z,OUTRO,PDF,DESCONHECIDO,NAO,
1zWzix48iacugh_hRA8Sw_Pz2KvUsIDpu,99_LIXEIRA_DUPLICADOS,re0119exclusaoaptres2316ruaguarapuava136174pdf_1549560356.pdf,application/pdf,pdf,451242,2026-03-08T23:17:37.287Z,2026-03-06T22:32:20Z,OUTRO,PDF,DESCONHECIDO,NAO,
18s3vvuT2pAUGzSxubVhch0G_794NpQyJ,99_LIXEIRA_DUPLICADOS,05-20 - Detalhamento do Tombamento do Estádio Conde Rodolfo Crespi - Juventus - item 13 da Res_ 06-16-MAPA (1).pdf,application/pdf,pdf,168892,2026-03-08T23:17:35.956Z,2026-03-06T22:32:19Z,GEO,PDF,DESCONHECIDO,NAO,
1hux2LYYD1rK79qoHYj8T8krLVRCnFDHF,99_LIXEIRA_DUPLICADOS,2025_08_Sao-Sebastiao_RAE-Casa-da-Esperanca_1753229567334 (1).pdf,application/pdf,pdf,156293,2026-03-08T23:18:02.500Z,2026-03-06T22:25:24Z,OUTRO,PDF,DESCONHECIDO,NAO,
16MFkoDTVRpsc2Y3Txn70b2s9ro_sfRwT,99_LIXEIRA_DUPLICADOS,2022_49_Sao-Paulo_RAE-Casa-Mario-de-Andrade_1753232569470 (1).pdf,application/pdf,pdf,689911,2026-03-08T23:18:01.830Z,2026-03-06T22:25:21Z,OUTRO,PDF,DESCONHECIDO,NAO,
1epV6Q-O5w3EnpNdDjiCxo9c2XWQJ19vn,99_LIXEIRA_DUPLICADOS,re1219aptconjuntovilasoperariasmigliarimapa3_1567624297 (1).pdf,application/pdf,pdf,518000,2026-03-08T23:17:32.928Z,2026-03-06T22:32:23Z,GEO,PDF,DESCONHECIDO,NAO,
1fvJ4uP8D68fOopXy_5FcrBrDlU4CtWX1,99_LIXEIRA_DUPLICADOS,SIRGAS_SHP_requalifica_centro (1).shp,application/octet-stream,shp,8028,2026-03-08T23:38:56.688Z,2026-03-06T17:05:36Z,GEO,GEO_SHP,OFICIAL,NAO,
1QBnRDvd3pDhvLTsuPIvUivxrbNxrM1jF,99_LIXEIRA_DUPLICADOS,Balanco_Financeiro_05MAI2025.ods,application/vnd.oasis.opendocument.spreadsheet,ods,204686,2026-03-08T23:17:58.176Z,2026-03-06T22:25:28Z,OUTRO,PLANILHA,DESCONHECIDO,NAO,
1fbfLUtm_R43H4TzeRKgJuqrilGhNB1WQ,99_LIXEIRA_DUPLICADOS,Anexo 1 do D 57_536_2016 (1).pdf,application/pdf,pdf,56512,2026-03-08T23:17:55.510Z,2026-03-06T22:25:27Z,OUTRO,PDF,DESCONHECIDO,NAO,
1Mq1Qlr3cUYX_XC2UGYAVzaBbq65vWmOO,99_LIXEIRA_DUPLICADOS,2022_59_Sao-Paulo_-RAE-Memorial-da-America-Latina-transcricao_1753232839715.pdf,application/pdf,pdf,278423,2026-03-08T23:17:55.839Z,2026-03-06T22:25:21Z,OUTRO,AUDITORIA,NOSSO,NAO,
1ALHmuhM9WUgg4AUEIW7ly_ZslRfjZTXP,99_LIXEIRA_DUPLICADOS,Resolucao 07-23_Mancha dos Bombeiros (1).pdf,application/pdf,pdf,91845,2026-03-08T23:17:55.055Z,2026-03-06T22:25:32Z,OUTRO,PDF,DESCONHECIDO,NAO,
1ppZpmca4IfZNq9oOxlC_gxhtUEPx0NIW,99_LIXEIRA_DUPLICADOS,10-24 - Tombamento da Escola Panamericana de Artes - Página.pdf,application/pdf,pdf,75666,2026-03-08T23:17:55.910Z,2026-03-06T22:25:12Z,OUTRO,PDF,DESCONHECIDO,NAO,
1aHhHxOzlI8t8XnQxS5-oCn505RPpcGW9,99_LIXEIRA_DUPLICADOS,lista_certidao_ZEPEC-BIR_agosto-2025.xlsx,application/vnd.openxmlformats-officedocument.spreadsheetml.sheet,xlsx,194082,2026-03-08T23:17:54.243Z,2026-03-06T22:25:29Z,TDC,PLANILHA,DESCONHECIDO,NAO,
1PD6m9TdnnQ9SOpW7mb8V2qxGdk2NsuV0,99_LIXEIRA_DUPLICADOS,2019_47_Sao-Paulo_Casa-Guilherme-de-Almeida_1753238121058.pdf,application/pdf,pdf,736890,2026-03-08T23:17:54.801Z,2026-03-06T22:25:19Z,OUTRO,PDF,DESCONHECIDO,NAO,
1333vFxwMmNOh8f-eGeA7L59-66ykDCOR,99_LIXEIRA_DUPLICADOS,14-24 - Arquivamento da Mancha N - Sílvio Sacramento e Arruda Alvim da Res.11-23 - Página.pdf,application/pdf,pdf,108053,2026-03-08T23:17:54.407Z,2026-03-06T22:25:16Z,OUTRO,PDF,DESCONHECIDO,NAO,
1rEimDRazz_oAyn8wrNMpU1eR5LRPVh6b,99_LIXEIRA_DUPLICADOS,05-20 - Detalhamento do Tombamento do Estádio Conde Rodolfo Crespi - Juventus - item 13 da Res_ 06-16-MAPA.pdf,application/pdf,pdf,168892,2026-03-08T23:17:25.788Z,2026-03-06T22:32:19Z,GEO,PDF,DESCONHECIDO,NAO,
12syFuTD9A5vT1chUlY3HLykNDN9pPl3H,99_LIXEIRA_DUPLICADOS,15-23 - Tombamento Ex-Officio do Conjunto Visconde de Porto Seguro (1).pdf,application/pdf,pdf,85061,2026-03-08T23:17:53.235Z,2026-03-06T22:25:17Z,OUTRO,PDF,DESCONHECIDO,NAO,
1HmTbDEFfzZIQChpGSR83Cxgy5YQYNEOA,99_LIXEIRA_DUPLICADOS,Resolucao 01_22 CONPRESP (1).pdf,application/pdf,pdf,102278,2026-03-08T23:17:50.618Z,2026-03-06T22:25:31Z,OUTRO,JURISPRUDENCIA,OFICIAL,NAO,
1GU6gziWK69XhuTbgdida1c4LFbZG6Cu4,99_LIXEIRA_DUPLICADOS,2018_102_Sao-Paulo_Moinho-Matarazzo_1753238762358.pdf,application/pdf,pdf,391450,2026-03-08T23:17:51.449Z,2026-03-06T22:25:18Z,OUTRO,PDF,DESCONHECIDO,NAO,
1j2RxttbpGe6Rkw6enXznP4XXd1fvB9BZ,99_LIXEIRA_DUPLICADOS,2025_06_Sao-Paulo_RAE-Igreja-Nossa-Senhora-da-Boa-Morte_1753229566247.pdf,application/pdf,pdf,886676,2026-03-08T23:17:47.450Z,2026-03-06T22:25:24Z,OUTRO,PDF,DESCONHECIDO,NAO,
1VENRb54-p1s-N19jWkAs4vixdgY-RcOc,99_LIXEIRA_DUPLICADOS,re1219aptconjuntovilasoperariasmigliaripdfve_1568922885.pdf,application/pdf,pdf,627623,2026-03-08T23:17:19.923Z,2026-03-06T22:32:23Z,OUTRO,PDF,DESCONHECIDO,NAO,
14QpTpoa_S_-UeJo2BEl99RLfuejhJzK0,99_LIXEIRA_DUPLICADOS,re0719raeteatromunicipalpdf_1563473222.pdf,application/pdf,pdf,640450,2026-03-08T23:17:18.417Z,2026-03-06T22:32:22Z,OUTRO,PDF,DESCONHECIDO,NAO,
1uY4-1lPTdreGG_eUWGf5n2-wJdbEBI1T,99_LIXEIRA_DUPLICADOS,12-23 - APT Capela Dom Bosco.pdf,application/pdf,pdf,66658,2026-03-08T23:17:45.991Z,2026-03-06T22:25:14Z,OUTRO,PDF,DESCONHECIDO,NAO,
1jgbbntLMu3Ym1sLtDjHs5Q1jdaYtOITR,99_LIXEIRA_DUPLICADOS,11-23 - APT Perímetro Cerqueira César - Anexo I - Página.pdf,application/pdf,pdf,90935,2026-03-08T23:17:45.612Z,2026-03-06T22:25:12Z,OUTRO,PDF,DESCONHECIDO,NAO,
1CNk0lOrUQzqyw1Y2tDi1fjlwHP8Wk2PF,99_LIXEIRA_DUPLICADOS,14-23 -APT Solar Fábio Prado.pdf,application/pdf,pdf,530449,2026-03-08T23:17:44.147Z,2026-03-06T22:25:16Z,OUTRO,PDF,DESCONHECIDO,NAO,
1AJkLeY7n_23Kk4O_O1jZHkebdEn02D8i,99_LIXEIRA_DUPLICADOS,ZPDS_r.dbf,application/octet-stream,dbf,1420,2026-03-08T23:38:38.127Z,2026-03-06T17:06:18Z,GEO,GEO_SHP,DESCONHECIDO,NAO,
1BP2iZYP3l9Q10R0qSqH8rGrxNWFsXq2N,99_LIXEIRA_DUPLICADOS,re2316aptimoveisindicadospelapopulacaozepecrepdf_1561649853.pdf,application/pdf,pdf,324178,2026-03-08T23:17:41.491Z,2026-03-06T22:25:31Z,TDC,PDF,DESCONHECIDO,NAO,
10fn2vdI4MTiFKxhp_n6P0S43WTiRM4YO,99_LIXEIRA_DUPLICADOS,01-23 - APT - Associação Feminina Beneficente e Instrutiva Analia Franco - Página (1) (1).pdf,application/pdf,pdf,74813,2026-03-08T23:17:41.017Z,2026-03-06T22:24:56Z,OUTRO,PDF,DESCONHECIDO,NAO,
1SYFlY_ZH8KnGK1497UiM50tIvSAxkk5O,99_LIXEIRA_DUPLICADOS,Balanco_Financeiro_01JAN2025 (1).pdf,application/pdf,pdf,36356,2026-03-08T23:17:38.176Z,2026-03-06T22:25:27Z,OUTRO,PDF,DESCONHECIDO,NAO,
1wSsZK37JW5wvYBOGjSxhjc2eNa2KDK6q,99_LIXEIRA_DUPLICADOS,2018_103_Sao-Paulo_Parque-Estadual-Fontes-do-Ipiranga_1753238783798 (1).pdf,application/pdf,pdf,424907,2026-03-08T23:17:38.497Z,2026-03-06T22:25:19Z,OUTRO,PDF,DESCONHECIDO,NAO,
1XaOiMSJcSUKFtFoRPOv0MsvhRHzO98LT,99_LIXEIRA_DUPLICADOS,2025_91_Sao Paulo_RAE Igreja Santo Antonio_1765549460684.pdf,application/pdf,pdf,358666,2026-03-08T23:17:37.946Z,2026-03-06T22:25:27Z,OUTRO,PDF,DESCONHECIDO,NAO,
1PYbexF20bWIyN4vmtXNXjUmE2MwARcVj,99_LIXEIRA_DUPLICADOS,15-25 - APT do Campo dos Engenheiros - Página.pdf,application/pdf,pdf,57296,2026-03-08T23:17:38.542Z,2026-03-06T22:25:17Z,OUTRO,PDF,DESCONHECIDO,NAO,
1tkzqmROXvV7D2hTWEEFuGHELaOnMMxRB,99_LIXEIRA_DUPLICADOS,cartilha_doacao_area_parhis (1).pdf,application/pdf,pdf,2405494,2026-03-08T23:17:37.629Z,2026-03-06T22:25:29Z,OUTRO,PDF,DESCONHECIDO,NAO,
1VNF8C3u22hcP0_MHS3n1JScwVzNEvxh2,99_LIXEIRA_DUPLICADOS,16-25 - Complementação da Resolução nº 54-CONPRESP-2018 - Página.pdf,application/pdf,pdf,181413,2026-03-08T23:17:38.206Z,2026-03-06T22:25:17Z,OUTRO,PDF,OFICIAL,NAO,
1FHiVwoYKEHhxUqH13SaTct7xbnupG_Yf,99_LIXEIRA_DUPLICADOS,2018_105_Sao-Paulo_Hospital-Psiquiatrico-Philippe-Pinel_1753238856743.pdf,application/pdf,pdf,502747,2026-03-08T23:17:37.779Z,2026-03-06T22:25:19Z,OUTRO,PDF,DESCONHECIDO,NAO,
185lI3WrCGsDdwlhDxSDXPmQkRLiBo0eG,99_LIXEIRA_DUPLICADOS,"03-24 - Tombamento do Conjunto da Escadaria da Rua Alves Guimarães - Anexos I, II e III - Página.pdf",application/pdf,pdf,63703,2026-03-08T23:17:38.561Z,2026-03-06T22:24:59Z,OUTRO,PDF,DESCONHECIDO,NAO,
1wrPxrFVeOJaertEQB9mneEDbnMAOiBoo,99_LIXEIRA_DUPLICADOS,2025_19_Sao-Paulo_RAE-Casa-de-Vidro-do-Morumbi_1753229567245 (1).pdf,application/pdf,pdf,383999,2026-03-08T23:17:36.414Z,2026-03-06T22:25:24Z,OUTRO,PDF,DESCONHECIDO,NAO,
1WIwRTdWiXG35vx1cHkPhykFilbTi9CDp,99_LIXEIRA_DUPLICADOS,Balanco_Financeiro_01JAN2025.pdf,application/pdf,pdf,36356,2026-03-08T23:22:25.599Z,2026-03-06T21:11:56Z,OUTRO,PDF,DESCONHECIDO,NAO,
1a4vNnhm1r_ld0pOlmV_5zpKINDb0lbWN,99_LIXEIRA_DUPLICADOS,02-23 - Anexo I.pdf,application/pdf,pdf,271294,2026-03-08T23:17:36.495Z,2026-03-06T22:24:57Z,OUTRO,PDF,DESCONHECIDO,NAO,
1Vo-j2h_uZBKXkUva-JSzWDBWVCcNLA20,99_LIXEIRA_DUPLICADOS,01-25 - Arquivamento Parcial das Manchas I e J e ID 50 a 52 da Res.11-23 - Página (1).pdf,application/pdf,pdf,135992,2026-03-08T23:17:36.313Z,2026-03-06T22:24:56Z,OUTRO,PDF,DESCONHECIDO,NAO,
1xNr1fdTUU6xxZ41FASXzzstIjShyJV4i,99_LIXEIRA_DUPLICADOS,2024_10_Sao-Paulo_RAE-Igreja-de-Sao-Goncalo_definida_1753230558796.pdf,application/pdf,pdf,746770,2026-03-08T23:17:34.474Z,2026-03-06T22:25:22Z,OUTRO,PDF,DESCONHECIDO,NAO,
1W-NALy3IBBmslp0jV6CXwFFW8x-I8_Pg,99_LIXEIRA_DUPLICADOS,lista_declaracoes_ZEPEC-BIR_agosto-2025.xlsx,application/vnd.openxmlformats-officedocument.spreadsheetml.sheet,xlsx,225063,2026-03-08T23:17:33.033Z,2026-03-06T22:25:30Z,TDC,PLANILHA,DESCONHECIDO,NAO,
1OEqTcjkn-b2srmhtxciZTYvKa-5ftapp,99_LIXEIRA_DUPLICADOS,04-24 -  Tombamento da Escadaria da Rua Cristiano Viana - Página (1).pdf,application/pdf,pdf,76019,2026-03-08T23:17:32.986Z,2026-03-06T22:25:03Z,OUTRO,PDF,DESCONHECIDO,NAO,
1opl-Zm9OGzHrTLzFb2jzE-StI0wX8FAj,99_LIXEIRA_DUPLICADOS,Resolucao 07-23_Quadro III (1).pdf,application/pdf,pdf,77229,2026-03-08T23:17:29.005Z,2026-03-06T22:25:33Z,OUTRO,PDF,DESCONHECIDO,NAO,
1Mt0gaTHnj2HNwnlEFVpu5oCeG-G5-d1w,99_LIXEIRA_DUPLICADOS,Re0716RegulamentacaoProcedimentosRegistroBensImateriaisPDF_1457716829 (1).pdf,application/pdf,pdf,73503,2026-03-08T23:17:27.286Z,2026-03-06T22:25:30Z,OUTRO,PDF,DESCONHECIDO,NAO,
1ytm1pLvdGB9j-uHd2_anrpgWiA3szEP7,99_LIXEIRA_DUPLICADOS,03-23 - RAE da Sede do Antigo Sitio Itaim - Página(1).pdf,application/pdf,pdf,97028,2026-03-08T23:17:29.296Z,2026-03-06T22:24:59Z,OUTRO,PDF,DESCONHECIDO,NAO,
1jQgiit8ZFctlI6iX6LDp9XN60m4-Kt6G,99_LIXEIRA_DUPLICADOS,2019_35_Sao-Paulo_Terreiro-Santa-Barbara_1753237911022.pdf,application/pdf,pdf,780929,2026-03-08T23:17:27.003Z,2026-03-06T22:25:19Z,OUTRO,PDF,DESCONHECIDO,NAO,
1B052mJ_hrS2d2dAizqKtMpMFr8j5rjO-,99_LIXEIRA_DUPLICADOS,49c99_22_T_Bairro_da_Bela_Vista (1).pdf,application/pdf,pdf,412003,2026-03-08T23:17:27.060Z,2026-03-06T22:25:18Z,OUTRO,PDF,DESCONHECIDO,NAO,
1RoqXFzfQbE-ho5pET4NvCtNePXcJ-uVc,99_LIXEIRA_DUPLICADOS,2021_37_Sao-Paulo_Bairros-dos-Jardins_1753237339808 (1).pdf,application/pdf,pdf,1898928,2026-03-08T23:17:26.779Z,2026-03-06T22:25:20Z,OUTRO,PDF,DESCONHECIDO,NAO,
1_jBMsVwIQpxsCl4hWta19jnzErx3UMgt,99_LIXEIRA_DUPLICADOS,10-23 - Tombamento Vila João Migliari - MAPA (1).pdf,application/pdf,pdf,1939844,2026-03-08T23:17:25.924Z,2026-03-06T22:25:13Z,GEO,PDF,DESCONHECIDO,NAO,
1kweF2rJjHgo-4f2jh2QR66QNSTVo5OW1,99_LIXEIRA_DUPLICADOS,08-24 - APT Terreiro de Candomblé Abassá Oxum Oxóssi - Página.pdf,application/pdf,pdf,49425,2026-03-08T23:17:25.970Z,2026-03-06T22:25:06Z,OUTRO,PDF,DESCONHECIDO,NAO,
1UV3dyxsTCAMNZxb-PUC9UX_ltnEp9XGV,99_LIXEIRA_DUPLICADOS,Resolucao 07-23_Quadro II.pdf,application/pdf,pdf,56272,2026-03-08T23:17:24.199Z,2026-03-06T22:25:32Z,OUTRO,PDF,DESCONHECIDO,NAO,
1tcAlXT1lJj0plgiXZuX47iRNobYomnzT,99_LIXEIRA_DUPLICADOS,Resolucao 07-23_Quadro I.pdf,application/pdf,pdf,58948,2026-03-08T23:17:22.780Z,2026-03-06T22:25:32Z,OUTRO,PDF,DESCONHECIDO,NAO,
1ISNzr0UU4SsJcwt3SeY3bmZ_PsgQ6YDR,99_LIXEIRA_DUPLICADOS,2018_30_Sao-Paulo_Tecelagem-de-Seda-Italo-Brasileira_1753238709931.pdf,application/pdf,pdf,433323,2026-03-08T23:17:22.492Z,2026-03-06T22:25:18Z,JURIDICO,PDF,OFICIAL,NAO,
1igDrocOleIYbx9Paj2bBWKSUJNpiGRcY,99_LIXEIRA_DUPLICADOS,ZCOR_3.dbf,application/octet-stream,dbf,4948,2026-03-08T23:38:18.712Z,2026-03-06T17:05:53Z,GEO,GEO_SHP,DESCONHECIDO,NAO,
1yYqVFQ5IZR-Ozw_FlGkzqPrwv6HBmbgC,99_LIXEIRA_DUPLICADOS,08-25 - Complementação e detalhamento da Resolução 02-24 - QUADRO II.pdf,application/pdf,pdf,186282,2026-03-08T23:17:22.436Z,2026-03-06T22:25:12Z,OUTRO,PDF,DESCONHECIDO,NAO,
12QayP0iBYoc5-s25hvQyjxPMRpBlM1Y1,99_LIXEIRA_DUPLICADOS,Requerimento DEUSO(1).pdf,application/pdf,pdf,598981,2026-03-08T23:17:21.058Z,2026-03-06T22:25:31Z,OUTRO,PDF,DESCONHECIDO,NAO,
15n6JE5JZpB-SLs6CA9gvOz00N9Du3U27,99_LIXEIRA_DUPLICADOS,05-22 - Tombamento das Luminárias Ornamentais da Light - Página.pdf,application/pdf,pdf,539261,2026-03-08T23:17:22.757Z,2026-03-06T22:25:03Z,OUTRO,PDF,DESCONHECIDO,NAO,
1vQGGjyIxYgMcLzT_gAS1kjeSdquXpthW,99_LIXEIRA_DUPLICADOS,Balanco_Financeiro_10OUT2025.pdf,application/pdf,pdf,36900,2026-03-08T23:17:20.932Z,2026-03-06T22:25:28Z,OUTRO,PDF,DESCONHECIDO,NAO,
1V2dF78UGGZWsAkK-BsSSEATQKWMpYSDd,99_LIXEIRA_DUPLICADOS,Resolucao 04 CONSPRESP 2023 - MAPA.pdf,application/pdf,pdf,241426,2026-03-08T23:17:20.038Z,2026-03-06T22:25:32Z,GEO,JURISPRUDENCIA,DESCONHECIDO,NAO,
1Gozz4Ry4wzL0gnimMgC1L9ordDMY-gJL,99_LIXEIRA_DUPLICADOS,SIRGAS_SHP_LOTES_91_VILA_MATILDE.shx,application/octet-stream,shx,180364,2026-03-08T23:38:18.747Z,2026-03-06T17:05:24Z,GEO,GEO_SHP,OFICIAL,NAO,
1W_4WV6HT8m4UHZGSurYxKOIgmR0Tdo40,99_LIXEIRA_DUPLICADOS,2017_36_Sao-Paulo_RAE-Residencias-da-Familia-Ramos-de-Azevedo_1753284677017.pdf,application/pdf,pdf,58709,2026-03-08T23:17:20.298Z,2026-03-06T22:25:18Z,OUTRO,PDF,DESCONHECIDO,NAO,
1uzqsMfv_aMtYMI83twEBkAkQi-81Y_rQ,99_LIXEIRA_DUPLICADOS,02-21 - APT  Avenida Angélica 1900 (1).pdf,application/pdf,pdf,251659,2026-03-08T23:17:20.440Z,2026-03-06T22:24:57Z,OUTRO,PDF,DESCONHECIDO,NAO,
16Oxr2aNyhw-rbclHDCtKryMdgNy4LVQS,99_LIXEIRA_DUPLICADOS,2019_31_Sao-Paulo_Equipamentos-de-Saude-no-Bairro-Cerqueira-Cesar_1753237602814.pdf,application/pdf,pdf,355517,2026-03-08T23:17:17.816Z,2026-03-06T22:25:19Z,OUTRO,PDF,DESCONHECIDO,NAO,
1mUOXmnNXS_3RaLRmKrQEzaOw4f-Zgysw,99_LIXEIRA_DUPLICADOS,08-24 - APT Terreiro de Candomblé Abassá Oxum Oxóssi - MAPA - Página (1).pdf,application/pdf,pdf,1180548,2026-03-08T23:17:17.682Z,2026-03-06T22:25:07Z,GEO,PDF,DESCONHECIDO,NAO,
1N7rwDBpTQvgQdeldd7NYKe7LCWxBy539,99_LIXEIRA_DUPLICADOS,07-24_-_apt_terreiro_ile_ase_omi_1719499071 (1).pdf,application/pdf,pdf,580806,2026-03-08T23:17:55.546Z,2026-03-06T22:12:22Z,OUTRO,PDF,DESCONHECIDO,NAO,
18n68UhG-QpfeCaE0Atg8SZoWZ6gEX6gR,99_LIXEIRA_DUPLICADOS,03-25 - Arquivamento da Mancha H da Res.11-23 - Página (1).pdf,application/pdf,pdf,103945,2026-03-08T23:16:58.463Z,2026-03-06T22:25:01Z,OUTRO,PDF,DESCONHECIDO,NAO,
1c22zzK0LMsc_Pp-gKX-TwvjwlOUDettZ,99_LIXEIRA_DUPLICADOS,ZER_2.shx,application/octet-stream,shx,820,2026-03-08T23:37:48.697Z,2026-03-06T17:06:07Z,GEO,GEO_SHP,DESCONHECIDO,NAO,
1zWKTfEubktucVkcvcr2LBdyLMJbe6Hi2,99_LIXEIRA_DUPLICADOS,ZM_u.shx,application/octet-stream,shx,146748,2026-03-08T23:37:45.549Z,2026-03-06T17:06:15Z,GEO,GEO_SHP,DESCONHECIDO,NAO,
1XJ_nI3QOmSgLBxq0GpHu6CFyI4uC2dZy,99_LIXEIRA_DUPLICADOS,ZEU_a.shx,application/octet-stream,shx,4908,2026-03-08T23:37:45.522Z,2026-03-06T17:06:09Z,GEO,GEO_SHP,DESCONHECIDO,NAO,
1BLyi-quYR84te6ypyq4mdJxzlJ_-htfj,99_LIXEIRA_DUPLICADOS,Resolucao 01_22 CONPRESP.pdf,application/pdf,pdf,102278,2026-03-08T23:17:54.206Z,2026-03-06T22:06:15Z,OUTRO,PDF,OFICIAL,NAO,
1atX35Vt8bEEd2tX40EGgnsmIFNgnDBuC,99_LIXEIRA_DUPLICADOS,SIRGAS_SHP_LOTES_87_VILA_JACUI (1).shp,application/octet-stream,shp,3020148,2026-03-08T23:37:28.613Z,2026-03-06T17:05:22Z,GEO,GEO_SHP,OFICIAL,NAO,
1ZsBG4mSQ-Llf8WwkK3Cia1XN0mrXGHgi,99_LIXEIRA_DUPLICADOS,Resolucao 07-23_Mancha dos Bombeiros_MAPA (1).pdf,application/pdf,pdf,493273,2026-03-08T23:17:37.563Z,2026-03-06T22:08:03Z,GEO,PDF,DESCONHECIDO,NAO,
1bt37KeUTE6Kuii_OXkZIexEvr_ojBVw6,99_LIXEIRA_DUPLICADOS,CONHECIMENTO_MESTRE_IA_V3.1_INABALAVEL.md,text/markdown,md,1864,2026-03-08T23:22:45.280Z,2026-03-06T20:48:10Z,OUTRO,CODEX_DOC,DESCONHECIDO,NAO,
1rrnc9JNM6Sxf5DGTr30evWF958_sQoyS,99_LIXEIRA_DUPLICADOS,001_-_QUADRO_1_FINAL (2).csv,text/csv,csv,14870,2026-03-08T23:37:07.858Z,2026-03-06T17:07:11Z,OUTRO,TABELA_DADO,DESCONHECIDO,NAO,
1wdDp38w8XI7SAPyr7WfWs3H_JQHvMc8W,99_LIXEIRA_DUPLICADOS,2018_103_Sao-Paulo_Parque-Estadual-Fontes-do-Ipiranga_1753238783798.pdf,application/pdf,pdf,424907,2026-03-08T23:17:49.469Z,2026-03-06T22:00:17Z,OUTRO,PDF,DESCONHECIDO,NAO,
1AOEphMT423HQfWds7clo6YY4JdSvnNCn,99_LIXEIRA_DUPLICADOS,SIRGAS_SHP_LOTES_89_VILA_MARIA.shx,application/octet-stream,shx,158892,2026-03-08T23:37:03.905Z,2026-03-06T17:05:23Z,GEO,GEO_SHP,OFICIAL,NAO,
1Ew0_peyAjLqzsXQeS5jYAYYLwKNvURgf,99_LIXEIRA_DUPLICADOS,ZEPEC_AUE.dbf,application/octet-stream,dbf,15626,2026-03-08T23:36:45.582Z,2026-03-06T17:06:03Z,GEO,GEO_SHP,DESCONHECIDO,NAO,
1ITM-kwjfJ7mxfrmokMK9vSv0tl5RhMdN,99_LIXEIRA_DUPLICADOS,ZC_a.shp,application/octet-stream,shp,590912,2026-03-08T23:36:41.726Z,2026-03-06T17:05:49Z,GEO,GEO_SHP,DESCONHECIDO,NAO,
1Ew0_peyAjLqzsXQeS5jYAYYLwKNvURgf,99_LIXEIRA_DUPLICADOS,ZEPEC_AUE.dbf,application/octet-stream,dbf,15626,2026-03-08T23:36:45.582Z,2026-03-06T17:06:03Z,GEO,GEO_SHP,DESCONHECIDO,NAO,
1ITM-kwjfJ7mxfrmokMK9vSv0tl5RhMdN,99_LIXEIRA_DUPLICADOS,ZC_a.shp,application/octet-stream,shp,590912,2026-03-08T23:36:41.726Z,2026-03-06T17:05:49Z,GEO,GEO_SHP,DESCONHECIDO,NAO,
1rxPGK5o9cH8qoblS-el9h_8BUod_Hfx8,99_LIXEIRA_DUPLICADOS,2019_49_Sao-Paulo_-Conjunto-de-bens-imoveis-no-bairro-de-Higienopolis_1753238164725 (1).pdf,application/pdf,pdf,279657,2026-03-08T23:17:24.215Z,2026-03-06T21:59:52Z,OUTRO,PDF,DESCONHECIDO,NAO,
13vnFptBBsuIxVNGN7YYfpcmlMlLk98KS,99_LIXEIRA_DUPLICADOS,SIRGAS_SHP_LOTES_84_VILA_CURUCA.dbf,application/octet-stream,dbf,356641,2026-03-08T23:36:42.477Z,2026-03-06T17:05:18Z,GEO,GEO_SHP,OFICIAL,NAO,
1zckmDVp8iNZvkahTWAkQydWMlaXfB91A,99_LIXEIRA_DUPLICADOS,2019_47_Sao-Paulo_Casa-Guilherme-de-Almeida_1753238121058 (1).pdf,application/pdf,pdf,736890,2026-03-08T23:17:22.828Z,2026-03-06T21:59:47Z,OUTRO,PDF,DESCONHECIDO,NAO,
1Z29zsQK3rDkQrJcq5lmbgUZXByYHbOul,99_LIXEIRA_DUPLICADOS,SIRGAS_SHP_subvencao_economica (1).shx,application/octet-stream,shx,348,2026-03-08T23:36:18.829Z,2026-03-06T17:05:46Z,GEO,GEO_SHP,OFICIAL,NAO,
1_CTP42OWCSuE0hsS1_mSyd7iyNbw9DKb,99_LIXEIRA_DUPLICADOS,ZDE_2.shp,application/octet-stream,shp,294392,2026-03-08T23:36:14.952Z,2026-03-06T17:05:55Z,GEO,GEO_SHP,DESCONHECIDO,NAO,
1Dh1AKr62Vl0d9t9_4AdoRfiGyE_BSpCh,99_LIXEIRA_DUPLICADOS,RESOLUÇÃO SECRETARIA MUNICIPAL DE URBANISMO E LICENCIAMENTO - SMUL_CAEHIS Nº 2 DE 2 DE SETEMBRO DE 2021 « Catálogo de Legislação Municipal.pdf,application/pdf,pdf,72675,2026-03-08T23:36:35.323Z,2026-03-06T16:57:15Z,GOVERNANCA,PDF,DESCONHECIDO,NAO,
18IKWc6c9MWQsOu67C_R7qoKbMLjXFN2Z,99_LIXEIRA_DUPLICADOS,PRONUNCIAMENTO SMUL.ATECC.CTLU_001_2024 - Secretaria Municipal de Urbanismo e Licenciamento - Prefeitura.pdf,application/pdf,pdf,467736,2026-03-08T23:36:35.361Z,2026-03-06T16:57:12Z,OUTRO,PDF,OFICIAL,NAO,
1o0DQTFzRjZocMq95I9YViT4b4HkURXIQ,99_LIXEIRA_DUPLICADOS,2025_19_Sao-Paulo_RAE-Casa-de-Vidro-do-Morumbi_1753229567245.pdf,application/pdf,pdf,383999,2026-03-08T23:17:50.776Z,2026-03-06T21:41:48Z,OUTRO,PDF,DESCONHECIDO,NAO,
1Bz4vANV-XR00IWpBmQiHTdN4-T9n12FU,99_LIXEIRA_DUPLICADOS,SIRGAS_SHP_planomacro_polygon.shx,application/octet-stream,shx,396,2026-03-08T23:35:55.442Z,2026-03-06T17:05:33Z,GEO,GEO_SHP,OFICIAL,NAO,
19-AaKerjzS_KmDOwmLMtH4oZ5niEW2m2,99_LIXEIRA_DUPLICADOS,2025_85_Sao Paulo_RAE_Edificio do Antigo Banco de Sao Paulo_1765548386216.pdf,application/pdf,pdf,326987,2026-03-08T23:17:45.917Z,2026-03-06T21:42:32Z,OUTRO,PDF,DESCONHECIDO,NAO,
1HTQeTYDy1x2iu2bmGuF1rg5Qsby6KYvp,99_LIXEIRA_DUPLICADOS,anual2007.xls,application/vnd.ms-excel,xls,762880,2026-03-08T23:33:24.832Z,2026-03-06T17:42:57Z,OUTRO,PLANILHA,DESCONHECIDO,NAO,
1m1-9RaYo-VQwxfj1_PsdUICTDW4VtoeE,99_LIXEIRA_DUPLICADOS,2025_92_Sao Paulo_RAE_Escola de Primeiras Letras_1765548386667 (1).pdf,application/pdf,pdf,537650,2026-03-08T23:17:25.881Z,2026-03-06T21:43:07Z,OUTRO,PDF,DESCONHECIDO,NAO,
19pDWFQ2IqUvrio_Pn8GSEy1WR3doRfO_,99_LIXEIRA_DUPLICADOS,2025_93_Imaterial_Culturas Circenses_1766063267282 (1).pdf,application/pdf,pdf,202379,2026-03-08T23:17:24.934Z,2026-03-06T21:43:12Z,OUTRO,PDF,DESCONHECIDO,NAO,
1m3z7zvHvBezVbEZob62RIKsZ43Z0YMKS,99_LIXEIRA_DUPLICADOS,Balanco_Financeiro_04ABR2025555.pdf,application/pdf,pdf,86994,2026-03-08T23:19:21.484Z,2026-03-06T21:12:22Z,OUTRO,PDF,DESCONHECIDO,NAO,
11PHh5VXqiROYjeU5I8jCpITmmoMKpaY9,99_LIXEIRA_DUPLICADOS,2025_82_Sao Paulo_RAE_Sitio Capao_1765548385626 (1).pdf,application/pdf,pdf,572245,2026-03-08T23:17:22.880Z,2026-03-06T21:42:15Z,OUTRO,PDF,DESCONHECIDO,NAO,
15783piIFBl0bhAz4XpEDibP98MUBUnao,99_LIXEIRA_DUPLICADOS,2025_80_Mogi das Cruzes_RAE Igreja Ordem Primeira e Terceira de Nossa Senhora do Carmo_1765548385222 (1).pdf,application/pdf,pdf,397957,2026-03-08T23:17:19.951Z,2026-03-06T21:42:05Z,OUTRO,PDF,DESCONHECIDO,NAO,
17YYVSZxFMEIH0RZY7tgeRGWgysH2oAJ8,99_LIXEIRA_DUPLICADOS,PDE2013_SUBST2_Quadro_9_viario-estrutural (1).pdf,application/pdf,pdf,1072475,2026-03-08T23:35:59.948Z,2026-03-06T16:57:06Z,OUTRO,PDF,DESCONHECIDO,NAO,
1WR-yJuse2Vr18aLqrKrNU5XU1kEnlhlN,99_LIXEIRA_DUPLICADOS,Balanco_Financeiro_08AGO2025 (1).pdf,application/pdf,pdf,36861,2026-03-08T23:17:47.186Z,2026-03-06T21:12:56Z,OUTRO,PDF,DESCONHECIDO,NAO,
1C9OFdgl-QbZEHIECrMXKoeiASw6977jF,99_LIXEIRA_DUPLICADOS,Balanco_Financeiro_07JUL2025 (1) (1).pdf,application/pdf,pdf,36161,2026-03-08T23:17:45.887Z,2026-03-06T21:12:48Z,OUTRO,PDF,DESCONHECIDO,NAO,
129JVK4RJto0IPGM4IXkBRiK9tsjChDhH,99_LIXEIRA_DUPLICADOS,PDE2013_SUBST2_Quadro_2A_CA_Macroareas.csv,text/csv,csv,1880,2026-03-08T23:31:33.094Z,2026-03-06T17:42:16Z,OUTRO,TABELA_DADO,DESCONHECIDO,NAO,
1p5aLR6S6WEET_ujfAy_EPjRBa2j2Ax5F,99_LIXEIRA_DUPLICADOS,ZER_2 (1).dbf,application/octet-stream,dbf,1987,2026-03-08T23:33:47.380Z,2026-03-06T17:06:07Z,GEO,GEO_SHP,DESCONHECIDO,NAO,
1rsBVbABPStPylr_R_IwSGx8wpMKe9z9z,99_LIXEIRA_DUPLICADOS,ZEPEC_AUE_INDIC.shx,application/octet-stream,shx,164,2026-03-08T23:33:47.351Z,2026-03-06T17:06:05Z,GEO,GEO_SHP,DESCONHECIDO,NAO,
1-A2kGIUBPAqqLr7AULIgYPjtSOSAnrKe,99_LIXEIRA_DUPLICADOS,RESOLUÇÃO SECRETARIA MUNICIPAL DE LICENCIAMENTO - SEL_CEUSO Nº 139 DE 27 DE ABRIL DE 2020 « Catálogo de Legislação Municipal.pdf,application/pdf,pdf,86235,2026-03-08T23:34:16.946Z,2026-03-06T16:57:15Z,GOVERNANCA,PDF,DESCONHECIDO,NAO,
1CwYQcISfCBWxrSJHXRFzBa4kT8S-bytk,99_LIXEIRA_DUPLICADOS,Balanco_Financeiro_03MAR2025 (1) (1).pdf,application/pdf,pdf,38188,2026-03-08T23:17:21.824Z,2026-03-06T21:12:13Z,OUTRO,PDF,DESCONHECIDO,NAO,
1gdfJ6SFLObaegp6KQh63wSI7o2gQhOPh,99_LIXEIRA_DUPLICADOS,Análise de Omissões da Legislação - Secretaria Municipal de Urbanismo e Licenciamento - Prefeitura.csv,text/csv,csv,2297,2026-03-08T23:33:23.388Z,2026-03-06T17:07:13Z,OUTRO,AUDITORIA,OFICIAL,NAO,
1xqmwYT8cReH0wMXylgwVwk18bb5LE3NV,99_LIXEIRA_DUPLICADOS,SIRGAS_SHP_LOTES_72_SAO_LUCAS.dbf,application/octet-stream,dbf,410041,2026-03-08T23:33:11.916Z,2026-03-06T17:05:01Z,GEO,GEO_SHP,OFICIAL,NAO,
1DRLgV-kOzwDarkNXbQB_ViZpIrJazyjp,99_LIXEIRA_DUPLICADOS,ZEIS_5.dbf,application/octet-stream,dbf,7867,2026-03-08T23:32:58.756Z,2026-03-06T17:06:00Z,GEO,GEO_SHP,DESCONHECIDO,NAO,
1QWFlsau9bmxQmcR707uTOjaWsZfFwjo5,99_LIXEIRA_DUPLICADOS,SIRGAS_SHP_LOTES_78_SE.shx,application/octet-stream,shx,21780,2026-03-08T23:32:42.361Z,2026-03-06T17:05:11Z,GEO,GEO_SHP,OFICIAL,NAO,
1iEg3Va5mRSH0SaNMslUgIpzJPfoipqz3,99_LIXEIRA_DUPLICADOS,Declaração de Potencial Construtivo Passível de Transferência - Secretaria Municipal de Urbanismo e Licenciamento - Prefeitura.csv,text/csv,csv,2439,2026-03-08T23:32:32.357Z,2026-03-06T17:07:15Z,TDC,TABELA_DADO,OFICIAL,NAO,
1WpbVRlhlvaVCw91f5Qi8tHa4_Kg6vU8_,99_LIXEIRA_DUPLICADOS,ZPDS_r.shp,application/octet-stream,shp,496572,2026-03-08T23:32:32.332Z,2026-03-06T17:06:18Z,GEO,GEO_SHP,DESCONHECIDO,NAO,
1fkEGMJfmFLhVWGQFoQ8bI_fai8aLttUp,99_LIXEIRA_DUPLICADOS,ZPI_1.shx,application/octet-stream,shx,3828,2026-03-08T23:31:50.798Z,2026-03-06T17:06:20Z,GEO,GEO_SHP,DESCONHECIDO,NAO,
1DI98jIA4nISQ1leaMlShhV0DIgBlaYt-,99_LIXEIRA_DUPLICADOS,PCA_CANT (1).shx,application/octet-stream,shx,91412,2026-03-08T23:31:59.317Z,2026-03-06T17:02:21Z,GEO,GEO_SHP,DESCONHECIDO,NAO,
16zggeNNGnDHKGOVXfZsl8y4yg0zDEAuf,99_LIXEIRA_DUPLICADOS,RELATORIO_DUPLICADOS_FORENSE.md,text/markdown,md,844022,2026-03-08T23:18:25.573Z,2026-03-06T20:26:14Z,GOVERNANCA,OUTRO,DESCONHECIDO,NAO,
1z18IuCz3hL-nQq_j9qMRlfRLQZFbmbEE,99_LIXEIRA_DUPLICADOS,007 - QUADRO_3B_FINAL (2).csv,text/csv,csv,3733,2026-03-08T23:31:17.627Z,2026-03-06T17:07:13Z,OUTRO,TABELA_DADO,DESCONHECIDO,NAO,
1i5HFK0MUizyuMR1Bs8KJk6KjvMic9DS1,99_LIXEIRA_DUPLICADOS,Aprova Digital_dezembro2020.xlsx,application/vnd.openxmlformats-officedocument.spreadsheetml.sheet,xlsx,8601,2026-03-08T23:28:53.478Z,2026-03-06T17:43:00Z,OUTRO,PLANILHA,DESCONHECIDO,NAO,
1D1lHgn-34hw7suNW-TzVfiy2T6KhF0Od,99_LIXEIRA_DUPLICADOS,SIRGAS_SHP_LOTES_79_SOCORRO (1).shx,application/octet-stream,shx,86188,2026-03-08T23:31:13.006Z,2026-03-06T17:05:12Z,GEO,GEO_SHP,OFICIAL,NAO,
1GeeGRZ-_SdVdjsvs92Kqld7qEiQfTIkR,99_LIXEIRA_DUPLICADOS,RAZÕES DO VETO AO PROJETO DE LEI Nº 272_2015; OFÍCIO DE 22 DE MARÇO DE 2016 « Catálogo de Legislação Municipal.pdf,application/pdf,pdf,110997,2026-03-08T23:31:35.871Z,2026-03-06T16:57:14Z,JURIDICO,LEI,OFICIAL,NAO,
1t1Rlm7KvBv7v42d5n7iWvZjAgSZKNN8g,99_LIXEIRA_DUPLICADOS,ZEU_a.shp,application/octet-stream,shp,635276,2026-03-08T23:30:49.860Z,2026-03-06T17:06:09Z,GEO,GEO_SHP,DESCONHECIDO,NAO,
1TYUmu68pKZJZb2O3Qe-e2wqtKa7-Zz_g,99_LIXEIRA_DUPLICADOS,Análise de Omissões da Legislação - Secretaria Municipal de Urbanismo e Licenciamento - Prefeitura.pdf,application/pdf,pdf,453357,2026-03-08T23:31:28.550Z,2026-03-06T16:56:16Z,OUTRO,AUDITORIA,OFICIAL,NAO,
1EcON73tGbHHOiF-I7KjvmIhS_ZwWnrYW,99_LIXEIRA_DUPLICADOS,ZPI_2.shp,application/octet-stream,shp,279200,2026-03-08T23:30:41.645Z,2026-03-06T17:06:20Z,GEO,GEO_SHP,DESCONHECIDO,NAO,
17hgiYOyYUh8wm0vnlHBOumyk8WEBioiM,99_LIXEIRA_DUPLICADOS,SIRGAS_SHP_LOTES_83_VILA_ANDRADE (1).dbf,application/octet-stream,dbf,107461,2026-03-08T23:30:40.174Z,2026-03-06T17:05:17Z,GEO,GEO_SHP,OFICIAL,NAO,
1x0qc6OE7o5XPDn_oPc7m5wiaaLvWbxqG,99_LIXEIRA_DUPLICADOS,RELATORIO_DUPLICADOS_FORENSE (1).md,text/markdown,md,844022,2026-03-08T23:17:28.943Z,2026-03-06T20:26:14Z,GOVERNANCA,OUTRO,DESCONHECIDO,NAO,
1iNnL9xuvnm3O8aSn_BvnbTRKmESLAvXk,99_LIXEIRA_DUPLICADOS,ZEIS_4.dbf,application/octet-stream,dbf,1588,2026-03-08T23:30:35.812Z,2026-03-06T17:05:59Z,GEO,GEO_SHP,DESCONHECIDO,NAO,
1zPd478ex4B_StaCC2a97uaHtCz5yy9LH,99_LIXEIRA_DUPLICADOS,ZEPEC_BIR.shx,application/octet-stream,shx,24684,2026-03-08T23:30:26.993Z,2026-03-06T17:06:05Z,GEO,GEO_SHP,DESCONHECIDO,NAO,
16pFJKVkmaThc0HoAek4H2PfdvsXcMVK3,99_LIXEIRA_DUPLICADOS,SIRGAS_SHP_LOTES_68_SACOMA.shx,application/octet-stream,shx,240236,2026-03-08T23:30:22.918Z,2026-03-06T17:04:57Z,GEO,GEO_SHP,OFICIAL,NAO,
1h4wgIBWvzoOzDmuPavy4HSvzN5QI_p78,99_LIXEIRA_DUPLICADOS,ZCOR_1.shx,application/octet-stream,shx,4820,2026-03-08T23:30:13.913Z,2026-03-06T17:05:52Z,GEO,GEO_SHP,DESCONHECIDO,NAO,
129rPpOxDEAR3nWF5CKn6lWglC-RQ2M68,99_LIXEIRA_DUPLICADOS,SIRGAS_SHP_LOTES_71_SANTO_AMARO.dbf,application/octet-stream,dbf,301006,2026-03-08T23:30:05.765Z,2026-03-06T17:05:00Z,GEO,GEO_SHP,OFICIAL,NAO,
1kmtC6PXr5C5LxumHR32KjlG-TVHC-ilQ,99_LIXEIRA_DUPLICADOS,ZEPEC_APP-BIR.shp,application/octet-stream,shp,74568,2026-03-08T23:30:00.891Z,2026-03-06T17:06:03Z,GEO,GEO_SHP,DESCONHECIDO,NAO,
1TU2kT7tKWc0pPN2c-3nHi9BYKWYZ_fZK,99_LIXEIRA_DUPLICADOS,SIRGAS_SHP_LOTES_90_VILA_MARIANA.dbf,application/octet-stream,dbf,247816,2026-03-08T23:30:02.231Z,2026-03-06T17:05:23Z,GEO,GEO_SHP,OFICIAL,NAO,
1J-NEGyrThsRTAl6A5GUCCFe2emDkde1k,99_LIXEIRA_DUPLICADOS,ZEU_u.dbf,application/octet-stream,dbf,90586,2026-03-08T23:29:31.205Z,2026-03-06T17:06:09Z,GEO,GEO_SHP,DESCONHECIDO,NAO,
1FiVR7keY5uhYQ-gUJ6CcaO9h5dw_xeQ1,99_LIXEIRA_DUPLICADOS,ZER_a (1).shp,application/octet-stream,shp,517264,2026-03-08T23:29:28.896Z,2026-03-06T17:06:08Z,GEO,GEO_SHP,DESCONHECIDO,NAO,
1MFJxpqRwd_8aYni5FqvbRN3qQHbO6pKl,99_LIXEIRA_DUPLICADOS,ZC_ZEIS.shx,application/octet-stream,shx,5260,2026-03-08T23:29:25.504Z,2026-03-06T17:05:52Z,GEO,GEO_SHP,DESCONHECIDO,NAO,
1g5B197fZ9b0zoWAA5aLgTDkXBGVk5PNO,99_LIXEIRA_DUPLICADOS,ZEPEC_APP.shx,application/octet-stream,shx,796,2026-03-08T23:29:17.108Z,2026-03-06T17:06:03Z,GEO,GEO_SHP,DESCONHECIDO,NAO,
1wwks5E1NY-AXDUnl4UKKG8h1UW2-AEjS,99_LIXEIRA_DUPLICADOS,ANUAL - 2022 (1).xlsx,application/vnd.openxmlformats-officedocument.spreadsheetml.sheet,xlsx,614006,2026-03-08T23:26:34.562Z,2026-03-06T17:42:52Z,OUTRO,PLANILHA,DESCONHECIDO,NAO,
1l4c57NedL96Bb8e6icNYI8Ha6NmRbV7I,99_LIXEIRA_DUPLICADOS,Certidão de Uso e Ocupação do Solo - Secretaria Municipal de Urbanismo e Licenciamento - Prefeitura (1).pdf,application/pdf,pdf,478601,2026-03-08T23:29:13.258Z,2026-03-06T16:56:19Z,OUTRO,PDF,OFICIAL,NAO,
1x1_pizKMlWDSL6BW0Ow1tgsO57ajK9U0,99_LIXEIRA_DUPLICADOS,ZEUP_u.dbf,application/octet-stream,dbf,48040,2026-03-08T23:28:25.803Z,2026-03-06T17:06:12Z,GEO,GEO_SHP,DESCONHECIDO,NAO,
1h5V9PyprPP4qOh4FZeVueMCrTGUtggIv,99_LIXEIRA_DUPLICADOS,SIRGAS_SHP_planomacro_polygon.dbf,application/octet-stream,dbf,17367,2026-03-08T23:28:27.092Z,2026-03-06T17:05:33Z,GEO,GEO_SHP,OFICIAL,NAO,
1CUVN72S2arUY49MAcKK3giQkmisfRitm,99_LIXEIRA_DUPLICADOS,RESOLUÇÃO SECRETARIA MUNICIPAL DE URBANISMO E LICENCIAMENTO - SMUL_CEUSO Nº 150 DE 22 DE AGOSTO DE 2022 « Catálogo de Legislação Municipal.pdf,application/pdf,pdf,81578,2026-03-08T23:28:59.524Z,2026-03-06T16:57:16Z,GOVERNANCA,PDF,DESCONHECIDO,NAO,
1AWTGYcNy3oJy0j8k_BAUgbvFRmUrfnK5,99_LIXEIRA_DUPLICADOS,sissel_ano_2026_01 (1).xls,application/vnd.ms-excel,xls,75776,2026-03-08T23:25:50.616Z,2026-03-06T17:45:06Z,OUTRO,PLANILHA,DESCONHECIDO,NAO,
151EqUauhWKD1Ho6PCtKVH-Sdw_3ajmM9,99_LIXEIRA_DUPLICADOS,SIRGAS_SHP_LOTES_90_VILA_MARIANA.shx,application/octet-stream,shx,132148,2026-03-08T23:28:15.408Z,2026-03-06T17:05:23Z,GEO,GEO_SHP,OFICIAL,NAO,
1252mujhqYJ6SSDpIhm9mzCxeHKAwE5BI,99_LIXEIRA_DUPLICADOS,ZEPEC_BIR (1).shp,application/octet-stream,shp,855548,2026-03-08T23:28:07.076Z,2026-03-06T17:06:05Z,GEO,GEO_SHP,DESCONHECIDO,NAO,
1ne13km5jfX9h1HXoBy6PLQmO7zmluZZA,99_LIXEIRA_DUPLICADOS,ZEPEC_APP.shp,application/octet-stream,shp,114980,2026-03-08T23:27:59.605Z,2026-03-06T17:06:03Z,GEO,GEO_SHP,DESCONHECIDO,NAO,
1ry6IJ9jCb_uNcCo8FlCoq_WObMsseoJk,99_LIXEIRA_DUPLICADOS,PDE2013_SUBST2_Quadro_5_ Fator_interesse_social_Fs.csv,text/csv,csv,1074,2026-03-08T23:25:24.609Z,2026-03-06T17:42:17Z,OUTRO,TABELA_DADO,DESCONHECIDO,NAO,
1TCjJMqh-B7_8kjj_0EYosDIE8eBWGx7r,99_LIXEIRA_DUPLICADOS,SIRGAS_SHP_LOTES_87_VILA_JACUI.dbf,application/octet-stream,dbf,254866,2026-03-08T23:27:31.112Z,2026-03-06T17:05:21Z,GEO,GEO_SHP,OFICIAL,NAO,
1fdMvzPw-Pc36AZIw5yoY8f9WaNLPmFwJ,99_LIXEIRA_DUPLICADOS,AC_1 (1).dbf,application/octet-stream,dbf,937,2026-03-08T23:27:35.832Z,2026-03-06T17:02:20Z,GEO,GEO_SHP,DESCONHECIDO,NAO,
14UKT1UKklggFzIpWgaacg9ZQH8CaIees,99_LIXEIRA_DUPLICADOS,ZDE_2.shx,application/octet-stream,shx,2316,2026-03-08T23:27:16.122Z,2026-03-06T17:05:55Z,GEO,GEO_SHP,DESCONHECIDO,NAO,
1Jj-arxjg6HPvL06nLDkFIC9wG9JfpAPV,99_LIXEIRA_DUPLICADOS,Transferência do Direito de Construir - Secretaria Municipal de Urbanismo e Licenciamento - Prefeitura.csv,text/csv,csv,3844,2026-03-08T23:24:50.248Z,2026-03-06T17:42:21Z,OUTRO,TABELA_DADO,OFICIAL,NAO,
1v4xzwgFP4GnjdtRUhxvMQaFsDfDZoNvz,99_LIXEIRA_DUPLICADOS,ZER_a.dbf,application/octet-stream,dbf,8056,2026-03-08T23:27:07.815Z,2026-03-06T17:06:08Z,GEO,GEO_SHP,DESCONHECIDO,NAO,
1_PbpSS2Uqqrcl_G3BZWQKufcdgZNPiZf,99_LIXEIRA_DUPLICADOS,ZEU_a (1).dbf,application/octet-stream,dbf,12718,2026-03-08T23:26:54.465Z,2026-03-06T17:06:08Z,GEO,GEO_SHP,DESCONHECIDO,NAO,
1XHifDH3KBz1BMZKkoZ-xNVPZCwj_uhvr,99_LIXEIRA_DUPLICADOS,ZOE.shp,application/octet-stream,shp,481012,2026-03-08T23:26:50.949Z,2026-03-06T17:06:17Z,GEO,GEO_SHP,DESCONHECIDO,NAO,
1lKrwM95kRROL0-8iYfKQnmSkXVn8Fso7,99_LIXEIRA_DUPLICADOS,VETOS_TODOS.dbf,application/octet-stream,dbf,254,2026-03-08T23:26:50.909Z,2026-03-06T17:05:47Z,GEO,GEO_SHP,DESCONHECIDO,NAO,
1A_zPAvg4hOIRkvMi8ja2Z5c2f9HogpGd,99_LIXEIRA_DUPLICADOS,ANEXOS_DO_PL_586_23___SEM_O_MAPA.csv,text/csv,csv,31825,2026-03-08T23:26:35.437Z,2026-03-06T17:07:13Z,GEO,TABELA_DADO,DESCONHECIDO,NAO,
1JXIDs6kjJuTgjccxBI2K3CUWNQBlBjXD,99_LIXEIRA_DUPLICADOS,D57536.csv,text/csv,csv,689,2026-03-08T23:26:15.677Z,2026-03-06T17:07:15Z,OUTRO,TABELA_DADO,DESCONHECIDO,NAO,
19fQlq5LQQMFtYB2rj6wWByyO7Qn7pycb,99_LIXEIRA_DUPLICADOS,ZEP.shp,application/octet-stream,shp,283984,2026-03-08T23:26:18.624Z,2026-03-06T17:06:01Z,GEO,GEO_SHP,DESCONHECIDO,NAO,
19AFgBjUL1-u5byK0mU0zHFcNkRVILbbG,99_LIXEIRA_DUPLICADOS,AC_1.shx,application/octet-stream,shx,420,2026-03-08T23:26:26.038Z,2026-03-06T17:02:20Z,GEO,GEO_SHP,DESCONHECIDO,NAO,
1lbyBY4OASkQ5iZPIWvEMPcMVNvMkBnpP,99_LIXEIRA_DUPLICADOS,ZEP.shx,application/octet-stream,shx,340,2026-03-08T23:26:11.165Z,2026-03-06T17:06:01Z,GEO,GEO_SHP,DESCONHECIDO,NAO,
1bLVmwglhL5jlOqGZ7E5i6HNjgaRjaaPm,99_LIXEIRA_DUPLICADOS,Portal de Serviços e-SAJ2.pdf,application/pdf,pdf,109101,2026-03-08T23:26:44.193Z,2026-03-06T16:57:09Z,OUTRO,PDF,DESCONHECIDO,NAO,
1cIpxFjDpe8nkRtUr6O8F5JEfhvRIQMur,99_LIXEIRA_DUPLICADOS,INCENTIVO_GARAGEM.dbf,application/octet-stream,dbf,8139,2026-03-08T23:26:22.481Z,2026-03-06T17:02:21Z,GEO,GEO_SHP,DESCONHECIDO,NAO,
1_8rrJ8Jy-OwInUCvEkdiE-_wVjhV7rl1,99_LIXEIRA_DUPLICADOS,ZEMP.shx,application/octet-stream,shx,2964,2026-03-08T23:26:04.832Z,2026-03-06T17:06:00Z,GEO,GEO_SHP,DESCONHECIDO,NAO,
1uQRxpZLo0iRS1luPyWqRbvcmPXFD4PzI,99_LIXEIRA_DUPLICADOS,SIRGAS_SHP_LOTES_85_VILA_FORMOSA (1).dbf,application/octet-stream,dbf,295786,2026-03-08T23:26:02.875Z,2026-03-06T17:05:19Z,GEO,GEO_SHP,OFICIAL,NAO,
1FGSqLJVBbsilfTzk6o4VqW6aXJsD9svU,99_LIXEIRA_DUPLICADOS,D57536.pdf,application/pdf,pdf,254792,2026-03-08T23:26:34.610Z,2026-03-06T16:56:19Z,OUTRO,PDF,DESCONHECIDO,NAO,
1QNrSZEPYfwsphpctanvUcX2MKT1euAZ3,99_LIXEIRA_DUPLICADOS,SIRGAS_SHP_LOTES_88_VILA_LEOPOLDINA.dbf,application/octet-stream,dbf,84361,2026-03-08T23:25:52.850Z,2026-03-06T17:05:21Z,GEO,GEO_SHP,OFICIAL,NAO,
189KvFtf_HvYsyigV4MOr_O06vJGVS1cd,99_LIXEIRA_DUPLICADOS,006 - QUADRO_3A_FINAL.csv,text/csv,csv,920,2026-03-08T23:25:35.767Z,2026-03-06T17:07:13Z,OUTRO,TABELA_DADO,DESCONHECIDO,NAO,
1QVOeiAR_9CKZkrRiZNuISiMwAz3pUssi,99_LIXEIRA_DUPLICADOS,RESOLUÇÃO SECRETARIA MUNICIPAL DE URBANISMO E LICENCIAMENTO - SMUL_CTLU Nº 1 DE 27 DE FEVEREIRO DE 2023 « Catálogo de Legislação Municipal (1).pdf,application/pdf,pdf,147706,2026-03-08T23:26:11.139Z,2026-03-06T16:57:16Z,GOVERNANCA,PDF,DESCONHECIDO,NAO,
1shtXxd5CFNTQUiZPbdzzM44_l2WgwUiT,99_LIXEIRA_DUPLICADOS,SIRGAS_SHP_LOTES_94_VILA_SONIA.shx,application/octet-stream,shx,142308,2026-03-08T23:25:33.573Z,2026-03-06T17:05:28Z,GEO,GEO_SHP,OFICIAL,NAO,
1Asv9V1uKG875_Y0zp-OoWUjd8VxdmZ3m,99_LIXEIRA_DUPLICADOS,OODC_2024-2025.xlsx,application/vnd.openxmlformats-officedocument.spreadsheetml.sheet,xlsx,439885,2026-03-08T23:22:51.579Z,2026-03-06T17:45:01Z,OUTRO,PLANILHA,DESCONHECIDO,NAO,
1_GczjeW8dMy9G8flV6wRZ3KBGx2tqj5_,99_LIXEIRA_DUPLICADOS,ZM_a.shx,application/octet-stream,shx,29332,2026-03-08T23:25:21.379Z,2026-03-06T17:06:14Z,GEO,GEO_SHP,DESCONHECIDO,NAO,
1ZATj10Fioal5bHEQ770anJEPmWowU2eh,99_LIXEIRA_DUPLICADOS,RESOLUÇÃO SECRETARIA MUNICIPAL DE URBANISMO E LICENCIAMENTO - SMUL_CTLU Nº 12 DE 10 DE DEZEMBRO DE 2018 « Catálogo de Legislação Municipal (1).pdf,application/pdf,pdf,81266,2026-03-08T23:25:52.117Z,2026-03-06T16:57:17Z,GOVERNANCA,PDF,DESCONHECIDO,NAO,
1W-dSSWsl96KptdJjrE3Cp-ddMVdgQtiA,99_LIXEIRA_DUPLICADOS,SIRGAS_SHP_LOTES_79_SOCORRO.dbf,application/octet-stream,dbf,161641,2026-03-08T23:25:19.947Z,2026-03-06T17:05:11Z,GEO,GEO_SHP,OFICIAL,NAO,
15cBlzFSsj3hE72F-Iu-5jrktXetXowHS,99_LIXEIRA_DUPLICADOS,PDE2013_SUBST2_Quadro_14_cadastro (1).csv,text/csv,csv,5422342,2026-03-08T23:22:53.161Z,2026-03-06T17:42:21Z,OUTRO,TABELA_DADO,DESCONHECIDO,NAO,
1EUSeqQ7xgps6FSIo0pqsbdzA7f0f25wW,99_LIXEIRA_DUPLICADOS,INCENTIVO_GARAGEM.shp,application/octet-stream,shp,963100,2026-03-08T23:25:19.876Z,2026-03-06T17:02:22Z,GEO,GEO_SHP,DESCONHECIDO,NAO,
1jR8FZAXIUMsets-Lxfdv38H9uF_qlZkP,99_LIXEIRA_DUPLICADOS,ZDE_1.dbf,application/octet-stream,dbf,5935,2026-03-08T23:24:59.272Z,2026-03-06T17:05:54Z,GEO,GEO_SHP,DESCONHECIDO,NAO,
1-dYHSx0okcpE5U_iHaRx0urFC-v_na3E,99_LIXEIRA_DUPLICADOS,SIRGAS_SHP_LOTES_66_REPUBLICA (1).shx,application/octet-stream,shx,23956,2026-03-08T23:24:57.214Z,2026-03-06T17:04:55Z,GEO,GEO_SHP,OFICIAL,NAO,
1Z9ZBoa-wEhPDU2E2A8pKKb922RUB0lqx,99_LIXEIRA_DUPLICADOS,Auditoria TDC São Paulo_ Memorial de Fundamentação Estratégica (2).csv,text/csv,csv,1092,2026-03-08T23:24:40.386Z,2026-03-06T17:07:15Z,TDC,AUDITORIA,NOSSO,NAO,
18cyd2b2n30nGSDkzrcYM8HLfrlKwNSqK,99_LIXEIRA_DUPLICADOS,ZCOR_a (1).shx,application/octet-stream,shx,612,2026-03-08T23:24:41.105Z,2026-03-06T17:05:54Z,GEO,GEO_SHP,DESCONHECIDO,NAO,
1v_gTTAZY2DcAt6zW1WuwNrCRuBCTqMzi,99_LIXEIRA_DUPLICADOS,SIRGAS_SHP_LOTES_91_VILA_MATILDE.dbf,application/octet-stream,dbf,338221,2026-03-08T23:24:33.701Z,2026-03-06T17:05:23Z,GEO,GEO_SHP,OFICIAL,NAO,
182ybUKiFNthZx4gcjs57NKf8Yek0vb4o,99_LIXEIRA_DUPLICADOS,INSTRUÇÃO NORMATIVA SECRETARIA MUNICIPAL DE URBANISMO E LICENCIAMENTO - SMUL Nº 1 DE 16 DE OUTUBRO DE 2024 « Catálogo de Legislação Municipal (1).csv,text/csv,csv,536,2026-03-08T23:24:02.927Z,2026-03-06T17:07:17Z,GOVERNANCA,TABELA_DADO,DESCONHECIDO,NAO,
1SXMZEdTK-vH05-djcwXyMPR1_TPThKww,99_LIXEIRA_DUPLICADOS,PDE2013_SUBST2_Quadro_8_Residuos_solidos.pdf,application/pdf,pdf,197402,2026-03-08T23:24:38.448Z,2026-03-06T16:57:04Z,OUTRO,PDF,DESCONHECIDO,NAO,
182ybUKiFNthZx4gcjs57NKf8Yek0vb4o,99_LIXEIRA_DUPLICADOS,INSTRUÇÃO NORMATIVA SECRETARIA MUNICIPAL DE URBANISMO E LICENCIAMENTO - SMUL Nº 1 DE 16 DE OUTUBRO DE 2024 « Catálogo de Legislação Municipal (1).csv,text/csv,csv,536,2026-03-08T23:24:02.927Z,2026-03-06T17:07:17Z,GOVERNANCA,TABELA_DADO,DESCONHECIDO,NAO,
1SXMZEdTK-vH05-djcwXyMPR1_TPThKww,99_LIXEIRA_DUPLICADOS,PDE2013_SUBST2_Quadro_8_Residuos_solidos.pdf,application/pdf,pdf,197402,2026-03-08T23:24:38.448Z,2026-03-06T16:57:04Z,OUTRO,PDF,DESCONHECIDO,NAO,
1x0CKZSfkwZ3FCh4jyr7QA-8ehzFJx2xs,99_LIXEIRA_DUPLICADOS,ZC_ZEIS (1).dbf,application/octet-stream,dbf,13642,2026-03-08T23:24:01.060Z,2026-03-06T17:05:50Z,GEO,GEO_SHP,DESCONHECIDO,NAO,
1GnHMstKfrmCocJ-WOO8UwQMFS5YHRTIl,99_LIXEIRA_DUPLICADOS,PORTARIA SECRETARIA MUNICIPAL DE URBANISMO E LICENCIAMENTO - SMUL Nº 172 DE 10 DE DEZEMBRO DE 2024 « Catálogo de Legislação Municipal (1).pdf,application/pdf,pdf,150304,2026-03-08T23:24:31.574Z,2026-03-06T16:57:11Z,JURIDICO,PORTARIA,OFICIAL,NAO,
1-sYjLSbY2JjRt1_SddH7XZMtRO9RTeGQ,99_LIXEIRA_DUPLICADOS,001 - QUADRO_1_FINAL.csv,text/csv,csv,14388,2026-03-08T23:23:49.941Z,2026-03-06T17:07:11Z,OUTRO,TABELA_DADO,DESCONHECIDO,NAO,
1g9XF5P_UFVJSVhCfgbfIwTifwocJJDSS,99_LIXEIRA_DUPLICADOS,SIRGAS_SHP_LOTES_93_VILA_PRUDENTE.dbf,application/octet-stream,dbf,318136,2026-03-08T23:23:52.227Z,2026-03-06T17:05:25Z,GEO,GEO_SHP,OFICIAL,NAO,
1ytXyp99w8flcGW0je2urVYM-8k9bylxG,99_LIXEIRA_DUPLICADOS,ZEIS_5.shx,application/octet-stream,shx,3060,2026-03-08T23:23:49.012Z,2026-03-06T17:06:00Z,GEO,GEO_SHP,DESCONHECIDO,NAO,
16oPMnPR4HJQ7GI3l12ihymx2dQi-E_QQ,99_LIXEIRA_DUPLICADOS,SIRGAS_SHP_requalifica_centro (1).dbf,application/octet-stream,dbf,4691,2026-03-08T23:23:49.027Z,2026-03-06T17:05:34Z,GEO,GEO_SHP,OFICIAL,NAO,
18Q2rGSEu4reEEk5cDeecSv-rW6zQaDIb,99_LIXEIRA_DUPLICADOS,ZEPEC_APP-BIR.shx,application/octet-stream,shx,388,2026-03-08T23:23:45.438Z,2026-03-06T17:06:03Z,GEO,GEO_SHP,DESCONHECIDO,NAO,
16_uzfOtquoxEdRZiuyMl4g_vozvmlybP,99_LIXEIRA_DUPLICADOS,SIRGAS_SHP_subvencao_economica.dbf,application/octet-stream,dbf,90195,2026-03-08T23:23:41.098Z,2026-03-06T17:05:43Z,GEO,GEO_SHP,OFICIAL,NAO,
1ddDKAKQn-LIEmWcbPmLWiQCbyLCQNua-,99_LIXEIRA_DUPLICADOS,SIRGAS_SHP_restricaomirantesantana_polygon (1).dbf,application/octet-stream,dbf,965,2026-03-08T23:23:31.479Z,2026-03-06T17:05:38Z,GEO,GEO_SHP,OFICIAL,NAO,
1ncQWAoUDbxhIWRT4gb_HekID5cDotyzV,99_LIXEIRA_DUPLICADOS,Quadro 6 – Obras de drenagem urbana previstas.pdf,application/pdf,pdf,454902,2026-03-08T23:23:58.705Z,2026-03-06T16:57:14Z,OUTRO,PDF,DESCONHECIDO,NAO,
1zjDDlbzVrVcHIhuedkAMkoFkZsAmI49g,99_LIXEIRA_DUPLICADOS,SIRGAS_SHP_LOTES_82_TUCURUVI.shx,application/octet-stream,shx,192524,2026-03-08T23:23:26.648Z,2026-03-06T17:05:15Z,GEO,GEO_SHP,OFICIAL,NAO,
1ZD_tX38D6ym5zsfA_KOCBLvqLretkIS7,99_LIXEIRA_DUPLICADOS,fila_tdc_5porcento_fundurb_dez_2025-pdf (1).csv,text/csv,csv,3655,2026-03-08T23:23:14.865Z,2026-03-06T17:07:16Z,TDC,TABELA_DADO,DESCONHECIDO,NAO,
1cb8pQEO_85yM03h8lY_Ez-st7aGTQG_u,99_LIXEIRA_DUPLICADOS,SIRGAS_SHP_LOTES_68_SACOMA.dbf,application/octet-stream,dbf,450481,2026-03-08T23:23:21.125Z,2026-03-06T17:04:57Z,GEO,GEO_SHP,OFICIAL,NAO,
1Kga0qu7bJMkXFMoztO1GcIiJuyM2aWQu,99_LIXEIRA_DUPLICADOS,ZCOR_a.shp,application/octet-stream,shp,54776,2026-03-08T23:22:50.067Z,2026-03-06T17:05:54Z,GEO,GEO_SHP,DESCONHECIDO,NAO,
1EAUMoLCApiX0z2u2rk4htYO5nw9xrNGo,99_LIXEIRA_DUPLICADOS,012 - QUADRO_5_FINAL.csv,text/csv,csv,1764,2026-03-08T23:22:41.271Z,2026-03-06T17:07:13Z,OUTRO,TABELA_DADO,DESCONHECIDO,NAO,
1dK3hlls_6RMHofX2gElhktoz648jYQ4O,99_LIXEIRA_DUPLICADOS,PDE2013_SUBST2_Quadro_6_Fator_planejamento_Fp (1).csv,text/csv,csv,825,2026-03-08T23:20:09.085Z,2026-03-06T17:42:17Z,OUTRO,TABELA_DADO,DESCONHECIDO,NAO,
1ryXeXSLcr7Nc5xOCpFr9zsESmkGKmBss,99_LIXEIRA_DUPLICADOS,ZEPEC_AUE_INDIC.shp,application/octet-stream,shp,4420,2026-03-08T23:22:24.036Z,2026-03-06T17:06:05Z,GEO,GEO_SHP,DESCONHECIDO,NAO,
1Mx5sYBTRa0WZ6LD2N0ll6l3EacOp1No3,99_LIXEIRA_DUPLICADOS,ZEIS_1.dbf,application/octet-stream,dbf,35839,2026-03-08T23:22:06.016Z,2026-03-06T17:05:56Z,GEO,GEO_SHP,DESCONHECIDO,NAO,
1S42jmoYpWyMv_gmaJTLRb188MzQ7Pvbm,99_LIXEIRA_DUPLICADOS,SIRGAS_SHP_LOTES_66_REPUBLICA (1).shp,application/octet-stream,shp,749796,2026-03-08T23:22:02.893Z,2026-03-06T17:04:55Z,GEO,GEO_SHP,OFICIAL,NAO,
1MgkgFhEebr-XxctLrZbSilxJGEy91wwl,99_LIXEIRA_DUPLICADOS,ZCOR_a.dbf,application/octet-stream,dbf,1441,2026-03-08T23:21:58.109Z,2026-03-06T17:05:54Z,GEO,GEO_SHP,DESCONHECIDO,NAO,
1HSKwQmQSPMtsMyrWOOi0OpsJCd1bOzts,99_LIXEIRA_DUPLICADOS,ZEPEC_AUE_INDIC.dbf,application/octet-stream,dbf,273,2026-03-08T23:21:47.451Z,2026-03-06T17:06:04Z,GEO,GEO_SHP,DESCONHECIDO,NAO,
1Ah7iKGUI9x3lhjr-9_EKHDknnE_gy54r,99_LIXEIRA_DUPLICADOS,SIRGAS_SHP_LOTES_87_VILA_JACUI.shx,application/octet-stream,shx,135908,2026-03-08T23:21:47.410Z,2026-03-06T17:05:21Z,GEO,GEO_SHP,OFICIAL,NAO,
179BOKgSt5e3QSU4AlKTwiUMBD_PzvWNa,99_LIXEIRA_DUPLICADOS,PDE2013_SUBST2_Quadro_10_Equipamentos.pdf,application/pdf,pdf,432551,2026-03-08T23:21:58.035Z,2026-03-06T16:57:05Z,OUTRO,PDF,DESCONHECIDO,NAO,
1ohewgcOFxT2J0aXTrHdfc8KWWdQxmcWr,99_LIXEIRA_DUPLICADOS,ZEPEC_BIR_INDIC.dbf,application/octet-stream,dbf,18291,2026-03-08T23:21:18.570Z,2026-03-06T17:06:05Z,GEO,GEO_SHP,DESCONHECIDO,NAO,
1DaeG1ByeY8phFA_PpfgQ4Io6EdekSmfk,99_LIXEIRA_DUPLICADOS,SIRGAS_SHP_LOTES_70_SANTANA.shx,application/octet-stream,shx,178116,2026-03-08T23:21:14.967Z,2026-03-06T17:05:00Z,GEO,GEO_SHP,OFICIAL,NAO,
1Sndw5hBNbiogBoo9ua-SEMM5FZVbRfRs,99_LIXEIRA_DUPLICADOS,PORTARIA SECRETARIA MUNICIPAL DE LICENCIAMENTO - SEL Nº 15 DE 2 DE MAIO DE 2016 « Catálogo de Legislação Municipal (1).pdf,application/pdf,pdf,111503,2026-03-08T23:21:44.161Z,2026-03-06T16:57:11Z,JURIDICO,PORTARIA,OFICIAL,NAO,
19pn0Ql3Wb0j0OdbnQVlptr7TLqhQmRBS,99_LIXEIRA_DUPLICADOS,ZDE_1.shp,application/octet-stream,shp,214484,2026-03-08T23:21:05.563Z,2026-03-06T17:05:54Z,GEO,GEO_SHP,DESCONHECIDO,NAO,
1Gp_9TUrERhd3mku26vUZ_UWuj7lyOqIT,99_LIXEIRA_DUPLICADOS,RESOLUÇÃO SECRETARIA MUNICIPAL DE DESENVOLVIMENTO URBANO - SMDU_CTLU Nº 12 DE 17 DE DEZEMBRO DE 2020 « Catálogo de Legislação Municipal.pdf,application/pdf,pdf,79071,2026-03-08T23:21:35.923Z,2026-03-06T16:57:14Z,GOVERNANCA,PDF,DESCONHECIDO,NAO,
1sJtM6su1a5tzMk-mW3N3x4J2P4kCJqvv,99_LIXEIRA_DUPLICADOS,Portal de Serviços e-SAJ6.pdf,application/pdf,pdf,119989,2026-03-08T23:21:33.603Z,2026-03-06T16:57:10Z,OUTRO,PDF,DESCONHECIDO,NAO,
1xtXjp0Kb4PxyZW-xnuE9DSSpbbTxUyUb,99_LIXEIRA_DUPLICADOS,RESOLUÇÃO SECRETARIA MUNICIPAL DE URBANISMO E LICENCIAMENTO - SMUL_CEUSO Nº 138 DE 14 DE JUNHO DE 2021 « Catálogo de Legislação Municipal.pdf,application/pdf,pdf,97421,2026-03-08T23:21:24.328Z,2026-03-06T16:57:15Z,GOVERNANCA,PDF,DESCONHECIDO,NAO,
1MeL040Ol0wumHtXO2-d2b49NljZAeVcf,99_LIXEIRA_DUPLICADOS,Ano_2023_SISSEL.xls,application/vnd.ms-excel,xls,986624,2026-03-08T23:18:18.287Z,2026-03-06T17:42:52Z,OUTRO,PLANILHA,DESCONHECIDO,NAO,
1dEWUjYz4yyORe4ktXmLbNXffAPoSTqBO,99_LIXEIRA_DUPLICADOS,SIRGAS_SHP_LOTES_94_VILA_SONIA.dbf,application/octet-stream,dbf,266866,2026-03-08T23:20:39.046Z,2026-03-06T17:05:26Z,GEO,GEO_SHP,OFICIAL,NAO,
18qE5fQyUEUVvpFwWeaqulJ7MCwy_Z_bc,99_LIXEIRA_DUPLICADOS,ZEM.dbf,application/octet-stream,dbf,9736,2026-03-08T23:20:36.697Z,2026-03-06T17:06:00Z,GEO,GEO_SHP,DESCONHECIDO,NAO,
1TsR0JwbTk0PjphfU6oXkqPVvwkeYCMRG,99_LIXEIRA_DUPLICADOS,SIRGAS_SHP_LOTES_78_SE.dbf,application/octet-stream,dbf,40876,2026-03-08T23:20:37.631Z,2026-03-06T17:05:08Z,GEO,GEO_SHP,OFICIAL,NAO,
1PDrDB5WhnhkTUo_3DZlCbzqao1Z30HWZ,99_LIXEIRA_DUPLICADOS,ZEIS_1.shx,application/octet-stream,shx,13716,2026-03-08T23:20:27.968Z,2026-03-06T17:05:56Z,GEO,GEO_SHP,DESCONHECIDO,NAO,
1_IVjWmFJhbV-TSSh8AKcO4sRbi85oAHg,99_LIXEIRA_DUPLICADOS,ZPI_2.dbf,application/octet-stream,dbf,1819,2026-03-08T23:20:22.933Z,2026-03-06T17:06:20Z,GEO,GEO_SHP,DESCONHECIDO,NAO,
1c6wCZSY0Xt-Z-bbgGzNTMQY6rtoxtmOB,99_LIXEIRA_DUPLICADOS,ZEIS_2.shx,application/octet-stream,shx,4044,2026-03-08T23:20:23.679Z,2026-03-06T17:05:58Z,GEO,GEO_SHP,DESCONHECIDO,NAO,
1aUg1gQDm5yQcVvqgBj3DWy0aryMUafu6,99_LIXEIRA_DUPLICADOS,sissel_ANO_2024 (1).xlsx,application/vnd.openxmlformats-officedocument.spreadsheetml.sheet,xlsx,553309,2026-03-08T23:17:47.117Z,2026-03-06T17:45:04Z,OUTRO,PLANILHA,DESCONHECIDO,NAO,
1k9v7pW3RLWwLTq5X-H02D83JzmzEH42N,99_LIXEIRA_DUPLICADOS,Ano_2026_AD_01.xlsx,application/vnd.openxmlformats-officedocument.spreadsheetml.sheet,xlsx,85329,2026-03-08T23:17:54.611Z,2026-03-06T17:42:52Z,OUTRO,PLANILHA,DESCONHECIDO,NAO,
1Zpw9sdpXRLHUAECTIaN9ULo-6VkNRTfZ,99_LIXEIRA_DUPLICADOS,PDE2013_SUBST2_Quadro_9_viario-estrutural.csv,text/csv,csv,77886,2026-03-08T23:17:52.740Z,2026-03-06T17:42:18Z,OUTRO,TABELA_DADO,DESCONHECIDO,NAO,
1MhiRHmLUMF6v5-7dZAzO28ONwRVA5b_f,99_LIXEIRA_DUPLICADOS,SIRGAS_SHP_LOTES_69_SANTA_CECILIA.dbf,application/octet-stream,dbf,84001,2026-03-08T23:20:19.347Z,2026-03-06T17:04:58Z,GEO,GEO_SHP,OFICIAL,NAO,
1Atp826sfN9flxmPhg4wXBoMe0ev0PaB6,99_LIXEIRA_DUPLICADOS,Outorga Onerosa do Direito de Construir - Secretaria Municipal de Urbanismo e Licenciamento - Prefeitura.csv,text/csv,csv,3709,2026-03-08T23:17:52.855Z,2026-03-06T17:42:11Z,TDC,TABELA_DADO,OFICIAL,NAO,
1prH-7s0vKBqLBxAqZFmMigMrbmcqgIby,99_LIXEIRA_DUPLICADOS,anual2008.xls,application/vnd.ms-excel,xls,803328,2026-03-08T23:17:47.241Z,2026-03-06T17:42:58Z,OUTRO,PLANILHA,DESCONHECIDO,NAO,
1Zh52veQ7OopwvCLH_1x_GQZDAu8WRWzh,99_LIXEIRA_DUPLICADOS,SIRGAS_SHP_ZEPEC1.csv,text/csv,csv,1365,2026-03-08T23:17:49.490Z,2026-03-06T17:42:21Z,GEO,TABELA_DADO,OFICIAL,NAO,
1EKFBfMZlyPIg4USZCcXTjZpzCgvFuO-f,99_LIXEIRA_DUPLICADOS,oo_2002-2014.xlsx,application/vnd.openxmlformats-officedocument.spreadsheetml.sheet,xlsx,668158,2026-03-08T23:17:38.298Z,2026-03-06T17:44:58Z,OUTRO,PLANILHA,DESCONHECIDO,NAO,
1dskgGvjKa6bEJ8p6MGB5Ae7QUVekDKve,99_LIXEIRA_DUPLICADOS,PDE2013_SUBST2_Quadro_8_Residuos_solidos.csv,text/csv,csv,1934,2026-03-08T23:17:48.629Z,2026-03-06T17:42:17Z,OUTRO,TABELA_DADO,DESCONHECIDO,NAO,
1-68S7DTYE7me20pff6z4HUY-Ol9xc_cJ,99_LIXEIRA_DUPLICADOS,Ano_2024_AD.xlsx,application/vnd.openxmlformats-officedocument.spreadsheetml.sheet,xlsx,230001,2026-03-08T23:17:46.119Z,2026-03-06T17:42:52Z,OUTRO,PLANILHA,DESCONHECIDO,NAO,
1_tyEIL4FDm7gY34KzbNhnx0feZowHEoW,99_LIXEIRA_DUPLICADOS,MASTER_PARAMETROS_URBANISTICOS.xlsx,application/vnd.openxmlformats-officedocument.spreadsheetml.sheet,xlsx,201868,2026-03-08T23:17:37.852Z,2026-03-06T17:44:56Z,OUTRO,PLANILHA,DESCONHECIDO,NAO,
1CU9hD713IrQE8a4krW2GqzezA0MrDujx,99_LIXEIRA_DUPLICADOS,Projeto de Intervenção Urbana apresentado por particular - Secretaria Municipal de Urbanismo e Licenciamento - Prefeitura.csv,text/csv,csv,2664,2026-03-08T23:17:47.099Z,2026-03-06T17:42:18Z,OUTRO,TABELA_DADO,OFICIAL,NAO,
1mukA5h5GBWLaVvvgH-ai_QvMkmu5OQgK,99_LIXEIRA_DUPLICADOS,"LEI Nº 13.430 , DE 13 DE SETEMBRO DE 2002 - Secretaria Municipal de Urbanismo e Licenciamento - Prefeitura12.csv",text/csv,csv,2245,2026-03-08T23:17:51.558Z,2026-03-06T17:40:33Z,JURIDICO,LEI,OFICIAL,NAO,
1ECDHCnwnH729ArM8_SXpHaZRgMnFU6mF,99_LIXEIRA_DUPLICADOS,SIRGAS_SHP_LOTES_77_SAUDE (1).shx,application/octet-stream,shx,186564,2026-03-08T23:20:09.142Z,2026-03-06T17:05:08Z,GEO,GEO_SHP,OFICIAL,NAO,
1GR5WOImbMgYpDeaKGV9ZTQBeUETUMfk5,99_LIXEIRA_DUPLICADOS,ZEIS_2.shp,application/octet-stream,shp,495148,2026-03-08T23:20:05.159Z,2026-03-06T17:05:58Z,GEO,GEO_SHP,DESCONHECIDO,NAO,
1EGuZMuOHycDupC8tToDC0ZRb063tyWyI,99_LIXEIRA_DUPLICADOS,PDE2013_SUBST2_Quadro_7_Parques_municipais_existentes_propostos.csv,text/csv,csv,28726,2026-03-08T23:17:42.300Z,2026-03-06T17:42:17Z,OUTRO,TABELA_DADO,DESCONHECIDO,NAO,
1T22IkzCtpuqfESL-WjWP2ePNZs3rKEpB,99_LIXEIRA_DUPLICADOS,ZEIS_4.shp,application/octet-stream,shp,106784,2026-03-08T23:20:04.237Z,2026-03-06T17:05:59Z,GEO,GEO_SHP,DESCONHECIDO,NAO,
1hGf6GT46QDtefI5eT3O7UTjYdtnNXdxR,99_LIXEIRA_DUPLICADOS,ZCOR_2.shx,application/octet-stream,shx,5340,2026-03-08T23:20:03.461Z,2026-03-06T17:05:53Z,GEO,GEO_SHP,DESCONHECIDO,NAO,
19LRv6N9raAq0kb5V1BOsXHkgnDtvpcMl,99_LIXEIRA_DUPLICADOS,anual2009.xls,application/vnd.ms-excel,xls,756224,2026-03-08T23:17:36.064Z,2026-03-06T17:42:58Z,OUTRO,PLANILHA,DESCONHECIDO,NAO,
1jw1aE2ibrUC-FS_yMZ0JhvSGeE8UChyh,99_LIXEIRA_DUPLICADOS,2021.xlsx,application/vnd.openxmlformats-officedocument.spreadsheetml.sheet,xlsx,55410,2026-03-08T23:17:35.864Z,2026-03-06T17:42:51Z,OUTRO,PLANILHA,DESCONHECIDO,NAO,
1ftxUI6wP8CpN7ez2JU-mT5xVF3ts8pmb,99_LIXEIRA_DUPLICADOS,PDE2013_SUBST2_Quadro_2_CA_Eixos.csv,text/csv,csv,1541,2026-03-08T23:17:38.255Z,2026-03-06T17:42:13Z,OUTRO,TABELA_DADO,DESCONHECIDO,NAO,
1PG0M-d_HpT_SR2jxXAUs_JDihYzTdlfy,99_LIXEIRA_DUPLICADOS,Certidão de Transferência de Potencial Construtivo - Secretaria Municipal de Urbanismo e Licenciamento - Prefeitura.pdf,application/pdf,pdf,477484,2026-03-08T23:20:36.657Z,2026-03-06T16:56:18Z,TDC,PDF,OFICIAL,NAO,
1ymQNggfVYS3jaB2D4fBOPlXLRPZAgbxA,99_LIXEIRA_DUPLICADOS,SIRGAS_SHP_subvencao_economica.shp,application/octet-stream,shp,968,2026-03-08T23:19:53.715Z,2026-03-06T17:05:44Z,GEO,GEO_SHP,OFICIAL,NAO,
10fnrhpZiB1XV2KsvUjN_QhDYirOb_Co7,99_LIXEIRA_DUPLICADOS,2022 (4) (1)(1) (1).xlsx,application/vnd.openxmlformats-officedocument.spreadsheetml.sheet,xlsx,121472,2026-03-08T23:17:27.265Z,2026-03-06T17:42:51Z,OUTRO,PLANILHA,DESCONHECIDO,NAO,
11KWTSlw7Z1AEmY-LBoquUSHyDlyW19Vv,99_LIXEIRA_DUPLICADOS,anual_2016 (2).xls,application/vnd.ms-excel,xls,2331136,2026-03-08T23:17:25.827Z,2026-03-06T17:42:56Z,OUTRO,PLANILHA,DESCONHECIDO,NAO,
1fJrGPPX-4NqbvVes4vNwKRtSRJK24Y7Y,99_LIXEIRA_DUPLICADOS,SIRGAS_SHP_LOTES_83_VILA_ANDRADE (1).shx,application/octet-stream,shx,57292,2026-03-08T23:19:52.950Z,2026-03-06T17:05:18Z,GEO,GEO_SHP,OFICIAL,NAO,
1GFY4gDolhdVj01tPbdDNYaOfnV5ivphC,99_LIXEIRA_DUPLICADOS,"LEI Nº 13.430 , DE 13 DE SETEMBRO DE 2002 - Secretaria Municipal de Urbanismo e Licenciamento - Prefeitura (1).csv",text/csv,csv,2245,2026-03-08T23:17:33.167Z,2026-03-06T17:40:33Z,JURIDICO,LEI,OFICIAL,NAO,
18cNZwgI9K0KuoXNDIFHn5zFT-eyET-lo,99_LIXEIRA_DUPLICADOS,PDE2013_SUBST2_Quadro_1_CA_Definicoes (1).csv,text/csv,csv,1841,2026-03-08T23:17:24.597Z,2026-03-06T17:42:13Z,OUTRO,TABELA_DADO,DESCONHECIDO,NAO,
1QZceUEJOaIROS4PiHlSMkTidnGsLChvu,99_LIXEIRA_DUPLICADOS,PRONUNCIAMENTO SMUL.ATECC.CTLU_001_2024 - Secretaria Municipal de Urbanismo e Licenciamento - Prefeitura (1).csv,text/csv,csv,2734,2026-03-08T23:17:23.590Z,2026-03-06T17:42:18Z,OUTRO,TABELA_DADO,OFICIAL,NAO,
18XL10JhxxM23qbsnJOO7F_AAmDR0Ppz2,99_LIXEIRA_DUPLICADOS,PORTARIA SECRETARIA MUNICIPAL DE URBANISMO E LICENCIAMENTO - SMUL Nº 8 DE 30 DE JANEIRO DE 2025 « Catálogo de Legislação Municipal (1).pdf,application/pdf,pdf,103551,2026-03-08T23:20:19.930Z,2026-03-06T16:57:11Z,JURIDICO,PORTARIA,OFICIAL,NAO,
1yOX0sBQyVu9rbbFGii91ehwPndJNS2tt,99_LIXEIRA_DUPLICADOS,ZOE (1).shx,application/octet-stream,shx,1748,2026-03-08T23:19:44.075Z,2026-03-06T17:06:17Z,GEO,GEO_SHP,DESCONHECIDO,NAO,
1RvnNywbgLr0o67-2VpZVp7lT-DwvWRzg,99_LIXEIRA_DUPLICADOS,PDE2013_SUBST2_Quadro_10_Equipamentos.csv,text/csv,csv,40321,2026-03-08T23:17:21.093Z,2026-03-06T17:42:18Z,OUTRO,TABELA_DADO,DESCONHECIDO,NAO,
1N9hp_Pa57aiuQUsrSj0ywVsXu-q7gVLD,99_LIXEIRA_DUPLICADOS,RESOLUÇÃO SECRETARIA MUNICIPAL DE URBANISMO E LICENCIAMENTO - SMUL_CTLU Nº 4 DE 4 DE ABRIL DE 2024 « Catálogo de Legislação Municipal.csv,text/csv,csv,30,2026-03-08T23:17:20.882Z,2026-03-06T17:42:18Z,GOVERNANCA,TABELA_DADO,DESCONHECIDO,NAO,
1rmIWSP3uMv8EdPC6ZJW3ZRCmmaQ8Tkgd,99_LIXEIRA_DUPLICADOS,oo_2014-2023 (1).xlsx,application/vnd.openxmlformats-officedocument.spreadsheetml.sheet,xlsx,788688,2026-03-08T23:16:58.512Z,2026-03-06T17:44:59Z,OUTRO,PLANILHA,DESCONHECIDO,NAO,
1dWYVP5yvu_a_EZMChaVU4QsT-rCjy29M,99_LIXEIRA_DUPLICADOS,SIRGAS_SHP_PLANO_DIRETOR_DRENAGEM.dbf,application/octet-stream,dbf,830539,2026-03-08T23:19:31.947Z,2026-03-06T17:05:32Z,GEO,GEO_SHP,OFICIAL,NAO,
1gBGCZBHuMtmIsnk40dOchcQNlUFKRHzT,99_LIXEIRA_DUPLICADOS,SIRGAS_SHP_LOTES_76_SAPOPEMBA (1).shx,application/octet-stream,shx,331940,2026-03-08T23:19:23.744Z,2026-03-06T17:05:07Z,GEO,GEO_SHP,OFICIAL,NAO,
1kIctOs3y27euFIjcpSkuZbmhuVVi0z1w,99_LIXEIRA_DUPLICADOS,ZC.shx,application/octet-stream,shx,54100,2026-03-08T23:19:17.181Z,2026-03-06T17:05:49Z,GEO,GEO_SHP,DESCONHECIDO,NAO,
1-qMVHBRvGlcyInIm0EZmpfxjbIono4ZC,99_LIXEIRA_DUPLICADOS,Declaração de Potencial Construtivo Passível de Transferência - Secretaria Municipal de Urbanismo e Licenciamento - Prefeitura (1).pdf,application/pdf,pdf,468616,2026-03-08T23:19:52.969Z,2026-03-06T16:56:20Z,TDC,PDF,OFICIAL,NAO,
1JESSJz58jLLVBzINoq0dNVux6x9uHb6p,99_LIXEIRA_DUPLICADOS,re1219aptconjuntovilasoperariasmigliarianexo1ve_1568922995.pdf,application/pdf,pdf,566274,2026-03-08T22:57:47.922Z,2026-03-06T22:32:22Z,OUTRO,PDF,DESCONHECIDO,NAO,
1hnztjTy9V7MD-IdEZPzJq7W1sacLLacy,99_LIXEIRA_DUPLICADOS,re1019tombamentoetatheodoroaugustoramospdf_1569519957 (1).pdf,application/pdf,pdf,773582,2026-03-08T22:57:47.772Z,2026-03-06T22:32:22Z,OUTRO,PDF,DESCONHECIDO,NAO,
1l7K7eDd4U6X-0Nb1vaRvANwhdsX4QK9Z,99_LIXEIRA_DUPLICADOS,"06-20 - APT imóvel Rua Gal_ Isidoro Lopes, 36 - para DOC.pdf",application/pdf,pdf,440107,2026-03-08T22:57:47.836Z,2026-03-06T22:32:19Z,OUTRO,PDF,DESCONHECIDO,NAO,
1ZqyhplHIZihNQ8eLSUApXTT7M7I9ETvA,99_LIXEIRA_DUPLICADOS,re0320exclusaoedestherwiltonpaesdealmeidares3792pdf_1600964301.pdf,application/pdf,pdf,666067,2026-03-08T22:57:45.072Z,2026-03-06T22:32:21Z,OUTRO,PDF,DESCONHECIDO,NAO,
1zF73M7UZP7Oq8sjkciZR0UmS9teXbsTi,99_LIXEIRA_DUPLICADOS,re1019tombamentoetatheodoroaugustoramospdf_1569519957.pdf,application/pdf,pdf,773582,2026-03-08T22:57:44.396Z,2026-03-06T22:32:22Z,OUTRO,PDF,DESCONHECIDO,NAO,
1oORRop2RPUNGmeSBoElMR8lWkaPuvkuO,99_LIXEIRA_DUPLICADOS,INSTRUÇÃO NORMATIVA SECRETARIA MUNICIPAL DE URBANISMO E LICENCIAMENTO - SMUL Nº 1 DE 16 DE OUTUBRO DE 2024 « Catálogo de Legislação Municipal (1).pdf,application/pdf,pdf,202457,2026-03-08T23:19:45.301Z,2026-03-06T16:56:24Z,GOVERNANCA,PDF,DESCONHECIDO,NAO,
1-_99citJA68Io_rhDAOr3lVDWEdD2alF,99_LIXEIRA_DUPLICADOS,SIRGAS_SHP_LOTES_69_SANTA_CECILIA.shx,application/octet-stream,shx,44780,2026-03-08T23:19:09.911Z,2026-03-06T17:04:59Z,GEO,GEO_SHP,OFICIAL,NAO,
1RYtqo83CFkXJQqXaPnL0Qflwo9smgUIQ,99_LIXEIRA_DUPLICADOS,re1219aptconjuntovilasoperariasmigliarianexo2ve_1568922998.pdf,application/pdf,pdf,553073,2026-03-08T22:57:39.093Z,2026-03-06T22:32:22Z,OUTRO,PDF,DESCONHECIDO,NAO,
1tjsZXGe1i0u9OsYBKO5Sx-3pyO9F8OEO,99_LIXEIRA_DUPLICADOS,Quadro 1 – Conceitos e definições.pdf,application/pdf,pdf,257140,2026-03-08T23:19:30.362Z,2026-03-06T16:57:13Z,OUTRO,PDF,DESCONHECIDO,NAO,
1ANQzKsLRau4OUyvZ2wkkFjtKqCTbI3ig,99_LIXEIRA_DUPLICADOS,Resolucao 07-23_Mancha dos Bombeiros_MAPA.pdf,application/pdf,pdf,493273,2026-03-08T22:57:47.812Z,2026-03-06T22:25:32Z,GEO,PDF,DESCONHECIDO,NAO,
1YTMvsZuCmoBmpCwHFgCb7Ke2mBXUeByA,99_LIXEIRA_DUPLICADOS,2025_07_Itu_RAE-Pedreira-de-Varvitos_1753229567444.pdf,application/pdf,pdf,417901,2026-03-08T22:57:47.794Z,2026-03-06T22:25:24Z,OUTRO,PDF,DESCONHECIDO,NAO,
1wijxcT9r_jcVFGQBCligJxtiUwP-07G2,99_LIXEIRA_DUPLICADOS,2024_36_Sao-Paulo_RAE-Matadouro-da-Vila-Mariana_1753230559005.pdf,application/pdf,pdf,365859,2026-03-08T22:57:47.755Z,2026-03-06T22:25:22Z,OUTRO,PDF,DESCONHECIDO,NAO,
1NeZYeezJ7PqG2tWU-dNlcTywDLs0SUkr,99_LIXEIRA_DUPLICADOS,2025_84_Sao Paulo_RAE_Residencia Elias Pacheco Chaves_1765548385965.pdf,application/pdf,pdf,310761,2026-03-08T22:57:47.059Z,2026-03-06T22:25:26Z,OUTRO,PDF,DESCONHECIDO,NAO,
1BsvhTtCtkEaWXL7xjqTKkxbC5TAA0cIW,99_LIXEIRA_DUPLICADOS,2021_18_Sao-Paulo_Igreja-da-Ordem-Terceira-de-Nossa-Senhora-do-Carmo_1753237189376.pdf,application/pdf,pdf,317592,2026-03-08T22:57:47.079Z,2026-03-06T22:25:19Z,OUTRO,PDF,DESCONHECIDO,NAO,
1oAxfOIA4vef6k0JIG6ohkksvWVMqDIWE,99_LIXEIRA_DUPLICADOS,2025_88_Sao Paulo_RAE Edificio Esther e Antigo Instituto de Educacao Caetano de Campos_1765548386380.pdf,application/pdf,pdf,272450,2026-03-08T22:57:46.332Z,2026-03-06T22:25:26Z,OUTRO,PDF,DESCONHECIDO,NAO,
1cKoPbxnwba07xPVdtsWehv37IKvaU69V,99_LIXEIRA_DUPLICADOS,2022_11_Sao-Paulo_RAE_Largo-da-Memoria_1753232569595.pdf,application/pdf,pdf,278415,2026-03-08T22:57:46.723Z,2026-03-06T22:25:20Z,OUTRO,PDF,DESCONHECIDO,NAO,
17wXEMYCjAftePw9aFfwOpIT2N53bHEsa,99_LIXEIRA_DUPLICADOS,06-22 - Patrimônio Cultural Imaterial - Novena solene em honra a Nossa Senhora do Carmo.pdf,application/pdf,pdf,104677,2026-03-08T22:57:47.739Z,2026-03-06T22:25:04Z,OUTRO,PDF,DESCONHECIDO,NAO,
1XEeodx_GZE5RcT637iGElrPT2B7BTlHu,99_LIXEIRA_DUPLICADOS,13-24 - APT do Terreiro de Candomblé Ilé Dara Asé Òsun Eyin - Página.pdf,application/pdf,pdf,90704,2026-03-08T22:57:46.606Z,2026-03-06T22:25:15Z,OUTRO,PDF,DESCONHECIDO,NAO,
1a1IHKcS6vCibeYQ5F_AfFekVYD1FTHpL,99_LIXEIRA_DUPLICADOS,19-25 - Revisão da Resolução 05-2020 - Página.pdf,application/pdf,pdf,179372,2026-03-08T22:57:45.178Z,2026-03-06T22:25:18Z,OUTRO,PDF,DESCONHECIDO,NAO,
1pVHOcXavRuPSmnAb3Id8V0NkJRRF7H_O,99_LIXEIRA_DUPLICADOS,fila_tdc_5porcento_fundurb-2026- fevereiro.pdf,application/pdf,pdf,222943,2026-03-08T22:57:44.316Z,2026-03-06T22:25:29Z,TDC,PDF,DESCONHECIDO,NAO,
1kObBRVfp4DOrpa2h3EQ3YOk-YLcZW0Tl,99_LIXEIRA_DUPLICADOS,Anexo I do Decreto 58_289_2018.pdf,application/pdf,pdf,121684,2026-03-08T22:57:44.356Z,2026-03-06T22:25:27Z,JURIDICO,DECRETO,OFICIAL,NAO,
1-7sa6BTCobNh_1VNUOYwxJuQ9CAtRYUs,99_LIXEIRA_DUPLICADOS,11-23 - APT Perímetro Cerqueira César - Página.pdf,application/pdf,pdf,85463,2026-03-08T22:57:44.106Z,2026-03-06T22:25:14Z,OUTRO,PDF,DESCONHECIDO,NAO,
1JhVhZwOmYF9kNZJfnLgmqCt6U3cGzIrD,99_LIXEIRA_DUPLICADOS,"04-22 - Alteração da redação Art 2º, da Res_ 34-18 - Página(1).pdf",application/pdf,pdf,111801,2026-03-08T22:57:43.646Z,2026-03-06T22:25:01Z,OUTRO,PDF,DESCONHECIDO,NAO,
1tjsZXGe1i0u9OsYBKO5Sx-3pyO9F8OEO,99_LIXEIRA_DUPLICADOS,Quadro 1 – Conceitos e definições.pdf,application/pdf,pdf,257140,2026-03-08T23:19:30.362Z,2026-03-06T16:57:13Z,OUTRO,PDF,DESCONHECIDO,NAO,
1ANQzKsLRau4OUyvZ2wkkFjtKqCTbI3ig,99_LIXEIRA_DUPLICADOS,Resolucao 07-23_Mancha dos Bombeiros_MAPA.pdf,application/pdf,pdf,493273,2026-03-08T22:57:47.812Z,2026-03-06T22:25:32Z,GEO,PDF,DESCONHECIDO,NAO,
1YTMvsZuCmoBmpCwHFgCb7Ke2mBXUeByA,99_LIXEIRA_DUPLICADOS,2025_07_Itu_RAE-Pedreira-de-Varvitos_1753229567444.pdf,application/pdf,pdf,417901,2026-03-08T22:57:47.794Z,2026-03-06T22:25:24Z,OUTRO,PDF,DESCONHECIDO,NAO,
1wijxcT9r_jcVFGQBCligJxtiUwP-07G2,99_LIXEIRA_DUPLICADOS,2024_36_Sao-Paulo_RAE-Matadouro-da-Vila-Mariana_1753230559005.pdf,application/pdf,pdf,365859,2026-03-08T22:57:47.755Z,2026-03-06T22:25:22Z,OUTRO,PDF,DESCONHECIDO,NAO,
1NeZYeezJ7PqG2tWU-dNlcTywDLs0SUkr,99_LIXEIRA_DUPLICADOS,2025_84_Sao Paulo_RAE_Residencia Elias Pacheco Chaves_1765548385965.pdf,application/pdf,pdf,310761,2026-03-08T22:57:47.059Z,2026-03-06T22:25:26Z,OUTRO,PDF,DESCONHECIDO,NAO,
1BsvhTtCtkEaWXL7xjqTKkxbC5TAA0cIW,99_LIXEIRA_DUPLICADOS,2021_18_Sao-Paulo_Igreja-da-Ordem-Terceira-de-Nossa-Senhora-do-Carmo_1753237189376.pdf,application/pdf,pdf,317592,2026-03-08T22:57:47.079Z,2026-03-06T22:25:19Z,OUTRO,PDF,DESCONHECIDO,NAO,
1oAxfOIA4vef6k0JIG6ohkksvWVMqDIWE,99_LIXEIRA_DUPLICADOS,2025_88_Sao Paulo_RAE Edificio Esther e Antigo Instituto de Educacao Caetano de Campos_1765548386380.pdf,application/pdf,pdf,272450,2026-03-08T22:57:46.332Z,2026-03-06T22:25:26Z,OUTRO,PDF,DESCONHECIDO,NAO,
1cKoPbxnwba07xPVdtsWehv37IKvaU69V,99_LIXEIRA_DUPLICADOS,2022_11_Sao-Paulo_RAE_Largo-da-Memoria_1753232569595.pdf,application/pdf,pdf,278415,2026-03-08T22:57:46.723Z,2026-03-06T22:25:20Z,OUTRO,PDF,DESCONHECIDO,NAO,
17wXEMYCjAftePw9aFfwOpIT2N53bHEsa,99_LIXEIRA_DUPLICADOS,06-22 - Patrimônio Cultural Imaterial - Novena solene em honra a Nossa Senhora do Carmo.pdf,application/pdf,pdf,104677,2026-03-08T22:57:47.739Z,2026-03-06T22:25:04Z,OUTRO,PDF,DESCONHECIDO,NAO,
1XEeodx_GZE5RcT637iGElrPT2B7BTlHu,99_LIXEIRA_DUPLICADOS,13-24 - APT do Terreiro de Candomblé Ilé Dara Asé Òsun Eyin - Página.pdf,application/pdf,pdf,90704,2026-03-08T22:57:46.606Z,2026-03-06T22:25:15Z,OUTRO,PDF,DESCONHECIDO,NAO,
1a1IHKcS6vCibeYQ5F_AfFekVYD1FTHpL,99_LIXEIRA_DUPLICADOS,19-25 - Revisão da Resolução 05-2020 - Página.pdf,application/pdf,pdf,179372,2026-03-08T22:57:45.178Z,2026-03-06T22:25:18Z,OUTRO,PDF,DESCONHECIDO,NAO,
1pVHOcXavRuPSmnAb3Id8V0NkJRRF7H_O,99_LIXEIRA_DUPLICADOS,fila_tdc_5porcento_fundurb-2026- fevereiro.pdf,application/pdf,pdf,222943,2026-03-08T22:57:44.316Z,2026-03-06T22:25:29Z,TDC,PDF,DESCONHECIDO,NAO,
1kObBRVfp4DOrpa2h3EQ3YOk-YLcZW0Tl,99_LIXEIRA_DUPLICADOS,Anexo I do Decreto 58_289_2018.pdf,application/pdf,pdf,121684,2026-03-08T22:57:44.356Z,2026-03-06T22:25:27Z,JURIDICO,DECRETO,OFICIAL,NAO,
1-7sa6BTCobNh_1VNUOYwxJuQ9CAtRYUs,99_LIXEIRA_DUPLICADOS,11-23 - APT Perímetro Cerqueira César - Página.pdf,application/pdf,pdf,85463,2026-03-08T22:57:44.106Z,2026-03-06T22:25:14Z,OUTRO,PDF,DESCONHECIDO,NAO,
1JhVhZwOmYF9kNZJfnLgmqCt6U3cGzIrD,99_LIXEIRA_DUPLICADOS,"04-22 - Alteração da redação Art 2º, da Res_ 34-18 - Página(1).pdf",application/pdf,pdf,111801,2026-03-08T22:57:43.646Z,2026-03-06T22:25:01Z,OUTRO,PDF,DESCONHECIDO,NAO,
1cvmrmA-yMgKV5g_wS73-FfD1TVCRU5jK,99_LIXEIRA_DUPLICADOS,14-25 - APT do Mirante de Santana e da Praça Vaz Guaçu - Página.pdf,application/pdf,pdf,187498,2026-03-08T22:57:41.717Z,2026-03-06T22:25:16Z,OUTRO,PDF,DESCONHECIDO,NAO,
1oZBWs0uhNUkP7y3PDFlATjFyzHBzsqT5,99_LIXEIRA_DUPLICADOS,08-25 - Complementação e detalhamento da Resolução 02-24 - Página.pdf,application/pdf,pdf,115672,2026-03-08T22:57:41.416Z,2026-03-06T22:25:11Z,OUTRO,PDF,DESCONHECIDO,NAO,
1UakSBNb4nO7GqQf-HnYByzlaR2WfPxXb,99_LIXEIRA_DUPLICADOS,Balanco_Financeiro_08AGO2025.pdf,application/pdf,pdf,36861,2026-03-08T22:57:39.477Z,2026-03-06T22:25:28Z,OUTRO,PDF,DESCONHECIDO,NAO,
1NSLZRR35kOCZYFV61QcOLj265CiYZnTX,99_LIXEIRA_DUPLICADOS,2018_131_Diversos_Retificacao_1753239292359.pdf,application/pdf,pdf,762948,2026-03-08T22:57:39.838Z,2026-03-06T22:25:19Z,OUTRO,PDF,DESCONHECIDO,NAO,
18lWUaW8NCdJPSlXFhc6bf918CIlkqDeN,99_LIXEIRA_DUPLICADOS,09-23 - Arquivamento da APT - Conjunto do Sindicato dos Metroviários de São Paulo.pdf,application/pdf,pdf,68347,2026-03-08T22:57:39.510Z,2026-03-06T22:25:12Z,OUTRO,PDF,DESCONHECIDO,NAO,
1GPpC9h9WdcVB7ry07A1hD1NBmlmgIx86,99_LIXEIRA_DUPLICADOS,17-24 - Arquivamento das Manchas E e F da Res.11-23 - Página (1).pdf,application/pdf,pdf,105806,2026-03-08T22:57:38.906Z,2026-03-06T22:25:17Z,OUTRO,PDF,DESCONHECIDO,NAO,
1A_o_nJ_vnSn4jwffqC2ndKqSvanJSNwn,99_LIXEIRA_DUPLICADOS,10-23 - Tombamento Vila João Migliari.pdf,application/pdf,pdf,74409,2026-03-08T22:57:39.215Z,2026-03-06T22:25:12Z,OUTRO,PDF,DESCONHECIDO,NAO,
1CT8AxCmakr0CKHyQfskZgMkQWX-qjuKn,99_LIXEIRA_DUPLICADOS,03-24 - Tombamento do Conjunto da Escadaria da Rua Alves Guimarães - Página.pdf,application/pdf,pdf,82169,2026-03-08T22:57:39.384Z,2026-03-06T22:25:01Z,OUTRO,PDF,DESCONHECIDO,NAO,
1AB6Dg44gDz8vFbjxSnTRpJFwxPEEnFDH,99_LIXEIRA_DUPLICADOS,02-24_-_tombamento_mancha_dos_bombeiros_-_quadro_i_-_pgina_1_1719838684.pdf,application/pdf,pdf,85090,2026-03-08T22:57:39.179Z,2026-03-06T22:24:59Z,OUTRO,PDF,DESCONHECIDO,NAO,
1soKRcc8CacsepFcNKcEGEODBPINCBbgp,99_LIXEIRA_DUPLICADOS,ZC_a.dbf,application/octet-stream,dbf,10786,2026-03-08T23:18:34.037Z,2026-03-06T17:05:49Z,GEO,GEO_SHP,DESCONHECIDO,NAO,
1MwbcAXXfaw4b_8lLF4953wC51CA2w-io,99_LIXEIRA_DUPLICADOS,Balanco_Financeiro_07JUL2025 (1).pdf,application/pdf,pdf,36161,2026-03-08T22:57:35.806Z,2026-03-06T22:25:28Z,OUTRO,PDF,DESCONHECIDO,NAO,
1Tm7cIV7LuXGTG1jMvl5ZWzK4tlBZpYDP,99_LIXEIRA_DUPLICADOS,2025_03_Sao-Paulo_RAE-Casa-do-Sitio-do-Tatuape_1753229566669 (1).pdf,application/pdf,pdf,427029,2026-03-08T22:57:35.825Z,2026-03-06T22:25:22Z,OUTRO,PDF,DESCONHECIDO,NAO,
1VsI-S-egVx_wfnowar2Gjz_s57yO0TtL,99_LIXEIRA_DUPLICADOS,17-25 - Tombamento do Templo Espiritualista de Umbanda São Benedito - Página.pdf,application/pdf,pdf,193492,2026-03-08T22:57:35.846Z,2026-03-06T22:25:18Z,OUTRO,PDF,DESCONHECIDO,NAO,
1StdbSwoI4qJAfywdK45b6f6G-dzzqzyg,99_LIXEIRA_DUPLICADOS,Transferência do Direito de Construir - Secretaria Municipal de Urbanismo e Licenciamento - Prefeitura2.pdf,application/pdf,pdf,470944,2026-03-08T23:19:04.760Z,2026-03-06T16:57:32Z,OUTRO,PDF,OFICIAL,NAO,
1r2fXfomffB8BoNv66nqozJzLYkXK_ypn,99_LIXEIRA_DUPLICADOS,ZEPEC_APC.dbf,application/octet-stream,dbf,86,2026-03-08T23:18:30.946Z,2026-03-06T17:06:02Z,GEO,GEO_SHP,DESCONHECIDO,NAO,
1-frVU8ozO_j5lWlT0ZuvEcNJ689PPI4M,99_LIXEIRA_DUPLICADOS,ZPI_1.dbf,application/octet-stream,dbf,9883,2026-03-08T23:18:25.556Z,2026-03-06T17:06:19Z,GEO,GEO_SHP,DESCONHECIDO,NAO,
1njhClQV9bdgxZ8HSwUvITaFecwSk4tUF,99_LIXEIRA_DUPLICADOS,ZM_u (1).dbf,application/octet-stream,dbf,385048,2026-03-08T23:18:21.390Z,2026-03-06T17:06:15Z,GEO,GEO_SHP,DESCONHECIDO,NAO,
13jnCdsrg1SDxTzuMLidZj0XkHTG2N1VC,99_LIXEIRA_DUPLICADOS,ZPR.shx,application/octet-stream,shx,3092,2026-03-08T23:17:58.945Z,2026-03-06T17:06:21Z,GEO,GEO_SHP,DESCONHECIDO,NAO,
18dPR3RZ40qyAat_sZqvehiCdoos4bXOP,99_LIXEIRA_DUPLICADOS,008 - QUADRO_3C_FINAL (2).csv,text/csv,csv,1599,2026-03-08T23:17:54.937Z,2026-03-06T17:07:13Z,OUTRO,TABELA_DADO,DESCONHECIDO,NAO,
1QZUp9rlqwoGYrHsT4VM3_o72h6tnNvwl,99_LIXEIRA_DUPLICADOS,SIRGAS_SHP_LOTES_73_SAO_MATEUS.dbf,application/octet-stream,dbf,412681,2026-03-08T23:18:02.452Z,2026-03-06T17:05:03Z,GEO,GEO_SHP,OFICIAL,NAO,
1T-VlDmsitLj5hytNkP43T4Lx8Tl4j1Kv,99_LIXEIRA_DUPLICADOS,ZPR.shp,application/octet-stream,shp,297064,2026-03-08T23:17:54.510Z,2026-03-06T17:06:20Z,GEO,GEO_SHP,DESCONHECIDO,NAO,
1-I8JFit7JRJ9ruchSYoQh3fW7mmB3rQL,99_LIXEIRA_DUPLICADOS,ZER_a.shx,application/octet-stream,shx,3132,2026-03-08T23:17:55.207Z,2026-03-06T17:06:08Z,GEO,GEO_SHP,DESCONHECIDO,NAO,
12b1ZMTL1dH9tMMVgOw0aXQ1it5OEjARK,99_LIXEIRA_DUPLICADOS,009 - QUADRO_4_FINAL.csv,text/csv,csv,31164,2026-03-08T23:17:50.689Z,2026-03-06T17:07:13Z,OUTRO,TABELA_DADO,DESCONHECIDO,NAO,
19V5MEkbPY6li8Z0YHePUmzkLvUpeqYLa,99_LIXEIRA_DUPLICADOS,ZCOR_1.shp,application/octet-stream,shp,500836,2026-03-08T23:17:55.118Z,2026-03-06T17:05:52Z,GEO,GEO_SHP,DESCONHECIDO,NAO,
1IDiZdVXDaSZzWspi6z-3t3UzuI7Ov6UI,99_LIXEIRA_DUPLICADOS,ZCOR_1.dbf,application/octet-stream,dbf,12487,2026-03-08T23:17:54.741Z,2026-03-06T17:05:52Z,GEO,GEO_SHP,DESCONHECIDO,NAO,
1PvcTi0D3qG01KsMey4b1MtC-tZZUMBhD,99_LIXEIRA_DUPLICADOS,Re0716RegulamentacaoProcedimentosRegistroBensImateriaisPDF_1457716829.pdf,application/pdf,pdf,73503,2026-03-08T22:57:47.904Z,2026-03-06T22:12:35Z,OUTRO,PDF,DESCONHECIDO,NAO,
1m-skmc8p4Z_es7NB2-mlL9JC_W8-4X7o,99_LIXEIRA_DUPLICADOS,ZEUP_a (1).shp,application/octet-stream,shp,304440,2026-03-08T23:17:52.913Z,2026-03-06T17:06:11Z,GEO,GEO_SHP,DESCONHECIDO,NAO,
14qu9rYKDzKElOFzdL1SYTSpg4dqSW9o9,99_LIXEIRA_DUPLICADOS,SIRGAS_SHP_LOTES_86_VILA_GUILHERME.shx,application/octet-stream,shx,102116,2026-03-08T23:17:56.028Z,2026-03-06T17:05:21Z,GEO,GEO_SHP,OFICIAL,NAO,
1t3W8ZimK4-iadSaqDpW_Qz3N71xgRXNE,99_LIXEIRA_DUPLICADOS,SIRGAS_SHP_restricaomirantesantana_polygon.shx,application/octet-stream,shx,108,2026-03-08T23:17:54.466Z,2026-03-06T17:05:38Z,GEO,GEO_SHP,OFICIAL,NAO,
1532MNHvBmnSafbjDMuntswQVdXGMLwWk,99_LIXEIRA_DUPLICADOS,SIRGAS_SHP_quadraMDSF.shx,application/octet-stream,shx,512788,2026-03-08T23:17:54.643Z,2026-03-06T17:05:34Z,GEO,GEO_SHP,OFICIAL,NAO,
14MQShHUwM-FyO3beiQSiO6pqqu6bB-4X,99_LIXEIRA_DUPLICADOS,Certidão de Uso e Ocupação do Solo - Secretaria Municipal de Urbanismo e Licenciamento - Prefeitura.csv,text/csv,csv,3070,2026-03-08T23:17:47.270Z,2026-03-06T17:07:15Z,OUTRO,TABELA_DADO,OFICIAL,NAO,
143--LUXgr7twF3n9F6AL0MY4U0WZCrJv,99_LIXEIRA_DUPLICADOS,ZEPEC_BIR.dbf,application/octet-stream,dbf,64598,2026-03-08T23:17:50.703Z,2026-03-06T17:06:05Z,GEO,GEO_SHP,DESCONHECIDO,NAO,
13vQG4LVRZKSm5yh05S2kXvye2qGGMHRx,99_LIXEIRA_DUPLICADOS,ZOE (1).dbf,application/octet-stream,dbf,4423,2026-03-08T23:17:48.597Z,2026-03-06T17:06:17Z,GEO,GEO_SHP,DESCONHECIDO,NAO,
1VG0EysFp5m_RHMhwKcGbKeIuA_eQvTZ-,99_LIXEIRA_DUPLICADOS,ZPDS_u (1).shx,application/octet-stream,shx,2508,2026-03-08T23:17:47.309Z,2026-03-06T17:06:19Z,GEO,GEO_SHP,DESCONHECIDO,NAO,
1k31xN1wzKnjYIc1IY5T9uFnkmqNqpNwd,99_LIXEIRA_DUPLICADOS,ZMIS_u.shp,application/octet-stream,shp,732900,2026-03-08T23:17:47.158Z,2026-03-06T17:06:17Z,GEO,GEO_SHP,DESCONHECIDO,NAO,
1kCwqf0VeSr63Md3ZH2-pESrglCjUdijA,99_LIXEIRA_DUPLICADOS,ZEUP_u.shx,application/octet-stream,shx,18364,2026-03-08T23:17:45.954Z,2026-03-06T17:06:13Z,GEO,GEO_SHP,DESCONHECIDO,NAO,
1fnsWpBOvRsXbQF-ziU0c0JddRYqLD2CZ,99_LIXEIRA_DUPLICADOS,007_-_QUADRO_3B_FINAL.csv,text/csv,csv,7897,2026-03-08T23:17:41.473Z,2026-03-06T17:07:13Z,OUTRO,TABELA_DADO,DESCONHECIDO,NAO,
147IXEhbQsh4LbqOLADNHwIdN-gt6mH-q,99_LIXEIRA_DUPLICADOS,011 - QUADRO_4B_FINAL.csv,text/csv,csv,2025,2026-03-08T23:17:40.048Z,2026-03-06T17:07:13Z,OUTRO,TABELA_DADO,DESCONHECIDO,NAO,
1EuL2oRF5gBWdXIQS1PQwV9IsRG8rAKc4,99_LIXEIRA_DUPLICADOS,ZER_1 (1).shp,application/octet-stream,shp,2430092,2026-03-08T23:17:44.214Z,2026-03-06T17:06:07Z,GEO,GEO_SHP,DESCONHECIDO,NAO,
10Tji0I0ZomzZJ9811PJejz6DNtrf7fZx,99_LIXEIRA_DUPLICADOS,Pedido de Reconhecimento de Complexo de Saúde por Particular - Secretaria Municipal de Urbanismo e Licenciamento - Prefeitura.pdf,application/pdf,pdf,453299,2026-03-08T23:18:19.174Z,2026-03-06T16:57:07Z,OUTRO,CODEX_DOC,OFICIAL,NAO,
1PuGtHo8fTt0Kx3UnJdpdIo0z3s5VcHWH,99_LIXEIRA_DUPLICADOS,SIRGAS_SHP_PLANO_DIRETOR_DRENAGEM.shx,application/octet-stream,shx,1260,2026-03-08T23:17:45.563Z,2026-03-06T17:05:32Z,GEO,GEO_SHP,OFICIAL,NAO,
1Dz4BQoBKea-xKHezdjB1kXweCLQHx5Kt,99_LIXEIRA_DUPLICADOS,ZEPEC_APC.shx,application/octet-stream,shx,108,2026-03-08T23:17:42.929Z,2026-03-06T17:06:03Z,GEO,GEO_SHP,DESCONHECIDO,NAO,
1WKRI8JXvFwJDE7IUg8lbKdbCIxlJIebn,99_LIXEIRA_DUPLICADOS,ZEUP_a.dbf,application/octet-stream,dbf,5179,2026-03-08T23:17:42.268Z,2026-03-06T17:06:10Z,GEO,GEO_SHP,DESCONHECIDO,NAO,
1NYQFZ5T1N_7Cx8EVdseuDya9oYcs98H7,99_LIXEIRA_DUPLICADOS,ZMIS_u.dbf,application/octet-stream,dbf,10996,2026-03-08T23:17:41.197Z,2026-03-06T17:06:16Z,GEO,GEO_SHP,DESCONHECIDO,NAO,
118o4-KQCbxiwkiEmTGNe4F0NPHb596v9,99_LIXEIRA_DUPLICADOS,ZMIS_a (1).shp,application/octet-stream,shp,742548,2026-03-08T23:17:41.117Z,2026-03-06T17:06:15Z,GEO,GEO_SHP,DESCONHECIDO,NAO,
1mZfbUZUSpyGrVuplg_krTpuKb2O0O3wH,99_LIXEIRA_DUPLICADOS,002 - QUADRO_2_FINAL.csv,text/csv,csv,782,2026-03-08T23:17:37.219Z,2026-03-06T17:07:11Z,OUTRO,TABELA_DADO,DESCONHECIDO,NAO,
1Rsf0k2M5cIBCeQgqXh8qCFU-Zput2jYb,99_LIXEIRA_DUPLICADOS,AC_1.shp,application/octet-stream,shp,46772,2026-03-08T23:17:55.946Z,2026-03-06T17:02:20Z,GEO,GEO_SHP,DESCONHECIDO,NAO,
15epA2cmSqJT1zCOAKe8BWUAbNqdbOgdp,99_LIXEIRA_DUPLICADOS,005 - QUADRO_3_FINAL (2).csv,text/csv,csv,3147,2026-03-08T23:17:36.350Z,2026-03-06T17:07:13Z,OUTRO,TABELA_DADO,DESCONHECIDO,NAO,
1_BpLqB8-MqA5RPScuwdNRCqcdwysooQu,99_LIXEIRA_DUPLICADOS,ZCOR_2.dbf,application/octet-stream,dbf,13852,2026-03-08T23:17:40.820Z,2026-03-06T17:05:53Z,GEO,GEO_SHP,DESCONHECIDO,NAO,
13fLaT7pUsLrEdz-R3s4xp2Tc-Hz7z3Uq,99_LIXEIRA_DUPLICADOS,SIRGAS_SHP_LOTES_91_VILA_MATILDE (1).shp,application/octet-stream,shp,5475116,2026-03-08T23:17:42.317Z,2026-03-06T17:05:25Z,GEO,GEO_SHP,OFICIAL,NAO,
1FbNC9S8l0Nn9BMeivnmlFBlUyirzwrfL,99_LIXEIRA_DUPLICADOS,ZEIS_3.dbf,application/octet-stream,dbf,15826,2026-03-08T23:17:40.063Z,2026-03-06T17:05:58Z,GEO,GEO_SHP,DESCONHECIDO,NAO,
1RXZRY2cSo5TTfvQ3nEyVR6nrD5Yh1Uxz,99_LIXEIRA_DUPLICADOS,SIRGAS_SHP_LOTES_92_VILA_MEDEIROS.shx,application/octet-stream,shx,211372,2026-03-08T23:17:41.933Z,2026-03-06T17:05:25Z,GEO,GEO_SHP,OFICIAL,NAO,
1Ebkw8fFTKmvFc_qZdgKh86IwNxdm8EDu,99_LIXEIRA_DUPLICADOS,SIRGAS_SHP_LOTES_92_VILA_MEDEIROS.dbf,application/octet-stream,dbf,396361,2026-03-08T23:17:41.533Z,2026-03-06T17:05:24Z,GEO,GEO_SHP,OFICIAL,NAO,
1stYchizHn7TR3sy_6HMtrX_cA64be7K7,99_LIXEIRA_DUPLICADOS,SIRGAS_SHP_LOTES_95_SAO_DOMINGOS (1).shx,application/octet-stream,shx,136020,2026-03-08T23:17:40.879Z,2026-03-06T17:05:29Z,GEO,GEO_SHP,OFICIAL,NAO,
1WcrW0jQvohvgssJgsHlXNeDQKNi5ANEn,99_LIXEIRA_DUPLICADOS,SIRGAS_SHP_setorfiscal.shx,application/octet-stream,shx,2596,2026-03-08T23:17:40.031Z,2026-03-06T17:05:41Z,GEO,GEO_SHP,OFICIAL,NAO,
10g-dzdagV_pxEBCJpdfWSffeO0zEgUdJ,99_LIXEIRA_DUPLICADOS,ZDE_2.dbf,application/octet-stream,dbf,5914,2026-03-08T23:17:38.025Z,2026-03-06T17:05:55Z,GEO,GEO_SHP,DESCONHECIDO,NAO,
12GwxAyIul1iw99aJfNdkJwZhZOXN10g0,99_LIXEIRA_DUPLICADOS,ZEP (1).dbf,application/octet-stream,dbf,727,2026-03-08T23:17:37.612Z,2026-03-06T17:06:00Z,GEO,GEO_SHP,DESCONHECIDO,NAO,
1VE4U3kKqZsgoY0S-8Ew-UYSSMoxNO8bP,99_LIXEIRA_DUPLICADOS,SIRGAS_SHP_zeup_zemp.dbf,application/octet-stream,dbf,132662,2026-03-08T23:17:37.421Z,2026-03-06T17:05:46Z,GEO,GEO_SHP,OFICIAL,NAO,
1s8zEBzCaaxQNB6O4HQlTsyGqRkCUQz4p,99_LIXEIRA_DUPLICADOS,ZEMP.dbf,application/octet-stream,dbf,7615,2026-03-08T23:17:36.434Z,2026-03-06T17:06:00Z,GEO,GEO_SHP,DESCONHECIDO,NAO,
1Ja6o0VlyS8F57kTtg1yNlRZms0VHYu3K,99_LIXEIRA_DUPLICADOS,SIRGAS_SHP_zeup_zemp (1).shp,application/octet-stream,shp,416724,2026-03-08T23:17:36.330Z,2026-03-06T17:05:47Z,GEO,GEO_SHP,OFICIAL,NAO,
1jrWiz_ka3H5YUjrzjjtqXoiqJJcmXzbi,99_LIXEIRA_DUPLICADOS,SIRGAS_SHP_LOTES_85_VILA_FORMOSA (1).shx,application/octet-stream,shx,157732,2026-03-08T23:17:37.987Z,2026-03-06T17:05:20Z,GEO,GEO_SHP,OFICIAL,NAO,
1NTUZrNvuF5hGA89f9dQlQ6FryLFNijKI,99_LIXEIRA_DUPLICADOS,SIRGAS_SHP_LOTES_88_VILA_LEOPOLDINA.shx,application/octet-stream,shx,44972,2026-03-08T23:17:37.147Z,2026-03-06T17:05:22Z,GEO,GEO_SHP,OFICIAL,NAO,
1MJULnVpk4dLHN5kOt8tK2n5XAoMQb-mI,99_LIXEIRA_DUPLICADOS,SIRGAS_SHP_LOTES_75_SAO_RAFAEL.dbf,application/octet-stream,dbf,227176,2026-03-08T23:17:37.309Z,2026-03-06T17:05:06Z,GEO,GEO_SHP,OFICIAL,NAO,
1ZhZxpmnKrUrKZkKm-fKdRIOov3_FKObm,99_LIXEIRA_DUPLICADOS,AC_2.dbf,application/octet-stream,dbf,559,2026-03-08T23:17:47.222Z,2026-03-06T17:02:20Z,GEO,GEO_SHP,DESCONHECIDO,NAO,
1YmgWlVcCBmkCXRwTe2_DuO-PQSZ_s6XY,99_LIXEIRA_DUPLICADOS,AC_2.shx,application/octet-stream,shx,276,2026-03-08T23:17:45.972Z,2026-03-06T17:02:21Z,GEO,GEO_SHP,DESCONHECIDO,NAO,
1mELzaAR9u_2rVEo4e63i7d7ii_sVxXNs,99_LIXEIRA_DUPLICADOS,SIRGAS_SHP_LOTES_75_SAO_RAFAEL.shx,application/octet-stream,shx,121140,2026-03-08T23:17:34.503Z,2026-03-06T17:05:07Z,GEO,GEO_SHP,OFICIAL,NAO,
1ODrASZ2V20REWh3GHpMsFLplXr3aG0p1,99_LIXEIRA_DUPLICADOS,SIRGAS_SHP_LOTES_89_VILA_MARIA (1).dbf,application/octet-stream,dbf,297961,2026-03-08T23:17:33.186Z,2026-03-06T17:05:22Z,GEO,GEO_SHP,OFICIAL,NAO,
1GNzZHuih9f_FRlUFIRSmJtDfxCq1M-_B,99_LIXEIRA_DUPLICADOS,2014-07-31 - LEI 16050 - PLANO DIRETOR ESTRATÉGICO.csv,text/csv,csv,171,2026-03-08T23:17:25.772Z,2026-03-06T17:07:13Z,JURIDICO,LEI,OFICIAL,NAO,
1N7KN7N02HGu81xW_EZKupQi9xGARjBL_,99_LIXEIRA_DUPLICADOS,ZM_a.dbf,application/octet-stream,dbf,76831,2026-03-08T23:17:29.163Z,2026-03-06T17:06:14Z,GEO,GEO_SHP,DESCONHECIDO,NAO,
10vBDd-uZituRQuxJLhzWr2Hbw_dXEVfk,99_LIXEIRA_DUPLICADOS,SIRGAS_SHP_LOTES_81_TREMEMBE.dbf,application/octet-stream,dbf,388501,2026-03-08T23:17:33.145Z,2026-03-06T17:05:13Z,GEO,GEO_SHP,OFICIAL,NAO,
1uSDPDKOaDh4mVflenu82Z3GeTnTOaVj2,99_LIXEIRA_DUPLICADOS,Resolucao 07-23_Mancha dos Bombeiros.pdf,application/pdf,pdf,91845,2026-03-08T22:57:39.492Z,2026-03-06T22:08:36Z,OUTRO,PDF,DESCONHECIDO,NAO,
1HrxXvCHRj-mvbiQnuk3wnzBtx16PQWDY,99_LIXEIRA_DUPLICADOS,Enquadramento de Atividade CNAE - Secretaria Municipal de Urbanismo e Licenciamento - Prefeitura.csv,text/csv,csv,2450,2026-03-08T23:17:24.238Z,2026-03-06T17:07:16Z,OUTRO,TABELA_DADO,OFICIAL,NAO,
1qSRBrtM9GT4IBAnOqxWUzJmF3QuD4X8d,99_LIXEIRA_DUPLICADOS,004 - QUADRO_2B_FINAL.csv,text/csv,csv,697,2026-03-08T23:17:24.321Z,2026-03-06T17:07:11Z,OUTRO,TABELA_DADO,DESCONHECIDO,NAO,
12pfWPeVjyN6Tu1Bo2QST4WIbvbTiv_va,99_LIXEIRA_DUPLICADOS,ZDE_1 (1).shx,application/octet-stream,shx,2324,2026-03-08T23:17:28.928Z,2026-03-06T17:05:55Z,GEO,GEO_SHP,DESCONHECIDO,NAO,
1qRpPIP-Z3jxZn-E7sd-VnEL6nSruZkK2,99_LIXEIRA_DUPLICADOS,ZEPEC_AUE.shx,application/octet-stream,shx,6028,2026-03-08T23:17:27.107Z,2026-03-06T17:06:04Z,GEO,GEO_SHP,DESCONHECIDO,NAO,
100rRggJKeyeB5uD6_3laIto_gSj_RHu9,99_LIXEIRA_DUPLICADOS,ZCOR_3.shx,application/octet-stream,shx,1948,2026-03-08T23:17:26.985Z,2026-03-06T17:05:53Z,GEO,GEO_SHP,DESCONHECIDO,NAO,
1XUUaJe5G3VSUYzMtFz-QUyrrh0oEyrSV,99_LIXEIRA_DUPLICADOS,SIRGAS_SHP_LOTES_81_TREMEMBE.shx,application/octet-stream,shx,207180,2026-03-08T23:17:29.039Z,2026-03-06T17:05:13Z,GEO,GEO_SHP,OFICIAL,NAO,
10LrLqD-OA9D8G8uJ8ML2jJiSJibQKneV,99_LIXEIRA_DUPLICADOS,ZEU_u (1).shp,application/octet-stream,shp,5302172,2026-03-08T23:17:24.672Z,2026-03-06T17:06:12Z,GEO,GEO_SHP,DESCONHECIDO,NAO,
11IAJCpBU6xyGgdqUDv_cdXZGkpn44yny,99_LIXEIRA_DUPLICADOS,ZEUP_a.shx,application/octet-stream,shx,2036,2026-03-08T23:17:24.307Z,2026-03-06T17:06:12Z,GEO,GEO_SHP,DESCONHECIDO,NAO,
1zTl31RF6bdVNF07lHQfZ6-Cc_F5kEU_5,99_LIXEIRA_DUPLICADOS,ZC_ZEIS.shp,application/octet-stream,shp,609652,2026-03-08T23:17:25.024Z,2026-03-06T17:05:51Z,GEO,GEO_SHP,DESCONHECIDO,NAO,
1Uz2uMCfZcz2vGlF2xAopXsqwvoJ0icpT,99_LIXEIRA_DUPLICADOS,ZEU_u.shx,application/octet-stream,shx,34572,2026-03-08T23:17:23.519Z,2026-03-06T17:06:10Z,GEO,GEO_SHP,DESCONHECIDO,NAO,
16tCPKHjG7k77OO4WzS-aTkxPVxZ57B_J,99_LIXEIRA_DUPLICADOS,ZPI_1 (1).shp,application/octet-stream,shp,1024740,2026-03-08T23:17:22.668Z,2026-03-06T17:06:19Z,GEO,GEO_SHP,DESCONHECIDO,NAO,
1UlibQGtJUpyF7Qt21TSphp5vQco0hCSc,99_LIXEIRA_DUPLICADOS,SIRGAS_SHP_zeup_zemp.prj,application/octet-stream,prj,442,2026-03-08T23:17:24.790Z,2026-03-06T17:05:46Z,GEO,GEO_SHP,OFICIAL,NAO,
1dmMC__Nv7K7vUJCixHHfDFhJ0mApCH7v,99_LIXEIRA_DUPLICADOS,ZEPAM (1).shx,application/octet-stream,shx,5596,2026-03-08T23:17:23.560Z,2026-03-06T17:06:02Z,GEO,GEO_SHP,DESCONHECIDO,NAO,
1J_QppHBZ-WtwkCPvroIVWpvtox5Y0ftM,99_LIXEIRA_DUPLICADOS,ZC.dbf,application/octet-stream,dbf,74315,2026-03-08T23:17:24.394Z,2026-03-06T17:05:47Z,GEO,GEO_SHP,DESCONHECIDO,NAO,
1kCwqf0VeSr63Md3ZH2-pESrglCjUdijA,99_LIXEIRA_DUPLICADOS,ZEUP_u.shx,application/octet-stream,shx,18364,2026-03-08T23:17:45.954Z,2026-03-06T17:06:13Z,GEO,GEO_SHP,DESCONHECIDO,NAO,
1fnsWpBOvRsXbQF-ziU0c0JddRYqLD2CZ,99_LIXEIRA_DUPLICADOS,007_-_QUADRO_3B_FINAL.csv,text/csv,csv,7897,2026-03-08T23:17:41.473Z,2026-03-06T17:07:13Z,OUTRO,TABELA_DADO,DESCONHECIDO,NAO,
147IXEhbQsh4LbqOLADNHwIdN-gt6mH-q,99_LIXEIRA_DUPLICADOS,011 - QUADRO_4B_FINAL.csv,text/csv,csv,2025,2026-03-08T23:17:40.048Z,2026-03-06T17:07:13Z,OUTRO,TABELA_DADO,DESCONHECIDO,NAO,
1EuL2oRF5gBWdXIQS1PQwV9IsRG8rAKc4,99_LIXEIRA_DUPLICADOS,ZER_1 (1).shp,application/octet-stream,shp,2430092,2026-03-08T23:17:44.214Z,2026-03-06T17:06:07Z,GEO,GEO_SHP,DESCONHECIDO,NAO,
10Tji0I0ZomzZJ9811PJejz6DNtrf7fZx,99_LIXEIRA_DUPLICADOS,Pedido de Reconhecimento de Complexo de Saúde por Particular - Secretaria Municipal de Urbanismo e Licenciamento - Prefeitura.pdf,application/pdf,pdf,453299,2026-03-08T23:18:19.174Z,2026-03-06T16:57:07Z,OUTRO,CODEX_DOC,OFICIAL,NAO,
1PuGtHo8fTt0Kx3UnJdpdIo0z3s5VcHWH,99_LIXEIRA_DUPLICADOS,SIRGAS_SHP_PLANO_DIRETOR_DRENAGEM.shx,application/octet-stream,shx,1260,2026-03-08T23:17:45.563Z,2026-03-06T17:05:32Z,GEO,GEO_SHP,OFICIAL,NAO,
1Dz4BQoBKea-xKHezdjB1kXweCLQHx5Kt,99_LIXEIRA_DUPLICADOS,ZEPEC_APC.shx,application/octet-stream,shx,108,2026-03-08T23:17:42.929Z,2026-03-06T17:06:03Z,GEO,GEO_SHP,DESCONHECIDO,NAO,
1WKRI8JXvFwJDE7IUg8lbKdbCIxlJIebn,99_LIXEIRA_DUPLICADOS,ZEUP_a.dbf,application/octet-stream,dbf,5179,2026-03-08T23:17:42.268Z,2026-03-06T17:06:10Z,GEO,GEO_SHP,DESCONHECIDO,NAO,
1NYQFZ5T1N_7Cx8EVdseuDya9oYcs98H7,99_LIXEIRA_DUPLICADOS,ZMIS_u.dbf,application/octet-stream,dbf,10996,2026-03-08T23:17:41.197Z,2026-03-06T17:06:16Z,GEO,GEO_SHP,DESCONHECIDO,NAO,
118o4-KQCbxiwkiEmTGNe4F0NPHb596v9,99_LIXEIRA_DUPLICADOS,ZMIS_a (1).shp,application/octet-stream,shp,742548,2026-03-08T23:17:41.117Z,2026-03-06T17:06:15Z,GEO,GEO_SHP,DESCONHECIDO,NAO,
1mZfbUZUSpyGrVuplg_krTpuKb2O0O3wH,99_LIXEIRA_DUPLICADOS,002 - QUADRO_2_FINAL.csv,text/csv,csv,782,2026-03-08T23:17:37.219Z,2026-03-06T17:07:11Z,OUTRO,TABELA_DADO,DESCONHECIDO,NAO,
1Rsf0k2M5cIBCeQgqXh8qCFU-Zput2jYb,99_LIXEIRA_DUPLICADOS,AC_1.shp,application/octet-stream,shp,46772,2026-03-08T23:17:55.946Z,2026-03-06T17:02:20Z,GEO,GEO_SHP,DESCONHECIDO,NAO,
15epA2cmSqJT1zCOAKe8BWUAbNqdbOgdp,99_LIXEIRA_DUPLICADOS,005 - QUADRO_3_FINAL (2).csv,text/csv,csv,3147,2026-03-08T23:17:36.350Z,2026-03-06T17:07:13Z,OUTRO,TABELA_DADO,DESCONHECIDO,NAO,
1_BpLqB8-MqA5RPScuwdNRCqcdwysooQu,99_LIXEIRA_DUPLICADOS,ZCOR_2.dbf,application/octet-stream,dbf,13852,2026-03-08T23:17:40.820Z,2026-03-06T17:05:53Z,GEO,GEO_SHP,DESCONHECIDO,NAO,
13fLaT7pUsLrEdz-R3s4xp2Tc-Hz7z3Uq,99_LIXEIRA_DUPLICADOS,SIRGAS_SHP_LOTES_91_VILA_MATILDE (1).shp,application/octet-stream,shp,5475116,2026-03-08T23:17:42.317Z,2026-03-06T17:05:25Z,GEO,GEO_SHP,OFICIAL,NAO,
1FbNC9S8l0Nn9BMeivnmlFBlUyirzwrfL,99_LIXEIRA_DUPLICADOS,ZEIS_3.dbf,application/octet-stream,dbf,15826,2026-03-08T23:17:40.063Z,2026-03-06T17:05:58Z,GEO,GEO_SHP,DESCONHECIDO,NAO,
1RXZRY2cSo5TTfvQ3nEyVR6nrD5Yh1Uxz,99_LIXEIRA_DUPLICADOS,SIRGAS_SHP_LOTES_92_VILA_MEDEIROS.shx,application/octet-stream,shx,211372,2026-03-08T23:17:41.933Z,2026-03-06T17:05:25Z,GEO,GEO_SHP,OFICIAL,NAO,
1Ebkw8fFTKmvFc_qZdgKh86IwNxdm8EDu,99_LIXEIRA_DUPLICADOS,SIRGAS_SHP_LOTES_92_VILA_MEDEIROS.dbf,application/octet-stream,dbf,396361,2026-03-08T23:17:41.533Z,2026-03-06T17:05:24Z,GEO,GEO_SHP,OFICIAL,NAO,
1stYchizHn7TR3sy_6HMtrX_cA64be7K7,99_LIXEIRA_DUPLICADOS,SIRGAS_SHP_LOTES_95_SAO_DOMINGOS (1).shx,application/octet-stream,shx,136020,2026-03-08T23:17:40.879Z,2026-03-06T17:05:29Z,GEO,GEO_SHP,OFICIAL,NAO,
1WcrW0jQvohvgssJgsHlXNeDQKNi5ANEn,99_LIXEIRA_DUPLICADOS,SIRGAS_SHP_setorfiscal.shx,application/octet-stream,shx,2596,2026-03-08T23:17:40.031Z,2026-03-06T17:05:41Z,GEO,GEO_SHP,OFICIAL,NAO,
10g-dzdagV_pxEBCJpdfWSffeO0zEgUdJ,99_LIXEIRA_DUPLICADOS,ZDE_2.dbf,application/octet-stream,dbf,5914,2026-03-08T23:17:38.025Z,2026-03-06T17:05:55Z,GEO,GEO_SHP,DESCONHECIDO,NAO,
12GwxAyIul1iw99aJfNdkJwZhZOXN10g0,99_LIXEIRA_DUPLICADOS,ZEP (1).dbf,application/octet-stream,dbf,727,2026-03-08T23:17:37.612Z,2026-03-06T17:06:00Z,GEO,GEO_SHP,DESCONHECIDO,NAO,
1VE4U3kKqZsgoY0S-8Ew-UYSSMoxNO8bP,99_LIXEIRA_DUPLICADOS,SIRGAS_SHP_zeup_zemp.dbf,application/octet-stream,dbf,132662,2026-03-08T23:17:37.421Z,2026-03-06T17:05:46Z,GEO,GEO_SHP,OFICIAL,NAO,
1s8zEBzCaaxQNB6O4HQlTsyGqRkCUQz4p,99_LIXEIRA_DUPLICADOS,ZEMP.dbf,application/octet-stream,dbf,7615,2026-03-08T23:17:36.434Z,2026-03-06T17:06:00Z,GEO,GEO_SHP,DESCONHECIDO,NAO,
1Ja6o0VlyS8F57kTtg1yNlRZms0VHYu3K,99_LIXEIRA_DUPLICADOS,SIRGAS_SHP_zeup_zemp (1).shp,application/octet-stream,shp,416724,2026-03-08T23:17:36.330Z,2026-03-06T17:05:47Z,GEO,GEO_SHP,OFICIAL,NAO,
1jrWiz_ka3H5YUjrzjjtqXoiqJJcmXzbi,99_LIXEIRA_DUPLICADOS,SIRGAS_SHP_LOTES_85_VILA_FORMOSA (1).shx,application/octet-stream,shx,157732,2026-03-08T23:17:37.987Z,2026-03-06T17:05:20Z,GEO,GEO_SHP,OFICIAL,NAO,
1NTUZrNvuF5hGA89f9dQlQ6FryLFNijKI,99_LIXEIRA_DUPLICADOS,SIRGAS_SHP_LOTES_88_VILA_LEOPOLDINA.shx,application/octet-stream,shx,44972,2026-03-08T23:17:37.147Z,2026-03-06T17:05:22Z,GEO,GEO_SHP,OFICIAL,NAO,
1MJULnVpk4dLHN5kOt8tK2n5XAoMQb-mI,99_LIXEIRA_DUPLICADOS,SIRGAS_SHP_LOTES_75_SAO_RAFAEL.dbf,application/octet-stream,dbf,227176,2026-03-08T23:17:37.309Z,2026-03-06T17:05:06Z,GEO,GEO_SHP,OFICIAL,NAO,
1ZhZxpmnKrUrKZkKm-fKdRIOov3_FKObm,99_LIXEIRA_DUPLICADOS,AC_2.dbf,application/octet-stream,dbf,559,2026-03-08T23:17:47.222Z,2026-03-06T17:02:20Z,GEO,GEO_SHP,DESCONHECIDO,NAO,
1YmgWlVcCBmkCXRwTe2_DuO-PQSZ_s6XY,99_LIXEIRA_DUPLICADOS,AC_2.shx,application/octet-stream,shx,276,2026-03-08T23:17:45.972Z,2026-03-06T17:02:21Z,GEO,GEO_SHP,DESCONHECIDO,NAO,
1mELzaAR9u_2rVEo4e63i7d7ii_sVxXNs,99_LIXEIRA_DUPLICADOS,SIRGAS_SHP_LOTES_75_SAO_RAFAEL.shx,application/octet-stream,shx,121140,2026-03-08T23:17:34.503Z,2026-03-06T17:05:07Z,GEO,GEO_SHP,OFICIAL,NAO,
1ODrASZ2V20REWh3GHpMsFLplXr3aG0p1,99_LIXEIRA_DUPLICADOS,SIRGAS_SHP_LOTES_89_VILA_MARIA (1).dbf,application/octet-stream,dbf,297961,2026-03-08T23:17:33.186Z,2026-03-06T17:05:22Z,GEO,GEO_SHP,OFICIAL,NAO,
1GNzZHuih9f_FRlUFIRSmJtDfxCq1M-_B,99_LIXEIRA_DUPLICADOS,2014-07-31 - LEI 16050 - PLANO DIRETOR ESTRATÉGICO.csv,text/csv,csv,171,2026-03-08T23:17:25.772Z,2026-03-06T17:07:13Z,JURIDICO,LEI,OFICIAL,NAO,
1N7KN7N02HGu81xW_EZKupQi9xGARjBL_,99_LIXEIRA_DUPLICADOS,ZM_a.dbf,application/octet-stream,dbf,76831,2026-03-08T23:17:29.163Z,2026-03-06T17:06:14Z,GEO,GEO_SHP,DESCONHECIDO,NAO,
10vBDd-uZituRQuxJLhzWr2Hbw_dXEVfk,99_LIXEIRA_DUPLICADOS,SIRGAS_SHP_LOTES_81_TREMEMBE.dbf,application/octet-stream,dbf,388501,2026-03-08T23:17:33.145Z,2026-03-06T17:05:13Z,GEO,GEO_SHP,OFICIAL,NAO,
1uSDPDKOaDh4mVflenu82Z3GeTnTOaVj2,99_LIXEIRA_DUPLICADOS,Resolucao 07-23_Mancha dos Bombeiros.pdf,application/pdf,pdf,91845,2026-03-08T22:57:39.492Z,2026-03-06T22:08:36Z,OUTRO,PDF,DESCONHECIDO,NAO,
1HrxXvCHRj-mvbiQnuk3wnzBtx16PQWDY,99_LIXEIRA_DUPLICADOS,Enquadramento de Atividade CNAE - Secretaria Municipal de Urbanismo e Licenciamento - Prefeitura.csv,text/csv,csv,2450,2026-03-08T23:17:24.238Z,2026-03-06T17:07:16Z,OUTRO,TABELA_DADO,OFICIAL,NAO,
1qSRBrtM9GT4IBAnOqxWUzJmF3QuD4X8d,99_LIXEIRA_DUPLICADOS,004 - QUADRO_2B_FINAL.csv,text/csv,csv,697,2026-03-08T23:17:24.321Z,2026-03-06T17:07:11Z,OUTRO,TABELA_DADO,DESCONHECIDO,NAO,
12pfWPeVjyN6Tu1Bo2QST4WIbvbTiv_va,99_LIXEIRA_DUPLICADOS,ZDE_1 (1).shx,application/octet-stream,shx,2324,2026-03-08T23:17:28.928Z,2026-03-06T17:05:55Z,GEO,GEO_SHP,DESCONHECIDO,NAO,
1qRpPIP-Z3jxZn-E7sd-VnEL6nSruZkK2,99_LIXEIRA_DUPLICADOS,ZEPEC_AUE.shx,application/octet-stream,shx,6028,2026-03-08T23:17:27.107Z,2026-03-06T17:06:04Z,GEO,GEO_SHP,DESCONHECIDO,NAO,
100rRggJKeyeB5uD6_3laIto_gSj_RHu9,99_LIXEIRA_DUPLICADOS,ZCOR_3.shx,application/octet-stream,shx,1948,2026-03-08T23:17:26.985Z,2026-03-06T17:05:53Z,GEO,GEO_SHP,DESCONHECIDO,NAO,
1XUUaJe5G3VSUYzMtFz-QUyrrh0oEyrSV,99_LIXEIRA_DUPLICADOS,SIRGAS_SHP_LOTES_81_TREMEMBE.shx,application/octet-stream,shx,207180,2026-03-08T23:17:29.039Z,2026-03-06T17:05:13Z,GEO,GEO_SHP,OFICIAL,NAO,
10LrLqD-OA9D8G8uJ8ML2jJiSJibQKneV,99_LIXEIRA_DUPLICADOS,ZEU_u (1).shp,application/octet-stream,shp,5302172,2026-03-08T23:17:24.672Z,2026-03-06T17:06:12Z,GEO,GEO_SHP,DESCONHECIDO,NAO,
11IAJCpBU6xyGgdqUDv_cdXZGkpn44yny,99_LIXEIRA_DUPLICADOS,ZEUP_a.shx,application/octet-stream,shx,2036,2026-03-08T23:17:24.307Z,2026-03-06T17:06:12Z,GEO,GEO_SHP,DESCONHECIDO,NAO,
1zTl31RF6bdVNF07lHQfZ6-Cc_F5kEU_5,99_LIXEIRA_DUPLICADOS,ZC_ZEIS.shp,application/octet-stream,shp,609652,2026-03-08T23:17:25.024Z,2026-03-06T17:05:51Z,GEO,GEO_SHP,DESCONHECIDO,NAO,
1Uz2uMCfZcz2vGlF2xAopXsqwvoJ0icpT,99_LIXEIRA_DUPLICADOS,ZEU_u.shx,application/octet-stream,shx,34572,2026-03-08T23:17:23.519Z,2026-03-06T17:06:10Z,GEO,GEO_SHP,DESCONHECIDO,NAO,
16tCPKHjG7k77OO4WzS-aTkxPVxZ57B_J,99_LIXEIRA_DUPLICADOS,ZPI_1 (1).shp,application/octet-stream,shp,1024740,2026-03-08T23:17:22.668Z,2026-03-06T17:06:19Z,GEO,GEO_SHP,DESCONHECIDO,NAO,
1UlibQGtJUpyF7Qt21TSphp5vQco0hCSc,99_LIXEIRA_DUPLICADOS,SIRGAS_SHP_zeup_zemp.prj,application/octet-stream,prj,442,2026-03-08T23:17:24.790Z,2026-03-06T17:05:46Z,GEO,GEO_SHP,OFICIAL,NAO,
1dmMC__Nv7K7vUJCixHHfDFhJ0mApCH7v,99_LIXEIRA_DUPLICADOS,ZEPAM (1).shx,application/octet-stream,shx,5596,2026-03-08T23:17:23.560Z,2026-03-06T17:06:02Z,GEO,GEO_SHP,DESCONHECIDO,NAO,
1J_QppHBZ-WtwkCPvroIVWpvtox5Y0ftM,99_LIXEIRA_DUPLICADOS,ZC.dbf,application/octet-stream,dbf,74315,2026-03-08T23:17:24.394Z,2026-03-06T17:05:47Z,GEO,GEO_SHP,DESCONHECIDO,NAO,
147q_yLi8fJrljuDpPzQYrDS5EGx96-T1,99_LIXEIRA_DUPLICADOS,ZEPAM.dbf,application/octet-stream,dbf,14524,2026-03-08T23:17:22.862Z,2026-03-06T17:06:01Z,GEO,GEO_SHP,DESCONHECIDO,NAO,
1CKyFpLLcOHRTwKFFL2mN1ZOOjSvge7JL,99_LIXEIRA_DUPLICADOS,SIRGAS_SHP_planoacao_polygon.shx,application/octet-stream,shx,3284,2026-03-08T23:17:24.615Z,2026-03-06T17:05:33Z,GEO,GEO_SHP,OFICIAL,NAO,
1oVZY32s_Nmz55TQFrEYkfJK6w6vfn3l3,99_LIXEIRA_DUPLICADOS,Ativação de Zonas de Estruturação (ZEUP e ZEMP) por Particular - Secretaria Municipal de Urbanismo e Licenciamento - Prefeitura (1).csv,text/csv,csv,1542,2026-03-08T23:17:17.536Z,2026-03-06T17:07:15Z,GEO,TABELA_DADO,OFICIAL,NAO,
1NIcp_Ir7L22ScaaHjPkh7rQKWQy_B2H-,99_LIXEIRA_DUPLICADOS,ZER_1 (1).shx,application/octet-stream,shx,20404,2026-03-08T23:17:21.569Z,2026-03-06T17:06:06Z,GEO,GEO_SHP,DESCONHECIDO,NAO,
1I6ISqimA7EjB7yZRNAwbEijlrJGW7Ceb,99_LIXEIRA_DUPLICADOS,AC_2 (1).shp,application/octet-stream,shp,87876,2026-03-08T23:17:36.088Z,2026-03-06T17:02:20Z,GEO,GEO_SHP,DESCONHECIDO,NAO,
1EPfMPwSuRX7d5zi0F1hAGiPUKEnrIWVf,99_LIXEIRA_DUPLICADOS,ZEIS_4 (1).shx,application/octet-stream,shx,668,2026-03-08T23:17:21.588Z,2026-03-06T17:05:59Z,GEO,GEO_SHP,DESCONHECIDO,NAO,
12-dingbn0hDgMZNfz7R3L1GkkuZvSvbz,99_LIXEIRA_DUPLICADOS,SIRGAS_SHP_LOTES_86_VILA_GUILHERME (1).dbf,application/octet-stream,dbf,191506,2026-03-08T23:17:23.575Z,2026-03-06T17:05:20Z,GEO,GEO_SHP,OFICIAL,NAO,
1jJWAwlbwHoSI5cKGiIgFcnwYfWTx5hMI,99_LIXEIRA_DUPLICADOS,SIRGAS_SHP_PLANO_DIRETOR_DRENAGEM (1).shp,application/octet-stream,shp,193972,2026-03-08T23:17:22.411Z,2026-03-06T17:05:32Z,GEO,GEO_SHP,OFICIAL,NAO,
1tkxxqXb9jlsVntmvkOhmtpSmevaImEmJ,99_LIXEIRA_DUPLICADOS,003 - QUADRO_2A_FINAL.csv,text/csv,csv,940,2026-03-08T23:17:15.907Z,2026-03-06T17:07:11Z,OUTRO,TABELA_DADO,DESCONHECIDO,NAO,
1MVrytpAN8sBkJsQyeKh-IBhABvGOLzDF,99_LIXEIRA_DUPLICADOS,ZEIS_5.shp,application/octet-stream,shp,228428,2026-03-08T23:17:20.464Z,2026-03-06T17:06:00Z,GEO,GEO_SHP,DESCONHECIDO,NAO,
1nuWuX_ri0KNyRIUXeFTKJSDutSM6yhGQ,99_LIXEIRA_DUPLICADOS,SIRGAS_SHP_LOTES_80_TATUAPE (1).shx,application/octet-stream,shx,146012,2026-03-08T23:17:23.473Z,2026-03-06T17:05:13Z,GEO,GEO_SHP,OFICIAL,NAO,
1557cxKbUPgJeU78CkpiVgPWpPUdpK2Ct,99_LIXEIRA_DUPLICADOS,Transferência do Direito de Construir - Secretaria Municipal de Urbanismo e Licenciamento - Prefeitura.pdf,application/pdf,pdf,462686,2026-03-08T23:17:52.646Z,2026-03-06T16:57:32Z,OUTRO,PDF,OFICIAL,NAO,
1lIC9v26mS-zIyeGLOsBEgtElFG6pQSzx,99_LIXEIRA_DUPLICADOS,ZPDS_r.shx,application/octet-stream,shx,604,2026-03-08T23:17:17.487Z,2026-03-06T17:06:18Z,GEO,GEO_SHP,DESCONHECIDO,NAO,
1GjIjZ8ReNNpBMMNSrldktoTPHhq07laq,99_LIXEIRA_DUPLICADOS,SIRGAS_SHP_LOTES_77_SAUDE.dbf,application/octet-stream,dbf,349846,2026-03-08T23:17:21.541Z,2026-03-06T17:05:07Z,GEO,GEO_SHP,OFICIAL,NAO,
1eWglGsL3us2dNrtVs8O6CadVcPp7HmlS,99_LIXEIRA_DUPLICADOS,ZEPEC_APP-BIR.dbf,application/octet-stream,dbf,821,2026-03-08T23:17:17.503Z,2026-03-06T17:06:03Z,GEO,GEO_SHP,DESCONHECIDO,NAO,
1F33KxWwGMqNlmxZXD9rFNO0PTSAZadus,99_LIXEIRA_DUPLICADOS,L10257.pdf,application/pdf,pdf,471164,2026-03-08T23:17:54.484Z,2026-03-06T16:56:24Z,OUTRO,PDF,DESCONHECIDO,NAO,
1ggUVcQofrYyf0fBCfSmL0PrQ28Hy2jIg,99_LIXEIRA_DUPLICADOS,SIRGAS_SHP_LOTES_70_SANTANA.dbf,application/octet-stream,dbf,334006,2026-03-08T23:17:17.446Z,2026-03-06T17:04:59Z,GEO,GEO_SHP,OFICIAL,NAO,
1eH_VlDCoKxc-0QXPI99bK3Ujwk0zn9eR,99_LIXEIRA_DUPLICADOS,GatewayCertificaPDF (1) (1).pdf,application/pdf,pdf,34772,2026-03-08T23:17:45.793Z,2026-03-06T16:56:23Z,OUTRO,PDF,DESCONHECIDO,NAO,
1U_m4BKOzWL4pBrBXs6v9S9qaUGBrEBrn,99_LIXEIRA_DUPLICADOS,PCA_CANT (1).dbf,application/octet-stream,dbf,296861,2026-03-08T23:17:17.574Z,2026-03-06T17:02:21Z,GEO,GEO_SHP,DESCONHECIDO,NAO,
1pTEoSx6xyESKcdTEyAlU719290jhKvxZ,99_LIXEIRA_DUPLICADOS,Projeto de Intervenção Urbana apresentado por particular - Secretaria Municipal de Urbanismo e Licenciamento - Prefeitura.pdf,application/pdf,pdf,455756,2026-03-08T23:17:37.759Z,2026-03-06T16:57:12Z,OUTRO,PDF,OFICIAL,NAO,
1VAVVTLlg8wH8GJ45y_sqyNdXPeFtUqM4,99_LIXEIRA_DUPLICADOS,PORTARIA SECRETARIA MUNICIPAL DE COORDENAÇÃO DAS SUBPREFEITURAS - SMSP Nº 20 DE 3 DE MAIO DE 2016 « Catálogo de Legislação Municipal.pdf,application/pdf,pdf,73660,2026-03-08T23:17:37.472Z,2026-03-06T16:57:10Z,JURIDICO,PORTARIA,OFICIAL,NAO,
1dSM-O_ggBseCasEguR78qB_eHAoW4SU_,99_LIXEIRA_DUPLICADOS,Portal de Serviços e-SAJ3.pdf,application/pdf,pdf,102035,2026-03-08T23:17:36.366Z,2026-03-06T16:57:10Z,OUTRO,PDF,DESCONHECIDO,NAO,
11lDRyoSSOEFLlOj4g0FdBKmg8LNVukr3,99_LIXEIRA_DUPLICADOS,RESOLUÇÃO SECRETARIA MUNICIPAL DE URBANISMO E LICENCIAMENTO - SMUL_CEUSO Nº 141 DE 8 DE FEVEREIRO DE 2021 « Catálogo de Legislação Municipal (1).pdf,application/pdf,pdf,110267,2026-03-08T23:17:34.521Z,2026-03-06T16:57:16Z,GOVERNANCA,PDF,DESCONHECIDO,NAO,
1Aj5k1Q9VS7XhecGfwQG_bpnduSDzYfnn,99_LIXEIRA_DUPLICADOS,ZPDS_u.dbf,application/octet-stream,dbf,6418,2026-03-08T23:16:58.481Z,2026-03-06T17:06:18Z,GEO,GEO_SHP,DESCONHECIDO,NAO,
1u-oIYVYNYxvWQqAlHcQsjYOCAcvOozQp,99_LIXEIRA_DUPLICADOS,GatewayCertificaPDF.pdf,application/pdf,pdf,34772,2026-03-08T23:17:37.206Z,2026-03-06T16:56:24Z,OUTRO,PDF,DESCONHECIDO,NAO,
1kQ1iKpAHU3ZmPMXAlNWGMTTkh2gTuzuP,99_LIXEIRA_DUPLICADOS,ZEPEC_BIR_INDIC.shx,application/octet-stream,shx,5708,2026-03-08T23:16:58.497Z,2026-03-06T17:06:06Z,GEO,GEO_SHP,DESCONHECIDO,NAO,
1xmiEXiq11I19VGemy1TIVteI3Ep47esv,99_LIXEIRA_DUPLICADOS,GatewayCertificaPDF (2).pdf,application/pdf,pdf,40211,2026-03-08T23:17:36.456Z,2026-03-06T16:56:23Z,OUTRO,PDF,DESCONHECIDO,NAO,
1QMui2656iSEe1TrMzzZkD9qIk6oD8ZzA,99_LIXEIRA_DUPLICADOS,Portal de Serviços e-SAJ.pdf,application/pdf,pdf,109112,2026-03-08T23:17:32.843Z,2026-03-06T16:57:09Z,OUTRO,PDF,DESCONHECIDO,NAO,
1OpAXrkvsHOIvGYbGSv78M_Nr1RBqcGSk,99_LIXEIRA_DUPLICADOS,SIRGAS_SHP_LOTES_96_LAJEADO (1).shx,application/octet-stream,shx,160964,2026-03-08T23:16:58.543Z,2026-03-06T17:05:29Z,GEO,GEO_SHP,OFICIAL,NAO,
1yWiFhYuk2GAfWWo4nxLHus09P7FoRe8N,99_LIXEIRA_DUPLICADOS,RESOLUÇÃO SECRETARIA MUNICIPAL DE URBANISMO E LICENCIAMENTO - SMUL_CTLU Nº 4 DE 4 DE ABRIL DE 2024 « Catálogo de Legislação Municipal (1).pdf,application/pdf,pdf,62835,2026-03-08T23:17:29.179Z,2026-03-06T16:57:16Z,GOVERNANCA,PDF,DESCONHECIDO,NAO,
1RftsK61vAwIsQwnIUpBO26hOYlPrRBAS,99_LIXEIRA_DUPLICADOS,SIRGAS_SHP_LOTES_84_VILA_CURUCA (1).shx,application/octet-stream,shx,190188,2026-03-08T23:16:56.903Z,2026-03-06T17:05:18Z,GEO,GEO_SHP,OFICIAL,NAO,
1Ufi7kiOJNmJzyvRs5ztBjbq4Ft2996ki,99_LIXEIRA_DUPLICADOS,RESOLUÇÃO SECRETARIA MUNICIPAL DE CULTURA - SMC_CONPRESP Nº 22 DE 13 DE DEZEMBRO DE 2002 « Catálogo de Legislação Municipal.pdf,application/pdf,pdf,394373,2026-03-08T23:17:24.767Z,2026-03-06T16:57:14Z,GOVERNANCA,JURISPRUDENCIA,OFICIAL,NAO,
1gxxUwgvlspMpPStg6TqiR5728KfaKcpf,99_LIXEIRA_DUPLICADOS,ZPI_1.cpg,application/octet-stream,cpg,5,2026-03-08T23:17:22.343Z,2026-03-06T16:57:38Z,GEO,GEO_SHP,DESCONHECIDO,NAO,
17eApagejG2R4frdxa9oYQwCuiJnZjo0G,99_LIXEIRA_DUPLICADOS,Portal de Serviços e-SAJ5.pdf,application/pdf,pdf,109381,2026-03-08T23:17:20.917Z,2026-03-06T16:57:10Z,OUTRO,PDF,DESCONHECIDO,NAO,
1IGvhDXuf8TGGxLEw2x6NngqZZLT9eTGS,99_LIXEIRA_DUPLICADOS,INSTRUÇÃO NORMATIVA SECRETARIA MUNICIPAL DE LICENCIAMENTO - SEL Nº 6 DE 4 DE DEZEMBRO DE 2020 « Catálogo de Legislação Municipal.pdf,application/pdf,pdf,354593,2026-03-08T23:17:23.499Z,2026-03-06T16:56:24Z,GOVERNANCA,PDF,DESCONHECIDO,NAO,
1UNwek5EemFBq66UoeuQjQdjHkDpMMTF6,99_LIXEIRA_DUPLICADOS,RESOLUÇÃO SECRETARIA MUNICIPAL DE URBANISMO E LICENCIAMENTO - SMUL_CAEHIS Nº 3 DE 7 DE OUTUBRO DE 2021 « Catálogo de Legislação Municipal.pdf,application/pdf,pdf,76100,2026-03-08T23:17:17.520Z,2026-03-06T16:57:15Z,GOVERNANCA,PDF,DESCONHECIDO,NAO,
1vU7cXQfqGbdL5WbSA15tGKc4pzMeSXU2,99_LIXEIRA_DUPLICADOS,PDE2013_SUBST2_Quadro_11_polo_de_economia_criativa.pdf,application/pdf,pdf,193677,2026-03-08T23:17:17.716Z,2026-03-06T16:57:06Z,OUTRO,PDF,DESCONHECIDO,NAO,
13f2cNIwCcPyRI7v-_W_cJ_blC3BfOh22,99_LIXEIRA_DUPLICADOS,Enquadramento de Atividade CNAE - Secretaria Municipal de Urbanismo e Licenciamento - Prefeitura.pdf,application/pdf,pdf,446996,2026-03-08T23:17:20.405Z,2026-03-06T16:56:23Z,OUTRO,PDF,OFICIAL,NAO,
1iB15-hj9sh5l13K9nfO8YOy_4YW4fVnw,99_LIXEIRA_DUPLICADOS,2022_07_Campinas_Conjunto-da-Estacao-Ferroviaria-Guanabara_1753232568474.pdf,application/pdf,pdf,448026,2026-03-08T22:57:41.635Z,2026-03-06T21:51:28Z,OUTRO,PDF,DESCONHECIDO,NAO,
1ZkZcdnxpKmQDk5mumTlSRwxJJYlTbi2M,99_LIXEIRA_DUPLICADOS,RESOLUÇÃO SECRETARIA MUNICIPAL DE URBANISMO E LICENCIAMENTO - SMUL_CTLU Nº 12 DE 11 DE NOVEMBRO DE 2021 « Catálogo de Legislação Municipal (1).pdf,application/pdf,pdf,94002,2026-03-08T23:16:58.560Z,2026-03-06T16:57:17Z,GOVERNANCA,PDF,DESCONHECIDO,NAO,
1-_Qjr4pk5tAEPv4yyaHEMvHbnTSirziq,99_LIXEIRA_DUPLICADOS,2025_07_Itu_RAE-Pedreira-de-Varvitos_1753229567444 (1).pdf,application/pdf,pdf,417901,2026-03-08T22:57:39.753Z,2026-03-06T21:41:36Z,OUTRO,PDF,DESCONHECIDO,NAO,
1WVoO_5vvAVFWiAc2gpvwUq68C-L7r_U6,99_LIXEIRA_DUPLICADOS,2025_08_Sao-Sebastiao_RAE-Casa-da-Esperanca_1753229567334.pdf,application/pdf,pdf,156293,2026-03-08T22:57:35.862Z,2026-03-06T21:41:41Z,OUTRO,PDF,DESCONHECIDO,NAO,
1UUDQdbykdDcF3aP7MUeN-4ak0NRpsjA_,99_LIXEIRA_DUPLICADOS,FUNDURB_Balanco_Financeiro_Consolidado_01JAN_2026 (1).pdf,application/pdf,pdf,355654,2026-03-08T22:57:46.210Z,2026-03-06T21:10:52Z,TDC,PDF,DESCONHECIDO,NAO,
1zuVMnjtlLoAc9E1-jutYO9UoN0ONdJCX,99_LIXEIRA_DUPLICADOS,Balanco_Financeiro_11NOV2025.pdf,application/pdf,pdf,36823,2026-03-08T22:57:39.332Z,2026-03-06T21:10:32Z,OUTRO,PDF,DESCONHECIDO,NAO,
1vLv0zSPWNpolftSB_lexQn3vK7algWer,99_LIXEIRA_DUPLICADOS,sissel_ANO_2025_12.xls,application/vnd.ms-excel,xls,826368,2026-03-08T22:57:48.002Z,2026-03-06T17:45:05Z,OUTRO,PLANILHA,DESCONHECIDO,NAO,
1zFP3rniZgQJml0KdOhi74sYBvKlnDZWW,99_LIXEIRA_DUPLICADOS,SIMULADOR_QA_atualizado_lei_18081_24_v4.xls,application/vnd.ms-excel,xls,142848,2026-03-08T22:57:47.001Z,2026-03-06T17:45:03Z,JURIDICO,PLANILHA,OFICIAL,NAO,
1_23Lw5TdMpWmYCe2wOqiruk81t2EMjM1,99_LIXEIRA_DUPLICADOS,anual2010.xls,application/vnd.ms-excel,xls,790016,2026-03-08T22:57:46.948Z,2026-03-06T17:42:58Z,OUTRO,PLANILHA,DESCONHECIDO,NAO,
1GRJQ9MsoM9IWStDCYFG8U1lbumsOinh7,99_LIXEIRA_DUPLICADOS,2015 - anual.xls,application/vnd.ms-excel,xls,833536,2026-03-08T22:57:46.623Z,2026-03-06T17:42:52Z,OUTRO,PLANILHA,DESCONHECIDO,NAO,
1dGQgND7qBnecuxEHINddMuTkHanJoG9K,99_LIXEIRA_DUPLICADOS,anual2006.xls,application/vnd.ms-excel,xls,844800,2026-03-08T22:57:46.020Z,2026-03-06T17:42:57Z,OUTRO,PLANILHA,DESCONHECIDO,NAO,
1F4-kVzwBn0wb_Zy-YVdR7vMN70kifZNb,99_LIXEIRA_DUPLICADOS,SIRGAS_SHP_areaenvoltoriacondephaat2.csv,text/csv,csv,26612,2026-03-08T22:57:46.671Z,2026-03-06T17:42:19Z,GEO,TABELA_DADO,OFICIAL,NAO,
1vLv0zSPWNpolftSB_lexQn3vK7algWer,99_LIXEIRA_DUPLICADOS,sissel_ANO_2025_12.xls,application/vnd.ms-excel,xls,826368,2026-03-08T22:57:48.002Z,2026-03-06T17:45:05Z,OUTRO,PLANILHA,DESCONHECIDO,NAO,
1zFP3rniZgQJml0KdOhi74sYBvKlnDZWW,99_LIXEIRA_DUPLICADOS,SIMULADOR_QA_atualizado_lei_18081_24_v4.xls,application/vnd.ms-excel,xls,142848,2026-03-08T22:57:47.001Z,2026-03-06T17:45:03Z,JURIDICO,PLANILHA,OFICIAL,NAO,
1_23Lw5TdMpWmYCe2wOqiruk81t2EMjM1,99_LIXEIRA_DUPLICADOS,anual2010.xls,application/vnd.ms-excel,xls,790016,2026-03-08T22:57:46.948Z,2026-03-06T17:42:58Z,OUTRO,PLANILHA,DESCONHECIDO,NAO,
1GRJQ9MsoM9IWStDCYFG8U1lbumsOinh7,99_LIXEIRA_DUPLICADOS,2015 - anual.xls,application/vnd.ms-excel,xls,833536,2026-03-08T22:57:46.623Z,2026-03-06T17:42:52Z,OUTRO,PLANILHA,DESCONHECIDO,NAO,
1dGQgND7qBnecuxEHINddMuTkHanJoG9K,99_LIXEIRA_DUPLICADOS,anual2006.xls,application/vnd.ms-excel,xls,844800,2026-03-08T22:57:46.020Z,2026-03-06T17:42:57Z,OUTRO,PLANILHA,DESCONHECIDO,NAO,
1F4-kVzwBn0wb_Zy-YVdR7vMN70kifZNb,99_LIXEIRA_DUPLICADOS,SIRGAS_SHP_areaenvoltoriacondephaat2.csv,text/csv,csv,26612,2026-03-08T22:57:46.671Z,2026-03-06T17:42:19Z,GEO,TABELA_DADO,OFICIAL,NAO,
1HBrCnt1YbG51e_xBRVFaexZwBm0Hmqlc,99_LIXEIRA_DUPLICADOS,2013 - anual.xls,application/vnd.ms-excel,xls,622592,2026-03-08T22:57:44.064Z,2026-03-06T17:42:51Z,OUTRO,PLANILHA,DESCONHECIDO,NAO,
1lJNBNMdK4M1upJZQjoFg9bpL8mMt4Qxe,99_LIXEIRA_DUPLICADOS,Pedido de Reconhecimento de Complexo de Saúde por Particular - Secretaria Municipal de Urbanismo e Licenciamento - Prefeitura.csv,text/csv,csv,2567,2026-03-08T22:57:46.195Z,2026-03-06T17:42:18Z,OUTRO,CODEX_DOC,OFICIAL,NAO,
1qMGYYCNX9j8qq1Gpct5q0oLfYXgkD0BK,99_LIXEIRA_DUPLICADOS,anual2005.xls,application/vnd.ms-excel,xls,829440,2026-03-08T22:57:39.874Z,2026-03-06T17:42:57Z,OUTRO,PLANILHA,DESCONHECIDO,NAO,
1iLSU4Jx6BVtrMhNpIWA_X-1moYQNFpfX,99_LIXEIRA_DUPLICADOS,2014 - anual.xls,application/vnd.ms-excel,xls,965632,2026-03-08T22:57:39.244Z,2026-03-06T17:42:52Z,OUTRO,PLANILHA,DESCONHECIDO,NAO,
1mQ7sngnc9Y5zrPUMWfhYnSz9lzurNzgS,99_LIXEIRA_DUPLICADOS,ZMIS_a.shx,application/octet-stream,shx,2492,2026-03-08T22:57:47.871Z,2026-03-06T17:06:16Z,GEO,GEO_SHP,DESCONHECIDO,NAO,
1PGd7TSM8iQ6npqCSAx0GBWpv2LA33YdL,99_LIXEIRA_DUPLICADOS,ZPDS_u.shp,application/octet-stream,shp,925144,2026-03-08T22:57:46.902Z,2026-03-06T17:06:19Z,GEO,GEO_SHP,DESCONHECIDO,NAO,
19Ib-BNdQ-Gcd1ZnhfaACfNDPOkmxt7oG,99_LIXEIRA_DUPLICADOS,ZEPEC_APP.dbf,application/octet-stream,dbf,1892,2026-03-08T22:57:46.856Z,2026-03-06T17:06:03Z,GEO,GEO_SHP,DESCONHECIDO,NAO,
1U0Pupou4RhlLHTsGwylwxjLQqtWkfPwq,99_LIXEIRA_DUPLICADOS,ZEPEC_APC.shp,application/octet-stream,shp,8748,2026-03-08T22:57:46.810Z,2026-03-06T17:06:02Z,GEO,GEO_SHP,DESCONHECIDO,NAO,
1HsgBFar6kjrOlv5GnKz_xqhGxqVXd1Lh,99_LIXEIRA_DUPLICADOS,VETOS_TODOS.shp,application/octet-stream,shp,23116,2026-03-08T22:57:47.101Z,2026-03-06T17:05:47Z,GEO,GEO_SHP,DESCONHECIDO,NAO,
1t5k8akLnFucgI94XPPlgDVel5I-59L7-,99_LIXEIRA_DUPLICADOS,SIRGAS_SHP_zeup_zemp.shx,application/octet-stream,shx,2756,2026-03-08T22:57:46.765Z,2026-03-06T17:05:47Z,GEO,GEO_SHP,OFICIAL,NAO,
13qL14eDwJ3XEtYzkCOmjASqbPimXF2q6,99_LIXEIRA_DUPLICADOS,ZC_a.shx,application/octet-stream,shx,4172,2026-03-08T22:57:46.041Z,2026-03-06T17:05:50Z,GEO,GEO_SHP,DESCONHECIDO,NAO,
1Rjpo-0o452kLqIKobaS1dPEaXjNdQ-so,99_LIXEIRA_DUPLICADOS,ZMIS_u.shx,application/octet-stream,shx,4252,2026-03-08T22:57:43.713Z,2026-03-06T17:06:17Z,GEO,GEO_SHP,DESCONHECIDO,NAO,
1x2mRobsQGUzwq8PXjRBEZSpAbezAWhtp,99_LIXEIRA_DUPLICADOS,ZER_2.shp,application/octet-stream,shp,78564,2026-03-08T22:57:44.125Z,2026-03-06T17:06:07Z,GEO,GEO_SHP,DESCONHECIDO,NAO,
1UOdrjYWPjbS8eg03LWJRf7hHLUZCbe0I,99_LIXEIRA_DUPLICADOS,SIRGAS_SHP_restricaomirantesantana_polygon (1).shp,application/octet-stream,shp,4156,2026-03-08T22:57:45.972Z,2026-03-06T17:05:38Z,GEO,GEO_SHP,OFICIAL,NAO,
1aSIOvw2AttFDrdk-CaZh8aahL96te7Yy,99_LIXEIRA_DUPLICADOS,SIRGAS_SHP_LOTES_72_SAO_LUCAS.shx,application/octet-stream,shx,218668,2026-03-08T22:57:47.887Z,2026-03-06T17:05:03Z,GEO,GEO_SHP,OFICIAL,NAO,
1MFoPRd1izt-d7An7dqL3mwF71JLDvpGM,99_LIXEIRA_DUPLICADOS,SIRGAS_SHP_LOTES_82_TUCURUVI.dbf,application/octet-stream,dbf,361021,2026-03-08T22:57:47.018Z,2026-03-06T17:05:15Z,GEO,GEO_SHP,OFICIAL,NAO,
1iTQDxz-leKL20WobPMAugdtddmJtkMqx,99_LIXEIRA_DUPLICADOS,ZEMP.shp,application/octet-stream,shp,372248,2026-03-08T22:57:43.809Z,2026-03-06T17:06:00Z,GEO,GEO_SHP,DESCONHECIDO,NAO,
12D6Z9bi3PmCYgyVPYgOAAahG8ZBD1VkX,99_LIXEIRA_DUPLICADOS,ZCOR_3.shp,application/octet-stream,shp,183272,2026-03-08T22:57:44.158Z,2026-03-06T17:05:53Z,GEO,GEO_SHP,DESCONHECIDO,NAO,
1yuyKFvDzFvM3plo2UjIkWbZjgltxZsSc,99_LIXEIRA_DUPLICADOS,ZEIS_2.dbf,application/octet-stream,dbf,10450,2026-03-08T22:57:43.960Z,2026-03-06T17:05:56Z,GEO,GEO_SHP,DESCONHECIDO,NAO,
1Q8qx22-ATnvJ8GfdGe_hTZFrNGoyZcsb,99_LIXEIRA_DUPLICADOS,ZCOR_2.shp,application/octet-stream,shp,422068,2026-03-08T22:57:43.977Z,2026-03-06T17:05:53Z,GEO,GEO_SHP,DESCONHECIDO,NAO,
1ZwX2CytzxQ20HP6Waw8dfglFghJ92_3f,99_LIXEIRA_DUPLICADOS,SIRGAS_SHP_LOTES_74_SAO_MIGUEL.shx,application/octet-stream,shx,147292,2026-03-08T22:57:46.870Z,2026-03-06T17:05:06Z,GEO,GEO_SHP,OFICIAL,NAO,
1KMwzp9_clODw_U2CzCHfubt4OEumntH3,99_LIXEIRA_DUPLICADOS,SIRGAS_SHP_LOTES_76_SAPOPEMBA.dbf,application/octet-stream,dbf,622426,2026-03-08T22:57:46.781Z,2026-03-06T17:05:07Z,GEO,GEO_SHP,OFICIAL,NAO,
1B6c-xCdZqfUoXACtY0Df9WHPF6g9Noc5,99_LIXEIRA_DUPLICADOS,ZPR.dbf,application/octet-stream,dbf,7951,2026-03-08T22:57:41.541Z,2026-03-06T17:06:20Z,GEO,GEO_SHP,DESCONHECIDO,NAO,
1sNhIA5ZU7nfaLbiUYJUGJT5dLYchWf3u,99_LIXEIRA_DUPLICADOS,SIRGAS_SHP_LOTES_67_RIO_PEQUENO.dbf,application/octet-stream,dbf,290971,2026-03-08T22:57:47.036Z,2026-03-06T17:04:56Z,GEO,GEO_SHP,OFICIAL,NAO,
1djkcDx3Bpzki9fymTDsQwbT4sstNvaUb,99_LIXEIRA_DUPLICADOS,SIRGAS_SHP_LOTES_78_SE.shp,application/octet-stream,shp,646580,2026-03-08T22:57:45.311Z,2026-03-06T17:05:10Z,GEO,GEO_SHP,OFICIAL,NAO,
1NJw7K3D1DHe79Qk_Ig19B9Yo9BCZpZ3u,99_LIXEIRA_DUPLICADOS,ZEPEC_BIR_INDIC.shp,application/octet-stream,shp,358660,2026-03-08T22:57:41.483Z,2026-03-06T17:06:06Z,GEO,GEO_SHP,DESCONHECIDO,NAO,
1VrkhXASYWEjrXxj-yIKfhY60Ddm9OOpT,99_LIXEIRA_DUPLICADOS,ZER_1.dbf,application/octet-stream,dbf,27983,2026-03-08T22:57:41.372Z,2026-03-06T17:06:06Z,GEO,GEO_SHP,DESCONHECIDO,NAO,
1mZZjyxTQS8dbsE2cm8p8RMa6zjdQjiq3,99_LIXEIRA_DUPLICADOS,ZEM.shp,application/octet-stream,shp,363276,2026-03-08T22:57:41.430Z,2026-03-06T17:06:00Z,GEO,GEO_SHP,DESCONHECIDO,NAO,
1l59vLtaqBL4i4J9o2SVXV8DEWAviddqh,99_LIXEIRA_DUPLICADOS,SIRGAS_SHP_LOTES_67_RIO_PEQUENO.shx,application/octet-stream,shx,155164,2026-03-08T22:57:45.161Z,2026-03-06T17:04:56Z,GEO,GEO_SHP,OFICIAL,NAO,
1km9CaAn7Hv8rCc0XvPZjaOreOPIqy8Fi,99_LIXEIRA_DUPLICADOS,SIRGAS_SHP_LOTES_80_TATUAPE.dbf,application/octet-stream,dbf,273811,2026-03-08T22:57:44.086Z,2026-03-06T17:05:12Z,GEO,GEO_SHP,OFICIAL,NAO,
1n3dIjLTitVRhfKpjxBmjuZ6lLbhZ4_00,99_LIXEIRA_DUPLICADOS,ZMIS_a.dbf,application/octet-stream,dbf,6376,2026-03-08T22:57:39.789Z,2026-03-06T17:06:15Z,GEO,GEO_SHP,DESCONHECIDO,NAO,
1q0Y7nAJ3rePUnqxDoAFH82B8vwx0tzBf,99_LIXEIRA_DUPLICADOS,ZPI_2.shx,application/octet-stream,shx,756,2026-03-08T22:57:39.055Z,2026-03-06T17:06:20Z,GEO,GEO_SHP,DESCONHECIDO,NAO,
1Yce12Y1Pe1nDLSL-DJApPxrfyugO9_Vn,99_LIXEIRA_DUPLICADOS,SIRGAS_SHP_setorfiscal.dbf,application/octet-stream,dbf,14482,2026-03-08T22:57:41.403Z,2026-03-06T17:05:40Z,GEO,GEO_SHP,OFICIAL,NAO,
1-It8V_9wiZhHzFU-XqOLkw2P7uOvFeki,99_LIXEIRA_DUPLICADOS,SIRGAS_SHP_LOTES_73_SAO_MATEUS.shx,application/octet-stream,shx,220076,2026-03-08T22:57:43.661Z,2026-03-06T17:05:04Z,GEO,GEO_SHP,OFICIAL,NAO,
1lRF9NyQCEc6NNxjqLdfBs9cTMgiE22aR,99_LIXEIRA_DUPLICADOS,ZEM.shx,application/octet-stream,shx,3772,2026-03-08T22:57:39.942Z,2026-03-06T17:06:00Z,GEO,GEO_SHP,DESCONHECIDO,NAO,
1otOcWLwA2DChzJmQ1zH90SKIvkPwmpry,99_LIXEIRA_DUPLICADOS,ZEIS_3.shp,application/octet-stream,shp,372044,2026-03-08T22:57:40.006Z,2026-03-06T17:05:58Z,GEO,GEO_SHP,DESCONHECIDO,NAO,
1VxRVBRwb9U2-4ekLscH6wrCSV8kE3c51,99_LIXEIRA_DUPLICADOS,ZEIS_3.shx,application/octet-stream,shx,6092,2026-03-08T22:57:38.939Z,2026-03-06T17:05:59Z,GEO,GEO_SHP,DESCONHECIDO,NAO,
1B2DK4JRbx5UqWUK4Eacx-BIeZgDevjpp,99_LIXEIRA_DUPLICADOS,VETOS_TODOS.shx,application/octet-stream,shx,268,2026-03-08T22:57:39.648Z,2026-03-06T17:05:47Z,GEO,GEO_SHP,DESCONHECIDO,NAO,
1-JWLEIc5j1-QHASm2soIb5d56vbAUzIi,99_LIXEIRA_DUPLICADOS,SIRGAS_SHP_LOTES_93_VILA_PRUDENTE.shx,application/octet-stream,shx,169652,2026-03-08T22:57:39.724Z,2026-03-06T17:05:26Z,GEO,GEO_SHP,OFICIAL,NAO,
1EyLQrWZVOy32CaTN-wuyBJqOrwDj7QcL,99_LIXEIRA_DUPLICADOS,SIRGAS_SHP_planoacao_polygon.dbf,application/octet-stream,dbf,246524,2026-03-08T22:57:39.073Z,2026-03-06T17:05:32Z,GEO,GEO_SHP,OFICIAL,NAO,
1VA5gX9_10ZgEBXgSH-gk0NqePZq5gWAs,99_LIXEIRA_DUPLICADOS,SIRGAS_SHP_LOTES_95_SAO_DOMINGOS.dbf,application/octet-stream,dbf,255076,2026-03-08T22:57:38.955Z,2026-03-06T17:05:28Z,GEO,GEO_SHP,OFICIAL,NAO,
1EVwKUCHu659yIxXJ1S9Gkloc4rIVNysV,99_LIXEIRA_DUPLICADOS,SIRGAS_SHP_LOTES_71_SANTO_AMARO.shx,application/octet-stream,shx,160516,2026-03-08T22:57:39.991Z,2026-03-06T17:05:00Z,GEO,GEO_SHP,OFICIAL,NAO,
1IkoGZqOBQNzPnv3ZQJdh-JTsVZsQd3X1,99_LIXEIRA_DUPLICADOS,SIRGAS_SHP_LOTES_74_SAO_MIGUEL.dbf,application/octet-stream,dbf,276211,2026-03-08T22:57:39.703Z,2026-03-06T17:05:04Z,GEO,GEO_SHP,OFICIAL,NAO,
1e2m4X7lny_1d8CMNbSGncUYm8XCEWbov,99_LIXEIRA_DUPLICADOS,SIRGAS_SHP_LOTES_96_LAJEADO (1).dbf,application/octet-stream,dbf,301846,2026-03-08T22:57:37.826Z,2026-03-06T17:05:29Z,GEO,GEO_SHP,OFICIAL,NAO,
1I48XbHBCLxENFZITmPicK-v812absyVG,99_LIXEIRA_DUPLICADOS,INCENTIVO_GARAGEM.shx,application/octet-stream,shx,5972,2026-03-08T22:57:39.861Z,2026-03-06T17:02:21Z,GEO,GEO_SHP,DESCONHECIDO,NAO,
10Ht0Q2DN-9lazqD2cegXRyawnUULzjB-,99_LIXEIRA_DUPLICADOS,RESOLUÇÃO SECRETARIA MUNICIPAL DE URBANISMO E LICENCIAMENTO - SMUL_CEUSO Nº 146 DE 27 DE JANEIRO DE 2022 « Catálogo de Legislação Municipal.pdf,application/pdf,pdf,81844,2026-03-08T22:57:46.841Z,2026-03-06T16:57:16Z,GOVERNANCA,PDF,DESCONHECIDO,NAO,
1uWffPdCmb7CSBUy1SgDEApltIuN711Mx,99_LIXEIRA_DUPLICADOS,PDE2013_SUBST2_Quadro_12_perimetro_cultural_paulista_luz.pdf,application/pdf,pdf,191540,2026-03-08T22:57:46.745Z,2026-03-06T16:57:06Z,OUTRO,PDF,DESCONHECIDO,NAO,
155lQociKs71QLPk-3N0ZQyr6rzlhcG71,99_LIXEIRA_DUPLICADOS,QUADROS.pdf,application/pdf,pdf,957627,2026-03-08T22:57:44.294Z,2026-03-06T16:57:14Z,OUTRO,PDF,DESCONHECIDO,NAO,
1hhsqWwy8rEYfYq15VjXeZ1Vye4Czi_Sp,99_LIXEIRA_DUPLICADOS,GatewayPDF.pdf,application/pdf,pdf,31807,2026-03-08T22:57:46.316Z,2026-03-06T16:56:24Z,OUTRO,PDF,DESCONHECIDO,NAO,
1ZLD5HgcNaXgtywcnoVFvBprNcSOL35qZ,99_LIXEIRA_DUPLICADOS,Ativação de Zonas de Estruturação (ZEUP e ZEMP) por Particular - Secretaria Municipal de Urbanismo e Licenciamento - Prefeitura.pdf,application/pdf,pdf,446996,2026-03-08T22:57:45.091Z,2026-03-06T16:56:18Z,GEO,PDF,OFICIAL,NAO,
1zZAqCC0vLOAcyVyFFIGSe3vDbIYf6cXw,99_LIXEIRA_DUPLICADOS,PORTARIA SECRETARIA MUNICIPAL DE LICENCIAMENTO - SEL Nº 1 DE 8 DE JANEIRO DE 2020 « Catálogo de Legislação Municipal.pdf,application/pdf,pdf,628934,2026-03-08T22:57:39.630Z,2026-03-06T16:57:11Z,JURIDICO,PORTARIA,OFICIAL,NAO,
1iTf4Ed4ictneGAeD9bFVQ6oyaXHFJbPX,99_LIXEIRA_DUPLICADOS,Quadro 3B - Composição da pontuação da Quota Ambiental.pdf,application/pdf,pdf,704799,2026-03-08T22:57:39.411Z,2026-03-06T16:57:13Z,OUTRO,PDF,DESCONHECIDO,NAO,
1FWIURm6FKaU5U7k4DxbotTctiaElI8B-,99_LIXEIRA_DUPLICADOS,Anexo_2024-06501-00 (1).pdf,application/pdf,pdf,951586,2026-03-08T22:57:41.670Z,2026-03-06T16:56:17Z,OUTRO,PDF,DESCONHECIDO,NAO,
17P1lf9OcN5ZwRFaQ7DQSRFkd9yeZiUAz,99_LIXEIRA_DUPLICADOS,Cnae_X_Item_Lista_Servicos.pdf,application/pdf,pdf,217983,2026-03-08T22:57:41.446Z,2026-03-06T16:56:19Z,OUTRO,PDF,DESCONHECIDO,NAO,
13lkhlbfxvLjCw_USudAAv_9mIj6DTN2P,99_LIXEIRA_DUPLICADOS,ARQUIP _ DOSP - 097088730 - Lei.pdf,application/pdf,pdf,606680,2026-03-08T23:38:46.313Z,2026-03-05T22:02:41Z,JURIDICO,LEI,OFICIAL,NAO,
1trqkU5U_ywy7O7bG3b2INbrJcmSFQS6a,99_LIXEIRA_DUPLICADOS,ORACULO_GEOGRAFICO_DEFINITIVO_V3.md,text/markdown,md,27249,2026-03-08T23:31:31.477Z,2026-03-05T23:04:45Z,OUTRO,CODEX_DOC,NOSSO,NAO,
1XxIauSUYQnMNNWuPRF8XSP91RAcio87O,99_LIXEIRA_DUPLICADOS,ORACULO_GEOGRAFICO_DEFINITIVO_V3 (1).md,text/markdown,md,27249,2026-03-08T23:31:23.059Z,2026-03-05T23:04:45Z,OUTRO,CODEX_DOC,NOSSO,NAO,
1r1AvVlDeKODonTPB3jXTuMfKlvl_OY-6,99_LIXEIRA_DUPLICADOS,RELATORIO_INTEGRIDADE_MAPAS_FINAL.md,text/markdown,md,52983,2026-03-08T23:19:57.163Z,2026-03-05T21:47:57Z,GEO,OUTRO,DESCONHECIDO,NAO,
1oeMRKtOOZNVz7wGE_GFhADl_SF2nIN79,99_LIXEIRA_DUPLICADOS,001_-_QUADRO_1_FINAL (1).csv,text/csv,csv,14870,2026-03-08T23:20:37.582Z,2026-03-05T21:05:06Z,OUTRO,TABELA_DADO,DESCONHECIDO,NAO,
1hewktymCla_gPUYY4xIjCHgDazlLSa5A,99_LIXEIRA_DUPLICADOS,RELATORIO_INTEGRIDADE_MAPAS_FINAL (1).md,text/markdown,md,52983,2026-03-08T23:17:47.324Z,2026-03-05T21:47:57Z,GEO,OUTRO,DESCONHECIDO,NAO,
18KD5OUQp2OxNkjiSbD7RDTOuI2IB70rs,99_LIXEIRA_DUPLICADOS,001_-_QUADRO_1_FINAL.csv,text/csv,csv,14870,2026-03-08T23:17:20.177Z,2026-03-05T21:05:06Z,OUTRO,TABELA_DADO,DESCONHECIDO,NAO,
1_yspzQnFBWSQt3f9BxSg7deM53VZIRBq,99_LIXEIRA_DUPLICADOS,SIRGAS_SHP_restricaomirantesantana_polygon (1).shx,application/octet-stream,shx,108,2026-03-08T23:36:35.380Z,2026-03-04T20:55:45Z,GEO,GEO_SHP,OFICIAL,NAO,
1n5K-E3iMKdB4wUk-uG9BqGRJXqSEaLgU,99_LIXEIRA_DUPLICADOS,Ano_2023_SISSEL (1).xls,application/vnd.ms-excel,xls,986624,2026-03-08T23:26:47.515Z,2026-03-04T22:27:46Z,OUTRO,PLANILHA,DESCONHECIDO,NAO,
175PPgaVhAEB9j22w2nLnXYZp8hpnaLNf,99_LIXEIRA_DUPLICADOS,ZEPEC_BIR_INDIC (1).shp,application/octet-stream,shp,358660,2026-03-08T23:33:23.402Z,2026-03-04T20:36:20Z,GEO,GEO_SHP,DESCONHECIDO,NAO,
1VaR-yCsq4NV52PB5QtBTbSwGtX0mnIrW,99_LIXEIRA_DUPLICADOS,ZEPEC_AUE_INDIC (1).shx,application/octet-stream,shx,164,2026-03-08T23:32:40.111Z,2026-03-04T20:36:20Z,GEO,GEO_SHP,DESCONHECIDO,NAO,
1Sp2_h-52mxHIs3lTVxmei3wZdf536YLe,99_LIXEIRA_DUPLICADOS,LEI Nº 16.642 DE 9 DE MAIO DE 2017 « Catálogo de Legislação Municipal (1).pdf,application/pdf,pdf,458727,2026-03-08T23:36:23.240Z,2026-03-04T19:26:54Z,JURIDICO,LEI,OFICIAL,NAO,
1Im1-gGSJ6i7uvyIJYkT6fQbOa9UDe06b,99_LIXEIRA_DUPLICADOS,2013 - anual (1).xls,application/vnd.ms-excel,xls,622592,2026-03-08T23:22:37.997Z,2026-03-04T22:27:04Z,OUTRO,PLANILHA,DESCONHECIDO,NAO,
1CZgFPWH8fqH_KFuVqjtvAuOT3t_CEspN,99_LIXEIRA_DUPLICADOS,sissel_ANO_2024.xlsx,application/vnd.openxmlformats-officedocument.spreadsheetml.sheet,xlsx,553309,2026-03-08T23:22:16.036Z,2026-03-04T22:27:52Z,OUTRO,PLANILHA,DESCONHECIDO,NAO,
1wGBksiamDM8v1rP3mbTkHOUxMgxZvA1l,99_LIXEIRA_DUPLICADOS,ZEPEC_AUE (1).shx,application/octet-stream,shx,6028,2026-03-08T23:27:33.380Z,2026-03-04T20:36:20Z,GEO,GEO_SHP,DESCONHECIDO,NAO,
13vBFOYKiN0rIYGeMmyv-Ilb6IKOPrULR,99_LIXEIRA_DUPLICADOS,GatewayCertificaPDF (1).pdf,application/pdf,pdf,34772,2026-03-08T23:17:46.080Z,2026-03-04T22:42:53Z,OUTRO,PDF,DESCONHECIDO,NAO,
1MxD5jPR5-PgtXqXY3x0txdlHX59maAZp,99_LIXEIRA_DUPLICADOS,Cnae_X_Item_Lista_Servicos (1).pdf,application/pdf,pdf,217983,2026-03-08T23:30:35.828Z,2026-03-04T19:24:10Z,OUTRO,PDF,DESCONHECIDO,NAO,
1qdslVH2MwbkKM8gb3IBKlc6oNQC5Wi8Z,99_LIXEIRA_DUPLICADOS,GatewayPDF (1).pdf,application/pdf,pdf,31807,2026-03-08T23:17:26.049Z,2026-03-04T22:43:02Z,OUTRO,PDF,DESCONHECIDO,NAO,
1CzYDSD-2zxHpq9lCygkw498qG71-fBPl,99_LIXEIRA_DUPLICADOS,ZEPEC_BIR_INDIC (1).shx,application/octet-stream,shx,5708,2026-03-08T23:25:24.568Z,2026-03-04T20:36:20Z,GEO,GEO_SHP,DESCONHECIDO,NAO,
1KwCQpRMl_i_-T2rTGDAulj2bih3eCCgz,99_LIXEIRA_DUPLICADOS,ANUAL - 2022.xlsx,application/vnd.openxmlformats-officedocument.spreadsheetml.sheet,xlsx,614006,2026-03-08T23:17:54.980Z,2026-03-04T22:27:41Z,OUTRO,PLANILHA,DESCONHECIDO,NAO,
1eC2A3Ff91ceL3H7s2apFq2uDxYPgI-QQ,99_LIXEIRA_DUPLICADOS,anual2006 (1).xls,application/vnd.ms-excel,xls,844800,2026-03-08T23:17:54.265Z,2026-03-04T22:26:32Z,OUTRO,PLANILHA,DESCONHECIDO,NAO,
1Lf6zm91TuwqDqIWat_5oQrdu35BRdwrc,99_LIXEIRA_DUPLICADOS,anual2007 (1).xls,application/vnd.ms-excel,xls,762880,2026-03-08T23:17:38.271Z,2026-03-04T22:26:36Z,OUTRO,PLANILHA,DESCONHECIDO,NAO,
19qKSgeUEszk6wt096Vdy8vekV2Duz49V,99_LIXEIRA_DUPLICADOS,Ano_2026_AD_01 (1).xlsx,application/vnd.openxmlformats-officedocument.spreadsheetml.sheet,xlsx,85329,2026-03-08T23:17:21.723Z,2026-03-04T22:28:50Z,OUTRO,PLANILHA,DESCONHECIDO,NAO,
1O4nU8VMetNHgqTs6eqxPBvNszuFcRYhw,99_LIXEIRA_DUPLICADOS,2015 - anual (1).xls,application/vnd.ms-excel,xls,833536,2026-03-08T23:17:22.796Z,2026-03-04T22:27:11Z,OUTRO,PLANILHA,DESCONHECIDO,NAO,
1dmIE6ZWkgrphex0yZuaQScLDDVXlfg29,99_LIXEIRA_DUPLICADOS,Anual_2003 (1).xls,application/vnd.ms-excel,xls,1184256,2026-03-08T23:17:26.082Z,2026-03-04T22:26:19Z,OUTRO,PLANILHA,DESCONHECIDO,NAO,
1iE2rOLazlp6o2rmSB-cnWhQ1xSn2SIe2,99_LIXEIRA_DUPLICADOS,Novo Relatorio SITE 2021 (1).pdf,application/pdf,pdf,1154740,2026-03-08T23:17:52.952Z,2026-03-04T21:52:25Z,GOVERNANCA,PDF,DESCONHECIDO,NAO,
1WSpKljSKv_0NGMYXYl50UZqmdKNZJ9yL,99_LIXEIRA_DUPLICADOS,Anexo_2024-06501-00.pdf,application/pdf,pdf,951586,2026-03-08T23:25:57.154Z,2026-03-04T19:46:28Z,OUTRO,PDF,DESCONHECIDO,NAO,
1TjQTXrVKy5X9UhEm5iPG22cQl8EsHhIB,99_LIXEIRA_DUPLICADOS,ARQUIP _ DOSP - 148669538 - Decreto.pdf,application/pdf,pdf,152459,2026-03-08T23:17:45.662Z,2026-03-04T21:50:34Z,JURIDICO,DECRETO,OFICIAL,NAO,
1gAD_2bGeTyMra9JLu-tAj7KJWevXwhq6,99_LIXEIRA_DUPLICADOS,OUAguaBranca31dez18_EstoqueConsumidoOutorga.pdf,application/pdf,pdf,67425,2026-03-08T23:17:50.844Z,2026-03-04T21:48:28Z,TDC,PDF,DESCONHECIDO,NAO,
1bBqhS_V3apSOkjcHor9NUL9hrv5cNW-g,99_LIXEIRA_DUPLICADOS,SIRGAS_SHP_restricaomirantesantana_polygon.dbf,application/octet-stream,dbf,965,2026-03-08T23:21:09.767Z,2026-03-04T20:55:45Z,GEO,GEO_SHP,OFICIAL,NAO,
1XQSVgkLncV46CWvRjg-GudEfEsqRpckD,99_LIXEIRA_DUPLICADOS,ARQUIP _ DOSP - 105163385 - Decreto.pdf,application/pdf,pdf,371553,2026-03-08T23:17:29.198Z,2026-03-04T21:19:20Z,JURIDICO,DECRETO,OFICIAL,NAO,
1QciQgy3hPFnI63yhTu4hWBPo-RtxF34n,99_LIXEIRA_DUPLICADOS,SIRGAS_SHP_restricaomirantesantana_polygon.shp,application/octet-stream,shp,4156,2026-03-08T23:17:41.752Z,2026-03-04T20:55:45Z,GEO,GEO_SHP,OFICIAL,NAO,
1uKeY_NKArVYSH-SeCS96N_PI2EiyH9Ia,99_LIXEIRA_DUPLICADOS,ZEPEC_APP-BIR (1).shp,application/octet-stream,shp,74568,2026-03-08T23:17:51.603Z,2026-03-04T20:36:20Z,GEO,GEO_SHP,DESCONHECIDO,NAO,
1dHvBAjADWfiVUJ-yAZOw-k5j0KwkfgNn,99_LIXEIRA_DUPLICADOS,LPUOS_2024_REVISAO (1).pdf,application/pdf,pdf,5152,2026-03-08T23:28:14.656Z,2026-03-04T15:19:05Z,OUTRO,PDF,DESCONHECIDO,NAO,
1SkP0f4V0HdF49PY7cQbEusd6H5ZlNAsa,99_LIXEIRA_DUPLICADOS,2022 (4) (1)(1).xlsx,application/vnd.openxmlformats-officedocument.spreadsheetml.sheet,xlsx,121472,2026-03-08T22:57:46.826Z,2026-03-04T22:28:22Z,OUTRO,PLANILHA,DESCONHECIDO,NAO,
1PwZlmYpuWun9otKY3GJxgmNExnfL_Vzx,99_LIXEIRA_DUPLICADOS,sissel_ano_2026_01.xls,application/vnd.ms-excel,xls,75776,2026-03-08T22:57:46.587Z,2026-03-04T22:27:59Z,OUTRO,PLANILHA,DESCONHECIDO,NAO,
1_qYiNxF1Lg9nH6YWSD2TRrR1vXvycpuf,99_LIXEIRA_DUPLICADOS,anual_2021_ate_dezembro (1).xls,application/vnd.ms-excel,xls,1241088,2026-03-08T22:57:43.756Z,2026-03-04T22:27:36Z,OUTRO,PLANILHA,DESCONHECIDO,NAO,
1Ghy5yE63Byiii2BFQiDOiJ6zfCS4r8QO,99_LIXEIRA_DUPLICADOS,ZEPEC_BIR.shp,application/octet-stream,shp,855548,2026-03-08T22:57:44.025Z,2026-03-04T20:36:20Z,GEO,GEO_SHP,DESCONHECIDO,NAO,
1zDoeWAANT1KlrSJKdXY64i_LTDFUhC20,99_LIXEIRA_DUPLICADOS,LPUOS_2024_REVISAO.pdf,application/pdf,pdf,5152,2026-03-08T23:17:54.918Z,2026-03-04T15:19:05Z,OUTRO,PDF,DESCONHECIDO,NAO,
1M7v2fHhZpkS7D7PA4Wszr4ZH0KykYzEk,99_LIXEIRA_DUPLICADOS,PDE_2014_BASE.pdf,application/pdf,pdf,75032,2026-03-08T23:17:50.605Z,2026-03-04T15:19:02Z,OUTRO,PDF,NOSSO,NAO,
1Ghy5yE63Byiii2BFQiDOiJ6zfCS4r8QO,99_LIXEIRA_DUPLICADOS,ZEPEC_BIR.shp,application/octet-stream,shp,855548,2026-03-08T22:57:44.025Z,2026-03-04T20:36:20Z,GEO,GEO_SHP,DESCONHECIDO,NAO,
1zDoeWAANT1KlrSJKdXY64i_LTDFUhC20,99_LIXEIRA_DUPLICADOS,LPUOS_2024_REVISAO.pdf,application/pdf,pdf,5152,2026-03-08T23:17:54.918Z,2026-03-04T15:19:05Z,OUTRO,PDF,DESCONHECIDO,NAO,
1M7v2fHhZpkS7D7PA4Wszr4ZH0KykYzEk,99_LIXEIRA_DUPLICADOS,PDE_2014_BASE.pdf,application/pdf,pdf,75032,2026-03-08T23:17:50.605Z,2026-03-04T15:19:02Z,OUTRO,PDF,NOSSO,NAO,
1w513_J0nMkFjZps401p1PTDBpqcZRV9z,99_LIXEIRA_DUPLICADOS,LPUOS_2016_BASE (1).pdf,application/pdf,pdf,75056,2026-03-08T23:17:19.248Z,2026-03-04T15:19:04Z,OUTRO,PDF,NOSSO,NAO,
1SwpdyexP-m04Qh9C8c8g_k9oFnHk2RJ7,99_LIXEIRA_DUPLICADOS,PDE_2014_BASE (1).pdf,application/pdf,pdf,75032,2026-03-08T22:57:47.134Z,2026-03-04T15:19:02Z,OUTRO,PDF,NOSSO,NAO,
1K964Y8TBtWCJJiD2ICOWlTQ6Mtw8Fmzi,99_LIXEIRA_DUPLICADOS,LPUOS_2016_BASE.pdf,application/pdf,pdf,75056,2026-03-08T22:57:41.513Z,2026-03-04T15:19:04Z,OUTRO,PDF,NOSSO,NAO,
1nlKRyaknST8ENP2djSoUJyuUr7z27CTI,99_LIXEIRA_DUPLICADOS,Quadro 6 – Obras de drenagem urbana previstas (1).pdf,application/pdf,pdf,454902,2026-03-08T23:30:49.913Z,2026-03-03T22:51:48Z,OUTRO,PDF,DESCONHECIDO,NAO,
1WG61k64o1EV6yD_bLFmc5-hPVNA78XdH,99_LIXEIRA_DUPLICADOS,9-QUADRO_4_FINAL.doc,application/msword,doc,798720,2026-03-08T23:28:01.819Z,2026-03-03T22:52:29Z,OUTRO,OUTRO,DESCONHECIDO,NAO,
1ceDMdaTXz2_PjEnrmr30beXRpxq_mWhm,99_LIXEIRA_DUPLICADOS,7-QUADRO_3B_FINAL.doc,application/msword,doc,86016,2026-03-08T23:22:18.857Z,2026-03-03T22:50:47Z,OUTRO,OUTRO,DESCONHECIDO,NAO,
1xPlDXFkxRO3qsbFJ2g3x9M8WyGlFyJCr,99_LIXEIRA_DUPLICADOS,L10257 (1).pdf,application/pdf,pdf,471164,2026-03-08T23:23:49.093Z,2026-03-03T22:10:39Z,OUTRO,PDF,DESCONHECIDO,NAO,
1A9y-OtgHenqui2yU_3kabSmdDeTcZCZQ,99_LIXEIRA_DUPLICADOS,3-QUADRO_2A_FINAL.docx,application/vnd.openxmlformats-officedocument.wordprocessingml.document,docx,30115,2026-03-08T23:17:20.005Z,2026-03-03T22:50:06Z,OUTRO,DOC_GOOGLE,DESCONHECIDO,NAO,
1Rmydpt_DTe6T1kzRCpGLZKnwQ4qBg6JT,99_LIXEIRA_DUPLICADOS,12-QUADRO_5_FINAL.doc,application/msword,doc,75776,2026-03-08T22:57:39.036Z,2026-03-03T22:50:10Z,OUTRO,OUTRO,DESCONHECIDO,NAO,
1SWaMXaF8H15_IHdwc6UfmKxGX4n_4ypZ,99_LIXEIRA_DUPLICADOS,Certidão de Uso e Ocupação do Solo - Secretaria Municipal de Urbanismo e Licenciamento - Prefeitura (1).csv,text/csv,csv,3070,2026-03-08T23:36:53.922Z,2026-03-02T04:11:34Z,OUTRO,TABELA_DADO,OFICIAL,NAO,
1gUwW8WkJQxRf4CdGWpAYzSTQMfGgwwHA,99_LIXEIRA_DUPLICADOS,007 - QUADRO_3B_FINAL (1).csv,text/csv,csv,3733,2026-03-08T23:36:03.907Z,2026-03-02T04:08:33Z,OUTRO,TABELA_DADO,DESCONHECIDO,NAO,
1fs9nifrnn34R_c3ppisBu2dgtAyQw1Nk,99_LIXEIRA_DUPLICADOS,Auditoria TDC São Paulo_ Memorial de Fundamentação Estratégica.csv,text/csv,csv,1092,2026-03-08T23:28:53.519Z,2026-03-02T04:11:26Z,TDC,AUDITORIA,NOSSO,NAO,
1pMy_tdxAUeW89Efli0Nyke_zYBW8Ga9S,99_LIXEIRA_DUPLICADOS,Projeto de Intervenção Urbana apresentado por particular - Secretaria Municipal de Urbanismo e Licenciamento - Prefeitura (1).csv,text/csv,csv,2664,2026-03-08T23:28:39.355Z,2026-03-02T04:14:28Z,OUTRO,TABELA_DADO,OFICIAL,NAO,
1qyBtnCVbSQ8p3CODeAJ1JaCT_uejSeZD,99_LIXEIRA_DUPLICADOS,PRONUNCIAMENTO SMUL.ATECC.CTLU_001_2024 - Secretaria Municipal de Urbanismo e Licenciamento - Prefeitura.csv,text/csv,csv,2734,2026-03-08T23:28:34.133Z,2026-03-02T04:14:16Z,OUTRO,TABELA_DADO,OFICIAL,NAO,
1VmAuqGsSfid9FMq5pcqCQREKUPWwn5sJ,99_LIXEIRA_DUPLICADOS,D57536 (1).csv,text/csv,csv,689,2026-03-08T23:27:11.478Z,2026-03-02T04:11:41Z,OUTRO,TABELA_DADO,DESCONHECIDO,NAO,
1-SFqiPuMv8Z245t21gM8Lw_eIkG_v_Ol,99_LIXEIRA_DUPLICADOS,ANEXOS_DO_PL_586_23___SEM_O_MAPA (1).csv,text/csv,csv,31825,2026-03-08T23:26:00.833Z,2026-03-02T04:10:22Z,GEO,TABELA_DADO,DESCONHECIDO,NAO,
1nc5QdLzY6w9M9NynIP_q8m6vMKlZv3cG,99_LIXEIRA_DUPLICADOS,fila_tdc_5porcento_fundurb_dez_2025-pdf.csv,text/csv,csv,3655,2026-03-08T23:24:37.072Z,2026-03-02T04:15:34Z,TDC,TABELA_DADO,DESCONHECIDO,NAO,
155DiJFaCInRJL7sUBKRKx85wDP1R4FUl,99_LIXEIRA_DUPLICADOS,PDE2013_SUBST2_Quadro_4_percentuais_ZEIS (1).csv,text/csv,csv,161,2026-03-08T23:23:12.576Z,2026-03-02T04:13:35Z,OUTRO,TABELA_DADO,DESCONHECIDO,NAO,
1u6yNM4l-PWMpEHJ4Pxg8VTQUqAJHZyif,99_LIXEIRA_DUPLICADOS,PDE2013_SUBST2_Quadro_8_Residuos_solidos (1).csv,text/csv,csv,1934,2026-03-08T23:22:53.146Z,2026-03-02T04:13:56Z,OUTRO,TABELA_DADO,DESCONHECIDO,NAO,
12RWI-thcF0SM4VChJWMnySF1GjCrz5So,99_LIXEIRA_DUPLICADOS,005 - QUADRO_3_FINAL.csv,text/csv,csv,3147,2026-03-08T23:23:13.936Z,2026-03-02T04:08:10Z,OUTRO,TABELA_DADO,DESCONHECIDO,NAO,
1yozZ0eGMn-foyFz4WsOsB2I9bM8zcB6i,99_LIXEIRA_DUPLICADOS,005 - QUADRO_3_FINAL (1).csv,text/csv,csv,3147,2026-03-08T23:20:42.892Z,2026-03-02T04:08:10Z,OUTRO,TABELA_DADO,DESCONHECIDO,NAO,
1J2I7wen_V7reGvIPMZbQoJ35nm7SkvZr,99_LIXEIRA_DUPLICADOS,010 - QUADRO_4A_FINAL.csv,text/csv,csv,5355,2026-03-08T23:19:32.106Z,2026-03-02T04:08:55Z,OUTRO,TABELA_DADO,DESCONHECIDO,NAO,
1Pn0KjKSrG116NYS4Y7feFxKQCppclvpt,99_LIXEIRA_DUPLICADOS,Ativação de Zonas de Estruturação (ZEUP e ZEMP) por Particular - Secretaria Municipal de Urbanismo e Licenciamento - Prefeitura.csv,text/csv,csv,1542,2026-03-08T23:19:22.294Z,2026-03-02T04:10:59Z,GEO,TABELA_DADO,OFICIAL,NAO,
1zWPfj5691_bSutKzve5TtHcGRdzDVJYR,99_LIXEIRA_DUPLICADOS,010 - QUADRO_4A_FINAL (2).csv,text/csv,csv,5355,2026-03-08T23:19:23.056Z,2026-03-02T04:08:55Z,OUTRO,TABELA_DADO,DESCONHECIDO,NAO,
12Sz2Eo7P8Mbd-VpZuyZWIONh5yGM32tH,99_LIXEIRA_DUPLICADOS,INSTRUÇÃO NORMATIVA SECRETARIA MUNICIPAL DE URBANISMO E LICENCIAMENTO - SMUL Nº 1 DE 16 DE OUTUBRO DE 2024 « Catálogo de Legislação Municipal.csv,text/csv,csv,536,2026-03-08T23:17:41.061Z,2026-03-02T04:12:06Z,GOVERNANCA,TABELA_DADO,DESCONHECIDO,NAO,
170D-eXHYUZMTmgB1ZM0mOPUEK8epNluQ,99_LIXEIRA_DUPLICADOS,RESOLUÇÃO SECRETARIA MUNICIPAL DE URBANISMO E LICENCIAMENTO - SMUL_CTLU Nº 4 DE 4 DE ABRIL DE 2024 « Catálogo de Legislação Municipal (1).csv,text/csv,csv,30,2026-03-08T23:17:24.571Z,2026-03-02T04:14:33Z,GOVERNANCA,TABELA_DADO,DESCONHECIDO,NAO,
1T8a3wgN0TvFsIN8TNGA4OOZ3I5NzMbuY,99_LIXEIRA_DUPLICADOS,Auditoria TDC São Paulo_ Memorial de Fundamentação Estratégica (1).csv,text/csv,csv,1092,2026-03-08T23:17:34.244Z,2026-03-02T04:11:26Z,TDC,AUDITORIA,NOSSO,NAO,
1mcaJIh7YGcICZEnPgnG9SPofolxrdO_E,99_LIXEIRA_DUPLICADOS,008 - QUADRO_3C_FINAL (1).csv,text/csv,csv,1599,2026-03-08T23:17:37.360Z,2026-03-02T04:08:40Z,OUTRO,TABELA_DADO,DESCONHECIDO,NAO,
1raPVjoi1yq3LY1ps5pjO1DGWXijbq1Mj,99_LIXEIRA_DUPLICADOS,"LEI Nº 13.430 , DE 13 DE SETEMBRO DE 2002 - Secretaria Municipal de Urbanismo e Licenciamento - Prefeitura.csv",text/csv,csv,2245,2026-03-08T23:17:20.902Z,2026-03-02T04:12:14Z,JURIDICO,LEI,OFICIAL,NAO,
1eMlPSJF7YlfVX6Zi8tdT7CKfa_osmoQD,99_LIXEIRA_DUPLICADOS,Declaração de Potencial Construtivo Passível de Transferência - Secretaria Municipal de Urbanismo e Licenciamento - Prefeitura (1).csv,text/csv,csv,2439,2026-03-08T23:17:15.922Z,2026-03-02T04:11:47Z,TDC,TABELA_DADO,OFICIAL,NAO,
1QNruS0GwIIi_vB4L5wIcqPZVcOVCIoOA,99_LIXEIRA_DUPLICADOS,008 - QUADRO_3C_FINAL.csv,text/csv,csv,1599,2026-03-08T23:17:24.431Z,2026-03-02T04:08:40Z,OUTRO,TABELA_DADO,DESCONHECIDO,NAO,
1ef5jKeCjypP-OAzgV9Vm2K6Yv_oWPLCP,99_LIXEIRA_DUPLICADOS,007 - QUADRO_3B_FINAL.csv,text/csv,csv,3733,2026-03-08T23:17:24.358Z,2026-03-02T04:08:33Z,OUTRO,TABELA_DADO,DESCONHECIDO,NAO,
1xQF_0xMWmoZeJSxLNAXF-s0skZeWUK4H,99_LIXEIRA_DUPLICADOS,PDE2013_SUBST2_Quadro_1_CA_Definicoes.csv,text/csv,csv,1841,2026-03-08T22:57:46.155Z,2026-03-02T04:13:11Z,OUTRO,TABELA_DADO,DESCONHECIDO,NAO,
1FW2sqAu92emkEAEK3hwOnZt5jK--pJ-M,99_LIXEIRA_DUPLICADOS,Pedido de Reconhecimento de Complexo de Saúde por Particular - Secretaria Municipal de Urbanismo e Licenciamento - Prefeitura (1).csv,text/csv,csv,2567,2026-03-08T22:57:39.365Z,2026-03-02T04:14:23Z,OUTRO,CODEX_DOC,OFICIAL,NAO,
1bIoT8YQjcIASBV2zEFaurIJqFDH5y6F0,99_LIXEIRA_DUPLICADOS,PDE2013_SUBST2_Quadro_6_Fator_planejamento_Fp.csv,text/csv,csv,825,2026-03-08T22:57:41.527Z,2026-03-02T04:13:44Z,OUTRO,TABELA_DADO,DESCONHECIDO,NAO,
1Lat-JNBfBb53QiElN20MKcVabBl8kGMS,99_LIXEIRA_DUPLICADOS,fila_tdc_5porcento_fundurb_dez_2025-pdf.pdf,application/pdf,pdf,260270,2026-03-08T22:57:46.567Z,2026-03-02T03:15:20Z,TDC,PDF,DESCONHECIDO,NAO,
19CAuWU0gU8u-NEOU0Z_GAMSRqz2H34Zy,99_LIXEIRA_DUPLICADOS,SIRGAS_SHP_setorfiscal (1).dbf,application/octet-stream,dbf,14482,2026-03-08T23:17:39.987Z,2026-03-01T18:19:56Z,GEO,GEO_SHP,OFICIAL,NAO,
1paqw0srqvHcnkGQgar8YXprUbOErLUW3,99_LIXEIRA_DUPLICADOS,SIRGAS_SHP_LOTES_43_JARDIM_ANGELA.shx,application/octet-stream,shx,222292,2026-03-08T23:17:52.933Z,2026-03-01T13:10:04Z,GEO,GEO_SHP,OFICIAL,NAO,
19UmeMDhhSPoXn2iPP2T2cP7CdxkVSzwf,99_LIXEIRA_DUPLICADOS,PDE2013_SUBST2_Quadro_4_percentuais_ZEIS.pdf,application/pdf,pdf,272219,2026-03-08T23:30:34.298Z,2026-02-27T14:54:17Z,OUTRO,PDF,DESCONHECIDO,NAO,
1OlJdO7_uUF_pgRMmM8u4QJnwkCcanrNf,99_LIXEIRA_DUPLICADOS,PDE2013_SUBST2_Quadro_2A_CA_Macroareas.pdf,application/pdf,pdf,268150,2026-03-08T23:27:31.162Z,2026-02-27T14:54:17Z,OUTRO,PDF,DESCONHECIDO,NAO,
1y7G3oFC9xIE4OtIeQtKzxuAk3SiEkdKi,99_LIXEIRA_DUPLICADOS,PDE2013_SUBST2_Quadro_1_CA_Definicoes.pdf,application/pdf,pdf,424098,2026-03-08T23:24:00.137Z,2026-02-27T14:54:17Z,OUTRO,PDF,DESCONHECIDO,NAO,
1Cmfe6e2WsoPXP40EERB4vNOSOIJKzOv4,99_LIXEIRA_DUPLICADOS,PDE2013_SUBST2_Quadro_3_CA_ZEIS.pdf,application/pdf,pdf,179428,2026-03-08T23:23:21.780Z,2026-02-27T14:54:17Z,OUTRO,PDF,DESCONHECIDO,NAO,
1_oh_j4nxCKbjsjnBBcdYA6XE5uOhTpdQ,99_LIXEIRA_DUPLICADOS,PDE2013_SUBST2_Quadro_5_ Fator_interesse_social_Fs.pdf,application/pdf,pdf,287426,2026-03-08T23:22:56.298Z,2026-02-27T14:54:17Z,OUTRO,PDF,DESCONHECIDO,NAO,
1Nq1VfDD6XldRnIbvLfAAVDysM-rYfAQu,99_LIXEIRA_DUPLICADOS,PDE2013_SUBST2_Quadro_2_CA_Eixos.pdf,application/pdf,pdf,194056,2026-03-08T23:20:05.179Z,2026-02-27T14:54:17Z,OUTRO,PDF,DESCONHECIDO,NAO,
161HQdVAwBsojNSFGudwbLo5AZphJS3-k,99_LIXEIRA_DUPLICADOS,PDE2013_SUBST2_Quadro_12_perimetro_cultural_paulista_luz (1).pdf,application/pdf,pdf,191540,2026-03-08T23:16:56.347Z,2026-02-27T14:54:17Z,OUTRO,PDF,DESCONHECIDO,NAO,
1apvHrrIFVyHql1-RqNHNjyeoUcze96AX,99_LIXEIRA_DUPLICADOS,SIRGAS_SHP_PLANO_DIRETOR_DRENAGEM (1).shx,application/octet-stream,shx,1260,2026-03-08T23:27:51.350Z,2026-01-27T20:39:29Z,GEO,GEO_SHP,OFICIAL,NAO,
1umtWBZhRixTQipgvg8BDEL1i3lBdAkSg,99_LIXEIRA_DUPLICADOS,SIRGAS_SHP_PLANO_DIRETOR_DRENAGEM.shp,application/octet-stream,shp,193972,2026-03-08T22:57:39.738Z,2026-01-27T20:39:29Z,GEO,GEO_SHP,OFICIAL,NAO,
1To91FerjsxlzKsDL_XoaQyGgyU0bvfik,99_LIXEIRA_DUPLICADOS,SIRGAS_SHP_areaenvoltoriaiphan1.csv,text/csv,csv,786,2026-03-08T23:33:04.598Z,2025-12-07T02:58:53Z,GEO,TABELA_DADO,OFICIAL,NAO,
1vBy0EDDVktEvzxoNO4gnSbInLIDn_LmM,99_LIXEIRA_DUPLICADOS,LEI Nº 18.081 DE 19 DE JANEIRO DE 2024 « Catálogo de Legislação Municipal.pdf,application/pdf,pdf,689893,2026-03-08T23:27:03.159Z,2025-12-04T20:29:35Z,JURIDICO,LEI,OFICIAL,NAO,
1gQFFKS-pFb_JjIr4xEi1bzrwfvI215Kg,99_LIXEIRA_DUPLICADOS,D57536 (1).pdf,application/pdf,pdf,254792,2026-03-08T23:27:25.927Z,2025-12-04T20:04:17Z,OUTRO,PDF,DESCONHECIDO,NAO,
1AiKazyKqeFGXbNkWOuZ0gKbgjF6FRVBP,99_LIXEIRA_DUPLICADOS,LEI Nº 16.402.pdf,application/pdf,pdf,531255,2026-03-08T23:17:50.632Z,2025-12-04T20:06:03Z,JURIDICO,LEI,OFICIAL,NAO,
16ZV1bcB51YlvJgANG_u98xPfPsgKkDkl,99_LIXEIRA_DUPLICADOS,SIRGAS_SHP_LOTES_59_PENHA.dbf,application/octet-stream,dbf,439411,2026-03-08T23:38:50.723Z,2025-11-30T13:10:30Z,GEO,GEO_SHP,OFICIAL,NAO,
1eBi6J0P-qVmJigDaTDyQKQaBWFkvf0I-,99_LIXEIRA_DUPLICADOS,SIRGAS_SHP_LOTES_57_PARQUE_DO_CARMO.shx,application/octet-stream,shx,89188,2026-03-08T23:38:44.364Z,2025-11-30T13:10:20Z,GEO,GEO_SHP,OFICIAL,NAO,
1Lrlow9fxo8TMQVa0WkLbLgSunq8-LeD7,99_LIXEIRA_DUPLICADOS,SIRGAS_SHP_LOTES_86_VILA_GUILHERME.dbf,application/octet-stream,dbf,191506,2026-03-08T23:36:27.296Z,2025-11-30T13:10:42Z,GEO,GEO_SHP,OFICIAL,NAO,
1uQz-Hr1-wNlbWgL6vweKV2hJXCq4r_rZ,99_LIXEIRA_DUPLICADOS,SIRGAS_SHP_LOTES_56_PARI.dbf,application/octet-stream,dbf,76081,2026-03-08T23:36:23.844Z,2025-11-30T13:10:54Z,GEO,GEO_SHP,OFICIAL,NAO,
1mnk10-1wmnvdClS40rpimS59WhDYrVBG,99_LIXEIRA_DUPLICADOS,SIRGAS_SHP_LOTES_68_SACOMA (1).shx,application/octet-stream,shx,240236,2026-03-08T23:36:14.980Z,2025-11-30T13:10:32Z,GEO,GEO_SHP,OFICIAL,NAO,
1n_pIhjTXHzvAhdYz_6hiYwiZQrQ607NA,99_LIXEIRA_DUPLICADOS,SIRGAS_SHP_LOTES_70_SANTANA (1).shx,application/octet-stream,shx,178116,2026-03-08T23:36:14.151Z,2025-11-30T13:10:34Z,GEO,GEO_SHP,OFICIAL,NAO,
180wJFSJQ_benXY3QSWrSURILtyZhfYw2,99_LIXEIRA_DUPLICADOS,SIRGAS_SHP_LOTES_52_MARSILAC.shx,application/octet-stream,shx,9644,2026-03-08T23:31:26.447Z,2025-11-30T13:11:18Z,GEO,GEO_SHP,OFICIAL,NAO,
148ODUwSiSpve-N4B8qV1GwXfplpR2YLl,99_LIXEIRA_DUPLICADOS,SIRGAS_SHP_LOTES_93_VILA_PRUDENTE (1).shx,application/octet-stream,shx,169652,2026-03-08T23:31:14.942Z,2025-11-30T13:10:20Z,GEO,GEO_SHP,OFICIAL,NAO,
1DSnpd3P5hmYbXj-mWQCGojr2XMh_Omb-,99_LIXEIRA_DUPLICADOS,SIRGAS_SHP_LOTES_84_VILA_CURUCA.shx,application/octet-stream,shx,190188,2026-03-08T23:29:41.493Z,2025-11-30T13:10:48Z,GEO,GEO_SHP,OFICIAL,NAO,
1gajyubTdY3gdm8LV7loCh0SKAt4MJE5A,99_LIXEIRA_DUPLICADOS,SIRGAS_SHP_LOTES_87_VILA_JACUI (1).dbf,application/octet-stream,dbf,254866,2026-03-08T23:29:05.218Z,2025-11-30T13:10:52Z,GEO,GEO_SHP,OFICIAL,NAO,
1GgXfB4hcCu9bJwfufuDmdwn0Coo_1eif,99_LIXEIRA_DUPLICADOS,SIRGAS_SHP_LOTES_34_IPIRANGA.dbf,application/octet-stream,dbf,307876,2026-03-08T23:28:54.968Z,2025-11-30T13:10:52Z,GEO,GEO_SHP,OFICIAL,NAO,
1hGtool-6yH0W21cCO9p_G2o7McYb5yJ0,99_LIXEIRA_DUPLICADOS,SIRGAS_SHP_LOTES_50_LIMAO.dbf,application/octet-stream,dbf,221176,2026-03-08T23:28:50.205Z,2025-11-30T13:10:16Z,GEO,GEO_SHP,OFICIAL,NAO,
1baFJ5uK9RjEKv4xwRXVlhfzDmAYRv6bF,99_LIXEIRA_DUPLICADOS,SIRGAS_SHP_LOTES_38_JABAQUARA.shx,application/octet-stream,shx,273276,2026-03-08T23:28:48.258Z,2025-11-30T13:10:22Z,GEO,GEO_SHP,OFICIAL,NAO,
1XguoV5OdSyZzib1_vjYOJHZmPqW8qTfL,99_LIXEIRA_DUPLICADOS,SIRGAS_SHP_LOTES_83_VILA_ANDRADE.dbf,application/octet-stream,dbf,107461,2026-03-08T23:27:40.177Z,2025-11-30T13:10:38Z,GEO,GEO_SHP,OFICIAL,NAO,
1g-loP3bFAgLATQA1HfPlAN5ut2lBbyvq,99_LIXEIRA_DUPLICADOS,SIRGAS_SHP_LOTES_59_PENHA.shx,application/octet-stream,shx,234332,2026-03-08T23:27:25.899Z,2025-11-30T13:10:30Z,GEO,GEO_SHP,OFICIAL,NAO,
1vQkL7m0OSCHbFW1xud2TQ7A9i2PUrmG5,99_LIXEIRA_DUPLICADOS,SIRGAS_SHP_LOTES_85_VILA_FORMOSA.shx,application/octet-stream,shx,157732,2026-03-08T23:27:16.197Z,2025-11-30T13:10:46Z,GEO,GEO_SHP,OFICIAL,NAO,
1dosFt52DrLVrepvI0yBJAIiXVwYJMBo4,99_LIXEIRA_DUPLICADOS,SIRGAS_SHP_LOTES_96_LAJEADO.dbf,application/octet-stream,dbf,301846,2026-03-08T23:26:49.208Z,2025-11-30T13:10:16Z,GEO,GEO_SHP,OFICIAL,NAO,
1tXfnH6HdlDIdmK4puqmC3TDitFiQhTgT,99_LIXEIRA_DUPLICADOS,SIRGAS_SHP_LOTES_89_VILA_MARIA.dbf,application/octet-stream,dbf,297961,2026-03-08T23:26:35.472Z,2025-11-30T13:10:54Z,GEO,GEO_SHP,OFICIAL,NAO,
1kjjYSyNOHFn404M1XWUrWdWnr1GNfWbK,99_LIXEIRA_DUPLICADOS,SIRGAS_SHP_LOTES_95_SAO_DOMINGOS (1).dbf,application/octet-stream,dbf,255076,2026-03-08T23:25:43.947Z,2025-11-30T13:10:28Z,GEO,GEO_SHP,OFICIAL,NAO,
10o52g7nQbbVRnoxVqk5ZXK86-IRH0qkO,99_LIXEIRA_DUPLICADOS,SIRGAS_SHP_LOTES_80_TATUAPE.shx,application/octet-stream,shx,146012,2026-03-08T23:25:19.855Z,2025-11-30T13:11:18Z,GEO,GEO_SHP,OFICIAL,NAO,
1nPcQcYBEYAgRThM5Qy7RnSyzRauc1M5b,99_LIXEIRA_DUPLICADOS,SIRGAS_SHP_LOTES_67_RIO_PEQUENO (1).shx,application/octet-stream,shx,155164,2026-03-08T23:24:38.469Z,2025-11-30T13:10:38Z,GEO,GEO_SHP,OFICIAL,NAO,
1HEZK8O8MhmOpt-7wBGsIRxAnTyBpYzUD,99_LIXEIRA_DUPLICADOS,SIRGAS_SHP_LOTES_76_SAPOPEMBA.shx,application/octet-stream,shx,331940,2026-03-08T23:24:26.285Z,2025-11-30T13:10:24Z,GEO,GEO_SHP,OFICIAL,NAO,
1-tYe5bdTgr7-KPmfF_Y9xdv0hVaqwnYj,99_LIXEIRA_DUPLICADOS,SIRGAS_SHP_LOTES_76_SAPOPEMBA (1).dbf,application/octet-stream,dbf,622426,2026-03-08T23:23:27.406Z,2025-11-30T13:10:24Z,GEO,GEO_SHP,OFICIAL,NAO,
1LEJ94Q6URthhvmi9jehiO0uKAM4U6W_3,99_LIXEIRA_DUPLICADOS,SIRGAS_SHP_LOTES_75_SAO_RAFAEL (1).dbf,application/octet-stream,dbf,227176,2026-03-08T23:22:58.514Z,2025-11-30T13:10:42Z,GEO,GEO_SHP,OFICIAL,NAO,
1MlWc-H-MRlGwdbMVMrrVYEA5S4qePExc,99_LIXEIRA_DUPLICADOS,SIRGAS_SHP_LOTES_94_VILA_SONIA (1).dbf,application/octet-stream,dbf,266866,2026-03-08T23:22:13.508Z,2025-11-30T13:10:28Z,GEO,GEO_SHP,OFICIAL,NAO,
1uB7UdrXB2VUYVWkS8s1K8agU_AgSJFNo,99_LIXEIRA_DUPLICADOS,SIRGAS_SHP_LOTES_79_SOCORRO.shx,application/octet-stream,shx,86188,2026-03-08T23:22:08.354Z,2025-11-30T13:10:16Z,GEO,GEO_SHP,OFICIAL,NAO,
1jBQzavOe62KNqRPZnA4Axug0vf7Rerhw,99_LIXEIRA_DUPLICADOS,SIRGAS_SHP_LOTES_60_PERDIZES.dbf,application/octet-stream,dbf,212101,2026-03-08T23:22:00.741Z,2025-11-30T13:10:50Z,GEO,GEO_SHP,OFICIAL,NAO,
1RCOJyVgeWxfZQX547dOM38Igk-FxBdx5,99_LIXEIRA_DUPLICADOS,SIRGAS_SHP_LOTES_53_MOOCA.shx,application/octet-stream,shx,115284,2026-03-08T23:21:52.767Z,2025-11-30T13:10:54Z,GEO,GEO_SHP,OFICIAL,NAO,
1OdukyeEuDAwDOvMefwS8FiyntneYJut2,99_LIXEIRA_DUPLICADOS,SIRGAS_SHP_LOTES_83_VILA_ANDRADE.shx,application/octet-stream,shx,57292,2026-03-08T23:21:41.937Z,2025-11-30T13:10:38Z,GEO,GEO_SHP,OFICIAL,NAO,
1MSbOAtJv8U-N7xEPWVvwEAEIhKXql9rJ,99_LIXEIRA_DUPLICADOS,SIRGAS_SHP_LOTES_68_SACOMA (1).dbf,application/octet-stream,dbf,450481,2026-03-08T23:21:35.903Z,2025-11-30T13:10:32Z,GEO,GEO_SHP,OFICIAL,NAO,
1f_hAWMCucIRU-8qUr5l91_lBWpg2ShVq,99_LIXEIRA_DUPLICADOS,SIRGAS_SHP_LOTES_65_RAPOSO_TAVARES.dbf,application/octet-stream,dbf,202876,2026-03-08T23:20:31.544Z,2025-11-30T13:10:36Z,GEO,GEO_SHP,OFICIAL,NAO,
185od9_-d0CvlplXh2EjtUF_JrjYns9FM,99_LIXEIRA_DUPLICADOS,SIRGAS_SHP_LOTES_85_VILA_FORMOSA.dbf,application/octet-stream,dbf,295786,2026-03-08T23:20:05.902Z,2025-11-30T13:10:46Z,GEO,GEO_SHP,OFICIAL,NAO,
149JhCE2cQ6LeesVIM_55DPrA-0hG4sPp,99_LIXEIRA_DUPLICADOS,SIRGAS_SHP_LOTES_65_RAPOSO_TAVARES.shx,application/octet-stream,shx,108180,2026-03-08T23:19:03.508Z,2025-11-30T13:10:36Z,GEO,GEO_SHP,OFICIAL,NAO,
1tgw8L88h1vduYvePp8k0n9gWFhoch5Km,99_LIXEIRA_DUPLICADOS,SIRGAS_SHP_LOTES_74_SAO_MIGUEL (1).dbf,application/octet-stream,dbf,276211,2026-03-08T23:18:16.712Z,2025-11-30T13:10:48Z,GEO,GEO_SHP,OFICIAL,NAO,
1wNHQ0kiehJGx57PZONzFllX4LcFX_MOQ,99_LIXEIRA_DUPLICADOS,SIRGAS_SHP_LOTES_95_SAO_DOMINGOS.shx,application/octet-stream,shx,136020,2026-03-08T23:17:54.707Z,2025-11-30T13:10:28Z,GEO,GEO_SHP,OFICIAL,NAO,
1HQYXN1nW11nLxyNS7OhsIEamYD10kAug,99_LIXEIRA_DUPLICADOS,SIRGAS_SHP_LOTES_62_PINHEIROS.dbf,application/octet-stream,dbf,196786,2026-03-08T23:17:54.306Z,2025-11-30T13:10:30Z,GEO,GEO_SHP,OFICIAL,NAO,
13F3fywelMTULieYglpElj6R9RnMV8Yxb,99_LIXEIRA_DUPLICADOS,SIRGAS_SHP_LOTES_78_SE (1).dbf,application/octet-stream,dbf,40876,2026-03-08T23:17:51.647Z,2025-11-30T13:10:56Z,GEO,GEO_SHP,OFICIAL,NAO,
1pA_x-ls8sB_MIn4qtn0WOcdi13N6pu8e,99_LIXEIRA_DUPLICADOS,SIRGAS_SHP_LOTES_46_JARDIM_SAO_LUIS.shx,application/octet-stream,shx,242564,2026-03-08T23:17:52.689Z,2025-11-30T13:10:26Z,GEO,GEO_SHP,OFICIAL,NAO,
1Rcufivw2P7kcBCNmV1lUorM8R_5gOk-8,99_LIXEIRA_DUPLICADOS,SIRGAS_SHP_LOTES_72_SAO_LUCAS (1).shp,application/octet-stream,shp,5030300,2026-03-08T23:17:50.858Z,2025-11-30T13:11:10Z,GEO,GEO_SHP,OFICIAL,NAO,
1fieYJKPjufWZzZPMatRa5kDIEQ2sLTXC,99_LIXEIRA_DUPLICADOS,SIRGAS_SHP_LOTES_36_ITAIM_PAULISTA.shx,application/octet-stream,shx,248452,2026-03-08T23:17:51.582Z,2025-11-30T13:10:46Z,GEO,GEO_SHP,OFICIAL,NAO,
1WyhkfI1es19UfkubJ7R1kUCRsBFJuAP4,99_LIXEIRA_DUPLICADOS,SIRGAS_SHP_LOTES_53_MOOCA.dbf,application/octet-stream,dbf,216196,2026-03-08T23:17:47.140Z,2025-11-30T13:10:54Z,GEO,GEO_SHP,OFICIAL,NAO,
1TFk6XnyL12GOBxA1cxySXwyfdSCmqr-W,99_LIXEIRA_DUPLICADOS,SIRGAS_SHP_LOTES_64_PONTE_RASA.shx,application/octet-stream,shx,157532,2026-03-08T23:17:47.203Z,2025-11-30T13:10:40Z,GEO,GEO_SHP,OFICIAL,NAO,
1JbbdaoXbS7XnYV1LYn2_vc6xRGiB1Ep1,99_LIXEIRA_DUPLICADOS,SIRGAS_SHP_LOTES_32_MOEMA.shx,application/octet-stream,shx,78236,2026-03-08T23:17:41.367Z,2025-11-30T13:11:12Z,GEO,GEO_SHP,OFICIAL,NAO,
1xQjqn6dKGB_w4-FQlb_WLWXdt0Twy8fo,99_LIXEIRA_DUPLICADOS,SIRGAS_SHP_LOTES_71_SANTO_AMARO (1).shx,application/octet-stream,shx,160516,2026-03-08T23:17:38.772Z,2025-11-30T13:10:32Z,GEO,GEO_SHP,OFICIAL,NAO,
1RLmORo4_9Ca5MUgbot1VUGjSYX6J2ORF,99_LIXEIRA_DUPLICADOS,SIRGAS_SHP_LOTES_61_PERUS.dbf,application/octet-stream,dbf,147391,2026-03-08T23:17:38.405Z,2025-11-30T13:10:26Z,GEO,GEO_SHP,OFICIAL,NAO,
1OYTwPQ29CRGsI6r6cuBUljD0rKSOjjdo,99_LIXEIRA_DUPLICADOS,SIRGAS_SHP_LOTES_49_LIBERDADE.shx,application/octet-stream,shx,55356,2026-03-08T23:17:37.069Z,2025-11-30T13:10:58Z,GEO,GEO_SHP,OFICIAL,NAO,
1wNHQ0kiehJGx57PZONzFllX4LcFX_MOQ,99_LIXEIRA_DUPLICADOS,SIRGAS_SHP_LOTES_95_SAO_DOMINGOS.shx,application/octet-stream,shx,136020,2026-03-08T23:17:54.707Z,2025-11-30T13:10:28Z,GEO,GEO_SHP,OFICIAL,NAO,
1HQYXN1nW11nLxyNS7OhsIEamYD10kAug,99_LIXEIRA_DUPLICADOS,SIRGAS_SHP_LOTES_62_PINHEIROS.dbf,application/octet-stream,dbf,196786,2026-03-08T23:17:54.306Z,2025-11-30T13:10:30Z,GEO,GEO_SHP,OFICIAL,NAO,
13F3fywelMTULieYglpElj6R9RnMV8Yxb,99_LIXEIRA_DUPLICADOS,SIRGAS_SHP_LOTES_78_SE (1).dbf,application/octet-stream,dbf,40876,2026-03-08T23:17:51.647Z,2025-11-30T13:10:56Z,GEO,GEO_SHP,OFICIAL,NAO,
1pA_x-ls8sB_MIn4qtn0WOcdi13N6pu8e,99_LIXEIRA_DUPLICADOS,SIRGAS_SHP_LOTES_46_JARDIM_SAO_LUIS.shx,application/octet-stream,shx,242564,2026-03-08T23:17:52.689Z,2025-11-30T13:10:26Z,GEO,GEO_SHP,OFICIAL,NAO,
1Rcufivw2P7kcBCNmV1lUorM8R_5gOk-8,99_LIXEIRA_DUPLICADOS,SIRGAS_SHP_LOTES_72_SAO_LUCAS (1).shp,application/octet-stream,shp,5030300,2026-03-08T23:17:50.858Z,2025-11-30T13:11:10Z,GEO,GEO_SHP,OFICIAL,NAO,
1fieYJKPjufWZzZPMatRa5kDIEQ2sLTXC,99_LIXEIRA_DUPLICADOS,SIRGAS_SHP_LOTES_36_ITAIM_PAULISTA.shx,application/octet-stream,shx,248452,2026-03-08T23:17:51.582Z,2025-11-30T13:10:46Z,GEO,GEO_SHP,OFICIAL,NAO,
1WyhkfI1es19UfkubJ7R1kUCRsBFJuAP4,99_LIXEIRA_DUPLICADOS,SIRGAS_SHP_LOTES_53_MOOCA.dbf,application/octet-stream,dbf,216196,2026-03-08T23:17:47.140Z,2025-11-30T13:10:54Z,GEO,GEO_SHP,OFICIAL,NAO,
1TFk6XnyL12GOBxA1cxySXwyfdSCmqr-W,99_LIXEIRA_DUPLICADOS,SIRGAS_SHP_LOTES_64_PONTE_RASA.shx,application/octet-stream,shx,157532,2026-03-08T23:17:47.203Z,2025-11-30T13:10:40Z,GEO,GEO_SHP,OFICIAL,NAO,
1JbbdaoXbS7XnYV1LYn2_vc6xRGiB1Ep1,99_LIXEIRA_DUPLICADOS,SIRGAS_SHP_LOTES_32_MOEMA.shx,application/octet-stream,shx,78236,2026-03-08T23:17:41.367Z,2025-11-30T13:11:12Z,GEO,GEO_SHP,OFICIAL,NAO,
1xQjqn6dKGB_w4-FQlb_WLWXdt0Twy8fo,99_LIXEIRA_DUPLICADOS,SIRGAS_SHP_LOTES_71_SANTO_AMARO (1).shx,application/octet-stream,shx,160516,2026-03-08T23:17:38.772Z,2025-11-30T13:10:32Z,GEO,GEO_SHP,OFICIAL,NAO,
1RLmORo4_9Ca5MUgbot1VUGjSYX6J2ORF,99_LIXEIRA_DUPLICADOS,SIRGAS_SHP_LOTES_61_PERUS.dbf,application/octet-stream,dbf,147391,2026-03-08T23:17:38.405Z,2025-11-30T13:10:26Z,GEO,GEO_SHP,OFICIAL,NAO,
1OYTwPQ29CRGsI6r6cuBUljD0rKSOjjdo,99_LIXEIRA_DUPLICADOS,SIRGAS_SHP_LOTES_49_LIBERDADE.shx,application/octet-stream,shx,55356,2026-03-08T23:17:37.069Z,2025-11-30T13:10:58Z,GEO,GEO_SHP,OFICIAL,NAO,
1Oloba6eD0fwdPpYqwhwkrR_p2SFlNF12,99_LIXEIRA_DUPLICADOS,SIRGAS_SHP_LOTES_78_SE (1).shx,application/octet-stream,shx,21780,2026-03-08T23:17:36.121Z,2025-11-30T13:10:56Z,GEO,GEO_SHP,OFICIAL,NAO,
1og-ZkCL7x9eV-_zCZnNwz-HPuSdk2TW9,99_LIXEIRA_DUPLICADOS,SIRGAS_SHP_LOTES_45_JARDIM_PAULISTA.dbf,application/octet-stream,dbf,124006,2026-03-08T23:17:36.104Z,2025-11-30T13:10:52Z,GEO,GEO_SHP,OFICIAL,NAO,
19U-JQQ4DGUJ4TZElSm5egWjqkWTU8Grt,99_LIXEIRA_DUPLICADOS,SIRGAS_SHP_LOTES_75_SAO_RAFAEL (1).shx,application/octet-stream,shx,121140,2026-03-08T23:17:36.018Z,2025-11-30T13:10:42Z,GEO,GEO_SHP,OFICIAL,NAO,
1BN_jq9_5ca1zoQ6TAWNODcG6J-NDfGsI,99_LIXEIRA_DUPLICADOS,SIRGAS_SHP_LOTES_58_PEDREIRA.dbf,application/octet-stream,dbf,229531,2026-03-08T23:17:32.859Z,2025-11-30T13:10:20Z,GEO,GEO_SHP,OFICIAL,NAO,
1Gu71QOm6KJpJDMc6k08jQg115nvmJcef,99_LIXEIRA_DUPLICADOS,SIRGAS_SHP_LOTES_42_JARAGUA.shx,application/octet-stream,shx,147636,2026-03-08T23:17:26.009Z,2025-11-30T13:10:34Z,GEO,GEO_SHP,OFICIAL,NAO,
1OwJ1NvdXpe1vKB6XTXuTgGmaD1I66uN0,99_LIXEIRA_DUPLICADOS,SIRGAS_SHP_LOTES_74_SAO_MIGUEL (1).shx,application/octet-stream,shx,147292,2026-03-08T23:17:22.625Z,2025-11-30T13:10:48Z,GEO,GEO_SHP,OFICIAL,NAO,
1Q3bvJSvU3Kz-4PYH4PngkZpxidRjpMCB,99_LIXEIRA_DUPLICADOS,SIRGAS_SHP_LOTES_73_SAO_MATEUS (1).shx,application/octet-stream,shx,220076,2026-03-08T23:17:21.115Z,2025-11-30T13:10:22Z,GEO,GEO_SHP,OFICIAL,NAO,
1gt2AEdo5_qkUtJ5v5oShJAck1F33wNbK,99_LIXEIRA_DUPLICADOS,SIRGAS_SHP_LOTES_37_ITAQUERA.shx,application/octet-stream,shx,230276,2026-03-08T23:16:58.441Z,2025-11-30T13:10:44Z,GEO,GEO_SHP,OFICIAL,NAO,
1tLAxH2zmHDvPHNi3Vg9lBn087PuXaXOP,99_LIXEIRA_DUPLICADOS,SIRGAS_SHP_LOTES_82_TUCURUVI (1).dbf,application/octet-stream,dbf,361021,2026-03-08T23:16:56.928Z,2025-11-30T13:10:28Z,GEO,GEO_SHP,OFICIAL,NAO,
1Ki_0lYsT3k5drFzKbZsnMsD0tNiT9TRG,99_LIXEIRA_DUPLICADOS,SIRGAS_SHP_LOTES_66_REPUBLICA.shx,application/octet-stream,shx,23956,2026-03-08T22:57:47.855Z,2025-11-30T13:10:54Z,GEO,GEO_SHP,OFICIAL,NAO,
18-b88bHgItqjgNJ3xWJSgY8Tp0aQ0Tz4,99_LIXEIRA_DUPLICADOS,SIRGAS_SHP_LOTES_66_REPUBLICA.shp,application/octet-stream,shp,749796,2026-03-08T22:57:43.941Z,2025-11-30T13:10:54Z,GEO,GEO_SHP,OFICIAL,NAO,
1ZMOkFzwBFVuTPMz0HtuZ2BngPJRVByMU,99_LIXEIRA_DUPLICADOS,SIRGAS_SHP_LOTES_96_LAJEADO.shx,application/octet-stream,shx,160964,2026-03-08T22:57:45.111Z,2025-11-30T13:10:16Z,GEO,GEO_SHP,OFICIAL,NAO,
1CN_49OFblrGJn6-pE6mCXRYQmecZ-ALR,99_LIXEIRA_DUPLICADOS,SIRGAS_SHP_LOTES_78_SE (1).shp,application/octet-stream,shp,646580,2026-03-08T22:57:39.972Z,2025-11-30T13:10:56Z,GEO,GEO_SHP,OFICIAL,NAO,
1Gh1dEHGoLErf_u9iGWrL2RVw28olshBJ,99_LIXEIRA_DUPLICADOS,SIRGAS_SHP_LOTES_66_REPUBLICA.dbf,application/octet-stream,dbf,44956,2026-03-08T22:57:39.771Z,2025-11-30T13:10:54Z,GEO,GEO_SHP,OFICIAL,NAO,
1O-DJ_EroMPvjZ8SwPy3rzrjsS40fpoL2,99_LIXEIRA_DUPLICADOS,SIRGAS_SHP_LOTES_77_SAUDE.shx,application/octet-stream,shx,186564,2026-03-08T22:57:39.297Z,2025-11-30T13:10:30Z,GEO,GEO_SHP,OFICIAL,NAO,
1aQqNMwwfQEHNFI9hERJdgYQ5OBy4X2d_,99_LIXEIRA_DUPLICADOS,SIRGAS_SHP_LOTES_35_ITAIM_BIBI.shx,application/octet-stream,shx,127476,2026-03-08T22:57:38.922Z,2025-11-30T13:10:20Z,GEO,GEO_SHP,OFICIAL,NAO,
1GOGPyXKVtI9ew5xrsfZZghaE5JVqiSA2,99_LIXEIRA_DUPLICADOS,SIRGAS_SHP_LOTES_38_JABAQUARA.dbf,application/octet-stream,dbf,512431,2026-03-08T22:57:35.883Z,2025-11-30T13:10:22Z,GEO,GEO_SHP,OFICIAL,NAO,
1iQ8fMT3XDAVW6rz_WhamfpfCsONcYJ0j,99_LIXEIRA_DUPLICADOS,SIRGAS_SHP_subvencao_economica.shx,application/octet-stream,shx,348,2026-03-08T23:21:05.587Z,2025-11-07T20:27:42Z,GEO,GEO_SHP,OFICIAL,NAO,
1RIBSEypM4ZrReQA5Mpn_L7jykPTm7efO,99_LIXEIRA_DUPLICADOS,SIRGAS_SHP_subvencao_economica (1).dbf,application/octet-stream,dbf,90195,2026-03-08T23:18:21.374Z,2025-11-07T20:27:42Z,GEO,GEO_SHP,OFICIAL,NAO,
1I4YDhi8LC0GkWCAD5yNT83aLOdg0BYOL,99_LIXEIRA_DUPLICADOS,oo_2014-2023.xlsx,application/vnd.openxmlformats-officedocument.spreadsheetml.sheet,xlsx,788688,2026-03-08T23:19:37.737Z,2025-09-23T11:48:20Z,OUTRO,PLANILHA,DESCONHECIDO,NAO,
1ORRG5rAy_ob9cLaOWzQlVy7msUlTDE61,99_LIXEIRA_DUPLICADOS,SIRGAS_SHP_requalifica_centro.shp,application/octet-stream,shp,8028,2026-03-08T23:22:15.346Z,2025-06-09T19:28:11Z,GEO,GEO_SHP,OFICIAL,NAO,
1owE3pmd9qt3j0FWmE7OVCROyzc-SVkcD,99_LIXEIRA_DUPLICADOS,SIRGAS_SHP_requalifica_centro.dbf,application/octet-stream,dbf,4691,2026-03-08T22:57:39.531Z,2025-06-09T19:28:11Z,GEO,GEO_SHP,OFICIAL,NAO,
1Df4WPiuwynFw14aZgGjPHoGIvGWz2teU,99_LIXEIRA_DUPLICADOS,SIRGAS_SHP_baciahidro_polygon.dbf,application/octet-stream,dbf,294122,2026-03-08T22:57:41.696Z,2024-11-13T15:00:18Z,GEO,GEO_SHP,OFICIAL,NAO,
1W_73CULyj11FEG7xSiI4GRIYnqEcAkaJ,99_LIXEIRA_DUPLICADOS,SIRGAS_SHP_zeup_zemp.shp,application/octet-stream,shp,416724,2026-03-08T22:57:43.694Z,2022-07-04T13:33:56Z,GEO,GEO_SHP,OFICIAL,NAO,
1fs4OCySaNfkL3ZxO-AYDSf9iabb0vyEH,99_LIXEIRA_DUPLICADOS,SAD69-96_SHP_planoacao_polygon.shx,application/octet-stream,shx,3284,2026-03-08T23:36:31.167Z,2020-03-13T21:42:48Z,GEO,GEO_SHP,DESCONHECIDO,NAO,
1bNWhm_sWaJpP5fJN3OUwQmaQgDvs6T5I,99_LIXEIRA_DUPLICADOS,SAD69-96_SHP_planomacro_polygon.dbf,application/octet-stream,dbf,17367,2026-03-08T23:17:55.101Z,2020-03-13T20:32:42Z,GEO,GEO_SHP,DESCONHECIDO,NAO,
1rE4XVDqgYsYAkHipmNxL8i-XmiFENTFI,99_LIXEIRA_DUPLICADOS,ZPDS_u (1).shp,application/octet-stream,shp,925144,2026-03-08T23:38:28.923Z,2016-03-18T19:48:28Z,GEO,GEO_SHP,DESCONHECIDO,NAO,
1yKFvntfJeXGAtA6AnGy1WSmkft_oou1I,99_LIXEIRA_DUPLICADOS,AC_1.dbf,application/octet-stream,dbf,937,2026-03-08T23:36:05.610Z,2016-03-18T19:48:24Z,GEO,GEO_SHP,DESCONHECIDO,NAO,
1fOkskkdOKnOasw6V6j9hu29xVOCa0KTC,99_LIXEIRA_DUPLICADOS,ZOE.dbf,application/octet-stream,dbf,4423,2026-03-08T23:31:30.555Z,2016-03-18T19:48:26Z,GEO,GEO_SHP,DESCONHECIDO,NAO,
1ZSeoMLp2YSEyzqUrdZyCQs_-OVuRBIkt,99_LIXEIRA_DUPLICADOS,ZEUP_a.shp,application/octet-stream,shp,304440,2026-03-08T23:31:15.546Z,2016-03-18T19:48:26Z,GEO,GEO_SHP,DESCONHECIDO,NAO,
1inGh0ehfqP5cebuiLVYL_Wz-1BCENUvY,99_LIXEIRA_DUPLICADOS,ZEPAM.shx,application/octet-stream,shx,5596,2026-03-08T23:28:39.482Z,2016-03-18T19:48:26Z,GEO,GEO_SHP,DESCONHECIDO,NAO,
13pNgsN3l49eLSj2-s2R8_OW-2WitCI0v,99_LIXEIRA_DUPLICADOS,QA.shx,application/octet-stream,shx,501388,2026-03-08T23:28:29.938Z,2015-05-20T21:13:40Z,GEO,GEO_SHP,DESCONHECIDO,NAO,
1VETsSgGR5eluF_MsKtGFkQZfkiPHmLW7,99_LIXEIRA_DUPLICADOS,ZCOR_2 (1).shx,application/octet-stream,shx,5340,2026-03-08T23:27:14.364Z,2016-03-18T19:48:24Z,GEO,GEO_SHP,DESCONHECIDO,NAO,
1qIE55WWKYBwePh1FdDjZ6IlCU3pH9Dz-,99_LIXEIRA_DUPLICADOS,ZPI_1 (1).dbf,application/octet-stream,dbf,9883,2026-03-08T23:25:53.641Z,2016-03-18T19:48:28Z,GEO,GEO_SHP,DESCONHECIDO,NAO,
14jgUoHm-c260JD956TgrU3qo85-Teox5,99_LIXEIRA_DUPLICADOS,ZEU_u (1).shx,application/octet-stream,shx,34572,2026-03-08T23:25:03.206Z,2016-03-18T19:48:26Z,GEO,GEO_SHP,DESCONHECIDO,NAO,
13QVhmgp5AHSXSFLQOCN3fMp1XDeiFUwc,99_LIXEIRA_DUPLICADOS,ZC (1).shx,application/octet-stream,shx,54100,2026-03-08T23:24:52.471Z,2016-03-22T17:41:18Z,GEO,GEO_SHP,DESCONHECIDO,NAO,
1I_5w3pFbV8WbTCrXDbu0_Iz-Y2mw08gg,99_LIXEIRA_DUPLICADOS,ZOE (1).shp,application/octet-stream,shp,481012,2026-03-08T23:23:43.396Z,2016-03-18T19:48:28Z,GEO,GEO_SHP,DESCONHECIDO,NAO,
1dKMVM-3z4dXBLfUH6DCRcVXkorPus7Sb,99_LIXEIRA_DUPLICADOS,ZCOR_2 (1).dbf,application/octet-stream,dbf,13852,2026-03-08T23:23:40.360Z,2016-03-18T19:48:24Z,GEO,GEO_SHP,DESCONHECIDO,NAO,
1ZbkPkF9-zs8Orr9LbmfXbUYNQLMSvFgl,99_LIXEIRA_DUPLICADOS,ZEUP_a (1).dbf,application/octet-stream,dbf,5179,2026-03-08T23:23:35.091Z,2016-03-18T19:48:26Z,GEO,GEO_SHP,DESCONHECIDO,NAO,
1o_CjqbrD5tByclTL4HZ04jBJPO-tbExe,99_LIXEIRA_DUPLICADOS,ZEU_a (1).shp,application/octet-stream,shp,635276,2026-03-08T23:23:24.997Z,2016-03-18T19:48:26Z,GEO,GEO_SHP,DESCONHECIDO,NAO,
1GnQALdqtAkOIzAvXtx0ME4M3CjXbYRky,99_LIXEIRA_DUPLICADOS,AC_2.shp,application/octet-stream,shp,87876,2026-03-08T23:22:27.841Z,2016-03-18T19:48:24Z,GEO,GEO_SHP,DESCONHECIDO,NAO,
1P1NE0nPc1iNC0oGaLm7N1E6T71VdhC8y,99_LIXEIRA_DUPLICADOS,ZPDS_u.shx,application/octet-stream,shx,2508,2026-03-08T23:21:41.901Z,2016-03-18T19:48:28Z,GEO,GEO_SHP,DESCONHECIDO,NAO,
10flv0B_h-0AyjKHA05jpsyX__xsi_Svg,99_LIXEIRA_DUPLICADOS,PCA_CANT.shx,application/octet-stream,shx,91412,2026-03-08T23:20:15.949Z,2016-03-18T19:48:24Z,GEO,GEO_SHP,DESCONHECIDO,NAO,
1J-C2-wedi-fR9lRgrQ4X12ddsPq8EMiN,99_LIXEIRA_DUPLICADOS,ZER_a.shp,application/octet-stream,shp,517264,2026-03-08T23:20:05.880Z,2016-03-18T19:48:26Z,GEO,GEO_SHP,DESCONHECIDO,NAO,
1tK-IlfxhQeb2OpJJcOGcBS8AMCJI-UiA,99_LIXEIRA_DUPLICADOS,ZEU_a.dbf,application/octet-stream,dbf,12718,2026-03-08T23:20:04.298Z,2016-03-18T19:48:26Z,GEO,GEO_SHP,DESCONHECIDO,NAO,
1J3OAofTS4HPBqurxqRL0kn1eNFisT5-q,99_LIXEIRA_DUPLICADOS,ZPI_1 (1).shx,application/octet-stream,shx,3828,2026-03-08T23:19:45.326Z,2016-03-18T19:48:28Z,GEO,GEO_SHP,DESCONHECIDO,NAO,
1MogU2Hhznt8rnONyTdpEsCV8UkExcEA6,99_LIXEIRA_DUPLICADOS,ZDE_1.shx,application/octet-stream,shx,2324,2026-03-08T23:19:32.072Z,2016-03-18T19:48:26Z,GEO,GEO_SHP,DESCONHECIDO,NAO,
1SiceudMXXvpcoiVHXZoLZWXVhgksj7xp,99_LIXEIRA_DUPLICADOS,ZCOR_a.shx,application/octet-stream,shx,612,2026-03-08T23:18:06.036Z,2016-03-18T19:48:26Z,GEO,GEO_SHP,DESCONHECIDO,NAO,
1ubbGeMqq7taQlSClpzlCgainUBdXlIwq,99_LIXEIRA_DUPLICADOS,ZC_ZEIS.dbf,application/octet-stream,dbf,13642,2026-03-08T23:17:55.962Z,2016-03-18T19:48:26Z,GEO,GEO_SHP,DESCONHECIDO,NAO,
1lJWsxZj2SKAEGJVX_vWUDMsHAoysfvtv,99_LIXEIRA_DUPLICADOS,ZER_1.shx,application/octet-stream,shx,20404,2026-03-08T23:17:55.676Z,2016-03-22T15:12:46Z,GEO,GEO_SHP,DESCONHECIDO,NAO,
1e3_nPiypkCO6C97R8p7RcAkikpVA_acm,99_LIXEIRA_DUPLICADOS,ZER_a (1).dbf,application/octet-stream,dbf,8056,2026-03-08T23:17:48.525Z,2016-03-18T19:48:26Z,GEO,GEO_SHP,DESCONHECIDO,NAO,
1tZ7GKao_HTLe3wIr8ab2vXlhik1NtlpH,99_LIXEIRA_DUPLICADOS,ZC_a (1).shx,application/octet-stream,shx,4172,2026-03-08T23:17:47.430Z,2016-03-18T19:48:26Z,GEO,GEO_SHP,DESCONHECIDO,NAO,
13EvpQJKcvEEi0bIAvNJ1I9S3T_hJbUYi,99_LIXEIRA_DUPLICADOS,ZER_2.dbf,application/octet-stream,dbf,1987,2026-03-08T23:17:47.084Z,2016-03-18T19:48:26Z,GEO,GEO_SHP,DESCONHECIDO,NAO,
1Q6qOcVEYE3paxpuOe7woKm45p5vgJkl5,99_LIXEIRA_DUPLICADOS,ZEMP (1).shp,application/octet-stream,shp,372248,2026-03-08T23:17:45.595Z,2016-03-18T19:48:26Z,GEO,GEO_SHP,DESCONHECIDO,NAO,
1TyMrSqY05LX2-eG01rq2USZof1H6yEjX,99_LIXEIRA_DUPLICADOS,INCENTIVO_GARAGEM (1).shp,application/octet-stream,shp,963100,2026-03-08T23:17:45.540Z,2015-06-01T16:34:34Z,GEO,GEO_SHP,DESCONHECIDO,NAO,
1Um9BQ729MRstF6S8pZRNJhGxezKfISId,99_LIXEIRA_DUPLICADOS,ZM_u.dbf,application/octet-stream,dbf,385048,2026-03-08T23:17:37.740Z,2016-03-18T19:48:26Z,GEO,GEO_SHP,DESCONHECIDO,NAO,
1ZE_va_Pej86jOMH9MSgaXUXU-xdEF-9C,99_LIXEIRA_DUPLICADOS,PCA_CANT.dbf,application/octet-stream,dbf,296861,2026-03-08T23:17:37.498Z,2016-03-18T19:48:24Z,GEO,GEO_SHP,DESCONHECIDO,NAO,
1LXRqjbj1yy74MK0O1wutE1c2_w8VVC2r,99_LIXEIRA_DUPLICADOS,ZEP.dbf,application/octet-stream,dbf,727,2026-03-08T23:17:34.538Z,2016-03-18T19:48:26Z,GEO,GEO_SHP,DESCONHECIDO,NAO,
1-NfZLRk2bahC99eJp2OALHopefxPxws_,99_LIXEIRA_DUPLICADOS,VETOS_TODOS (1).shx,application/octet-stream,shx,268,2026-03-08T23:17:34.310Z,2016-03-22T17:39:34Z,GEO,GEO_SHP,DESCONHECIDO,NAO,
1soInD5kH7jigvHkp5-c7kUAHDnw0kguY,99_LIXEIRA_DUPLICADOS,PCA_CANT (1).shp,application/octet-stream,shp,9439044,2026-03-08T23:17:33.051Z,2016-03-18T19:48:24Z,GEO,GEO_SHP,DESCONHECIDO,NAO,
1I-s6kYfycg1aCcexxK6Se1_2uelL1Fw5,99_LIXEIRA_DUPLICADOS,ZMIS_u (1).shp,application/octet-stream,shp,732900,2026-03-08T23:17:28.314Z,2016-03-18T19:48:26Z,GEO,GEO_SHP,DESCONHECIDO,NAO,
1ELrrO_0d_zkLjZYUS0VobWBl7SFwah6f,99_LIXEIRA_DUPLICADOS,ZOE.shx,application/octet-stream,shx,1748,2026-03-08T23:17:27.248Z,2016-03-18T19:48:28Z,GEO,GEO_SHP,DESCONHECIDO,NAO,
1wUrKB0zl8n1oXqNgNifjnGZDmqka7iMV,99_LIXEIRA_DUPLICADOS,ZEIS_4.shx,application/octet-stream,shx,668,2026-03-08T23:17:22.599Z,2016-03-18T19:48:26Z,GEO,GEO_SHP,DESCONHECIDO,NAO,
1ot5EKRC3NvtpXP3NwtHcfI8f8qSAbA91,99_LIXEIRA_DUPLICADOS,ZEM (1).shp,application/octet-stream,shp,363276,2026-03-08T23:17:20.374Z,2016-03-18T19:48:26Z,GEO,GEO_SHP,DESCONHECIDO,NAO,
16E6IU6qX2O57QycY5zhsiawmC0jFXSw7,99_LIXEIRA_DUPLICADOS,ZEM (1).dbf,application/octet-stream,dbf,9736,2026-03-08T23:17:19.973Z,2016-03-18T19:48:26Z,GEO,GEO_SHP,DESCONHECIDO,NAO,
1jpN-t_Bw2fMihkdAKAriozD5Ekv2gzcg,99_LIXEIRA_DUPLICADOS,ZMIS_a.shp,application/octet-stream,shp,742548,2026-03-08T22:57:46.928Z,2016-03-18T19:48:26Z,GEO,GEO_SHP,DESCONHECIDO,NAO,
1-sM-t10-KwOCux5Xtvq6XG4smR5O4aDh,99_LIXEIRA_DUPLICADOS,ZMIS_a (1).dbf,application/octet-stream,dbf,6376,2026-03-08T22:57:46.227Z,2016-03-18T19:48:26Z,GEO,GEO_SHP,DESCONHECIDO,NAO,
1ITMr0BlpZSXlV0St8uPh_pIb4KTghiwm,99_LIXEIRA_DUPLICADOS,AC_2 (1).shx,application/octet-stream,shx,276,2026-03-08T22:57:39.801Z,2016-03-18T19:48:24Z,GEO,GEO_SHP,DESCONHECIDO,NAO,
