1Uvucnjy7XWihQTbZYO6miatbB2YtISPo,01A_BRONZE_OFICIAL,Cópia de 008 - QUADRO_3C_FINAL.csv,text/csv,csv,1599,2026-03-08T23:27:52.783Z,2026-03-08T22:32:51Z,OUTRO,TABELA_DADO,DESCONHECIDO,NAO,
1rkcbC9xxnt_hLzUHWc69mRxOSfoZ-3iV,01A_BRONZE_OFICIAL,Cópia de ORACULO_GEOGRAFICO_DEFINITIVO_V3.md,text/markdown,md,27249,2026-03-08T23:25:34.921Z,2026-03-08T22:32:55Z,OUTRO,CODEX_DOC,NOSSO,NAO,
12CI25jr0Gd1lISIUNcaxeVmAUgv2yK3D,01A_BRONZE_OFICIAL,Cópia de 007 - QUADRO_3B_FINAL.csv,text/csv,csv,3733,2026-03-08T23:24:41.886Z,2026-03-08T22:32:51Z,OUTRO,TABELA_DADO,DESCONHECIDO,NAO,
1J-1NGM0oBJRw4eFlsXhia63osedRpR-e,01A_BRONZE_OFICIAL,Cópia de CONHECIMENTO_MESTRE_IA_V3.1_INABALAVEL.md,text/markdown,md,1864,2026-03-08T23:23:17.775Z,2026-03-08T22:32:51Z,OUTRO,CODEX_DOC,DESCONHECIDO,NAO,
1TnFPHlJyox4ZOSNleoXQf43nFc5HMFwJ,01A_BRONZE_OFICIAL,LEI Nº 18.081 DE 19 DE JANEIRO DE 2024 « Catálogo de Legislação Municipal_02ef41.pdf,application/pdf,pdf,675351,2026-03-08T23:25:28.941Z,2026-03-08T21:55:09Z,JURIDICO,LEI,OFICIAL,NAO,
1AMWqidmup9vI796J0N9OaP1z_2KNo9KX,01A_BRONZE_OFICIAL,Cópia de log_extracao_textual_silver_20260307_233509.json,application/json,json,162,2026-03-08T23:22:03.622Z,2026-03-08T22:32:51Z,GOVERNANCA,OUTRO,DESCONHECIDO,NAO,
1tDH66Ng_MX0N-PkSacIZVjsWJc_FFgVP,01A_BRONZE_OFICIAL,Cópia de SIRGAS_SHP_LOTES_37_ITAQUERA.shx,application/octet-stream,shx,230276,2026-03-08T22:57:44.418Z,2026-03-08T22:43:53Z,GEO,GEO_SHP,OFICIAL,NAO,
1R16WApOD9gWyDRA5kzn3E_UzFUBZQRw_,01A_BRONZE_OFICIAL,Cópia de SIRGAS_SHP_LOTES_78_SE.shx,application/octet-stream,shx,21780,2026-03-08T22:57:08.171Z,2026-03-08T22:43:53Z,GEO,GEO_SHP,OFICIAL,NAO,
1B2_FLcxw3iETIuROuyfwbzl6E_qO4_Bg,01A_BRONZE_OFICIAL,Cópia de ZEPEC_AUE_INDIC.shx,application/octet-stream,shx,164,2026-03-08T22:56:55.917Z,2026-03-08T22:43:53Z,GEO,GEO_SHP,DESCONHECIDO,NAO,
1QzRX4HAtFh3d4tpSoKUKz0NeGrI7JsU_,01A_BRONZE_OFICIAL,Cópia de Enquadramento de Atividade CNAE - Secretaria Municipal de Urbanismo e Licenciamento - Prefeitura.csv,text/csv,csv,2450,2026-03-08T22:57:08.770Z,2026-03-08T22:31:29Z,OUTRO,TABELA_DADO,OFICIAL,NAO,
1wYLzQUliz9KAwDUDlAQMtEGi9vO6N9Sa,01A_BRONZE_OFICIAL,Cópia de Certidão de Uso e Ocupação do Solo - Secretaria Municipal de Urbanismo e Licenciamento - Prefeitura.csv,text/csv,csv,3070,2026-03-08T22:57:01.524Z,2026-03-08T22:31:29Z,OUTRO,TABELA_DADO,OFICIAL,NAO,
1rfkImY-64MI3sBZBwd_vk_5sNNDsntFo,01A_BRONZE_OFICIAL,Cópia de ZCOR_2.shx,application/octet-stream,shx,5340,2026-03-08T22:55:54.107Z,2026-03-08T22:43:53Z,GEO,GEO_SHP,DESCONHECIDO,NAO,
1W6PHgLHm7kRz8jrXQDb9pKKJ-qrrD6bL,01A_BRONZE_OFICIAL,Cópia de SIRGAS_SHP_LOTES_77_SAUDE.shx,application/octet-stream,shx,186564,2026-03-08T22:55:33.526Z,2026-03-08T22:43:53Z,GEO,GEO_SHP,OFICIAL,NAO,
1PLk41ALaSuFVicwxyAG5siYr1Erq06mC,01A_BRONZE_OFICIAL,Cópia de ZPDS_u.shp,application/octet-stream,shp,925144,2026-03-08T22:54:11.269Z,2026-03-08T22:43:48Z,GEO,GEO_SHP,DESCONHECIDO,NAO,
1Zlzg3YH88IJkM5xXv67wNoNUcnUbxNK4,01A_BRONZE_OFICIAL,Cópia de SIRGAS_SHP_LOTES_59_PENHA.dbf,application/octet-stream,dbf,439411,2026-03-08T22:54:10.626Z,2026-03-08T22:43:53Z,GEO,GEO_SHP,OFICIAL,NAO,
1I_Uo9xElKDcSF81XzqmU1PUyqdu2Z9J6,01A_BRONZE_OFICIAL,Cópia de SIRGAS_SHP_LOTES_58_PEDREIRA.dbf,application/octet-stream,dbf,229531,2026-03-08T22:54:09.334Z,2026-03-08T22:43:53Z,GEO,GEO_SHP,OFICIAL,NAO,
1fv5yOSc03YllvjpucRW3bC-sYGt8m-Xo,01A_BRONZE_OFICIAL,Cópia de SIRGAS_SHP_LOTES_75_SAO_RAFAEL.shx,application/octet-stream,shx,121140,2026-03-08T22:54:08.822Z,2026-03-08T22:43:53Z,GEO,GEO_SHP,OFICIAL,NAO,
1qFIYxwqqB7pThc_H57dgmzd_jAgdoFvi,01A_BRONZE_OFICIAL,Cópia de ZER_a.shp,application/octet-stream,shp,517264,2026-03-08T22:54:07.657Z,2026-03-08T22:43:52Z,GEO,GEO_SHP,DESCONHECIDO,NAO,
1z359CI1GHKZvV89CarOtAtUUWjW4FJhq,01A_BRONZE_OFICIAL,Cópia de ZEUP_a.dbf,application/octet-stream,dbf,5179,2026-03-08T22:54:04.511Z,2026-03-08T22:43:52Z,GEO,GEO_SHP,DESCONHECIDO,NAO,
11FajVn2RM_bBrSqGVhvsL1I7aWIrNq7F,01A_BRONZE_OFICIAL,Cópia de SIRGAS_SHP_subvencao_economica.dbf,application/octet-stream,dbf,90195,2026-03-08T22:54:03.792Z,2026-03-08T22:43:53Z,GEO,GEO_SHP,OFICIAL,NAO,
1FJ2sIv_7YcHlbhO2s0bDDWSdlv2maqDw,01A_BRONZE_OFICIAL,Cópia de SIRGAS_SHP_LOTES_34_IPIRANGA.dbf,application/octet-stream,dbf,307876,2026-03-08T22:54:03.177Z,2026-03-08T22:43:53Z,GEO,GEO_SHP,OFICIAL,NAO,
19Lp8U1rBMJTay_1XOMrZFfD98akrWQMl,01A_BRONZE_OFICIAL,Cópia de ZMIS_a.dbf,application/octet-stream,dbf,6376,2026-03-08T22:54:02.371Z,2026-03-08T22:43:52Z,GEO,GEO_SHP,DESCONHECIDO,NAO,
1f3ov-bnfHxlqp8S0LidhBTUsjLmyeNea,01A_BRONZE_OFICIAL,Cópia de SIRGAS_SHP_LOTES_60_PERDIZES.dbf,application/octet-stream,dbf,212101,2026-03-08T22:54:00.681Z,2026-03-08T22:43:53Z,GEO,GEO_SHP,OFICIAL,NAO,
15EDv4Czd2HzwH56upHPHDCftps6LvpX3,01A_BRONZE_OFICIAL,Cópia de SIRGAS_SHP_LOTES_76_SAPOPEMBA.shx,application/octet-stream,shx,331940,2026-03-08T22:53:59.498Z,2026-03-08T22:43:53Z,GEO,GEO_SHP,OFICIAL,NAO,
12HrkiWUSZOxStldaHtvJtKnIUX4xNCtj,01A_BRONZE_OFICIAL,Cópia de SIRGAS_SHP_requalifica_centro.dbf,application/octet-stream,dbf,4691,2026-03-08T22:53:58.215Z,2026-03-08T22:43:53Z,GEO,GEO_SHP,OFICIAL,NAO,
1u2ZyHFzH9wHWibhFg9XnAHaVtzBQRYKL,01A_BRONZE_OFICIAL,Cópia de ZMIS_u.shp,application/octet-stream,shp,732900,2026-03-08T22:53:57.646Z,2026-03-08T22:43:48Z,GEO,GEO_SHP,DESCONHECIDO,NAO,
18bJd7oV1GiPAr-Yt7cIRTKPj4YhZb2nU,01A_BRONZE_OFICIAL,Cópia de ZEPEC_APP-BIR.shp,application/octet-stream,shp,74568,2026-03-08T22:53:57.077Z,2026-03-08T22:43:53Z,GEO,GEO_SHP,DESCONHECIDO,NAO,
1yVHokWJqBDXPIEHuIsBEtSajfbITstHW,01A_BRONZE_OFICIAL,Cópia de SIRGAS_SHP_LOTES_57_PARQUE_DO_CARMO.shx,application/octet-stream,shx,89188,2026-03-08T22:53:56.351Z,2026-03-08T22:43:53Z,GEO,GEO_SHP,OFICIAL,NAO,
1EjU8nlfASZ8w45DDo6mdjrqN096_ME-a,01A_BRONZE_OFICIAL,Cópia de SIRGAS_SHP_LOTES_68_SACOMA.dbf,application/octet-stream,dbf,450481,2026-03-08T22:53:55.698Z,2026-03-08T22:43:53Z,GEO,GEO_SHP,OFICIAL,NAO,
1cFGAsudAThsClBQReXXhy_xcwd_SPU72,01A_BRONZE_OFICIAL,Cópia de SIRGAS_SHP_LOTES_53_MOOCA.shx,application/octet-stream,shx,115284,2026-03-08T22:53:53.867Z,2026-03-08T22:43:53Z,GEO,GEO_SHP,OFICIAL,NAO,
1kSDJ8CskdEVtF9RHhLnQPwUz7PgcBo_z,01A_BRONZE_OFICIAL,Cópia de SIRGAS_SHP_LOTES_59_PENHA.shx,application/octet-stream,shx,234332,2026-03-08T22:53:52.873Z,2026-03-08T22:43:53Z,GEO,GEO_SHP,OFICIAL,NAO,
15G1ZBEU24cRhUQwt5YLB4JI3rCR54477,01A_BRONZE_OFICIAL,Cópia de SIRGAS_SHP_LOTES_76_SAPOPEMBA.dbf,application/octet-stream,dbf,622426,2026-03-08T22:53:52.357Z,2026-03-08T22:43:53Z,GEO,GEO_SHP,OFICIAL,NAO,
1-bHHw97NIPqKKPXYfjIK9Gb-aZuuHiwH,01A_BRONZE_OFICIAL,Cópia de SIRGAS_SHP_LOTES_45_JARDIM_PAULISTA.dbf,application/octet-stream,dbf,124006,2026-03-08T22:53:51.630Z,2026-03-08T22:43:53Z,GEO,GEO_SHP,OFICIAL,NAO,
1GZE0sYLk71_d8Q_dkuHfpl7QzedMn_uY,01A_BRONZE_OFICIAL,Cópia de ZC.shx,application/octet-stream,shx,54100,2026-03-08T22:53:51.092Z,2026-03-08T22:43:53Z,GEO,GEO_SHP,DESCONHECIDO,NAO,
1kVN8Byh72U5HSNzmYDi1Aa4Gr4Zeb-b7,01A_BRONZE_OFICIAL,Cópia de ZMIS_a.shp,application/octet-stream,shp,742548,2026-03-08T22:53:48.324Z,2026-03-08T22:43:48Z,GEO,GEO_SHP,DESCONHECIDO,NAO,
1hqt70BjAftYXrDlgPvTvyYJk2n3le4ql,01A_BRONZE_OFICIAL,Cópia de ZEU_u.shx,application/octet-stream,shx,34572,2026-03-08T22:53:46.958Z,2026-03-08T22:43:52Z,GEO,GEO_SHP,DESCONHECIDO,NAO,
13t4N2Tgr9mY5_ubJ0g1Yq9IejvBF24NL,01A_BRONZE_OFICIAL,Cópia de SIRGAS_SHP_zeup_zemp.shp,application/octet-stream,shp,416724,2026-03-08T22:53:46.361Z,2026-03-08T22:43:53Z,GEO,GEO_SHP,OFICIAL,NAO,
1thyi3pB7mpz61gwiNsyfAtjYTkhIi9vh,01A_BRONZE_OFICIAL,Cópia de SIRGAS_SHP_LOTES_78_SE.dbf,application/octet-stream,dbf,40876,2026-03-08T22:53:45.751Z,2026-03-08T22:43:53Z,GEO,GEO_SHP,OFICIAL,NAO,
1zoMSL0_h2TA0G3k8mE_sSBWPPXyz_4S_,01A_BRONZE_OFICIAL,Cópia de SIRGAS_SHP_LOTES_89_VILA_MARIA.dbf,application/octet-stream,dbf,297961,2026-03-08T22:53:44.909Z,2026-03-08T22:43:53Z,GEO,GEO_SHP,OFICIAL,NAO,
1e3HVDwS7eIFCKWQmE4LZ8AJ0UUvvSZkG,01A_BRONZE_OFICIAL,Cópia de SIRGAS_SHP_LOTES_74_SAO_MIGUEL.shx,application/octet-stream,shx,147292,2026-03-08T22:53:43.978Z,2026-03-08T22:43:53Z,GEO,GEO_SHP,OFICIAL,NAO,
18sRBV1KFxbAlgRzGv97A6PL1OuBY6QuM,01A_BRONZE_OFICIAL,Cópia de SIRGAS_SHP_LOTES_70_SANTANA.shx,application/octet-stream,shx,178116,2026-03-08T22:53:42.705Z,2026-03-08T22:43:53Z,GEO,GEO_SHP,OFICIAL,NAO,
1nifE9TXc9yDPtsn2RP0T_2FA6Ja_qABM,01A_BRONZE_OFICIAL,Cópia de ZEU_a.dbf,application/octet-stream,dbf,12718,2026-03-08T22:53:42.043Z,2026-03-08T22:43:52Z,GEO,GEO_SHP,DESCONHECIDO,NAO,
19l221BTpgAaS8ZGrx_oDxA5B2jEe-weu,01A_BRONZE_OFICIAL,Cópia de SIRGAS_SHP_LOTES_64_PONTE_RASA.shx,application/octet-stream,shx,157532,2026-03-08T22:53:41.287Z,2026-03-08T22:43:53Z,GEO,GEO_SHP,OFICIAL,NAO,
1EJeLRr0dDvuMCy-9AibIAd72HkskbWVy,01A_BRONZE_OFICIAL,Cópia de SIRGAS_SHP_LOTES_80_TATUAPE.shx,application/octet-stream,shx,146012,2026-03-08T22:53:40.607Z,2026-03-08T22:43:53Z,GEO,GEO_SHP,OFICIAL,NAO,
1lT-iAqAAfsRy0UsgutHRAWSZGUkDVnq8,01A_BRONZE_OFICIAL,Cópia de ZER_2.dbf,application/octet-stream,dbf,1987,2026-03-08T22:53:39.836Z,2026-03-08T22:43:53Z,GEO,GEO_SHP,DESCONHECIDO,NAO,
1HZSsDRNO9NMv5a800tqgIK60rH0Ee1pv,01A_BRONZE_OFICIAL,Cópia de ZEPAM.shx,application/octet-stream,shx,5596,2026-03-08T22:53:36.761Z,2026-03-08T22:43:53Z,GEO,GEO_SHP,DESCONHECIDO,NAO,
1iedZ2pugBods0XZWboRQ47Tv67x5aJvp,01A_BRONZE_OFICIAL,Cópia de SIRGAS_SHP_LOTES_87_VILA_JACUI.dbf,application/octet-stream,dbf,254866,2026-03-08T22:53:36.005Z,2026-03-08T22:43:53Z,GEO,GEO_SHP,OFICIAL,NAO,
1rnHDeiME7dcUozXsx5Hk_aO4guZWRGNK,01A_BRONZE_OFICIAL,Cópia de SIRGAS_SHP_PLANO_DIRETOR_DRENAGEM.shx,application/octet-stream,shx,1260,2026-03-08T22:53:35.344Z,2026-03-08T22:43:53Z,GEO,GEO_SHP,OFICIAL,NAO,
1r6xAP9QHqdXNLoNVRbypC2835xKq633h,01A_BRONZE_OFICIAL,Cópia de ZEU_a.shp,application/octet-stream,shp,635276,2026-03-08T22:53:32.609Z,2026-03-08T22:43:52Z,GEO,GEO_SHP,DESCONHECIDO,NAO,
1IG0quFxQTgMEs5C6y2TF5mSXe0hJATOD,01A_BRONZE_OFICIAL,Cópia de ZOE.dbf,application/octet-stream,dbf,4423,2026-03-08T22:53:31.295Z,2026-03-08T22:43:48Z,GEO,GEO_SHP,DESCONHECIDO,NAO,
1Ibz_bh2WQzTB1Q40HqXSWdwTjyYgdlbT,01A_BRONZE_OFICIAL,Cópia de SIRGAS_SHP_LOTES_95_SAO_DOMINGOS.shx,application/octet-stream,shx,136020,2026-03-08T22:53:28.048Z,2026-03-08T22:43:53Z,GEO,GEO_SHP,OFICIAL,NAO,
1YP5x0_IYDKPNt1QyXGNhIm0RaQj9K3GK,01A_BRONZE_OFICIAL,Cópia de VETOS_TODOS.shx,application/octet-stream,shx,268,2026-03-08T22:53:27.129Z,2026-03-08T22:43:53Z,GEO,GEO_SHP,DESCONHECIDO,NAO,
1TKdbBCnwcKIZcALB_jXhEkMM44Gvij6n,01A_BRONZE_OFICIAL,Cópia de SIRGAS_SHP_LOTES_49_LIBERDADE.shx,application/octet-stream,shx,55356,2026-03-08T22:53:26.573Z,2026-03-08T22:43:53Z,GEO,GEO_SHP,OFICIAL,NAO,
17WQ_gjtH_6Xvyxn1pPG2M1f53c9FkPne,01A_BRONZE_OFICIAL,Cópia de Outorga Onerosa do Direito de Construir - Secretaria Municipal de Urbanismo e Licenciamento - Prefeitura.csv,text/csv,csv,3709,2026-03-08T22:54:14.920Z,2026-03-08T22:31:29Z,TDC,TABELA_DADO,OFICIAL,NAO,
1EtbrE8mAS2Hw2VZug8r0C0DCe0ae9Y3M,01A_BRONZE_OFICIAL,Cópia de SIRGAS_SHP_LOTES_75_SAO_RAFAEL.dbf,application/octet-stream,dbf,227176,2026-03-08T22:53:25.171Z,2026-03-08T22:43:53Z,GEO,GEO_SHP,OFICIAL,NAO,
1lWnVqA-Jr2CErc2c-CSaBZw45g9_RYw2,01A_BRONZE_OFICIAL,Cópia de SIRGAS_SHP_LOTES_56_PARI.dbf,application/octet-stream,dbf,76081,2026-03-08T22:53:23.565Z,2026-03-08T22:43:53Z,GEO,GEO_SHP,OFICIAL,NAO,
1FRY3R_ZHZK8rWfpEnWT8eee_frr1dW6v,01A_BRONZE_OFICIAL,Cópia de SIRGAS_SHP_LOTES_95_SAO_DOMINGOS.dbf,application/octet-stream,dbf,255076,2026-03-08T22:53:22.257Z,2026-03-08T22:43:53Z,GEO,GEO_SHP,OFICIAL,NAO,
1Urz2C4WQxe0SNohWS17AqpbpUK0Fhvz9,01A_BRONZE_OFICIAL,Cópia de ZC_a.shx,application/octet-stream,shx,4172,2026-03-08T22:53:21.658Z,2026-03-08T22:43:53Z,GEO,GEO_SHP,DESCONHECIDO,NAO,
10ZGU1xOuJ63a6ulObt0EQHQtRZO-Yby7,01A_BRONZE_OFICIAL,Cópia de SIRGAS_SHP_LOTES_38_JABAQUARA.dbf,application/octet-stream,dbf,512431,2026-03-08T22:53:20.123Z,2026-03-08T22:43:53Z,GEO,GEO_SHP,OFICIAL,NAO,
1AvNnIPEXfL2guq7gu5-KTw897l6zZnW9,01A_BRONZE_OFICIAL,Cópia de ZOE.shp,application/octet-stream,shp,481012,2026-03-08T22:53:16.611Z,2026-03-08T22:43:48Z,GEO,GEO_SHP,DESCONHECIDO,NAO,
1Z3PdNcGiHCuPXi2yy3IcPGb__KFJKtok,01A_BRONZE_OFICIAL,Cópia de SIRGAS_SHP_LOTES_83_VILA_ANDRADE.dbf,application/octet-stream,dbf,107461,2026-03-08T22:53:14.912Z,2026-03-08T22:43:53Z,GEO,GEO_SHP,OFICIAL,NAO,
1riIsB76NPqynCvP7aCBfHdx9mF-QhcEX,01A_BRONZE_OFICIAL,Cópia de SIRGAS_SHP_subvencao_economica.shx,application/octet-stream,shx,348,2026-03-08T22:53:14.162Z,2026-03-08T22:43:53Z,GEO,GEO_SHP,OFICIAL,NAO,
1NTpUXqLO4RiZEgbpO6kAYwSo52nGKu1Q,01A_BRONZE_OFICIAL,Cópia de SIRGAS_SHP_LOTES_62_PINHEIROS.dbf,application/octet-stream,dbf,196786,2026-03-08T22:53:13.066Z,2026-03-08T22:43:53Z,GEO,GEO_SHP,OFICIAL,NAO,
1oWKZR-y27H9uC2ROSOJZW0nk3Plv_9tg,01A_BRONZE_OFICIAL,Cópia de Projeto de Intervenção Urbana apresentado por particular - Secretaria Municipal de Urbanismo e Licenciamento - Prefeitura.csv,text/csv,csv,2664,2026-03-08T22:51:32.931Z,2026-03-08T22:31:34Z,OUTRO,TABELA_DADO,OFICIAL,NAO,
1D2qNDrLpbAN1ks0pv64MhLDYRhvEKvfb,01A_BRONZE_OFICIAL,Cópia de 007 - QUADRO_3B_FINAL (1).csv,text/csv,csv,3733,2026-03-08T22:50:18.438Z,2026-03-08T22:33:49Z,OUTRO,TABELA_DADO,DESCONHECIDO,NAO,
1wruCjUIaUhR98zyQNUKbiApbxigHhqtn,01A_BRONZE_OFICIAL,Cópia de Pedido de Reconhecimento de Complexo de Saúde por Particular - Secretaria Municipal de Urbanismo e Licenciamento - Prefeitura.csv,text/csv,csv,2567,2026-03-08T22:50:16.218Z,2026-03-08T22:31:34Z,OUTRO,CODEX_DOC,OFICIAL,NAO,
1mfzfI2AvgXd13PVCb8e7BbJhpRaqrr7V,01A_BRONZE_OFICIAL,Cópia de DEEP_SCAN_SILVER_MOTOR1.csv,text/csv,csv,33478,2026-03-08T22:49:52.171Z,2026-03-08T22:32:51Z,OUTRO,TABELA_DADO,DESCONHECIDO,NAO,
1r0AJ-4HuxiIZLy_GXdcbjdJdtlSAqT8n,01A_BRONZE_OFICIAL,Cópia de 001_-_QUADRO_1_FINAL.csv,text/csv,csv,14870,2026-03-08T22:48:36.978Z,2026-03-08T22:32:51Z,OUTRO,TABELA_DADO,DESCONHECIDO,NAO,
12oOIIujK1FpMdnCC26YBxhbppun62kGe,01A_BRONZE_OFICIAL,Cópia de 008 - QUADRO_3C_FINAL (1).csv,text/csv,csv,1599,2026-03-08T22:47:53.950Z,2026-03-08T22:33:49Z,OUTRO,TABELA_DADO,DESCONHECIDO,NAO,
1EQOUzl9kkNjWqomyyacwirktQ_MToVGW,01A_BRONZE_OFICIAL,Cópia de ORACULO_GEOGRAFICO_DEFINITIVO_V3 (1).md,text/markdown,md,27249,2026-03-08T22:47:50.551Z,2026-03-08T22:33:53Z,OUTRO,CODEX_DOC,NOSSO,NAO,
1p2d88UsjBJ6Nm28FKp8-9E9uOLgyLAkY,01A_BRONZE_OFICIAL,Cópia de CONHECIMENTO_MESTRE_IA_V3 (1).1_INABALAVEL.md,text/markdown,md,1864,2026-03-08T22:47:36.411Z,2026-03-08T22:33:49Z,OUTRO,CODEX_DOC,DESCONHECIDO,NAO,
1i-BJvIbHe7Yj6CN3n3Ul9_jz8FaQjHds,01A_BRONZE_OFICIAL,Cópia de 005 - QUADRO_3_FINAL (1).csv,text/csv,csv,3147,2026-03-08T22:47:21.777Z,2026-03-08T22:33:49Z,OUTRO,TABELA_DADO,DESCONHECIDO,NAO,
1rxEpeBxPGIqoqo36sjXbhfSt_UN5ZA44,01A_BRONZE_OFICIAL,Cópia de PDE2013_SUBST2_Quadro_10_Equipamentos.csv,text/csv,csv,40321,2026-03-08T22:47:17.897Z,2026-03-08T22:31:34Z,OUTRO,TABELA_DADO,DESCONHECIDO,NAO,
1SJu6NKyZF_TckFVSncdNiL-LO9YWxcUh,01A_BRONZE_OFICIAL,Cópia de RESOLUÇÃO SECRETARIA MUNICIPAL DE URBANISMO E LICENCIAMENTO - SMUL_CTLU Nº 4 DE 4 DE ABRIL DE 2024 « Catálogo de Legislação Municipal.csv,text/csv,csv,30,2026-03-08T22:46:53.468Z,2026-03-08T22:31:34Z,GOVERNANCA,TABELA_DADO,DESCONHECIDO,NAO,
1Kf1mzgQXAFwtwXcubKc-JWYi3zjRujWX,01A_BRONZE_OFICIAL,Cópia de Auditoria TDC São Paulo_ Memorial de Fundamentação Estratégica.csv,text/csv,csv,1092,2026-03-08T22:45:33.478Z,2026-03-08T22:31:29Z,TDC,AUDITORIA,NOSSO,NAO,
10zqiRSQ6GzeklI19huNVG4l1aHm7E0s6,01A_BRONZE_OFICIAL,Cópia de ESTRUTURA_SILVER_IA.md,text/markdown,md,1950,2026-03-08T22:45:17.692Z,2026-03-08T22:32:51Z,OUTRO,OUTRO,DESCONHECIDO,NAO,
1p55amHpO-cxkOeNNWb4Z4NHHUTZ5vWl-,01A_BRONZE_OFICIAL,Cópia de SIRGAS_SHP_areaenvoltoriaiphan2.csv,text/csv,csv,786,2026-03-08T22:44:59.226Z,2026-03-08T22:31:35Z,GEO,TABELA_DADO,OFICIAL,NAO,
11NdGimv0kwh8fkmoGEH0iZbKXxR--pkW,01A_BRONZE_OFICIAL,Cópia de 010 - QUADRO_4A_FINAL (1).csv,text/csv,csv,5355,2026-03-08T22:44:38.429Z,2026-03-08T22:33:49Z,OUTRO,TABELA_DADO,DESCONHECIDO,NAO,
1mZGcHwrmFb2-C9nCIdbcUhCcob7cdy2f,01A_BRONZE_OFICIAL,Cópia de RELATORIO_DUPLICADOS_FORENSE (1).md,text/markdown,md,844022,2026-03-08T22:44:29.275Z,2026-03-08T22:33:53Z,GOVERNANCA,OUTRO,DESCONHECIDO,NAO,
1tEGe4L9ow8W2H9L5gwGu_-W3hgOLA9Jy,01A_BRONZE_OFICIAL,Cópia de RELATORIO_DUPLICADOS_FORENSE.md,text/markdown,md,844022,2026-03-08T22:43:37.304Z,2026-03-08T22:32:55Z,GOVERNANCA,OUTRO,DESCONHECIDO,NAO,
1B_p1_ENYT9x5lEFKKthGBlVwQLBTZ6Fp,01A_BRONZE_OFICIAL,Cópia de PDE2013_SUBST2_Quadro_8_Residuos_solidos.csv,text/csv,csv,1934,2026-03-08T22:42:11.172Z,2026-03-08T22:31:34Z,OUTRO,TABELA_DADO,DESCONHECIDO,NAO,
1r6BkWSX_ju2k50hkK1KekJid4EYGoNWj,01A_BRONZE_OFICIAL,Cópia de MANUAL DE PADRONIZAÇÃO TÉCNICA - RAG PIPELINE.pdf,application/pdf,pdf,39538,2026-03-08T22:41:36.385Z,2026-03-08T22:32:55Z,OUTRO,CODEX_DOC,DESCONHECIDO,NAO,
1--q96FP1TUf0js6CylqigjxRVBMUGqSg,01A_BRONZE_OFICIAL,Cópia de MANUAL DE PADRONIZAÇÃO TÉCNICA - RAG PIPELINE (1).pdf,application/pdf,pdf,39538,2026-03-08T22:40:59.262Z,2026-03-08T22:33:53Z,OUTRO,CODEX_DOC,DESCONHECIDO,NAO,
1XZkIUzeLe1jcVYC_J7eESGdTc9JHqLjT,01A_BRONZE_OFICIAL,Cópia de RELATORIO_INTEGRIDADE_MAPAS_FINAL.md,text/markdown,md,52983,2026-03-08T22:41:02.668Z,2026-03-08T22:32:55Z,GEO,OUTRO,DESCONHECIDO,NAO,
1mvTFHFQ5dh9jSzcOhQeqhcamN-NQI6j_,01A_BRONZE_OFICIAL,Cópia de ESTRUTURA_SILVER_IA (1).md,text/markdown,md,1950,2026-03-08T22:39:44.039Z,2026-03-08T22:33:49Z,OUTRO,OUTRO,DESCONHECIDO,NAO,
1iDjArAw6IrZoShAWc882A3p0qxDjZs4r,01A_BRONZE_OFICIAL,Cópia de 010 - QUADRO_4A_FINAL.csv,text/csv,csv,5355,2026-03-08T22:38:18.353Z,2026-03-08T22:32:51Z,OUTRO,TABELA_DADO,DESCONHECIDO,NAO,
1jh3QfKo9PyclWnyKM_6hQZOHrHdG33hZ,01A_BRONZE_OFICIAL,PORTARIA SECRETARIA MUNICIPAL DE LICENCIAMENTO - SEL Nº 1 DE 8 DE JANEIRO DE 2020 « Catálogo de Legislação Municipal.pdf,application/pdf,pdf,628934,2026-03-08T23:38:59.541Z,2026-03-08T07:18:54Z,JURIDICO,PORTARIA,OFICIAL,NAO,
1K3Q1vynKxpIrmZOsH0U32vhH3qwyaMe8,01A_BRONZE_OFICIAL,Cópia de SIRGAS_SHP_areaenvoltoriacondephaat2.csv,text/csv,csv,26612,2026-03-08T22:37:07.300Z,2026-03-08T22:31:34Z,GEO,TABELA_DADO,OFICIAL,NAO,
1CXGxHaPccEwFgOTV0qBbf5YfhVeN-k92,01A_BRONZE_OFICIAL,LEI Nº 17.577 DE 20 DE JULHO DE 2021 « Catálogo de Legislação Municipal.pdf,application/pdf,pdf,217541,2026-03-08T23:37:45.609Z,2026-03-08T07:18:54Z,JURIDICO,LEI,OFICIAL,NAO,
1WizZvQqBvxWLeXIEgtJgqCVyVk8C11t2,01A_BRONZE_OFICIAL,LEI Nº 17.202 DE 16 DE OUTUBRO DE 2019 « Catálogo de Legislação Municipal.pdf,application/pdf,pdf,218171,2026-03-08T23:37:33.936Z,2026-03-08T07:18:54Z,JURIDICO,LEI,OFICIAL,NAO,
1N9EReiTKJuV8cis2btfVTTPMKBjTQslq,01A_BRONZE_OFICIAL,Cópia de Ativação de Zonas de Estruturação (ZEUP e ZEMP) por Particular - Secretaria Municipal de Urbanismo e Licenciamento - Prefeitura.csv,text/csv,csv,1542,2026-03-08T22:36:23.661Z,2026-03-08T22:31:29Z,GEO,TABELA_DADO,OFICIAL,NAO,
1WdWKYwdo1r9UV4WnxkRsfH6wflqe4KlJ,01A_BRONZE_OFICIAL,Cópia de 005 - QUADRO_3_FINAL.csv,text/csv,csv,3147,2026-03-08T22:36:12.110Z,2026-03-08T22:32:51Z,OUTRO,TABELA_DADO,DESCONHECIDO,NAO,
1ZySMXfFyjU6RVY9j1KY-O7EExiIgHrq0,01A_BRONZE_OFICIAL,LEI Nº 16.642 DE 9 DE MAIO DE 2017 « Catálogo de Legislação Municipal_26f02f.pdf,application/pdf,pdf,458825,2026-03-08T22:37:40.538Z,2026-03-08T21:55:09Z,JURIDICO,LEI,OFICIAL,NAO,
1QF8gqktFfVrgZI0w1SwZU5NUU58b8Huk,01A_BRONZE_OFICIAL,09-25 - Registro como Patrimônio Cultural Imaterial da Festa do Divino Espírito Santo da Freguesia do Ó - Página.pdf,application/pdf,pdf,50738,2026-03-08T23:32:33.258Z,2026-03-08T07:18:53Z,OUTRO,PDF,DESCONHECIDO,NAO,
1GvjFsDmdAFgLO8Az40Dysx5-7graqT_c,01A_BRONZE_OFICIAL,Transferência do Direito de Construir - Secretaria Municipal de Urbanismo e Licenciamento - Prefeitura2.pdf,application/pdf,pdf,470944,2026-03-08T23:32:28.231Z,2026-03-08T07:18:55Z,OUTRO,PDF,OFICIAL,NAO,
1NsdZx1JabbhZR18Xlz_nuo_IKvFtLWby,01A_BRONZE_OFICIAL,Portal de Serviços e-SAJ2.pdf,application/pdf,pdf,109101,2026-03-08T23:31:30.537Z,2026-03-08T07:18:54Z,OUTRO,PDF,DESCONHECIDO,NAO,
1w8DyiiP_hpVcfd8K2Ogwm9R49Lruxrxa,01A_BRONZE_OFICIAL,LEI Nº 17.844 DE 14 DE SETEMBRO DE 2022 « Catálogo de Legislação Municipal.pdf,application/pdf,pdf,632288,2026-03-08T23:31:16.948Z,2026-03-08T07:18:54Z,JURIDICO,LEI,OFICIAL,NAO,
1o74GH9_MFoBu_AxgPnPACkwkaSPFU6XE,01A_BRONZE_OFICIAL,11-25 - Enquandramento como  ZEPEC-APC do Santa Marina Atlético Clube - Página.pdf,application/pdf,pdf,70367,2026-03-08T23:31:09.879Z,2026-03-08T07:18:53Z,TDC,PDF,DESCONHECIDO,NAO,
1RnqCQ_np94VrgQoWk5VyST-mc4s444Fn,01A_BRONZE_OFICIAL,RESOLUÇÃO SECRETARIA MUNICIPAL DE DESENVOLVIMENTO URBANO - SMDU_CTLU Nº 12 DE 17 DE DEZEMBRO DE 2020 « Catálogo de Legislação Municipal.pdf,application/pdf,pdf,79071,2026-03-08T23:30:49.938Z,2026-03-08T07:18:54Z,GOVERNANCA,PDF,DESCONHECIDO,NAO,
1gmEbDYYmJpT2eJzIN-uNRP9-aGwsXF7l,01A_BRONZE_OFICIAL,17-25 - Tombamento do Templo Espiritualista de Umbanda São Benedito - Página.pdf,application/pdf,pdf,193492,2026-03-08T23:30:33.200Z,2026-03-08T07:18:53Z,OUTRO,PDF,DESCONHECIDO,NAO,
1lBz_mSGPMWeJKqLSFT3FEDnrT1GnocO6,01A_BRONZE_OFICIAL,15-24 - Arquivamento dos Itens 33 e 34 da Res. 23-16 - Página.pdf,application/pdf,pdf,67970,2026-03-08T23:29:47.254Z,2026-03-08T07:18:53Z,OUTRO,PDF,DESCONHECIDO,NAO,
1X1LooTVxhta_DgnHLz1C7t369g_v2FoO,01A_BRONZE_OFICIAL,08-24 - APT Terreiro de Candomblé Abassá Oxum Oxóssi - Página.pdf,application/pdf,pdf,49425,2026-03-08T23:29:31.187Z,2026-03-08T07:18:53Z,OUTRO,PDF,DESCONHECIDO,NAO,
1P6ePzXMuiUqbADByVsS_8ncJfZv4YX5C,01A_BRONZE_OFICIAL,DECRETO Nº 59.671 DE 7 DE AGOSTO DE 2020 « Catálogo de Legislação Municipal.pdf,application/pdf,pdf,241344,2026-03-08T23:28:38.656Z,2026-03-08T07:18:54Z,JURIDICO,DECRETO,OFICIAL,NAO,
1uHF3V1VJ90T618_hSGerDH25rhg3S2Nw,01A_BRONZE_OFICIAL,DECRETO Nº 60.581 DE 27 DE SETEMBRO DE 2021 « Catálogo de Legislação Municipal.pdf,application/pdf,pdf,103619,2026-03-08T23:28:36.546Z,2026-03-08T07:18:54Z,JURIDICO,DECRETO,OFICIAL,NAO,
1voddrf0aWuq0KANTfYiivIMAOhZ7gfMC,01A_BRONZE_OFICIAL,DECRETO Nº 61.137 DE 10 DE MARÇO DE 2022 « Catálogo de Legislação Municipal.pdf,application/pdf,pdf,252219,2026-03-08T23:28:34.943Z,2026-03-08T07:18:54Z,JURIDICO,DECRETO,OFICIAL,NAO,
1HdEn3sBbLeMrDsFbzUdfxg8Y9z-Dwen7,01A_BRONZE_OFICIAL,Portal de Serviços e-SAJ5.pdf,application/pdf,pdf,109381,2026-03-08T23:27:47.391Z,2026-03-08T07:18:54Z,OUTRO,PDF,DESCONHECIDO,NAO,
1EgXHFEMjIEEt-y7uVBhOmxOaWcyH5eTM,01A_BRONZE_OFICIAL,LEI Nº 18.177 DE 25 DE JULHO DE 2024 « Catálogo de Legislação Municipal.pdf,application/pdf,pdf,189974,2026-03-08T23:27:16.137Z,2026-03-08T07:18:54Z,JURIDICO,LEI,OFICIAL,NAO,
1VWsE-4UtwPyKDAFulrbCHIKhxc6ebziC,01A_BRONZE_OFICIAL,08-25 - Complementação e detalhamento da Resolução 02-24 - Página.pdf,application/pdf,pdf,115672,2026-03-08T23:26:57.870Z,2026-03-08T07:18:53Z,OUTRO,PDF,DESCONHECIDO,NAO,
1L-wGbS-BpQlPCe3jEEPXBWjPAjd-poKR,01A_BRONZE_OFICIAL,Portal de Serviços e-SAJ6.pdf,application/pdf,pdf,119989,2026-03-08T23:26:50.890Z,2026-03-08T07:18:54Z,OUTRO,PDF,DESCONHECIDO,NAO,
1YGESbSBmOzClOnaAoyvpWVUzGS2--oDv,01A_BRONZE_OFICIAL,05-25 - Arquivamento dos IDs 02 a 04 e IDs 07 e 08 da Res. 11-23 - Página.pdf,application/pdf,pdf,106583,2026-03-08T23:26:43.464Z,2026-03-08T07:18:53Z,OUTRO,PDF,DESCONHECIDO,NAO,
1moA8DSNQEr3qvCAwA8eoUHSSX86gX41_,01A_BRONZE_OFICIAL,16-24 - Registro das práticas da Banda de Clarins e do Carrossel da Polícia Militar - Página.pdf,application/pdf,pdf,103438,2026-03-08T23:26:35.413Z,2026-03-08T07:18:53Z,OUTRO,PDF,DESCONHECIDO,NAO,
1dSrpGiNUA1AXwOEJHXn1Uo6jywQwXgeI,01A_BRONZE_OFICIAL,LEI Nº 17.104 DE 30 DE MAIO DE 2019 « Catálogo de Legislação Municipal.pdf,application/pdf,pdf,107761,2026-03-08T23:26:32.096Z,2026-03-08T07:18:54Z,JURIDICO,LEI,OFICIAL,NAO,
1pXMKxf4maQtoGPxVUEogXyJ_5r3ePpA9,01A_BRONZE_OFICIAL,DECRETO Nº 59.164 DE 27 DE DEZEMBRO DE 2019 « Catálogo de Legislação Municipal.pdf,application/pdf,pdf,330468,2026-03-08T23:26:32.040Z,2026-03-08T07:18:54Z,JURIDICO,DECRETO,OFICIAL,NAO,
1PFsCVez35FZDHJ4JetkfyS61kB25YEIQ,01A_BRONZE_OFICIAL,DECRETO Nº 58.176 DE 3 DE ABRIL DE 2018 « Catálogo de Legislação Municipal.pdf,application/pdf,pdf,85751,2026-03-08T23:26:02.270Z,2026-03-08T07:18:54Z,JURIDICO,DECRETO,OFICIAL,NAO,
10dO-bck6JR-PeTjPN9S6xj7uG7V8gEAE,01A_BRONZE_OFICIAL,01-25 - Arquivamento Parcial das Manchas I e J e ID 50 a 52 da Res.11-23 - Página.pdf,application/pdf,pdf,135992,2026-03-08T23:26:02.250Z,2026-03-08T07:18:53Z,OUTRO,PDF,DESCONHECIDO,NAO,
1tP_hNWOkTM9dMEe6UOo8KDIAEncwhhre,01A_BRONZE_OFICIAL,13-24 - APT do Terreiro de Candomblé Ilé Dara Asé Òsun Eyin - Página.pdf,application/pdf,pdf,90704,2026-03-08T23:25:55.017Z,2026-03-08T07:18:53Z,OUTRO,PDF,DESCONHECIDO,NAO,
1xiVk-Bdec_2GZtGruxVP8vW4SRZrCJ_R,01A_BRONZE_OFICIAL,DECRETO Nº 62.175 DE 24 DE FEVEREIRO DE 2023 « Catálogo de Legislação Municipal.pdf,application/pdf,pdf,96526,2026-03-08T23:25:49.211Z,2026-03-08T07:18:54Z,JURIDICO,DECRETO,OFICIAL,NAO,
18xUbtQtGvvVEEHkFmKfuEGKz9-QlLcX4,01A_BRONZE_OFICIAL,area_potencial_e_suspeita_de_contaminacao.ods,application/vnd.oasis.opendocument.spreadsheet,ods,420097,2026-03-08T23:37:46.242Z,2026-03-08T04:17:50Z,TDC,PLANILHA,DESCONHECIDO,NAO,
1HwtHyg3rGtrYtmYkEKus-WPjV2MSe6LL,01A_BRONZE_OFICIAL,RAZÕES DO VETO AO PROJETO DE LEI Nº 272_2015; OFÍCIO DE 22 DE MARÇO DE 2016 « Catálogo de Legislação Municipal.pdf,application/pdf,pdf,110997,2026-03-08T23:25:14.487Z,2026-03-08T07:18:54Z,JURIDICO,LEI,OFICIAL,NAO,
1ptRtMKioC9MlBIPyWDtM5Tjf-jd1y1nQ,01A_BRONZE_OFICIAL,LEI Nº 17.217 DE 23 DE OUTUBRO DE 2019 « Catálogo de Legislação Municipal.pdf,application/pdf,pdf,135450,2026-03-08T23:24:41.903Z,2026-03-08T07:18:54Z,JURIDICO,LEI,OFICIAL,NAO,
1tit_5rw_q8JsawPao-iAMAqKAsVVdvDt,01A_BRONZE_OFICIAL,14-24 - Arquivamento da Mancha N - Sílvio Sacramento e Arruda Alvim da Res.11-23 - Página.pdf,application/pdf,pdf,108053,2026-03-08T23:23:48.891Z,2026-03-08T07:18:53Z,OUTRO,PDF,DESCONHECIDO,NAO,
1mzhWsZzQO5Sg0I4FJxSvOifJPy1J3utB,01A_BRONZE_OFICIAL,PORTARIA SECRETARIA MUNICIPAL DE LICENCIAMENTO - SEL Nº 15 DE 2 DE MAIO DE 2016 « Catálogo de Legislação Municipal.pdf,application/pdf,pdf,111503,2026-03-08T23:23:34.204Z,2026-03-08T07:18:54Z,JURIDICO,PORTARIA,OFICIAL,NAO,
1MezjgYDv3a8XccQAX94aoKBPmt-xhYQ3,01A_BRONZE_OFICIAL,Análise de Omissões da Legislação - Secretaria Municipal de Urbanismo e Licenciamento - Prefeitura.pdf,application/pdf,pdf,453357,2026-03-08T23:23:24.967Z,2026-03-08T07:18:54Z,OUTRO,AUDITORIA,OFICIAL,NAO,
1cVnc9S_r9ebJbJH0ZGXWljt3Ar2ZBdRq,01A_BRONZE_OFICIAL,04-24 -  Tombamento da Escadaria da Rua Cristiano Viana - Página.pdf,application/pdf,pdf,76019,2026-03-08T23:23:21.761Z,2026-03-08T07:18:53Z,OUTRO,PDF,DESCONHECIDO,NAO,
1yHRfrKnxvyMpPLxxEmbqAFWDd4RtWi0X,01A_BRONZE_OFICIAL,DECRETO Nº 63.437 DE 23 DE MAIO DE 2024 « Catálogo de Legislação Municipal.pdf,application/pdf,pdf,120595,2026-03-08T23:23:04.499Z,2026-03-08T07:18:54Z,JURIDICO,DECRETO,OFICIAL,NAO,
14gKIIpc9nTSmnt-XCzFBJN5LxxgMKuPk,01A_BRONZE_OFICIAL,"06-24 - Tombamento Antigas Residencias Rua Bela Cintra,954 e Rua Itapeva, 700 - Página (1).pdf",application/pdf,pdf,82641,2026-03-08T23:22:41.915Z,2026-03-08T07:18:53Z,OUTRO,PDF,DESCONHECIDO,NAO,
1nYg8V1uIclOv-___Cwmk1y-errzDyKN2,01A_BRONZE_OFICIAL,RESOLUÇÃO SECRETARIA MUNICIPAL DE CULTURA - SMC_CONPRESP Nº 13 DE 13 DE NOVEMBRO DE 2023.pdf,application/pdf,pdf,75890,2026-03-08T23:22:18.907Z,2026-03-08T07:18:54Z,OUTRO,JURISPRUDENCIA,OFICIAL,NAO,
10baTpOEhx5KPzwTqCBK-30dsB9eDv2Q1,01A_BRONZE_OFICIAL,04-24 -  Tombamento da Escadaria da Rua Cristiano Viana - Anexos I e II - Página.pdf,application/pdf,pdf,66839,2026-03-08T23:22:18.150Z,2026-03-08T07:18:53Z,OUTRO,PDF,DESCONHECIDO,NAO,
14GwVAOK2oiKF1uRvkI4TGRNrszMSbrX-,01A_BRONZE_OFICIAL,08-25 - Complementação e detalhamento da Resolução 02-24 - QUADRO 1 (1).pdf,application/pdf,pdf,213122,2026-03-08T23:22:17.243Z,2026-03-08T07:18:53Z,OUTRO,PDF,DESCONHECIDO,NAO,
1WzWG9ARZWla35cV13ADRN5kbGMdzS8L6,01A_BRONZE_OFICIAL,DECRETO Nº 59.886 DE 4 DE NOVEMBRO DE 2020 « Catálogo de Legislação Municipal.pdf,application/pdf,pdf,173148,2026-03-08T23:22:03.672Z,2026-03-08T07:18:54Z,JURIDICO,DECRETO,OFICIAL,NAO,
1Fm96s2PNHX_7eVA5Id-dRVQUMOF_1yO5,01A_BRONZE_OFICIAL,02-21 - APT  Avenida Angélica 1900.pdf,application/pdf,pdf,251659,2026-03-08T23:21:36.602Z,2026-03-08T07:18:53Z,OUTRO,PDF,DESCONHECIDO,NAO,
17ZVXaKj4EZWZOyiJel7GFukj5XAW42Wd,01A_BRONZE_OFICIAL,17-25 - Tombamento do Templo Espiritualista de Umbanda São Benedito - Anexo Planta Esquemática - Página.pdf,application/pdf,pdf,305773,2026-03-08T23:21:23.585Z,2026-03-08T07:18:53Z,OUTRO,PDF,DESCONHECIDO,NAO,
1j4WY2cGgyf4YWREjl6rY-p8R6i1SjLbz,01A_BRONZE_OFICIAL,DECRETO Nº 58.707 DE 8 DE ABRIL DE 2019 « Catálogo de Legislação Municipal.pdf,application/pdf,pdf,83784,2026-03-08T23:21:09.750Z,2026-03-08T07:18:54Z,JURIDICO,DECRETO,OFICIAL,NAO,
14MLTz8KJHEQFEzFBeZIq6GBWEk9lahVy,01A_BRONZE_OFICIAL,RESOLUÇÃO SECRETARIA MUNICIPAL DE CULTURA - SMC_CONPRESP Nº 22 DE 13 DE DEZEMBRO DE 2002 « Catálogo de Legislação Municipal.pdf,application/pdf,pdf,394373,2026-03-08T23:20:45.726Z,2026-03-08T07:18:54Z,GOVERNANCA,JURISPRUDENCIA,OFICIAL,NAO,
1kMt7NeDDLjC1KM8q3a7xIogoluHweePk,01A_BRONZE_OFICIAL,DECRETO Nº 57.299 DE 8 DE SETEMBRO DE 2016 « Catálogo de Legislação Municipal.pdf,application/pdf,pdf,133298,2026-03-08T23:20:42.021Z,2026-03-08T07:18:54Z,JURIDICO,DECRETO,OFICIAL,NAO,
1i5cJHXsycgfFbXvnSfcO_bZhJO-7hl16,01A_BRONZE_OFICIAL,14-23 -APT Solar Fábio Prado.pdf,application/pdf,pdf,530449,2026-03-08T23:20:39.178Z,2026-03-08T07:18:53Z,OUTRO,PDF,DESCONHECIDO,NAO,
1Z-b_IiYZH5or4yOEh19cFnKZXucDh8Az,01A_BRONZE_OFICIAL,Portal de Serviços e-SAJ3.pdf,application/pdf,pdf,102035,2026-03-08T23:20:36.763Z,2026-03-08T07:18:54Z,OUTRO,PDF,DESCONHECIDO,NAO,
1fZ-jRlOSxoQpzK1jKhLbc4sNBm-yNhAA,01A_BRONZE_OFICIAL,dic_area_potencial_e_suspeita_de_contaminacao-arquivo.csv,text/csv,csv,352,2026-03-08T23:32:40.094Z,2026-03-08T04:16:53Z,TDC,TABELA_DADO,DESCONHECIDO,NAO,
1YY8ooARP0Cvx0yhB2V-pFsTRoODk9wi7,01A_BRONZE_OFICIAL,PORTARIA SECRETARIA MUNICIPAL DE COORDENAÇÃO DAS SUBPREFEITURAS - SMSP Nº 20 DE 3 DE MAIO DE 2016 « Catálogo de Legislação Municipal.pdf,application/pdf,pdf,73660,2026-03-08T23:20:19.331Z,2026-03-08T07:18:54Z,JURIDICO,PORTARIA,OFICIAL,NAO,
1h2wnBNOUg8qSA18ODb0S5XUMkegoQruh,01A_BRONZE_OFICIAL,DECRETO Nº 58.094 DE 21 DE FEVEREIRO DE 2018 « Catálogo de Legislação Municipal.pdf,application/pdf,pdf,170026,2026-03-08T23:19:28.289Z,2026-03-08T07:18:54Z,JURIDICO,DECRETO,OFICIAL,NAO,
1qCq1vmEHacyYp7m16QLB6nHPHiiQ1KZ6,01A_BRONZE_OFICIAL,RESOLUÇÃO SECRETARIA MUNICIPAL DE URBANISMO E LICENCIAMENTO - SMUL_CEUSO Nº 138 DE 14 DE JUNHO DE 2021 « Catálogo de Legislação Municipal.pdf,application/pdf,pdf,97421,2026-03-08T23:19:27.563Z,2026-03-08T07:18:55Z,GOVERNANCA,PDF,DESCONHECIDO,NAO,
1puQpGv0zV4q5kWpGMAzMGOR0ND9J4bcp,01A_BRONZE_OFICIAL,18-24 - Arquivamento da Mancha M e ID 27 a 41 da Res.11-23 - Página.pdf,application/pdf,pdf,118835,2026-03-08T23:19:25.953Z,2026-03-08T07:18:53Z,OUTRO,PDF,DESCONHECIDO,NAO,
1_R1AiX6AKlxY12e0ZQSJzxOLZUyBZPaL,01A_BRONZE_OFICIAL,19-24 - Arquivamento das Manchas A e B e ID 9 a 11 da Res.11-23 - Página.pdf,application/pdf,pdf,151056,2026-03-08T23:18:57.653Z,2026-03-08T07:18:54Z,OUTRO,PDF,DESCONHECIDO,NAO,
1KJHZWMM1-7a03RLFzpgxqiiLdevc5Pyv,01A_BRONZE_OFICIAL,Pedido de Reconhecimento de Complexo de Saúde por Particular - Secretaria Municipal de Urbanismo e Licenciamento - Prefeitura.pdf,application/pdf,pdf,453299,2026-03-08T23:18:06.017Z,2026-03-08T07:18:54Z,OUTRO,CODEX_DOC,OFICIAL,NAO,
1cH1pkqgiy0Uv4DILqJhEinNUWmiPEOGy,01A_BRONZE_OFICIAL,11-24 - Exclusão de imóveis 05 e 06 do anexo I da Res. 11-23 - Página (1).pdf,application/pdf,pdf,71270,2026-03-08T23:18:03.319Z,2026-03-08T07:18:53Z,OUTRO,PDF,DESCONHECIDO,NAO,
13PSvk6Lsnmu6YG-8wL5UvmObnI1lQjkR,01A_BRONZE_OFICIAL,Certidão de Uso e Ocupação do Solo - Secretaria Municipal de Urbanismo e Licenciamento - Prefeitura.pdf,application/pdf,pdf,478601,2026-03-08T23:17:55.357Z,2026-03-08T07:18:54Z,OUTRO,PDF,OFICIAL,NAO,
1eoTWm897ZvT5DezDoKYa_EDBGxxPXuHt,01A_BRONZE_OFICIAL,21-24 - Reorganização do Selo de Valor Cultural - Página.pdf,application/pdf,pdf,551627,2026-03-08T23:17:55.179Z,2026-03-08T07:18:54Z,OUTRO,PDF,DESCONHECIDO,NAO,
1UsNKXfqI5aJBo2_75wZ-KVYzLGOo5YAb,01A_BRONZE_OFICIAL,04-25 - Arquivamento das Manchas C e G e ID 13 a 17 e 21 a 26 da Res.11-23 - Página.pdf,application/pdf,pdf,116859,2026-03-08T23:17:54.368Z,2026-03-08T07:18:53Z,OUTRO,PDF,DESCONHECIDO,NAO,
1WhX7aNgyNWneXpC7xe03fUWGVrvId-s5,01A_BRONZE_OFICIAL,20-24 - Arquivamento Parcial da Mancha D e ID 18 a 20 da Res.11-23 - Página.pdf,application/pdf,pdf,207142,2026-03-08T23:17:51.748Z,2026-03-08T07:18:54Z,OUTRO,PDF,DESCONHECIDO,NAO,
1Uln2AYwlQ6z_DVrRk-_YJLqglFQSzy6b,01A_BRONZE_OFICIAL,Ativação de Zonas de Estruturação (ZEUP e ZEMP) por Particular - Secretaria Municipal de Urbanismo e Licenciamento - Prefeitura.pdf,application/pdf,pdf,446996,2026-03-08T23:17:51.424Z,2026-03-08T07:18:54Z,GEO,PDF,OFICIAL,NAO,
1h13NZYDu1hLa3Y_ETtCmxWwL4rmzR4KD,01A_BRONZE_OFICIAL,Portal de Serviços e-SAJ.pdf,application/pdf,pdf,109112,2026-03-08T23:17:49.591Z,2026-03-08T07:18:54Z,OUTRO,PDF,DESCONHECIDO,NAO,
1FyYQII9v4F-80jelDlbE7F8AHIp2r3JN,01A_BRONZE_OFICIAL,dicionario_geosampa_apas.xls,application/vnd.ms-excel,xls,47104,2026-03-08T23:27:40.141Z,2026-03-08T04:29:42Z,GEO,PLANILHA,OFICIAL,NAO,
153qlk8Z8NKsLp0oSDGmliwttNa8X48ur,01A_BRONZE_OFICIAL,metadados smul.pdf,application/pdf,pdf,99117,2026-03-08T23:25:57.801Z,2026-03-08T04:40:19Z,OUTRO,PDF,DESCONHECIDO,NAO,
1FWaffqzam4kUUx2tU4N3JzD9tqx4srrn,01A_BRONZE_OFICIAL,metadados_area_potencial_e_suspeita_de_contaminacao.ods,application/vnd.oasis.opendocument.spreadsheet,ods,6197,2026-03-08T23:27:23.870Z,2026-03-08T04:17:19Z,TDC,PLANILHA,DESCONHECIDO,NAO,
1XyFuTniKv79LsvIMyB33MC-zWAsamb82,01A_BRONZE_OFICIAL,dicionario_geosampa_apas_arquivo.csv,text/csv,csv,310,2026-03-08T23:25:57.262Z,2026-03-08T04:29:53Z,GEO,TABELA_DADO,OFICIAL,NAO,
1cDs64eXdDrRnHxKI5TpyovPo8NrVELkN,01A_BRONZE_OFICIAL,L6938.pdf,application/pdf,pdf,952736,2026-03-08T23:32:29.480Z,2026-03-08T02:28:58Z,OUTRO,PDF,DESCONHECIDO,NAO,
1eyWy-CEs-UV3xidQKRzHFDeqngRr-uXt,01A_BRONZE_OFICIAL,dicionario_geosampa_apas.ods,application/vnd.oasis.opendocument.spreadsheet,ods,5255,2026-03-08T23:24:02.370Z,2026-03-08T04:29:46Z,GEO,PLANILHA,OFICIAL,NAO,
1hPBAMqhEFKn6vXtruFKeuIMeNpiuPgp4,01A_BRONZE_OFICIAL,dic_area_potencial_e_suspeita_de_contaminacao.ods,application/vnd.oasis.opendocument.spreadsheet,ods,5243,2026-03-08T23:23:57.203Z,2026-03-08T04:16:47Z,TDC,PLANILHA,DESCONHECIDO,NAO,
1xol3Dqm2FVSQJbNUp3qEeXb1Ev-lTCqP,01A_BRONZE_OFICIAL,area_potencial_e_suspeita_de_contaminacao.xlsx,application/vnd.openxmlformats-officedocument.spreadsheetml.sheet,xlsx,699694,2026-03-08T23:23:43.320Z,2026-03-08T04:17:57Z,TDC,PLANILHA,DESCONHECIDO,NAO,
1YZtNM_QHANa7W5BFwAzX1CcqOUPpPDDB,01A_BRONZE_OFICIAL,L16642.pdf,application/pdf,pdf,305639,2026-03-08T23:30:05.103Z,2026-03-08T02:24:31Z,OUTRO,PDF,DESCONHECIDO,NAO,
1Q-LNPBd8trs7yE7ItKF-Yhnj859UVvNm,01A_BRONZE_OFICIAL,02-23 - APT Cemiterio de São Paulo.md,text/markdown,md,7278,2026-03-08T23:38:28.908Z,2026-03-07T23:33:09Z,OUTRO,OUTRO,DESCONHECIDO,NAO,
1WMzxsqmWLGAdsdnNJigkkpqG1B6GAAMR,01A_BRONZE_OFICIAL,OUAguaBranca31dez18_EstoqueGeralOutorga.md,text/markdown,md,1708,2026-03-08T23:38:17.181Z,2026-03-07T23:33:22Z,TDC,OUTRO,DESCONHECIDO,NAO,
1LQxaSWtp6BuXfmlxc_HekZ1e2axqOoRH,01A_BRONZE_OFICIAL,11-25 - Enquandramento como  ZEPEC-APC do Santa Marina Atlético Clube - Página.md,text/markdown,md,4858,2026-03-08T23:37:29.247Z,2026-03-07T23:33:11Z,TDC,OUTRO,DESCONHECIDO,NAO,
1-e_arZ8Ob-emHtvdOYoqUVxW6VGdKqCO,01A_BRONZE_OFICIAL,Re0716RegulamentacaoProcedimentosRegistroBensImateriaisPDF_1457716829.md,text/markdown,md,10231,2026-03-08T23:37:21.983Z,2026-03-07T23:33:28Z,OUTRO,OUTRO,DESCONHECIDO,NAO,
1M-_T4MznSlCzznDi0LlT5KIrl-oOj-nK,01A_BRONZE_OFICIAL,LEI Nº 17.104 DE 30 DE MAIO DE 2019 « Catálogo de Legislação Municipal.md,text/markdown,md,8051,2026-03-08T23:37:07.841Z,2026-03-07T23:33:21Z,JURIDICO,LEI,OFICIAL,NAO,
1j5PEcYTfE74ZAY3hXt0IrbezmBlBJyHo,01A_BRONZE_OFICIAL,re0120aptcomplexodroswaldoteixeiraduartecanindepdf_1580403993.md,text/markdown,md,2193,2026-03-08T23:36:45.612Z,2026-03-07T23:34:48Z,OUTRO,OUTRO,DESCONHECIDO,NAO,
10F2bpPpd05vdl5mUymqYM--OS_ekQh2Q,01A_BRONZE_OFICIAL,Portal de Serviços e-SAJ.md,text/markdown,md,3116,2026-03-08T23:36:43.150Z,2026-03-07T23:33:24Z,OUTRO,OUTRO,DESCONHECIDO,NAO,
1dqxhc0KSNQhRgUVq5D81d6ZLXIdxd9hh,01A_BRONZE_OFICIAL,17-25 - Tombamento do Templo Espiritualista de Umbanda São Benedito - Página.md,text/markdown,md,5214,2026-03-08T23:36:41.843Z,2026-03-07T23:33:12Z,OUTRO,OUTRO,DESCONHECIDO,NAO,
1ieZNVUaX5nl9npzn93qUk6RIGn2Nio4l,01A_BRONZE_OFICIAL,PLANTAS.md,text/markdown,md,865,2026-03-08T23:36:17.341Z,2026-03-07T23:34:41Z,OUTRO,OUTRO,DESCONHECIDO,NAO,
1lfegVTe5A9Za1MtBVNeCyaiVafuPjZVf,01A_BRONZE_OFICIAL,PDE_2014_BASE.md,text/markdown,md,6101,2026-03-08T23:36:03.884Z,2026-03-07T23:34:46Z,OUTRO,OUTRO,NOSSO,NAO,
1jw3lW4NqkStuh8s0Nrljn8anwHWPTADP,01A_BRONZE_OFICIAL,cartilha_doacao_area_parhis.md,text/markdown,md,19954,2026-03-08T23:36:03.861Z,2026-03-07T23:33:36Z,OUTRO,OUTRO,DESCONHECIDO,NAO,
1jwN7nlQVlda0fjSRZrl4ZUAmfgSZjGFJ,01A_BRONZE_OFICIAL,DECRETO Nº 61.218 DE 6 DE ABRIL DE 2022 « Catálogo de Legislação Municipal.md,text/markdown,md,3347,2026-03-08T23:35:58.536Z,2026-03-07T23:33:19Z,JURIDICO,DECRETO,OFICIAL,NAO,
1NmtTQGu6R0iD9RJBRiVH-8r2T05POC9K,01A_BRONZE_OFICIAL,15-24 - Arquivamento dos Itens 33 e 34 da Res. 23-16 - Página.md,text/markdown,md,2538,2026-03-08T23:35:58.553Z,2026-03-07T23:33:11Z,OUTRO,OUTRO,DESCONHECIDO,NAO,
1b_AcIFEMN0SQu6CoQR5t1wqIXRPqN1FJ,01A_BRONZE_OFICIAL,Lcp 227.pdf,application/pdf,pdf,976839,2026-03-08T23:19:57.178Z,2026-03-08T03:12:36Z,OUTRO,PDF,DESCONHECIDO,NAO,
1wftJG1LfFGyXFZcVVKTZA1CtQBLwceD9,01A_BRONZE_OFICIAL,Transferência do Direito de Construir - Secretaria Municipal de Urbanismo e Licenciamento - Prefeitura.md,text/markdown,md,5355,2026-03-08T23:34:16.910Z,2026-03-07T23:33:31Z,OUTRO,OUTRO,OFICIAL,NAO,
17Uz_dRQRDG6j4_d9Wvrg-lqwCe5UQqoF,01A_BRONZE_OFICIAL,DECRETO Nº 63.437 DE 23 DE MAIO DE 2024 « Catálogo de Legislação Municipal.md,text/markdown,md,6628,2026-03-08T23:33:55.263Z,2026-03-07T23:33:19Z,JURIDICO,DECRETO,OFICIAL,NAO,
1IN7D1CgdOP686EquVbK7EFiHKmuPPEcI,01A_BRONZE_OFICIAL,RESOLUÇÃO SECRETARIA MUNICIPAL DE LICENCIAMENTO - SEL_CEUSO Nº 139 DE 27 DE ABRIL DE 2020 « Catálogo de Legislação Municipal.md,text/markdown,md,5241,2026-03-08T23:33:54.498Z,2026-03-07T23:33:30Z,GOVERNANCA,OUTRO,DESCONHECIDO,NAO,
1IfKyFFBVAJHRx7D2tsvUIbX_i5xFpXpe,01A_BRONZE_OFICIAL,08-24 - APT Terreiro de Candomblé Abassá Oxum Oxóssi - Página.md,text/markdown,md,4232,2026-03-08T23:33:31.996Z,2026-03-07T23:33:10Z,OUTRO,OUTRO,DESCONHECIDO,NAO,
1lKHOf1oOKA8P3VFMIyn5Rg1gkqNP-S7D,01A_BRONZE_OFICIAL,Resolucao 01_22 CONPRESP.md,text/markdown,md,2555,2026-03-08T23:33:17.793Z,2026-03-07T23:33:27Z,OUTRO,OUTRO,OFICIAL,NAO,
1NbnLnGorqq7mMaJD1NjyG0sn2b8KSwFJ,01A_BRONZE_OFICIAL,re0219raepalacioindustriaspdf_1556292128.md,text/markdown,md,10142,2026-03-08T23:32:24.991Z,2026-03-07T23:34:43Z,OUTRO,OUTRO,DESCONHECIDO,NAO,
1JWj2XjsgciDYc0cIUmvoj06NdJhyI__J,01A_BRONZE_OFICIAL,DECRETO Nº 57.536 DE 15 DE DEZEMBRO DE 2016 « Catálogo de Legislação Municipal.md,text/markdown,md,29286,2026-03-08T23:32:09.731Z,2026-03-07T23:33:19Z,JURIDICO,DECRETO,OFICIAL,NAO,
1EAR6_3VIHvxqLl_A1XBhhE8dCLxzs3az,01A_BRONZE_OFICIAL,L12651.pdf,application/pdf,pdf,934224,2026-03-08T23:20:18.167Z,2026-03-08T02:28:34Z,OUTRO,PDF,DESCONHECIDO,NAO,
15z_qf7qbXsoLRec695bohO8d9ltNcOXd,01A_BRONZE_OFICIAL,16-25 - Complementação da Resolução nº 54-CONPRESP-2018 - Página.md,text/markdown,md,5234,2026-03-08T23:31:47.799Z,2026-03-07T23:33:12Z,OUTRO,OUTRO,OFICIAL,NAO,
155FImruZl_klXa70OwdwWVgccHG6JbIo,01A_BRONZE_OFICIAL,14-24 - Arquivamento da Mancha N - Sílvio Sacramento e Arruda Alvim da Res.11-23 - Página.md,text/markdown,md,9900,2026-03-08T23:31:06.748Z,2026-03-07T23:33:11Z,OUTRO,OUTRO,DESCONHECIDO,NAO,
1dnY979YajZpyBQYHai9CZ2vB4B8OznRd,01A_BRONZE_OFICIAL,Lei nº 11.428.pdf,application/pdf,pdf,206696,2026-03-08T23:19:07.086Z,2026-03-08T02:28:47Z,JURIDICO,LEI,OFICIAL,NAO,
15m8XS3NzgDnIuIZQ09V0ermagf3ck1T1,01A_BRONZE_OFICIAL,"04-22 - Alteração da redação Art 2º, da Res_ 34-18 - Página(1).md",text/markdown,md,10742,2026-03-08T23:30:05.087Z,2026-03-07T23:33:07Z,OUTRO,OUTRO,DESCONHECIDO,NAO,
1jjj8_IaPCtsywI4aPMUjnDU6KDmyFX7P,01A_BRONZE_OFICIAL,LEI Nº 16.642 DE 9 DE MAIO DE 2017 « Catálogo de Legislação Municipal.md,text/markdown,md,105456,2026-03-08T23:29:21.741Z,2026-03-07T23:33:26Z,JURIDICO,LEI,OFICIAL,NAO,
1bZKKunE8B4ypioqxcPVKpFTL8bD1fhTl,01A_BRONZE_OFICIAL,01-25 - Arquivamento Parcial das Manchas I e J e ID 50 a 52 da Res.11-23 - Página.md,text/markdown,md,17131,2026-03-08T23:29:11.644Z,2026-03-07T23:33:08Z,OUTRO,OUTRO,DESCONHECIDO,NAO,
1dZS23-fHCBC66ZeKNTss_eEsMKh1a3H_,01A_BRONZE_OFICIAL,DECRETO Nº 58.028 DE 11 DE DEZEMBRO DE 2017 « Catálogo de Legislação Municipal.md,text/markdown,md,10705,2026-03-08T23:28:31.277Z,2026-03-07T23:33:20Z,JURIDICO,DECRETO,OFICIAL,NAO,
1bvTBMyYcByfwVZ0Jf2XH6p_M7Jx3MEvT,01A_BRONZE_OFICIAL,RESOLUÇÃO SECRETARIA MUNICIPAL DE URBANISMO E LICENCIAMENTO - SMUL_CEUSO Nº 146 DE 27 DE JANEIRO DE 2022 « Catálogo de Legislação Municipal.pdf,application/pdf,pdf,81844,2026-03-08T22:57:39.346Z,2026-03-08T07:18:55Z,GOVERNANCA,PDF,DESCONHECIDO,NAO,
1Sg1tn5U6kArOIbJBu5Us0qa94VOBJJjZ,01A_BRONZE_OFICIAL,Certidão de Transferência de Potencial Construtivo - Secretaria Municipal de Urbanismo e Licenciamento - Prefeitura.md,text/markdown,md,11576,2026-03-08T23:28:06.326Z,2026-03-07T23:33:19Z,TDC,OUTRO,OFICIAL,NAO,
12IUxoeIaxJYn4DbxS1Q_1cacef-nq_ag,01A_BRONZE_OFICIAL,09-23 - Arquivamento da APT - Conjunto do Sindicato dos Metroviários de São Paulo.pdf,application/pdf,pdf,68347,2026-03-08T22:57:02.961Z,2026-03-08T07:18:53Z,OUTRO,PDF,DESCONHECIDO,NAO,
12VCwHTCKAkMlH2nyJMavCMkt2JMcxocg,01A_BRONZE_OFICIAL,RESOLUÇÃO SECRETARIA MUNICIPAL DE URBANISMO E LICENCIAMENTO - SMUL_CTLU Nº 1 DE 27 DE FEVEREIRO DE 2023 « Catálogo de Legislação Municipal.md,text/markdown,md,18877,2026-03-08T23:27:43.031Z,2026-03-07T23:33:30Z,GOVERNANCA,OUTRO,DESCONHECIDO,NAO,
1Hl0w-rHCI4Zx77KC27a1MU7h1zxcNHR1,01A_BRONZE_OFICIAL,Resolucao 04 CONSPRESP 2023.md,text/markdown,md,4178,2026-03-08T23:27:40.261Z,2026-03-07T23:33:27Z,OUTRO,JURISPRUDENCIA,DESCONHECIDO,NAO,
1TDPQ35YM8YUov_1z74UBVyktaL_8KzGG,01A_BRONZE_OFICIAL,DECRETO Nº 57.299 DE 8 DE SETEMBRO DE 2016 « Catálogo de Legislação Municipal.md,text/markdown,md,16864,2026-03-08T23:27:36.544Z,2026-03-07T23:33:18Z,JURIDICO,DECRETO,OFICIAL,NAO,
1UWYJVREoBFHeFF_7DIAbpQfxvHbck6WI,01A_BRONZE_OFICIAL,09-25 - Registro como Patrimônio Cultural Imaterial da Festa do Divino Espírito Santo da Freguesia do Ó - Página.md,text/markdown,md,2891,2026-03-08T23:27:31.182Z,2026-03-07T23:33:09Z,OUTRO,OUTRO,DESCONHECIDO,NAO,
1TKO4COT_45FRS15eGx54u4FZknCyG2x3,01A_BRONZE_OFICIAL,2014-07-31 - LEI 16050 - PLANO DIRETOR ESTRATÉGICO.pdf,application/pdf,pdf,927810,2026-03-08T22:56:39.593Z,2026-03-08T07:18:54Z,JURIDICO,LEI,OFICIAL,NAO,
1ktZD3GbZjVPhQMlN14ltsDkZvEsjNa14,01A_BRONZE_OFICIAL,DECRETO Nº 59.164 DE 27 DE DEZEMBRO DE 2019 « Catálogo de Legislação Municipal.md,text/markdown,md,69069,2026-03-08T23:27:23.096Z,2026-03-07T23:33:24Z,JURIDICO,DECRETO,OFICIAL,NAO,
15YcHPTzGZ_GSNDU6ZTIhNsTWmEAnqRee,01A_BRONZE_OFICIAL,12-24 - Arquivamento da APT de Residência na Rua General Isidoro Dias Lopes n° 36 - Vila Amália - Página.md,text/markdown,md,2686,2026-03-08T23:27:23.081Z,2026-03-07T23:33:11Z,OUTRO,OUTRO,DESCONHECIDO,NAO,
1DTZ4m3JNlHsnbRpmRr0VXfjerBJX6DAr,01A_BRONZE_OFICIAL,LEI Nº 17.104 DE 30 DE MAIO DE 2019 « Catálogo de Legislação Municipal (1).pdf,application/pdf,pdf,107761,2026-03-08T22:56:31.990Z,2026-03-08T07:18:54Z,JURIDICO,LEI,OFICIAL,NAO,
1xtjDJ8zCI69KKz6dWPknx-X9ne81zBtH,01A_BRONZE_OFICIAL,11-23 - APT Perímetro Cerqueira César - Anexo I - Página.pdf,application/pdf,pdf,90935,2026-03-08T22:56:28.109Z,2026-03-08T07:18:53Z,OUTRO,PDF,DESCONHECIDO,NAO,
1bvhewQrVl-e82-ridYWnj7TiAC2_yvas,01A_BRONZE_OFICIAL,DECRETO Nº 62.175 DE 24 DE FEVEREIRO DE 2023 « Catálogo de Legislação Municipal.md,text/markdown,md,3436,2026-03-08T23:27:07.831Z,2026-03-07T23:33:24Z,JURIDICO,DECRETO,OFICIAL,NAO,
1NVkB5C1QrUHl14xzzVImrQwtJUbQPh3C,01A_BRONZE_OFICIAL,LEI Nº 17.734 DE 11 DE JANEIRO DE 2022 « Catálogo de Legislação Municipal.md,text/markdown,md,85351,2026-03-08T23:26:59.507Z,2026-03-07T23:33:26Z,JURIDICO,LEI,OFICIAL,NAO,
1Xl4N2GjefgmSeHLavmQXldy6q06d-LTP,01A_BRONZE_OFICIAL,03-22 - Detalhamento da Resolução 22-2002 - para página.md,text/markdown,md,7692,2026-03-08T23:26:43.445Z,2026-03-07T23:33:09Z,OUTRO,OUTRO,DESCONHECIDO,NAO,
1elz9pCwi0H6rb0FfNjx3LT23s3UgOpdN,01A_BRONZE_OFICIAL,13-24 - APT do Terreiro de Candomblé Ilé Dara Asé Òsun Eyin - Página.md,text/markdown,md,4688,2026-03-08T23:26:34.637Z,2026-03-07T23:33:11Z,OUTRO,OUTRO,DESCONHECIDO,NAO,
1kCSOEIOYs0LwXL_Wj7AxOcvwFYXnHg2w,01A_BRONZE_OFICIAL,DECRETO Nº 61.137 DE 10 DE MARÇO DE 2022 « Catálogo de Legislação Municipal.md,text/markdown,md,52029,2026-03-08T23:26:07.656Z,2026-03-07T23:33:24Z,JURIDICO,DECRETO,OFICIAL,NAO,
1YU1eWCV10eqNE0FIGK1kjWh-Lmfykmj4,01A_BRONZE_OFICIAL,03-24 - Tombamento do Conjunto da Escadaria da Rua Alves Guimarães - Página.pdf,application/pdf,pdf,82169,2026-03-08T22:55:01.903Z,2026-03-08T07:18:53Z,OUTRO,PDF,DESCONHECIDO,NAO,
1TLHUc3nOpFQjaPcBbSboM0SaBPAMQRQ-,01A_BRONZE_OFICIAL,DECRETO Nº 57.443 DE 10 DE NOVEMBRO DE 2016 « Catálogo de Legislação Municipal.pdf,application/pdf,pdf,205469,2026-03-08T22:54:59.575Z,2026-03-08T07:18:54Z,JURIDICO,DECRETO,OFICIAL,NAO,
13rJ5kumWzfi-GcQax3rsLeL-6j3oVLiw,01A_BRONZE_OFICIAL,RESOLUÇÃO SECRETARIA MUNICIPAL DE URBANISMO E LICENCIAMENTO - SMUL_CEUSO Nº 138 DE 14 DE JUNHO DE 2021 « Catálogo de Legislação Municipal.md,text/markdown,md,4865,2026-03-08T23:25:38.816Z,2026-03-07T23:33:28Z,GOVERNANCA,OUTRO,DESCONHECIDO,NAO,
1Cn5CtnoUnyFkU9DARKfwTsdYbnHUD9Q5,01A_BRONZE_OFICIAL,RESOLUÇÃO SECRETARIA MUNICIPAL DE URBANISMO E LICENCIAMENTO - SMUL_CEUSO Nº 141 DE 8 DE FEVEREIRO DE 2021 « Catálogo de Legislação Municipal.pdf,application/pdf,pdf,110267,2026-03-08T22:54:48.400Z,2026-03-08T07:18:55Z,GOVERNANCA,PDF,DESCONHECIDO,NAO,
12R8cQdirZ-23oFpw5QMp9scI5Xon2LYQ,01A_BRONZE_OFICIAL,LEI Nº 18.222 DE 27 DE DEZEMBRO DE 2024 « Catálogo de Legislação Municipal.pdf,application/pdf,pdf,448283,2026-03-08T22:54:45.039Z,2026-03-08T07:18:54Z,JURIDICO,LEI,OFICIAL,NAO,
1NHw4SK2zeXJTeUaRLEPssaAl0jxgISs2,01A_BRONZE_OFICIAL,re0220tombamento3edificioslargoarouchepdf_1583176246.md,text/markdown,md,11419,2026-03-08T23:25:19.836Z,2026-03-07T23:34:43Z,OUTRO,OUTRO,DESCONHECIDO,NAO,
1zw4K2YC_bl3SeMwfEN54EoWKBR4bsu1j,01A_BRONZE_OFICIAL,PORTARIA SECRETARIA MUNICIPAL DE LICENCIAMENTO - SEL Nº 1 DE 8 DE JANEIRO DE 2020 « Catálogo de Legislação Municipal.md,text/markdown,md,195892,2026-03-08T23:25:24.624Z,2026-03-07T23:33:29Z,JURIDICO,PORTARIA,OFICIAL,NAO,
1FQwJBuz2fdbifAd35IHCLI6doH7Giotr,01A_BRONZE_OFICIAL,03-23 - RAE da Sede do Antigo Sitio Itaim - Página(1).md,text/markdown,md,6145,2026-03-08T23:25:19.926Z,2026-03-07T23:33:08Z,OUTRO,OUTRO,DESCONHECIDO,NAO,
1Z3jGq_BHT2EuG_sCm9SuTjLxSYY12ARv,01A_BRONZE_OFICIAL,04-24 -  Tombamento da Escadaria da Rua Cristiano Viana - Página (2).pdf,application/pdf,pdf,76019,2026-03-08T22:54:24.841Z,2026-03-08T07:18:53Z,OUTRO,PDF,DESCONHECIDO,NAO,
1U314C4QvnpwfwPseJh_RFxRI0NolWgQn,01A_BRONZE_OFICIAL,LEI Nº 18.209 DE 20 DE DEZEMBRO DE 2024 « Catálogo de Legislação Municipal.md,text/markdown,md,10207,2026-03-08T23:25:09.215Z,2026-03-07T23:33:21Z,JURIDICO,LEI,OFICIAL,NAO,
1kLnRxB5QY9tbavj3Y_Y2sziEkrp8Axru,01A_BRONZE_OFICIAL,LEI Nº 18.177 DE 25 DE JULHO DE 2024 « Catálogo de Legislação Municipal.md,text/markdown,md,24053,2026-03-08T23:25:06.171Z,2026-03-07T23:33:21Z,JURIDICO,LEI,OFICIAL,NAO,
1UOVfKvv5Si71GDKb4cV_l8tCnXW0Ilua,01A_BRONZE_OFICIAL,05-20 - Detalhamento do Tombamento do Estádio Conde Rodolfo Crespi - Juventus - item 13 da Res_ 06-16.md,text/markdown,md,7493,2026-03-08T23:24:57.251Z,2026-03-07T23:34:42Z,OUTRO,OUTRO,DESCONHECIDO,NAO,
1LRfajDWeyXUK8sL5luSkAWVmuI8T_bGi,01A_BRONZE_OFICIAL,05-22 - Tombamento das Luminárias Ornamentais da Light - Página.pdf,application/pdf,pdf,539261,2026-03-08T22:54:07.434Z,2026-03-08T07:18:53Z,OUTRO,PDF,DESCONHECIDO,NAO,
1tLmIJWsZqOpGDtzUrk9Usv4GDvxLx7Pm,01A_BRONZE_OFICIAL,16-24 - Registro das práticas da Banda de Clarins e do Carrossel da Polícia Militar - Página.md,text/markdown,md,2846,2026-03-08T23:24:57.268Z,2026-03-07T23:33:11Z,OUTRO,OUTRO,DESCONHECIDO,NAO,
18gmCfrM1jdh-skT7sUl4_IVZXeXM2JFd,01A_BRONZE_OFICIAL,RESOLUÇÃO SECRETARIA MUNICIPAL DE URBANISMO E LICENCIAMENTO - SMUL_CEUSO Nº 141 DE 8 DE FEVEREIRO DE 2021 « Catálogo de Legislação Municipal.md,text/markdown,md,10835,2026-03-08T23:24:48.724Z,2026-03-07T23:33:30Z,GOVERNANCA,OUTRO,DESCONHECIDO,NAO,
1II44JWTYRMF5cSfLQ8AZTVYRqIfP1BmS,01A_BRONZE_OFICIAL,Requerimento DEUSO(1).md,text/markdown,md,4632,2026-03-08T23:24:38.423Z,2026-03-07T23:33:29Z,OUTRO,OUTRO,DESCONHECIDO,NAO,
150dynkw5xetZvUkhDI0VTuZJdE01h4kt,01A_BRONZE_OFICIAL,re0419tombamentoantigosanatoriophilippepinelpdf_1555952993.md,text/markdown,md,9125,2026-03-08T23:24:16.716Z,2026-03-07T23:34:44Z,OUTRO,OUTRO,DESCONHECIDO,NAO,
1Czy-B9DCzSRNtS24KWsuyD4vJc3Y6MuY,01A_BRONZE_OFICIAL,02-25 - Tombamento Ex Officio do Edifício Santo André - Página (1).pdf,application/pdf,pdf,122398,2026-03-08T22:53:25.687Z,2026-03-08T07:18:53Z,OUTRO,PDF,DESCONHECIDO,NAO,
1sY8U_1FRLyEeQeKYVJPZZLqIqwoOFCeS,01A_BRONZE_OFICIAL,08-23 - Zepec-APC - Santa Marina Atlético Clube - Página.md,text/markdown,md,3546,2026-03-08T23:24:14.632Z,2026-03-07T23:33:10Z,TDC,OUTRO,DESCONHECIDO,NAO,
1Ksfdn8v-L7xV7p1P6b2hra-fGpH77r0E,01A_BRONZE_OFICIAL,"04-20-_apt_rua_visconde_de_ouro_preto,_118_e_124_1603489335.md",text/markdown,md,2487,2026-03-08T23:24:01.096Z,2026-03-07T23:34:48Z,OUTRO,OUTRO,DESCONHECIDO,NAO,
1OjzVUUiV-_2exCEV1pualiBiPFId8LQl,01A_BRONZE_OFICIAL,RAZÕES DO VETO AO PROJETO DE LEI Nº 272_2015; OFÍCIO DE 22 DE MARÇO DE 2016 « Catálogo de Legislação Municipal.md,text/markdown,md,14139,2026-03-08T23:23:38.852Z,2026-03-07T23:33:29Z,JURIDICO,LEI,OFICIAL,NAO,
1C2pqHtp4o5VHwMo8LdcgdVhRtBskJ49F,01A_BRONZE_OFICIAL,01-23 - APT - Associação Feminina Beneficente e Instrutiva Analia Franco - Página (1).md,text/markdown,md,3814,2026-03-08T23:23:16.155Z,2026-03-07T23:33:06Z,OUTRO,OUTRO,DESCONHECIDO,NAO,
14Ab42FfP5Qv0QNXrrPMxjXkgZ2q3ykrz,01A_BRONZE_OFICIAL,LEI Nº 17.853 DE 29 DE NOVEMBRO DE 2022 « Catálogo de Legislação Municipal.md,text/markdown,md,5569,2026-03-08T23:22:45.994Z,2026-03-07T23:33:24Z,JURIDICO,LEI,OFICIAL,NAO,
10w-6WvXX2Qbybojdt--G3NN0kmhyaekq,01A_BRONZE_OFICIAL,RESOLUÇÃO SECRETARIA MUNICIPAL DE URBANISMO E LICENCIAMENTO - SMUL_CTLU Nº 12 DE 11 DE NOVEMBRO DE 2021 « Catálogo de Legislação Municipal.pdf,application/pdf,pdf,94002,2026-03-08T22:51:54.704Z,2026-03-08T07:18:55Z,GOVERNANCA,PDF,DESCONHECIDO,NAO,
11Oz_SRdGWtpBRYUE-jiOcqL_zEl2wt3a,01A_BRONZE_OFICIAL,10-24 - Tombamento da Escola Panamericana de Artes - Página (1) (1).pdf,application/pdf,pdf,75666,2026-03-08T22:51:54.722Z,2026-03-08T07:18:53Z,OUTRO,PDF,DESCONHECIDO,NAO,
1VM7-hWGnYcRIGNy02THj86SYeM8TUK0z,01A_BRONZE_OFICIAL,DECRETO Nº 57.443 DE 10 DE NOVEMBRO DE 2016 « Catálogo de Legislação Municipal (1).pdf,application/pdf,pdf,205469,2026-03-08T22:51:40.991Z,2026-03-08T07:18:54Z,JURIDICO,DECRETO,OFICIAL,NAO,
1xnQrFzNiOffhTc_dsyDWg1HGnM_igQA9,01A_BRONZE_OFICIAL,DECRETO Nº 63.999 DE 30 DE DEZEMBRO DE 2024 « Catálogo de Legislação Municipal.pdf,application/pdf,pdf,88210,2026-03-08T22:51:38.734Z,2026-03-08T07:18:54Z,JURIDICO,DECRETO,OFICIAL,NAO,
1cr7N8-nI_QCaVWOR5kOLwSqOlzMs-Gzw,01A_BRONZE_OFICIAL,DECRETO Nº 57.521 DE 9 DE DEZEMBRO DE 2016 « Catálogo de Legislação Municipal.pdf,application/pdf,pdf,284774,2026-03-08T22:51:32.888Z,2026-03-08T07:18:54Z,JURIDICO,DECRETO,OFICIAL,NAO,
1SprROugg6YGZUsvdDxZmBTOpurwMWCqR,01A_BRONZE_OFICIAL,RESOLUÇÃO SECRETARIA MUNICIPAL DE URBANISMO E LICENCIAMENTO - SMUL_CTLU Nº 12 DE 10 DE DEZEMBRO DE 2018 « Catálogo de Legislação Municipal (2).pdf,application/pdf,pdf,81266,2026-03-08T22:51:27.031Z,2026-03-08T07:18:55Z,GOVERNANCA,PDF,DESCONHECIDO,NAO,
1pEoKbmA9lZuSQJwFiZ8vNA0e1zfLLAPl,01A_BRONZE_OFICIAL,LEI Nº 17.734 DE 11 DE JANEIRO DE 2022 « Catálogo de Legislação Municipal.pdf,application/pdf,pdf,372123,2026-03-08T22:51:24.522Z,2026-03-08T07:18:54Z,JURIDICO,LEI,OFICIAL,NAO,
1B1JMkAWvYR_6yMd30uYGOU5GgTLWyUiC,01A_BRONZE_OFICIAL,DECRETO Nº 59.163 DE 27 DE DEZEMBRO DE 2019 « Catálogo de Legislação Municipal.md,text/markdown,md,17029,2026-03-08T23:22:09.777Z,2026-03-07T23:33:20Z,JURIDICO,DECRETO,OFICIAL,NAO,
1K8j60JNST1Qt5mLHEp5MX-j-I5FAw8qS,01A_BRONZE_OFICIAL,VALORES_M2_2025_Q14.md,text/markdown,md,1126,2026-03-08T23:22:03.649Z,2026-03-07T23:34:47Z,OUTRO,OUTRO,DESCONHECIDO,NAO,
1ZD0fqKfsJVlfZ36aQW4w4hbVNN13pDMx,01A_BRONZE_OFICIAL,DECRETO Nº 59.164 DE 27 DE DEZEMBRO DE 2019 « Catálogo de Legislação Municipal (1).pdf,application/pdf,pdf,330468,2026-03-08T22:51:18.941Z,2026-03-08T07:18:54Z,JURIDICO,DECRETO,OFICIAL,NAO,
19esel-ImJsFHVJC7HXKkL-M-MS_vycf2,01A_BRONZE_OFICIAL,LEI Nº 17.975 DE 8 DE JULHO DE 2023 « Catálogo de Legislação Municipal.md,text/markdown,md,165106,2026-03-08T23:22:00.760Z,2026-03-07T23:33:27Z,JURIDICO,LEI,OFICIAL,NAO,
1KHLRIroqYTmku8fugQpYW9CZWWcK-9-X,01A_BRONZE_OFICIAL,"06-20 - APT imóvel Rua Gal_ Isidoro Lopes, 36 - para DOC.pdf",application/pdf,pdf,440107,2026-03-08T22:51:04.497Z,2026-03-08T07:18:53Z,OUTRO,PDF,DESCONHECIDO,NAO,
1ri3LAzRE_hDAINFdqFE9qe6-m3dgAqRx,01A_BRONZE_OFICIAL,RESOLUÇÃO SECRETARIA MUNICIPAL DE URBANISMO E LICENCIAMENTO - SMUL_CTLU Nº 12 DE 11 DE NOVEMBRO DE 2021 « Catálogo de Legislação Municipal.md,text/markdown,md,2404,2026-03-08T23:21:53.500Z,2026-03-07T23:33:30Z,GOVERNANCA,OUTRO,DESCONHECIDO,NAO,
1nmikPteuqXFt_aJX4CFBOylQ5PHvrSvl,01A_BRONZE_OFICIAL,LEI Nº 16.402.md,text/markdown,md,203470,2026-03-08T23:21:51.717Z,2026-03-07T23:33:26Z,JURIDICO,LEI,OFICIAL,NAO,
18IRmqdB3fJPBrOITg8BwyfmyTqdcc6Xc,01A_BRONZE_OFICIAL,04-25 - Arquivamento das Manchas C e G e ID 13 a 17 e 21 a 26 da Res.11-23 - Página.md,text/markdown,md,10162,2026-03-08T23:21:47.394Z,2026-03-07T23:33:07Z,OUTRO,OUTRO,DESCONHECIDO,NAO,
1yeSDHfuE57HKDf9wLYgkXAX5ngfIBnun,01A_BRONZE_OFICIAL,18-24 - Arquivamento da Mancha M e ID 27 a 41 da Res.11-23 - Página.md,text/markdown,md,11744,2026-03-08T23:21:41.973Z,2026-03-07T23:33:12Z,OUTRO,OUTRO,DESCONHECIDO,NAO,
1GkkmLQJGgu5RSs4kfH6Gp83G9nc3qPHv,01A_BRONZE_OFICIAL,re0619arquivamentoaptpracacelpiresandradepdf_1557156333.md,text/markdown,md,2342,2026-03-08T23:21:11.242Z,2026-03-07T23:34:43Z,OUTRO,OUTRO,DESCONHECIDO,NAO,
1lPRxlroj0anA6gBLCCmuJFjRFqywoiyY,01A_BRONZE_OFICIAL,DECRETO Nº 63.423 DE 21 DE MAIO DE 2024 « Catálogo de Legislação Municipal.md,text/markdown,md,13306,2026-03-08T23:21:14.950Z,2026-03-07T23:33:19Z,JURIDICO,DECRETO,OFICIAL,NAO,
1HbjNzkr-3MvXSS2Tfzxf9k_CMiiCtGwg,01A_BRONZE_OFICIAL,LEI Nº 16.050 DE 31 DE JULHO DE 2014 « Catálogo de Legislação Municipal (1).pdf,application/pdf,pdf,2656698,2026-03-08T22:50:19.333Z,2026-03-08T07:18:54Z,JURIDICO,LEI,OFICIAL,NAO,
1n_JayRBtRQwFln-I9w4ZIkkD-CmzDzeR,01A_BRONZE_OFICIAL,LEI Nº 18.209 DE 20 DE DEZEMBRO DE 2024 « Catálogo de Legislação Municipal.pdf,application/pdf,pdf,121605,2026-03-08T22:50:11.327Z,2026-03-08T07:18:54Z,JURIDICO,LEI,OFICIAL,NAO,
1K5cfQ5MdIBZ1fWEBaHHR1bZgX3m65A3D,01A_BRONZE_OFICIAL,PORTARIA SECRETARIA MUNICIPAL DE URBANISMO E LICENCIAMENTO - SMUL Nº 8 DE 30 DE JANEIRO DE 2025 « Catálogo de Legislação Municipal.pdf,application/pdf,pdf,103551,2026-03-08T22:49:51.440Z,2026-03-08T07:18:54Z,JURIDICO,PORTARIA,OFICIAL,NAO,
1Gc-J7ZRX8t1NT-5R6abnSlnNBzEHEG5W,01A_BRONZE_OFICIAL,Auditoria TDC São Paulo_ Memorial de Fundamentação Estratégica.md,text/markdown,md,8419,2026-03-08T23:20:38.341Z,2026-03-07T23:33:15Z,TDC,AUDITORIA,NOSSO,NAO,
1AnXb4yQ830-7KQDe1Pl7zTgeUo9J0qxP,01A_BRONZE_OFICIAL,Portal de Serviços e-SAJ3 (2).pdf,application/pdf,pdf,102035,2026-03-08T22:49:41.226Z,2026-03-08T07:18:54Z,OUTRO,PDF,DESCONHECIDO,NAO,
1nhAtW4K5ZFI9PeGQUpV8xsHCI9mEwN9J,01A_BRONZE_OFICIAL,08-23 - Zepec-APC - Santa Marina Atlético Clube - Página.pdf,application/pdf,pdf,71453,2026-03-08T22:49:38.168Z,2026-03-08T07:18:53Z,TDC,PDF,DESCONHECIDO,NAO,
17vfCX5S0PkVezjgFnXODzX-4N34wDzSS,01A_BRONZE_OFICIAL,16-25 - Complementação da Resolução nº 54-CONPRESP-2018 - Página.pdf,application/pdf,pdf,181413,2026-03-08T22:49:38.023Z,2026-03-08T07:18:53Z,OUTRO,PDF,OFICIAL,NAO,
1cOdpOD5DCLXnVbJD3QSiyyptv3zfgkh0,01A_BRONZE_OFICIAL,08-25 - Complementação e detalhamento da Resolução 02-24 - QUADRO II (1).pdf,application/pdf,pdf,186282,2026-03-08T22:49:30.978Z,2026-03-08T07:18:53Z,OUTRO,PDF,DESCONHECIDO,NAO,
1CMlWc87Hd358JVweKHStL2AUjF2TGNJk,01A_BRONZE_OFICIAL,11-23 - APT Perímetro Cerqueira César - Página (1).md,text/markdown,md,8833,2026-03-08T23:20:19.892Z,2026-03-07T23:33:09Z,OUTRO,OUTRO,DESCONHECIDO,NAO,
1b7vm3m4cE44z17MYG-4wETblP4W8JU1d,01A_BRONZE_OFICIAL,RESOLUÇÃO SECRETARIA MUNICIPAL DE URBANISMO E LICENCIAMENTO - SMUL_CTLU Nº 4 DE 4 DE ABRIL DE 2024 « Catálogo de Legislação Municipal.md,text/markdown,md,1857,2026-03-08T23:20:08.303Z,2026-03-07T23:33:31Z,GOVERNANCA,OUTRO,DESCONHECIDO,NAO,
1MImnzxA1r2BlbBV4Mwp5G2BN_MethYOy,01A_BRONZE_OFICIAL,PORTARIA SECRETARIA MUNICIPAL DE URBANISMO E LICENCIAMENTO - SMUL Nº 8 DE 30 DE JANEIRO DE 2025 « Catálogo de Legislação Municipal.md,text/markdown,md,2833,2026-03-08T23:19:58.875Z,2026-03-07T23:33:30Z,JURIDICO,PORTARIA,OFICIAL,NAO,
120abvdKH2SOkEAK-odzIqKuIV3sSrYnc,01A_BRONZE_OFICIAL,03-22 - Detalhamento da Resolução 22-2002 - para página.pdf,application/pdf,pdf,815302,2026-03-08T22:49:02.729Z,2026-03-08T07:18:53Z,OUTRO,PDF,DESCONHECIDO,NAO,
1EcEH46Rn8M8INDqkQFA2A6Vxr2nhFDoD,01A_BRONZE_OFICIAL,01-25 - Arquivamento Parcial das Manchas I e J e ID 50 a 52 da Res.11-23 - Página (2).pdf,application/pdf,pdf,135992,2026-03-08T22:49:00.232Z,2026-03-08T07:18:53Z,OUTRO,PDF,DESCONHECIDO,NAO,
1sas8ydB1sScHcaayEUnzTfu9u86ewTBn,01A_BRONZE_OFICIAL,DECRETO Nº 63.423 DE 21 DE MAIO DE 2024 « Catálogo de Legislação Municipal.pdf,application/pdf,pdf,119333,2026-03-08T22:48:58.283Z,2026-03-08T07:18:54Z,JURIDICO,DECRETO,OFICIAL,NAO,
1Y__RzuaB2YvsUrVXusElO4fi_5BOJfOT,01A_BRONZE_OFICIAL,03-23 - RAE da Sede do Antigo Sitio Itaim - Página(1).pdf,application/pdf,pdf,97028,2026-03-08T22:48:47.044Z,2026-03-08T07:18:53Z,OUTRO,PDF,DESCONHECIDO,NAO,
1mBmDSYLF1vhFChOWo4lbNjZzejrrBFKl,01A_BRONZE_OFICIAL,re0118tombamentoquadrilateropinheirospredinhoshipicapdf_1549040068.md,text/markdown,md,13488,2026-03-08T23:19:31.156Z,2026-03-07T23:34:43Z,OUTRO,OUTRO,DESCONHECIDO,NAO,
1y23N9yXW3AKIUvyxiNu_uB2flQHXZZpG,01A_BRONZE_OFICIAL,"06-20 - APT imóvel Rua Gal_ Isidoro Lopes, 36 - para DOC.md",text/markdown,md,2833,2026-03-08T23:19:35.530Z,2026-03-07T23:33:09Z,OUTRO,OUTRO,DESCONHECIDO,NAO,
1je9mqMilEpY9cjDZn1NfiK8Gaqk10nGW,01A_BRONZE_OFICIAL,05-22 - Tombamento das Luminárias Ornamentais da Light - Página.md,text/markdown,md,3431,2026-03-08T23:19:28.308Z,2026-03-07T23:33:09Z,OUTRO,OUTRO,DESCONHECIDO,NAO,
13LLmotLSXsNHZazD8GMyTObqbqN5VNab,01A_BRONZE_OFICIAL,06-22 - Patrimônio Cultural Imaterial - Novena solene em honra a Nossa Senhora do Carmo (2).pdf,application/pdf,pdf,104677,2026-03-08T22:48:30.212Z,2026-03-08T07:18:53Z,OUTRO,PDF,DESCONHECIDO,NAO,
1yYt1akTfoflBA4yMsE6LJ92h47iczvZb,01A_BRONZE_OFICIAL,07-25 - Enquadramento como ZEPEC-APC do Território Augusta de Cinema - Página.pdf,application/pdf,pdf,112906,2026-03-08T22:48:24.546Z,2026-03-08T07:18:53Z,TDC,PDF,DESCONHECIDO,NAO,
1ly24rwYcnrZHfHNbwY5nUcyeyDdVVgF0,01A_BRONZE_OFICIAL,10-23 - Tombamento Vila João Migliari - MAPA (2).pdf,application/pdf,pdf,1939844,2026-03-08T22:48:22.544Z,2026-03-08T07:18:53Z,GEO,PDF,DESCONHECIDO,NAO,
1uvUKXrQxw8Yj_mNBD-YmgOOLz8ly9oqd,01A_BRONZE_OFICIAL,re1019tombamentoetatheodoroaugustoramospdf_1569519957.md,text/markdown,md,7212,2026-03-08T23:19:03.840Z,2026-03-07T23:34:45Z,OUTRO,OUTRO,DESCONHECIDO,NAO,
1cLcR-dIBzxaN33NUOlbdiWKrdSEnWL5D,01A_BRONZE_OFICIAL,DECRETO Nº 57.521 DE 9 DE DEZEMBRO DE 2016 « Catálogo de Legislação Municipal.md,text/markdown,md,35345,2026-03-08T23:19:01.326Z,2026-03-07T23:33:20Z,JURIDICO,DECRETO,OFICIAL,NAO,
1gjqGha6h6sccH46PLU6gg-kNLTsYcQML,01A_BRONZE_OFICIAL,DECRETO Nº 63.504 DE 14 DE JUNHO DE 2024 « Catálogo de Legislação Municipal.pdf,application/pdf,pdf,286954,2026-03-08T22:48:06.113Z,2026-03-08T07:18:54Z,JURIDICO,DECRETO,OFICIAL,NAO,
1sfx3o8V5o2C9nAbX-ICwwkpzhQozpemd,01A_BRONZE_OFICIAL,DECRETO Nº 58.707 DE 8 DE ABRIL DE 2019 « Catálogo de Legislação Municipal.md,text/markdown,md,5080,2026-03-08T23:18:55.588Z,2026-03-07T23:33:18Z,JURIDICO,DECRETO,OFICIAL,NAO,
14bWmPqnW8ZQiNQlOeA30TXLKusHzvhsQ,01A_BRONZE_OFICIAL,"04-22 - Alteração da redação Art 2º, da Res_ 34-18 - Página(1).pdf",application/pdf,pdf,111801,2026-03-08T22:48:02.986Z,2026-03-08T07:18:53Z,OUTRO,PDF,DESCONHECIDO,NAO,
14v6NHjapYO1dTkKoPYghPLwTnPqDuicB,01A_BRONZE_OFICIAL,PORTARIA SECRETARIA MUNICIPAL DE URBANISMO E LICENCIAMENTO - SMUL Nº 172 DE 10 DE DEZEMBRO DE 2024 « Catálogo de Legislação Municipal (2).pdf,application/pdf,pdf,150304,2026-03-08T22:47:59.354Z,2026-03-08T07:18:54Z,JURIDICO,PORTARIA,OFICIAL,NAO,
1TAFUyUyK97BvuM6gAiaS1jR2O9RLThRe,01A_BRONZE_OFICIAL,RESOLUÇÃO SECRETARIA MUNICIPAL DE URBANISMO E LICENCIAMENTO - SMUL_CEUSO Nº 150 DE 22 DE AGOSTO DE 2022 « Catálogo de Legislação Municipal (2).pdf,application/pdf,pdf,81578,2026-03-08T22:47:48.501Z,2026-03-08T07:18:55Z,GOVERNANCA,PDF,DESCONHECIDO,NAO,
1avKa8V_5U2ST75k6uopMO9eHuYQXvKjc,01A_BRONZE_OFICIAL,11-23 - APT Perímetro Cerqueira César - Anexo II - Página (2).pdf,application/pdf,pdf,3241760,2026-03-08T22:47:48.522Z,2026-03-08T07:18:53Z,OUTRO,PDF,DESCONHECIDO,NAO,
13A_iif0Gqrnir_ekSK4EgK10Ep2yKA3y,01A_BRONZE_OFICIAL,LEI Nº 15.723 DE 24 DE ABRIL DE 2013 « Catálogo de Legislação Municipal.pdf,application/pdf,pdf,117399,2026-03-08T22:47:47.692Z,2026-03-08T07:18:54Z,JURIDICO,LEI,OFICIAL,NAO,
1_HCxp_3feAF1Ncjy9j6fU-CzTOG37rJh,01A_BRONZE_OFICIAL,DECRETO Nº 58.955 DE 20 DE SETEMBRO DE 2019 « Catálogo de Legislação Municipal.md,text/markdown,md,32700,2026-03-08T23:18:37.038Z,2026-03-07T23:33:19Z,JURIDICO,DECRETO,OFICIAL,NAO,
1RxKKm9OsQw5fyXECUVxqhBa2tl5Xk61H,01A_BRONZE_OFICIAL,DECRETO Nº 58.955 DE 20 DE SETEMBRO DE 2019 « Catálogo de Legislação Municipal (1).pdf,application/pdf,pdf,199016,2026-03-08T22:47:44.798Z,2026-03-08T07:18:54Z,JURIDICO,DECRETO,OFICIAL,NAO,
1m0aHBx_w1iTeTCTwvHp5CSn1_ezo3Wm3,01A_BRONZE_OFICIAL,Portal de Serviços e-SAJ3.md,text/markdown,md,2830,2026-03-08T23:18:18.357Z,2026-03-07T23:33:28Z,OUTRO,OUTRO,DESCONHECIDO,NAO,
1eZrKjgRpk3uBh9javN5isjpZYnrwW9XQ,01A_BRONZE_OFICIAL,08-25 - Complementação e detalhamento da Resolução 02-24 - Página.md,text/markdown,md,6786,2026-03-08T23:18:10.149Z,2026-03-07T23:33:10Z,OUTRO,OUTRO,DESCONHECIDO,NAO,
1Xo7qUeMJuU9dOxcW4pHlzxVMda8bgVAK,01A_BRONZE_OFICIAL,05-25 - Arquivamento dos IDs 02 a 04 e IDs 07 e 08 da Res. 11-23 - Página.md,text/markdown,md,5004,2026-03-08T23:18:02.433Z,2026-03-07T23:33:10Z,OUTRO,OUTRO,DESCONHECIDO,NAO,
161N7Fj5qaIgRaIWKpbldMtVuRXKuSUVC,01A_BRONZE_OFICIAL,Novo Relatorio SITE 2021.md,text/markdown,md,65144,2026-03-08T23:17:54.444Z,2026-03-07T23:34:36Z,GOVERNANCA,OUTRO,DESCONHECIDO,NAO,
1fOkbGiWLQQCUwjU5ktLa6ug4MPE7_I7Q,01A_BRONZE_OFICIAL,RESOLUÇÃO SECRETARIA MUNICIPAL DE URBANISMO E LICENCIAMENTO - SMUL_CEUSO Nº 146 DE 27 DE JANEIRO DE 2022 « Catálogo de Legislação Municipal (2).pdf,application/pdf,pdf,81844,2026-03-08T22:47:06.049Z,2026-03-08T07:18:55Z,GOVERNANCA,PDF,DESCONHECIDO,NAO,
1MfjQrGIpcgoA4h0ug7yHLvjBIRJzXr1-,01A_BRONZE_OFICIAL,04-24 -  Tombamento da Escadaria da Rua Cristiano Viana - Página.md,text/markdown,md,4423,2026-03-08T23:17:55.793Z,2026-03-07T23:33:07Z,OUTRO,OUTRO,DESCONHECIDO,NAO,
1vsffjoZfsUikHkMh8dGdihDZLxHz4cN4,01A_BRONZE_OFICIAL,19-24 - Arquivamento das Manchas A e B e ID 9 a 11 da Res.11-23 - Página.md,text/markdown,md,17649,2026-03-08T23:17:55.074Z,2026-03-07T23:33:12Z,OUTRO,OUTRO,DESCONHECIDO,NAO,
1xZ8n-eUJ053GxXWr7BGbLWX7SIJ00URf,01A_BRONZE_OFICIAL,Certidão de Uso e Ocupação do Solo - Secretaria Municipal de Urbanismo e Licenciamento - Prefeitura.md,text/markdown,md,7090,2026-03-08T23:17:53.289Z,2026-03-07T23:33:20Z,OUTRO,OUTRO,OFICIAL,NAO,
1BkTmoyZnADnEzIf54EtBGKZLy_OFt-QY,01A_BRONZE_OFICIAL,DECRETO Nº 57.536 DE 15 DE DEZEMBRO DE 2016 « Catálogo de Legislação Municipal.pdf,application/pdf,pdf,182513,2026-03-08T22:47:01.426Z,2026-03-08T07:18:54Z,JURIDICO,DECRETO,OFICIAL,NAO,
1EBvfuYPbztaaMj2F3KvgaFEZh0J4IUo4,01A_BRONZE_OFICIAL,INSTRUÇÃO NORMATIVA SECRETARIA MUNICIPAL DE LICENCIAMENTO - SEL Nº 6 DE 4 DE DEZEMBRO DE 2020 « Catálogo de Legislação Municipal.md,text/markdown,md,62064,2026-03-08T23:17:51.389Z,2026-03-07T23:33:22Z,GOVERNANCA,OUTRO,DESCONHECIDO,NAO,
1buPT4gQcHK9uQtmSl1vvyhlMtZjpllTo,01A_BRONZE_OFICIAL,Re2314RegistrocomoBemImaterialdoConjuntodeTeatrosPDF_1413396489.md,text/markdown,md,3103,2026-03-08T23:17:45.938Z,2026-03-07T23:33:28Z,OUTRO,OUTRO,DESCONHECIDO,NAO,
18RLJBRyQKu3VM-qHg9zTzlT4dfeXB2Js,01A_BRONZE_OFICIAL,Quadro 1 – Conceitos e definições.pdf,application/pdf,pdf,257140,2026-03-08T22:46:48.927Z,2026-03-08T07:18:54Z,OUTRO,PDF,DESCONHECIDO,NAO,
1KT9k88pVKP_IltEhhqdT0tD1Dh_w4Vn7,01A_BRONZE_OFICIAL,17-24 - Arquivamento das Manchas E e F da Res.11-23 - Página.pdf,application/pdf,pdf,105806,2026-03-08T22:46:46.257Z,2026-03-08T07:18:53Z,OUTRO,PDF,DESCONHECIDO,NAO,
1fPjE85xpg_P48kD6AyHHoqo3lyhF3CYE,01A_BRONZE_OFICIAL,manifesto_datalake_20260307_221836.json,application/json,json,476247,2026-03-08T23:22:32.319Z,2026-03-07T22:18:45Z,GOVERNANCA,OUTRO,NOSSO,NAO,
1qiCyJL2it5yWXZAdobbcR1xjxrIrkZUg,01A_BRONZE_OFICIAL,RESOLUÇÃO SECRETARIA MUNICIPAL DE URBANISMO E LICENCIAMENTO - SMUL_CTLU Nº 12 DE 10 DE DEZEMBRO DE 2018 « Catálogo de Legislação Municipal.pdf,application/pdf,pdf,81266,2026-03-08T22:46:36.028Z,2026-03-08T07:18:55Z,GOVERNANCA,PDF,DESCONHECIDO,NAO,
1QZzpeIjJzHmVonvnmVLCxOwLs3beqsuj,01A_BRONZE_OFICIAL,10-23 - Tombamento Vila João Migliari.pdf,application/pdf,pdf,74409,2026-03-08T22:46:33.948Z,2026-03-08T07:18:53Z,OUTRO,PDF,DESCONHECIDO,NAO,
1Ocwh_sOWHtFbzngsHizkNCMPiJNT9W8U,01A_BRONZE_OFICIAL,LEI Nº 15.150 DE 6 DE MAIO DE 2010 « Catálogo de Legislação Municipal.pdf,application/pdf,pdf,174736,2026-03-08T22:46:26.910Z,2026-03-08T07:18:54Z,JURIDICO,LEI,OFICIAL,NAO,
12FJHPBe5kMqkx90uzXCrmgmFaUvDTYyR,01A_BRONZE_OFICIAL,04-24 - Tombamento da Escadaria da Rua Cristiano Viana - MAPA - Página (2).pdf,application/pdf,pdf,1185001,2026-03-08T22:46:26.188Z,2026-03-08T07:18:53Z,GEO,PDF,DESCONHECIDO,NAO,
1r1-wa_kWh9Y3LTlW76m9fT94AQJP__Gw,01A_BRONZE_OFICIAL,03-25 - Arquivamento da Mancha H da Res.11-23 - Página.pdf,application/pdf,pdf,103945,2026-03-08T22:46:14.227Z,2026-03-08T07:18:53Z,OUTRO,PDF,DESCONHECIDO,NAO,
144wrCsjgQFBcCit-ebQf1zKGQUsKrH0k,01A_BRONZE_OFICIAL,DECRETO Nº 59.886 DE 4 DE NOVEMBRO DE 2020 « Catálogo de Legislação Municipal (1).pdf,application/pdf,pdf,173148,2026-03-08T22:46:12.861Z,2026-03-08T07:18:54Z,JURIDICO,DECRETO,OFICIAL,NAO,
1zkxpy54H8fuHbWB6vrk22MpMaIL7TQML,01A_BRONZE_OFICIAL,LEI Nº 17.853 DE 29 DE NOVEMBRO DE 2022 « Catálogo de Legislação Municipal.pdf,application/pdf,pdf,100023,2026-03-08T22:46:03.719Z,2026-03-08T07:18:54Z,JURIDICO,LEI,OFICIAL,NAO,
1BWQ4XhyRUISLPM-6cipqsMeKjgbKkP2S,01A_BRONZE_OFICIAL,DECRETO Nº 57.565 DE 27 DE DEZEMBRO DE 2016 « Catálogo de Legislação Municipal.pdf,application/pdf,pdf,173199,2026-03-08T22:46:01.928Z,2026-03-08T07:18:54Z,JURIDICO,DECRETO,OFICIAL,NAO,
1SGIS8NPL8-XZkigVteTPe08n_kIT8AS-,01A_BRONZE_OFICIAL,DECRETO Nº 58.955 DE 20 DE SETEMBRO DE 2019 « Catálogo de Legislação Municipal.pdf,application/pdf,pdf,199016,2026-03-08T22:45:31.254Z,2026-03-08T07:18:54Z,JURIDICO,DECRETO,OFICIAL,NAO,
1O9HReUL8yhLyxkWTDSRgYZck3IzdyYHl,01A_BRONZE_OFICIAL,DECRETO Nº 63.504 DE 14 DE JUNHO DE 2024 « Catálogo de Legislação Municipal (1).pdf,application/pdf,pdf,286954,2026-03-08T22:45:31.238Z,2026-03-08T07:18:54Z,JURIDICO,DECRETO,OFICIAL,NAO,
1ZgEd475GTLP9V1P-07HW87fK5WC4iXEp,01A_BRONZE_OFICIAL,Certidão de Transferência de Potencial Construtivo - Secretaria Municipal de Urbanismo e Licenciamento - Prefeitura.pdf,application/pdf,pdf,477484,2026-03-08T22:45:31.167Z,2026-03-08T07:18:54Z,TDC,PDF,OFICIAL,NAO,
1R1TSXr_Vr38Zbk4SeuU1tf3bKFTVPQCA,01A_BRONZE_OFICIAL,06-25 - Arquivamento dos IDs 42 a 48 da Res. 11-23 - Página (1).pdf,application/pdf,pdf,105352,2026-03-08T22:45:30.453Z,2026-03-08T07:18:53Z,OUTRO,PDF,DESCONHECIDO,NAO,
1hGXEPTIoUhL6poKnmRWzBrdAxZM5q1V7,01A_BRONZE_OFICIAL,dicionario_geosampa_apas_arquivo (1).csv,text/csv,csv,310,2026-03-08T22:56:34.768Z,2026-03-08T04:29:53Z,GEO,TABELA_DADO,OFICIAL,NAO,
1MbFnZZ3ja6GG1aqRKeNrdwz-jqUv7oY0,01A_BRONZE_OFICIAL,PORTARIA SECRETARIA MUNICIPAL DE URBANISMO E LICENCIAMENTO - SMUL Nº 172 DE 10 DE DEZEMBRO DE 2024 « Catálogo de Legislação Municipal.pdf,application/pdf,pdf,150304,2026-03-08T22:45:09.855Z,2026-03-08T07:18:54Z,JURIDICO,PORTARIA,OFICIAL,NAO,
14-e28yizPFfGKFPQtC9EzaMeGtxhV-eN,01A_BRONZE_OFICIAL,Transferência do Direito de Construir - Secretaria Municipal de Urbanismo e Licenciamento - Prefeitura.pdf,application/pdf,pdf,462686,2026-03-08T22:45:04.613Z,2026-03-08T07:18:55Z,OUTRO,PDF,OFICIAL,NAO,
14O4Rf-Sc0X0UyqLrCTHZ6s8URCTX23th,01A_BRONZE_OFICIAL,12-24 - Arquivamento da APT de Residência na Rua General Isidoro Dias Lopes n° 36 - Vila Amália - Página (1).pdf,application/pdf,pdf,67241,2026-03-08T22:44:42.267Z,2026-03-08T07:18:53Z,OUTRO,PDF,DESCONHECIDO,NAO,
1lbA3F9OCvHywFW2qpxe9FIFpqVk7W1IK,01A_BRONZE_OFICIAL,INSTRUÇÃO NORMATIVA SECRETARIA MUNICIPAL DE LICENCIAMENTO - SEL Nº 6 DE 4 DE DEZEMBRO DE 2020 « Catálogo de Legislação Municipal.pdf,application/pdf,pdf,354593,2026-03-08T22:44:37.166Z,2026-03-08T07:18:54Z,GOVERNANCA,PDF,DESCONHECIDO,NAO,
197dFnVjcgZza2qD8wqs5oSTwSE-QxKwD,01A_BRONZE_OFICIAL,14-23 -APT Solar Fábio Prado (2).pdf,application/pdf,pdf,530449,2026-03-08T22:44:37.131Z,2026-03-08T07:18:53Z,OUTRO,PDF,DESCONHECIDO,NAO,
1DJHDf6WsYm7jgGG5Vr5RG58wNObVhyRp,01A_BRONZE_OFICIAL,11-23 - APT Perímetro Cerqueira César - Página (1).pdf,application/pdf,pdf,85463,2026-03-08T22:44:27.654Z,2026-03-08T07:18:53Z,OUTRO,PDF,DESCONHECIDO,NAO,
1lboobCcfk2dacCRG8n8k_A3XwN3mCHJN,01A_BRONZE_OFICIAL,biosampa_geosampa_apas (2).ods,application/vnd.oasis.opendocument.spreadsheet,ods,3613,2026-03-08T22:55:36.383Z,2026-03-08T04:30:20Z,GEO,PLANILHA,OFICIAL,NAO,
1BtWkj8PyeIuOcoifzHBk8GMpBR4qalT3,01A_BRONZE_OFICIAL,DECRETO Nº 60.581 DE 27 DE SETEMBRO DE 2021 « Catálogo de Legislação Municipal (1).pdf,application/pdf,pdf,103619,2026-03-08T22:44:21.223Z,2026-03-08T07:18:54Z,JURIDICO,DECRETO,OFICIAL,NAO,
1YOYzwFGkmqBxmLv1UeNUVIkoMFISGee-,01A_BRONZE_OFICIAL,DECRETO Nº 59.163 DE 27 DE DEZEMBRO DE 2019 « Catálogo de Legislação Municipal.pdf,application/pdf,pdf,173827,2026-03-08T22:44:13.501Z,2026-03-08T07:18:54Z,JURIDICO,DECRETO,OFICIAL,NAO,
1Q4KsNskvAx6zEQ_vX4m9Vh70Qzt1IVyh,01A_BRONZE_OFICIAL,09-24 - Revalidação de Registro do Teatro de Grupo da Cidade - Página (2).pdf,application/pdf,pdf,75598,2026-03-08T22:44:11.786Z,2026-03-08T07:18:53Z,OUTRO,AUDITORIA,DESCONHECIDO,NAO,
1oGLQLhsuNiRNKI1OFEQOKD9_yLZz5vLh,01A_BRONZE_OFICIAL,LEI Nº 17.975 DE 8 DE JULHO DE 2023 « Catálogo de Legislação Municipal.pdf,application/pdf,pdf,687512,2026-03-08T22:44:08.071Z,2026-03-08T07:18:54Z,JURIDICO,LEI,OFICIAL,NAO,
1McwLapHYJSP7dupxlk6_4oxDO46V_WcE,01A_BRONZE_OFICIAL,Declaração de Potencial Construtivo Passível de Transferência - Secretaria Municipal de Urbanismo e Licenciamento - Prefeitura (2).pdf,application/pdf,pdf,468616,2026-03-08T22:43:50.764Z,2026-03-08T07:18:54Z,TDC,PDF,OFICIAL,NAO,
11SM7YHM16FD9uYJhpiVCl-XffcplDSNE,01A_BRONZE_OFICIAL,DECRETO Nº 63.999 DE 30 DE DEZEMBRO DE 2024 « Catálogo de Legislação Municipal (1).pdf,application/pdf,pdf,88210,2026-03-08T22:43:44.612Z,2026-03-08T07:18:54Z,JURIDICO,DECRETO,OFICIAL,NAO,
14dkLFNRbO9M7l9AvPi6gsNyHSRwbIVx6,01A_BRONZE_OFICIAL,metadados_area_potencial_e_suspeita_de_contaminacao (1).csv,text/csv,csv,4197,2026-03-08T22:55:33.492Z,2026-03-08T04:17:31Z,TDC,TABELA_DADO,DESCONHECIDO,NAO,
1l-hhdJ32sWLR_7MtLE5Lnv-ZwULvxgX_,01A_BRONZE_OFICIAL,11-25 - Enquandramento como  ZEPEC-APC do Santa Marina Atlético Clube - Página (2).pdf,application/pdf,pdf,70367,2026-03-08T22:43:13.830Z,2026-03-08T07:18:53Z,TDC,PDF,DESCONHECIDO,NAO,
1nJDAgOZ4A8h3FDyCOFci7KtnNG-3cCzg,01A_BRONZE_OFICIAL,DECRETO Nº 57.776 DE 7 DE JULHO DE 2017 « Catálogo de Legislação Municipal.pdf,application/pdf,pdf,449142,2026-03-08T22:43:01.010Z,2026-03-08T07:18:54Z,JURIDICO,DECRETO,OFICIAL,NAO,
1K8C_sI2Mi9NMvTjy3pmW5FvCI7-hpcDn,01A_BRONZE_OFICIAL,RESOLUÇÃO SECRETARIA MUNICIPAL DE URBANISMO E LICENCIAMENTO - SMUL_CEUSO Nº 150 DE 22 DE AGOSTO DE 2022 « Catálogo de Legislação Municipal.pdf,application/pdf,pdf,81578,2026-03-08T22:42:51.373Z,2026-03-08T07:18:55Z,GOVERNANCA,PDF,DESCONHECIDO,NAO,
1txqtk2WZqQikDbk_w-MUE4JMJEEzbImn,01A_BRONZE_OFICIAL,dic_area_potencial_e_suspeita_de_contaminacao-variaveis (1).csv,text/csv,csv,1569,2026-03-08T22:54:51.747Z,2026-03-08T04:17:01Z,TDC,TABELA_DADO,DESCONHECIDO,NAO,
13xwGaxE6JMRxzCLAX30TMvm2g__9sXgW,01A_BRONZE_OFICIAL,Anexo Unico do Decreto 57_378-16_ com_Deliberações CTLU_19__01_2021.pdf,application/pdf,pdf,946445,2026-03-08T22:42:45.156Z,2026-03-08T07:18:54Z,JURIDICO,DECRETO,OFICIAL,NAO,
1zGe99X5dCSechtNcsqjxgOp8pol-WkKL,01A_BRONZE_OFICIAL,ddf-12.25 (2).xlsx,application/vnd.openxmlformats-officedocument.spreadsheetml.sheet,xlsx,71514,2026-03-08T22:53:25.108Z,2026-03-08T04:36:07Z,OUTRO,PLANILHA,DESCONHECIDO,NAO,
1QC0R7psFewjOe1lJ7shPd7ppQymP3z0M,01A_BRONZE_OFICIAL,RESOLUÇÃO SECRETARIA MUNICIPAL DE URBANISMO E LICENCIAMENTO - SMUL_CAEHIS Nº 2 DE 2 DE SETEMBRO DE 2021 « Catálogo de Legislação Municipal.pdf,application/pdf,pdf,72675,2026-03-08T22:42:31.386Z,2026-03-08T07:18:55Z,GOVERNANCA,PDF,DESCONHECIDO,NAO,
1tbWaGumwo5nH6ATof51rXxQ-FQf59jo1,01A_BRONZE_OFICIAL,06-22 - Patrimônio Cultural Imaterial - Novena solene em honra a Nossa Senhora do Carmo.pdf,application/pdf,pdf,104677,2026-03-08T22:42:29.126Z,2026-03-08T07:18:53Z,OUTRO,PDF,DESCONHECIDO,NAO,
19eg7UWxANmBBVCTOKnDCh0B62i1tnn30,01A_BRONZE_OFICIAL,LEI Nº 17.733 DE 11 DE JANEIRO DE 2022 « Catálogo de Legislação Municipal.pdf,application/pdf,pdf,155305,2026-03-08T22:42:11.958Z,2026-03-08T07:18:54Z,JURIDICO,LEI,OFICIAL,NAO,
1DdAvJC8Qhkce335AHTatVPngFe4q399M,01A_BRONZE_OFICIAL,15-25 - APT do Campo dos Engenheiros - Página.pdf,application/pdf,pdf,57296,2026-03-08T22:42:11.190Z,2026-03-08T07:18:53Z,OUTRO,PDF,DESCONHECIDO,NAO,
1KcdHsTwsCi45oroxPVYz5ohHiCa_RXZy,01A_BRONZE_OFICIAL,metadadosgeoportal_area_contaminada_reabilitada_svma (2).csv,text/csv,csv,2967,2026-03-08T22:53:12.821Z,2026-03-08T04:31:52Z,OUTRO,TABELA_DADO,DESCONHECIDO,NAO,
10zLVVqh8jgMosTAtp-3vHbhAC3vgc49Q,01A_BRONZE_OFICIAL,"06-24 - Tombamento Antigas Residencias Rua Bela Cintra,954 e Rua Itapeva, 700 - Página (1) (2).pdf",application/pdf,pdf,82641,2026-03-08T22:42:01.198Z,2026-03-08T07:18:53Z,OUTRO,PDF,DESCONHECIDO,NAO,
1ep-gZ0wMEbp1WlDTqgJr5UyklztvJo7V,01A_BRONZE_OFICIAL,DECRETO Nº 61.218 DE 6 DE ABRIL DE 2022 « Catálogo de Legislação Municipal.pdf,application/pdf,pdf,75701,2026-03-08T22:41:47.603Z,2026-03-08T07:18:54Z,JURIDICO,DECRETO,OFICIAL,NAO,
117zsxzXVyc_jP-u7bHc6OsesyPoig2ys,01A_BRONZE_OFICIAL,area_potencial_e_suspeita_de_contaminacao (2).ods,application/vnd.oasis.opendocument.spreadsheet,ods,420097,2026-03-08T22:53:46.283Z,2026-03-08T04:17:50Z,TDC,PLANILHA,DESCONHECIDO,NAO,
1CM0uy7bLY_QNh20efXxX5vpauNZ--SOQ,01A_BRONZE_OFICIAL,13-25 - Complemento ao Arquivamento Parcial da Mancha D da Res. 11-23 - Página.pdf,application/pdf,pdf,191834,2026-03-08T22:41:06.865Z,2026-03-08T07:18:53Z,OUTRO,PDF,DESCONHECIDO,NAO,
1GnBtPG2gkTVpeCrBg2W-SESaqtl-B3RK,01A_BRONZE_OFICIAL,metadados smul (1).pdf,application/pdf,pdf,99117,2026-03-08T22:51:32.913Z,2026-03-08T04:40:19Z,OUTRO,PDF,DESCONHECIDO,NAO,
13YM2xovnpksgTXQ6gRPnIO47F5DCwFNz,01A_BRONZE_OFICIAL,RESOLUÇÃO SECRETARIA MUNICIPAL DE URBANISMO E LICENCIAMENTO - SMUL_CTLU Nº 4 DE 4 DE ABRIL DE 2024 « Catálogo de Legislação Municipal.pdf,application/pdf,pdf,62835,2026-03-08T22:40:50.123Z,2026-03-08T07:18:55Z,GOVERNANCA,PDF,DESCONHECIDO,NAO,
1zOHF-IszBgyPIRSE0BxYOPgrbgCQALSj,01A_BRONZE_OFICIAL,RESOLUÇÃO SECRETARIA MUNICIPAL DE URBANISMO E LICENCIAMENTO - SMUL_CEUSO Nº 138 DE 14 DE JUNHO DE 2021 « Catálogo de Legislação Municipal (2).pdf,application/pdf,pdf,97421,2026-03-08T22:40:47.394Z,2026-03-08T07:18:55Z,GOVERNANCA,PDF,DESCONHECIDO,NAO,
1Rw3d8LI8iEfNiTSdJspZs8SSHh-zUIeY,01A_BRONZE_OFICIAL,RESOLUÇÃO SECRETARIA MUNICIPAL DE LICENCIAMENTO - SEL_CEUSO Nº 139 DE 27 DE ABRIL DE 2020 « Catálogo de Legislação Municipal (2).pdf,application/pdf,pdf,86235,2026-03-08T22:40:46.531Z,2026-03-08T07:18:54Z,GOVERNANCA,PDF,DESCONHECIDO,NAO,
1hmnpYPt_kupFS2IkM09r3im0eexMUSnH,01A_BRONZE_OFICIAL,14-25 - APT do Mirante de Santana e da Praça Vaz Guaçu - Página.pdf,application/pdf,pdf,187498,2026-03-08T22:40:33.012Z,2026-03-08T07:18:53Z,OUTRO,PDF,DESCONHECIDO,NAO,
1Yp-jO4Y2_HO4URJfyMjwuYpO_pu11a71,01A_BRONZE_OFICIAL,RESOLUÇÃO SECRETARIA MUNICIPAL DE URBANISMO E LICENCIAMENTO - SMUL_CAEHIS Nº 3 DE 7 DE OUTUBRO DE 2021 « Catálogo de Legislação Municipal.pdf,application/pdf,pdf,76100,2026-03-08T22:40:14.327Z,2026-03-08T07:18:55Z,GOVERNANCA,PDF,DESCONHECIDO,NAO,
1ETQwZsbcJAR56-3fNh6ExEoBd8m_BiCo,01A_BRONZE_OFICIAL,DECRETO Nº 57.565 DE 27 DE DEZEMBRO DE 2016 « Catálogo de Legislação Municipal (1).pdf,application/pdf,pdf,173199,2026-03-08T22:40:14.342Z,2026-03-08T07:18:54Z,JURIDICO,DECRETO,OFICIAL,NAO,
1oqGmQH4SMOMbJMLeF2cdYWt0vzct0s2o,01A_BRONZE_OFICIAL,Portaria CAT 15 de 2003 (1).pdf,application/pdf,pdf,930754,2026-03-08T22:56:27.539Z,2026-03-08T03:14:04Z,JURIDICO,PORTARIA,OFICIAL,NAO,
1zPtckyB9mFPQvB0Pg8SrSkI-tUevabE8,01A_BRONZE_OFICIAL,dic_area_potencial_e_suspeita_de_contaminacao (1).xls,application/vnd.ms-excel,xls,47104,2026-03-08T22:52:18.634Z,2026-03-08T04:16:35Z,TDC,PLANILHA,DESCONHECIDO,NAO,
1Ed54Qobkwcj_eYrhyvPIt5ALaUl9UQAK,01A_BRONZE_OFICIAL,INSTRUÇÃO NORMATIVA SECRETARIA MUNICIPAL DE URBANISMO E LICENCIAMENTO - SMUL Nº 1 DE 16 DE OUTUBRO DE 2024 « Catálogo de Legislação Municipal.pdf,application/pdf,pdf,202457,2026-03-08T22:40:10.091Z,2026-03-08T07:18:54Z,GOVERNANCA,PDF,DESCONHECIDO,NAO,
17PU5Y6xT9UzokboPEiod1iatjYMvDlXM,01A_BRONZE_OFICIAL,biosampa_geosampa_apas (1).ods,application/vnd.oasis.opendocument.spreadsheet,ods,3613,2026-03-08T22:51:18.145Z,2026-03-08T04:30:20Z,GEO,PLANILHA,OFICIAL,NAO,
1QMLEUc5D-V956FyX8gU8gMZPS306d62M,01A_BRONZE_OFICIAL,geoportal_area_contaminada_reabilitada_svma (1).xlsx,application/vnd.openxmlformats-officedocument.spreadsheetml.sheet,xlsx,78472,2026-03-08T22:50:53.771Z,2026-03-08T04:32:00Z,OUTRO,PLANILHA,DESCONHECIDO,NAO,
1sedrFriE2wbcq15MBfxHdqbVTEsihq3J,01A_BRONZE_OFICIAL,Projeto de Intervenção Urbana apresentado por particular - Secretaria Municipal de Urbanismo e Licenciamento - Prefeitura.pdf,application/pdf,pdf,455756,2026-03-08T22:39:26.387Z,2026-03-08T07:18:54Z,OUTRO,PDF,OFICIAL,NAO,
1PprgiswozHgLDUy1-6Rvs_EPt0O31Tvd,01A_BRONZE_OFICIAL,11-24 - Exclusão de imóveis 05 e 06 do anexo I da Res. 11-23 - Página (1) (2).pdf,application/pdf,pdf,71270,2026-03-08T22:39:26.370Z,2026-03-08T07:18:53Z,OUTRO,PDF,DESCONHECIDO,NAO,
1Ewbb9Gx8d_SvhZZWKDNW9UXNqkoRYPxo,01A_BRONZE_OFICIAL,area_potencial_e_suspeita_de_contaminacao (1).ods,application/vnd.oasis.opendocument.spreadsheet,ods,420097,2026-03-08T22:51:19.589Z,2026-03-08T04:17:50Z,TDC,PLANILHA,DESCONHECIDO,NAO,
1pEWvYmBcx35tHC34DuTql1o_sgtfL5sL,01A_BRONZE_OFICIAL,10-24 - Tombamento da Escola Panamericana de Artes - Página (1).pdf,application/pdf,pdf,75666,2026-03-08T22:39:10.412Z,2026-03-08T07:18:53Z,OUTRO,PDF,DESCONHECIDO,NAO,
1VCQvF8UbGymPK-uGdw1A5kH0i1VQLUJf,01A_BRONZE_OFICIAL,Quadro 3B - Composição da pontuação da Quota Ambiental (1).pdf,application/pdf,pdf,704799,2026-03-08T22:39:07.574Z,2026-03-08T07:18:54Z,OUTRO,PDF,DESCONHECIDO,NAO,
1BnbjLk0ERQgv0XNEcCGSd-4dEoNQHP6f,01A_BRONZE_OFICIAL,01-23 - APT - Associação Feminina Beneficente e Instrutiva Analia Franco - Página (1).pdf,application/pdf,pdf,74813,2026-03-08T22:38:54.337Z,2026-03-08T07:18:52Z,OUTRO,PDF,DESCONHECIDO,NAO,
1Zau8EwAGHE1aCagCzMaOyt_IZiCOASdh,01A_BRONZE_OFICIAL,RESOLUÇÃO SECRETARIA MUNICIPAL DE URBANISMO E LICENCIAMENTO - SMUL_CTLU Nº 1 DE 27 DE FEVEREIRO DE 2023 « Catálogo de Legislação Municipal (2).pdf,application/pdf,pdf,147706,2026-03-08T22:38:48.957Z,2026-03-08T07:18:55Z,GOVERNANCA,PDF,DESCONHECIDO,NAO,
12WNPJo16sRn68lzdoCu7TXWtjP7AdlnS,01A_BRONZE_OFICIAL,RESOLUÇÃO SECRETARIA MUNICIPAL DE LICENCIAMENTO - SEL_CEUSO Nº 139 DE 27 DE ABRIL DE 2020 « Catálogo de Legislação Municipal.pdf,application/pdf,pdf,86235,2026-03-08T22:38:48.152Z,2026-03-08T07:18:54Z,GOVERNANCA,PDF,DESCONHECIDO,NAO,
1lmqrm3KdKwsR8P-bW_0SwnGdSOIgukts,01A_BRONZE_OFICIAL,dic_area_potencial_e_suspeita_de_contaminacao.xls,application/vnd.ms-excel,xls,47104,2026-03-08T22:50:52.987Z,2026-03-08T04:16:35Z,TDC,PLANILHA,DESCONHECIDO,NAO,
1kljdoBlQFGNn9ZfYi7NsSAu28rgSgv4W,01A_BRONZE_OFICIAL,02-23 - APT Cemiterio de São Paulo.pdf,application/pdf,pdf,82263,2026-03-08T22:38:31.159Z,2026-03-08T07:18:53Z,OUTRO,PDF,DESCONHECIDO,NAO,
14QEt0AtAaGH_eICW1_t2tCsOU4J8s2Xr,01A_BRONZE_OFICIAL,19-25 - Revisão da Resolução 05-2020 - Página.pdf,application/pdf,pdf,179372,2026-03-08T22:38:26.745Z,2026-03-08T07:18:54Z,OUTRO,PDF,DESCONHECIDO,NAO,
14JXh_1AU-tDhQPZbk_NalxTX02Jrd5yO,01A_BRONZE_OFICIAL,Declaração de Potencial Construtivo Passível de Transferência - Secretaria Municipal de Urbanismo e Licenciamento - Prefeitura.pdf,application/pdf,pdf,468616,2026-03-08T22:38:15.597Z,2026-03-08T07:18:54Z,TDC,PDF,OFICIAL,NAO,
1Drrhh3nKwL5407a51AebrwtaaFGmZtpf,01A_BRONZE_OFICIAL,03-25 - Arquivamento da Mancha H da Res.11-23 - Página (2).pdf,application/pdf,pdf,103945,2026-03-08T22:38:06.957Z,2026-03-08T07:18:53Z,OUTRO,PDF,DESCONHECIDO,NAO,
1ICAbZ57W_5LdDY-jyKleYjfqYGYRHs8u,01A_BRONZE_OFICIAL,dicionario_geosampa_apas_variaveis (1).csv,text/csv,csv,1549,2026-03-08T22:49:07.456Z,2026-03-08T04:30:03Z,GEO,TABELA_DADO,OFICIAL,NAO,
15myKX357jWnCT_-_gUBUXcv2qJwJUmI2,01A_BRONZE_OFICIAL,metadados_geosampa_apas.ods,application/vnd.oasis.opendocument.spreadsheet,ods,6573,2026-03-08T22:49:00.251Z,2026-03-08T04:30:11Z,GEO,PLANILHA,OFICIAL,NAO,
1aM5jpxuN9vQd7V8uTB6qOcYg3Torelc-,01A_BRONZE_OFICIAL,DECRETO Nº 63.423 DE 21 DE MAIO DE 2024 « Catálogo de Legislação Municipal (1).pdf,application/pdf,pdf,119333,2026-03-08T22:37:46.076Z,2026-03-08T07:18:54Z,JURIDICO,DECRETO,OFICIAL,NAO,
1-20064Tf6PhH-HJfzSHyXgJJpopxRw5e,01A_BRONZE_OFICIAL,10-25 - APT do Mobiliário Bar Balcão - Página.pdf,application/pdf,pdf,70668,2026-03-08T22:37:46.114Z,2026-03-08T07:18:53Z,OUTRO,PDF,DESCONHECIDO,NAO,
1ZiC-i1nKsfPqxId4ZmIEia4YzkJcXbSm,01A_BRONZE_OFICIAL,15-25 - APT do Campo dos Engenheiros - Página (2).pdf,application/pdf,pdf,57296,2026-03-08T22:37:45.545Z,2026-03-08T07:18:53Z,OUTRO,PDF,DESCONHECIDO,NAO,
1kUpw1yC4RiabbEbOYCO21JQ2mZjNPSrx,01A_BRONZE_OFICIAL,"03-24 - Tombamento do Conjunto da Escadaria da Rua Alves Guimarães - Anexos I, II e III - Página.pdf",application/pdf,pdf,63703,2026-03-08T22:37:43.271Z,2026-03-08T07:18:53Z,OUTRO,PDF,DESCONHECIDO,NAO,
1RxttP94l5bveafN3Vd1Pi9ILhj9Uvbex,01A_BRONZE_OFICIAL,DECRETO Nº 64.018 DE 30 DE JANEIRO DE 2025 « Catálogo de Legislação Municipal.pdf,application/pdf,pdf,304988,2026-03-08T22:37:42.610Z,2026-03-08T07:18:54Z,JURIDICO,DECRETO,OFICIAL,NAO,
1lAqOdl4m4a_ZPNtNL9JarrOmGIdeQdY7,01A_BRONZE_OFICIAL,LEI Nº 17.844 DE 14 DE SETEMBRO DE 2022 « Catálogo de Legislação Municipal (1).pdf,application/pdf,pdf,632288,2026-03-08T22:37:42.584Z,2026-03-08T07:18:54Z,JURIDICO,LEI,OFICIAL,NAO,
1s9chaUAJ0M3IvWGMzf4o_S43ERm4enDF,01A_BRONZE_OFICIAL,13-24 - APT do Terreiro de Candomblé Ilé Dara Asé Òsun Eyin - Mapa (2).pdf,application/pdf,pdf,1304254,2026-03-08T22:37:42.550Z,2026-03-08T07:18:53Z,GEO,PDF,DESCONHECIDO,NAO,
1df-YG01DH9l6NUt5CC6o5PHNC9LzSkn8,01A_BRONZE_OFICIAL,09-24 - Revalidação de Registro do Teatro de Grupo da Cidade - Página.pdf,application/pdf,pdf,75598,2026-03-08T22:37:38.556Z,2026-03-08T07:18:53Z,OUTRO,AUDITORIA,DESCONHECIDO,NAO,
1d-V0wboLE3MrJRKIhGfxmHgfrlVSHrNo,01A_BRONZE_OFICIAL,RESOLUÇÃO SECRETARIA MUNICIPAL DE URBANISMO E LICENCIAMENTO - SMUL_CTLU Nº 1 DE 27 DE FEVEREIRO DE 2023 « Catálogo de Legislação Municipal.pdf,application/pdf,pdf,147706,2026-03-08T22:37:17.299Z,2026-03-08T07:18:55Z,GOVERNANCA,PDF,DESCONHECIDO,NAO,
1UUqrfK1bCnj_qbQ-yk_yYVPnTFqV-UYg,01A_BRONZE_OFICIAL,DECRETO Nº 58.028 DE 11 DE DEZEMBRO DE 2017 « Catálogo de Legislação Municipal.pdf,application/pdf,pdf,150476,2026-03-08T22:37:08.691Z,2026-03-08T07:18:54Z,JURIDICO,DECRETO,OFICIAL,NAO,
1mSH4l4UOKH0ILfhYmBu6W1ATPFk6kBt-,01A_BRONZE_OFICIAL,metadados_area_potencial_e_suspeita_de_contaminacao.csv,text/csv,csv,4197,2026-03-08T22:49:07.635Z,2026-03-08T04:17:31Z,TDC,TABELA_DADO,DESCONHECIDO,NAO,
1DXvLSMKWh0DP1b1RrAOQRWfloWuyIDmB,01A_BRONZE_OFICIAL,dic_area_potencial_e_suspeita_de_contaminacao-arquivo (1).csv,text/csv,csv,352,2026-03-08T22:49:00.311Z,2026-03-08T04:16:53Z,TDC,TABELA_DADO,DESCONHECIDO,NAO,
1nK-AsoIOLYPHDEjv93Phn7WcFAV5sTbw,01A_BRONZE_OFICIAL,aceleracoes_proponentes.xlsx,application/vnd.openxmlformats-officedocument.spreadsheetml.sheet,xlsx,14036,2026-03-08T22:48:35.572Z,2026-03-08T04:23:00Z,OUTRO,PLANILHA,DESCONHECIDO,NAO,
1T3pqWJqkkuupWEGHhJaRsO2GtTf68rDN,01A_BRONZE_OFICIAL,geoportal_area_contaminada_reabilitada_svma.xlsx,application/vnd.openxmlformats-officedocument.spreadsheetml.sheet,xlsx,78472,2026-03-08T22:47:56.342Z,2026-03-08T04:32:00Z,OUTRO,PLANILHA,DESCONHECIDO,NAO,
1h8nt9VGGiPh4qEmf-dqS1aNzg0vO3izo,01A_BRONZE_OFICIAL,area_potencial_e_suspeita_de_contaminacao.csv,text/csv,csv,956264,2026-03-08T22:48:20.281Z,2026-03-08T04:17:41Z,TDC,TABELA_DADO,DESCONHECIDO,NAO,
12t3KTqJXA8AJIOG5GjWC1ftoWvLHKYzN,01A_BRONZE_OFICIAL,L16642 (1).pdf,application/pdf,pdf,305639,2026-03-08T22:54:43.565Z,2026-03-08T02:24:31Z,OUTRO,PDF,DESCONHECIDO,NAO,
1RMMgvLW6b4YXu3skMuCj8-irLRqkedi-,01A_BRONZE_OFICIAL,metadadosgeoportal_area_contaminada_reabilitada_svma (1).csv,text/csv,csv,2967,2026-03-08T22:45:45.921Z,2026-03-08T04:31:52Z,OUTRO,TABELA_DADO,DESCONHECIDO,NAO,
1JvfN9IkBcfGN44Su6xnnR3Z4CM8CR0Gh,01A_BRONZE_OFICIAL,puliccompletaport_alt (1).pdf,application/pdf,pdf,24167484,2026-03-08T22:54:02.099Z,2026-03-08T02:27:00Z,OUTRO,PDF,DESCONHECIDO,NAO,
1bzX2QeUwA6LlfAvotFbWkml51MKNvvsI,01A_BRONZE_OFICIAL,metadadosgeoportal_area_contaminada_reabilitada_svma.csv,text/csv,csv,2967,2026-03-08T22:45:36.710Z,2026-03-08T04:31:52Z,OUTRO,TABELA_DADO,DESCONHECIDO,NAO,
1yztqhOsNtbpnWgYAw5cxiUmQMlhIl8Xh,01A_BRONZE_OFICIAL,dic_area_potencial_e_suspeita_de_contaminacao-variaveis.csv,text/csv,csv,1569,2026-03-08T22:46:21.816Z,2026-03-08T04:17:01Z,TDC,TABELA_DADO,DESCONHECIDO,NAO,
1iqAtZbMs2I-R23EtBtkvxvAkLWphL6-1,01A_BRONZE_OFICIAL,biosampa_geosampa_apas.ods,application/vnd.oasis.opendocument.spreadsheet,ods,3613,2026-03-08T22:45:25.268Z,2026-03-08T04:30:20Z,GEO,PLANILHA,OFICIAL,NAO,
11XBWptxwpewOYubmAj6aV9c_g1S9hc58,01A_BRONZE_OFICIAL,L16642 (2).pdf,application/pdf,pdf,305639,2026-03-08T22:53:34.566Z,2026-03-08T02:24:31Z,OUTRO,PDF,DESCONHECIDO,NAO,
1-0O84cxD8H1fbqFFftG7RUzKSo5lNGeR,01A_BRONZE_OFICIAL,metadados_area_potencial_e_suspeita_de_contaminacao.xls,application/vnd.ms-excel,xls,41472,2026-03-08T22:45:48.963Z,2026-03-08T04:17:12Z,TDC,PLANILHA,DESCONHECIDO,NAO,
1wgHKuej8P5Dr3A92OTj6Fg0YM2bOBuKp,01A_BRONZE_OFICIAL,ddf-01.26 (1).xlsx,application/vnd.openxmlformats-officedocument.spreadsheetml.sheet,xlsx,50677,2026-03-08T22:43:55.541Z,2026-03-08T04:35:54Z,OUTRO,PLANILHA,DESCONHECIDO,NAO,
1v9pZ_RJKE8PvyTB3BP6TKLZcXvmCOzsx,01A_BRONZE_OFICIAL,dicionario_geosampa_apas_variaveis.csv,text/csv,csv,1549,2026-03-08T22:44:13.469Z,2026-03-08T04:30:03Z,GEO,TABELA_DADO,OFICIAL,NAO,
1DNICyPFGWu49dsgmJNsTuCrpr6hDzCa0,01A_BRONZE_OFICIAL,layer_geosampa_apas.gpkg,application/octet-stream,gpkg,270336,2026-03-08T22:44:10.573Z,2026-03-08T04:30:25Z,GEO,OUTRO,OFICIAL,NAO,
1_QIxFXuIQfIPqF68nfjYajniTqdsoRUp,01A_BRONZE_OFICIAL,dic_area_potencial_e_suspeita_de_contaminacao (1).ods,application/vnd.oasis.opendocument.spreadsheet,ods,5243,2026-03-08T22:45:04.595Z,2026-03-08T04:16:47Z,TDC,PLANILHA,DESCONHECIDO,NAO,
1N8ITxvm7aKpUl8Q6T9lEfp9pDWx1uBLB,01A_BRONZE_OFICIAL,Portaria CAT 15 de 2003.pdf,application/pdf,pdf,930754,2026-03-08T22:48:45.620Z,2026-03-08T03:14:04Z,JURIDICO,PORTARIA,OFICIAL,NAO,
1MHyYkwZ-Qm-waD-T2vgGj4bQnUHaRsNp,01A_BRONZE_OFICIAL,metadados_area_potencial_e_suspeita_de_contaminacao (1).ods,application/vnd.oasis.opendocument.spreadsheet,ods,6197,2026-03-08T22:44:21.242Z,2026-03-08T04:17:19Z,TDC,PLANILHA,DESCONHECIDO,NAO,
1EuX6XY5zvKqW9miSE5Agw8DSebZoMhtl,01A_BRONZE_OFICIAL,Portaria CAT 15 de 2003 (2).pdf,application/pdf,pdf,930754,2026-03-08T22:47:59.334Z,2026-03-08T03:14:04Z,JURIDICO,PORTARIA,OFICIAL,NAO,
1DKSqqkncXlPjSucyzZMFgQD7BulEdMr2,01A_BRONZE_OFICIAL,aceleracoes_proponentes (1).xlsx,application/vnd.openxmlformats-officedocument.spreadsheetml.sheet,xlsx,14036,2026-03-08T22:43:05.964Z,2026-03-08T04:23:00Z,OUTRO,PLANILHA,DESCONHECIDO,NAO,
1OXDtX7whO4SbB4nTElhjhjAw7CTbN8mu,01A_BRONZE_OFICIAL,L10257 (1).pdf,application/pdf,pdf,470770,2026-03-08T22:50:22.181Z,2026-03-08T02:27:12Z,OUTRO,PDF,DESCONHECIDO,NAO,
1R7kzdDhy0kq15Sc2RRKRP0z62Y7byGe5,01A_BRONZE_OFICIAL,ddf-01.26.xlsx,application/vnd.openxmlformats-officedocument.spreadsheetml.sheet,xlsx,50677,2026-03-08T22:41:36.372Z,2026-03-08T04:35:54Z,OUTRO,PLANILHA,DESCONHECIDO,NAO,
1duVeKtE7SFJzMBqeZE9ByvDgH7o_pbci,01A_BRONZE_OFICIAL,ddf-12.25.xlsx,application/vnd.openxmlformats-officedocument.spreadsheetml.sheet,xlsx,71514,2026-03-08T22:41:19.344Z,2026-03-08T04:36:07Z,OUTRO,PLANILHA,DESCONHECIDO,NAO,
1Ahu7lNvv7gKChUUH9MRTXLK8v_ShQfyz,01A_BRONZE_OFICIAL,area_potencial_e_suspeita_de_contaminacao (1).xlsx,application/vnd.openxmlformats-officedocument.spreadsheetml.sheet,xlsx,699694,2026-03-08T22:42:15.500Z,2026-03-08T04:17:57Z,TDC,PLANILHA,DESCONHECIDO,NAO,
1ZVgot7I2yJL6nAaw0-k05GWhEh2429Vc,01A_BRONZE_OFICIAL,L12651 (1).pdf,application/pdf,pdf,934224,2026-03-08T22:48:29.428Z,2026-03-08T02:28:34Z,OUTRO,PDF,DESCONHECIDO,NAO,
1_S5HhiFJIZl9biQTW1cVCIMYOqrkkFeY,01A_BRONZE_OFICIAL,dicionario_geosampa_apas (1).xls,application/vnd.ms-excel,xls,47104,2026-03-08T22:40:18.977Z,2026-03-08T04:29:42Z,GEO,PLANILHA,OFICIAL,NAO,
1JDTBl35ikrnWu3d0_tsYqoDDm2ZQrFcQ,01A_BRONZE_OFICIAL,metadados_geosampa_apas (1).ods,application/vnd.oasis.opendocument.spreadsheet,ods,6573,2026-03-08T22:39:07.557Z,2026-03-08T04:30:11Z,GEO,PLANILHA,OFICIAL,NAO,
1j3wgu9-NbDXGbaUFBzrYCSNxtg8gnO6F,01A_BRONZE_OFICIAL,metadados_area_potencial_e_suspeita_de_contaminacao (1).xls,application/vnd.ms-excel,xls,41472,2026-03-08T22:38:48.938Z,2026-03-08T04:17:12Z,TDC,PLANILHA,DESCONHECIDO,NAO,
1smb_Xr-IKT1ZRcbaa-dx6J_Fdkhb3Imp,01A_BRONZE_OFICIAL,area_potencial_e_suspeita_de_contaminacao (1).csv,text/csv,csv,956264,2026-03-08T22:38:25.899Z,2026-03-08T04:17:41Z,TDC,TABELA_DADO,DESCONHECIDO,NAO,
1W3r4bNQVJobY-ALtTyD_rQ3DgRKzAKby,01A_BRONZE_OFICIAL,RESOLUÇÃO SECRETARIA MUNICIPAL DE DESENVOLVIMENTO URBANO - SMDU_CTLU Nº 12 DE 17 DE DEZEMBRO DE 2020 « Catálogo de Legislação Municipal.md,text/markdown,md,3923,2026-03-08T22:56:29.905Z,2026-03-07T23:33:30Z,GOVERNANCA,OUTRO,DESCONHECIDO,NAO,
1tQQDjKXYFYgCBagJgQCbJymUfbpL7WSh,01A_BRONZE_OFICIAL,MOTOR_3_CATALOGO_ESPACIAL.md,text/markdown,md,24934,2026-03-08T22:40:24.746Z,2026-03-08T03:28:37Z,GOVERNANCA,OUTRO,DESCONHECIDO,NAO,
10uOeEyq84VCy1gmsf_vMdwb6Zz7kPSt2,01A_BRONZE_OFICIAL,LEI Nº 18.081 DE 19 DE JANEIRO DE 2024 « Catálogo de Legislação Municipal.md,text/markdown,md,131846,2026-03-08T22:55:36.399Z,2026-03-07T23:33:30Z,JURIDICO,LEI,OFICIAL,NAO,
1y1LrUXewhMDXUAPS7HaVu9ztPqVC9WzU,01A_BRONZE_OFICIAL,11-23 - APT Perímetro Cerqueira César - Página (2).md,text/markdown,md,8833,2026-03-08T22:55:34.796Z,2026-03-07T23:33:09Z,OUTRO,OUTRO,DESCONHECIDO,NAO,
1dcgeEDxchWl7xYxTqWu0rpJ1hVvFKB2C,01A_BRONZE_OFICIAL,03-24 - Tombamento do Conjunto da Escadaria da Rua Alves Guimarães - Página.md,text/markdown,md,6304,2026-03-08T22:55:21.092Z,2026-03-07T23:33:08Z,OUTRO,OUTRO,DESCONHECIDO,NAO,
14ugliePoE0ZA5M3mQz-xqMmcl69g4C3q,01A_BRONZE_OFICIAL,LEI Nº 16.050 DE 31 DE JULHO DE 2014 « Catálogo de Legislação Municipal.md,text/markdown,md,624172,2026-03-08T22:54:54.162Z,2026-03-07T23:33:49Z,JURIDICO,LEI,OFICIAL,NAO,
1cc9GXkRuoLhaZIrCzcxSSZQfHL6X_5yl,01A_BRONZE_OFICIAL,DECRETO Nº 60.581 DE 27 DE SETEMBRO DE 2021 « Catálogo de Legislação Municipal.md,text/markdown,md,11218,2026-03-08T22:54:36.417Z,2026-03-07T23:33:20Z,JURIDICO,DECRETO,OFICIAL,NAO,
1R_iVCrf3BnrfWiNScY1RuNYWILqQ4PmP,01A_BRONZE_OFICIAL,14-23 -APT Solar Fábio Prado.md,text/markdown,md,3296,2026-03-08T22:54:17.348Z,2026-03-07T23:33:13Z,OUTRO,OUTRO,DESCONHECIDO,NAO,
1Ftoy1AYOQwHJG8QUyFob6mIZyHQ_KmSU,01A_BRONZE_OFICIAL,14-25 - APT do Mirante de Santana e da Praça Vaz Guaçu - Página.md,text/markdown,md,3610,2026-03-08T22:52:18.019Z,2026-03-07T23:33:12Z,OUTRO,OUTRO,DESCONHECIDO,NAO,
1vqZS1h5wKSXPYkN8T9WJEbeAAgrM8J3R,01A_BRONZE_OFICIAL,RESOLUÇÃO SECRETARIA MUNICIPAL DE URBANISMO E LICENCIAMENTO - SMUL_CEUSO Nº 150 DE 22 DE AGOSTO DE 2022 « Catálogo de Legislação Municipal.md,text/markdown,md,4425,2026-03-08T22:52:09.923Z,2026-03-07T23:33:29Z,GOVERNANCA,OUTRO,DESCONHECIDO,NAO,
1TUFQu86u2xmCw3kxdtEtlAC965hwAwoy,01A_BRONZE_OFICIAL,Lcp 227 (1).pdf,application/pdf,pdf,976839,2026-03-08T22:37:12.745Z,2026-03-08T03:12:36Z,OUTRO,PDF,DESCONHECIDO,NAO,
1w5C8PTG5RHj3ogZfnYTmsvnZgv3g0pvU,01A_BRONZE_OFICIAL,DECRETO Nº 57.565 DE 27 DE DEZEMBRO DE 2016 « Catálogo de Legislação Municipal.md,text/markdown,md,23317,2026-03-08T22:51:35.864Z,2026-03-07T23:33:17Z,JURIDICO,DECRETO,OFICIAL,NAO,
1__JQm_-V8Dz4msXU9v0Gcx6eFRXMBGWj,01A_BRONZE_OFICIAL,Projeto de Intervenção Urbana apresentado por particular - Secretaria Municipal de Urbanismo e Licenciamento - Prefeitura.md,text/markdown,md,6577,2026-03-08T22:51:29.694Z,2026-03-07T23:33:29Z,OUTRO,OUTRO,OFICIAL,NAO,
1zNqj-Eq_6uB4IfavdfVNkYSIZ2rXjVDf,01A_BRONZE_OFICIAL,Resolucao 07-23_Mancha dos Bombeiros.md,text/markdown,md,3525,2026-03-08T22:51:18.963Z,2026-03-07T23:33:27Z,OUTRO,OUTRO,DESCONHECIDO,NAO,
1SshNOX84mTWQ5HM3GRVFVqZgywhDNVRz,01A_BRONZE_OFICIAL,10-23 - Tombamento Vila João Migliari.md,text/markdown,md,9896,2026-03-08T22:50:28.960Z,2026-03-07T23:33:10Z,OUTRO,OUTRO,DESCONHECIDO,NAO,
1BlOQ4krlLR-RE_7cSy4dJV_qsWPutX-S,01A_BRONZE_OFICIAL,catalogo_oficiais_para_preenchimento_20260307_223820.csv,text/csv,csv,67898,2026-03-08T22:54:06.003Z,2026-03-07T22:38:28Z,GOVERNANCA,TABELA_DADO,DESCONHECIDO,NAO,
1mQQF91JnG2JdcH7rrOdblWnHojkMUF17,01A_BRONZE_OFICIAL,re0719raeteatromunicipalpdf_1563473222.md,text/markdown,md,4825,2026-03-08T22:50:17.004Z,2026-03-07T23:34:44Z,OUTRO,OUTRO,DESCONHECIDO,NAO,
1dlvDm7_hcIYbHpjLBu7vrY6bUYQS7OzW,01A_BRONZE_OFICIAL,07-25 - Enquadramento como ZEPEC-APC do Território Augusta de Cinema - Página.md,text/markdown,md,5275,2026-03-08T22:50:19.296Z,2026-03-07T23:33:10Z,TDC,OUTRO,DESCONHECIDO,NAO,
1dCep2NzIkFbLCpK4VnNasL9sfELJW0mU,01A_BRONZE_OFICIAL,PORTARIA SECRETARIA MUNICIPAL DE URBANISMO E LICENCIAMENTO - SMUL Nº 172 DE 10 DE DEZEMBRO DE 2024 « Catálogo de Legislação Municipal.md,text/markdown,md,17194,2026-03-08T22:50:15.384Z,2026-03-07T23:33:30Z,JURIDICO,PORTARIA,OFICIAL,NAO,
1_AyJlEVZjyIneXgSzbuYkOLHGpzunjtC,01A_BRONZE_OFICIAL,RESOLUÇÃO SECRETARIA MUNICIPAL DE CULTURA - SMC_CONPRESP Nº 22 DE 13 DE DEZEMBRO DE 2002 « Catálogo de Legislação Municipal.md,text/markdown,md,60204,2026-03-08T22:50:03.708Z,2026-03-07T23:33:29Z,GOVERNANCA,JURISPRUDENCIA,OFICIAL,NAO,
1IWuocfaShto9jlM1MzXIxssSHXqOOimc,01A_BRONZE_OFICIAL,07-20 - APT do Jardim Alfomares - para página.md,text/markdown,md,3553,2026-03-08T22:49:47.258Z,2026-03-07T23:34:48Z,OUTRO,OUTRO,DESCONHECIDO,NAO,
1ezWEkupAiCDJn5ZRr6U2ZPz3RwWS-1-L,01A_BRONZE_OFICIAL,10-25 - APT do Mobiliário Bar Balcão - Página.md,text/markdown,md,2387,2026-03-08T22:49:52.077Z,2026-03-07T23:33:10Z,OUTRO,OUTRO,DESCONHECIDO,NAO,
1F5kFhvy8vTQxoSrLy0sOvVhcf8dXTk2s,01A_BRONZE_OFICIAL,criao_e_regulamentao_do_inventrio_memria_paulistana_-_13_1570640688.md,text/markdown,md,7330,2026-03-08T22:49:39.464Z,2026-03-07T23:34:48Z,OUTRO,OUTRO,DESCONHECIDO,NAO,
19aXy70K_8CS7zGGSknJuD5sGpwtCkwca,01A_BRONZE_OFICIAL,OUAguaBrancaFinanceiroOutorgaMar24_Publicacao.md,text/markdown,md,1359,2026-03-08T22:49:32.187Z,2026-03-07T23:33:26Z,TDC,OUTRO,DESCONHECIDO,NAO,
1wGmAuBfoi28XdhFW0i4Vk5bs6L5eJWaV,01A_BRONZE_OFICIAL,LPUOS_2024_REVISAO.md,text/markdown,md,1125,2026-03-08T22:49:18.868Z,2026-03-07T23:34:47Z,OUTRO,OUTRO,DESCONHECIDO,NAO,
1PVtsn1OtSbA5zpIEfA1bdKUDO6930Ea5,01A_BRONZE_OFICIAL,re0319aptconjuntocasasavconsrodriguesalves275a289pdf_1555529880.md,text/markdown,md,3064,2026-03-08T22:48:54.671Z,2026-03-07T23:35:09Z,OUTRO,OUTRO,DESCONHECIDO,NAO,
190rZThAyWyce0t3D82kPRAaPFR--c2X_,01A_BRONZE_OFICIAL,Pedido de Reconhecimento de Complexo de Saúde por Particular - Secretaria Municipal de Urbanismo e Licenciamento - Prefeitura.md,text/markdown,md,6194,2026-03-08T22:48:49.235Z,2026-03-07T23:33:29Z,OUTRO,CODEX_DOC,OFICIAL,NAO,
1KImtJL7OGxxoRqIwF3j7HdfKaeqjuvYX,01A_BRONZE_OFICIAL,OUAguaBranca31dez18_EstoqueConsumidoOutorga.md,text/markdown,md,12214,2026-03-08T22:48:45.601Z,2026-03-07T23:33:22Z,TDC,OUTRO,DESCONHECIDO,NAO,
13hO6babfq6AiRDV-5tnhaOqtKkQqPFoh,01A_BRONZE_OFICIAL,2024_01_15 - Livreto Cartilha de Calçadas 2024 - Vrs NOVA NORMA - V12-1-24_compressed(1).md,text/markdown,md,22091,2026-03-08T22:48:36.997Z,2026-03-07T23:33:48Z,OUTRO,OUTRO,DESCONHECIDO,NAO,
1EUBzD6VgVaWNyBgQ3BRJ0keOoXmJfbSa,01A_BRONZE_OFICIAL,LEI Nº 17.202 DE 16 DE OUTUBRO DE 2019 « Catálogo de Legislação Municipal.md,text/markdown,md,36533,2026-03-08T22:48:33.107Z,2026-03-07T23:33:21Z,JURIDICO,LEI,OFICIAL,NAO,
1cHVtLC5r30n60bO0o0OxvN1wOep9KY1T,01A_BRONZE_OFICIAL,12-24 - Arquivamento da APT de Residência na Rua General Isidoro Dias Lopes n° 36 - Vila Amália - Página (1).md,text/markdown,md,2690,2026-03-08T22:48:27.620Z,2026-03-07T23:33:11Z,OUTRO,OUTRO,DESCONHECIDO,NAO,
1BpMJxgCNBEOs0cqIsTyd6aBcgvNJQ-OK,01A_BRONZE_OFICIAL,PORTARIA SECRETARIA MUNICIPAL DE COORDENAÇÃO DAS SUBPREFEITURAS - SMSP Nº 20 DE 3 DE MAIO DE 2016 « Catálogo de Legislação Municipal.md,text/markdown,md,3035,2026-03-08T22:48:24.625Z,2026-03-07T23:33:30Z,JURIDICO,PORTARIA,OFICIAL,NAO,
1Pw2Em3v8rrIRMs5Fd9FUeNS1mZh2wIj-,01A_BRONZE_OFICIAL,11-23 - APT Perímetro Cerqueira César - Página (3).md,text/markdown,md,8833,2026-03-08T22:47:44.764Z,2026-03-07T23:33:11Z,OUTRO,OUTRO,DESCONHECIDO,NAO,
1kc8W0A1F1pIKWK8uRTwNwB9vsAor7Ve6,01A_BRONZE_OFICIAL,2021_37_Sao-Paulo_Bairros-dos-Jardins_1753237339808.md,text/markdown,md,62330,2026-03-08T22:47:32.424Z,2026-03-07T23:33:35Z,OUTRO,OUTRO,DESCONHECIDO,NAO,
1nzy4b1wUSYwl5FrHtzFtvfd8sYyDTZ8S,01A_BRONZE_OFICIAL,Transferência do Direito de Construir - Secretaria Municipal de Urbanismo e Licenciamento - Prefeitura2.md,text/markdown,md,5509,2026-03-08T22:47:11.872Z,2026-03-07T23:33:31Z,OUTRO,OUTRO,OFICIAL,NAO,
12OwcWbsKZ-93hIyYVSTKw1tVYcZZVPAF,01A_BRONZE_OFICIAL,20-24 - Arquivamento Parcial da Mancha D e ID 18 a 20 da Res.11-23 - Página.md,text/markdown,md,8338,2026-03-08T22:47:11.896Z,2026-03-07T23:33:12Z,OUTRO,OUTRO,DESCONHECIDO,NAO,
1hjm45zegKaP0s520AjGvZJhWpVBDajqx,01A_BRONZE_OFICIAL,tabela_2025_Retificado_em_12-02-25 (1).md,text/markdown,md,7576,2026-03-08T22:47:02.243Z,2026-03-07T23:33:31Z,OUTRO,OUTRO,DESCONHECIDO,NAO,
1aupvo-YmD5UomCMcH-oMPsfUJznCN9ba,01A_BRONZE_OFICIAL,DECRETO Nº 57.443 DE 10 DE NOVEMBRO DE 2016 « Catálogo de Legislação Municipal.md,text/markdown,md,33802,2026-03-08T22:46:54.432Z,2026-03-07T23:33:19Z,JURIDICO,DECRETO,OFICIAL,NAO,
1AOemlU363FdhF9ZOuwLTnFIkna8hAF-O,01A_BRONZE_OFICIAL,DECRETO Nº 63.728 DE 10 DE SETEMBRO DE 2024 « Catálogo de Legislação Municipal.md,text/markdown,md,216460,2026-03-08T22:46:53.482Z,2026-03-07T23:33:28Z,JURIDICO,DECRETO,OFICIAL,NAO,
1JluXbvi-YCc-OFcoPcIRbcK9xacuUmWg,01A_BRONZE_OFICIAL,06-22 - Patrimônio Cultural Imaterial - Novena solene em honra a Nossa Senhora do Carmo.md,text/markdown,md,3483,2026-03-08T22:46:23.317Z,2026-03-07T23:33:10Z,OUTRO,OUTRO,DESCONHECIDO,NAO,
1GZojXYKE5jPwuoEY-R3rd1yGbhSKVZN5,01A_BRONZE_OFICIAL,DECRETO Nº 64.018 DE 30 DE JANEIRO DE 2025 « Catálogo de Legislação Municipal.md,text/markdown,md,46026,2026-03-08T22:46:09.779Z,2026-03-07T23:33:22Z,JURIDICO,DECRETO,OFICIAL,NAO,
1zmF0wT0YwadogvcuK6DmEKlPy6easzwO,01A_BRONZE_OFICIAL,DECRETO Nº 58.094 DE 21 DE FEVEREIRO DE 2018 « Catálogo de Legislação Municipal.md,text/markdown,md,26320,2026-03-08T22:46:09.794Z,2026-03-07T23:33:20Z,JURIDICO,DECRETO,OFICIAL,NAO,
1IgGtxFLf8nagu5P8WiSORjtGrq_pndlV,01A_BRONZE_OFICIAL,21-24 - Reorganização do Selo de Valor Cultural - Página.md,text/markdown,md,6659,2026-03-08T22:46:01.913Z,2026-03-07T23:33:20Z,OUTRO,OUTRO,DESCONHECIDO,NAO,
1_ljW3uxU6HcJaZe5TrSrykrtWIyrDvwA,01A_BRONZE_OFICIAL,09-24 - Revalidação de Registro do Teatro de Grupo da Cidade - Página.md,text/markdown,md,4605,2026-03-08T22:46:01.897Z,2026-03-07T23:33:10Z,OUTRO,AUDITORIA,DESCONHECIDO,NAO,
19r-dfscG6Tx7ktYrfEqPXoEv9cOrFlmh,01A_BRONZE_OFICIAL,DECRETO Nº 63.504 DE 14 DE JUNHO DE 2024 « Catálogo de Legislação Municipal.md,text/markdown,md,44637,2026-03-08T22:45:55.290Z,2026-03-07T23:33:23Z,JURIDICO,DECRETO,OFICIAL,NAO,
1hpyDCSSWTLrYHWKue3uZUDED3nlJazXb,01A_BRONZE_OFICIAL,RESOLUÇÃO SECRETARIA MUNICIPAL DE URBANISMO E LICENCIAMENTO - SMUL_CAEHIS Nº 2 DE 2 DE SETEMBRO DE 2021 « Catálogo de Legislação Municipal.md,text/markdown,md,2249,2026-03-08T22:45:25.285Z,2026-03-07T23:33:31Z,GOVERNANCA,OUTRO,DESCONHECIDO,NAO,
1e1EnDSOCipg8X46HBD1ByjxQ5hLS36FI,01A_BRONZE_OFICIAL,LEI Nº 17.844 DE 14 DE SETEMBRO DE 2022 « Catálogo de Legislação Municipal.md,text/markdown,md,140238,2026-03-08T22:44:53.057Z,2026-03-07T23:33:25Z,JURIDICO,LEI,OFICIAL,NAO,
15nbTbyA1xP45CL9t32Nn2OpoKbOzmCwg,01A_BRONZE_OFICIAL,DECRETO Nº 59.671 DE 7 DE AGOSTO DE 2020 « Catálogo de Legislação Municipal.md,text/markdown,md,43186,2026-03-08T22:44:41.333Z,2026-03-07T23:33:19Z,JURIDICO,DECRETO,OFICIAL,NAO,
1ab5GTGSGH14fkulHSRZLi6VIq8KXvTeH,01A_BRONZE_OFICIAL,DECRETO Nº 58.176 DE 3 DE ABRIL DE 2018 « Catálogo de Legislação Municipal.md,text/markdown,md,4211,2026-03-08T22:44:21.259Z,2026-03-07T23:33:21Z,JURIDICO,DECRETO,OFICIAL,NAO,
1KZzGjJygBoleuiFZ5TuwvAWyQB_5FSvG,01A_BRONZE_OFICIAL,re0320exclusaoedestherwiltonpaesdealmeidares3792pdf_1600964301.md,text/markdown,md,6000,2026-03-08T22:44:15.014Z,2026-03-07T23:34:48Z,OUTRO,OUTRO,DESCONHECIDO,NAO,
1_uGn54gYD43d3Z5_mRwIlTya54CT8_1p,01A_BRONZE_OFICIAL,RESOLUÇÃO SECRETARIA MUNICIPAL DE CULTURA - SMC_CONPRESP Nº 13 DE 13 DE NOVEMBRO DE 2023.md,text/markdown,md,3735,2026-03-08T22:43:57.024Z,2026-03-07T23:33:31Z,OUTRO,JURISPRUDENCIA,OFICIAL,NAO,
1gaUGk3DfiFRsg3EcsOkAS457fOWiXKfE,01A_BRONZE_OFICIAL,17-24 - Arquivamento das Manchas E e F da Res.11-23 - Página.md,text/markdown,md,4298,2026-03-08T22:43:46.683Z,2026-03-07T23:33:12Z,OUTRO,OUTRO,DESCONHECIDO,NAO,
1a8CAkfTRzDLxwt4zNBxM27LA-QpbOC2d,01A_BRONZE_OFICIAL,Análise de Omissões da Legislação - Secretaria Municipal de Urbanismo e Licenciamento - Prefeitura.md,text/markdown,md,5328,2026-03-08T22:43:31.339Z,2026-03-07T23:33:18Z,OUTRO,AUDITORIA,OFICIAL,NAO,
17fGkC18e3tCeZfngbiQZBB64p-nZINv4,01A_BRONZE_OFICIAL,RESOLUÇÃO SECRETARIA MUNICIPAL DE URBANISMO E LICENCIAMENTO - SMUL_CEUSO Nº 146 DE 27 DE JANEIRO DE 2022 « Catálogo de Legislação Municipal.md,text/markdown,md,3782,2026-03-08T22:43:24.431Z,2026-03-07T23:33:31Z,GOVERNANCA,OUTRO,DESCONHECIDO,NAO,
1Yx23VYn7ivX7RGe3ZvxtIuhLTbCf068N,01A_BRONZE_OFICIAL,06-25 - Arquivamento dos IDs 42 a 48 da Res. 11-23 - Página (1).md,text/markdown,md,3540,2026-03-08T22:43:24.804Z,2026-03-07T23:33:07Z,OUTRO,OUTRO,DESCONHECIDO,NAO,
11N8_8AtG3977T5aYnFFqfBZUsmATjIDo,01A_BRONZE_OFICIAL,2017_61_Sao-Paulo_Praca-da-Se-e-Catedral-Metropolitana_1753284675356.md,text/markdown,md,29370,2026-03-08T22:43:19.894Z,2026-03-07T23:33:35Z,OUTRO,OUTRO,DESCONHECIDO,NAO,
1-R6KS6155FULpxmFMVCwvECXwT6DSoBL,01A_BRONZE_OFICIAL,RESOLUÇÃO SECRETARIA MUNICIPAL DE URBANISMO E LICENCIAMENTO - SMUL_CAEHIS Nº 3 DE 7 DE OUTUBRO DE 2021 « Catálogo de Legislação Municipal.md,text/markdown,md,2935,2026-03-08T22:43:14.865Z,2026-03-07T23:33:29Z,GOVERNANCA,OUTRO,DESCONHECIDO,NAO,
1Q2rkdoS4UHkQsMaaVTe4_WmWd6xMB_Zv,01A_BRONZE_OFICIAL,02-25 - Tombamento Ex Officio do Edifício Santo André - Página (1).md,text/markdown,md,6452,2026-03-08T22:43:15.666Z,2026-03-07T23:33:08Z,OUTRO,OUTRO,DESCONHECIDO,NAO,
1OrdFE4mhzeR8MXNhqiBdBLiEkQFMDjZO,01A_BRONZE_OFICIAL,Portal de Serviços e-SAJ5.md,text/markdown,md,3235,2026-03-08T22:43:09.648Z,2026-03-07T23:33:30Z,OUTRO,OUTRO,DESCONHECIDO,NAO,
1Ee97iD8M0gYR5_gEgInYh4lq6VMfPpFA,01A_BRONZE_OFICIAL,LPUOS_2016_BASE.md,text/markdown,md,6103,2026-03-08T22:42:58.859Z,2026-03-07T23:34:46Z,OUTRO,OUTRO,NOSSO,NAO,
13QzXCjy3ONkFsOKXd5ho59AYDd2tF3kM,01A_BRONZE_OFICIAL,DECRETO Nº 63.999 DE 30 DE DEZEMBRO DE 2024 « Catálogo de Legislação Municipal.md,text/markdown,md,3707,2026-03-08T22:42:53.047Z,2026-03-07T23:33:23Z,JURIDICO,DECRETO,OFICIAL,NAO,
1c-wlR41nUmkllaryJxB5izw_8oCWijHY,01A_BRONZE_OFICIAL,PORTARIA SECRETARIA MUNICIPAL DE LICENCIAMENTO - SEL Nº 15 DE 2 DE MAIO DE 2016 « Catálogo de Legislação Municipal.md,text/markdown,md,6988,2026-03-08T22:42:15.688Z,2026-03-07T23:33:30Z,JURIDICO,PORTARIA,OFICIAL,NAO,
1jl3TJKYnnkMlqa-igAGyRAd_Ur2wyD8t,01A_BRONZE_OFICIAL,Declaração de Potencial Construtivo Passível de Transferência - Secretaria Municipal de Urbanismo e Licenciamento - Prefeitura.md,text/markdown,md,8547,2026-03-08T22:42:07.943Z,2026-03-07T23:33:20Z,TDC,OUTRO,OFICIAL,NAO,
1pOpv4Lsj25iak77qPoU_91CvEBAPjiDm,01A_BRONZE_OFICIAL,INSTRUÇÃO NORMATIVA SECRETARIA MUNICIPAL DE URBANISMO E LICENCIAMENTO - SMUL Nº 1 DE 16 DE OUTUBRO DE 2024 « Catálogo de Legislação Municipal.md,text/markdown,md,21040,2026-03-08T22:42:04.016Z,2026-03-07T23:33:22Z,GOVERNANCA,OUTRO,DESCONHECIDO,NAO,
1CBslUDxHEbTuNB6IJ7siY3sJQEkZCH8J,01A_BRONZE_OFICIAL,Portal de Serviços e-SAJ2.md,text/markdown,md,3117,2026-03-08T22:41:29.279Z,2026-03-07T23:33:27Z,OUTRO,OUTRO,DESCONHECIDO,NAO,
1OTgmgwyJu1NL9b5u4lTeGXwSx-dmP_kV,01A_BRONZE_OFICIAL,LEI Nº 17.217 DE 23 DE OUTUBRO DE 2019 « Catálogo de Legislação Municipal.md,text/markdown,md,15602,2026-03-08T22:41:27.727Z,2026-03-07T23:33:21Z,JURIDICO,LEI,OFICIAL,NAO,
1xNJ0kpawRUZ2WrQF-4yJSwCjplafnHCZ,01A_BRONZE_OFICIAL,re0519apt3edificioscondominiosantacruzpdf_1556910196.md,text/markdown,md,3851,2026-03-08T22:41:19.392Z,2026-03-07T23:35:14Z,OUTRO,OUTRO,DESCONHECIDO,NAO,
1zZ0I_eQnjvRkcby4x99cftYtlkNraWfd,01A_BRONZE_OFICIAL,19-25 - Revisão da Resolução 05-2020 - Página.md,text/markdown,md,3502,2026-03-08T22:41:19.359Z,2026-03-07T23:33:12Z,OUTRO,OUTRO,DESCONHECIDO,NAO,
1t7eM8l0BsppfjYJgaYH7DvgBA8QW5q67,01A_BRONZE_OFICIAL,2025_31_Sao-Paulo_RAE-Castelinho-da-Brigadeiro_1753229566887.md,text/markdown,md,7367,2026-03-08T22:41:16.332Z,2026-03-07T23:33:47Z,OUTRO,OUTRO,DESCONHECIDO,NAO,
1KmnTteNtLZT63enEHMzY8tOvaHv_QKpL,01A_BRONZE_OFICIAL,re1119aptchacarajabuticabeiraspdf_1601500641.md,text/markdown,md,3785,2026-03-08T22:40:44.398Z,2026-03-07T23:35:09Z,OUTRO,OUTRO,DESCONHECIDO,NAO,
1CfErZ5tSPaCbWH2j-ozmniBQUfb1_Vyo,01A_BRONZE_OFICIAL,DECRETO Nº 57.776 DE 7 DE JULHO DE 2017 « Catálogo de Legislação Municipal.md,text/markdown,md,97597,2026-03-08T22:40:46.569Z,2026-03-07T23:33:20Z,JURIDICO,DECRETO,OFICIAL,NAO,
1KC04SwViTxB7Zf-f1Ia4ChCLPBimqBwL,01A_BRONZE_OFICIAL,Portal de Serviços e-SAJ6.md,text/markdown,md,3831,2026-03-08T22:40:36.214Z,2026-03-07T23:33:28Z,OUTRO,OUTRO,DESCONHECIDO,NAO,
1LUl3uPBfUSUOPcC_aLPI1DQUYvn4Iewl,01A_BRONZE_OFICIAL,DECRETO Nº 59.886 DE 4 DE NOVEMBRO DE 2020 « Catálogo de Legislação Municipal.md,text/markdown,md,23271,2026-03-08T22:40:29.736Z,2026-03-07T23:33:20Z,JURIDICO,DECRETO,OFICIAL,NAO,
15z49rzNEWTJXDGeuFVJazg93-ZpVogun,01A_BRONZE_OFICIAL,10-24 - Tombamento da Escola Panamericana de Artes - Página.md,text/markdown,md,4530,2026-03-08T22:40:27.601Z,2026-03-07T23:33:09Z,OUTRO,OUTRO,DESCONHECIDO,NAO,
1pE0CxI-1mfgluKVxlr7cUGbZ407tJE_E,01A_BRONZE_OFICIAL,02-21 - APT  Avenida Angélica 1900.md,text/markdown,md,3544,2026-03-08T22:40:24.762Z,2026-03-07T23:33:07Z,OUTRO,OUTRO,DESCONHECIDO,NAO,
1WGBk_BJLfVNzQ7tlLr2tQeeYn0pMdUTk,01A_BRONZE_OFICIAL,02-25 - Tombamento Ex Officio do Edifício Santo André - Página.md,text/markdown,md,6448,2026-03-08T22:40:10.922Z,2026-03-07T23:33:07Z,OUTRO,OUTRO,DESCONHECIDO,NAO,
1MfXHJFbMlo_GT9DTilcm-VfSkZNG1ebi,01A_BRONZE_OFICIAL,LEI Nº 18.222 DE 27 DE DEZEMBRO DE 2024 « Catálogo de Legislação Municipal.md,text/markdown,md,91735,2026-03-08T22:40:05.907Z,2026-03-07T23:33:28Z,JURIDICO,LEI,OFICIAL,NAO,
1Iluoz8vIBHs5j_CfkMsYuweH6R1o7D2X,01A_BRONZE_OFICIAL,LEI Nº 16.402 DE 22 DE MARÇO DE 2016 « Catálogo de Legislação Municipal.md,text/markdown,md,277196,2026-03-08T22:39:54.308Z,2026-03-07T23:33:48Z,JURIDICO,LEI,OFICIAL,NAO,
1DLKdoOQZ81W7g3oEgFzAVgXk2tP35Hiq,01A_BRONZE_OFICIAL,LEI Nº 17.733 DE 11 DE JANEIRO DE 2022 « Catálogo de Legislação Municipal.md,text/markdown,md,26486,2026-03-08T22:39:48.482Z,2026-03-07T23:33:25Z,JURIDICO,LEI,OFICIAL,NAO,
1WOy5WLoDmMD5Zn3yJwF2_8ZKRKsM5JTV,01A_BRONZE_OFICIAL,RESOLUÇÃO SECRETARIA MUNICIPAL DE URBANISMO E LICENCIAMENTO - SMUL_CTLU Nº 12 DE 10 DE DEZEMBRO DE 2018 « Catálogo de Legislação Municipal.md,text/markdown,md,4319,2026-03-08T22:39:46.198Z,2026-03-07T23:33:31Z,GOVERNANCA,OUTRO,DESCONHECIDO,NAO,
1aG1Yv0hFCGrHjEePBFxFpxhLRgn6_gpo,01A_BRONZE_OFICIAL,13-25 - Complemento ao Arquivamento Parcial da Mancha D da Res. 11-23 - Página.md,text/markdown,md,5215,2026-03-08T22:39:43.998Z,2026-03-07T23:33:12Z,OUTRO,OUTRO,DESCONHECIDO,NAO,
1f7YZVXG1nJJdbn7jVhIXr-Lpefc9xETU,01A_BRONZE_OFICIAL,tabela_2025_Retificado_em_12-02-25.md,text/markdown,md,7572,2026-03-08T22:39:35.928Z,2026-03-07T23:33:31Z,OUTRO,OUTRO,DESCONHECIDO,NAO,
1cHputHKvWE3omNGDPAdMiBHHKfpOV1EN,01A_BRONZE_OFICIAL,re0119exclusaoaptres2316ruaguarapuava136174pdf_1549560356.md,text/markdown,md,2094,2026-03-08T22:39:26.448Z,2026-03-07T23:34:48Z,OUTRO,OUTRO,DESCONHECIDO,NAO,
1NTuNmOhTp0Rwnwgh3Z4D5AZSPzR-JAqe,01A_BRONZE_OFICIAL,Ativação de Zonas de Estruturação (ZEUP e ZEMP) por Particular - Secretaria Municipal de Urbanismo e Licenciamento - Prefeitura.md,text/markdown,md,4614,2026-03-08T22:39:02.691Z,2026-03-07T23:33:21Z,GEO,OUTRO,OFICIAL,NAO,
10CCEnxM1IaNWL_zKOQ_ori7KfTTyHMiY,01A_BRONZE_OFICIAL,LEI Nº 15.723 DE 24 DE ABRIL DE 2013 « Catálogo de Legislação Municipal.md,text/markdown,md,14415,2026-03-08T22:39:01.189Z,2026-03-07T23:33:22Z,JURIDICO,LEI,OFICIAL,NAO,
1fYVomcq5CR4hHt0fG4tcrKjGZY5_jtgI,01A_BRONZE_OFICIAL,15-25 - APT do Campo dos Engenheiros - Página.md,text/markdown,md,3733,2026-03-08T22:38:58.805Z,2026-03-07T23:33:11Z,OUTRO,OUTRO,DESCONHECIDO,NAO,
1GBMjYzEy9q8F-2YQAdXccz-qD2ThsdAE,01A_BRONZE_OFICIAL,manual de licenciamento de projetos.md,text/markdown,md,26157,2026-03-08T22:38:31.188Z,2026-03-07T23:33:48Z,OUTRO,CODEX_DOC,DESCONHECIDO,NAO,
17kxmxgAw4VcEB5_IG575Y2Pz7zopRppD,01A_BRONZE_OFICIAL,datalake_delta_load_20260307_220830.json,application/json,json,3163,2026-03-08T22:44:03.225Z,2026-03-07T22:08:38Z,OUTRO,OUTRO,DESCONHECIDO,NAO,
1A0V_ntzqYcAO2Xqw_PFixMa6UPU_vK8T,01A_BRONZE_OFICIAL,03-25 - Arquivamento da Mancha H da Res.11-23 - Página.md,text/markdown,md,2939,2026-03-08T22:38:22.875Z,2026-03-07T23:33:08Z,OUTRO,OUTRO,DESCONHECIDO,NAO,
12MMRIfRpw7kNTx-F-AYntoaGK5eVt31K,01A_BRONZE_OFICIAL,10-24 - Tombamento da Escola Panamericana de Artes - Página (1).md,text/markdown,md,4534,2026-03-08T22:37:52.944Z,2026-03-07T23:33:10Z,OUTRO,OUTRO,DESCONHECIDO,NAO,
1cSt8E3ECusTIOmC-F6f4ND7GmWK2cSGa,01A_BRONZE_OFICIAL,2014-07-31 - LEI 16050 - PLANO DIRETOR ESTRATÉGICO.md,text/markdown,md,531560,2026-03-08T22:37:37.446Z,2026-03-07T23:33:23Z,JURIDICO,LEI,OFICIAL,NAO,
1i__740y6Ob4GN1PJXWNC-vBK60PFoYVj,01A_BRONZE_OFICIAL,"06-24 - Tombamento Antigas Residencias Rua Bela Cintra,954 e Rua Itapeva, 700 - Página (1).md",text/markdown,md,5477,2026-03-08T22:37:35.758Z,2026-03-07T23:33:10Z,OUTRO,OUTRO,DESCONHECIDO,NAO,
1FUfTLD5CxMLqqa530dtE-ZIGUwoIQS3s,01A_BRONZE_OFICIAL,LEI Nº 15.150 DE 6 DE MAIO DE 2010 « Catálogo de Legislação Municipal.md,text/markdown,md,23317,2026-03-08T22:37:30.801Z,2026-03-07T23:33:21Z,JURIDICO,LEI,OFICIAL,NAO,
1YGHkjHcSvV_BdTdb5hgVD8F2uYsIYBh3,01A_BRONZE_OFICIAL,11-23 - APT Perímetro Cerqueira César - Página.md,text/markdown,md,8829,2026-03-08T22:37:20.944Z,2026-03-07T23:33:11Z,OUTRO,OUTRO,DESCONHECIDO,NAO,
1gRc_2g7dOttGEvT2mXcqmtQqP-lkHut1,01A_BRONZE_OFICIAL,LEI Nº 17.577 DE 20 DE JULHO DE 2021 « Catálogo de Legislação Municipal.md,text/markdown,md,36844,2026-03-08T22:37:04.277Z,2026-03-07T23:33:24Z,JURIDICO,LEI,OFICIAL,NAO,
1KpmOSc0p6wQYuguRMnbFzEXezI7GbMZM,01A_BRONZE_OFICIAL,09-23 - Arquivamento da APT - Conjunto do Sindicato dos Metroviários de São Paulo.md,text/markdown,md,2502,2026-03-08T22:37:04.964Z,2026-03-07T23:33:09Z,OUTRO,OUTRO,DESCONHECIDO,NAO,
1qUnmsZ4vOVNynAbvfluuyANe73yRIOby,01A_BRONZE_OFICIAL,MANUAL DE PADRONIZAÇÃO TÉCNICA - RAG PIPELINE.pdf,application/pdf,pdf,39538,2026-03-08T22:39:55.331Z,2026-03-07T18:10:31Z,OUTRO,CODEX_DOC,DESCONHECIDO,NAO,
19bRC3y4FRx4GIYgdRtY_5i4-NoYGD1dn,01A_BRONZE_OFICIAL,12-23 - APT Capela Dom Bosco.pdf,application/pdf,pdf,66658,2026-03-08T23:38:18.728Z,2026-03-06T22:06:50Z,OUTRO,PDF,DESCONHECIDO,NAO,
1lm8MlywMEaV-DONEXQ0ES9ImQYaDu33f,01A_BRONZE_OFICIAL,re0119exclusaoaptres2316ruaguarapuava136174pdf_1549560356.pdf,application/pdf,pdf,451242,2026-03-08T23:35:58.513Z,2026-03-06T22:32:20Z,OUTRO,PDF,DESCONHECIDO,NAO,
1btdWbq5neo0iz_g5W3yFAz4tJOLG2mEB,01A_BRONZE_OFICIAL,re1219aptconjuntovilasoperariasmigliarimapa1_1567624092.pdf,application/pdf,pdf,237972,2026-03-08T23:35:55.475Z,2026-03-06T22:32:22Z,GEO,PDF,DESCONHECIDO,NAO,
1-P0R3UjE4BNhZrfKOXYWA1SRN6oxkt7_,01A_BRONZE_OFICIAL,Resolucao 01_22 CONPRESP.pdf,application/pdf,pdf,102278,2026-03-08T23:34:12.995Z,2026-03-06T22:06:15Z,OUTRO,PDF,OFICIAL,NAO,
1TqfTKV_xvyrWTxyymbLiqU6DfMfZjcCN,01A_BRONZE_OFICIAL,2018_131_Diversos_Retificacao_1753239292359.pdf,application/pdf,pdf,762948,2026-03-08T23:33:26.304Z,2026-03-06T22:00:54Z,OUTRO,PDF,DESCONHECIDO,NAO,
1hinfgarXVU4-D4qREdxsFCU6201HA_J4,01A_BRONZE_OFICIAL,2025_83_Sao Paulo_RAE_Residencia Marieta Teixeira de Carvalho_1765548385729.pdf,application/pdf,pdf,309814,2026-03-08T23:33:17.226Z,2026-03-06T21:42:21Z,OUTRO,PDF,DESCONHECIDO,NAO,
1HcjlFUrkq9rghW5S1k9KjqBMqR2qGUfx,01A_BRONZE_OFICIAL,2025_80_Mogi das Cruzes_RAE Igreja Ordem Primeira e Terceira de Nossa Senhora do Carmo_1765548385222.pdf,application/pdf,pdf,397957,2026-03-08T23:32:57.318Z,2026-03-06T21:42:05Z,OUTRO,PDF,DESCONHECIDO,NAO,
1dkkda02TMOkFHSxhUccgx5cAgxP9MMQp,01A_BRONZE_OFICIAL,2022_49_Sao-Paulo_RAE-Casa-Mario-de-Andrade_1753232569470.pdf,application/pdf,pdf,689911,2026-03-08T23:32:14.213Z,2026-03-06T21:51:41Z,OUTRO,PDF,DESCONHECIDO,NAO,
1XpIqmuXf2PnJzSOp2nX2OIcMZQukug78,01A_BRONZE_OFICIAL,2024_37_Sao-Jose-dos-Campos_RAE-Sanatorio-Vicentina-Aranha_1753230558904.pdf,application/pdf,pdf,215536,2026-03-08T23:32:09.710Z,2026-03-06T21:51:16Z,OUTRO,PDF,DESCONHECIDO,NAO,
1vtilr_bwEKN_qN1vhoPGSVfuUJBF1YhI,01A_BRONZE_OFICIAL,re0419tombamentoantigosanatoriophilippepinelpdf_1555952993.pdf,application/pdf,pdf,577423,2026-03-08T23:28:19.604Z,2026-03-06T22:32:21Z,OUTRO,PDF,DESCONHECIDO,NAO,
1t09HjzEZTIsZd0KHU8LIBZTIfwdIFe-U,01A_BRONZE_OFICIAL,re1219aptconjuntovilasoperariasmigliarianexo1ve_1568922995.pdf,application/pdf,pdf,566274,2026-03-08T23:27:34.262Z,2026-03-06T22:32:22Z,OUTRO,PDF,DESCONHECIDO,NAO,
1VFYKeyJZjzPWdpI4nOBtx6LMJsU3_gEf,01A_BRONZE_OFICIAL,05-20 - Detalhamento do Tombamento do Estádio Conde Rodolfo Crespi - Juventus - item 13 da Res_ 06-16-MAPA.pdf,application/pdf,pdf,168892,2026-03-08T23:27:16.175Z,2026-03-06T22:32:19Z,GEO,PDF,DESCONHECIDO,NAO,
1NfudvwRIBCrQWyY8LVGC7mMaV3WPwxZ_,01A_BRONZE_OFICIAL,2025_20_Sao-Sebastiao_RAE-Centro-Historico_1753229567107.pdf,application/pdf,pdf,824485,2026-03-08T23:30:12.402Z,2026-03-06T21:41:54Z,OUTRO,PDF,DESCONHECIDO,NAO,
1TIXgs45oph2Zr0kkBnZzd0IDCfNItCKP,01A_BRONZE_OFICIAL,Resolucao 07-23_Mancha dos Bombeiros.pdf,application/pdf,pdf,91845,2026-03-08T23:28:14.637Z,2026-03-06T22:08:36Z,OUTRO,PDF,DESCONHECIDO,NAO,
132uhzuuo78vxti0Au0buP6NqYjLxR5Nt,01A_BRONZE_OFICIAL,2019_35_Sao-Paulo_Terreiro-Santa-Barbara_1753237911022.pdf,application/pdf,pdf,780929,2026-03-08T23:26:50.358Z,2026-03-06T21:59:42Z,OUTRO,PDF,DESCONHECIDO,NAO,
15IDwGcgZXDmuzHK83ElyeCc1GV8PQZDa,01A_BRONZE_OFICIAL,Requerimento DEUSO(1).pdf,application/pdf,pdf,598981,2026-03-08T23:27:36.561Z,2026-03-06T21:45:53Z,OUTRO,PDF,DESCONHECIDO,NAO,
11JTot14XtFCf-cJf6mhtku48UBgpdVNO,01A_BRONZE_OFICIAL,lista_certidao_ZEPEC-BIR_agosto-2025.xlsx,application/vnd.openxmlformats-officedocument.spreadsheetml.sheet,xlsx,194082,2026-03-08T23:28:28.481Z,2026-03-06T21:26:50Z,TDC,PLANILHA,DESCONHECIDO,NAO,
1r3dq56B4F5au3_ZXtzg_ttFGgym26t7q,01A_BRONZE_OFICIAL,re0619arquivamentoaptpracacelpiresandradepdf_1557156333.pdf,application/pdf,pdf,446832,2026-03-08T23:23:55.983Z,2026-03-06T22:32:21Z,OUTRO,PDF,DESCONHECIDO,NAO,
1Ju88VKuWME6HK_5gFh5hf4GsPDVBvlMl,01A_BRONZE_OFICIAL,Re0716RegulamentacaoProcedimentosRegistroBensImateriaisPDF_1457716829.pdf,application/pdf,pdf,73503,2026-03-08T23:24:41.122Z,2026-03-06T22:12:35Z,OUTRO,PDF,DESCONHECIDO,NAO,
1_K7VSF46EXAdhS0SyMPDPnH03X1H7w8h,01A_BRONZE_OFICIAL,re1219aptconjuntovilasoperariasmigliaripdfve_1568922885.pdf,application/pdf,pdf,627623,2026-03-08T23:24:58.023Z,2026-03-06T22:07:31Z,OUTRO,PDF,DESCONHECIDO,NAO,
19d70j6zypa3Dm2MY5gmJMNZoyNoYh95M,01A_BRONZE_OFICIAL,2018_103_Sao-Paulo_Parque-Estadual-Fontes-do-Ipiranga_1753238783798.pdf,application/pdf,pdf,424907,2026-03-08T23:25:21.397Z,2026-03-06T22:00:17Z,OUTRO,PDF,DESCONHECIDO,NAO,
1dHudM17X8jyBoCj5ZqHTDvyzhyhAW7pY,01A_BRONZE_OFICIAL,2025_05_Sao-Paulo_RAE-Sede-do-Sitio-Ressaca_1753229566431.pdf,application/pdf,pdf,704259,2026-03-08T23:26:35.381Z,2026-03-06T21:39:09Z,OUTRO,PDF,DESCONHECIDO,NAO,
1EKv2tr39pRDYFL_ZRLxZo-lLNC4J8LiN,01A_BRONZE_OFICIAL,01-24_-_regulamentao_da_implantao_de_estao_rdio-base_erb_-_rerratificada_-_pgina_1_1715872319.pdf,application/pdf,pdf,135653,2026-03-08T23:24:51.689Z,2026-03-06T22:05:07Z,OUTRO,PDF,NOSSO,NAO,
126xh8r1rkpMjRRm3RbM9jlbx8mfEwHKk,01A_BRONZE_OFICIAL,2025_90_Sao Paulo_RAE Teatro Municipal e Edificio Alexandre Mackenzie_1765549460513.pdf,application/pdf,pdf,340121,2026-03-08T23:26:10.363Z,2026-03-06T21:42:57Z,OUTRO,PDF,DESCONHECIDO,NAO,
1ndTg5TkqzvbxBUgjq8bJEERiGrwAR73o,01A_BRONZE_OFICIAL,2025_93_Imaterial_Culturas Circenses_1766063267282.pdf,application/pdf,pdf,202379,2026-03-08T23:26:02.228Z,2026-03-06T21:43:12Z,OUTRO,PDF,DESCONHECIDO,NAO,
1aQHkukmdHFQpdyNEt3fXWagyZH3ab68V,01A_BRONZE_OFICIAL,49c99_22_T_Bairro_da_Bela_Vista.pdf,application/pdf,pdf,412003,2026-03-08T23:24:18.864Z,2026-03-06T22:07:45Z,OUTRO,PDF,DESCONHECIDO,NAO,
1S0mgrwSNwjFdikyJZtxHuGxEGMlaFyNK,01A_BRONZE_OFICIAL,d833c_05_TEO_89_itens.pdf,application/pdf,pdf,19327,2026-03-08T23:24:14.617Z,2026-03-06T22:06:24Z,OUTRO,PDF,DESCONHECIDO,NAO,
1b3e711t3TM7yQFICU1k13EjP0L-U1xym,01A_BRONZE_OFICIAL,re0118tombamentoquadrilateropinheirospredinhoshipicamapa_1533150190.pdf,application/pdf,pdf,125589,2026-03-08T23:22:18.842Z,2026-03-06T22:32:19Z,GEO,PDF,DESCONHECIDO,NAO,
1RYgG1FlXb4rDXPNwo40v_CPKvwiAqsWu,01A_BRONZE_OFICIAL,re0120aptcomplexodroswaldoteixeiraduartecanindepdf_1580403993.pdf,application/pdf,pdf,521861,2026-03-08T23:22:14.266Z,2026-03-06T22:32:20Z,OUTRO,PDF,DESCONHECIDO,NAO,
13mciMjIjsTvToV_nKKZ-36TMmaGJDuCc,01A_BRONZE_OFICIAL,Balanco_Financeiro_11NOV2025.pdf,application/pdf,pdf,36823,2026-03-08T23:26:58.755Z,2026-03-06T21:10:32Z,OUTRO,PDF,DESCONHECIDO,NAO,
1bLpkI6H5jF-3PPhTlD_0nPHg0PdTifSg,01A_BRONZE_OFICIAL,re0320exclusaoedestherwiltonpaesdealmeidares3792pdf_1600964301.pdf,application/pdf,pdf,666067,2026-03-08T23:21:20.637Z,2026-03-06T22:32:21Z,OUTRO,PDF,DESCONHECIDO,NAO,
1Lel5WdC-bKMyFzxn0s_0TiOvamvazcUa,01A_BRONZE_OFICIAL,2021_18_Sao-Paulo_Igreja-da-Ordem-Terceira-de-Nossa-Senhora-do-Carmo_1753237189376.pdf,application/pdf,pdf,317592,2026-03-08T23:23:21.797Z,2026-03-06T21:59:24Z,OUTRO,PDF,DESCONHECIDO,NAO,
1xsg1sp_mpwJ-L_gZC0lO8mAsswhoRp5s,01A_BRONZE_OFICIAL,Balanco_Financeiro_01JAN2025.pdf,application/pdf,pdf,36356,2026-03-08T23:26:26.674Z,2026-03-06T21:11:56Z,OUTRO,PDF,DESCONHECIDO,NAO,
1ASzlQY7YwkFWtKE80hLN1f_kYvd3ivai,01A_BRONZE_OFICIAL,re0519apt3edificioscondominiosantacruzpdf_1556910196.pdf,application/pdf,pdf,458584,2026-03-08T23:20:41.275Z,2026-03-06T22:32:21Z,OUTRO,PDF,DESCONHECIDO,NAO,
1gJh5mLD5Sb_ilzjz1C0G1xWVCFlg2pA6,01A_BRONZE_OFICIAL,Balanco_Financeiro_04ABR2025555.pdf,application/pdf,pdf,86994,2026-03-08T23:25:55.727Z,2026-03-06T21:12:22Z,OUTRO,PDF,DESCONHECIDO,NAO,
1I-1LfgoMc3RtA7uv-KT5NKJuKHyhO4cu,01A_BRONZE_OFICIAL,re0220tombamento3edificioslargoarouchepdf_1583176246.pdf,application/pdf,pdf,869798,2026-03-08T23:20:05.965Z,2026-03-06T22:32:20Z,OUTRO,PDF,DESCONHECIDO,NAO,
1G7JHmCPjQWgXZ89u6QHUfb-JlEpkFWx5,01A_BRONZE_OFICIAL,re0219raepalacioindustriasmapa_1556292064.pdf,application/pdf,pdf,343372,2026-03-08T23:20:04.215Z,2026-03-06T22:32:20Z,GEO,PDF,DESCONHECIDO,NAO,
1-QPbyuQAGNtLUPFD6lPmncO1LQKnBa05,01A_BRONZE_OFICIAL,2025_88_Sao Paulo_RAE Edificio Esther e Antigo Instituto de Educacao Caetano de Campos_1765548386380.pdf,application/pdf,pdf,272450,2026-03-08T23:23:16.191Z,2026-03-06T21:42:43Z,OUTRO,PDF,DESCONHECIDO,NAO,
1hnX7Hj4FVwFL1DCwPYgbN8MGKQEvN2fv,01A_BRONZE_OFICIAL,2018_105_Sao-Paulo_Hospital-Psiquiatrico-Philippe-Pinel_1753238856743.pdf,application/pdf,pdf,502747,2026-03-08T23:21:52.589Z,2026-03-06T22:00:24Z,OUTRO,PDF,DESCONHECIDO,NAO,
1LbLOmwurWoAvordLPdt49vyx6d-t4e_z,01A_BRONZE_OFICIAL,Balanco_Financeiro_07JUL2025 (1).pdf,application/pdf,pdf,36161,2026-03-08T23:24:32.398Z,2026-03-06T21:12:48Z,OUTRO,PDF,DESCONHECIDO,NAO,
1DvnGXK55cJNpsctYHZiBXRIxoqFNC_9R,01A_BRONZE_OFICIAL,re1019tombamentoetatheodoroaugustoramospdf_1569519957.pdf,application/pdf,pdf,773582,2026-03-08T23:19:12.570Z,2026-03-06T22:32:22Z,OUTRO,PDF,DESCONHECIDO,NAO,
1E0ZHzjz8p1maPLWEBLrNV-9Man27sIH6,01A_BRONZE_OFICIAL,02-24_-_tombamento_mancha_dos_bombeiros_-_pgina_1719838448.pdf,application/pdf,pdf,81467,2026-03-08T23:20:31.526Z,2026-03-06T22:05:13Z,OUTRO,PDF,DESCONHECIDO,NAO,
1eXCfY-Gqb-9b-ky4vlDVIBXrvR7638BB,01A_BRONZE_OFICIAL,re0319aptconjuntocasasavconsrodriguesalves275a289pdf_1555529880.pdf,application/pdf,pdf,456181,2026-03-08T23:18:25.593Z,2026-03-06T22:32:21Z,OUTRO,PDF,DESCONHECIDO,NAO,
162hNfwLdyDReBI3g_vyU-ms2R7srZRX_,01A_BRONZE_OFICIAL,Anexo I do Decreto 58_289_2018.pdf,application/pdf,pdf,121684,2026-03-08T23:20:21.433Z,2026-03-06T21:46:23Z,JURIDICO,DECRETO,OFICIAL,NAO,
1EX_vuKNBZ4WbIZXmCA3rWD29bnEbm7rJ,01A_BRONZE_OFICIAL,02-23 - Anexo I.pdf,application/pdf,pdf,271294,2026-03-08T23:18:34.052Z,2026-03-06T22:09:29Z,OUTRO,PDF,DESCONHECIDO,NAO,
1fHAhZBMyxle5nFiS2usG1ozbYMdAyHhT,01A_BRONZE_OFICIAL,Resolucao 04 CONSPRESP 2023.pdf,application/pdf,pdf,121822,2026-03-08T23:18:15.272Z,2026-03-06T22:09:01Z,OUTRO,JURISPRUDENCIA,DESCONHECIDO,NAO,
1wB6sRG92yTTUAfmqttuo2wB-ros0NCFB,01A_BRONZE_OFICIAL,2018_30_Sao-Paulo_Tecelagem-de-Seda-Italo-Brasileira_1753238709931.pdf,application/pdf,pdf,433323,2026-03-08T23:18:30.884Z,2026-03-06T22:00:04Z,JURIDICO,PDF,OFICIAL,NAO,
1kyM7hk-cG0ESTsHdSo8FN2xqsVis-5HY,01A_BRONZE_OFICIAL,2018_24_Sao-Paulo_Casa-a-Rua-Ceara_1753238584741.pdf,application/pdf,pdf,308087,2026-03-08T23:17:53.559Z,2026-03-06T21:59:57Z,OUTRO,PDF,DESCONHECIDO,NAO,
187neKnKmn-GptSPFfpsjMj9pqhA14-54,01A_BRONZE_OFICIAL,2022_11_Sao-Paulo_RAE_Largo-da-Memoria_1753232569595.pdf,application/pdf,pdf,278415,2026-03-08T23:17:54.533Z,2026-03-06T21:51:33Z,OUTRO,PDF,DESCONHECIDO,NAO,
1YTW2TOXPVquNaGdF6ahhHHGxPYuz7VVS,01A_BRONZE_OFICIAL,2022_07_Campinas_Conjunto-da-Estacao-Ferroviaria-Guanabara_1753232568474.pdf,application/pdf,pdf,448026,2026-03-08T23:17:50.820Z,2026-03-06T21:51:28Z,OUTRO,PDF,DESCONHECIDO,NAO,
1enzG4t9NfUI1v_KYmEAki_n3DbRf1dJu,01A_BRONZE_OFICIAL,2024_36_Sao-Paulo_RAE-Matadouro-da-Vila-Mariana_1753230559005.pdf,application/pdf,pdf,365859,2026-03-08T23:17:51.515Z,2026-03-06T21:51:09Z,OUTRO,PDF,DESCONHECIDO,NAO,
1mqYFGA0dCiYpa4TLRjROSbkiWVKnTekV,01A_BRONZE_OFICIAL,tabela_2025_Retificado_em_12-02-25.pdf,application/pdf,pdf,663970,2026-03-08T23:17:50.717Z,2026-03-06T21:45:39Z,OUTRO,PDF,DESCONHECIDO,NAO,
1ifF4Aq3R7i44HFn2SzWUHcjjWKMRstDY,01A_BRONZE_OFICIAL,2025_92_Sao Paulo_RAE_Escola de Primeiras Letras_1765548386667.pdf,application/pdf,pdf,537650,2026-03-08T23:17:53.307Z,2026-03-06T21:43:07Z,OUTRO,PDF,DESCONHECIDO,NAO,
1R3Pkp2NqbVmDaZUgsXc5LsjjSlajgkZB,01A_BRONZE_OFICIAL,2025_87_Araras_RAE_Antigo Forum de Araras_1766061596076.pdf,application/pdf,pdf,495858,2026-03-08T23:17:53.195Z,2026-03-06T21:42:37Z,OUTRO,PDF,DESCONHECIDO,NAO,
16_ERnv5kwgABLUeUM6Fp0_1lFMvWVShM,01A_BRONZE_OFICIAL,2025_4_Sao-Paulo_RAE-Estadio-Paulo-Machado-de-Carvalho_1753229566534.pdf,application/pdf,pdf,197836,2026-03-08T23:17:54.552Z,2026-03-06T21:39:02Z,OUTRO,PDF,DESCONHECIDO,NAO,
1ZOFT7Fs2KQNjKfQ1cnlYwTuuLMB0kPoz,01A_BRONZE_OFICIAL,lista_declaracoes_ZEPEC-BIR_agosto-2025.xlsx,application/vnd.openxmlformats-officedocument.spreadsheetml.sheet,xlsx,225063,2026-03-08T23:18:31.700Z,2026-03-06T21:26:43Z,TDC,PLANILHA,DESCONHECIDO,NAO,
1f8W01cEIJwYlBg7LApjDHB0R9OZTZQ02,01A_BRONZE_OFICIAL,Balanco_Financeiro_08AGO2025.pdf,application/pdf,pdf,36861,2026-03-08T23:18:31.686Z,2026-03-06T21:12:56Z,OUTRO,PDF,DESCONHECIDO,NAO,
1vZfRYArymuRMRMryGu0f004CRWJ1QVSN,01A_BRONZE_OFICIAL,re1019tombamentoetatheodoroaugustoramosmapa_1569519934.pdf,application/pdf,pdf,692973,2026-03-08T22:57:10.482Z,2026-03-06T22:32:22Z,GEO,PDF,DESCONHECIDO,NAO,
1GXmUW9F4SDDcqoMF3XxAAYdZZOd-O_v-,01A_BRONZE_OFICIAL,02-22 APT Conjunto do Sindicato dos Metroviarios(1) (1).pdf,application/pdf,pdf,106451,2026-03-08T22:57:08.155Z,2026-03-06T22:24:57Z,OUTRO,PDF,DESCONHECIDO,NAO,
1YCFlfcIuaQH8q-COo3-GWK073CxtmDHe,01A_BRONZE_OFICIAL,re1219aptconjuntovilasoperariasmigliarimapa3_1567624297.pdf,application/pdf,pdf,518000,2026-03-08T22:55:36.424Z,2026-03-06T22:32:23Z,GEO,PDF,DESCONHECIDO,NAO,
1YcG8qZlnniObVTOOUW7HX1GFL3g9n4pB,01A_BRONZE_OFICIAL,08-25 - Complementação e detalhamento da Resolução 02-24 - QUADRO 1 (1) (1).pdf,application/pdf,pdf,213122,2026-03-08T22:55:40.269Z,2026-03-06T22:25:11Z,OUTRO,PDF,DESCONHECIDO,NAO,
1ZSKCPtgPwKw4RovSDM5Z67KTaPrzXFRA,01A_BRONZE_OFICIAL,02-21 - APT  Avenida Angélica 1900 (1).pdf,application/pdf,pdf,251659,2026-03-08T22:55:34.047Z,2026-03-06T22:24:57Z,OUTRO,PDF,DESCONHECIDO,NAO,
1SMaeDPLVKuoL4nUVlW8npJgUel8YctPv,01A_BRONZE_OFICIAL,03-23 - RAE da Sede do Antigo Sitio Itaim - Página(1) (1).pdf,application/pdf,pdf,97028,2026-03-08T22:55:33.452Z,2026-03-06T22:24:59Z,OUTRO,PDF,DESCONHECIDO,NAO,
1ukZuXr6zsHP1_6Xwuw3FW-lP3BlRyBp4,01A_BRONZE_OFICIAL,05-23 - ZEPEC- APC - Espaco Itau de cinema Augusta(1) (1).pdf,application/pdf,pdf,119820,2026-03-08T22:55:21.969Z,2026-03-06T22:25:03Z,TDC,PDF,DESCONHECIDO,NAO,
1U_2r5T1y8w4DkYo-RAmG37kdBv9cVcuI,01A_BRONZE_OFICIAL,06-23_Complexo Esportivo do Ibirapuera_Mapa(1) (1).pdf,application/pdf,pdf,1507259,2026-03-08T22:55:20.986Z,2026-03-06T22:25:05Z,GEO,PDF,DESCONHECIDO,NAO,
1qAort5Z88geRhTIil8F1FwUncfhQNy6X,01A_BRONZE_OFICIAL,01-25 - Arquivamento Parcial das Manchas I e J e ID 50 a 52 da Res.11-23 - MAPA - Página (1).pdf,application/pdf,pdf,2165886,2026-03-08T22:55:21.057Z,2026-03-06T22:24:57Z,GEO,PDF,DESCONHECIDO,NAO,
12IeEEZXtP1RnEbzpeiEgwblxsBONiVXb,01A_BRONZE_OFICIAL,2025_83_Sao Paulo_RAE_Residencia Marieta Teixeira de Carvalho_1765548385729 (1).pdf,application/pdf,pdf,309814,2026-03-08T22:55:12.087Z,2026-03-06T22:25:26Z,OUTRO,PDF,DESCONHECIDO,NAO,
191L3DK_rHcQAnmbgmUuflgyfBfDdxrk2,01A_BRONZE_OFICIAL,Mapa 05 22(1) (1).pdf,application/pdf,pdf,4275649,2026-03-08T22:54:52.153Z,2026-03-06T22:25:32Z,GEO,PDF,DESCONHECIDO,NAO,
1_-UcZ_9F2m-Iz1SPXJXe54LfCS85da44,01A_BRONZE_OFICIAL,2018_30_Sao-Paulo_Tecelagem-de-Seda-Italo-Brasileira_1753238709931 (2).pdf,application/pdf,pdf,433323,2026-03-08T22:56:28.195Z,2026-03-06T22:00:04Z,JURIDICO,PDF,OFICIAL,NAO,
1Ih8Tjr1ZA7Sk0ZlLHdPziiLWHvR6U0Pl,01A_BRONZE_OFICIAL,Resolucao 07-23_Quadro III (2).pdf,application/pdf,pdf,77229,2026-03-08T22:55:54.565Z,2026-03-06T22:08:09Z,OUTRO,PDF,DESCONHECIDO,NAO,
17KQkVNDpevcu01PFgNic7ZwiMVS4PHfx,01A_BRONZE_OFICIAL,Balanco_Financeiro_07JUL2025 (1) (1).pdf,application/pdf,pdf,36161,2026-03-08T22:54:45.057Z,2026-03-06T22:25:28Z,OUTRO,PDF,DESCONHECIDO,NAO,
14-TKLimYWK3yRtOLFMOz7TMaGoZDR5q3,01A_BRONZE_OFICIAL,re0118tombamentoquadrilateropinheirospredinhoshipicapdf_1549040068 (2).pdf,application/pdf,pdf,527185,2026-03-08T22:54:10.445Z,2026-03-06T22:32:20Z,OUTRO,PDF,DESCONHECIDO,NAO,
1-VLkv-amQ1W9X_Z0jjp70oVeUzhz5oV9,01A_BRONZE_OFICIAL,re0320exclusaoedestherwiltonpaesdealmeidares3792pdf_1600964301 (2).pdf,application/pdf,pdf,666067,2026-03-08T22:54:10.334Z,2026-03-06T22:32:21Z,OUTRO,PDF,DESCONHECIDO,NAO,
1TEvPvOOp1RUrjcVnNlsCuf0D5p1Qo3yP,01A_BRONZE_OFICIAL,01-23 - APT Antigo Lar Analia Franco - MAPA - Página (1).pdf,application/pdf,pdf,4283733,2026-03-08T22:54:36.370Z,2026-03-06T22:24:58Z,GEO,PDF,DESCONHECIDO,NAO,
1onHBU9j6pU7nsgldIqdyB_42A3ljLOJf,01A_BRONZE_OFICIAL,14-24 - Arquivamento da Mancha N - Sílvio Sacramento e Arruda Alvim da Res.11-23 - Página (1).pdf,application/pdf,pdf,108053,2026-03-08T22:54:33.613Z,2026-03-06T22:25:16Z,OUTRO,PDF,DESCONHECIDO,NAO,
1cYFMbQ-PRBBpdmW13EFW5lM5yNO8HC06,01A_BRONZE_OFICIAL,re1219aptconjuntovilasoperariasmigliarianexo2ve_1568922998 (2).pdf,application/pdf,pdf,553073,2026-03-08T22:53:55.674Z,2026-03-06T22:32:22Z,OUTRO,PDF,DESCONHECIDO,NAO,
1TSTOeDIYcSR7fqdt2n4CEmjg0f-j5Cip,01A_BRONZE_OFICIAL,re1219aptconjuntovilasoperariasmigliarimapa2_1567624270 (2).pdf,application/pdf,pdf,442051,2026-03-08T22:53:40.573Z,2026-03-06T22:32:22Z,GEO,PDF,DESCONHECIDO,NAO,
1kP0u71OBgsNRpOnT-vYKFlv-C4c-vvWV,01A_BRONZE_OFICIAL,"04-20-_apt_rua_visconde_de_ouro_preto,_118_e_124_1603489335 (1).pdf",application/pdf,pdf,439110,2026-03-08T22:53:25.143Z,2026-03-06T22:32:19Z,OUTRO,PDF,DESCONHECIDO,NAO,
1v7tmcnR7bEnFoYcQSOtdV_gTvw5mLiaj,01A_BRONZE_OFICIAL,2018_103_Sao-Paulo_Parque-Estadual-Fontes-do-Ipiranga_1753238783798 (2).pdf,application/pdf,pdf,424907,2026-03-08T22:55:07.414Z,2026-03-06T22:00:17Z,OUTRO,PDF,DESCONHECIDO,NAO,
1LGKE7C7fFSCGC0_LNshrIsdZnM8bXipW,01A_BRONZE_OFICIAL,2018_24_Sao-Paulo_Casa-a-Rua-Ceara_1753238584741 (2).pdf,application/pdf,pdf,308087,2026-03-08T22:54:41.153Z,2026-03-06T21:59:57Z,OUTRO,PDF,DESCONHECIDO,NAO,
1oRMEid5TlVLTxBTsGrkyhFcAHwFjPDR9,01A_BRONZE_OFICIAL,cartilha_doacao_area_parhis (2).pdf,application/pdf,pdf,2405494,2026-03-08T22:55:36.445Z,2026-03-06T21:45:21Z,OUTRO,PDF,DESCONHECIDO,NAO,
14WGrhE6jj8JR5Nylb2e4zeHQPTibPVik,01A_BRONZE_OFICIAL,06-23_Complexo Esportivo do Ibirapuera(1) (2).pdf,application/pdf,pdf,136204,2026-03-08T22:53:57.598Z,2026-03-06T22:08:46Z,OUTRO,PDF,DESCONHECIDO,NAO,
1fhQygtCEYb44QKkNFEe-7rhSOOg0i_o-,01A_BRONZE_OFICIAL,Resolucao 07-23_Mancha dos Bombeiros_MAPA (2).pdf,application/pdf,pdf,493273,2026-03-08T22:53:58.714Z,2026-03-06T22:08:03Z,GEO,PDF,DESCONHECIDO,NAO,
1R8QoUrRO5fdyG3JIBacOHumAfb5QYIQO,01A_BRONZE_OFICIAL,Resolucao 07-23_Mancha dos Bombeiros (2).pdf,application/pdf,pdf,91845,2026-03-08T22:53:42.687Z,2026-03-06T22:08:36Z,OUTRO,PDF,DESCONHECIDO,NAO,
1Odo6lp9dKiVUmCz9i4OCt7ZHyzaldTIw,01A_BRONZE_OFICIAL,07-24_-_apt_terreiro_ile_ase_omi_1719499071 (2).pdf,application/pdf,pdf,580806,2026-03-08T22:53:23.422Z,2026-03-06T22:12:22Z,OUTRO,PDF,DESCONHECIDO,NAO,
1JJ0GngSSxUzXVI9WRrV5BOUYPhqaizGQ,01A_BRONZE_OFICIAL,Resolucao 01_22 CONPRESP (2).pdf,application/pdf,pdf,102278,2026-03-08T22:53:42.003Z,2026-03-06T22:06:15Z,OUTRO,JURISPRUDENCIA,OFICIAL,NAO,
1E1DVoTh6JJAnBX6ecTmqtFBpjI2mn4c2,01A_BRONZE_OFICIAL,07-24_-_apt_terreiro_ile_ase_omo_igbo_omi_-_mapa_1719334062 (1).pdf,application/pdf,pdf,910585,2026-03-08T22:52:12.145Z,2026-03-06T22:25:06Z,GEO,PDF,DESCONHECIDO,NAO,
1Y47-3bWYP7frsq21vrkJqnw_FZsnL4Yy,01A_BRONZE_OFICIAL,03-24 - Tombamento do Conjunto da Escadaria da Rua Alves Guimarães - Página (1).pdf,application/pdf,pdf,82169,2026-03-08T22:52:11.451Z,2026-03-06T22:25:01Z,OUTRO,PDF,DESCONHECIDO,NAO,
1FisR4BguU_nuxy_vuaTmvlOhGJmpcg5K,01A_BRONZE_OFICIAL,2022_07_Campinas_Conjunto-da-Estacao-Ferroviaria-Guanabara_1753232568474 (2).pdf,application/pdf,pdf,448026,2026-03-08T22:54:03.011Z,2026-03-06T21:51:28Z,OUTRO,PDF,DESCONHECIDO,NAO,
1x0YLw8BBIN8oAeiaRqECLUSrs39iPz7G,01A_BRONZE_OFICIAL,"04-22 - Alterar a redação Art 2º, da Res_ 34-18 - Mapas - Página(1) (1).pdf",application/pdf,pdf,3640003,2026-03-08T22:51:40.317Z,2026-03-06T22:25:03Z,GEO,PDF,DESCONHECIDO,NAO,
1LyeyhJKZ-B25l_8x-4n7eDZv10_0T5Nl,01A_BRONZE_OFICIAL,re0119exclusaoaptres2316ruaguarapuava136174pdf_1549560356 (1).pdf,application/pdf,pdf,451242,2026-03-08T22:51:05.266Z,2026-03-06T22:32:20Z,OUTRO,PDF,DESCONHECIDO,NAO,
1qKrJs2cEhzbjicTTcF8e5EfABElx0_ZX,01A_BRONZE_OFICIAL,2025_91_Sao Paulo_RAE Igreja Santo Antonio_1765549460684 (1).pdf,application/pdf,pdf,358666,2026-03-08T22:51:28.721Z,2026-03-06T22:25:27Z,OUTRO,PDF,DESCONHECIDO,NAO,
1vBhhfuIWcfTpcCrd7o8l0qNMbeH8STB9,01A_BRONZE_OFICIAL,18-24 - Arquivamento da Mancha M e ID 27 a 41 da Res.11-23 - Página (1).pdf,application/pdf,pdf,118835,2026-03-08T22:51:28.740Z,2026-03-06T22:25:18Z,OUTRO,PDF,DESCONHECIDO,NAO,
1oJO22tghL_L0bHmE7E9CmrpY68AGtIxh,01A_BRONZE_OFICIAL,re2316aptimoveisindicadospelapopulacaozepecrepdf_1561649853.pdf,application/pdf,pdf,324178,2026-03-08T22:52:17.973Z,2026-03-06T22:12:26Z,TDC,PDF,DESCONHECIDO,NAO,
1ZiEn1OFLF8GLznqh6qKZ1liQRKs3qnKf,01A_BRONZE_OFICIAL,01-21 - APT Luminarias Ornamentais da Light (1).pdf,application/pdf,pdf,445314,2026-03-08T22:50:55.778Z,2026-03-06T22:32:18Z,OUTRO,PDF,DESCONHECIDO,NAO,
14K8eqP_ch5appYJkT17S2D0UyZt5E55Q,01A_BRONZE_OFICIAL,2025_92_Sao Paulo_RAE_Escola de Primeiras Letras_1765548386667 (2).pdf,application/pdf,pdf,537650,2026-03-08T22:54:07.623Z,2026-03-06T21:43:07Z,OUTRO,PDF,DESCONHECIDO,NAO,
1Qhr1a3cmjpI290FOXftiY9C75-uxmlmj,01A_BRONZE_OFICIAL,2025_83_Sao Paulo_RAE_Residencia Marieta Teixeira de Carvalho_1765548385729 (2).pdf,application/pdf,pdf,309814,2026-03-08T22:54:01.184Z,2026-03-06T21:42:21Z,OUTRO,PDF,DESCONHECIDO,NAO,
101-ZLGiCgsx3KcacQ1fbMdR7_uRfHifn,01A_BRONZE_OFICIAL,2025_92_Sao Paulo_RAE_Escola de Primeiras Letras_1765548386667 (1).pdf,application/pdf,pdf,537650,2026-03-08T22:50:59.514Z,2026-03-06T22:25:27Z,OUTRO,PDF,DESCONHECIDO,NAO,
1wSR_fe4b0Yq5tmERGqmSPBWF7xHW4n3n,01A_BRONZE_OFICIAL,2022_49_Sao-Paulo_RAE-Casa-Mario-de-Andrade_1753232569470 (1).pdf,application/pdf,pdf,689911,2026-03-08T22:50:59.532Z,2026-03-06T22:25:21Z,OUTRO,PDF,DESCONHECIDO,NAO,
1E8bIPJeJ2RAMWyOjd_cSFTGy5ISMiK0r,01A_BRONZE_OFICIAL,09-24 - Revalidação de Registro do Teatro de Grupo da Cidade - Página (1).pdf,application/pdf,pdf,75598,2026-03-08T22:50:56.564Z,2026-03-06T22:25:12Z,OUTRO,AUDITORIA,DESCONHECIDO,NAO,
1oj_A4UREFUK5vuJQ4AVEhTQHSq6LEO_n,01A_BRONZE_OFICIAL,2025_88_Sao Paulo_RAE Edificio Esther e Antigo Instituto de Educacao Caetano de Campos_1765548386380 (2).pdf,application/pdf,pdf,272450,2026-03-08T22:53:41.945Z,2026-03-06T21:42:43Z,OUTRO,PDF,DESCONHECIDO,NAO,
1I7apublqO0h4o_MFNuKZt7d0ibqQsgYX,01A_BRONZE_OFICIAL,re1219aptconjuntovilasoperariasmigliarianexo2ve_1568922998 (1).pdf,application/pdf,pdf,553073,2026-03-08T22:50:22.200Z,2026-03-06T22:32:22Z,OUTRO,PDF,DESCONHECIDO,NAO,
1APwZ74M9pxwO0k688XnpHXnnlBwthO3t,01A_BRONZE_OFICIAL,11-23 - APT Perímetro Cerqueira César - Anexo III - Página (1).pdf,application/pdf,pdf,1262925,2026-03-08T22:50:42.298Z,2026-03-06T22:25:13Z,OUTRO,PDF,DESCONHECIDO,NAO,
1kqrJxlQOOmtoYehOcihoeVXMskpYenRo,01A_BRONZE_OFICIAL,Anexo I do Decreto 58_289_2018 (1).pdf,application/pdf,pdf,121684,2026-03-08T22:50:38.458Z,2026-03-06T22:25:27Z,JURIDICO,DECRETO,OFICIAL,NAO,
1q8Wg95wMxZ--bzm4B7OeVK6hdvYNAhLE,01A_BRONZE_OFICIAL,re0219raepalacioindustriaspdf_1556292128.pdf,application/pdf,pdf,587714,2026-03-08T22:50:11.346Z,2026-03-06T22:32:20Z,OUTRO,PDF,DESCONHECIDO,NAO,
1pfcqVfPjvskdt_1X1zeG5KAcLKzTpe0W,01A_BRONZE_OFICIAL,Resolucao 07-23_Quadro II.pdf,application/pdf,pdf,56272,2026-03-08T22:51:38.714Z,2026-03-06T22:08:14Z,OUTRO,PDF,DESCONHECIDO,NAO,
14S_oYvNBVz20GWHCudtBN6Gm52F22RE7,01A_BRONZE_OFICIAL,2025_07_Itu_RAE-Pedreira-de-Varvitos_1753229567444 (2).pdf,application/pdf,pdf,417901,2026-03-08T22:53:23.526Z,2026-03-06T21:41:36Z,OUTRO,PDF,DESCONHECIDO,NAO,
1NZ-dOChxxmhvbucUuBvqJV0qB_2pgXVI,01A_BRONZE_OFICIAL,05-20 - Detalhamento do Tombamento do Estádio Conde Rodolfo Crespi - Juventus - item 13 da Res_ 06-16-MAPA (1).pdf,application/pdf,pdf,168892,2026-03-08T22:49:55.698Z,2026-03-06T22:32:19Z,GEO,PDF,DESCONHECIDO,NAO,
1klWYSEQT5OH5w6MXVvhNXSgeF7VvYbpt,01A_BRONZE_OFICIAL,02-24_-_tombamento_mancha_dos_bombeiros_-_quadro_i_-_pgina_1_1719838684.pdf,application/pdf,pdf,85090,2026-03-08T22:51:38.697Z,2026-03-06T22:05:20Z,OUTRO,PDF,DESCONHECIDO,NAO,
14fdF6QEmvsmQwHJYwyQi6mScot9yUC9N,01A_BRONZE_OFICIAL,Balanco_Financeiro_05MAI2025 (1).pdf,application/pdf,pdf,85879,2026-03-08T22:50:14.650Z,2026-03-06T22:25:28Z,OUTRO,PDF,DESCONHECIDO,NAO,
1xLVbdPn77GirD2lYgKp-BrmdUAlYzz3d,01A_BRONZE_OFICIAL,Balanco_Financeiro_08AGO2025 (1).pdf,application/pdf,pdf,36861,2026-03-08T22:50:01.562Z,2026-03-06T22:25:28Z,OUTRO,PDF,DESCONHECIDO,NAO,
1jGQvtCNxm_WndmQiieSkTpLWiaR6oBYj,01A_BRONZE_OFICIAL,2019_31_Sao-Paulo_Equipamentos-de-Saude-no-Bairro-Cerqueira-Cesar_1753237602814.pdf,application/pdf,pdf,355517,2026-03-08T22:51:40.300Z,2026-03-06T21:59:35Z,OUTRO,PDF,DESCONHECIDO,NAO,
1DqxhT3sOsASMzKc1jVKegc8lZeuk6bZB,01A_BRONZE_OFICIAL,Balanco_Financeiro_11NOV2025 (1).pdf,application/pdf,pdf,36823,2026-03-08T22:49:52.122Z,2026-03-06T22:25:28Z,OUTRO,PDF,DESCONHECIDO,NAO,
1F-xTZI18HKl0oI2Iq72JyHZ9Dvmi9VD6,01A_BRONZE_OFICIAL,06-23_Complexo Esportivo do Ibirapuera(1).pdf,application/pdf,pdf,136204,2026-03-08T22:50:56.582Z,2026-03-06T22:08:46Z,OUTRO,PDF,DESCONHECIDO,NAO,
1JJcvLyvH7OvXK7K6QiUbXLaGjfxXmfU4,01A_BRONZE_OFICIAL,Resolucao 04 CONSPRESP 2023 - MAPA (1).pdf,application/pdf,pdf,241426,2026-03-08T22:49:44.489Z,2026-03-06T22:25:32Z,GEO,JURISPRUDENCIA,DESCONHECIDO,NAO,
1PZN1bKcZ5C3wlbQ4fWOZmvUGX-vGalH7,01A_BRONZE_OFICIAL,04-24 - Tombamento da Escadaria da Rua Cristiano Viana - MAPA - Página (1).pdf,application/pdf,pdf,1185001,2026-03-08T22:49:39.480Z,2026-03-06T22:25:03Z,GEO,PDF,DESCONHECIDO,NAO,
1zuR0GrXbHuVjgqaJU5vF2Q7JrirhnBO3,01A_BRONZE_OFICIAL,08-23 - Zepec-APC - Santa Marina Atlético Clube - MAPA - Página (1).pdf,application/pdf,pdf,2362799,2026-03-08T22:49:38.090Z,2026-03-06T22:25:07Z,GEO,PDF,DESCONHECIDO,NAO,
1uO3fvzuHyFjOJerWxfhMQ5FF-H6xHopP,01A_BRONZE_OFICIAL,re1219aptconjuntovilasoperariasmigliarimapa2_1567624270 (1).pdf,application/pdf,pdf,442051,2026-03-08T22:48:57.160Z,2026-03-06T22:32:22Z,GEO,PDF,DESCONHECIDO,NAO,
1uwRNAkFj7BzAsQbQ32zWvM2qVQJkpOHl,01A_BRONZE_OFICIAL,01-25 - Arquivamento Parcial das Manchas I e J e ID 50 a 52 da Res.11-23 - Página (1).pdf,application/pdf,pdf,135992,2026-03-08T22:49:16.503Z,2026-03-06T22:24:56Z,OUTRO,PDF,DESCONHECIDO,NAO,
1rpB38Aymrp6b1_Rqke8AZpnUjrct3Ct6,01A_BRONZE_OFICIAL,re0220tombamento3edificioslargoarouchepdf_1583176246 (1).pdf,application/pdf,pdf,869798,2026-03-08T22:48:45.578Z,2026-03-06T22:32:20Z,OUTRO,PDF,DESCONHECIDO,NAO,
1A2MbMqsTA6ZaXrnCZ0QclIBksfYUYHFx,01A_BRONZE_OFICIAL,2024_10_Sao-Paulo_RAE-Igreja-de-Sao-Goncalo_definida_1753230558796.pdf,application/pdf,pdf,746770,2026-03-08T22:51:26.999Z,2026-03-06T21:50:59Z,OUTRO,PDF,DESCONHECIDO,NAO,
19Fg1UAcL8IjnxOLkVw_PNMEGiQ0Heb_8,01A_BRONZE_OFICIAL,2025_07_Itu_RAE-Pedreira-de-Varvitos_1753229567444 (1).pdf,application/pdf,pdf,417901,2026-03-08T22:49:05.140Z,2026-03-06T22:25:24Z,OUTRO,PDF,DESCONHECIDO,NAO,
1FVe8iJegGmA7Bf2EMSBzXQoHSksc1OMf,01A_BRONZE_OFICIAL,07-24_-_apt_terreiro_ile_ase_omi_1719499071.pdf,application/pdf,pdf,580806,2026-03-08T22:49:54.410Z,2026-03-06T22:12:22Z,OUTRO,PDF,DESCONHECIDO,NAO,
1VXaIcXlWcLllcno3e12ezrWT9NNDGujj,01A_BRONZE_OFICIAL,2022_59_Sao-Paulo_-RAE-Memorial-da-America-Latina-transcricao_1753232839715 (1).pdf,application/pdf,pdf,278423,2026-03-08T22:49:02.758Z,2026-03-06T22:25:21Z,OUTRO,AUDITORIA,NOSSO,NAO,
1jtDKyrBVX4MqV_dj7LGwzzVKeoJ7z-LO,01A_BRONZE_OFICIAL,10-25 - APT do Mobiliário Bar Balcão - Página (1).pdf,application/pdf,pdf,70668,2026-03-08T22:49:01.898Z,2026-03-06T22:25:12Z,OUTRO,PDF,DESCONHECIDO,NAO,
1M9dk-5t_9_G59V4SWHEP_-ozYQmZRuLp,01A_BRONZE_OFICIAL,05-25 - Arquivamento dos IDs 02 a 04 e IDs 07 e 08 da Res. 11-23 - Página (1).pdf,application/pdf,pdf,106583,2026-03-08T22:49:00.264Z,2026-03-06T22:25:04Z,OUTRO,PDF,DESCONHECIDO,NAO,
1UUThqUjHVpMJ1aMsHyrLGUIHy4VrkzIf,01A_BRONZE_OFICIAL,11-25 - Enquandramento como  ZEPEC-APC do Santa Marina Atlético Clube - Página (1).pdf,application/pdf,pdf,70367,2026-03-08T22:48:58.266Z,2026-03-06T22:25:14Z,TDC,PDF,DESCONHECIDO,NAO,
1EU8MFoBV88JokOV0qO2ncmeqvlCG2oQa,01A_BRONZE_OFICIAL,re0719raeteatromunicipalmapa_1563473426 (1).pdf,application/pdf,pdf,2511179,2026-03-08T22:48:29.376Z,2026-03-06T22:32:23Z,GEO,PDF,DESCONHECIDO,NAO,
1SXYAIV1ltoW-qDQxw_SsYM8gHTWtob8c,01A_BRONZE_OFICIAL,Balanco_Financeiro_11NOV2025 (2).pdf,application/pdf,pdf,36823,2026-03-08T22:53:49.327Z,2026-03-06T21:10:32Z,OUTRO,PDF,DESCONHECIDO,NAO,
1H0b3sswfUd04BHIjMBBh61F6SR_ev-Cd,01A_BRONZE_OFICIAL,06-22 - Patrimônio Cultural Imaterial - Novena solene em honra a Nossa Senhora do Carmo (1).pdf,application/pdf,pdf,104677,2026-03-08T22:48:49.253Z,2026-03-06T22:25:04Z,OUTRO,PDF,DESCONHECIDO,NAO,
1hmDf6N2Av2ceCTIMyI2O5Z3xgQAlDzIM,01A_BRONZE_OFICIAL,Resolucao 04 CONSPRESP 2023 - MAPA.pdf,application/pdf,pdf,241426,2026-03-08T22:49:46.613Z,2026-03-06T22:08:56Z,GEO,JURISPRUDENCIA,DESCONHECIDO,NAO,
1klNstKRk8QFp0BuNDMkMPkXz5bNju2Xn,01A_BRONZE_OFICIAL,Balanco_Financeiro_08AGO2025 (2).pdf,application/pdf,pdf,36861,2026-03-08T22:53:24.897Z,2026-03-06T21:12:56Z,OUTRO,PDF,DESCONHECIDO,NAO,
1CJpCluK2-rdOCM5X3FKPKEGzMqVeQPKO,01A_BRONZE_OFICIAL,15-23 - Tombamento Ex-Officio do Conjunto Visconde de Porto Seguro.pdf,application/pdf,pdf,85061,2026-03-08T22:49:50.752Z,2026-03-06T22:06:29Z,OUTRO,PDF,DESCONHECIDO,NAO,
1DaVW6ImFnJfeOoUaGNIWVzapFTEGdta3,01A_BRONZE_OFICIAL,2022_52_Sao-Paulo_RAE-Escola-de-Primeiras-Letras_1753232569115 (1).pdf,application/pdf,pdf,367209,2026-03-08T22:48:32.374Z,2026-03-06T22:25:21Z,OUTRO,PDF,DESCONHECIDO,NAO,
17OIYeCGTRceXMWpilwwGbFkLfhNppkxd,01A_BRONZE_OFICIAL,49c99_22_T_Bairro_da_Bela_Vista (1).pdf,application/pdf,pdf,412003,2026-03-08T22:48:28.544Z,2026-03-06T22:25:18Z,OUTRO,PDF,DESCONHECIDO,NAO,
1wHon6cJ8AIyWNKvE7djga0rDPliCWAHv,01A_BRONZE_OFICIAL,20-24 - Arquivamento Parcial da Mancha D e ID 18 a 20 da Res.11-23 - Página (1).pdf,application/pdf,pdf,207142,2026-03-08T22:48:27.548Z,2026-03-06T22:25:18Z,OUTRO,PDF,DESCONHECIDO,NAO,
1n_BkLSVy5MuyN65ROUpkhWBDSlTv0AWr,01A_BRONZE_OFICIAL,2022_51_Arapei_Fazenda-Rialto_1753232569256.pdf,application/pdf,pdf,325265,2026-03-08T22:50:10.263Z,2026-03-06T21:59:01Z,OUTRO,PDF,DESCONHECIDO,NAO,
1eZWPfqGfwOuejNyOKUZj6bpV-XiqCn58,01A_BRONZE_OFICIAL,Resolucao 01_22 CONPRESP (1).pdf,application/pdf,pdf,102278,2026-03-08T22:48:23.169Z,2026-03-06T22:25:31Z,OUTRO,JURISPRUDENCIA,OFICIAL,NAO,
1dyNlRjeJRI4INlbUYcvjCyi5yQegomYy,01A_BRONZE_OFICIAL,Balanco_Financeiro_01JAN2025 (2).pdf,application/pdf,pdf,36356,2026-03-08T22:53:12.848Z,2026-03-06T21:11:56Z,OUTRO,PDF,DESCONHECIDO,NAO,
1r6iNqcnI2jNXjK9ZW1eyRmCphVte6KaR,01A_BRONZE_OFICIAL,FUNDURB_Balanco_Financeiro_Consolidado_01JAN_2026 (2).pdf,application/pdf,pdf,355654,2026-03-08T22:53:13.903Z,2026-03-06T21:10:52Z,TDC,PDF,DESCONHECIDO,NAO,
1tfcUQbXjnlRwbP9yXqO3dOp4RWY5PJsQ,01A_BRONZE_OFICIAL,13-24 - APT do Terreiro de Candomblé Ilé Dara Asé Òsun Eyin - Mapa (1).pdf,application/pdf,pdf,1304254,2026-03-08T22:48:19.495Z,2026-03-06T22:25:15Z,GEO,PDF,DESCONHECIDO,NAO,
1KYD21z-2fuAYNyKubHfjUAFxS6BqSmbz,01A_BRONZE_OFICIAL,17-25 - Tombamento do Templo Espiritualista de Umbanda São Benedito - Página (1).pdf,application/pdf,pdf,193492,2026-03-08T22:48:15.802Z,2026-03-06T22:25:18Z,OUTRO,PDF,DESCONHECIDO,NAO,
1pAx6LmGrnnqzSNPl-PzmUcyd4S34k3nd,01A_BRONZE_OFICIAL,05-24_-_plano_salvaguarda_-_pgina_1720030244.pdf,application/pdf,pdf,85533,2026-03-08T22:48:41.686Z,2026-03-06T22:12:39Z,OUTRO,PDF,DESCONHECIDO,NAO,
1oxBSJ28_iv88_7sj8hxybvrGyTTc8yx7,01A_BRONZE_OFICIAL,01-24_-_regulamentao_da_implantao_de_estao_rdio-base_erb_-_rerratificada_-_pgina_1_1715872319 (1).pdf,application/pdf,pdf,135653,2026-03-08T22:47:49.952Z,2026-03-06T22:24:56Z,OUTRO,PDF,NOSSO,NAO,
1IBTUla7aUXkY0u_wfYhdiLLvxwl1zsvt,01A_BRONZE_OFICIAL,criao_e_regulamentao_do_inventrio_memria_paulistana_-_13_1570640688.pdf,application/pdf,pdf,699415,2026-03-08T22:47:17.912Z,2026-03-06T22:32:19Z,OUTRO,PDF,DESCONHECIDO,NAO,
1dDSw9OOrAJ9YOWP9nZFEY3bTTgKp0lNO,01A_BRONZE_OFICIAL,06-25 - Arquivamento dos IDs 42 a 48 da Res. 11-23 - Página (1) (1).pdf,application/pdf,pdf,105352,2026-03-08T22:47:46.305Z,2026-03-06T22:25:05Z,OUTRO,PDF,DESCONHECIDO,NAO,
1mUepSC3o7sr1oPXiEEN8Drrizg2aNxb1,01A_BRONZE_OFICIAL,2018_102_Sao-Paulo_Moinho-Matarazzo_1753238762358 (1).pdf,application/pdf,pdf,391450,2026-03-08T22:47:44.899Z,2026-03-06T22:25:18Z,OUTRO,PDF,DESCONHECIDO,NAO,
1EV4mSJlPG6DulyTPiCE5-D8FNthgRAfK,01A_BRONZE_OFICIAL,2025_82_Sao Paulo_RAE_Sitio Capao_1765548385626 (1).pdf,application/pdf,pdf,572245,2026-03-08T22:47:40.171Z,2026-03-06T22:25:26Z,OUTRO,PDF,DESCONHECIDO,NAO,
13moJVvTAfAX_lSxVvyy6x22Z1D9vw1fO,01A_BRONZE_OFICIAL,03-22 - Detalhamento da Resolução 22-2002 - para página (1).pdf,application/pdf,pdf,815302,2026-03-08T22:47:33.194Z,2026-03-06T22:24:59Z,OUTRO,PDF,DESCONHECIDO,NAO,
1Wk-2O1uVAkZRTIY9BKOKxMru2h-8B6ik,01A_BRONZE_OFICIAL,2019_49_Sao-Paulo_-Conjunto-de-bens-imoveis-no-bairro-de-Higienopolis_1753238164725.pdf,application/pdf,pdf,279657,2026-03-08T22:49:08.962Z,2026-03-06T21:59:52Z,OUTRO,PDF,DESCONHECIDO,NAO,
1RolPLKY_kh7GtvuYmOLX8E9J9EAS87aF,01A_BRONZE_OFICIAL,Resolucao 07-23_Quadro II (1).pdf,application/pdf,pdf,56272,2026-03-08T22:47:20.847Z,2026-03-06T22:25:32Z,OUTRO,PDF,DESCONHECIDO,NAO,
13DksqrpOipBbhfRM2qlXZr4TJWhAW1Zd,01A_BRONZE_OFICIAL,2025_82_Sao Paulo_RAE_Sitio Capao_1765548385626.pdf,application/pdf,pdf,572245,2026-03-08T22:49:57.043Z,2026-03-06T21:42:15Z,OUTRO,PDF,DESCONHECIDO,NAO,
1k-jDeqyAFYxghNCAGnJipqqxgfcQ_o5u,01A_BRONZE_OFICIAL,"04-20-_apt_rua_visconde_de_ouro_preto,_118_e_124-mapa_1603486739 (1).pdf",application/pdf,pdf,2832922,2026-03-08T22:46:33.909Z,2026-03-06T22:32:20Z,GEO,PDF,DESCONHECIDO,NAO,
1kk6tzoOrC20exwfBFoMnxw5YxaKGAx0U,01A_BRONZE_OFICIAL,Re0716RegulamentacaoProcedimentosRegistroBensImateriaisPDF_1457716829 (1).pdf,application/pdf,pdf,73503,2026-03-08T22:46:58.612Z,2026-03-06T22:25:30Z,OUTRO,PDF,DESCONHECIDO,NAO,
1ynp12nzEATSXyZMTL_h1UTzGH9QMC7cH,01A_BRONZE_OFICIAL,2025_80_Mogi das Cruzes_RAE Igreja Ordem Primeira e Terceira de Nossa Senhora do Carmo_1765548385222 (1).pdf,application/pdf,pdf,397957,2026-03-08T22:46:54.448Z,2026-03-06T22:25:25Z,OUTRO,PDF,DESCONHECIDO,NAO,
1Pc01PjT9Jhjf7o8ivU7kfr3FEBF97E5I,01A_BRONZE_OFICIAL,2018_105_Sao-Paulo_Hospital-Psiquiatrico-Philippe-Pinel_1753238856743 (1).pdf,application/pdf,pdf,502747,2026-03-08T22:46:52.867Z,2026-03-06T22:25:19Z,OUTRO,PDF,DESCONHECIDO,NAO,
1wZ9Bfr9HwMKJAKPph3PaquGDIbE43OD0,01A_BRONZE_OFICIAL,02-23 - APT Cemiterio São Paulo - MAPA - Página (1).pdf,application/pdf,pdf,3276375,2026-03-08T22:46:46.272Z,2026-03-06T22:24:59Z,GEO,PDF,DESCONHECIDO,NAO,
1ZuFCpA_IHg_dycF31aT9PJaGvK7HH13S,01A_BRONZE_OFICIAL,2022_07_Campinas_Conjunto-da-Estacao-Ferroviaria-Guanabara_1753232568474 (1).pdf,application/pdf,pdf,448026,2026-03-08T22:46:33.879Z,2026-03-06T22:25:20Z,OUTRO,PDF,DESCONHECIDO,NAO,
1__btXb0Vs_Pkt7xdO6KUc2mdZdHiBA4M,01A_BRONZE_OFICIAL,re1219aptconjuntovilasoperariasmigliarimapa1_1567624092 (1).pdf,application/pdf,pdf,237972,2026-03-08T22:46:00.502Z,2026-03-06T22:32:22Z,GEO,PDF,DESCONHECIDO,NAO,
1IUQiVllrJlpSB1igMVUASCPTHFSz4KAU,01A_BRONZE_OFICIAL,2022_11_Sao-Paulo_RAE_Largo-da-Memoria_1753232569595 (1).pdf,application/pdf,pdf,278415,2026-03-08T22:46:12.755Z,2026-03-06T22:25:20Z,OUTRO,PDF,DESCONHECIDO,NAO,
1wo9uc_Kq_T2pKWlJR8mq6EDVoOGLacZK,01A_BRONZE_OFICIAL,FUNDURB_Balanco_Financeiro_Consolidado_01JAN_2026 (1).pdf,application/pdf,pdf,355654,2026-03-08T22:46:01.881Z,2026-03-06T22:25:29Z,TDC,PDF,DESCONHECIDO,NAO,
1mzclpZTwsEM3SONYKIU9RJXCzEQrll7I,01A_BRONZE_OFICIAL,2017_62_Sao-Paulo_Colegio-Dante-Alighieri-–-Edificios-Leonardo-Da-Vinci-e-Colmeia-incluindo-patio_1753284675510 (1).pdf,application/pdf,pdf,327930,2026-03-08T22:45:30.437Z,2026-03-06T22:25:18Z,OUTRO,PDF,DESCONHECIDO,NAO,
1clberqg4vgoLDEtq2w4A_1CP47WCc0Zp,01A_BRONZE_OFICIAL,2025_84_Sao Paulo_RAE_Residencia Elias Pacheco Chaves_1765548385965 (1).pdf,application/pdf,pdf,310761,2026-03-08T22:45:12.012Z,2026-03-06T22:25:26Z,OUTRO,PDF,DESCONHECIDO,NAO,
1MsT63HBzXzChB_CKgwYiszuRKZx7YcSH,01A_BRONZE_OFICIAL,"06-20 - APT imóvel Rua Gal_ Isidoro Lopes, 36 - para DOC (1).pdf",application/pdf,pdf,440107,2026-03-08T22:44:37.112Z,2026-03-06T22:32:19Z,OUTRO,PDF,DESCONHECIDO,NAO,
1aodJHEVmwOZhREBNhpPwKJ0lsXrc37S-,01A_BRONZE_OFICIAL,re1219aptconjuntovilasoperariasmigliarianexo2ve_1568922998.pdf,application/pdf,pdf,553073,2026-03-08T22:44:34.034Z,2026-03-06T22:32:22Z,OUTRO,PDF,DESCONHECIDO,NAO,
1BH_ReZxHNi0NXzlMc2gfO5ypLiEL_oyA,01A_BRONZE_OFICIAL,2022_59_Sao-Paulo_-RAE-Memorial-da-America-Latina-transcricao_1753232839715.pdf,application/pdf,pdf,278423,2026-03-08T22:46:58.631Z,2026-03-06T21:51:22Z,OUTRO,AUDITORIA,NOSSO,NAO,
1S9oaNh510nU1L7exea0bikw_Dso39SEG,01A_BRONZE_OFICIAL,2025_07_Itu_RAE-Pedreira-de-Varvitos_1753229567444.pdf,application/pdf,pdf,417901,2026-03-08T22:47:31.702Z,2026-03-06T21:41:36Z,OUTRO,PDF,DESCONHECIDO,NAO,
13MS8gi3RhaR-uxKQ0SadOwBHQOiCy7PD,01A_BRONZE_OFICIAL,15-24 - Arquivamento dos Itens 33 e 34 da Res. 23-16 - Página (1).pdf,application/pdf,pdf,67970,2026-03-08T22:44:37.149Z,2026-03-06T22:25:17Z,OUTRO,PDF,DESCONHECIDO,NAO,
111Fm5cyON-GRftzm6vl_HykWbHqvDjlJ,01A_BRONZE_OFICIAL,2018_129_Sao-Paulo_Vila-dos-Ingleses_1753239240017.pdf,application/pdf,pdf,829496,2026-03-08T22:46:12.072Z,2026-03-06T22:00:48Z,OUTRO,PDF,DESCONHECIDO,NAO,
1o8h4dl0jxFMiP36MXhzLIe_4WVefJzao,01A_BRONZE_OFICIAL,2025_08_Sao-Sebastiao_RAE-Casa-da-Esperanca_1753229567334.pdf,application/pdf,pdf,156293,2026-03-08T22:47:02.261Z,2026-03-06T21:41:41Z,OUTRO,PDF,DESCONHECIDO,NAO,
1F8xu6KGddzA5kLq_17G1aPxavpHsFY_8,01A_BRONZE_OFICIAL,criao_e_regulamentao_do_inventrio_memria_paulistana_-_13_1570640688 (1).pdf,application/pdf,pdf,699415,2026-03-08T22:43:27.450Z,2026-03-06T22:32:19Z,OUTRO,PDF,DESCONHECIDO,NAO,
1bNAziqj207UKT2hP10JPk9R7W_t-j4Dq,01A_BRONZE_OFICIAL,re0719raeteatromunicipalpdf_1563473222.pdf,application/pdf,pdf,640450,2026-03-08T22:43:16.370Z,2026-03-06T22:32:22Z,OUTRO,PDF,DESCONHECIDO,NAO,
1unrzoQxxN1e7nRM2juxgAdkXZUvFHedx,01A_BRONZE_OFICIAL,13-25 - Complemento ao Arquivamento Parcial da Mancha D da Res. 11-23 - Página (1).pdf,application/pdf,pdf,191834,2026-03-08T22:43:43.901Z,2026-03-06T22:25:15Z,OUTRO,PDF,DESCONHECIDO,NAO,
1KJ3V9pjMhmQS0SFieRa0nXluqRH2PII-,01A_BRONZE_OFICIAL,2017_62_Sao-Paulo_Colegio-Dante-Alighieri-–-Edificios-Leonardo-Da-Vinci-e-Colmeia-incluindo-patio_1753284675510.pdf,application/pdf,pdf,327930,2026-03-08T22:45:17.676Z,2026-03-06T22:01:12Z,OUTRO,PDF,DESCONHECIDO,NAO,
1IoOaCyOML4UTVTdLaTu9jINjrMN5Rhjc,01A_BRONZE_OFICIAL,Anexo 1 do D 57_536_2016.pdf,application/pdf,pdf,56512,2026-03-08T22:46:16.391Z,2026-03-06T21:46:16Z,OUTRO,PDF,DESCONHECIDO,NAO,
1PT_1HNO6zF5Qou9jeUvjnrfC2GurFLPO,01A_BRONZE_OFICIAL,05-24_-_plano_salvaguarda_-_pgina_1720030244 (1).pdf,application/pdf,pdf,85533,2026-03-08T22:43:37.290Z,2026-03-06T22:25:03Z,OUTRO,PDF,DESCONHECIDO,NAO,
1JQhbTXAYyaGZy-VTXy8VBQcTZ9FPch9p,01A_BRONZE_OFICIAL,03-23 - RAE da Sede do Antigo Sitio Itaim - MAPAS - Página(1) (1).pdf,application/pdf,pdf,5527290,2026-03-08T22:43:32.028Z,2026-03-06T22:25:03Z,GEO,PDF,DESCONHECIDO,NAO,
14YZCXv_7uYy_Dy_l-SsR3gaFJIdaIGut,01A_BRONZE_OFICIAL,"04-22 - Alteração da redação Art 2º, da Res_ 34-18 - Página(1) (1).pdf",application/pdf,pdf,111801,2026-03-08T22:43:27.478Z,2026-03-06T22:25:01Z,OUTRO,PDF,DESCONHECIDO,NAO,
1i4lV_HVEXsKKcK-LIj5hD2jO4NiDzVG1,01A_BRONZE_OFICIAL,"06-24 - Tombamento Antigas Residencias Rua Bela Cintra,954 e Rua Itapeva, 700 - Página (1) (1).pdf",application/pdf,pdf,82641,2026-03-08T22:43:24.414Z,2026-03-06T22:25:05Z,OUTRO,PDF,DESCONHECIDO,NAO,
1CrBSYMJQ8I5tnddU4XFjgX1JKEnhoFdk,01A_BRONZE_OFICIAL,re0118tombamentoquadrilateropinheirospredinhoshipicamapa_1533150190 (1).pdf,application/pdf,pdf,125589,2026-03-08T22:42:46.064Z,2026-03-06T22:32:19Z,GEO,PDF,DESCONHECIDO,NAO,
1fItGVmSv-hVBwj68iIUDRAxQd0eMvl7r,01A_BRONZE_OFICIAL,2025_81_Sao Paulo_RAE_Sitio Itaim_1765548385444 (1).pdf,application/pdf,pdf,830680,2026-03-08T22:43:12.132Z,2026-03-06T22:25:26Z,OUTRO,PDF,DESCONHECIDO,NAO,
1Q13oEPBYBrYc4QmvSMPY_cVWauFHYu8_,01A_BRONZE_OFICIAL,Resolucao 07-23_Mancha dos Bombeiros_MAPA.pdf,application/pdf,pdf,493273,2026-03-08T22:44:19.817Z,2026-03-06T22:08:03Z,GEO,PDF,DESCONHECIDO,NAO,
1JLcaM7zNdD-JxkpLEiNlHaIzlSEK5AgH,01A_BRONZE_OFICIAL,re0320exclusaoedestherwiltonpaesdealmeidares3792pdf_1600964301 (1).pdf,application/pdf,pdf,666067,2026-03-08T22:42:43.084Z,2026-03-06T22:32:21Z,OUTRO,PDF,DESCONHECIDO,NAO,
1nMIGisq7FNahysugbzJsT7fmBmoQe5hI,01A_BRONZE_OFICIAL,Resolucao 07-23_Quadro I.pdf,application/pdf,pdf,58948,2026-03-08T22:44:17.458Z,2026-03-06T22:08:20Z,OUTRO,PDF,DESCONHECIDO,NAO,
1VtvExC3rlHiwCYm2cSRnpOUwimALxqx0,01A_BRONZE_OFICIAL,2025_91_Sao Paulo_RAE Igreja Santo Antonio_1765549460684.pdf,application/pdf,pdf,358666,2026-03-08T22:45:55.268Z,2026-03-06T21:43:02Z,OUTRO,PDF,DESCONHECIDO,NAO,
1AJ4BwhwPe_XaQt3ZiiwPSV_Orb3vQtgw,01A_BRONZE_OFICIAL,re0219raepalacioindustriasmapa_1556292064 (1).pdf,application/pdf,pdf,343372,2026-03-08T22:42:40.652Z,2026-03-06T22:32:20Z,GEO,PDF,DESCONHECIDO,NAO,
1OEW0EHvCQ9GQKnaRo6RYnYOXnXVcCjHC,01A_BRONZE_OFICIAL,14-23 -APT Solar Fábio Prado (1).pdf,application/pdf,pdf,530449,2026-03-08T22:43:06.002Z,2026-03-06T22:25:16Z,OUTRO,PDF,DESCONHECIDO,NAO,
1BnMCZuKCcFgYqdLHztWx8Nyqmh_X2Gdp,01A_BRONZE_OFICIAL,Resolucao 07-23_Mancha dos Bombeiros_MAPA (1).pdf,application/pdf,pdf,493273,2026-03-08T22:42:59.698Z,2026-03-06T22:25:32Z,GEO,PDF,DESCONHECIDO,NAO,
1la3chD-sBzy6-pRI16POhit36HJ8Dc3O,01A_BRONZE_OFICIAL,15-23 - Tombamento Ex-Officio do Conjunto Visconde de Porto Seguro - MAPA - Página (1).pdf,application/pdf,pdf,2282774,2026-03-08T22:42:49.907Z,2026-03-06T22:25:17Z,GEO,PDF,DESCONHECIDO,NAO,
1qZzbOI27WmK7xrPCFM-XcOhum5rvYDGz,01A_BRONZE_OFICIAL,03-25 - Arquivamento da Mancha H da Res.11-23 - Página (1).pdf,application/pdf,pdf,103945,2026-03-08T22:42:50.638Z,2026-03-06T22:25:01Z,OUTRO,PDF,DESCONHECIDO,NAO,
1-0jWgcXDqmqlejc2_x_q1mIwr17vKu2H,01A_BRONZE_OFICIAL,2025_03_Sao-Paulo_RAE-Casa-do-Sitio-do-Tatuape_1753229566669 (1).pdf,application/pdf,pdf,427029,2026-03-08T22:42:44.416Z,2026-03-06T22:25:22Z,OUTRO,PDF,DESCONHECIDO,NAO,
1kmqpWEQ_zaybg1XceRgvbneSMYzdpGk6,01A_BRONZE_OFICIAL,2025_06_Sao-Paulo_RAE-Igreja-Nossa-Senhora-da-Boa-Morte_1753229566247.pdf,application/pdf,pdf,886676,2026-03-08T22:45:30.496Z,2026-03-06T21:41:31Z,OUTRO,PDF,DESCONHECIDO,NAO,
12IzjV7vDImP0xTC2YZMNg4ww_OYzSJwr,01A_BRONZE_OFICIAL,11-24 - Exclusão de imóveis 05 e 06 do anexo I da Res. 11-23 - Página (1) (1).pdf,application/pdf,pdf,71270,2026-03-08T22:42:36.827Z,2026-03-06T22:25:14Z,OUTRO,PDF,DESCONHECIDO,NAO,
1PwoWfQsoHQcSDUmxSHgxm4eIcDn9Sbm0,01A_BRONZE_OFICIAL,2018_24_Sao-Paulo_Casa-a-Rua-Ceara_1753238584741 (1).pdf,application/pdf,pdf,308087,2026-03-08T22:42:11.942Z,2026-03-06T22:25:18Z,OUTRO,PDF,DESCONHECIDO,NAO,
128CGmkLykZrRAmmNnnmte6MESivil36L,01A_BRONZE_OFICIAL,2025_93_Imaterial_Culturas Circenses_1766063267282 (1).pdf,application/pdf,pdf,202379,2026-03-08T22:42:07.191Z,2026-03-06T22:25:27Z,OUTRO,PDF,DESCONHECIDO,NAO,
1ZxW4hy7oC4gOpbykA2ex_DaJEyX1GESj,01A_BRONZE_OFICIAL,11-25 -Enquandramento como  ZEPEC-APC do Santa Marina Atlético Clube - MAPA (1).pdf,application/pdf,pdf,4185706,2026-03-08T22:41:58.282Z,2026-03-06T22:25:16Z,GEO,PDF,DESCONHECIDO,NAO,
12Nn_0euUirLbN4QqYMTqRMmZIDsktHKn,01A_BRONZE_OFICIAL,2025_81_Sao Paulo_RAE_Sitio Itaim_1765548385444.pdf,application/pdf,pdf,830680,2026-03-08T22:44:45.471Z,2026-03-06T21:42:10Z,OUTRO,PDF,DESCONHECIDO,NAO,
1vbnZh2XknXwn9fMcSeyKDtRnJ7felF6B,01A_BRONZE_OFICIAL,2025_84_Sao Paulo_RAE_Residencia Elias Pacheco Chaves_1765548385965.pdf,application/pdf,pdf,310761,2026-03-08T22:44:41.347Z,2026-03-06T21:42:26Z,OUTRO,PDF,DESCONHECIDO,NAO,
1EVdShJhuMODebjRB1VZiV0FZcNMH3Yb9,01A_BRONZE_OFICIAL,2025_19_Sao-Paulo_RAE-Casa-de-Vidro-do-Morumbi_1753229567245 (1).pdf,application/pdf,pdf,383999,2026-03-08T22:41:26.982Z,2026-03-06T22:25:24Z,OUTRO,PDF,DESCONHECIDO,NAO,
1oheEankNeWPTDhc41cIPMx4ZyT5FWOVx,01A_BRONZE_OFICIAL,2025_19_Sao-Paulo_RAE-Casa-de-Vidro-do-Morumbi_1753229567245.pdf,application/pdf,pdf,383999,2026-03-08T22:44:12.586Z,2026-03-06T21:41:48Z,OUTRO,PDF,DESCONHECIDO,NAO,
1v1DRiGFlnCsmGs3smkjByXKwid8cuVDa,01A_BRONZE_OFICIAL,2025_20_Sao-Sebastiao_RAE-Centro-Historico_1753229567107 (1).pdf,application/pdf,pdf,824485,2026-03-08T22:41:16.347Z,2026-03-06T22:25:24Z,OUTRO,PDF,DESCONHECIDO,NAO,
1DM-0S8vLv-9Q5uJC_TKlB6vHkE39s2_I,01A_BRONZE_OFICIAL,02-23 - Anexo I (1).pdf,application/pdf,pdf,271294,2026-03-08T22:41:15.379Z,2026-03-06T22:24:57Z,OUTRO,PDF,DESCONHECIDO,NAO,
1U3pesqN2W-PGqso0YUNWURe8i7_aUpQr,01A_BRONZE_OFICIAL,2021_18_Sao-Paulo_Igreja-da-Ordem-Terceira-de-Nossa-Senhora-do-Carmo_1753237189376 (1).pdf,application/pdf,pdf,317592,2026-03-08T22:41:10.644Z,2026-03-06T22:25:19Z,OUTRO,PDF,DESCONHECIDO,NAO,
1NH60Oc-3y8-f-EEfvrvEwP0a3y4Al3pb,01A_BRONZE_OFICIAL,"04-20-_apt_rua_visconde_de_ouro_preto,_118_e_124_1603489335.pdf",application/pdf,pdf,439110,2026-03-08T22:40:42.996Z,2026-03-06T22:32:19Z,OUTRO,PDF,DESCONHECIDO,NAO,
1om3a7XhTRw6w7mLvF7fblU2-OiBQrjNc,01A_BRONZE_OFICIAL,2018_129_Sao-Paulo_Vila-dos-Ingleses_1753239240017 (1).pdf,application/pdf,pdf,829496,2026-03-08T22:41:02.648Z,2026-03-06T22:25:19Z,OUTRO,PDF,DESCONHECIDO,NAO,
175-gRYQn25_ZartlTlVWU5H-2PbO0wAV,01A_BRONZE_OFICIAL,05-20 - Detalhamento do Tombamento do Estádio Conde Rodolfo Crespi - Juventus - item 13 da Res_ 06-16.pdf,application/pdf,pdf,465277,2026-03-08T22:40:27.617Z,2026-03-06T22:32:18Z,OUTRO,PDF,DESCONHECIDO,NAO,
1K9K8PBhXQWpZjx9lNm-H-0ogDqMI-cKW,01A_BRONZE_OFICIAL,12-24 - Arquivamento da APT de Residência na Rua General Isidoro Dias Lopes n° 36 - Vila Amália - Página.pdf,application/pdf,pdf,67241,2026-03-08T22:40:25.459Z,2026-03-06T22:32:19Z,OUTRO,PDF,DESCONHECIDO,NAO,
1ZqIoEBeNvbT0jHP5zfl892FCw-fW7XUZ,01A_BRONZE_OFICIAL,05-23 - ZEPEC- APC - Espaco Itau de cinema Augusta(1).pdf,application/pdf,pdf,119820,2026-03-08T22:41:55.290Z,2026-03-06T22:08:52Z,TDC,PDF,DESCONHECIDO,NAO,
1aTf_NafwJ742XyNELUXQprP310SvCJk6,01A_BRONZE_OFICIAL,re1119aptchacarajabuticabeiraspdf_1601500641.pdf,application/pdf,pdf,604310,2026-03-08T22:40:14.359Z,2026-03-06T22:32:22Z,OUTRO,PDF,DESCONHECIDO,NAO,
1Jct4x0rEmEiELGMerSSCnfO9llqHydEM,01A_BRONZE_OFICIAL,re1219aptconjuntovilasoperariasmigliaripdfve_1568922885 (1).pdf,application/pdf,pdf,627623,2026-03-08T22:40:07.879Z,2026-03-06T22:32:23Z,OUTRO,PDF,DESCONHECIDO,NAO,
1M6fa_9r86u0pfHRiZd1ccGnp3m81NzpB,01A_BRONZE_OFICIAL,2018_103_Sao-Paulo_Parque-Estadual-Fontes-do-Ipiranga_1753238783798 (1).pdf,application/pdf,pdf,424907,2026-03-08T22:40:24.149Z,2026-03-06T22:25:19Z,OUTRO,PDF,DESCONHECIDO,NAO,
1QKnzBV6UMZ3aGhVPvFQeGW7JwrRD1IzK,01A_BRONZE_OFICIAL,04-24 -  Tombamento da Escadaria da Rua Cristiano Viana - Anexos I e II - Página (1).pdf,application/pdf,pdf,66839,2026-03-08T22:40:14.978Z,2026-03-06T22:25:03Z,OUTRO,PDF,DESCONHECIDO,NAO,
1FxRwkFMwYmgjYceBLYxBHCEQBjYXCANw,01A_BRONZE_OFICIAL,07-20 - APT do Jardim Alfomares - para página.pdf,application/pdf,pdf,440168,2026-03-08T22:39:44.015Z,2026-03-06T22:32:19Z,OUTRO,PDF,DESCONHECIDO,NAO,
1n8DlCrl88MqB3DBIJhrxT3Me4Zw23DTF,01A_BRONZE_OFICIAL,08-23 - Zepec-APC - Santa Marina Atlético Clube - Página (1).pdf,application/pdf,pdf,71453,2026-03-08T22:39:56.741Z,2026-03-06T22:25:06Z,TDC,PDF,DESCONHECIDO,NAO,
1sVkriUc3xVX6MY3Gyn9ZawIqoF0Vs6cQ,01A_BRONZE_OFICIAL,07-25 - Enquadramento como ZEPEC-APC do Território Augusta de Cinema - Página (1).pdf,application/pdf,pdf,112906,2026-03-08T22:39:55.294Z,2026-03-06T22:25:06Z,TDC,PDF,DESCONHECIDO,NAO,
1KQM2Y8UEmRzfewiaG_JjHLFXFSfpPIrf,01A_BRONZE_OFICIAL,2019_35_Sao-Paulo_Terreiro-Santa-Barbara_1753237911022 (1).pdf,application/pdf,pdf,780929,2026-03-08T22:39:51.631Z,2026-03-06T22:25:19Z,OUTRO,PDF,DESCONHECIDO,NAO,
1AFMghkDpyHBkpRTWBkm3EtTSyj7TJwSa,01A_BRONZE_OFICIAL,2018_131_Diversos_Retificacao_1753239292359 (1).pdf,application/pdf,pdf,762948,2026-03-08T22:39:51.605Z,2026-03-06T22:25:19Z,OUTRO,PDF,DESCONHECIDO,NAO,
1J_ReyLuzr9Yfhp23cpF5bv3LNE2-Qmdz,01A_BRONZE_OFICIAL,02-23 - Anexo II.pdf,application/pdf,pdf,62255,2026-03-08T22:40:49.299Z,2026-03-06T22:09:24Z,OUTRO,PDF,DESCONHECIDO,NAO,
1bn-hqhg8O1KnE8frmp6vx_T22dzhlotL,01A_BRONZE_OFICIAL,15-25 - APT do Campo dos Engenheiros - Página (1).pdf,application/pdf,pdf,57296,2026-03-08T22:39:46.213Z,2026-03-06T22:25:17Z,OUTRO,PDF,DESCONHECIDO,NAO,
1IZvHu3RyW5rKhNNY_WPtfYG9Lq6Rd3cB,01A_BRONZE_OFICIAL,re1119aptchacarajabuticabeiraspdf_1601500641 (1).pdf,application/pdf,pdf,604310,2026-03-08T22:39:10.565Z,2026-03-06T22:32:22Z,OUTRO,PDF,DESCONHECIDO,NAO,
1BSaq6CK6gFHkmVXJ6goiIEpqBLP0COeF,01A_BRONZE_OFICIAL,2025_03_Sao-Paulo_RAE-Casa-do-Sitio-do-Tatuape_1753229566669.pdf,application/pdf,pdf,427029,2026-03-08T22:42:29.828Z,2026-03-06T21:38:56Z,OUTRO,PDF,DESCONHECIDO,NAO,
1n98HsTVyuY5XiykV_c9HJsEMHQri2M3z,01A_BRONZE_OFICIAL,Balanco_Financeiro_04ABR2025555 (1).pdf,application/pdf,pdf,86994,2026-03-08T22:39:26.481Z,2026-03-06T22:25:28Z,OUTRO,PDF,DESCONHECIDO,NAO,
1Zlxc-rUja8RJRzllaK0piVYBjKRbTUXZ,01A_BRONZE_OFICIAL,Re2314RegistrocomoBemImaterialdoConjuntodeTeatrosPDF_1413396489.pdf,application/pdf,pdf,67048,2026-03-08T22:40:19.711Z,2026-03-06T22:11:54Z,OUTRO,PDF,DESCONHECIDO,NAO,
17ymoFOCX18YLE9j7FRQ4Jy6_5dtfD1ft,01A_BRONZE_OFICIAL,01-23 - APT - Associação Feminina Beneficente e Instrutiva Analia Franco - Página (1) (1).pdf,application/pdf,pdf,74813,2026-03-08T22:39:20.222Z,2026-03-06T22:24:56Z,OUTRO,PDF,DESCONHECIDO,NAO,
1cbRE_GiMpcMtUVckPzOgdUr663WLrHTn,01A_BRONZE_OFICIAL,re0118tombamentoquadrilateropinheirospredinhoshipicapdf_1549040068.pdf,application/pdf,pdf,527185,2026-03-08T22:38:46.443Z,2026-03-06T22:32:20Z,OUTRO,PDF,DESCONHECIDO,NAO,
116RNLhb757xIuYQYQsNS6DhwS41IjSkO,01A_BRONZE_OFICIAL,Anexo 1 do D 57_536_2016 (1).pdf,application/pdf,pdf,56512,2026-03-08T22:39:12.330Z,2026-03-06T22:25:27Z,OUTRO,PDF,DESCONHECIDO,NAO,
1bDHPEspBe2sPmrfu8uFtOSLnFbXc3ZYj,01A_BRONZE_OFICIAL,re1219aptconjuntovilasoperariasmigliarimapa3_1567624297 (1).pdf,application/pdf,pdf,518000,2026-03-08T22:38:43.040Z,2026-03-06T22:32:23Z,GEO,PDF,DESCONHECIDO,NAO,
1jYIjmUdxsmNcqQbMaL3tnPJRQoi_dHI3,01A_BRONZE_OFICIAL,2017_36_Sao-Paulo_RAE-Residencias-da-Familia-Ramos-de-Azevedo_1753284677017.pdf,application/pdf,pdf,58709,2026-03-08T22:40:42.954Z,2026-03-06T22:00:59Z,OUTRO,PDF,DESCONHECIDO,NAO,
1kKn5EAgLC87C2_S3mz0b4SRKGSnK2jjk,01A_BRONZE_OFICIAL,2022_52_Sao-Paulo_RAE-Escola-de-Primeiras-Letras_1753232569115.pdf,application/pdf,pdf,367209,2026-03-08T22:40:46.584Z,2026-03-06T21:59:07Z,OUTRO,PDF,DESCONHECIDO,NAO,
1tViZ8FlE20gZjZfCKYr6ISnm6ZrF5gVT,01A_BRONZE_OFICIAL,02-22 APT Conjunto do Sindicato dos Metroviarios(1).pdf,application/pdf,pdf,106451,2026-03-08T22:40:07.898Z,2026-03-06T22:06:10Z,OUTRO,PDF,DESCONHECIDO,NAO,
1yc_swoToUlBNV7eT0sX5Ul4QqJQmcMw8,01A_BRONZE_OFICIAL,fila_tdc_5porcento_fundurb-2026- fevereiro.pdf,application/pdf,pdf,222943,2026-03-08T22:42:41.424Z,2026-03-06T21:26:37Z,TDC,PDF,DESCONHECIDO,NAO,
14-kizizXM4kQjwA7RDT-i9LQAqD5o5Gd,01A_BRONZE_OFICIAL,19-25 - Revisão da Resolução 05-2020 - Página (1).pdf,application/pdf,pdf,179372,2026-03-08T22:38:49.738Z,2026-03-06T22:25:18Z,OUTRO,PDF,DESCONHECIDO,NAO,
1pEo7QyM0Xe_aiDIsuxyl5izsUulG12QV,01A_BRONZE_OFICIAL,2025_89_Sao Paulo_RAE_Casas de Aluguel da Rua Bento Freitas_1765548386536.pdf,application/pdf,pdf,230028,2026-03-08T22:41:28.473Z,2026-03-06T21:42:48Z,OUTRO,PDF,DESCONHECIDO,NAO,
1lrcX-oRcgKnKXkWSkETULCkjEjC98Zst,01A_BRONZE_OFICIAL,2025_06_Sao-Paulo_RAE-Igreja-Nossa-Senhora-da-Boa-Morte_1753229566247 (1).pdf,application/pdf,pdf,886676,2026-03-08T22:38:35.286Z,2026-03-06T22:25:24Z,OUTRO,PDF,DESCONHECIDO,NAO,
1I5lXg8CUTmQRIW-lfHeNdqq35h2dEUnE,01A_BRONZE_OFICIAL,Anual2019 (1).xls,application/vnd.ms-excel,xls,2320384,2026-03-08T22:57:03.789Z,2026-03-06T17:43:00Z,OUTRO,PLANILHA,DESCONHECIDO,NAO,
1s0yB7QI3ZQalV_kAQQxoInzPQrAhPzmm,01A_BRONZE_OFICIAL,SIRGAS_SHP_areaenvoltoriaiphan2.csv,text/csv,csv,786,2026-03-08T22:57:02.924Z,2026-03-06T17:42:20Z,GEO,TABELA_DADO,OFICIAL,NAO,
1Y2M-PG3Cj8Btihg4yMabSVZw5Nxhydv-,01A_BRONZE_OFICIAL,re1219aptconjuntovilasoperariasmigliarimapa2_1567624270.pdf,application/pdf,pdf,442051,2026-03-08T22:37:58.874Z,2026-03-06T22:32:22Z,GEO,PDF,DESCONHECIDO,NAO,
1b4asKRx7ZiWAynsv4pALfjnBKsfx9Bc5,01A_BRONZE_OFICIAL,Anual2020_ate_dezembro (1).xls,application/vnd.ms-excel,xls,1534976,2026-03-08T22:56:55.141Z,2026-03-06T17:43:00Z,OUTRO,PLANILHA,DESCONHECIDO,NAO,
1c0KURop4hy08Fn4DiSIlp_N-iL40oNsv,01A_BRONZE_OFICIAL,Balanco_Financeiro_05MAI2025.ods,application/vnd.oasis.opendocument.spreadsheet,ods,204686,2026-03-08T22:43:13.798Z,2026-03-06T21:10:40Z,OUTRO,PLANILHA,DESCONHECIDO,NAO,
1oj6dcWZD2oQ3EJS93C7vVzk_NgaaIdm6,01A_BRONZE_OFICIAL,Balanco_Financeiro_06JUN2025 (1).pdf,application/pdf,pdf,79299,2026-03-08T22:38:11.613Z,2026-03-06T22:25:28Z,OUTRO,PDF,DESCONHECIDO,NAO,
1UseO640SPX9LKZHygIWHxwBtbX85ZeL1,01A_BRONZE_OFICIAL,2022_51_Arapei_Fazenda-Rialto_1753232569256 (1).pdf,application/pdf,pdf,325265,2026-03-08T22:38:11.630Z,2026-03-06T22:25:21Z,OUTRO,PDF,DESCONHECIDO,NAO,
1xoCLFmIFSOQimJB9WWwOoxaqP_1U-1vh,01A_BRONZE_OFICIAL,Resolucao 07-23_Quadro III.pdf,application/pdf,pdf,77229,2026-03-08T22:39:10.587Z,2026-03-06T22:08:09Z,OUTRO,PDF,DESCONHECIDO,NAO,
1cDBTyRREeC9qZvsTgH4p2OP4RdAMd32h,01A_BRONZE_OFICIAL,2025_4_Sao-Paulo_RAE-Estadio-Paulo-Machado-de-Carvalho_1753229566534 (1).pdf,application/pdf,pdf,197836,2026-03-08T22:38:02.218Z,2026-03-06T22:25:23Z,OUTRO,PDF,DESCONHECIDO,NAO,
13feTklCkaUvOXBDEirOEdUBBRGVzMctm,01A_BRONZE_OFICIAL,Balanco_Financeiro_06JUN2025.pdf,application/pdf,pdf,79299,2026-03-08T22:42:46.269Z,2026-03-06T21:12:40Z,OUTRO,PDF,DESCONHECIDO,NAO,
1zG2_RCgKdXfh7C_lsxB_YlFcxkOxGEPA,01A_BRONZE_OFICIAL,11-23 - APT Perímetro Cerqueira César - Anexo I - Página (1).pdf,application/pdf,pdf,90935,2026-03-08T22:37:45.455Z,2026-03-06T22:25:12Z,OUTRO,PDF,DESCONHECIDO,NAO,
1dJwdIjw6vzQSIG7xZTs6-5Ky0SCjos3o,01A_BRONZE_OFICIAL,Balanco_Financeiro_02FEV2025 (1).pdf,application/pdf,pdf,84758,2026-03-08T22:37:34.986Z,2026-03-06T22:25:28Z,OUTRO,PDF,DESCONHECIDO,NAO,
1SjOt1ygsn3T-QwSbU3CAq1SYEAkHhEeZ,01A_BRONZE_OFICIAL,guias_de_itbi_pagas_2011 (1).xlsx,application/vnd.openxmlformats-officedocument.spreadsheetml.sheet,xlsx,23608110,2026-03-08T22:55:54.603Z,2026-03-06T17:44:26Z,OUTRO,PLANILHA,DESCONHECIDO,NAO,
18eZCBRUEkmuipf9gabr2UjNGvPF27nHE,01A_BRONZE_OFICIAL,lista_certidao_ZEPEC-BIR_agosto-2025 (1).xlsx,application/vnd.openxmlformats-officedocument.spreadsheetml.sheet,xlsx,194082,2026-03-08T22:37:18.055Z,2026-03-06T22:25:29Z,TDC,PLANILHA,DESCONHECIDO,NAO,
1jcB2vaZJDUrlomfm68Rf3DT4A4KIlqBo,01A_BRONZE_OFICIAL,2017_36_Sao-Paulo_RAE-Residencias-da-Familia-Ramos-de-Azevedo_1753284677017 (1).pdf,application/pdf,pdf,58709,2026-03-08T22:37:18.094Z,2026-03-06T22:25:18Z,OUTRO,PDF,DESCONHECIDO,NAO,
1ulMQVlhUkvQg6Sfzl9r4vU848AGFH5Jw,01A_BRONZE_OFICIAL,2025_85_Sao Paulo_RAE_Edificio do Antigo Banco de Sao Paulo_1765548386216.pdf,application/pdf,pdf,326987,2026-03-08T22:39:53.248Z,2026-03-06T21:42:32Z,OUTRO,PDF,DESCONHECIDO,NAO,
1JqurcheK7--mzXdN7puUhDzICGapv3x8,01A_BRONZE_OFICIAL,re2316aptimoveisindicadospelapopulacaozepecrepdf_1561649853 (1).pdf,application/pdf,pdf,324178,2026-03-08T22:36:58.960Z,2026-03-06T22:25:31Z,TDC,PDF,DESCONHECIDO,NAO,
1dGhDLXWHQoZabKfobfPEKQxqBDrNDjSF,01A_BRONZE_OFICIAL,"LEI Nº 13.430 , DE 13 DE SETEMBRO DE 2002 - Secretaria Municipal de Urbanismo e Licenciamento - Prefeitura (1).csv",text/csv,csv,2245,2026-03-08T22:55:22.942Z,2026-03-06T17:40:33Z,JURIDICO,LEI,OFICIAL,NAO,
1Z5p4TUOBdaH85BxB4rxvBtaXXy_oA_GA,01A_BRONZE_OFICIAL,2019_47_Sao-Paulo_Casa-Guilherme-de-Almeida_1753238121058.pdf,application/pdf,pdf,736890,2026-03-08T22:38:12.509Z,2026-03-06T21:59:47Z,OUTRO,PDF,DESCONHECIDO,NAO,
1i4_Yl0LhRBpJPSzWmdKjsF858-BNb2sn,01A_BRONZE_OFICIAL,Balanco_Financeiro_09SET2025.pdf,application/pdf,pdf,278543,2026-03-08T22:41:06.881Z,2026-03-06T21:13:05Z,OUTRO,PDF,DESCONHECIDO,NAO,
1B3AXtn9dfPOT3f2H58joGNAh98k4fFS8,01A_BRONZE_OFICIAL,ZOE (1).shp,application/octet-stream,shp,481012,2026-03-08T22:57:11.778Z,2026-03-06T17:06:17Z,GEO,GEO_SHP,DESCONHECIDO,NAO,
163OHRbrSOfmez6rOQTQcOe7a31VLm42N,01A_BRONZE_OFICIAL,anual2004 (1).xls,application/vnd.ms-excel,xls,1029120,2026-03-08T22:54:45.092Z,2026-03-06T17:42:57Z,OUTRO,PLANILHA,DESCONHECIDO,NAO,
1afeuheYju9YMQUrUn0CYGUDkrKuewt6O,01A_BRONZE_OFICIAL,SIRGAS_SHP_setorfiscal (1).dbf,application/octet-stream,dbf,14482,2026-03-08T22:57:08.754Z,2026-03-06T17:05:40Z,GEO,GEO_SHP,OFICIAL,NAO,
1bti_x7TtNIlpSHzCLSJ3EFeVZTsdQJA0,01A_BRONZE_OFICIAL,SIRGAS_SHP_LOTES_81_TREMEMBE (1).dbf,application/octet-stream,dbf,388501,2026-03-08T22:57:08.137Z,2026-03-06T17:05:13Z,GEO,GEO_SHP,OFICIAL,NAO,
1CtS13b1mnqLFKpO2D63xTQZ6BCWfbr7O,01A_BRONZE_OFICIAL,SIRGAS_SHP_LOTES_78_SE (1).dbf,application/octet-stream,dbf,40876,2026-03-08T22:56:33.453Z,2026-03-06T17:05:08Z,GEO,GEO_SHP,OFICIAL,NAO,
1_LUfVozxsmG8iQFq7qH_61NMLNPVL6EW,01A_BRONZE_OFICIAL,07-24_-_apt_terreiro_ile_ase_omo_igbo_omi_-_mapa_1719334062.pdf,application/pdf,pdf,910585,2026-03-08T22:36:17.438Z,2026-03-06T22:12:13Z,GEO,PDF,DESCONHECIDO,NAO,
1RXR2-lZdrpsEkXGNB-7muX3uULhBKOx9,01A_BRONZE_OFICIAL,Balanco_Financeiro_05MAI2025.pdf,application/pdf,pdf,85879,2026-03-08T22:39:56.757Z,2026-03-06T21:12:32Z,OUTRO,PDF,DESCONHECIDO,NAO,
1XtgF6yTSWIoe7Q1T3dWKp8QEXXLxxB8c,01A_BRONZE_OFICIAL,2024_01_15 - Livreto Cartilha de Calçadas 2024 - Vrs NOVA NORMA - V12-1-24_compressed(1) (1).pdf,application/pdf,pdf,7733552,2026-03-08T22:56:44.350Z,2026-03-06T16:56:20Z,OUTRO,PDF,DESCONHECIDO,NAO,
148MvmqAjC3Q1MTy09YCsRqhwW3b0llzK,01A_BRONZE_OFICIAL,ZCOR_1 (1).shp,application/octet-stream,shp,500836,2026-03-08T22:55:53.459Z,2026-03-06T17:05:52Z,GEO,GEO_SHP,DESCONHECIDO,NAO,
1TwfrLpcmoA7hj2gvFkKKUAwS-6jDEDLG,01A_BRONZE_OFICIAL,ZEPEC_APC (1).dbf,application/octet-stream,dbf,86,2026-03-08T22:55:36.353Z,2026-03-06T17:06:02Z,GEO,GEO_SHP,DESCONHECIDO,NAO,
16NaSXVjfXDrMnoWb89kpPhQsLBy8sWYe,01A_BRONZE_OFICIAL,2018_102_Sao-Paulo_Moinho-Matarazzo_1753238762358.pdf,application/pdf,pdf,391450,2026-03-08T22:36:16.656Z,2026-03-06T22:00:09Z,OUTRO,PDF,DESCONHECIDO,NAO,
18LuSQs3DwA9NZ6hVHQFUPLsgYqRfvMK_,01A_BRONZE_OFICIAL,SIRGAS_SHP_LOTES_90_VILA_MARIANA (1).dbf,application/octet-stream,dbf,247816,2026-03-08T22:55:33.508Z,2026-03-06T17:05:23Z,GEO,GEO_SHP,OFICIAL,NAO,
1HeRRPRx5g9QCLZsNE0iNtKLXjLckCwew,01A_BRONZE_OFICIAL,ZEM (1).dbf,application/octet-stream,dbf,9736,2026-03-08T22:55:31.061Z,2026-03-06T17:06:00Z,GEO,GEO_SHP,DESCONHECIDO,NAO,
1C_QrON2fmifae_6iZc2xR2kStZPSreeN,01A_BRONZE_OFICIAL,SIRGAS_SHP_LOTES_96_LAJEADO (1).shp,application/octet-stream,shp,3769300,2026-03-08T22:55:27.255Z,2026-03-06T17:05:31Z,GEO,GEO_SHP,OFICIAL,NAO,
1XTWR3V85ksylX99kheERN7GRdLGXJtRW,01A_BRONZE_OFICIAL,SIRGAS_SHP_LOTES_93_VILA_PRUDENTE (1).dbf,application/octet-stream,dbf,318136,2026-03-08T22:55:24.294Z,2026-03-06T17:05:25Z,GEO,GEO_SHP,OFICIAL,NAO,
1vG06EE2fgkU_ZHsFf8jz2S8g8OtpqRNZ,01A_BRONZE_OFICIAL,SIRGAS_SHP_zeup_zemp (1).shp,application/octet-stream,shp,416724,2026-03-08T22:55:16.504Z,2026-03-06T17:05:47Z,GEO,GEO_SHP,OFICIAL,NAO,
1fvEvElqT3LwfGPgSfG2f4btL0SgnZi4Y,01A_BRONZE_OFICIAL,SIRGAS_SHP_zeup_zemp.prj,application/octet-stream,prj,442,2026-03-08T22:55:05.623Z,2026-03-06T17:05:46Z,GEO,GEO_SHP,OFICIAL,NAO,
1HhiHJCVDoivmcnPjr3CBwuUXqY8lBNWy,01A_BRONZE_OFICIAL,ZC_a (1).shp,application/octet-stream,shp,590912,2026-03-08T22:54:58.822Z,2026-03-06T17:05:49Z,GEO,GEO_SHP,DESCONHECIDO,NAO,
1OUKioKBuljyP5AZgebyI5q6AQXHXfC9y,01A_BRONZE_OFICIAL,PDE2013_SUBST2_Quadro_13_perimetro_tecnológico_jaguaré (1).pdf,application/pdf,pdf,192060,2026-03-08T22:55:27.217Z,2026-03-06T16:57:06Z,OUTRO,PDF,DESCONHECIDO,NAO,
1hkDf_NOeLPP8QND0d7QJFfOapcJzFgzk,01A_BRONZE_OFICIAL,ZEIS_3 (1).shx,application/octet-stream,shx,6092,2026-03-08T22:54:40.324Z,2026-03-06T17:05:59Z,GEO,GEO_SHP,DESCONHECIDO,NAO,
1LKdenmYssE6KgTp3cJChbF3shPVnWOq9,01A_BRONZE_OFICIAL,Balanco_Financeiro_10OUT2025.pdf,application/pdf,pdf,36900,2026-03-08T22:38:26.767Z,2026-03-06T21:13:15Z,OUTRO,PDF,DESCONHECIDO,NAO,
1ulbLcNHf9M9CSDTn6DizAReGG7CPUr0r,01A_BRONZE_OFICIAL,GUIAS DE ITBI PAGAS (1) (1).xlsx,application/vnd.openxmlformats-officedocument.spreadsheetml.sheet,xlsx,3071806,2026-03-08T22:51:33.766Z,2026-03-06T17:43:02Z,OUTRO,PLANILHA,DESCONHECIDO,NAO,
1TXHMss4DSR0_qjKcp5oaUmd3hpRq3ipV,01A_BRONZE_OFICIAL,Declaração de Potencial Construtivo Passível de Transferência - Secretaria Municipal de Urbanismo e Licenciamento - Prefeitura (1).pdf,application/pdf,pdf,468616,2026-03-08T22:54:30.111Z,2026-03-06T16:56:20Z,TDC,PDF,OFICIAL,NAO,
1_Phj1H_RiaMKTrgPDYaZphOgw-99bWJG,01A_BRONZE_OFICIAL,SIRGAS_SHP_LOTES_92_VILA_MEDEIROS (1).dbf,application/octet-stream,dbf,396361,2026-03-08T22:53:39.771Z,2026-03-06T17:05:24Z,GEO,GEO_SHP,OFICIAL,NAO,
1Gq83FPO1abZkDzx_r4tCoXX0pHQUKQa2,01A_BRONZE_OFICIAL,Balanco_Financeiro_02FEV2025.pdf,application/pdf,pdf,84758,2026-03-08T22:37:23.698Z,2026-03-06T21:12:05Z,OUTRO,PDF,DESCONHECIDO,NAO,
1w8LCACMsKB6Y8dJKPbQmmcldm86ETDsB,01A_BRONZE_OFICIAL,guias_de_itbi_pagas_2016 (1).xlsx,application/vnd.openxmlformats-officedocument.spreadsheetml.sheet,xlsx,15090479,2026-03-08T22:50:04.475Z,2026-03-06T17:44:51Z,OUTRO,PLANILHA,DESCONHECIDO,NAO,
14TxCuwbN5WF2W_5PNgFTukITl4EC8X-H,01A_BRONZE_OFICIAL,guias_de_itbi_pagas_2012 (1).xlsx,application/vnd.openxmlformats-officedocument.spreadsheetml.sheet,xlsx,22766254,2026-03-08T22:49:55.802Z,2026-03-06T17:44:27Z,OUTRO,PLANILHA,DESCONHECIDO,NAO,
1h89lxt-JsoYwwNDdnBMSa9cjELeuzgbX,01A_BRONZE_OFICIAL,Balanco_Financeiro_03MAR2025 (1).pdf,application/pdf,pdf,38188,2026-03-08T22:36:14.692Z,2026-03-06T21:12:13Z,OUTRO,PDF,DESCONHECIDO,NAO,
193lb9zxg9N5dVYW5o6hJy1w08llbsCdZ,01A_BRONZE_OFICIAL,ZEIS_2 (1).dbf,application/octet-stream,dbf,10450,2026-03-08T22:52:18.603Z,2026-03-06T17:05:56Z,GEO,GEO_SHP,DESCONHECIDO,NAO,
1ksghZnbUAuF0dLgJanetI-JdDv1Vv2NU,01A_BRONZE_OFICIAL,RESOLUÇÃO SECRETARIA MUNICIPAL DE CULTURA - SMC_CONPRESP Nº 22 DE 13 DE DEZEMBRO DE 2002 « Catálogo de Legislação Municipal (1).pdf,application/pdf,pdf,394373,2026-03-08T22:52:17.996Z,2026-03-06T16:57:14Z,GOVERNANCA,JURISPRUDENCIA,OFICIAL,NAO,
19sx8HizndfxjWLy1lO2IMANKjmnpHJom,01A_BRONZE_OFICIAL,ZPR (1).dbf,application/octet-stream,dbf,7951,2026-03-08T22:51:34.574Z,2026-03-06T17:06:20Z,GEO,GEO_SHP,DESCONHECIDO,NAO,
1rhS8rhtakHzFdgToW5BPXjSn4kx6c9nf,01A_BRONZE_OFICIAL,Certidão de Uso e Ocupação do Solo - Secretaria Municipal de Urbanismo e Licenciamento - Prefeitura (1).pdf,application/pdf,pdf,478601,2026-03-08T22:52:12.105Z,2026-03-06T16:56:19Z,OUTRO,PDF,OFICIAL,NAO,
1RE-EEnYxFEYFXmWCr_8M-iCgXxwIViSj,01A_BRONZE_OFICIAL,ZEPAM (1).shx,application/octet-stream,shx,5596,2026-03-08T22:51:33.749Z,2026-03-06T17:06:02Z,GEO,GEO_SHP,DESCONHECIDO,NAO,
1bgfy3hesLoWUV71xhYqn4HhPBT5eMBoL,01A_BRONZE_OFICIAL,ZEPEC_APP-BIR (1).shp,application/octet-stream,shp,74568,2026-03-08T22:51:32.948Z,2026-03-06T17:06:03Z,GEO,GEO_SHP,DESCONHECIDO,NAO,
11SGjZDBf9ALAQ_buxxGqs-vXWVSi6jxM,01A_BRONZE_OFICIAL,SIRGAS_SHP_LOTES_86_VILA_GUILHERME (1).shp,application/octet-stream,shp,3842132,2026-03-08T22:51:32.966Z,2026-03-06T17:05:21Z,GEO,GEO_SHP,OFICIAL,NAO,
1-KBdoQ-9HIIqXbvodvz9e7edpH4SSPZL,01A_BRONZE_OFICIAL,SIRGAS_SHP_LOTES_82_TUCURUVI (1).shp,application/octet-stream,shp,6372540,2026-03-08T22:51:29.629Z,2026-03-06T17:05:19Z,GEO,GEO_SHP,OFICIAL,NAO,
1aX5iNh2xPU4O3rVZc13uwskLZaW8bnDL,01A_BRONZE_OFICIAL,ZEPEC_APP (1).shp,application/octet-stream,shp,114980,2026-03-08T22:51:19.552Z,2026-03-06T17:06:03Z,GEO,GEO_SHP,DESCONHECIDO,NAO,
1wr_p6EvrISRHzzF_CLsXeqlJ6MwaBiFA,01A_BRONZE_OFICIAL,Portal de Serviços e-SAJ5 (1).pdf,application/pdf,pdf,109381,2026-03-08T22:51:52.054Z,2026-03-06T16:57:10Z,OUTRO,PDF,DESCONHECIDO,NAO,
1kudxEQKzA-vRCfYHvHtoRb_ACsnCcR5h,01A_BRONZE_OFICIAL,SIRGAS_SHP_LOTES_93_VILA_PRUDENTE (1).shp,application/octet-stream,shp,4444916,2026-03-08T22:51:09.583Z,2026-03-06T17:05:28Z,GEO,GEO_SHP,OFICIAL,NAO,
1yziJu5Ix3hAcxe-GfGxpoOwiK01aWLNe,01A_BRONZE_OFICIAL,ZEM (1).shx,application/octet-stream,shx,3772,2026-03-08T22:51:06.721Z,2026-03-06T17:06:00Z,GEO,GEO_SHP,DESCONHECIDO,NAO,
194ud9ZPSdswG6jqh3XTeTuEUd1Uo9_X9,01A_BRONZE_OFICIAL,anual2008 (1).xls,application/vnd.ms-excel,xls,803328,2026-03-08T22:48:34.981Z,2026-03-06T17:42:58Z,OUTRO,PLANILHA,DESCONHECIDO,NAO,
19TH4f6PMbP81V4foPbJ1FZBOxY4gohv0,01A_BRONZE_OFICIAL,ZEU_u (1).dbf,application/octet-stream,dbf,90586,2026-03-08T22:50:47.008Z,2026-03-06T17:06:09Z,GEO,GEO_SHP,DESCONHECIDO,NAO,
1zlK2LZBFUwM9u4XBoeaijgjkRHxjB4aG,01A_BRONZE_OFICIAL,SIRGAS_SHP_quadraMDSF (1).dbf,application/octet-stream,dbf,22943110,2026-03-08T22:50:44.746Z,2026-03-06T17:05:47Z,GEO,GEO_SHP,OFICIAL,NAO,
1NYKIlc_cWlCq_WKtdFLx77TzUAAoILSk,01A_BRONZE_OFICIAL,SIRGAS_SHP_LOTES_94_VILA_SONIA (1).dbf,application/octet-stream,dbf,266866,2026-03-08T22:50:44.962Z,2026-03-06T17:05:26Z,GEO,GEO_SHP,OFICIAL,NAO,
1Yx7-aTL7duJl4h9HddGoHx5DuNCfizs-,01A_BRONZE_OFICIAL,Ano_2025_AD_12 (1).xlsx,application/vnd.openxmlformats-officedocument.spreadsheetml.sheet,xlsx,236997,2026-03-08T22:48:14.967Z,2026-03-06T17:42:52Z,OUTRO,PLANILHA,DESCONHECIDO,NAO,
1Rv-W_0EZtDAFviumcDDPm1VmlZyPlZD2,01A_BRONZE_OFICIAL,ZER_2 (1).dbf,application/octet-stream,dbf,1987,2026-03-08T22:50:39.334Z,2026-03-06T17:06:07Z,GEO,GEO_SHP,DESCONHECIDO,NAO,
1Dw1ngE2e4s1KbP6YCvH3DE8eTZP1_88H,01A_BRONZE_OFICIAL,ZEUP_a (1).shp,application/octet-stream,shp,304440,2026-03-08T22:50:33.620Z,2026-03-06T17:06:11Z,GEO,GEO_SHP,DESCONHECIDO,NAO,
1jyQribYw8uvoXgbVtRubcfHQ3gZqMWSe,01A_BRONZE_OFICIAL,SIRGAS_SHP_LOTES_74_SAO_MIGUEL (1).shp,application/octet-stream,shp,3131020,2026-03-08T22:50:33.585Z,2026-03-06T17:05:07Z,GEO,GEO_SHP,OFICIAL,NAO,
1AWlnpgCc8zhZF6UoX-JK1WCT5fsMpSbC,01A_BRONZE_OFICIAL,SIRGAS_SHP_LOTES_68_SACOMA (1).shx,application/octet-stream,shx,240236,2026-03-08T22:50:30.434Z,2026-03-06T17:04:57Z,GEO,GEO_SHP,OFICIAL,NAO,
1DgZpFoap3O-KcIWh3gKvEMKmVeD4QRna,01A_BRONZE_OFICIAL,guias_de_itbi_pagas_2010 (1).xlsx,application/vnd.openxmlformats-officedocument.spreadsheetml.sheet,xlsx,24606760,2026-03-08T22:47:52.923Z,2026-03-06T17:44:25Z,OUTRO,PLANILHA,DESCONHECIDO,NAO,
1P9WA00q7J3AY90maoAUArvS3dbYSeNh6,01A_BRONZE_OFICIAL,guias_de_itbi_pagas_2013 (1).xlsx,application/vnd.openxmlformats-officedocument.spreadsheetml.sheet,xlsx,23230864,2026-03-08T22:47:43.065Z,2026-03-06T17:44:53Z,OUTRO,PLANILHA,DESCONHECIDO,NAO,
1NdSWMQ7cQCI0LuRMBOjzsHY5JkNqhfyS,01A_BRONZE_OFICIAL,Ano_2026_AD_01 (1).xlsx,application/vnd.openxmlformats-officedocument.spreadsheetml.sheet,xlsx,85329,2026-03-08T22:47:44.728Z,2026-03-06T17:42:52Z,OUTRO,PLANILHA,DESCONHECIDO,NAO,
12neplu7yX-mfOtPTzns_A3Bm3xusSJxS,01A_BRONZE_OFICIAL,SIRGAS_SHP_restricaomirantesantana_polygon (1).shp,application/octet-stream,shp,4156,2026-03-08T22:50:07.744Z,2026-03-06T17:05:38Z,GEO,GEO_SHP,OFICIAL,NAO,
1SiMeiJAwHMaW0a5ngdO1fadKiqsIEdV2,01A_BRONZE_OFICIAL,SIRGAS_SHP_LOTES_92_VILA_MEDEIROS (1).shp,application/octet-stream,shp,6200428,2026-03-08T22:50:07.764Z,2026-03-06T17:05:28Z,GEO,GEO_SHP,OFICIAL,NAO,
1bp2LdDAHowdDKU_gU7rE9SeujX6X_mX0,01A_BRONZE_OFICIAL,ZEPEC_APP (1).dbf,application/octet-stream,dbf,1892,2026-03-08T22:50:03.692Z,2026-03-06T17:06:03Z,GEO,GEO_SHP,DESCONHECIDO,NAO,
1-5uN9F8pXrFt0v3XkQTefMcMME54CrXx,01A_BRONZE_OFICIAL,SIRGAS_SHP_LOTES_86_VILA_GUILHERME (1).dbf,application/octet-stream,dbf,191506,2026-03-08T22:50:01.518Z,2026-03-06T17:05:20Z,GEO,GEO_SHP,OFICIAL,NAO,
1eeShI8HjivemRMq2id5pZtZjW4A9EtZq,01A_BRONZE_OFICIAL,guias_de_itbi_pagas_2006 (1).xlsx,application/vnd.openxmlformats-officedocument.spreadsheetml.sheet,xlsx,21872540,2026-03-08T22:47:26.959Z,2026-03-06T17:43:52Z,OUTRO,PLANILHA,DESCONHECIDO,NAO,
1AW5tOJ8nUslDE-H5XhCZMlR-BpsHZ7mb,01A_BRONZE_OFICIAL,SIRGAS_SHP_planomacro_polygon (1).shp,application/octet-stream,shp,1096792,2026-03-08T22:49:48.015Z,2026-03-06T17:05:34Z,GEO,GEO_SHP,OFICIAL,NAO,
194s_MolYc2hAjOoGA8O9D2z8im-zwMVx,01A_BRONZE_OFICIAL,ZEU_a (1).shp,application/octet-stream,shp,635276,2026-03-08T22:49:42.132Z,2026-03-06T17:06:09Z,GEO,GEO_SHP,DESCONHECIDO,NAO,
1j931PEsuDjIi1yyVeSb6GNjnLoRY96ew,01A_BRONZE_OFICIAL,ZEPEC_APC (1).shp,application/octet-stream,shp,8748,2026-03-08T22:49:38.053Z,2026-03-06T17:06:02Z,GEO,GEO_SHP,DESCONHECIDO,NAO,
1NVXAPrR8ED65YfXVpfrUnt42ui33UXav,01A_BRONZE_OFICIAL,ZDE_1 (1).shp,application/octet-stream,shp,214484,2026-03-08T22:49:38.067Z,2026-03-06T17:05:54Z,GEO,GEO_SHP,DESCONHECIDO,NAO,
1DksfDslyq6svwAtQGGGEAV-2tmgffRCu,01A_BRONZE_OFICIAL,SIRGAS_SHP_LOTES_90_VILA_MARIANA (1).shp,application/octet-stream,shp,4290900,2026-03-08T22:49:37.982Z,2026-03-06T17:05:25Z,GEO,GEO_SHP,OFICIAL,NAO,
1R7YMD5IMtzu47ysb8RZ_v-jdb0O05cpQ,01A_BRONZE_OFICIAL,SIRGAS_SHP_PLANO_DIRETOR_DRENAGEM (1).dbf,application/octet-stream,dbf,830539,2026-03-08T22:49:32.964Z,2026-03-06T17:05:32Z,GEO,GEO_SHP,OFICIAL,NAO,
175WzyJkVulWZndXqsCuBGosWfFKQCjYu,01A_BRONZE_OFICIAL,ZM_u (1).shx,application/octet-stream,shx,146748,2026-03-08T22:49:18.895Z,2026-03-06T17:06:15Z,GEO,GEO_SHP,DESCONHECIDO,NAO,
1Yn_-t9WfYJluOaeiTmPtdpjGH0JmHlof,01A_BRONZE_OFICIAL,PORTARIA SECRETARIA MUNICIPAL DE LICENCIAMENTO - SEL Nº 1 DE 8 DE JANEIRO DE 2020 « Catálogo de Legislação Municipal (1).pdf,application/pdf,pdf,628934,2026-03-08T22:49:48.734Z,2026-03-06T16:57:11Z,JURIDICO,PORTARIA,OFICIAL,NAO,
1_X1KABGru5KGRJGY7hBpziZTuVJ-Isr_,01A_BRONZE_OFICIAL,ZEUP_u (1).shp,application/octet-stream,shp,2852652,2026-03-08T22:49:04.362Z,2026-03-06T17:06:14Z,GEO,GEO_SHP,DESCONHECIDO,NAO,
1n1QcQaSCmq2ojzOzKuEn_cVCUPGj__ks,01A_BRONZE_OFICIAL,PDE2013_SUBST2_Quadro_11_polo_de_economia_criativa (1).pdf,application/pdf,pdf,193677,2026-03-08T22:49:39.515Z,2026-03-06T16:57:06Z,OUTRO,PDF,DESCONHECIDO,NAO,
1DQ0Bh_4tjQwfxnJLmj6QxVo5BKAdfd0H,01A_BRONZE_OFICIAL,Enquadramento de Atividade CNAE - Secretaria Municipal de Urbanismo e Licenciamento - Prefeitura (1).csv,text/csv,csv,2450,2026-03-08T22:48:54.371Z,2026-03-06T17:07:16Z,OUTRO,TABELA_DADO,OFICIAL,NAO,
14hnu63kH687y51X5cKPtmsTsTRfDhEqh,01A_BRONZE_OFICIAL,Transferência do Direito de Construir - Secretaria Municipal de Urbanismo e Licenciamento - Prefeitura (1).pdf,application/pdf,pdf,462686,2026-03-08T22:49:32.205Z,2026-03-06T16:57:32Z,OUTRO,PDF,OFICIAL,NAO,
1xIBSEP6iZs7Ixh7b9bAoLaAEXhyfFL1D,01A_BRONZE_OFICIAL,ZM_a (1).dbf,application/octet-stream,dbf,76831,2026-03-08T22:48:54.636Z,2026-03-06T17:06:14Z,GEO,GEO_SHP,DESCONHECIDO,NAO,
1nh9W3FYFMoEsdHeboxQIX-4Yzgqd_uQn,01A_BRONZE_OFICIAL,ZEPEC_BIR (1).shx,application/octet-stream,shx,24684,2026-03-08T22:48:50.269Z,2026-03-06T17:06:05Z,GEO,GEO_SHP,DESCONHECIDO,NAO,
1BlmL-yHs0YFlPENZE0qS07M9LRQDniHW,01A_BRONZE_OFICIAL,SIRGAS_SHP_LOTES_69_SANTA_CECILIA (1).shp,application/octet-stream,shp,1395868,2026-03-08T22:48:49.272Z,2026-03-06T17:04:59Z,GEO,GEO_SHP,OFICIAL,NAO,
1tFgm7cUWagU4OVneZuIpSMEZCKp0i8rJ,01A_BRONZE_OFICIAL,RESOLUÇÃO SECRETARIA MUNICIPAL DE URBANISMO E LICENCIAMENTO - SMUL_CAEHIS Nº 3 DE 7 DE OUTUBRO DE 2021 « Catálogo de Legislação Municipal (1).pdf,application/pdf,pdf,76100,2026-03-08T22:49:18.913Z,2026-03-06T16:57:15Z,GOVERNANCA,PDF,DESCONHECIDO,NAO,
1IPqMfFJK8ilgoItzCnWa8b95QTGoj19F,01A_BRONZE_OFICIAL,ZER_1 (1).dbf,application/octet-stream,dbf,27983,2026-03-08T22:48:36.278Z,2026-03-06T17:06:06Z,GEO,GEO_SHP,DESCONHECIDO,NAO,
1AjDE_bMtRRbKuFFCUkwTaKdQL83_OazE,01A_BRONZE_OFICIAL,Transferência do Direito de Construir - Secretaria Municipal de Urbanismo e Licenciamento - Prefeitura2 (1).pdf,application/pdf,pdf,470944,2026-03-08T22:49:01.093Z,2026-03-06T16:57:32Z,OUTRO,PDF,OFICIAL,NAO,
1HD-w_51zvNIWtttjlIzH0pdY_BLrDH14,01A_BRONZE_OFICIAL,RESOLUÇÃO SECRETARIA MUNICIPAL DE URBANISMO E LICENCIAMENTO - SMUL_CAEHIS Nº 2 DE 2 DE SETEMBRO DE 2021 « Catálogo de Legislação Municipal (1).pdf,application/pdf,pdf,72675,2026-03-08T22:49:01.865Z,2026-03-06T16:57:15Z,GOVERNANCA,PDF,DESCONHECIDO,NAO,
1e5y8w2yT5EkV-P1x65CwJ65YhdDfQFXW,01A_BRONZE_OFICIAL,SIRGAS_SHP_LOTES_77_SAUDE (1).dbf,application/octet-stream,dbf,349846,2026-03-08T22:48:25.481Z,2026-03-06T17:05:07Z,GEO,GEO_SHP,OFICIAL,NAO,
1mZiMysZzgOBiZEjaeExxBP_5ut6qUTYa,01A_BRONZE_OFICIAL,Quadro 6 – Obras de drenagem urbana previstas (1).pdf,application/pdf,pdf,454902,2026-03-08T22:48:55.538Z,2026-03-06T16:57:14Z,OUTRO,PDF,DESCONHECIDO,NAO,
1sDFmBlD3_45ZS15CjJuEfQRbHKkZufIW,01A_BRONZE_OFICIAL,INSTRUÇÃO NORMATIVA SECRETARIA MUNICIPAL DE LICENCIAMENTO - SEL Nº 6 DE 4 DE DEZEMBRO DE 2020 « Catálogo de Legislação Municipal (1).pdf,application/pdf,pdf,354593,2026-03-08T22:48:58.244Z,2026-03-06T16:56:24Z,GOVERNANCA,PDF,DESCONHECIDO,NAO,
1TH0r0_onTjHn2H0xYfalt3f7jHziN0ub,01A_BRONZE_OFICIAL,GUIAS-DE-ITBI-PAGAS-2023 (1).xlsx,application/vnd.openxmlformats-officedocument.spreadsheetml.sheet,xlsx,35347867,2026-03-08T22:45:33.494Z,2026-03-06T17:45:12Z,OUTRO,PLANILHA,DESCONHECIDO,NAO,
1H5r35vju1oD5g07ulBYRWJLu6H3ei67a,01A_BRONZE_OFICIAL,Quadro 3B - Composição da pontuação da Quota Ambiental.pdf,application/pdf,pdf,704799,2026-03-08T22:48:34.945Z,2026-03-06T16:57:13Z,OUTRO,PDF,DESCONHECIDO,NAO,
1SBqKrJxa_DaSiFuH29dfOdXBn9nm5OZj,01A_BRONZE_OFICIAL,SIRGAS_SHP_LOTES_92_VILA_MEDEIROS (1).shx,application/octet-stream,shx,211372,2026-03-08T22:47:59.312Z,2026-03-06T17:05:25Z,GEO,GEO_SHP,OFICIAL,NAO,
1rGve2d80gMXbEGvuDno-xlQWPErdqejm,01A_BRONZE_OFICIAL,SIRGAS_SHP_LOTES_83_VILA_ANDRADE (1).shp,application/octet-stream,shp,1728956,2026-03-08T22:47:59.280Z,2026-03-06T17:05:18Z,GEO,GEO_SHP,OFICIAL,NAO,
1ywH-4tdT8tZg1dCF1lAG8yNq3NTKFl8m,01A_BRONZE_OFICIAL,SIRGAS_SHP_zeup_zemp (1).dbf,application/octet-stream,dbf,132662,2026-03-08T22:47:52.909Z,2026-03-06T17:05:46Z,GEO,GEO_SHP,OFICIAL,NAO,
1kL-wOXARW--tJ6W5yt_hT0ZfUu8kQa22,01A_BRONZE_OFICIAL,ZEPEC_AUE_INDIC (1).shx,application/octet-stream,shx,164,2026-03-08T22:47:44.713Z,2026-03-06T17:06:05Z,GEO,GEO_SHP,DESCONHECIDO,NAO,
1Fu1wXoDCDYbrelLhgiVDE8dzxvVFzQal,01A_BRONZE_OFICIAL,anual_2002 (1).xls,application/vnd.ms-excel,xls,1483776,2026-03-08T22:45:17.072Z,2026-03-06T17:42:53Z,OUTRO,PLANILHA,DESCONHECIDO,NAO,
1KCHZphVaqBd0v1o5tXKyqFy_BqTIAkhL,01A_BRONZE_OFICIAL,SIRGAS_SHP_LOTES_70_SANTANA (1).shx,application/octet-stream,shx,178116,2026-03-08T22:47:44.874Z,2026-03-06T17:05:00Z,GEO,GEO_SHP,OFICIAL,NAO,
14cWPY2gKeEiSzmAL_8yH1kB7xjkYdY3S,01A_BRONZE_OFICIAL,ZEMP (1).shx,application/octet-stream,shx,2964,2026-03-08T22:47:35.439Z,2026-03-06T17:06:00Z,GEO,GEO_SHP,DESCONHECIDO,NAO,
1FYXrONLfAGZ9vwV1aDKmabm-y44sHmh5,01A_BRONZE_OFICIAL,Outorga Onerosa do Direito de Construir - Secretaria Municipal de Urbanismo e Licenciamento - Prefeitura (1).csv,text/csv,csv,3709,2026-03-08T22:45:12.082Z,2026-03-06T17:42:11Z,TDC,TABELA_DADO,OFICIAL,NAO,
15-XMMxF262X4wT7-J8-M04mSFVXXkSDo,01A_BRONZE_OFICIAL,ZC (1).shp,application/octet-stream,shp,4645604,2026-03-08T22:47:29.246Z,2026-03-06T17:05:52Z,GEO,GEO_SHP,DESCONHECIDO,NAO,
11kczuB2ScrQCMmdM6RHPLA1mRoAGUMo3,01A_BRONZE_OFICIAL,Pedido de Reconhecimento de Complexo de Saúde por Particular - Secretaria Municipal de Urbanismo e Licenciamento - Prefeitura (1).pdf,application/pdf,pdf,453299,2026-03-08T22:48:02.825Z,2026-03-06T16:57:07Z,OUTRO,CODEX_DOC,OFICIAL,NAO,
1X0uqGt25qr72YimlMyP0PFIsWNi6goTT,01A_BRONZE_OFICIAL,ZER_a (1).shp,application/octet-stream,shp,517264,2026-03-08T22:47:18.582Z,2026-03-06T17:06:08Z,GEO,GEO_SHP,DESCONHECIDO,NAO,
1wJvMzNWFzOSS7KgSUTQ6Tx03ql8H3hsa,01A_BRONZE_OFICIAL,ZCOR_3 (1).shx,application/octet-stream,shx,1948,2026-03-08T22:47:13.866Z,2026-03-06T17:05:53Z,GEO,GEO_SHP,DESCONHECIDO,NAO,
1QTcJTgIo9KKdJwm1_UbHSJtGZbcqZqFo,01A_BRONZE_OFICIAL,RESOLUÇÃO SECRETARIA MUNICIPAL DE URBANISMO E LICENCIAMENTO - SMUL_CEUSO Nº 146 DE 27 DE JANEIRO DE 2022 « Catálogo de Legislação Municipal (1).pdf,application/pdf,pdf,81844,2026-03-08T22:47:43.239Z,2026-03-06T16:57:16Z,GOVERNANCA,PDF,DESCONHECIDO,NAO,
1hM8W4y_RK_DfkBrOv9dm5rdo2bZ8zYIJ,01A_BRONZE_OFICIAL,GatewayCertificaPDF (3).pdf,application/pdf,pdf,34772,2026-03-08T22:47:44.747Z,2026-03-06T16:56:24Z,OUTRO,PDF,DESCONHECIDO,NAO,
1neA1WUBHP2EbeOjYxGeIs7ILywiO2oKf,01A_BRONZE_OFICIAL,SIRGAS_SHP_LOTES_80_TATUAPE (1).dbf,application/octet-stream,dbf,273811,2026-03-08T22:47:03.742Z,2026-03-06T17:05:12Z,GEO,GEO_SHP,OFICIAL,NAO,
1GAJtidjIHgsAFDtm5tstq20fIZpN2q_O,01A_BRONZE_OFICIAL,ZEPAM (1).shp,application/octet-stream,shp,3062364,2026-03-08T22:46:48.105Z,2026-03-06T17:06:02Z,GEO,GEO_SHP,DESCONHECIDO,NAO,
1_WH6ILnFf0rc8-rst1KgGxeclQYF4Ncd,01A_BRONZE_OFICIAL,SIRGAS_SHP_LOTES_89_VILA_MARIA (1).shx,application/octet-stream,shx,158892,2026-03-08T22:46:41.691Z,2026-03-06T17:05:23Z,GEO,GEO_SHP,OFICIAL,NAO,
1Wiykv-l52qemhahf_zRx_cJCuczlF6OL,01A_BRONZE_OFICIAL,RESOLUÇÃO SECRETARIA MUNICIPAL DE URBANISMO E LICENCIAMENTO - SMUL_CTLU Nº 1 DE 27 DE FEVEREIRO DE 2023 « Catálogo de Legislação Municipal (1).pdf,application/pdf,pdf,147706,2026-03-08T22:47:05.380Z,2026-03-06T16:57:16Z,GOVERNANCA,PDF,DESCONHECIDO,NAO,
1uPyvk2O7b_H6KbEbYBLUjHGYbrZaCPqj,01A_BRONZE_OFICIAL,QUADROS (1).pdf,application/pdf,pdf,957627,2026-03-08T22:47:02.973Z,2026-03-06T16:57:14Z,OUTRO,PDF,DESCONHECIDO,NAO,
10qnQQoI_cF0q7zWE6eZp1fTUyZkjdOTg,01A_BRONZE_OFICIAL,ZPR (1).shp,application/octet-stream,shp,297064,2026-03-08T22:46:21.800Z,2026-03-06T17:06:20Z,GEO,GEO_SHP,DESCONHECIDO,NAO,
1YK4rlt3o9xNnb1G3JjbvwjrqVzT3a0d5,01A_BRONZE_OFICIAL,ZPI_1 (1).dbf,application/octet-stream,dbf,9883,2026-03-08T22:46:18.610Z,2026-03-06T17:06:19Z,GEO,GEO_SHP,DESCONHECIDO,NAO,
1DfJ8_8cerBS-PUtXOSj0yjBqna7t2fMt,01A_BRONZE_OFICIAL,ZDE_2 (1).shp,application/octet-stream,shp,294392,2026-03-08T22:46:16.375Z,2026-03-06T17:05:55Z,GEO,GEO_SHP,DESCONHECIDO,NAO,
1Xe2_5C2iaR-jSVdwg1jhBeV_YV_JamOt,01A_BRONZE_OFICIAL,ZEPEC_AUE (1).shx,application/octet-stream,shx,6028,2026-03-08T22:46:12.740Z,2026-03-06T17:06:04Z,GEO,GEO_SHP,DESCONHECIDO,NAO,
13FaMaztn13SUng2ujHnJ66eiZg7QSzv2,01A_BRONZE_OFICIAL,Transferência do Direito de Construir - Secretaria Municipal de Urbanismo e Licenciamento - Prefeitura (1).csv,text/csv,csv,3844,2026-03-08T22:43:45.997Z,2026-03-06T17:42:21Z,OUTRO,TABELA_DADO,OFICIAL,NAO,
1xOkK_MKUoMnpU-L-eOL2QTQ0qCvnWTDr,01A_BRONZE_OFICIAL,PCA_CANT (1).shx,application/octet-stream,shx,91412,2026-03-08T22:46:18.570Z,2026-03-06T17:02:21Z,GEO,GEO_SHP,DESCONHECIDO,NAO,
1TNMzBIemEoHG7JEPNdwUwYa2_MMrvDpO,01A_BRONZE_OFICIAL,AC_2 (1).dbf,application/octet-stream,dbf,559,2026-03-08T22:46:13.605Z,2026-03-06T17:02:20Z,GEO,GEO_SHP,DESCONHECIDO,NAO,
1IPqbGzbUcNaBmjfSI6VXR5RT_wi3LGJF,01A_BRONZE_OFICIAL,anual2005 (1).xls,application/vnd.ms-excel,xls,829440,2026-03-08T22:43:31.255Z,2026-03-06T17:42:57Z,OUTRO,PLANILHA,DESCONHECIDO,NAO,
1mrtrFbvpDQ10hPXy9bZ1Q_WdLP1s0hVX,01A_BRONZE_OFICIAL,guias_de_itbi_pagas_2009 (1).xlsx,application/vnd.openxmlformats-officedocument.spreadsheetml.sheet,xlsx,23969035,2026-03-08T22:43:24.453Z,2026-03-06T17:44:25Z,OUTRO,PLANILHA,DESCONHECIDO,NAO,
1OTxrThPdMQ_d7dreNlb7mB0VwIQGJoTT,01A_BRONZE_OFICIAL,SIRGAS_SHP_LOTES_79_SOCORRO (1).shp,application/octet-stream,shp,1907260,2026-03-08T22:45:46.574Z,2026-03-06T17:05:13Z,GEO,GEO_SHP,OFICIAL,NAO,
1fUUda4XNtDr5jwBo3g4yECRqfrjPAUHa,01A_BRONZE_OFICIAL,ZC (1).dbf,application/octet-stream,dbf,74315,2026-03-08T22:45:40.173Z,2026-03-06T17:05:47Z,GEO,GEO_SHP,DESCONHECIDO,NAO,
1DUQmhagcQpGn36uao4zjKIzt5DWWXLYS,01A_BRONZE_OFICIAL,ZC (1).shx,application/octet-stream,shx,54100,2026-03-08T22:45:36.695Z,2026-03-06T17:05:49Z,GEO,GEO_SHP,DESCONHECIDO,NAO,
18OXBlLl2EWwI5YIIVBsMdOFdLreyNkMf,01A_BRONZE_OFICIAL,SIRGAS_SHP_LOTES_76_SAPOPEMBA (1).dbf,application/octet-stream,dbf,622426,2026-03-08T22:45:39.343Z,2026-03-06T17:05:07Z,GEO,GEO_SHP,OFICIAL,NAO,
1o73RSZiXMYGu69_FfvI_b99NFzMvBIE9,01A_BRONZE_OFICIAL,ZEP (1).shp,application/octet-stream,shp,283984,2026-03-08T22:45:30.421Z,2026-03-06T17:06:01Z,GEO,GEO_SHP,DESCONHECIDO,NAO,
1Z5SozfS_CE7FkmQSY0R1VbOhVTIL8UQm,01A_BRONZE_OFICIAL,sissel_ANO_2024 (1).xlsx,application/vnd.openxmlformats-officedocument.spreadsheetml.sheet,xlsx,553309,2026-03-08T22:42:53.823Z,2026-03-06T17:45:04Z,OUTRO,PLANILHA,DESCONHECIDO,NAO,
1wygWMHk3WO0mRi--Q_pRhbhDUKcBWy70,01A_BRONZE_OFICIAL,anual_2001 (1).xls,application/vnd.ms-excel,xls,1783296,2026-03-08T22:42:54.603Z,2026-03-06T17:42:53Z,OUTRO,PLANILHA,DESCONHECIDO,NAO,
1GhViYL9brJxZnJ1_ke2tkNwZgB9Lt11m,01A_BRONZE_OFICIAL,SIRGAS_SHP_LOTES_77_SAUDE (1).shx,application/octet-stream,shx,186564,2026-03-08T22:45:12.063Z,2026-03-06T17:05:08Z,GEO,GEO_SHP,OFICIAL,NAO,
1JsCPXTGI96plP1UshOP0Dkmq9ORDP9uW,01A_BRONZE_OFICIAL,VETOS_TODOS (1).shp,application/octet-stream,shp,23116,2026-03-08T22:44:39.288Z,2026-03-06T17:05:47Z,GEO,GEO_SHP,DESCONHECIDO,NAO,
1yNcUs8REc7Bwfeg7b2yYU4eB0rwzx8Bb,01A_BRONZE_OFICIAL,ZCOR_1 (1).dbf,application/octet-stream,dbf,12487,2026-03-08T22:44:14.999Z,2026-03-06T17:05:52Z,GEO,GEO_SHP,DESCONHECIDO,NAO,
1PVO7iMlk1QFrg6oXrLPJ-OgGiXyrqlbf,01A_BRONZE_OFICIAL,GUIAS_DE_ITBI_PAGAS_(2019) (1).xlsx,application/vnd.openxmlformats-officedocument.spreadsheetml.sheet,xlsx,20591454,2026-03-08T22:41:32.219Z,2026-03-06T17:43:25Z,OUTRO,PLANILHA,DESCONHECIDO,NAO,
1QuTW6s4J_nGQ9h9wWZAH5it5tQsHQY6L,01A_BRONZE_OFICIAL,ZEPEC_AUE (1).shp,application/octet-stream,shp,1683820,2026-03-08T22:43:54.753Z,2026-03-06T17:06:04Z,GEO,GEO_SHP,DESCONHECIDO,NAO,
1H6L_6MvO-vQPivD5v_yasjZttg8u4YOI,01A_BRONZE_OFICIAL,Anual2011 (1).xls,application/vnd.ms-excel,xls,1122304,2026-03-08T22:41:29.256Z,2026-03-06T17:42:59Z,OUTRO,PLANILHA,DESCONHECIDO,NAO,
1Sfap30R3Rk9lkBQURWXQHPMyTx7WwbCk,01A_BRONZE_OFICIAL,ANUAL - 2022 (1).xlsx,application/vnd.openxmlformats-officedocument.spreadsheetml.sheet,xlsx,614006,2026-03-08T22:41:25.389Z,2026-03-06T17:42:52Z,OUTRO,PLANILHA,DESCONHECIDO,NAO,
1B__O9V8fn86t06-b1GwBjBkPJ-_4C5p2,01A_BRONZE_OFICIAL,GUIAS_DE_ITBI_PAGAS_12-2022 (1).xlsx,application/vnd.openxmlformats-officedocument.spreadsheetml.sheet,xlsx,32681481,2026-03-08T22:41:17.291Z,2026-03-06T17:43:51Z,OUTRO,PLANILHA,DESCONHECIDO,NAO,
1EKu1ZIsq45oBokH3HCr3E3QFDMYyYdwB,01A_BRONZE_OFICIAL,SIRGAS_SHP_LOTES_75_SAO_RAFAEL (1).dbf,application/octet-stream,dbf,227176,2026-03-08T22:43:45.978Z,2026-03-06T17:05:06Z,GEO,GEO_SHP,OFICIAL,NAO,
1xSwuveTCSz9S6SPOsQ0m4I3ytwH4CltT,01A_BRONZE_OFICIAL,INCENTIVO_GARAGEM (1).dbf,application/octet-stream,dbf,8139,2026-03-08T22:43:38.646Z,2026-03-06T17:02:21Z,GEO,GEO_SHP,DESCONHECIDO,NAO,
1O5vHWD8BOXOOlGIQSqpP89CWPsBC_9OD,01A_BRONZE_OFICIAL,SIRGAS_SHP_LOTES_75_SAO_RAFAEL (1).shp,application/octet-stream,shp,2718484,2026-03-08T22:43:27.360Z,2026-03-06T17:05:08Z,GEO,GEO_SHP,OFICIAL,NAO,
1mFQpLZ6plcJrdD-0IJcRhYEWZOyBIgvD,01A_BRONZE_OFICIAL,oo_2002-2014 (1).xlsx,application/vnd.openxmlformats-officedocument.spreadsheetml.sheet,xlsx,668158,2026-03-08T22:40:49.279Z,2026-03-06T17:44:58Z,OUTRO,PLANILHA,DESCONHECIDO,NAO,
1KtdwR0oMKqZEETg01VzECp4W_nkXQq_o,01A_BRONZE_OFICIAL,ZEIS_4 (1).dbf,application/octet-stream,dbf,1588,2026-03-08T22:43:18.569Z,2026-03-06T17:05:59Z,GEO,GEO_SHP,DESCONHECIDO,NAO,
16MBNzVSB_XgkjS5jw0kqzYmyeWQUk4yp,01A_BRONZE_OFICIAL,SIRGAS_SHP_setorfiscal (1).shx,application/octet-stream,shx,2596,2026-03-08T22:43:18.583Z,2026-03-06T17:05:41Z,GEO,GEO_SHP,OFICIAL,NAO,
17HsQr-OdwJ1wxL3Rw2El_GggZL5njj0X,01A_BRONZE_OFICIAL,OUTORGA_ONEROSA (1).xlsx,application/vnd.openxmlformats-officedocument.spreadsheetml.sheet,xlsx,1311524,2026-03-08T22:40:42.969Z,2026-03-06T17:45:03Z,TDC,PLANILHA,DESCONHECIDO,NAO,
17MOPE9fi3PWQOiM0b8fyNpobXc134TEK,01A_BRONZE_OFICIAL,SIRGAS_SHP_LOTES_86_VILA_GUILHERME (1).shx,application/octet-stream,shx,102116,2026-03-08T22:43:17.784Z,2026-03-06T17:05:21Z,GEO,GEO_SHP,OFICIAL,NAO,
1XzUafeQqk5w-IG5muFz190jcZ4vTEVbg,01A_BRONZE_OFICIAL,SIRGAS_SHP_LOTES_88_VILA_LEOPOLDINA (1).shx,application/octet-stream,shx,44972,2026-03-08T22:43:14.900Z,2026-03-06T17:05:22Z,GEO,GEO_SHP,OFICIAL,NAO,
1I7FO4UcLtgDZcxq9AtoZuJndmrz4VwWp,01A_BRONZE_OFICIAL,ZER_a (1).shx,application/octet-stream,shx,3132,2026-03-08T22:43:06.716Z,2026-03-06T17:06:08Z,GEO,GEO_SHP,DESCONHECIDO,NAO,
1E4ABstTnp4Moih5nwj_Mp0XjtFqW4VtH,01A_BRONZE_OFICIAL,ZEMP (1).dbf,application/octet-stream,dbf,7615,2026-03-08T22:42:55.386Z,2026-03-06T17:06:00Z,GEO,GEO_SHP,DESCONHECIDO,NAO,
1AsH0k3uUjCZmQuPqgVjn-Age5kHpP1Cx,01A_BRONZE_OFICIAL,SIRGAS_SHP_LOTES_96_LAJEADO (1).shx,application/octet-stream,shx,160964,2026-03-08T22:42:53.064Z,2026-03-06T17:05:29Z,GEO,GEO_SHP,OFICIAL,NAO,
19IaeeyUxZiwul-jlSdZSr5xFuK4JnBVE,01A_BRONZE_OFICIAL,AC_1 (1).shx,application/octet-stream,shx,420,2026-03-08T22:42:58.150Z,2026-03-06T17:02:20Z,GEO,GEO_SHP,DESCONHECIDO,NAO,
1vILpRmgWq7PYfAEPqzX8tA8_EmEVDT5c,01A_BRONZE_OFICIAL,PDE2013_SUBST2_Quadro_12_perimetro_cultural_paulista_luz (1).pdf,application/pdf,pdf,191540,2026-03-08T22:43:13.813Z,2026-03-06T16:57:06Z,OUTRO,PDF,DESCONHECIDO,NAO,
1uPp7SKq3jDOduzSFGP_Hl7VprJY83gJv,01A_BRONZE_OFICIAL,INSTRUÇÃO NORMATIVA SECRETARIA MUNICIPAL DE URBANISMO E LICENCIAMENTO - SMUL Nº 1 DE 16 DE OUTUBRO DE 2024 « Catálogo de Legislação Municipal (1).pdf,application/pdf,pdf,202457,2026-03-08T22:43:09.661Z,2026-03-06T16:56:24Z,GOVERNANCA,PDF,DESCONHECIDO,NAO,
1zdYU1uRQTwxYiLFVb06-QnkfvW8xKhZe,01A_BRONZE_OFICIAL,desktop.ini,application/octet-stream,ini,1498,2026-03-08T22:43:10.372Z,2026-03-06T16:55:56Z,OUTRO,OUTRO,DESCONHECIDO,NAO,
18KAedNslGMNBJRBxeLKMR9qIMvEVU5Fd,01A_BRONZE_OFICIAL,ZEU_u (1).shx,application/octet-stream,shx,34572,2026-03-08T22:42:29.784Z,2026-03-06T17:06:10Z,GEO,GEO_SHP,DESCONHECIDO,NAO,
1b3ZU0Tvqy4c1eh2YO-AAwaJZlHEql4ML,01A_BRONZE_OFICIAL,ZMIS_u (1).shp,application/octet-stream,shp,732900,2026-03-08T22:42:26.491Z,2026-03-06T17:06:17Z,GEO,GEO_SHP,DESCONHECIDO,NAO,
1gY9fFSF8oFw3OrrOsuWMwgSbVQ574vs6,01A_BRONZE_OFICIAL,GUIAS-DE-ITBI-PAGAS-2024 (1).xlsx,application/vnd.openxmlformats-officedocument.spreadsheetml.sheet,xlsx,32919810,2026-03-08T22:39:45.732Z,2026-03-06T17:45:11Z,OUTRO,PLANILHA,DESCONHECIDO,NAO,
1vEphuFD_PXX-x6kj3wkjoV-sXfY0z6_d,01A_BRONZE_OFICIAL,SIRGAS_SHP_LOTES_87_VILA_JACUI (1).dbf,application/octet-stream,dbf,254866,2026-03-08T22:42:15.559Z,2026-03-06T17:05:21Z,GEO,GEO_SHP,OFICIAL,NAO,
1CwuePFVpd4uN7YB0ps9ODfMnZCOufgQO,01A_BRONZE_OFICIAL,RESOLUÇÃO SECRETARIA MUNICIPAL DE URBANISMO E LICENCIAMENTO - SMUL_CTLU Nº 4 DE 4 DE ABRIL DE 2024 « Catálogo de Legislação Municipal (1).csv,text/csv,csv,30,2026-03-08T22:39:47.749Z,2026-03-06T17:42:18Z,GOVERNANCA,TABELA_DADO,DESCONHECIDO,NAO,
1qfzICBxwvX6rKBFiTwQW4OePQTkda6qM,01A_BRONZE_OFICIAL,SIRGAS_SHP_LOTES_94_VILA_SONIA (1).shx,application/octet-stream,shx,142308,2026-03-08T22:42:06.453Z,2026-03-06T17:05:28Z,GEO,GEO_SHP,OFICIAL,NAO,
1YGqL716LJBslgaXIB147mYgDhPV8bXHL,01A_BRONZE_OFICIAL,SIRGAS_SHP_LOTES_76_SAPOPEMBA (1).shx,application/octet-stream,shx,331940,2026-03-08T22:41:49.067Z,2026-03-06T17:05:07Z,GEO,GEO_SHP,OFICIAL,NAO,
1UsQUq7JqUlJlV68sXNVcHOsNfl54fljD,01A_BRONZE_OFICIAL,sissel_ANO_2025_12 (1).xls,application/vnd.ms-excel,xls,826368,2026-03-08T22:39:10.604Z,2026-03-06T17:45:05Z,OUTRO,PLANILHA,DESCONHECIDO,NAO,
1WUgQj9zdE5edeKOk-lE2B8m8S0OcoTx_,01A_BRONZE_OFICIAL,D57536 (1).pdf,application/pdf,pdf,254792,2026-03-08T22:42:16.931Z,2026-03-06T16:56:19Z,OUTRO,PDF,DESCONHECIDO,NAO,
1rWE_TGLHMWdnccHAKXTUqYnl1MFSXrv1,01A_BRONZE_OFICIAL,SIRGAS_SHP_LOTES_80_TATUAPE (1).shp,application/octet-stream,shp,4411532,2026-03-08T22:41:39.955Z,2026-03-06T17:05:15Z,GEO,GEO_SHP,OFICIAL,NAO,
1PUwknA_84t8-fNTwYtmzaYjPn0EVPTGR,01A_BRONZE_OFICIAL,ZC_ZEIS (1).dbf,application/octet-stream,dbf,13642,2026-03-08T22:41:37.181Z,2026-03-06T17:05:50Z,GEO,GEO_SHP,DESCONHECIDO,NAO,
1C5oMrJlLjtc7SpipM3UH36yFRVRFZhBT,01A_BRONZE_OFICIAL,SIRGAS_SHP_LOTES_88_VILA_LEOPOLDINA (1).shp,application/octet-stream,shp,1630508,2026-03-08T22:41:33.665Z,2026-03-06T17:05:22Z,GEO,GEO_SHP,OFICIAL,NAO,
1ntSNW38E_h7CE-zSH5TtYy-6pvMAVD8u,01A_BRONZE_OFICIAL,SIRGAS_SHP_LOTES_78_SE (1).shp,application/octet-stream,shp,646580,2026-03-08T22:41:31.528Z,2026-03-06T17:05:10Z,GEO,GEO_SHP,OFICIAL,NAO,
1xvfptofIEOhhm6trb-H_t-k5pHhv5o5Z,01A_BRONZE_OFICIAL,ZDE_2 (1).dbf,application/octet-stream,dbf,5914,2026-03-08T22:41:28.458Z,2026-03-06T17:05:55Z,GEO,GEO_SHP,DESCONHECIDO,NAO,
1aFCMZMEk0_n0xY360KXbVAKwiaKg077a,01A_BRONZE_OFICIAL,ZPDS_u (1).shp,application/octet-stream,shp,925144,2026-03-08T22:41:22.925Z,2026-03-06T17:06:19Z,GEO,GEO_SHP,DESCONHECIDO,NAO,
1zsjs01706TkyhXLNuXpHH6rRvUj9CyHI,01A_BRONZE_OFICIAL,SIRGAS_SHP_LOTES_85_VILA_FORMOSA (1).shp,application/octet-stream,shp,4669828,2026-03-08T22:41:22.259Z,2026-03-06T17:05:22Z,GEO,GEO_SHP,OFICIAL,NAO,
1uVmXMSZryJL-Dbyvg9zw7WuRMMXJ5jBN,01A_BRONZE_OFICIAL,SIRGAS_SHP_LOTES_88_VILA_LEOPOLDINA (1).dbf,application/octet-stream,dbf,84361,2026-03-08T22:41:17.763Z,2026-03-06T17:05:21Z,GEO,GEO_SHP,OFICIAL,NAO,
1h9CtX6ONred18NJtCjMoVMntD-vR5sU6,01A_BRONZE_OFICIAL,SIRGAS_SHP_LOTES_81_TREMEMBE (1).shp,application/octet-stream,shp,7655132,2026-03-08T22:41:15.398Z,2026-03-06T17:05:18Z,GEO,GEO_SHP,OFICIAL,NAO,
1VhkLJzQ89BZgQXjpPkuAxTEk3TePYKJx,01A_BRONZE_OFICIAL,ZEIS_2 (1).shp,application/octet-stream,shp,495148,2026-03-08T22:41:08.294Z,2026-03-06T17:05:58Z,GEO,GEO_SHP,DESCONHECIDO,NAO,
1CfBfrvl7GYHeMekJnLT3fz8Qz9VwVXMt,01A_BRONZE_OFICIAL,PORTARIA SECRETARIA MUNICIPAL DE COORDENAÇÃO DAS SUBPREFEITURAS - SMSP Nº 20 DE 3 DE MAIO DE 2016 « Catálogo de Legislação Municipal (1).pdf,application/pdf,pdf,73660,2026-03-08T22:41:41.676Z,2026-03-06T16:57:10Z,JURIDICO,PORTARIA,OFICIAL,NAO,
1SMUZF4L04sMw2vNC5XkCenVqYHkE8pJ6,01A_BRONZE_OFICIAL,ZC_a (1).dbf,application/octet-stream,dbf,10786,2026-03-08T22:41:03.366Z,2026-03-06T17:05:49Z,GEO,GEO_SHP,DESCONHECIDO,NAO,
1HTMET6Vdamgg6GAcuXOVDzRt24a0pfZv,01A_BRONZE_OFICIAL,ZC_ZEIS (1).shp,application/octet-stream,shp,609652,2026-03-08T22:41:02.625Z,2026-03-06T17:05:51Z,GEO,GEO_SHP,DESCONHECIDO,NAO,
1k1xanx0PHQ68U0b66uJ9YQyn4NaVsllv,01A_BRONZE_OFICIAL,ZM_a (1).shp,application/octet-stream,shp,3510644,2026-03-08T22:40:48.265Z,2026-03-06T17:06:16Z,GEO,GEO_SHP,DESCONHECIDO,NAO,
1m5sUhEvwqGlTyWqdvtV50bzD3zungZ-8,01A_BRONZE_OFICIAL,SIRGAS_SHP_PLANO_DIRETOR_DRENAGEM (1).shx,application/octet-stream,shx,1260,2026-03-08T22:40:47.409Z,2026-03-06T17:05:32Z,GEO,GEO_SHP,OFICIAL,NAO,
1Eij7ldrQIs6yMATCn2EBcQu-1o8AKxs8,01A_BRONZE_OFICIAL,PLANTAS (1).pdf,application/pdf,pdf,1409953,2026-03-08T22:41:19.410Z,2026-03-06T16:57:08Z,OUTRO,PDF,DESCONHECIDO,NAO,
1neMEsJzGsRU_QcRyZ3F0urp6rI4izbWm,01A_BRONZE_OFICIAL,Análise de Omissões da Legislação - Secretaria Municipal de Urbanismo e Licenciamento - Prefeitura (1).csv,text/csv,csv,2297,2026-03-08T22:40:37.818Z,2026-03-06T17:07:13Z,OUTRO,AUDITORIA,OFICIAL,NAO,
1svCFkMMsk-YBP5kXgx0wsaU7vVUk--_T,01A_BRONZE_OFICIAL,ZEPEC_APP-BIR (1).dbf,application/octet-stream,dbf,821,2026-03-08T22:40:31.955Z,2026-03-06T17:06:03Z,GEO,GEO_SHP,DESCONHECIDO,NAO,
1JU8yaO-HGJcPb02hJ4OOUEAJj6kkLjve,01A_BRONZE_OFICIAL,anual_2012 (1).xls,application/vnd.ms-excel,xls,1028096,2026-03-08T22:38:03.760Z,2026-03-06T17:42:54Z,OUTRO,PLANILHA,DESCONHECIDO,NAO,
1QhNwVBGMIr5iUUkIbtNJ1YYjdpE9tyZ9,01A_BRONZE_OFICIAL,Ano_2023_SISSEL (1).xls,application/vnd.ms-excel,xls,986624,2026-03-08T22:38:01.031Z,2026-03-06T17:42:52Z,OUTRO,PLANILHA,DESCONHECIDO,NAO,
1BTyvKFA633tr58BFIJkmRppRC_hyLSeY,01A_BRONZE_OFICIAL,ZOE (1).dbf,application/octet-stream,dbf,4423,2026-03-08T22:40:07.156Z,2026-03-06T17:06:17Z,GEO,GEO_SHP,DESCONHECIDO,NAO,
1WjwXBLttnDpr4X-HWHlTva3Ehw8gSfq8,01A_BRONZE_OFICIAL,SIRGAS_SHP_LOTES_95_SAO_DOMINGOS (1).shx,application/octet-stream,shx,136020,2026-03-08T22:40:08.654Z,2026-03-06T17:05:29Z,GEO,GEO_SHP,OFICIAL,NAO,
1WDBNacRezLcei7BzyNSOUTNZs-kdzTWR,01A_BRONZE_OFICIAL,SIRGAS_SHP_LOTES_67_RIO_PEQUENO (1).dbf,application/octet-stream,dbf,290971,2026-03-08T22:40:10.110Z,2026-03-06T17:04:56Z,GEO,GEO_SHP,OFICIAL,NAO,
1pERygEJEpmKu3TrCEu_AokKhK54IHOij,01A_BRONZE_OFICIAL,SIRGAS_SHP_LOTES_77_SAUDE (1).shp,application/octet-stream,shp,5725140,2026-03-08T22:40:08.673Z,2026-03-06T17:05:11Z,GEO,GEO_SHP,OFICIAL,NAO,
1Qgt0uazLOq_CseHbNMFXdHnZYUjME29k,01A_BRONZE_OFICIAL,Aprova Digital_dezembro2020 (1).xlsx,application/vnd.openxmlformats-officedocument.spreadsheetml.sheet,xlsx,8601,2026-03-08T22:37:36.623Z,2026-03-06T17:43:00Z,OUTRO,PLANILHA,DESCONHECIDO,NAO,
1GD-DG22TXs_MFF5o_XcM7Oix_5w4yKLO,01A_BRONZE_OFICIAL,SIRGAS_SHP_restricaomirantesantana_polygon (1).dbf,application/octet-stream,dbf,965,2026-03-08T22:39:58.691Z,2026-03-06T17:05:38Z,GEO,GEO_SHP,OFICIAL,NAO,
1VAYDniBH6tTxLEUmH1yF-jgX-J2ybSV6,01A_BRONZE_OFICIAL,SIRGAS_SHP_LOTES_80_TATUAPE (1).shx,application/octet-stream,shx,146012,2026-03-08T22:39:58.735Z,2026-03-06T17:05:13Z,GEO,GEO_SHP,OFICIAL,NAO,
1M8GTWZBA4EfUfrjtFulhlJqNjFnldy6p,01A_BRONZE_OFICIAL,D57536 (1).csv,text/csv,csv,689,2026-03-08T22:39:44.783Z,2026-03-06T17:07:15Z,OUTRO,TABELA_DADO,DESCONHECIDO,NAO,
19--zxw5b3hUNjWvxnNd4idN04mS3IZBM,01A_BRONZE_OFICIAL,ZEIS_5 (1).shp,application/octet-stream,shp,228428,2026-03-08T22:39:44.137Z,2026-03-06T17:06:00Z,GEO,GEO_SHP,DESCONHECIDO,NAO,
1JSKXjQq0altZXLrYHeURtnwPF_9ZmWU9,01A_BRONZE_OFICIAL,ZEPEC_APC (1).shx,application/octet-stream,shx,108,2026-03-08T22:39:32.164Z,2026-03-06T17:06:03Z,GEO,GEO_SHP,DESCONHECIDO,NAO,
10DFodHpVByTcJfS5sK-QG6UYBvuxW0bI,01A_BRONZE_OFICIAL,SIRGAS_SHP_planoacao_polygon (1).shp,application/octet-stream,shp,2555908,2026-03-08T22:39:33.596Z,2026-03-06T17:05:34Z,GEO,GEO_SHP,OFICIAL,NAO,
12Acwaa7VG0-8ASm8O5aPC4-4lYM_f_ik,01A_BRONZE_OFICIAL,Projeto de Intervenção Urbana apresentado por particular - Secretaria Municipal de Urbanismo e Licenciamento - Prefeitura (1).csv,text/csv,csv,2664,2026-03-08T22:37:07.283Z,2026-03-06T17:42:18Z,OUTRO,TABELA_DADO,OFICIAL,NAO,
1BO1eOAPMtlXWhQiPpKWp8SiJEweSIzKb,01A_BRONZE_OFICIAL,PORTARIA SECRETARIA MUNICIPAL DE URBANISMO E LICENCIAMENTO - SMUL Nº 172 DE 10 DE DEZEMBRO DE 2024 « Catálogo de Legislação Municipal (1).pdf,application/pdf,pdf,150304,2026-03-08T22:39:58.190Z,2026-03-06T16:57:11Z,JURIDICO,PORTARIA,OFICIAL,NAO,
16f1oUdrRlCaV0JCGF-Q0WeSYetjp1O80,01A_BRONZE_OFICIAL,PORTARIA SECRETARIA MUNICIPAL DE URBANISMO E LICENCIAMENTO - SMUL Nº 8 DE 30 DE JANEIRO DE 2025 « Catálogo de Legislação Municipal (2).pdf,application/pdf,pdf,103551,2026-03-08T22:39:56.778Z,2026-03-06T16:57:11Z,JURIDICO,PORTARIA,OFICIAL,NAO,
1DluscIUrQqY2wtHni-gGRKTS9at29LK-,01A_BRONZE_OFICIAL,SIRGAS_SHP_LOTES_71_SANTO_AMARO (1).shp,application/octet-stream,shp,5127908,2026-03-08T22:39:15.400Z,2026-03-06T17:05:03Z,GEO,GEO_SHP,OFICIAL,NAO,
16Vm2ramY_vUcfMybSEu960N1qvS4n8Wq,01A_BRONZE_OFICIAL,SIRGAS_SHP_LOTES_95_SAO_DOMINGOS (1).shp,application/octet-stream,shp,5521076,2026-03-08T22:39:12.347Z,2026-03-06T17:05:32Z,GEO,GEO_SHP,OFICIAL,NAO,
1AS8gx5vIoUV_e4-wO82PrSCtvEUkaibi,01A_BRONZE_OFICIAL,guias_de_itbi_pagas_2017 (1).xlsx,application/vnd.openxmlformats-officedocument.spreadsheetml.sheet,xlsx,16645881,2026-03-08T22:36:16.390Z,2026-03-06T17:44:54Z,OUTRO,PLANILHA,DESCONHECIDO,NAO,
1LKBZginLfuAZGSniyMe_ZxRfjWOqnRzT,01A_BRONZE_OFICIAL,AC_1 (1).dbf,application/octet-stream,dbf,937,2026-03-08T22:39:01.205Z,2026-03-06T17:02:20Z,GEO,GEO_SHP,DESCONHECIDO,NAO,
1KG8RAZ_c3A0QrjfJPPDColK8pSnK0LhW,01A_BRONZE_OFICIAL,Anual_2018 (1).xls,application/vnd.ms-excel,xls,1748480,2026-03-08T22:36:18.770Z,2026-03-06T17:42:56Z,OUTRO,PLANILHA,DESCONHECIDO,NAO,
1Fltzw2qtUF12FEWj9eL7rn3r_-3Qwa90,01A_BRONZE_OFICIAL,2021 (1).xlsx,application/vnd.openxmlformats-officedocument.spreadsheetml.sheet,xlsx,55410,2026-03-08T22:36:12.902Z,2026-03-06T17:42:51Z,OUTRO,PLANILHA,DESCONHECIDO,NAO,
15PqQLdgmTTUTPGcWjbo5TtVpWR65Sw5J,01A_BRONZE_OFICIAL,ZCOR_3 (1).shp,application/octet-stream,shp,183272,2026-03-08T22:38:31.135Z,2026-03-06T17:05:53Z,GEO,GEO_SHP,DESCONHECIDO,NAO,
1SyM8BcPVFwdCbYSUkrsLJoqfcKdruqSo,01A_BRONZE_OFICIAL,ZPDS_u (1).dbf,application/octet-stream,dbf,6418,2026-03-08T22:38:10.744Z,2026-03-06T17:06:18Z,GEO,GEO_SHP,DESCONHECIDO,NAO,
1dhq7NM2EfTklwnu6GV-QUK9PtBSLF-Sq,01A_BRONZE_OFICIAL,ZM_u (1).dbf,application/octet-stream,dbf,385048,2026-03-08T22:38:03.782Z,2026-03-06T17:06:15Z,GEO,GEO_SHP,DESCONHECIDO,NAO,
1Gd9TMgdkowMKWhmib6NjpnbiIVOQeH4e,01A_BRONZE_OFICIAL,RAZÕES DO VETO AO PROJETO DE LEI Nº 272_2015; OFÍCIO DE 22 DE MARÇO DE 2016 « Catálogo de Legislação Municipal (1).pdf,application/pdf,pdf,110997,2026-03-08T22:38:29.375Z,2026-03-06T16:57:14Z,JURIDICO,LEI,OFICIAL,NAO,
1N0RSPyLyXlqAiNU-5cpEmfDeZVAXFX5I,01A_BRONZE_OFICIAL,ZEUP_a (1).shx,application/octet-stream,shx,2036,2026-03-08T22:37:44.682Z,2026-03-06T17:06:12Z,GEO,GEO_SHP,DESCONHECIDO,NAO,
1PGd6LAGy_aSVOIyRZ89AGucIbHZJ-Ast,01A_BRONZE_OFICIAL,Certidão de Uso e Ocupação do Solo - Secretaria Municipal de Urbanismo e Licenciamento - Prefeitura (1).csv,text/csv,csv,3070,2026-03-08T22:37:37.487Z,2026-03-06T17:07:15Z,OUTRO,TABELA_DADO,OFICIAL,NAO,
1Exe-zp-m7poc3A3NFts0cafxCqEfrK9r,01A_BRONZE_OFICIAL,SIRGAS_SHP_LOTES_73_SAO_MATEUS (1).dbf,application/octet-stream,dbf,412681,2026-03-08T22:37:45.607Z,2026-03-06T17:05:03Z,GEO,GEO_SHP,OFICIAL,NAO,
1WQbWBP9R2ondyh3GzWXBRiwSnS02jS7Q,01A_BRONZE_OFICIAL,ZCOR_a (1).shx,application/octet-stream,shx,612,2026-03-08T22:37:36.591Z,2026-03-06T17:05:54Z,GEO,GEO_SHP,DESCONHECIDO,NAO,
1amuCeRzev3Q47AX-Gt_MG2L7EVWNVaxG,01A_BRONZE_OFICIAL,SIRGAS_SHP_LOTES_85_VILA_FORMOSA (1).dbf,application/octet-stream,dbf,295786,2026-03-08T22:37:30.766Z,2026-03-06T17:05:19Z,GEO,GEO_SHP,OFICIAL,NAO,
1Wp_KbvjpEnJWeZ6L73eGE9OLSaKOPftk,01A_BRONZE_OFICIAL,VETOS_TODOS (1).dbf,application/octet-stream,dbf,254,2026-03-08T22:37:11.800Z,2026-03-06T17:05:47Z,GEO,GEO_SHP,DESCONHECIDO,NAO,
1gf-SxvzSUPpsRxIn9YAzlMZwHPVsWiR0,01A_BRONZE_OFICIAL,SIRGAS_SHP_PLANO_DIRETOR_DRENAGEM (1).shp,application/octet-stream,shp,193972,2026-03-08T22:37:12.773Z,2026-03-06T17:05:32Z,GEO,GEO_SHP,OFICIAL,NAO,
1uRcYj1X8H-WdCHVXcjX9nz-Z5v3zR1bR,01A_BRONZE_OFICIAL,ZEPEC_BIR_INDIC (1).shx,application/octet-stream,shx,5708,2026-03-08T22:37:04.980Z,2026-03-06T17:06:06Z,GEO,GEO_SHP,DESCONHECIDO,NAO,
1IqiIxRU2hLXT0mAuVsMEP2lGUpvelpuQ,01A_BRONZE_OFICIAL,SIRGAS_SHP_LOTES_70_SANTANA (1).shp,application/octet-stream,shp,6134788,2026-03-08T22:37:04.298Z,2026-03-06T17:05:03Z,GEO,GEO_SHP,OFICIAL,NAO,
1HvF5pb70Y-6NpoGDfmwpftsz6M_WW2yM,01A_BRONZE_OFICIAL,Auditoria TDC São Paulo_ Memorial de Fundamentação Estratégica.pdf,application/pdf,pdf,126318,2026-03-08T22:37:10.181Z,2026-03-06T16:56:18Z,TDC,AUDITORIA,NOSSO,NAO,
1C_kUq78PU1R6sYdtd0H8uc5HnQnlILA_,01A_BRONZE_OFICIAL,RESOLUÇÃO SECRETARIA MUNICIPAL DE URBANISMO E LICENCIAMENTO - SMUL_CTLU Nº 12 DE 11 DE NOVEMBRO DE 2021 « Catálogo de Legislação Municipal (1).pdf,application/pdf,pdf,94002,2026-03-08T22:36:56.345Z,2026-03-06T16:57:17Z,GOVERNANCA,PDF,DESCONHECIDO,NAO,
1jx8VxMLh06b2fMMYSUoSonS9OOXV71wF,01A_BRONZE_OFICIAL,ZEPEC_BIR_INDIC (1).shp,application/octet-stream,shp,358660,2026-03-08T22:36:09.500Z,2026-03-06T17:06:06Z,GEO,GEO_SHP,DESCONHECIDO,NAO,
1Yc8PEaycXQh39SIl4Ty1ilJ9ox5b0s9S,01A_BRONZE_OFICIAL,PDE2013_SUBST2_Quadro_14_cadastro (1).pdf,application/pdf,pdf,4072678,2026-03-08T22:36:13.564Z,2026-03-06T16:57:09Z,OUTRO,PDF,DESCONHECIDO,NAO,
1osmGl9WeWn-9Z30hI0Qm0HIKOOgjKL0c,01A_BRONZE_OFICIAL,ARQUIP _ DOSP - 107504220 - Lei.pdf,application/pdf,pdf,267237,2026-03-08T23:37:29.215Z,2026-03-05T22:03:35Z,JURIDICO,LEI,OFICIAL,NAO,
1_geVK4d-OMb3EG8n19JqHzeBPNi7wUV9,01A_BRONZE_OFICIAL,QUADROS.pdf,application/pdf,pdf,957627,2026-03-08T23:37:03.829Z,2026-03-05T22:00:34Z,OUTRO,PDF,DESCONHECIDO,NAO,
1-64-e6wfOa03VAYUOxHf_H0Egh80NSSk,01A_BRONZE_OFICIAL,PLANTAS (2).pdf,application/pdf,pdf,1409953,2026-03-08T22:53:29.556Z,2026-03-05T22:00:42Z,OUTRO,PDF,DESCONHECIDO,NAO,
1wetSKYoPQzRdOTVUV9JCvFBHQjB6FvYN,01A_BRONZE_OFICIAL,CONCLUSAO_FASE_DADOS_PERFEITOS.md,text/markdown,md,173,2026-03-08T22:38:34.513Z,2026-03-05T22:22:26Z,OUTRO,OUTRO,DESCONHECIDO,NAO,
1STTSYaV8QwRwIZdcd0BygYfYdQEnnMIP,01A_BRONZE_OFICIAL,ARQUIP _ DOSP - 097088730 - Lei.pdf,application/pdf,pdf,606680,2026-03-08T22:39:39Z,2026-03-05T22:02:41Z,JURIDICO,LEI,OFICIAL,NAO,
1tsdop-rJK0CjfIvcqoZSh33PTjOHH-me,01A_BRONZE_OFICIAL,Ano_2025_AD_12.xlsx,application/vnd.openxmlformats-officedocument.spreadsheetml.sheet,xlsx,236997,2026-03-08T23:36:58.487Z,2026-03-04T22:28:46Z,OUTRO,PLANILHA,DESCONHECIDO,NAO,
1IUGKFL1igNyjHz0yvI5siP_dyc6Tuu6L,01A_BRONZE_OFICIAL,GatewayCertificaPDF.pdf,application/pdf,pdf,34772,2026-03-08T23:32:44.461Z,2026-03-04T22:41:41Z,OUTRO,PDF,DESCONHECIDO,NAO,
1NndasIoT5o4Y--EWBiS8IpdGY8rxo-7Y,01A_BRONZE_OFICIAL,2013 - anual.xls,application/vnd.ms-excel,xls,622592,2026-03-08T23:32:32.374Z,2026-03-04T22:27:04Z,OUTRO,PLANILHA,DESCONHECIDO,NAO,
10O7t724naQNnqbZukpCXekNDCjwtZPd1,01A_BRONZE_OFICIAL,anual2005.xls,application/vnd.ms-excel,xls,829440,2026-03-08T23:31:09.216Z,2026-03-04T22:26:28Z,OUTRO,PLANILHA,DESCONHECIDO,NAO,
11eP_HPj3oP_J-ILf5p47dIHYnCzUfZFT,01A_BRONZE_OFICIAL,2015 - anual.xls,application/vnd.ms-excel,xls,833536,2026-03-08T23:29:18.510Z,2026-03-04T22:27:11Z,OUTRO,PLANILHA,DESCONHECIDO,NAO,
1lTbT2jCMkEz6-gHVR7PAsfIyotZGaVG5,01A_BRONZE_OFICIAL,Ano_2026_AD_01.xlsx,application/vnd.openxmlformats-officedocument.spreadsheetml.sheet,xlsx,85329,2026-03-08T23:27:26.838Z,2026-03-04T22:28:50Z,OUTRO,PLANILHA,DESCONHECIDO,NAO,
1_zjn4rMRZ40Uk3YevDYVXVfX0vhN2TRn,01A_BRONZE_OFICIAL,2021.xlsx,application/vnd.openxmlformats-officedocument.spreadsheetml.sheet,xlsx,55410,2026-03-08T23:26:50.340Z,2026-03-04T22:28:18Z,OUTRO,PLANILHA,DESCONHECIDO,NAO,
1mh0d-IDWDcmK09efFuru0-DW69yHClUV,01A_BRONZE_OFICIAL,SIRGAS_SHP_restricaomirantesantana_polygon.shx,application/octet-stream,shx,108,2026-03-08T23:32:13.608Z,2026-03-04T20:55:45Z,GEO,GEO_SHP,OFICIAL,NAO,
1PKkuiuPVYk7FSu6Qw6eOiJVl2BW0rBrt,01A_BRONZE_OFICIAL,2022 (4) (1)(1).xlsx,application/vnd.openxmlformats-officedocument.spreadsheetml.sheet,xlsx,121472,2026-03-08T23:26:05.497Z,2026-03-04T22:28:22Z,OUTRO,PLANILHA,DESCONHECIDO,NAO,
1nDFz3F2yeMo7N_x-XZ48j7bA5SyIcBbG,01A_BRONZE_OFICIAL,sissel_ANO_2024.xlsx,application/vnd.openxmlformats-officedocument.spreadsheetml.sheet,xlsx,553309,2026-03-08T23:25:46.612Z,2026-03-04T22:27:52Z,OUTRO,PLANILHA,DESCONHECIDO,NAO,
1nnMdLHmBzD8WbZd9OKI3nvSvHkIjO1aN,01A_BRONZE_OFICIAL,Ano_2024_AD.xlsx,application/vnd.openxmlformats-officedocument.spreadsheetml.sheet,xlsx,230001,2026-03-08T23:25:40.161Z,2026-03-04T22:28:42Z,OUTRO,PLANILHA,DESCONHECIDO,NAO,
1gsR4FhXba8PsRoagOngSD4Q8ctpBDOcD,01A_BRONZE_OFICIAL,anual2007.xls,application/vnd.ms-excel,xls,762880,2026-03-08T23:23:16.169Z,2026-03-04T22:26:36Z,OUTRO,PLANILHA,DESCONHECIDO,NAO,
1rT7uSt4SO5UZKFTaOzzqVqBzexWKuZgQ,01A_BRONZE_OFICIAL,anual2008.xls,application/vnd.ms-excel,xls,803328,2026-03-08T23:22:20.402Z,2026-03-04T22:26:42Z,OUTRO,PLANILHA,DESCONHECIDO,NAO,
1_iwYI_dVyJH7TX4-ySgpbGQgOzoeVQv1,01A_BRONZE_OFICIAL,ZEPEC_AUE_INDIC.shp,application/octet-stream,shp,4420,2026-03-08T23:28:49.447Z,2026-03-04T20:36:20Z,GEO,GEO_SHP,DESCONHECIDO,NAO,
1_s9k4gOGJH2lUdlkKulf3mBlasnufsLM,01A_BRONZE_OFICIAL,Aprova Digital_dezembro2020.xlsx,application/vnd.openxmlformats-officedocument.spreadsheetml.sheet,xlsx,8601,2026-03-08T23:21:14.900Z,2026-03-04T22:28:56Z,OUTRO,PLANILHA,DESCONHECIDO,NAO,
11iozrm0sxzv8iVUZIzFT46IQxP3xT1Jx,01A_BRONZE_OFICIAL,Ano_2023_SISSEL.xls,application/vnd.ms-excel,xls,986624,2026-03-08T23:21:14.985Z,2026-03-04T22:27:46Z,OUTRO,PLANILHA,DESCONHECIDO,NAO,
1wJoTOXkJoeWhp_OP8S-IAATEHzX4k1Mk,01A_BRONZE_OFICIAL,2014 - anual.xls,application/vnd.ms-excel,xls,965632,2026-03-08T23:19:50.244Z,2026-03-04T22:27:08Z,OUTRO,PLANILHA,DESCONHECIDO,NAO,
1r_XODY-YBOnVhITNkcIq09iahTYgVlny,01A_BRONZE_OFICIAL,ZEPEC_BIR.dbf,application/octet-stream,dbf,64598,2026-03-08T23:26:36.971Z,2026-03-04T20:36:20Z,GEO,GEO_SHP,DESCONHECIDO,NAO,
1bXboVpE7jzGx_EzmFGT7E0qICNgu11bh,01A_BRONZE_OFICIAL,ARQUIP _ DOSP - 148669538 - Decreto.pdf,application/pdf,pdf,152459,2026-03-08T23:21:10.475Z,2026-03-04T21:50:34Z,JURIDICO,DECRETO,OFICIAL,NAO,
1KRSuOBsrAOfM31m6xF3OtCxGH8oocC6g,01A_BRONZE_OFICIAL,ZEPEC_BIR.shp,application/octet-stream,shp,855548,2026-03-08T23:25:49.917Z,2026-03-04T20:36:20Z,GEO,GEO_SHP,DESCONHECIDO,NAO,
1Tg5eFlNfjPC64DEZBNUoOu7dehfo5_f2,01A_BRONZE_OFICIAL,ZEPEC_APC.shp,application/octet-stream,shp,8748,2026-03-08T23:24:24.762Z,2026-03-04T20:36:20Z,GEO,GEO_SHP,DESCONHECIDO,NAO,
1jv0aD7Q-kB7dExI_H4MQ7X6B9E6_7kEk,01A_BRONZE_OFICIAL,OUAguaBranca31dez18_EstoqueAnaliseOutorga.pdf,application/pdf,pdf,18692,2026-03-08T23:19:23.788Z,2026-03-04T21:48:52Z,TDC,AUDITORIA,NOSSO,NAO,
1c8ydR5fCQPgONdvttxb2C9ZPLIJfOH8j,01A_BRONZE_OFICIAL,SIMULADOR_QA_atualizado_lei_18081_24_v4.xls,application/vnd.ms-excel,xls,142848,2026-03-08T23:26:45.071Z,2026-03-04T19:47:07Z,JURIDICO,PLANILHA,OFICIAL,NAO,
1vcBqd0oYyfeI55etX__WSZ2Sxipe4oG1,01A_BRONZE_OFICIAL,ARQUIP _ DOSP - 149729786 - Portaria.pdf,application/pdf,pdf,156553,2026-03-08T23:18:19.911Z,2026-03-04T21:50:51Z,JURIDICO,PORTARIA,OFICIAL,NAO,
1rio_-Dlp2a5dIGjAXkzBRVN12v9FP6wK,01A_BRONZE_OFICIAL,ZEPEC_AUE.shx,application/octet-stream,shx,6028,2026-03-08T23:22:22.554Z,2026-03-04T20:36:20Z,GEO,GEO_SHP,DESCONHECIDO,NAO,
15oxFuMqa_0Q6J42L7-GYe01vBYogol7z,01A_BRONZE_OFICIAL,OUAguaBranca31dez18_EstoqueGeralOutorga.pdf,application/pdf,pdf,18813,2026-03-08T23:17:25.805Z,2026-03-04T21:49:05Z,TDC,PDF,DESCONHECIDO,NAO,
1G6UcyPT6Jzt3eczfuA5aOIyOXYFa4xBa,01A_BRONZE_OFICIAL,ZEPEC_APP-BIR.dbf,application/octet-stream,dbf,821,2026-03-08T23:19:31.170Z,2026-03-04T20:36:20Z,GEO,GEO_SHP,DESCONHECIDO,NAO,
19TnhsoEbv5lZ00cLImoJJxJd-v6EdjJU,01A_BRONZE_OFICIAL,Cnae_X_Item_Lista_Servicos.pdf,application/pdf,pdf,217983,2026-03-08T23:23:12.600Z,2026-03-04T19:24:10Z,OUTRO,PDF,DESCONHECIDO,NAO,
19b86azMux5q9s9yGAW4w2aKPwrVQA6WC,01A_BRONZE_OFICIAL,ZEPEC_APC.dbf,application/octet-stream,dbf,86,2026-03-08T23:18:17.474Z,2026-03-04T20:36:20Z,GEO,GEO_SHP,DESCONHECIDO,NAO,
1-jThMeFTzIKB7vdVgT1D9OwNmoMZKabw,01A_BRONZE_OFICIAL,PDE_2014_BASE.pdf,application/pdf,pdf,75032,2026-03-08T23:38:42.149Z,2026-03-04T15:19:02Z,OUTRO,PDF,NOSSO,NAO,
1Nw8nkTBIAFHn1xSNUT4KM6mJ2CJ98CtZ,01A_BRONZE_OFICIAL,ZEPEC_APP.shx,application/octet-stream,shx,796,2026-03-08T23:17:55.572Z,2026-03-04T20:36:20Z,GEO,GEO_SHP,DESCONHECIDO,NAO,
1B_WZz_0-SQM_ZCVxMyS1jtUZGUtcgtAr,01A_BRONZE_OFICIAL,ZEPEC_AUE.dbf,application/octet-stream,dbf,15626,2026-03-08T23:17:52.724Z,2026-03-04T20:36:20Z,GEO,GEO_SHP,DESCONHECIDO,NAO,
1ny5AjZ6lQ49pwWbCDIuNKBhRXBj26kie,01A_BRONZE_OFICIAL,ZEPEC_BIR_INDIC.shp,application/octet-stream,shp,358660,2026-03-08T23:17:51.370Z,2026-03-04T20:36:20Z,GEO,GEO_SHP,DESCONHECIDO,NAO,
1TbC8U_QUlYBj32DS6H0bRRv3RsMEejqJ,01A_BRONZE_OFICIAL,ZEPEC_BIR_INDIC.shx,application/octet-stream,shx,5708,2026-03-08T23:17:25.007Z,2026-03-04T20:36:20Z,GEO,GEO_SHP,DESCONHECIDO,NAO,
1yUz5NJ9U_QA48zARByWyJu6SL0kzuK68,01A_BRONZE_OFICIAL,Mapa_1___Perimetros_das_Zonas_exceto_ZEPEC (1).pdf,application/pdf,pdf,93526940,2026-03-08T23:37:52.310Z,2026-03-04T15:11:59Z,GEO,PDF,DESCONHECIDO,NAO,
1mB6MiwEf5hgZt24ImIOKpoWp7slnrCL_,01A_BRONZE_OFICIAL,LEI Nº 17.202 DE 16 DE OUTUBRO DE 2019 « Catálogo de Legislação Municipal (1).pdf,application/pdf,pdf,218165,2026-03-08T23:37:50.204Z,2026-03-04T15:10:11Z,JURIDICO,LEI,OFICIAL,NAO,
1IXqGFxrlduxaz0anMXMEYy32WDGA3rls,01A_BRONZE_OFICIAL,LEI Nº 16.642 DE 9 DE MAIO DE 2017 « Catálogo de Legislação Municipal.pdf,application/pdf,pdf,458727,2026-03-08T23:20:15.927Z,2026-03-04T19:26:54Z,JURIDICO,LEI,OFICIAL,NAO,
1fjEgaqLXrejB4fkkDV8qS2-U3SsnDy7l,01A_BRONZE_OFICIAL,PORTARIA SECRETARIA MUNICIPAL DE URBANISMO E LICENCIAMENTO - SMUL Nº 8 DE 30 DE JANEIRO DE 2025 « Catálogo de Legislação Municipal (1).pdf,application/pdf,pdf,103395,2026-03-08T23:36:21.469Z,2026-03-04T15:10:54Z,JURIDICO,PORTARIA,OFICIAL,NAO,
18Bom85V94g_7SsFwTUw1dHwkaD1AaE2o,01A_BRONZE_OFICIAL,LEI Nº 16.642 DE 9 DE MAIO DE 2017 « Catálogo de Legislação Municipal (2).pdf,application/pdf,pdf,458681,2026-03-08T23:25:57.238Z,2026-03-04T15:10:10Z,JURIDICO,LEI,OFICIAL,NAO,
1lv_hDddgvRPm6HRa3Ty78_oNxdVpFWht,01A_BRONZE_OFICIAL,LEI Nº 17.733 DE 11 DE JANEIRO DE 2022 « Catálogo de Legislação Municipal (1).pdf,application/pdf,pdf,155285,2026-03-08T23:23:58.686Z,2026-03-04T15:10:11Z,JURIDICO,LEI,OFICIAL,NAO,
1dyPSccFNXyG9XIlRM5iFtb7nfEn4G7jh,01A_BRONZE_OFICIAL,sissel_ANO_2024 (2).xlsx,application/vnd.openxmlformats-officedocument.spreadsheetml.sheet,xlsx,553309,2026-03-08T22:55:21.015Z,2026-03-04T22:27:52Z,OUTRO,PLANILHA,DESCONHECIDO,NAO,
1Kaz5w2Mj7A6rH0fnvdS0xqvqg3j9lk9o,01A_BRONZE_OFICIAL,GatewayPDF (2).pdf,application/pdf,pdf,31807,2026-03-08T22:53:35.985Z,2026-03-04T22:43:02Z,OUTRO,PDF,DESCONHECIDO,NAO,
1V3fKcNzTB2diMfJ5byX2X3ngTViveOb5,01A_BRONZE_OFICIAL,GatewayCertificaPDF (1) (2).pdf,application/pdf,pdf,34772,2026-03-08T22:53:25.074Z,2026-03-04T22:42:53Z,OUTRO,PDF,DESCONHECIDO,NAO,
1tU0Iyf0pFLlRDBpdrJh68l0hYLKl9NJ2,01A_BRONZE_OFICIAL,anual_2016 (3).xls,application/vnd.ms-excel,xls,2331136,2026-03-08T22:54:09.283Z,2026-03-04T22:25:17Z,OUTRO,PLANILHA,DESCONHECIDO,NAO,
1u4d_8TGJskvaHwKTv4jXlHRn_8W1-yb_,01A_BRONZE_OFICIAL,anual2004 (2).xls,application/vnd.ms-excel,xls,1029120,2026-03-08T22:54:00.080Z,2026-03-04T22:26:23Z,OUTRO,PLANILHA,DESCONHECIDO,NAO,
1Jurj8JyUwnO3L1sy32n1Kpx-bMFtK23n,01A_BRONZE_OFICIAL,2022 (4) (1)(1) (2).xlsx,application/vnd.openxmlformats-officedocument.spreadsheetml.sheet,xlsx,121472,2026-03-08T22:53:41.140Z,2026-03-04T22:28:22Z,OUTRO,PLANILHA,DESCONHECIDO,NAO,
1lL6fEa7Qy0tqYRsUPKe03KbudBd5s1HR,01A_BRONZE_OFICIAL,Anual_2018 (2).xls,application/vnd.ms-excel,xls,1748480,2026-03-08T22:53:25.730Z,2026-03-04T22:27:24Z,OUTRO,PLANILHA,DESCONHECIDO,NAO,
17m7fpJrsRHSqoLMCjRQS9FVawmcy-ww3,01A_BRONZE_OFICIAL,anual_2001 (2).xls,application/vnd.ms-excel,xls,1783296,2026-03-08T22:53:27.071Z,2026-03-04T22:26:10Z,OUTRO,PLANILHA,DESCONHECIDO,NAO,
1dS_njKt16oHSLdtOekqrbNqwb2UDzPfv,01A_BRONZE_OFICIAL,anual2006 (2).xls,application/vnd.ms-excel,xls,844800,2026-03-08T22:53:12.953Z,2026-03-04T22:26:32Z,OUTRO,PLANILHA,DESCONHECIDO,NAO,
1ssIdNqBz6F3UAQbk6pa_YEfOLEBzf4DH,01A_BRONZE_OFICIAL,OUAguaBranca31dez18_EstoqueConsumidoOutorga (1).pdf,application/pdf,pdf,67425,2026-03-08T22:53:27.947Z,2026-03-04T21:48:28Z,TDC,PDF,DESCONHECIDO,NAO,
1R2XNmGxEaE8-wE_Auuk7Q7WGt77Zgaky,01A_BRONZE_OFICIAL,anual2006.xls,application/vnd.ms-excel,xls,844800,2026-03-08T22:50:30.411Z,2026-03-04T22:26:32Z,OUTRO,PLANILHA,DESCONHECIDO,NAO,
1Bzhg7qdwn_MotQbe9xRebNMym7OAZ2-y,01A_BRONZE_OFICIAL,LPUOS_2024_REVISAO.pdf,application/pdf,pdf,5152,2026-03-08T23:17:51.627Z,2026-03-04T15:19:05Z,OUTRO,PDF,DESCONHECIDO,NAO,
1ie0F2FAQfQE1B7I3b_bkBJiNjdlC8mLh,01A_BRONZE_OFICIAL,anual2009.xls,application/vnd.ms-excel,xls,756224,2026-03-08T22:49:15.812Z,2026-03-04T22:26:46Z,OUTRO,PLANILHA,DESCONHECIDO,NAO,
1NwC4qWXcuP1waxLUwBi_PWUxaR7IS3_l,01A_BRONZE_OFICIAL,GatewayCertificaPDF (2).pdf,application/pdf,pdf,40211,2026-03-08T22:47:44.782Z,2026-03-04T22:43:11Z,OUTRO,PDF,DESCONHECIDO,NAO,
1wnthkNIlRCpoIKbw0uxoqjWnxWRLf5Fa,01A_BRONZE_OFICIAL,SIRGAS_SHP_restricaomirantesantana_polygon (2).shx,application/octet-stream,shx,108,2026-03-08T22:54:10.355Z,2026-03-04T20:55:45Z,GEO,GEO_SHP,OFICIAL,NAO,
1e2STq5ymj5VYn1h_2wX4SPOoEvoCmPFm,01A_BRONZE_OFICIAL,ZEPEC_BIR (2).shp,application/octet-stream,shp,855548,2026-03-08T22:54:00.035Z,2026-03-04T20:36:20Z,GEO,GEO_SHP,DESCONHECIDO,NAO,
1ibnK7XXNouGbXNzk1FLqlO42PQL4Fp8r,01A_BRONZE_OFICIAL,ZEPEC_APP-BIR (2).shp,application/octet-stream,shp,74568,2026-03-08T22:53:56.208Z,2026-03-04T20:36:20Z,GEO,GEO_SHP,DESCONHECIDO,NAO,
1k4bKHgqQHW2JhNC2fzc8TQ3ishVSsTZF,01A_BRONZE_OFICIAL,anual2010.xls,application/vnd.ms-excel,xls,790016,2026-03-08T22:46:18.624Z,2026-03-04T22:26:50Z,OUTRO,PLANILHA,DESCONHECIDO,NAO,
1CTPewuBaVGrgAfCihtz2wWjjt2N8D5Vv,01A_BRONZE_OFICIAL,ZEPEC_BIR_INDIC (2).shx,application/octet-stream,shx,5708,2026-03-08T22:53:13.026Z,2026-03-04T20:36:20Z,GEO,GEO_SHP,DESCONHECIDO,NAO,
11NNLijwSbFmaupOVFsf5chfMCAQm38HA,01A_BRONZE_OFICIAL,sissel_ANO_2025_12.xls,application/vnd.ms-excel,xls,826368,2026-03-08T22:45:31.290Z,2026-03-04T22:27:55Z,OUTRO,PLANILHA,DESCONHECIDO,NAO,
1jT_519-Ke0J5gdw_r-G42sfRley8Ab5-,01A_BRONZE_OFICIAL,ZEPEC_APP-BIR.shx,application/octet-stream,shx,388,2026-03-08T22:52:18.617Z,2026-03-04T20:36:20Z,GEO,GEO_SHP,DESCONHECIDO,NAO,
159a2_zIFwiFkpTkLFwaZKbxG2cTo740E,01A_BRONZE_OFICIAL,SIRGAS_SHP_restricaomirantesantana_polygon.dbf,application/octet-stream,dbf,965,2026-03-08T22:50:34.977Z,2026-03-04T20:55:45Z,GEO,GEO_SHP,OFICIAL,NAO,
19mRPVuKCp6hQubhn8MuJiyHP1tXG_Pph,01A_BRONZE_OFICIAL,ARQUIP _ DOSP - 105163385 - Decreto.pdf,application/pdf,pdf,371553,2026-03-08T22:47:17.116Z,2026-03-04T21:19:20Z,JURIDICO,DECRETO,OFICIAL,NAO,
1wGUajTswGBQHyRVrpLiYlCjBhFO4xt3c,01A_BRONZE_OFICIAL,Anexo_2024-06501-00 (2).pdf,application/pdf,pdf,951586,2026-03-08T22:53:14.006Z,2026-03-04T19:46:28Z,OUTRO,PDF,DESCONHECIDO,NAO,
1E0h8lz52asL53iZQF_1XQQNnp5thvdwQ,01A_BRONZE_OFICIAL,GatewayCertificaPDF (1).pdf,application/pdf,pdf,34772,2026-03-08T22:41:13.519Z,2026-03-04T22:42:53Z,OUTRO,PDF,DESCONHECIDO,NAO,
14XYInRkb8rKt02547ZaOQHrC5f3GxMCP,01A_BRONZE_OFICIAL,OUAguaBrancaFinanceiroOutorgaMar24_Publicacao.pdf,application/pdf,pdf,253820,2026-03-08T22:44:38.445Z,2026-03-04T21:50:00Z,TDC,PDF,DESCONHECIDO,NAO,
1ImTnYKM6xEEPjaT_ViQKSgWGg11UhtmH,01A_BRONZE_OFICIAL,ANUAL - 2022.xlsx,application/vnd.openxmlformats-officedocument.spreadsheetml.sheet,xlsx,614006,2026-03-08T22:42:07.172Z,2026-03-04T22:27:41Z,OUTRO,PLANILHA,DESCONHECIDO,NAO,
1oxIbhPJJNTfh4wxoDzPF6MxWD11-Eztd,01A_BRONZE_OFICIAL,ZEPEC_APC.shx,application/octet-stream,shx,108,2026-03-08T22:49:13.569Z,2026-03-04T20:36:20Z,GEO,GEO_SHP,DESCONHECIDO,NAO,
1tXM02KwZYC4jlga1JC63UbHDMbqrWs8S,01A_BRONZE_OFICIAL,OUAguaBranca31dez18_EstoqueConsumidoOutorga.pdf,application/pdf,pdf,67425,2026-03-08T22:44:12.569Z,2026-03-04T21:48:28Z,TDC,PDF,DESCONHECIDO,NAO,
1SO0aM4ki5WtTzR0UM5my2zgmujBiJYnK,01A_BRONZE_OFICIAL,ZEPEC_AUE_INDIC.dbf,application/octet-stream,dbf,273,2026-03-08T22:46:29.168Z,2026-03-04T20:36:20Z,GEO,GEO_SHP,DESCONHECIDO,NAO,
1W1G_ybP5vcuAqlxe98hE30Xjv4Hgk6lm,01A_BRONZE_OFICIAL,ZEPEC_BIR_INDIC.dbf,application/octet-stream,dbf,18291,2026-03-08T22:46:25.449Z,2026-03-04T20:36:20Z,GEO,GEO_SHP,DESCONHECIDO,NAO,
1mBPqfbLYzYueMgxQQ8VpivkiqR03sZlp,01A_BRONZE_OFICIAL,GatewayPDF.pdf,application/pdf,pdf,31807,2026-03-08T22:38:08.341Z,2026-03-04T22:43:02Z,OUTRO,PDF,DESCONHECIDO,NAO,
1P2m90prVxCwShVRt_lInhoYXnftwWmBR,01A_BRONZE_OFICIAL,sissel_ano_2026_01.xls,application/vnd.ms-excel,xls,75776,2026-03-08T22:37:45.562Z,2026-03-04T22:27:59Z,OUTRO,PLANILHA,DESCONHECIDO,NAO,
12BPQH7tUaFxUbNlvLfi0qcgxjj_BJF2d,01A_BRONZE_OFICIAL,SIRGAS_SHP_restricaomirantesantana_polygon.shp,application/octet-stream,shp,4156,2026-03-08T22:43:14.915Z,2026-03-04T20:55:45Z,GEO,GEO_SHP,OFICIAL,NAO,
1KoDEinPq2nYzUxPf4-tAFiQfzrg8vjCR,01A_BRONZE_OFICIAL,SIRGAS_SHP_quadraMDSF.shx,application/octet-stream,shx,512788,2026-03-08T23:30:50.695Z,2026-03-04T08:35:08Z,GEO,GEO_SHP,OFICIAL,NAO,
1MsTCnPgKzj2bajT_u3mG1kCW_nx8kWNg,01A_BRONZE_OFICIAL,ZEPEC_APP-BIR.shp,application/octet-stream,shp,74568,2026-03-08T22:40:18.244Z,2026-03-04T20:36:20Z,GEO,GEO_SHP,DESCONHECIDO,NAO,
1YfYQvYgnjgqDQXC4DpDGGGtNHyByElDw,01A_BRONZE_OFICIAL,ZEPEC_BIR.shx,application/octet-stream,shx,24684,2026-03-08T22:40:07.123Z,2026-03-04T20:36:20Z,GEO,GEO_SHP,DESCONHECIDO,NAO,
11VJVN9jgv-uzKsB2ZSAZjvW2Vz2KJZop,01A_BRONZE_OFICIAL,ZEPEC_APP.dbf,application/octet-stream,dbf,1892,2026-03-08T22:39:54.323Z,2026-03-04T20:36:20Z,GEO,GEO_SHP,DESCONHECIDO,NAO,
1RhXSc3g8rGHjjDUmPuOxkj5VWm0pnSjJ,01A_BRONZE_OFICIAL,ZEPEC_APP.shp,application/octet-stream,shp,114980,2026-03-08T22:37:27.118Z,2026-03-04T20:36:20Z,GEO,GEO_SHP,DESCONHECIDO,NAO,
1KBnn3WxHPRN3h0exAwO6jBBksyBIkiUo,01A_BRONZE_OFICIAL,Anexo_2024-06501-00.pdf,application/pdf,pdf,951586,2026-03-08T22:39:43.972Z,2026-03-04T19:46:28Z,OUTRO,PDF,DESCONHECIDO,NAO,
14590K14bHIehaqj5TXeTFMb1KrxsIblS,01A_BRONZE_OFICIAL,ZEPEC_AUE_INDIC.shx,application/octet-stream,shx,164,2026-03-08T22:36:14.674Z,2026-03-04T20:36:20Z,GEO,GEO_SHP,DESCONHECIDO,NAO,
1UofdD_vYwnzEePUgqBzT1AShCVXszR_h,01A_BRONZE_OFICIAL,PDE_2014_BASE (1).pdf,application/pdf,pdf,75032,2026-03-08T22:56:28.178Z,2026-03-04T15:19:02Z,OUTRO,PDF,NOSSO,NAO,
1sKhEdEgS_ZPl5jNgCrqs4pBgDOCrPGRZ,01A_BRONZE_OFICIAL,PDE_2014_BASE (2).pdf,application/pdf,pdf,75032,2026-03-08T22:53:43.222Z,2026-03-04T15:19:02Z,OUTRO,PDF,NOSSO,NAO,
1QgUB13VfleE-6RMhWUuR9P_-99w9Vh9D,01A_BRONZE_OFICIAL,LPUOS_2024_REVISAO (2).pdf,application/pdf,pdf,5152,2026-03-08T22:53:15.470Z,2026-03-04T15:19:05Z,OUTRO,PDF,DESCONHECIDO,NAO,
13j5PvntrBiue6v3L6SeytTjpWxaQ9raq,01A_BRONZE_OFICIAL,LPUOS_2016_BASE (1).pdf,application/pdf,pdf,75056,2026-03-08T22:47:40.235Z,2026-03-04T15:19:04Z,OUTRO,PDF,NOSSO,NAO,
1KCvwe3Myrwl2owy6eNOry3_TaWZ1iIAI,01A_BRONZE_OFICIAL,guias_de_itbi_pagas_2006 (2).xlsx,application/vnd.openxmlformats-officedocument.spreadsheetml.sheet,xlsx,21872540,2026-03-08T22:53:44.726Z,2026-03-04T12:59:29Z,OUTRO,PLANILHA,DESCONHECIDO,NAO,
1YWVVn5NGpj91SXaUmyWNEd5S1vAAWDQl,01A_BRONZE_OFICIAL,LEI Nº 17.975 DE 8 DE JULHO DE 2023 « Catálogo de Legislação Municipal (1).pdf,application/pdf,pdf,688010,2026-03-08T22:45:14.120Z,2026-03-04T15:10:12Z,JURIDICO,LEI,OFICIAL,NAO,
1TouPrf-E2QUqDNdkwnpytmOjnrCjaY5h,01A_BRONZE_OFICIAL,guias_de_itbi_pagas_2016 (2).xlsx,application/vnd.openxmlformats-officedocument.spreadsheetml.sheet,xlsx,15090479,2026-03-08T22:53:26.268Z,2026-03-04T12:58:38Z,OUTRO,PLANILHA,DESCONHECIDO,NAO,
1Ut7nlbfaNzaSjw05v1BIN6Nj9edfEt58,01A_BRONZE_OFICIAL,GUIAS-DE-ITBI-PAGAS-2023 (2).xlsx,application/vnd.openxmlformats-officedocument.spreadsheetml.sheet,xlsx,35347867,2026-03-08T22:53:28.575Z,2026-03-04T12:56:27Z,OUTRO,PLANILHA,DESCONHECIDO,NAO,
1nqDz7y7v5e2FG0j96A7apHSduBYM0iKk,01A_BRONZE_OFICIAL,LPUOS_2016_BASE.pdf,application/pdf,pdf,75056,2026-03-08T22:37:36.607Z,2026-03-04T15:19:04Z,OUTRO,PDF,NOSSO,NAO,
165OAxGyJODNTSNKCEG9zSin0IC2UK9Pt,01A_BRONZE_OFICIAL,LEI Nº 18.081 DE 19 DE JANEIRO DE 2024 « Catálogo de Legislação Municipal (2).pdf,application/pdf,pdf,675294,2026-03-08T22:37:16.064Z,2026-03-04T15:10:12Z,JURIDICO,LEI,OFICIAL,NAO,
1u8iiWECV6BIyWjrR7-jvG3C8dz4Nem_I,01A_BRONZE_OFICIAL,5-QUADRO_3_FINAL.docx,application/vnd.openxmlformats-officedocument.wordprocessingml.document,docx,45731,2026-03-08T23:37:50.875Z,2026-03-03T22:52:04Z,OUTRO,DOC_GOOGLE,DESCONHECIDO,NAO,
1-MmjwRFRZR6xh5ohN266wy8r9gOjVY1h,01A_BRONZE_OFICIAL,4-QUADRO_2B_FINAL.docx,application/vnd.openxmlformats-officedocument.wordprocessingml.document,docx,37542,2026-03-08T23:36:31.194Z,2026-03-03T22:50:15Z,OUTRO,DOC_GOOGLE,DESCONHECIDO,NAO,
1G9WZJdBxsBiHCnu2NpRH9UBbt4OJD_Nq,01A_BRONZE_OFICIAL,3-QUADRO_2A_FINAL.docx,application/vnd.openxmlformats-officedocument.wordprocessingml.document,docx,30115,2026-03-08T23:30:56.147Z,2026-03-03T22:50:06Z,OUTRO,DOC_GOOGLE,DESCONHECIDO,NAO,
16UWlzlED0qa9cbY1cw8N36j9ASzupKZp,01A_BRONZE_OFICIAL,Quadro 6 – Obras de drenagem urbana previstas.pdf,application/pdf,pdf,454902,2026-03-08T23:23:34.237Z,2026-03-03T22:51:48Z,OUTRO,PDF,DESCONHECIDO,NAO,
1sUHrpOSN4FqVq9_jcOMq54nMMkCuN7VJ,01A_BRONZE_OFICIAL,12-QUADRO_5_FINAL.doc,application/msword,doc,75776,2026-03-08T23:21:03.945Z,2026-03-03T22:50:10Z,OUTRO,OUTRO,DESCONHECIDO,NAO,
1ToHKsR0qKAbQQffyGb3O3PjTf1EAVmCb,01A_BRONZE_OFICIAL,1-QUADRO_1_FINAL.docx,application/vnd.openxmlformats-officedocument.wordprocessingml.document,docx,95223,2026-03-08T23:18:34.021Z,2026-03-03T22:50:25Z,OUTRO,DOC_GOOGLE,DESCONHECIDO,NAO,
1q60olV5bsFz45AXVcAVJv_zPPKCqn2vR,01A_BRONZE_OFICIAL,L10257.pdf,application/pdf,pdf,471164,2026-03-08T23:19:24.552Z,2026-03-03T22:10:39Z,OUTRO,PDF,DESCONHECIDO,NAO,
1eaLAS8sJMIaQd85-fSUWWGr_suIKnnsw,01A_BRONZE_OFICIAL,7-QUADRO_3B_FINAL.doc,application/msword,doc,86016,2026-03-08T22:56:39.576Z,2026-03-03T22:50:47Z,OUTRO,OUTRO,DESCONHECIDO,NAO,
1m0oWkDomThhgwHiW77fh9FN34U6XQBdh,01A_BRONZE_OFICIAL,8-QUADRO_3C_FINAL.doc,application/msword,doc,83456,2026-03-08T22:55:07.381Z,2026-03-03T22:50:56Z,OUTRO,OUTRO,DESCONHECIDO,NAO,
1xw13SHEMy_5K_HDvfrGjHDYZR-nQhQW7,01A_BRONZE_OFICIAL,2-QUADRO_2_FINAL.docx,application/vnd.openxmlformats-officedocument.wordprocessingml.document,docx,21750,2026-03-08T22:51:19.610Z,2026-03-03T22:50:30Z,OUTRO,DOC_GOOGLE,DESCONHECIDO,NAO,
1QgXcUwCvl0wgoIPaACbO9T5mmPSfEWc3,01A_BRONZE_OFICIAL,L10257 (3).pdf,application/pdf,pdf,471164,2026-03-08T22:53:35.282Z,2026-03-03T22:10:39Z,OUTRO,PDF,DESCONHECIDO,NAO,
1-C5lh1LFefCiJ_3R5imSRyUntmGb2izj,01A_BRONZE_OFICIAL,3-QUADRO_2A_FINAL (1).docx,application/vnd.openxmlformats-officedocument.wordprocessingml.document,docx,30115,2026-03-08T22:48:55.521Z,2026-03-03T22:50:06Z,OUTRO,DOC_GOOGLE,DESCONHECIDO,NAO,
1RXqM4Tbe7aKLsUtO6VcaB8vWh-V27Vrk,01A_BRONZE_OFICIAL,9-QUADRO_4_FINAL (1).doc,application/msword,doc,798720,2026-03-08T22:47:09.010Z,2026-03-03T22:52:29Z,OUTRO,OUTRO,DESCONHECIDO,NAO,
13jFZ2yEGdjNqugWi2zqA6BSeJLfy_v2g,01A_BRONZE_OFICIAL,7-QUADRO_3B_FINAL (1).doc,application/msword,doc,86016,2026-03-08T22:45:31.314Z,2026-03-03T22:50:47Z,OUTRO,OUTRO,DESCONHECIDO,NAO,
1_O7Xu40H6E5kiLMEwTOZj9f_kq3LV5Hn,01A_BRONZE_OFICIAL,11-QUADRO_4B_FINAL.docx,application/vnd.openxmlformats-officedocument.wordprocessingml.document,docx,30800,2026-03-08T22:44:01.191Z,2026-03-03T22:51:01Z,OUTRO,DOC_GOOGLE,DESCONHECIDO,NAO,
1bs_IndFl9SCOJyglqWByCtXBNKAAWUVz,01A_BRONZE_OFICIAL,6-QUADRO_3A_FINAL.docx,application/vnd.openxmlformats-officedocument.wordprocessingml.document,docx,43020,2026-03-08T22:43:54.007Z,2026-03-03T22:50:21Z,OUTRO,DOC_GOOGLE,DESCONHECIDO,NAO,
1ou5mcFQMna0qOfhlA1PRcap1yqPqpVfe,01A_BRONZE_OFICIAL,10-QUADRO_4A_FINAL.docx,application/vnd.openxmlformats-officedocument.wordprocessingml.document,docx,51361,2026-03-08T22:41:52.134Z,2026-03-03T22:52:34Z,OUTRO,DOC_GOOGLE,DESCONHECIDO,NAO,
1C-1BXZM1n4xxPoZfbSG8LEq6Bv6hUsEr,01A_BRONZE_OFICIAL,9-QUADRO_4_FINAL.doc,application/msword,doc,798720,2026-03-08T22:37:46.094Z,2026-03-03T22:52:29Z,OUTRO,OUTRO,DESCONHECIDO,NAO,
18s4LEvyh5zKqlxFZYAhpqPypOKa1d0GQ,01A_BRONZE_OFICIAL,INSTRUÇÃO NORMATIVA SECRETARIA MUNICIPAL DE URBANISMO E LICENCIAMENTO - SMUL Nº 1 DE 16 DE OUTUBRO DE 2024 « Catálogo de Legislação Municipal.csv,text/csv,csv,536,2026-03-08T23:38:27.579Z,2026-03-02T04:12:06Z,GOVERNANCA,TABELA_DADO,DESCONHECIDO,NAO,
18yKC-ERn_lyfWvzQEuQLv_Hm8oFffJV0,01A_BRONZE_OFICIAL,PDE2013_SUBST2_Quadro_9_viario-estrutural.csv,text/csv,csv,77886,2026-03-08T23:38:11.837Z,2026-03-02T04:14:02Z,OUTRO,TABELA_DADO,DESCONHECIDO,NAO,
10lkHLFUCMSzmSBq21yhABxStPUBX5O46,01A_BRONZE_OFICIAL,fila_tdc_5porcento_fundurb_dez_2025-pdf.csv,text/csv,csv,3655,2026-03-08T23:36:43.111Z,2026-03-02T04:15:34Z,TDC,TABELA_DADO,DESCONHECIDO,NAO,
1mgxKq0DRv5Hn3NV003S9ARkIRcMo2ypg,01A_BRONZE_OFICIAL,fila_tdc_5porcento_fundurb_dez_2025-pdf.pdf,application/pdf,pdf,260270,2026-03-08T23:37:36.884Z,2026-03-02T03:15:20Z,TDC,PDF,DESCONHECIDO,NAO,
16iXLHTJusPt6bKa0iY-LgMIvShGiVkJn,01A_BRONZE_OFICIAL,PRONUNCIAMENTO SMUL.ATECC.CTLU_001_2024 - Secretaria Municipal de Urbanismo e Licenciamento - Prefeitura.csv,text/csv,csv,2734,2026-03-08T23:33:03.046Z,2026-03-02T04:14:16Z,OUTRO,TABELA_DADO,OFICIAL,NAO,
1mHPBBdwLAqzCNggWqWYdnfOeLVlK_Jyf,01A_BRONZE_OFICIAL,PDE2013_SUBST2_Quadro_10_Equipamentos.csv,text/csv,csv,40321,2026-03-08T23:32:19.390Z,2026-03-02T04:12:34Z,OUTRO,TABELA_DADO,DESCONHECIDO,NAO,
1lf41p4HSvFAYG5QcPl1lS9FtwMzHN8F3,01A_BRONZE_OFICIAL,PDE2013_SUBST2_Quadro_3_CA_ZEIS.csv,text/csv,csv,285,2026-03-08T23:31:33.636Z,2026-03-02T04:13:28Z,OUTRO,TABELA_DADO,DESCONHECIDO,NAO,
1xAwwzVj4Nf5HMxEP9fXuOCr_PA7o_SCX,01A_BRONZE_OFICIAL,PDE2013_SUBST2_Quadro_8_Residuos_solidos.csv,text/csv,csv,1934,2026-03-08T23:31:31.434Z,2026-03-02T04:13:56Z,OUTRO,TABELA_DADO,DESCONHECIDO,NAO,
1Ld8nGBn_vZU6cAdf0Uyk4QxkYOnWdPZU,01A_BRONZE_OFICIAL,Enquadramento de Atividade CNAE - Secretaria Municipal de Urbanismo e Licenciamento - Prefeitura.pdf,application/pdf,pdf,446996,2026-03-08T23:31:20.288Z,2026-03-02T03:16:48Z,OUTRO,PDF,OFICIAL,NAO,
1w2oKf_SyxKeDLqyWdI62OHnwin0ug20f,01A_BRONZE_OFICIAL,PDE2013_SUBST2_Quadro_7_Parques_municipais_existentes_propostos.csv,text/csv,csv,28726,2026-03-08T23:26:08.303Z,2026-03-02T04:13:50Z,OUTRO,TABELA_DADO,DESCONHECIDO,NAO,
1hBFukjtROuy9DaRLZfPtZigYahoz0ZGy,01A_BRONZE_OFICIAL,"LEI Nº 13.430 , DE 13 DE SETEMBRO DE 2002 - Secretaria Municipal de Urbanismo e Licenciamento - Prefeitura12.csv",text/csv,csv,2245,2026-03-08T23:25:49.942Z,2026-03-02T04:12:22Z,JURIDICO,LEI,OFICIAL,NAO,
1vO2JuLRbJJdZr3wkDBeiWoDefNcoWaeK,01A_BRONZE_OFICIAL,PDE2013_SUBST2_Quadro_4_percentuais_ZEIS.csv,text/csv,csv,161,2026-03-08T23:25:41.597Z,2026-03-02T04:13:35Z,OUTRO,TABELA_DADO,DESCONHECIDO,NAO,
1qiJqZfmF5IgnAMbP6uaE0J7UbaN9OkO-,01A_BRONZE_OFICIAL,PDE2013_SUBST2_Quadro_6_Fator_planejamento_Fp.csv,text/csv,csv,825,2026-03-08T23:25:02.502Z,2026-03-02T04:13:44Z,OUTRO,TABELA_DADO,DESCONHECIDO,NAO,
1D27EpiFI1GZ0Vsvg4swm8BbYLZgtc4nj,01A_BRONZE_OFICIAL,Outorga Onerosa do Direito de Construir - Secretaria Municipal de Urbanismo e Licenciamento - Prefeitura.csv,text/csv,csv,3709,2026-03-08T23:22:41.953Z,2026-03-02T04:12:28Z,TDC,TABELA_DADO,OFICIAL,NAO,
1hsJY2FpA_yTdWAFEnHv7Isjr5dIQUdg2,01A_BRONZE_OFICIAL,PDE2013_SUBST2_Quadro_5_ Fator_interesse_social_Fs.csv,text/csv,csv,1074,2026-03-08T23:22:35.135Z,2026-03-02T04:13:40Z,OUTRO,TABELA_DADO,DESCONHECIDO,NAO,
1UA2HMiSWgD1L49KjxjY0aOdHM_sI4Nc_,01A_BRONZE_OFICIAL,PRONUNCIAMENTO SMUL.ATECC.CTLU_001_2024 - Secretaria Municipal de Urbanismo e Licenciamento - Prefeitura.pdf,application/pdf,pdf,467736,2026-03-08T23:25:42.390Z,2026-03-02T03:23:41Z,OUTRO,PDF,OFICIAL,NAO,
1Q04TkrvNPgYswNDrcKrf4sayuEBqZQH9,01A_BRONZE_OFICIAL,PDE2013_SUBST2_Quadro_2_CA_Eixos.csv,text/csv,csv,1541,2026-03-08T23:22:18.892Z,2026-03-02T04:13:22Z,OUTRO,TABELA_DADO,DESCONHECIDO,NAO,
1mLDIdukkxQB6QUUxs_zXnCbTGDq2cSWX,01A_BRONZE_OFICIAL,Certidão de Uso e Ocupação do Solo - Secretaria Municipal de Urbanismo e Licenciamento - Prefeitura.csv,text/csv,csv,3070,2026-03-08T23:22:04.396Z,2026-03-02T04:11:34Z,OUTRO,TABELA_DADO,OFICIAL,NAO,
1_4nTJfCGFWaQNHfCW5n3Wl6ja32HgUzy,01A_BRONZE_OFICIAL,PDE2013_SUBST2_Quadro_1_CA_Definicoes.csv,text/csv,csv,1841,2026-03-08T23:20:19.876Z,2026-03-02T04:13:11Z,OUTRO,TABELA_DADO,DESCONHECIDO,NAO,
1OQnisFl5lGOF9LnJ3llz8FjUirOPOwtF,01A_BRONZE_OFICIAL,Transferência do Direito de Construir - Secretaria Municipal de Urbanismo e Licenciamento - Prefeitura.csv,text/csv,csv,3844,2026-03-08T23:18:49.336Z,2026-03-02T04:14:45Z,OUTRO,TABELA_DADO,OFICIAL,NAO,
13-W6cK4OtG6Cl9Op5eFyMfvIVQaOzDU9,01A_BRONZE_OFICIAL,RESOLUÇÃO SECRETARIA MUNICIPAL DE URBANISMO E LICENCIAMENTO - SMUL_CTLU Nº 4 DE 4 DE ABRIL DE 2024 « Catálogo de Legislação Municipal.csv,text/csv,csv,30,2026-03-08T23:18:34.002Z,2026-03-02T04:14:33Z,GOVERNANCA,TABELA_DADO,DESCONHECIDO,NAO,
1VsfPB54xP5W7A3bb0E1brhUdZV5MByS1,01A_BRONZE_OFICIAL,Pedido de Reconhecimento de Complexo de Saúde por Particular - Secretaria Municipal de Urbanismo e Licenciamento - Prefeitura.csv,text/csv,csv,2567,2026-03-08T23:18:03.895Z,2026-03-02T04:14:23Z,OUTRO,CODEX_DOC,OFICIAL,NAO,
1gS-fyfHEqb41sJlz8kT0OtHDoweH1Gsd,01A_BRONZE_OFICIAL,Outorga Onerosa do Direito de Construir - Secretaria Municipal de Urbanismo e Licenciamento - Prefeitura.pdf,application/pdf,pdf,500135,2026-03-08T23:17:54.954Z,2026-03-02T03:17:07Z,TDC,PDF,OFICIAL,NAO,
1s1L6D4yddrWbyzFITZa1C6OPAdfoecto,01A_BRONZE_OFICIAL,"LEI Nº 13.430 , DE 13 DE SETEMBRO DE 2002 - Secretaria Municipal de Urbanismo e Licenciamento - Prefeitura.csv",text/csv,csv,2245,2026-03-08T22:55:19.176Z,2026-03-02T04:12:14Z,JURIDICO,LEI,OFICIAL,NAO,
18dF4_-CK21jqx083lsSH7ST-I9tr9Itt,01A_BRONZE_OFICIAL,fila_tdc_5porcento_fundurb_dez_2025-pdf (1).csv,text/csv,csv,3655,2026-03-08T22:54:03.133Z,2026-03-02T04:15:34Z,TDC,TABELA_DADO,DESCONHECIDO,NAO,
1ONs9pbU_uMtpF7bp40LLSLRev5NjDHY4,01A_BRONZE_OFICIAL,Pedido de Reconhecimento de Complexo de Saúde por Particular - Secretaria Municipal de Urbanismo e Licenciamento - Prefeitura (2).csv,text/csv,csv,2567,2026-03-08T22:54:01.781Z,2026-03-02T04:14:23Z,OUTRO,CODEX_DOC,OFICIAL,NAO,
1XpjnaUiTDKRhqCDUxBBQuoi0HB5w0RrX,01A_BRONZE_OFICIAL,PDE2013_SUBST2_Quadro_8_Residuos_solidos (2).csv,text/csv,csv,1934,2026-03-08T22:53:32.593Z,2026-03-02T04:13:56Z,OUTRO,TABELA_DADO,DESCONHECIDO,NAO,
176dc0EuGoIQvXS0kd5XmUfQxn7DM1x8y,01A_BRONZE_OFICIAL,PDE2013_SUBST2_Quadro_6_Fator_planejamento_Fp (1).csv,text/csv,csv,825,2026-03-08T22:53:24.884Z,2026-03-02T04:13:44Z,OUTRO,TABELA_DADO,DESCONHECIDO,NAO,
1f5DdwPUnzhPIUE365beORBgW-OwvpzPH,01A_BRONZE_OFICIAL,"LEI Nº 13.430 , DE 13 DE SETEMBRO DE 2002 - Secretaria Municipal de Urbanismo e Licenciamento - Prefeitura (2).csv",text/csv,csv,2245,2026-03-08T22:53:27.930Z,2026-03-02T04:12:14Z,JURIDICO,LEI,OFICIAL,NAO,
1_dfaV1wLdwaR9KhJ78nk9xvHspRAZcPc,01A_BRONZE_OFICIAL,Ativação de Zonas de Estruturação (ZEUP e ZEMP) por Particular - Secretaria Municipal de Urbanismo e Licenciamento - Prefeitura (2).csv,text/csv,csv,1542,2026-03-08T22:53:30.487Z,2026-03-02T04:10:59Z,GEO,TABELA_DADO,OFICIAL,NAO,
16DonV8cfLPVPO0XbopX4v4chWOR4gsH-,01A_BRONZE_OFICIAL,Ativação de Zonas de Estruturação (ZEUP e ZEMP) por Particular - Secretaria Municipal de Urbanismo e Licenciamento - Prefeitura.csv,text/csv,csv,1542,2026-03-08T22:50:00.041Z,2026-03-02T04:10:59Z,GEO,TABELA_DADO,OFICIAL,NAO,
1k8ymcT4antbL2gZeLkcLy4zzujLFrKuZ,01A_BRONZE_OFICIAL,Declaração de Potencial Construtivo Passível de Transferência - Secretaria Municipal de Urbanismo e Licenciamento - Prefeitura.csv,text/csv,csv,2439,2026-03-08T22:46:44.496Z,2026-03-02T04:11:47Z,TDC,TABELA_DADO,OFICIAL,NAO,
1FKxqa1r1T_HKpwn5Fat7mQ6LlkthMnqK,01A_BRONZE_OFICIAL,Projeto de Intervenção Urbana apresentado por particular - Secretaria Municipal de Urbanismo e Licenciamento - Prefeitura.csv,text/csv,csv,2664,2026-03-08T22:45:05.338Z,2026-03-02T04:14:28Z,OUTRO,TABELA_DADO,OFICIAL,NAO,
1_cTtlQL71Mgaft34MiogkT_0qmAbKoXR,01A_BRONZE_OFICIAL,PDE2013_SUBST2_Quadro_2A_CA_Macroareas.csv,text/csv,csv,1880,2026-03-08T22:43:31.297Z,2026-03-02T04:13:16Z,OUTRO,TABELA_DADO,DESCONHECIDO,NAO,
1MoAKVhigYtXmajS3j3IlZs_h-WjTstDI,01A_BRONZE_OFICIAL,SIRGAS_SHP_setorfiscal.shx,application/octet-stream,shx,2596,2026-03-08T23:19:17.745Z,2026-03-01T18:19:56Z,GEO,GEO_SHP,OFICIAL,NAO,
1zjf5nn4Ml7pjzmVPe0WCCXPEfj9twLB1,01A_BRONZE_OFICIAL,ANEXOS_DO_PL_586_23___SEM_O_MAPA.csv,text/csv,csv,31825,2026-03-08T22:41:15.477Z,2026-03-02T04:10:22Z,GEO,TABELA_DADO,DESCONHECIDO,NAO,
1YgxR9MKcxSrUpeq_YIvGv39-o2ItTBsB,01A_BRONZE_OFICIAL,Enquadramento de Atividade CNAE - Secretaria Municipal de Urbanismo e Licenciamento - Prefeitura.csv,text/csv,csv,2450,2026-03-08T22:39:10.451Z,2026-03-02T04:11:56Z,OUTRO,TABELA_DADO,OFICIAL,NAO,
1TIpVlfdESi_1JrvD_eRNCtf3fpTxawn3,01A_BRONZE_OFICIAL,2014-07-31 - LEI 16050 - PLANO DIRETOR ESTRATÉGICO.csv,text/csv,csv,171,2026-03-08T22:37:21.630Z,2026-03-02T04:09:37Z,JURIDICO,LEI,OFICIAL,NAO,
1dV1YDySRP7r0_OXy9pEtMqBhe0rgx-Bh,01A_BRONZE_OFICIAL,Análise de Omissões da Legislação - Secretaria Municipal de Urbanismo e Licenciamento - Prefeitura.csv,text/csv,csv,2297,2026-03-08T22:36:22.962Z,2026-03-02T04:10:54Z,OUTRO,AUDITORIA,OFICIAL,NAO,
1adSV-9Mvb2kclr8KUwDaxIwQ6TYoAVxw,01A_BRONZE_OFICIAL,D57536.csv,text/csv,csv,689,2026-03-08T22:36:09.520Z,2026-03-02T04:11:41Z,OUTRO,TABELA_DADO,DESCONHECIDO,NAO,
1N_FvW1UP74a2eyGGfS8qvmpWRuV3lO85,01A_BRONZE_OFICIAL,SIRGAS_SHP_setorfiscal (2).dbf,application/octet-stream,dbf,14482,2026-03-08T22:54:02.064Z,2026-03-01T18:19:56Z,GEO,GEO_SHP,OFICIAL,NAO,
1dZIN2HhZVGPAdfV4DE_gQsZxzAJviIyY,01A_BRONZE_OFICIAL,SIRGAS_SHP_setorfiscal.dbf,application/octet-stream,dbf,14482,2026-03-08T22:47:35.455Z,2026-03-01T18:19:56Z,GEO,GEO_SHP,OFICIAL,NAO,
1jzduyXicAj-poXvSUsR2GpwLp6BjaEj1,01A_BRONZE_OFICIAL,SIRGAS_SHP_LOTES_43_JARDIM_ANGELA.dbf,application/octet-stream,dbf,416836,2026-03-08T22:39:26.495Z,2026-03-01T13:10:04Z,GEO,GEO_SHP,OFICIAL,NAO,
1zanZDlLni9Ruqn2bLPjZ32Qo1swDeGU-,01A_BRONZE_OFICIAL,SIRGAS_SHP_LOTES_43_JARDIM_ANGELA.shx,application/octet-stream,shx,222292,2026-03-08T22:37:40.518Z,2026-03-01T13:10:04Z,GEO,GEO_SHP,OFICIAL,NAO,
1LDTIMQa_-lEH1EyG_4bN1nTbu0Ym3JKK,01A_BRONZE_OFICIAL,PDE2013_SUBST2_Quadro_8_Residuos_solidos.pdf,application/pdf,pdf,197402,2026-03-08T23:38:20.460Z,2026-02-27T14:54:17Z,OUTRO,PDF,DESCONHECIDO,NAO,
1esM-tqTIbNUb16YDny7cz4xkxn-_AeSn,01A_BRONZE_OFICIAL,PDE2013_SUBST2_Quadro_2A_CA_Macroareas.pdf,application/pdf,pdf,268150,2026-03-08T23:25:31.824Z,2026-02-27T14:54:17Z,OUTRO,PDF,DESCONHECIDO,NAO,
13gawET6DA76LsOzTzS3xy0qEazS4iSk6,01A_BRONZE_OFICIAL,PDE2013_SUBST2_Quadro_12_perimetro_cultural_paulista_luz.pdf,application/pdf,pdf,191540,2026-03-08T23:19:51.404Z,2026-02-27T14:54:17Z,OUTRO,PDF,DESCONHECIDO,NAO,
1ocnx4GuyzJrsBkpuQxlC7Sfia9QSV4VO,01A_BRONZE_OFICIAL,PDE2013_SUBST2_Quadro_10_Equipamentos.pdf,application/pdf,pdf,432551,2026-03-08T22:56:27.564Z,2026-02-27T14:54:17Z,OUTRO,PDF,DESCONHECIDO,NAO,
1w3F4O-Ed1jvn0qmdchAFJfKd4CgmTzpM,01A_BRONZE_OFICIAL,PDE2013_SUBST2_Quadro_3_CA_ZEIS (1).pdf,application/pdf,pdf,179428,2026-03-08T22:54:00.058Z,2026-02-27T14:54:17Z,OUTRO,PDF,DESCONHECIDO,NAO,
1UQnxa9mlI2KQlzGxs-BKeA6RiydiYaCn,01A_BRONZE_OFICIAL,PDE2013_SUBST2_Quadro_5_ Fator_interesse_social_Fs (1).pdf,application/pdf,pdf,287426,2026-03-08T22:53:23.504Z,2026-02-27T14:54:17Z,OUTRO,PDF,DESCONHECIDO,NAO,
1EDPV0dKUBiqqtUaFLXqSTVMRH0vMWtMR,01A_BRONZE_OFICIAL,PDE2013_SUBST2_Quadro_4_percentuais_ZEIS.pdf,application/pdf,pdf,272219,2026-03-08T22:51:39.506Z,2026-02-27T14:54:17Z,OUTRO,PDF,DESCONHECIDO,NAO,
1iAEtxvLsj9WQEDy-MMgjs73n75rOyoLK,01A_BRONZE_OFICIAL,PDE2013_SUBST2_Quadro_2_CA_Eixos.pdf,application/pdf,pdf,194056,2026-03-08T22:51:25.316Z,2026-02-27T14:54:17Z,OUTRO,PDF,DESCONHECIDO,NAO,
1HPqiUoLIMUmHYRDmk5jhKCUjbhYuSnoW,01A_BRONZE_OFICIAL,PDE2013_SUBST2_Quadro_11_polo_de_economia_criativa.pdf,application/pdf,pdf,193677,2026-03-08T22:50:01.539Z,2026-02-27T14:54:17Z,OUTRO,PDF,DESCONHECIDO,NAO,
1IACz8pRNjM0BxymUr0uCf_gEJm9_tKx8,01A_BRONZE_OFICIAL,PDE2013_SUBST2_Quadro_6_Fator_planejamento_Fp.pdf,application/pdf,pdf,188812,2026-03-08T22:49:02.707Z,2026-02-27T14:54:17Z,OUTRO,PDF,DESCONHECIDO,NAO,
1PK1L0_b0B5mQFkVeIvVFwZ2wsNTDANaH,01A_BRONZE_OFICIAL,PDE2013_SUBST2_Quadro_5_ Fator_interesse_social_Fs.pdf,application/pdf,pdf,287426,2026-03-08T22:48:03.608Z,2026-02-27T14:54:17Z,OUTRO,PDF,DESCONHECIDO,NAO,
1C2BD7p3gK5yU-zBjdkhVorDCTL5IceyO,01A_BRONZE_OFICIAL,PDE2013_SUBST2_Quadro_7_Parques_municipais_existentes_propostos.pdf,application/pdf,pdf,461573,2026-03-08T22:44:50.273Z,2026-02-27T14:54:17Z,OUTRO,PDF,DESCONHECIDO,NAO,
1ANwoc-qEs5ppFnp38xMtX2UTSz_GVrpE,01A_BRONZE_OFICIAL,PDE2013_SUBST2_Quadro_1_CA_Definicoes.pdf,application/pdf,pdf,424098,2026-03-08T22:41:22.954Z,2026-02-27T14:54:17Z,OUTRO,PDF,DESCONHECIDO,NAO,
1pTJpRW4geo5as4jEI-_nnXTVvM7augL6,01A_BRONZE_OFICIAL,PDE2013_SUBST2_Quadro_3_CA_ZEIS.pdf,application/pdf,pdf,179428,2026-03-08T22:40:51.504Z,2026-02-27T14:54:17Z,OUTRO,PDF,DESCONHECIDO,NAO,
1sSIgYsXADCXTDCcO-IrPNh3WRRlBN5ww,01A_BRONZE_OFICIAL,OODC_2024-2025.xlsx,application/vnd.openxmlformats-officedocument.spreadsheetml.sheet,xlsx,439885,2026-03-08T22:37:52.172Z,2026-02-11T19:59:44Z,OUTRO,PLANILHA,DESCONHECIDO,NAO,
1GVQGSFR5pBNa9UOdgqkcCwiVAe73XfmZ,01A_BRONZE_OFICIAL,SIRGAS_SHP_benstombados.shx,application/octet-stream,shx,51380,2026-03-08T23:20:02.476Z,2026-02-08T14:25:12Z,GEO,GEO_SHP,OFICIAL,NAO,
1fd9CwDIlnoLUkpsqy2NJmnIFyw0irQN6,01A_BRONZE_OFICIAL,SIRGAS_SHP_PLANO_DIRETOR_DRENAGEM.shp,application/octet-stream,shp,193972,2026-03-08T22:57:10.670Z,2026-01-27T20:39:29Z,GEO,GEO_SHP,OFICIAL,NAO,
1T-1aaz1XRg4kYkKfNAUSAUQiuOAAo_T3,01A_BRONZE_OFICIAL,SIRGAS_SHP_PLANO_DIRETOR_DRENAGEM (2).shp,application/octet-stream,shp,193972,2026-03-08T22:54:01.917Z,2026-01-27T20:39:29Z,GEO,GEO_SHP,OFICIAL,NAO,
1uahlCZK4xmgLotQGCMkJbBwwfTwGd8MP,01A_BRONZE_OFICIAL,SIRGAS_SHP_PLANO_DIRETOR_DRENAGEM.dbf,application/octet-stream,dbf,830539,2026-03-08T22:46:21.830Z,2026-01-27T20:39:29Z,GEO,GEO_SHP,OFICIAL,NAO,
1t09W5hNDQvjTOARHl6d1axAiZxewQgEu,01A_BRONZE_OFICIAL,SIRGAS_SHP_PLANO_DIRETOR_DRENAGEM.shx,application/octet-stream,shx,1260,2026-03-08T22:41:57.424Z,2026-01-27T20:39:29Z,GEO,GEO_SHP,OFICIAL,NAO,
1X72pMWeAppaO2NJQGpjtCBWKh4zkbqm1,01A_BRONZE_OFICIAL,SIRGAS_SHP_areaenvoltoriaiphan1.csv,text/csv,csv,786,2026-03-08T23:24:11.901Z,2025-12-07T02:58:53Z,GEO,TABELA_DADO,OFICIAL,NAO,
1wFfburoSXk2GuRfc6LNNh8KdIMtTGh61,01A_BRONZE_OFICIAL,SIRGAS_SHP_ZEPEC1.csv,text/csv,csv,1365,2026-03-08T23:18:19.193Z,2025-12-07T02:58:53Z,GEO,TABELA_DADO,OFICIAL,NAO,
1Q97r-ymLH4vNIi96wjUMcBwE-qX_7hEb,01A_BRONZE_OFICIAL,SIRGAS_SHP_areaenvoltoriacondephaat2.csv,text/csv,csv,26612,2026-03-08T23:17:58.209Z,2025-12-07T02:58:54Z,GEO,TABELA_DADO,OFICIAL,NAO,
1vmTpLxx_P4EqpQ02vUVX0jZNgyFLzT4n,01A_BRONZE_OFICIAL,LEI Nº 18.081 DE 19 DE JANEIRO DE 2024 « Catálogo de Legislação Municipal.pdf,application/pdf,pdf,689893,2026-03-08T23:27:51.325Z,2025-12-04T20:29:35Z,JURIDICO,LEI,OFICIAL,NAO,
1yciujA5ge74FIW_2hmPf37AY7ky2SAzi,01A_BRONZE_OFICIAL,D57536.pdf,application/pdf,pdf,254792,2026-03-08T23:17:52.771Z,2025-12-04T20:04:17Z,OUTRO,PDF,DESCONHECIDO,NAO,
1aU6LAjYsrJKeJQKGPz9CWUbKSz4es4Q2,01A_BRONZE_OFICIAL,LEI Nº 16.402.pdf,application/pdf,pdf,531255,2026-03-08T22:39:08.783Z,2025-12-04T20:06:03Z,JURIDICO,LEI,OFICIAL,NAO,
16Vos3KgQOkLdCcaTAz1d1_j8xH1xAPL7,01A_BRONZE_OFICIAL,SIRGAS_SHP_LOTES_23_CIDADE_DUTRA.dbf,application/octet-stream,dbf,460441,2026-03-08T23:39:11.360Z,2025-11-30T13:10:26Z,GEO,GEO_SHP,OFICIAL,NAO,
1OekZ_sbCgHOUB5etkJMIsAg1HmlPwrXw,01A_BRONZE_OFICIAL,SIRGAS_SHP_LOTES_24_CIDADE_LIDER.dbf,application/octet-stream,dbf,348826,2026-03-08T23:39:09.759Z,2025-11-30T13:10:20Z,GEO,GEO_SHP,OFICIAL,NAO,
1Y6F32zMIlRqZ_N3qmLGzWEeK-9m-kh6v,01A_BRONZE_OFICIAL,SIRGAS_SHP_LOTES_69_SANTA_CECILIA.shx,application/octet-stream,shx,44780,2026-03-08T23:39:02.724Z,2025-11-30T13:10:54Z,GEO,GEO_SHP,OFICIAL,NAO,
1hpnXKKtgG2ErOtX-m7sUMRpf583G_W7t,01A_BRONZE_OFICIAL,SIRGAS_SHP_LOTES_52_MARSILAC.shx,application/octet-stream,shx,9644,2026-03-08T23:38:18.697Z,2025-11-30T13:11:18Z,GEO,GEO_SHP,OFICIAL,NAO,
1Ds_DcsVnuKy2YOBl6Fvl90DagL58vCJj,01A_BRONZE_OFICIAL,SIRGAS_SHP_LOTES_53_MOOCA.dbf,application/octet-stream,dbf,216196,2026-03-08T23:38:19.449Z,2025-11-30T13:10:54Z,GEO,GEO_SHP,OFICIAL,NAO,
1BZKAIDSS-XNIbGU1T-WXRQJoTbVnGwOo,01A_BRONZE_OFICIAL,SIRGAS_SHP_LOTES_36_ITAIM_PAULISTA.dbf,application/octet-stream,dbf,465886,2026-03-08T23:37:48.713Z,2025-11-30T13:10:46Z,GEO,GEO_SHP,OFICIAL,NAO,
1dSQLYoOXO-veejPpZp20iRCZxoLmkrTh,01A_BRONZE_OFICIAL,SIRGAS_SHP_LOTES_88_VILA_LEOPOLDINA.dbf,application/octet-stream,dbf,84361,2026-03-08T23:37:43.034Z,2025-11-30T13:10:40Z,GEO,GEO_SHP,OFICIAL,NAO,
1w1VU2dIkDayUQcsjRMlkmn0IWISM1Em1,01A_BRONZE_OFICIAL,SIRGAS_SHP_LOTES_58_PEDREIRA.dbf,application/octet-stream,dbf,229531,2026-03-08T23:37:36.903Z,2025-11-30T13:10:20Z,GEO,GEO_SHP,OFICIAL,NAO,
1eZb2qcV53ak5VDZNylnfAZtvXeJWH3hS,01A_BRONZE_OFICIAL,SIRGAS_SHP_LOTES_30_GRAJAU.dbf,application/octet-stream,dbf,458671,2026-03-08T23:37:09.437Z,2025-11-30T13:10:42Z,GEO,GEO_SHP,OFICIAL,NAO,
148fAasT7afoAEfdTK86jnY2lE9I0U2kp,01A_BRONZE_OFICIAL,SIRGAS_SHP_LOTES_49_LIBERDADE.shx,application/octet-stream,shx,55356,2026-03-08T23:37:02.519Z,2025-11-30T13:10:58Z,GEO,GEO_SHP,OFICIAL,NAO,
1nqm4q__TeOdbri-7DqbsgSEVa_byvm9b,01A_BRONZE_OFICIAL,SIRGAS_SHP_LOTES_22_CIDADE_ADEMAR.shx,application/octet-stream,shx,283908,2026-03-08T23:37:03.999Z,2025-11-30T13:10:18Z,GEO,GEO_SHP,OFICIAL,NAO,
15nX_0dAmMjDKXm5M0brObUBboRYEUrqw,01A_BRONZE_OFICIAL,SIRGAS_SHP_LOTES_92_VILA_MEDEIROS.dbf,application/octet-stream,dbf,396361,2026-03-08T23:36:58.572Z,2025-11-30T13:10:18Z,GEO,GEO_SHP,OFICIAL,NAO,
1vJ79OgFBWZshTKM2936pZwhsS0rM9GUZ,01A_BRONZE_OFICIAL,SIRGAS_SHP_LOTES_75_SAO_RAFAEL.dbf,application/octet-stream,dbf,227176,2026-03-08T23:36:17.320Z,2025-11-30T13:10:42Z,GEO,GEO_SHP,OFICIAL,NAO,
1184tPcXgOks3K454q9zSePPRh10fvGsF,01A_BRONZE_OFICIAL,SIRGAS_SHP_LOTES_11_BRASILANDIA.shx,application/octet-stream,shx,226900,2026-03-08T23:36:14.109Z,2025-11-30T13:10:56Z,GEO,GEO_SHP,OFICIAL,NAO,
1a2eZGLVAEfaNDS_6T0ukj_RFeuPei_X1,01A_BRONZE_OFICIAL,SIRGAS_SHP_LOTES_63_PIRITUBA.dbf,application/octet-stream,dbf,436966,2026-03-08T23:35:55.455Z,2025-11-30T13:10:16Z,GEO,GEO_SHP,OFICIAL,NAO,
1RBahEIeN5m0bwo1iW5iFD6V7klOAieUG,01A_BRONZE_OFICIAL,SIRGAS_SHP_LOTES_05_ARTUR_ALVIM.dbf,application/octet-stream,dbf,207226,2026-03-08T23:33:35.061Z,2025-11-30T13:10:36Z,GEO,GEO_SHP,OFICIAL,NAO,
1rnsyin7UzYFIkvnDavguz3wV7iqco9HI,01A_BRONZE_OFICIAL,SIRGAS_SHP_LOTES_19_CAPAO_REDONDO.shx,application/octet-stream,shx,235148,2026-03-08T23:33:29.165Z,2025-11-30T13:10:50Z,GEO,GEO_SHP,OFICIAL,NAO,
1VxPF8xNXWGoxU8qvOSw9tjiH4bgQ4-Jp,01A_BRONZE_OFICIAL,SIRGAS_SHP_LOTES_09_BOM_RETIRO.dbf,application/octet-stream,dbf,98971,2026-03-08T23:33:23.372Z,2025-11-30T13:10:56Z,GEO,GEO_SHP,OFICIAL,NAO,
1zmHfs8XaODXvVsP83e0pl8RbpYWXAV7E,01A_BRONZE_OFICIAL,SIRGAS_SHP_LOTES_37_ITAQUERA.dbf,application/octet-stream,dbf,431806,2026-03-08T23:33:17.304Z,2025-11-30T13:10:44Z,GEO,GEO_SHP,OFICIAL,NAO,
1qrf39qkk9YAjETlaYd5WRCxTnY-d-xdJ,01A_BRONZE_OFICIAL,SIRGAS_SHP_LOTES_75_SAO_RAFAEL.shx,application/octet-stream,shx,121140,2026-03-08T23:33:15.571Z,2025-11-30T13:10:42Z,GEO,GEO_SHP,OFICIAL,NAO,
1KMjwaEzCHyHmIANHHLksqTZivQroCpbL,01A_BRONZE_OFICIAL,SIRGAS_SHP_LOTES_02_ALTO_DE_PINHEIROS.dbf,application/octet-stream,dbf,134506,2026-03-08T23:33:14.080Z,2025-11-30T13:10:30Z,GEO,GEO_SHP,OFICIAL,NAO,
16D2ddE4jGOTmw7M_CnBHTVrUt1yIkwOQ,01A_BRONZE_OFICIAL,SIRGAS_SHP_LOTES_68_SACOMA.shx,application/octet-stream,shx,240236,2026-03-08T23:33:06.532Z,2025-11-30T13:10:32Z,GEO,GEO_SHP,OFICIAL,NAO,
1K8-y57TBQOkMJKLhNm1YJajB0w0_HSOp,01A_BRONZE_OFICIAL,SIRGAS_SHP_LOTES_03_ANHANGUERA.dbf,application/octet-stream,dbf,122266,2026-03-08T23:31:33.618Z,2025-11-30T13:10:46Z,GEO,GEO_SHP,OFICIAL,NAO,
1op98auL98zdxxwcM3YY_G4g6T-h5Bzi8,01A_BRONZE_OFICIAL,SIRGAS_SHP_LOTES_38_JABAQUARA.shx,application/octet-stream,shx,273276,2026-03-08T23:31:31.305Z,2025-11-30T13:10:22Z,GEO,GEO_SHP,OFICIAL,NAO,
1EB9xgqqUgmsqwa9DLb2hRaHR51Shi2dL,01A_BRONZE_OFICIAL,SIRGAS_SHP_LOTES_86_VILA_GUILHERME.shx,application/octet-stream,shx,102116,2026-03-08T23:31:12.988Z,2025-11-30T13:10:42Z,GEO,GEO_SHP,OFICIAL,NAO,
1pS5bAgYTz4TKtSf9_siZJB3LYR1BM2Pc,01A_BRONZE_OFICIAL,SIRGAS_SHP_LOTES_06_BARRA_FUNDA.shp,application/octet-stream,shp,844620,2026-03-08T23:31:12.204Z,2025-11-30T13:10:50Z,GEO,GEO_SHP,OFICIAL,NAO,
18Kc_BroCWblwILOXIR82M2CBXcV7USOt,01A_BRONZE_OFICIAL,SIRGAS_SHP_LOTES_92_VILA_MEDEIROS.shx,application/octet-stream,shx,211372,2026-03-08T23:29:21.720Z,2025-11-30T13:10:18Z,GEO,GEO_SHP,OFICIAL,NAO,
1LbRX1M8sc2F5m0ic4pea1Uqwz9wygKKG,01A_BRONZE_OFICIAL,SIRGAS_SHP_LOTES_91_VILA_MATILDE.shx,application/octet-stream,shx,180364,2026-03-08T23:28:49.429Z,2025-11-30T13:10:24Z,GEO,GEO_SHP,OFICIAL,NAO,
1rfHnhqSxXgBmAGAfroj8Y8N802LTJ9-d,01A_BRONZE_OFICIAL,SIRGAS_SHP_LOTES_67_RIO_PEQUENO.dbf,application/octet-stream,dbf,290971,2026-03-08T23:28:08.537Z,2025-11-30T13:10:38Z,GEO,GEO_SHP,OFICIAL,NAO,
1QmKUZ5NT35OU6km-edI_vMnYjcXzTRO_,01A_BRONZE_OFICIAL,SIRGAS_SHP_LOTES_22_CIDADE_ADEMAR.dbf,application/octet-stream,dbf,532366,2026-03-08T23:27:33.397Z,2025-11-30T13:10:18Z,GEO,GEO_SHP,OFICIAL,NAO,
1SGErqM5Gb-5x-UMxiT5Vhm3jZ754L1iO,01A_BRONZE_OFICIAL,SIRGAS_SHP_LOTES_06_BARRA_FUNDA.dbf,application/octet-stream,dbf,38191,2026-03-08T23:27:13.442Z,2025-11-30T13:10:50Z,GEO,GEO_SHP,OFICIAL,NAO,
1LEMNDXsVcg3cN_BwkKq2XQLV3Rioqzre,01A_BRONZE_OFICIAL,SIRGAS_SHP_LOTES_32_MOEMA.dbf,application/octet-stream,dbf,146731,2026-03-08T23:27:07.047Z,2025-11-30T13:11:12Z,GEO,GEO_SHP,OFICIAL,NAO,
1sYtTvLd9wTs68KFg50DWPy6LrGjBNR2P,01A_BRONZE_OFICIAL,SIRGAS_SHP_LOTES_78_SE.shp,application/octet-stream,shp,646580,2026-03-08T23:26:50.924Z,2025-11-30T13:10:56Z,GEO,GEO_SHP,OFICIAL,NAO,
15GW7eNX7fXD5d1mnfnRnxYRawcWGVwXV,01A_BRONZE_OFICIAL,SIRGAS_SHP_LOTES_12_BUTANTA.shx,application/octet-stream,shx,106252,2026-03-08T23:26:49.260Z,2025-11-30T13:10:36Z,GEO,GEO_SHP,OFICIAL,NAO,
1MfAvBGt3l_kD7wY5D3ObJb5koLJxW0up,01A_BRONZE_OFICIAL,SIRGAS_SHP_LOTES_81_TREMEMBE.dbf,application/octet-stream,dbf,388501,2026-03-08T23:26:47.223Z,2025-11-30T13:10:24Z,GEO,GEO_SHP,OFICIAL,NAO,
1pqzVbmsuuBbzo0CjdG8VjdUCQ9KQuQvR,01A_BRONZE_OFICIAL,SIRGAS_SHP_LOTES_31_GUAIANASES.dbf,application/octet-stream,dbf,214741,2026-03-08T23:26:43.425Z,2025-11-30T13:10:58Z,GEO,GEO_SHP,OFICIAL,NAO,
1b5GjHaQxwUTUdyk-aTrUzHvtPLF5ofjk,01A_BRONZE_OFICIAL,SIRGAS_SHP_LOTES_95_SAO_DOMINGOS.shx,application/octet-stream,shx,136020,2026-03-08T23:26:32.059Z,2025-11-30T13:10:28Z,GEO,GEO_SHP,OFICIAL,NAO,
1Dfn39b0a6KnCGnW8nRkbVHZ4tTxDTwGH,01A_BRONZE_OFICIAL,SIRGAS_SHP_LOTES_03_ANHANGUERA.shx,application/octet-stream,shx,65188,2026-03-08T23:26:24.381Z,2025-11-30T13:10:46Z,GEO,GEO_SHP,OFICIAL,NAO,
1kgVX-4Y4tX6HOYnz54ZA7YANIPVn5KGi,01A_BRONZE_OFICIAL,SIRGAS_SHP_LOTES_76_SAPOPEMBA.shx,application/octet-stream,shx,331940,2026-03-08T23:26:24.362Z,2025-11-30T13:10:24Z,GEO,GEO_SHP,OFICIAL,NAO,
1teWHUDw77uQ-0TaV2JfZIgsEwE7K21QH,01A_BRONZE_OFICIAL,SIRGAS_SHP_LOTES_01_AGUA_RASA.dbf,application/octet-stream,dbf,315181,2026-03-08T23:26:17.827Z,2025-11-30T13:10:42Z,GEO,GEO_SHP,OFICIAL,NAO,
11tEsmY7_bCkUwuoC2A0rsT6bDKzydAn0,01A_BRONZE_OFICIAL,SIRGAS_SHP_LOTES_62_PINHEIROS.dbf,application/octet-stream,dbf,196786,2026-03-08T23:26:07.671Z,2025-11-30T13:10:30Z,GEO,GEO_SHP,OFICIAL,NAO,
123srqI5nNNOcdyunw9fZU70iDW0nz7Go,01A_BRONZE_OFICIAL,SIRGAS_SHP_LOTES_20_CARRAO.dbf,application/octet-stream,dbf,289111,2026-03-08T23:25:53.598Z,2025-11-30T13:10:46Z,GEO,GEO_SHP,OFICIAL,NAO,
1Vg_h04Eq8xw75UxGmsEY2ytfplfSpIyM,01A_BRONZE_OFICIAL,SIRGAS_SHP_LOTES_60_PERDIZES.shx,application/octet-stream,shx,113100,2026-03-08T23:25:41.574Z,2025-11-30T13:10:50Z,GEO,GEO_SHP,OFICIAL,NAO,
1uAQJd4tV7SCgLtnnhekUQjPLSaGi8v7c,01A_BRONZE_OFICIAL,SIRGAS_SHP_LOTES_89_VILA_MARIA.shx,application/octet-stream,shx,158892,2026-03-08T23:25:40.144Z,2025-11-30T13:10:54Z,GEO,GEO_SHP,OFICIAL,NAO,
1oNr1YgM3pZG4m71dqdI4cNq0_XOjA3fU,01A_BRONZE_OFICIAL,SIRGAS_SHP_LOTES_25_CIDADE_TIRADENTES.shx,application/octet-stream,shx,127700,2026-03-08T23:25:31.801Z,2025-11-30T13:10:18Z,GEO,GEO_SHP,OFICIAL,NAO,
1k7YH3ZyrUJXE122itbxTCA594VAELv3a,01A_BRONZE_OFICIAL,SIRGAS_SHP_LOTES_23_CIDADE_DUTRA.shx,application/octet-stream,shx,245548,2026-03-08T23:25:26.831Z,2025-11-30T13:10:26Z,GEO,GEO_SHP,OFICIAL,NAO,
1X4Q72ZEJJmRv809y_C6ZJYE1Z5NHHPP1,01A_BRONZE_OFICIAL,SIRGAS_SHP_LOTES_63_PIRITUBA.shx,application/octet-stream,shx,233028,2026-03-08T23:25:16.075Z,2025-11-30T13:10:16Z,GEO,GEO_SHP,OFICIAL,NAO,
1BBM51P7EUUYcmuCSZSNIyOr8CkV9Wtss,01A_BRONZE_OFICIAL,SIRGAS_SHP_LOTES_78_SE.dbf,application/octet-stream,dbf,40876,2026-03-08T23:25:06.138Z,2025-11-30T13:10:56Z,GEO,GEO_SHP,OFICIAL,NAO,
1j0NZzShYwRm-le8LvaIC9eZY9mmOoEby,01A_BRONZE_OFICIAL,SIRGAS_SHP_LOTES_91_VILA_MATILDE.dbf,application/octet-stream,dbf,338221,2026-03-08T23:25:01.259Z,2025-11-30T13:10:24Z,GEO,GEO_SHP,OFICIAL,NAO,
1udkSoe-JsY-mGXS6eSwVAwsSVkOSP5LQ,01A_BRONZE_OFICIAL,SIRGAS_SHP_LOTES_47_JOSE_BONIFACIO.dbf,application/octet-stream,dbf,141406,2026-03-08T23:24:56.410Z,2025-11-30T13:10:38Z,GEO,GEO_SHP,OFICIAL,NAO,
1ug9Qx3ZuYxVuJnGTkVTEhDhn8vIcPxgo,01A_BRONZE_OFICIAL,SIRGAS_SHP_LOTES_16_CAMPO_GRANDE.dbf,application/octet-stream,dbf,253231,2026-03-08T23:24:42.960Z,2025-11-30T13:10:16Z,GEO,GEO_SHP,OFICIAL,NAO,
1ymYfdx28hx8-mY-9k3gc2VX1apuUPy4c,01A_BRONZE_OFICIAL,SIRGAS_SHP_LOTES_32_MOEMA.shx,application/octet-stream,shx,78236,2026-03-08T23:24:33.652Z,2025-11-30T13:11:12Z,GEO,GEO_SHP,OFICIAL,NAO,
1YmGsi8B3eZrVA-AL3q642q8mc000Ffrl,01A_BRONZE_OFICIAL,SIRGAS_SHP_LOTES_05_ARTUR_ALVIM.shx,application/octet-stream,shx,110500,2026-03-08T23:24:32.380Z,2025-11-30T13:10:36Z,GEO,GEO_SHP,OFICIAL,NAO,
1NQxDwqwW1xps_wNCi40PuTbpLIhB8GH1,01A_BRONZE_OFICIAL,SIRGAS_SHP_LOTES_10_BRAS.shx,application/octet-stream,shx,58844,2026-03-08T23:24:28.235Z,2025-11-30T13:10:56Z,GEO,GEO_SHP,OFICIAL,NAO,
12wpwm1XutppOU2kAbHi3sVtJZpHCgHiJ,01A_BRONZE_OFICIAL,SIRGAS_SHP_LOTES_44_JARDIM_HELENA.dbf,application/octet-stream,dbf,278956,2026-03-08T23:24:23.845Z,2025-11-30T13:11:06Z,GEO,GEO_SHP,OFICIAL,NAO,
1MI-84saKnxNx2ViYHf-YtYOG3CtwCLnE,01A_BRONZE_OFICIAL,SIRGAS_SHP_LOTES_86_VILA_GUILHERME.dbf,application/octet-stream,dbf,191506,2026-03-08T23:23:52.178Z,2025-11-30T13:10:42Z,GEO,GEO_SHP,OFICIAL,NAO,
1jPHLDLqogsnyV-Q-Wgft3LsnilPe5gLe,01A_BRONZE_OFICIAL,SIRGAS_SHP_LOTES_73_SAO_MATEUS.shx,application/octet-stream,shx,220076,2026-03-08T23:23:49.202Z,2025-11-30T13:10:22Z,GEO,GEO_SHP,OFICIAL,NAO,
1_ORafLFDOR9AOuHIvyY8u6chw5S3_xK3,01A_BRONZE_OFICIAL,SIRGAS_SHP_LOTES_35_ITAIM_BIBI.dbf,application/octet-stream,dbf,239056,2026-03-08T23:23:35.071Z,2025-11-30T13:10:20Z,GEO,GEO_SHP,OFICIAL,NAO,
1MNULHZp7pUDacRWP1ls61M8OsDlraYN1,01A_BRONZE_OFICIAL,SIRGAS_SHP_LOTES_77_SAUDE.shx,application/octet-stream,shx,186564,2026-03-08T23:23:21.105Z,2025-11-30T13:10:30Z,GEO,GEO_SHP,OFICIAL,NAO,
1T8bm65NH3Vk3DI2QimXJw8NZ7ZYzZ5dC,01A_BRONZE_OFICIAL,SIRGAS_SHP_LOTES_90_VILA_MARIANA.dbf,application/octet-stream,dbf,247816,2026-03-08T23:23:19.605Z,2025-11-30T13:10:50Z,GEO,GEO_SHP,OFICIAL,NAO,
1ZX6XdQEkv4TPVECOqMujDnxiJVUldfs1,01A_BRONZE_OFICIAL,SIRGAS_SHP_LOTES_51_MANDAQUI.dbf,application/octet-stream,dbf,263761,2026-03-08T23:23:09.608Z,2025-11-30T13:10:32Z,GEO,GEO_SHP,OFICIAL,NAO,
1kEyH3TzT12wWgYpAOPqbLMfvtuxudqrO,01A_BRONZE_OFICIAL,SIRGAS_SHP_LOTES_45_JARDIM_PAULISTA.dbf,application/octet-stream,dbf,124006,2026-03-08T23:23:08.089Z,2025-11-30T13:10:52Z,GEO,GEO_SHP,OFICIAL,NAO,
1dRtAkMevdNHcNMqtHJ8nCmphLoXAsRbY,01A_BRONZE_OFICIAL,SIRGAS_SHP_LOTES_38_JABAQUARA.dbf,application/octet-stream,dbf,512431,2026-03-08T23:23:05.921Z,2025-11-30T13:10:22Z,GEO,GEO_SHP,OFICIAL,NAO,
18luuP5jrir4hfv5Td_FImLYG00hVNn3B,01A_BRONZE_OFICIAL,SIRGAS_SHP_LOTES_57_PARQUE_DO_CARMO.dbf,application/octet-stream,dbf,167266,2026-03-08T23:23:00.933Z,2025-11-30T13:10:20Z,GEO,GEO_SHP,OFICIAL,NAO,
16AwViAGtSXgdNm_8Wa3Gf5si_wH4KnDp,01A_BRONZE_OFICIAL,SIRGAS_SHP_LOTES_83_VILA_ANDRADE.shx,application/octet-stream,shx,57292,2026-03-08T23:22:40.552Z,2025-11-30T13:10:38Z,GEO,GEO_SHP,OFICIAL,NAO,
1FE03UJjIFvskYMote0-0JELXMr8s4LJm,01A_BRONZE_OFICIAL,SIRGAS_SHP_LOTES_80_TATUAPE.dbf,application/octet-stream,dbf,273811,2026-03-08T23:22:29.950Z,2025-11-30T13:11:18Z,GEO,GEO_SHP,OFICIAL,NAO,
1BywVvzuH-NohybSDzd3NSL9pC3Ad0Svo,01A_BRONZE_OFICIAL,SIRGAS_SHP_LOTES_36_ITAIM_PAULISTA.shx,application/octet-stream,shx,248452,2026-03-08T23:22:26.354Z,2025-11-30T13:10:46Z,GEO,GEO_SHP,OFICIAL,NAO,
1X3otve2W_6SUQh6taN5LoShFynHIKM-e,01A_BRONZE_OFICIAL,SIRGAS_SHP_LOTES_93_VILA_PRUDENTE.shx,application/octet-stream,shx,169652,2026-03-08T23:22:20.430Z,2025-11-30T13:10:20Z,GEO,GEO_SHP,OFICIAL,NAO,
1OejwITUtxta81a4JXVw1woaphGv84CFV,01A_BRONZE_OFICIAL,SIRGAS_SHP_LOTES_42_JARAGUA.dbf,application/octet-stream,dbf,276856,2026-03-08T23:22:08.370Z,2025-11-30T13:10:34Z,GEO,GEO_SHP,OFICIAL,NAO,
1Yr-d9FPJh62eZphqU8l4B6dVIAt96bl7,01A_BRONZE_OFICIAL,SIRGAS_SHP_LOTES_62_PINHEIROS.shx,application/octet-stream,shx,104932,2026-03-08T23:21:51.737Z,2025-11-30T13:10:30Z,GEO,GEO_SHP,OFICIAL,NAO,
1KvLVOz7wydZP5kasldx086wMveZmZ6cX,01A_BRONZE_OFICIAL,SIRGAS_SHP_LOTES_59_PENHA.shx,application/octet-stream,shx,234332,2026-03-08T23:21:47.435Z,2025-11-30T13:10:30Z,GEO,GEO_SHP,OFICIAL,NAO,
1Vdr9e0965q9F8RGhfjs7FhmxgYM-9KDS,01A_BRONZE_OFICIAL,SIRGAS_SHP_LOTES_27_CURSINO.dbf,application/octet-stream,dbf,301516,2026-03-08T23:21:43.344Z,2025-11-30T13:10:52Z,GEO,GEO_SHP,OFICIAL,NAO,
1EJ2EO85NlZk7DFf4aTKgB4vp00dotwFb,01A_BRONZE_OFICIAL,SIRGAS_SHP_LOTES_61_PERUS.shx,application/octet-stream,shx,78588,2026-03-08T23:21:44.146Z,2025-11-30T13:10:26Z,GEO,GEO_SHP,OFICIAL,NAO,
1SBsxv852o4WqPlm-LgvLNIvjVDBzdJMS,01A_BRONZE_OFICIAL,SIRGAS_SHP_LOTES_21_CASA_VERDE.dbf,application/octet-stream,dbf,253186,2026-03-08T23:21:26.378Z,2025-11-30T13:10:28Z,GEO,GEO_SHP,OFICIAL,NAO,
1OsogbgqCcghSjFxUDRFbs51Xa2fmTnAH,01A_BRONZE_OFICIAL,SIRGAS_SHP_LOTES_48_LAPA.shx,application/octet-stream,shx,130252,2026-03-08T23:21:14.916Z,2025-11-30T13:10:22Z,GEO,GEO_SHP,OFICIAL,NAO,
1W_cZ74hI3AECCHUYxA8OCR30iSCNhUU-,01A_BRONZE_OFICIAL,SIRGAS_SHP_LOTES_83_VILA_ANDRADE.dbf,application/octet-stream,dbf,107461,2026-03-08T23:21:13.364Z,2025-11-30T13:10:38Z,GEO,GEO_SHP,OFICIAL,NAO,
1c_Zzf62b4uaYprWzVVNXqEO2wJESOfKG,01A_BRONZE_OFICIAL,SIRGAS_SHP_LOTES_41_JAGUARE.shx,application/octet-stream,shx,50508,2026-03-08T23:20:45.747Z,2025-11-30T13:10:28Z,GEO,GEO_SHP,OFICIAL,NAO,
1ZuvJUoF-58ZUaQHGkQ_gUW8bRWpG_g77,01A_BRONZE_OFICIAL,SIRGAS_SHP_LOTES_66_REPUBLICA.dbf,application/octet-stream,dbf,44956,2026-03-08T23:20:38.359Z,2025-11-30T13:10:54Z,GEO,GEO_SHP,OFICIAL,NAO,
1W9MpBuZEoRmvJbqli-83oDHB3AXJTCmZ,01A_BRONZE_OFICIAL,SIRGAS_SHP_LOTES_93_VILA_PRUDENTE.dbf,application/octet-stream,dbf,318136,2026-03-08T23:20:26.579Z,2025-11-30T13:10:20Z,GEO,GEO_SHP,OFICIAL,NAO,
1at6YmPnkazZC70YzQ0w2wkQr-u9BLQJ5,01A_BRONZE_OFICIAL,SIRGAS_SHP_LOTES_74_SAO_MIGUEL.shx,application/octet-stream,shx,147292,2026-03-08T23:20:19.909Z,2025-11-30T13:10:48Z,GEO,GEO_SHP,OFICIAL,NAO,
1WTPGbMHWqFxptu0ns2yNjgqJ0CtFbyb6,01A_BRONZE_OFICIAL,SIRGAS_SHP_LOTES_82_TUCURUVI.dbf,application/octet-stream,dbf,361021,2026-03-08T23:20:05.941Z,2025-11-30T13:10:28Z,GEO,GEO_SHP,OFICIAL,NAO,
1Ec8dKSCv0SUs0Q0B1QuDB9ZU7RuerVal,01A_BRONZE_OFICIAL,SIRGAS_SHP_LOTES_08_BELEM.shx,application/octet-stream,shx,85676,2026-03-08T23:19:31.913Z,2025-11-30T13:10:56Z,GEO,GEO_SHP,OFICIAL,NAO,
1XkRSBbQNm7ixyo7mbSjUw8CWSB9zZ4Ha,01A_BRONZE_OFICIAL,SIRGAS_SHP_LOTES_47_JOSE_BONIFACIO.shx,application/octet-stream,shx,75396,2026-03-08T23:19:32.125Z,2025-11-30T13:10:38Z,GEO,GEO_SHP,OFICIAL,NAO,
1quy02DTFPvUQiP9ygP_MP4uR5PatcWFw,01A_BRONZE_OFICIAL,SIRGAS_SHP_LOTES_39_JACANA.shx,application/octet-stream,shx,123540,2026-03-08T23:19:29.661Z,2025-11-30T13:10:30Z,GEO,GEO_SHP,OFICIAL,NAO,
1_cU4wKr2cejpUJKjs1LWYz0Oi62wvq4d,01A_BRONZE_OFICIAL,SIRGAS_SHP_LOTES_70_SANTANA.dbf,application/octet-stream,dbf,334006,2026-03-08T23:18:30.912Z,2025-11-30T13:10:34Z,GEO,GEO_SHP,OFICIAL,NAO,
1CUDNChqFF2KBKixCF4luEmXljY3ugUvm,01A_BRONZE_OFICIAL,SIRGAS_SHP_LOTES_54_MORUMBI.shx,application/octet-stream,shx,66204,2026-03-08T23:18:18.331Z,2025-11-30T13:10:36Z,GEO,GEO_SHP,OFICIAL,NAO,
1MMeaHWsqU7yvmd16_vcblRfIQruu_RkF,01A_BRONZE_OFICIAL,SIRGAS_SHP_LOTES_87_VILA_JACUI.shx,application/octet-stream,shx,135908,2026-03-08T23:18:03.850Z,2025-11-30T13:10:52Z,GEO,GEO_SHP,OFICIAL,NAO,
16Sk69M-uOWK587tRisWTY1_K_KJhNusf,01A_BRONZE_OFICIAL,SIRGAS_SHP_LOTES_64_PONTE_RASA.dbf,application/octet-stream,dbf,295411,2026-03-08T23:17:58.152Z,2025-11-30T13:10:40Z,GEO,GEO_SHP,OFICIAL,NAO,
1CvcruBD8J0VgjgpauZ0l1GQXfaQzoNst,01A_BRONZE_OFICIAL,SIRGAS_SHP_LOTES_04_ARICANDUVA.dbf,application/octet-stream,dbf,312016,2026-03-08T22:56:59.839Z,2025-11-30T13:11:16Z,GEO,GEO_SHP,OFICIAL,NAO,
1l2DHmdgY--YSfg1BrG96Wj_0xhNY5uFA,01A_BRONZE_OFICIAL,SIRGAS_SHP_LOTES_96_LAJEADO.dbf,application/octet-stream,dbf,301846,2026-03-08T22:55:42.383Z,2025-11-30T13:10:16Z,GEO,GEO_SHP,OFICIAL,NAO,
1WBGO5T86Z9-7Xa3lSCNfibd8T-uAjqMh,01A_BRONZE_OFICIAL,SIRGAS_SHP_LOTES_14_CAMBUCI.dbf,application/octet-stream,dbf,107731,2026-03-08T22:55:28.860Z,2025-11-30T13:10:58Z,GEO,GEO_SHP,OFICIAL,NAO,
15tgQX73Xd40-v0K50cOVRt1q0uqlQtO6,01A_BRONZE_OFICIAL,SIRGAS_SHP_LOTES_65_RAPOSO_TAVARES.shx,application/octet-stream,shx,108180,2026-03-08T22:55:00.370Z,2025-11-30T13:10:36Z,GEO,GEO_SHP,OFICIAL,NAO,
1bPKJlSPQ9xHhAysnkB2U30Ntoe3tVebn,01A_BRONZE_OFICIAL,SIRGAS_SHP_LOTES_40_JAGUARA.shx,application/octet-stream,shx,52492,2026-03-08T22:54:59.596Z,2025-11-30T13:10:26Z,GEO,GEO_SHP,OFICIAL,NAO,
1QFH35fIeV5fbkjuYH28CE2ueJX2_A9Uy,01A_BRONZE_OFICIAL,SIRGAS_SHP_LOTES_68_SACOMA.dbf,application/octet-stream,dbf,450481,2026-03-08T22:54:49.824Z,2025-11-30T13:10:32Z,GEO,GEO_SHP,OFICIAL,NAO,
1XbanPh2vT4a4fhFc7vmtRXXXGTxlnwFI,01A_BRONZE_OFICIAL,SIRGAS_SHP_LOTES_17_CAMPO_LIMPO.dbf,application/octet-stream,dbf,381901,2026-03-08T22:54:45.675Z,2025-11-30T13:10:38Z,GEO,GEO_SHP,OFICIAL,NAO,
1cAfqX7EwveqFBsxu3hY_arsjRIC3P4qu,01A_BRONZE_OFICIAL,SIRGAS_SHP_LOTES_71_SANTO_AMARO.shx,application/octet-stream,shx,160516,2026-03-08T22:54:45.694Z,2025-11-30T13:10:32Z,GEO,GEO_SHP,OFICIAL,NAO,
1bMVXkjMaU1mw3F3mwu0mJQ0pMyzxLRxx,01A_BRONZE_OFICIAL,SIRGAS_SHP_LOTES_54_MORUMBI.dbf,application/octet-stream,dbf,124171,2026-03-08T22:54:41.174Z,2025-11-30T13:10:36Z,GEO,GEO_SHP,OFICIAL,NAO,
1AyKih7gfJM_J0xFDru8b6-Y2Oaxbd3f9,01A_BRONZE_OFICIAL,SIRGAS_SHP_LOTES_56_PARI.dbf,application/octet-stream,dbf,76081,2026-03-08T22:54:39.099Z,2025-11-30T13:10:54Z,GEO,GEO_SHP,OFICIAL,NAO,
11yEDNbm3ejypDqR1nYe55LB91UEizOiu,01A_BRONZE_OFICIAL,SIRGAS_SHP_LOTES_78_SE (2).shp,application/octet-stream,shp,646580,2026-03-08T22:54:11.242Z,2025-11-30T13:10:56Z,GEO,GEO_SHP,OFICIAL,NAO,
1WB4bEjDU-SM_snC5o_TkMsPo36AN_3p1,01A_BRONZE_OFICIAL,SIRGAS_SHP_LOTES_34_IPIRANGA (1).shp,application/octet-stream,shp,4702836,2026-03-08T22:54:10.372Z,2025-11-30T13:10:52Z,GEO,GEO_SHP,OFICIAL,NAO,
1VJ7kq7LUytn3OC088HD3ZSA43k6W4H7H,01A_BRONZE_OFICIAL,SIRGAS_SHP_LOTES_74_SAO_MIGUEL (2).shx,application/octet-stream,shx,147292,2026-03-08T22:54:07.498Z,2025-11-30T13:10:48Z,GEO,GEO_SHP,OFICIAL,NAO,
17eG1w8Gm4FQhji771o_mpk4Z-FS7LVNN,01A_BRONZE_OFICIAL,SIRGAS_SHP_LOTES_95_SAO_DOMINGOS (2).dbf,application/octet-stream,dbf,255076,2026-03-08T22:54:07.554Z,2025-11-30T13:10:28Z,GEO,GEO_SHP,OFICIAL,NAO,
157ZzuU0t3pGlaeX-j1a6LVYHOxjVQMmZ,01A_BRONZE_OFICIAL,SIRGAS_SHP_LOTES_89_VILA_MARIA (2).dbf,application/octet-stream,dbf,297961,2026-03-08T22:54:06.042Z,2025-11-30T13:10:54Z,GEO,GEO_SHP,OFICIAL,NAO,
1VcmEKkcFUwmxdWP7fczTxoatXeJ1HMo5,01A_BRONZE_OFICIAL,SIRGAS_SHP_LOTES_56_PARI (1).dbf,application/octet-stream,dbf,76081,2026-03-08T22:54:05.799Z,2025-11-30T13:10:54Z,GEO,GEO_SHP,OFICIAL,NAO,
1wNdIAyFq3vLez_vUUIcZSxiDijbOKybw,01A_BRONZE_OFICIAL,SIRGAS_SHP_LOTES_65_RAPOSO_TAVARES (1).shp,application/octet-stream,shp,3143620,2026-03-08T22:54:05.941Z,2025-11-30T13:10:36Z,GEO,GEO_SHP,OFICIAL,NAO,
1imuo9B5PT7d5GUIUtzSvdeZEcHPElIWO,01A_BRONZE_OFICIAL,SIRGAS_SHP_LOTES_53_MOOCA (1).shp,application/octet-stream,shp,3583892,2026-03-08T22:54:04.443Z,2025-11-30T13:10:54Z,GEO,GEO_SHP,OFICIAL,NAO,
1qq-_AbYBHZZsJCo0BiDkVODayqFCtKb_,01A_BRONZE_OFICIAL,SIRGAS_SHP_LOTES_61_PERUS (1).dbf,application/octet-stream,dbf,147391,2026-03-08T22:54:05.133Z,2025-11-30T13:10:26Z,GEO,GEO_SHP,OFICIAL,NAO,
10JCgSOx5uTRB89VzcyOuHeDi2iyzriw2,01A_BRONZE_OFICIAL,SIRGAS_SHP_LOTES_59_PENHA (1).dbf,application/octet-stream,dbf,439411,2026-03-08T22:54:01.998Z,2025-11-30T13:10:30Z,GEO,GEO_SHP,OFICIAL,NAO,
1a1-dqnG5x5QkmER5A1jCqxQKLoOBYcVu,01A_BRONZE_OFICIAL,SIRGAS_SHP_LOTES_76_SAPOPEMBA (2).shx,application/octet-stream,shx,331940,2026-03-08T22:54:01.896Z,2025-11-30T13:10:24Z,GEO,GEO_SHP,OFICIAL,NAO,
113VTlKke8MziHCyDTICsCEt0nSrtie4I,01A_BRONZE_OFICIAL,SIRGAS_SHP_LOTES_77_SAUDE (2).shx,application/octet-stream,shx,186564,2026-03-08T22:54:01.219Z,2025-11-30T13:10:30Z,GEO,GEO_SHP,OFICIAL,NAO,
1swO7MCVLWrEbz54Bi_FQ3DNhP4pXR4lE,01A_BRONZE_OFICIAL,SIRGAS_SHP_LOTES_47_JOSE_BONIFACIO (1).shp,application/octet-stream,shp,1772724,2026-03-08T22:53:59.416Z,2025-11-30T13:10:38Z,GEO,GEO_SHP,OFICIAL,NAO,
1ZZ1mpbv6Rv7SUh3XC5llyhrtGViUz4Yu,01A_BRONZE_OFICIAL,SIRGAS_SHP_LOTES_53_MOOCA (1).dbf,application/octet-stream,dbf,216196,2026-03-08T22:53:56.273Z,2025-11-30T13:10:54Z,GEO,GEO_SHP,OFICIAL,NAO,
1RMN37CH_Nlj6sWB21Ocjq4AVeFVihAkM,01A_BRONZE_OFICIAL,SIRGAS_SHP_LOTES_74_SAO_MIGUEL (2).dbf,application/octet-stream,dbf,276211,2026-03-08T22:53:56.292Z,2025-11-30T13:10:48Z,GEO,GEO_SHP,OFICIAL,NAO,
1oSsn7ukhyu_km1lRpxEXV0Y6ErzCU_lT,01A_BRONZE_OFICIAL,SIRGAS_SHP_LOTES_71_SANTO_AMARO (2).shx,application/octet-stream,shx,160516,2026-03-08T22:53:47.626Z,2025-11-30T13:10:32Z,GEO,GEO_SHP,OFICIAL,NAO,
1X6x2xaVDrLug9ia9QU31G1z__cbVrsyY,01A_BRONZE_OFICIAL,SIRGAS_SHP_LOTES_44_JARDIM_HELENA (1).shp,application/octet-stream,shp,3260756,2026-03-08T22:53:41.187Z,2025-11-30T13:11:06Z,GEO,GEO_SHP,OFICIAL,NAO,
15L2qfntqGhcbJk0h78dkiC0zyiYmHvgK,01A_BRONZE_OFICIAL,SIRGAS_SHP_LOTES_91_VILA_MATILDE (2).shp,application/octet-stream,shp,5475116,2026-03-08T22:53:41.867Z,2025-11-30T13:10:24Z,GEO,GEO_SHP,OFICIAL,NAO,
1-iydYOMMN37QqzDCv6BVLpHi2_caIR5W,01A_BRONZE_OFICIAL,SIRGAS_SHP_LOTES_53_MOOCA (1).shx,application/octet-stream,shx,115284,2026-03-08T22:53:39.792Z,2025-11-30T13:10:54Z,GEO,GEO_SHP,OFICIAL,NAO,
1ElpLB7FvXuz0tC-okR44CAqUwR1CZbno,01A_BRONZE_OFICIAL,SIRGAS_SHP_LOTES_85_VILA_FORMOSA (2).shx,application/octet-stream,shx,157732,2026-03-08T22:53:35.814Z,2025-11-30T13:10:46Z,GEO,GEO_SHP,OFICIAL,NAO,
15A48ae11Kg8Vf93l1OjeoDh10st1nRBt,01A_BRONZE_OFICIAL,SIRGAS_SHP_LOTES_75_SAO_RAFAEL (2).shx,application/octet-stream,shx,121140,2026-03-08T22:53:35.906Z,2025-11-30T13:10:42Z,GEO,GEO_SHP,OFICIAL,NAO,
11WkcDv0TU0xDEKfDpb5oHtGFydDttM68,01A_BRONZE_OFICIAL,SIRGAS_SHP_LOTES_65_RAPOSO_TAVARES (1).shx,application/octet-stream,shx,108180,2026-03-08T22:53:35.796Z,2025-11-30T13:10:36Z,GEO,GEO_SHP,OFICIAL,NAO,
1KTee0cPoFvthd-fqev7TJCayfwMdhq9A,01A_BRONZE_OFICIAL,SIRGAS_SHP_LOTES_35_ITAIM_BIBI (1).shx,application/octet-stream,shx,127476,2026-03-08T22:53:35.925Z,2025-11-30T13:10:20Z,GEO,GEO_SHP,OFICIAL,NAO,
1dXoAmJeu-oV10DprQBssGCKuugmoRect,01A_BRONZE_OFICIAL,SIRGAS_SHP_LOTES_96_LAJEADO (2).shx,application/octet-stream,shx,160964,2026-03-08T22:53:35.240Z,2025-11-30T13:10:16Z,GEO,GEO_SHP,OFICIAL,NAO,
1hVgEpgwGzdPon2a368_JxB2DPkE47UbV,01A_BRONZE_OFICIAL,SIRGAS_SHP_LOTES_87_VILA_JACUI (2).shp,application/octet-stream,shp,3020148,2026-03-08T22:53:31.788Z,2025-11-30T13:10:52Z,GEO,GEO_SHP,OFICIAL,NAO,
1uUObe0GHi-uo3jkhO9nMossP5rZA3u60,01A_BRONZE_OFICIAL,SIRGAS_SHP_LOTES_83_VILA_ANDRADE (2).dbf,application/octet-stream,dbf,107461,2026-03-08T22:53:31.278Z,2025-11-30T13:10:38Z,GEO,GEO_SHP,OFICIAL,NAO,
18zdyyNK6ql1YoJtzdf8Rmk2dz5kHUePL,01A_BRONZE_OFICIAL,SIRGAS_SHP_LOTES_37_ITAQUERA (1).shx,application/octet-stream,shx,230276,2026-03-08T22:53:29.655Z,2025-11-30T13:10:44Z,GEO,GEO_SHP,OFICIAL,NAO,
1BS6aVobqxoY-HUkKFMNuV9dMWrgUqKrT,01A_BRONZE_OFICIAL,SIRGAS_SHP_LOTES_69_SANTA_CECILIA (2).shp,application/octet-stream,shp,1395868,2026-03-08T22:53:25.766Z,2025-11-30T13:10:54Z,GEO,GEO_SHP,OFICIAL,NAO,
19BoDvmmpg6wkkT6ONal1Bm1Gm3kAujet,01A_BRONZE_OFICIAL,SIRGAS_SHP_LOTES_86_VILA_GUILHERME (2).dbf,application/octet-stream,dbf,191506,2026-03-08T22:53:25.006Z,2025-11-30T13:10:42Z,GEO,GEO_SHP,OFICIAL,NAO,
1EGZDsh1MFSA9nCWVufp-3dN5WzXmDFYm,01A_BRONZE_OFICIAL,SIRGAS_SHP_LOTES_42_JARAGUA (1).shp,application/octet-stream,shp,5643732,2026-03-08T22:53:24.942Z,2025-11-30T13:10:34Z,GEO,GEO_SHP,OFICIAL,NAO,
1rR_ANTll5EpDWVt-jshFMqO_aEStCW-Y,01A_BRONZE_OFICIAL,SIRGAS_SHP_LOTES_65_RAPOSO_TAVARES (1).dbf,application/octet-stream,dbf,202876,2026-03-08T22:53:24.853Z,2025-11-30T13:10:36Z,GEO,GEO_SHP,OFICIAL,NAO,
14_e2J2_K-oAk30iQZG1bjwU14TlW7Bw3,01A_BRONZE_OFICIAL,SIRGAS_SHP_LOTES_96_LAJEADO (2).dbf,application/octet-stream,dbf,301846,2026-03-08T22:53:20.085Z,2025-11-30T13:10:16Z,GEO,GEO_SHP,OFICIAL,NAO,
1E5mUhjG--UF5wDTrYcijO796kZB4ozg-,01A_BRONZE_OFICIAL,SIRGAS_SHP_LOTES_95_SAO_DOMINGOS (2).shx,application/octet-stream,shx,136020,2026-03-08T22:53:17.189Z,2025-11-30T13:10:28Z,GEO,GEO_SHP,OFICIAL,NAO,
14MTTZXzuT71GZXFayhYt6w8Rum9qHnsm,01A_BRONZE_OFICIAL,SIRGAS_SHP_LOTES_32_MOEMA (1).shx,application/octet-stream,shx,78236,2026-03-08T22:53:14.049Z,2025-11-30T13:11:12Z,GEO,GEO_SHP,OFICIAL,NAO,
1RwSnJHK9JdW_hvqUz7Qu7I2AGE5DQfIr,01A_BRONZE_OFICIAL,SIRGAS_SHP_LOTES_84_VILA_CURUCA (2).shx,application/octet-stream,shx,190188,2026-03-08T22:53:13.827Z,2025-11-30T13:10:48Z,GEO,GEO_SHP,OFICIAL,NAO,
1pHed5epOif82FxqpMC64JyRgxOxbk2E-,01A_BRONZE_OFICIAL,SIRGAS_SHP_LOTES_67_RIO_PEQUENO (2).shx,application/octet-stream,shx,155164,2026-03-08T22:53:13.881Z,2025-11-30T13:10:38Z,GEO,GEO_SHP,OFICIAL,NAO,
1k7gQq-1vR2qfHI07j6bXT3KLyMinR8az,01A_BRONZE_OFICIAL,SIRGAS_SHP_LOTES_68_SACOMA (2).dbf,application/octet-stream,dbf,450481,2026-03-08T22:53:13.711Z,2025-11-30T13:10:32Z,GEO,GEO_SHP,OFICIAL,NAO,
1F1CcqkdMKylljOLEQJkwgLpv90q26Aj9,01A_BRONZE_OFICIAL,SIRGAS_SHP_LOTES_45_JARDIM_PAULISTA.shx,application/octet-stream,shx,66116,2026-03-08T22:52:18.033Z,2025-11-30T13:10:52Z,GEO,GEO_SHP,OFICIAL,NAO,
1aBEVT_UIcNzSnSaFMgoqVrQtPqlilVfC,01A_BRONZE_OFICIAL,SIRGAS_SHP_LOTES_66_REPUBLICA.shp,application/octet-stream,shp,749796,2026-03-08T22:52:09.173Z,2025-11-30T13:10:54Z,GEO,GEO_SHP,OFICIAL,NAO,
1nfT2RmfpHEJ9brqlFzpEGQAjIZ-LlwCD,01A_BRONZE_OFICIAL,SIRGAS_SHP_LOTES_44_JARDIM_HELENA.shx,application/octet-stream,shx,148756,2026-03-08T22:52:07.008Z,2025-11-30T13:11:06Z,GEO,GEO_SHP,OFICIAL,NAO,
137kTYlNTBA6C2SxbsB82AprpOPBu1KpC,01A_BRONZE_OFICIAL,SIRGAS_SHP_LOTES_82_TUCURUVI.shx,application/octet-stream,shx,192524,2026-03-08T22:51:52.635Z,2025-11-30T13:10:28Z,GEO,GEO_SHP,OFICIAL,NAO,
1-CoIiyVSnuG5-hJlI0A21wY5lMDd11Qe,01A_BRONZE_OFICIAL,SIRGAS_SHP_LOTES_42_JARAGUA.shx,application/octet-stream,shx,147636,2026-03-08T22:51:38.134Z,2025-11-30T13:10:34Z,GEO,GEO_SHP,OFICIAL,NAO,
1C1olokl5wYdSJVuVWlU5mJm4B6VIG8y-,01A_BRONZE_OFICIAL,SIRGAS_SHP_LOTES_28_ERMELINO_MATARAZZO.dbf,application/octet-stream,dbf,245326,2026-03-08T22:51:27.049Z,2025-11-30T13:11:02Z,GEO,GEO_SHP,OFICIAL,NAO,
1DAYmsUmvX0bzGgyJgtZem6H9YsfcEmzR,01A_BRONZE_OFICIAL,SIRGAS_SHP_LOTES_94_VILA_SONIA.dbf,application/octet-stream,dbf,266866,2026-03-08T22:51:19.626Z,2025-11-30T13:10:28Z,GEO,GEO_SHP,OFICIAL,NAO,
17qRjvTikp5h40_3jal0DtN71U19zMzbU,01A_BRONZE_OFICIAL,SIRGAS_SHP_LOTES_50_LIMAO.shx,application/octet-stream,shx,117940,2026-03-08T22:51:06.698Z,2025-11-30T13:10:16Z,GEO,GEO_SHP,OFICIAL,NAO,
1zcYFHbKmqF0D3wHMBMauLPP1LCqAvjU7,01A_BRONZE_OFICIAL,SIRGAS_SHP_LOTES_13_CACHOEIRINHA.shx,application/octet-stream,shx,140500,2026-03-08T22:50:43.965Z,2025-11-30T13:10:32Z,GEO,GEO_SHP,OFICIAL,NAO,
15jLl8WlYUwV4vJnw3jcMkDZ23EnNbG7Y,01A_BRONZE_OFICIAL,SIRGAS_SHP_LOTES_61_PERUS.dbf,application/octet-stream,dbf,147391,2026-03-08T22:50:26.193Z,2025-11-30T13:10:26Z,GEO,GEO_SHP,OFICIAL,NAO,
1e91oNamIP7w6GqlIAmAJlYxEeryxmnEq,01A_BRONZE_OFICIAL,SIRGAS_SHP_LOTES_65_RAPOSO_TAVARES.dbf,application/octet-stream,dbf,202876,2026-03-08T22:50:19.278Z,2025-11-30T13:10:36Z,GEO,GEO_SHP,OFICIAL,NAO,
1SQUXhZtKQ6tbEjLaydDWOHKQ2suGSaWg,01A_BRONZE_OFICIAL,SIRGAS_SHP_LOTES_64_PONTE_RASA.shx,application/octet-stream,shx,157532,2026-03-08T22:50:15.400Z,2025-11-30T13:10:40Z,GEO,GEO_SHP,OFICIAL,NAO,
1WdTK-4cdyhMOmBmDzDy6To1ZUMeQ_GDF,01A_BRONZE_OFICIAL,SIRGAS_SHP_LOTES_24_CIDADE_LIDER.shx,application/octet-stream,shx,186020,2026-03-08T22:50:05.410Z,2025-11-30T13:10:20Z,GEO,GEO_SHP,OFICIAL,NAO,
13Sqpl2MZi3g49xb56_tiFQOU5zj5PBBj,01A_BRONZE_OFICIAL,SIRGAS_SHP_LOTES_84_VILA_CURUCA.shx,application/octet-stream,shx,190188,2026-03-08T22:49:52.101Z,2025-11-30T13:10:48Z,GEO,GEO_SHP,OFICIAL,NAO,
1-ETe0_RneED2jcn175PGUqiBoqrEx9Fh,01A_BRONZE_OFICIAL,SIRGAS_SHP_LOTES_52_MARSILAC.shp,application/octet-stream,shp,224764,2026-03-08T22:49:49.374Z,2025-11-30T13:11:18Z,GEO,GEO_SHP,OFICIAL,NAO,
1EuzzR0w4TDu-SqO_kAtJgZH4K9CSgvPH,01A_BRONZE_OFICIAL,SIRGAS_SHP_LOTES_66_REPUBLICA.shx,application/octet-stream,shx,23956,2026-03-08T22:49:40.287Z,2025-11-30T13:10:54Z,GEO,GEO_SHP,OFICIAL,NAO,
14tzchwiK8uXWBtGoT1399TO-wMmY1Rj1,01A_BRONZE_OFICIAL,SIRGAS_SHP_LOTES_48_LAPA.dbf,application/octet-stream,dbf,244261,2026-03-08T22:49:41.185Z,2025-11-30T13:10:22Z,GEO,GEO_SHP,OFICIAL,NAO,
1Bkvi_Nko58rM8Gr78mivacE9wnxRcoOZ,01A_BRONZE_OFICIAL,SIRGAS_SHP_LOTES_10_BRAS.dbf,application/octet-stream,dbf,110371,2026-03-08T22:49:16.523Z,2025-11-30T13:10:56Z,GEO,GEO_SHP,OFICIAL,NAO,
1dUDHP1XMU3CZylfPlSyTdYKFhjtivuIR,01A_BRONZE_OFICIAL,SIRGAS_SHP_LOTES_90_VILA_MARIANA.shx,application/octet-stream,shx,132148,2026-03-08T22:49:00.325Z,2025-11-30T13:10:50Z,GEO,GEO_SHP,OFICIAL,NAO,
1XFcYVSwSCZ-c-n0OXwymUOPXn6Lwc8Lo,01A_BRONZE_OFICIAL,SIRGAS_SHP_LOTES_50_LIMAO.dbf,application/octet-stream,dbf,221176,2026-03-08T22:48:54.352Z,2025-11-30T13:10:16Z,GEO,GEO_SHP,OFICIAL,NAO,
1kFJCWw1rc-ej_jmPkQhCEhvsjUHVPuvl,01A_BRONZE_OFICIAL,SIRGAS_SHP_LOTES_85_VILA_FORMOSA.dbf,application/octet-stream,dbf,295786,2026-03-08T22:48:46.226Z,2025-11-30T13:10:46Z,GEO,GEO_SHP,OFICIAL,NAO,
15qUHExvhSw_0JJgNTA6FzwFW2LIsEfwP,01A_BRONZE_OFICIAL,SIRGAS_SHP_LOTES_26_CONSOLACAO.dbf,application/octet-stream,dbf,53881,2026-03-08T22:48:40.247Z,2025-11-30T13:10:48Z,GEO,GEO_SHP,OFICIAL,NAO,
1-0g9rZwd3TtJWaeLYiLYSInOUuYZq2i7,01A_BRONZE_OFICIAL,SIRGAS_SHP_LOTES_33_IGUATEMI.shx,application/octet-stream,shx,143788,2026-03-08T22:48:35.587Z,2025-11-30T13:11:00Z,GEO,GEO_SHP,OFICIAL,NAO,
1O0emxkOzajBnw_NYTgUh1X5xqaNQW19k,01A_BRONZE_OFICIAL,SIRGAS_SHP_LOTES_53_MOOCA.shx,application/octet-stream,shx,115284,2026-03-08T22:48:28.495Z,2025-11-30T13:10:54Z,GEO,GEO_SHP,OFICIAL,NAO,
1YYbo1yPwS8tyYXnKou6nUjJlvE3YQvGH,01A_BRONZE_OFICIAL,SIRGAS_SHP_LOTES_49_LIBERDADE.dbf,application/octet-stream,dbf,103831,2026-03-08T22:47:29.527Z,2025-11-30T13:10:58Z,GEO,GEO_SHP,OFICIAL,NAO,
1HxdZ8mQRUJ-KSBPBEL-L57BRD2x203-e,01A_BRONZE_OFICIAL,SIRGAS_SHP_LOTES_55_PARELHEIROS.dbf,application/octet-stream,dbf,188206,2026-03-08T22:47:26.902Z,2025-11-30T13:11:02Z,GEO,GEO_SHP,OFICIAL,NAO,
1eTdj6cbJh3MEIdxpx7mcifZ_gsAITPFf,01A_BRONZE_OFICIAL,SIRGAS_SHP_LOTES_18_CANGAIBA.shx,application/octet-stream,shx,177212,2026-03-08T22:47:26.885Z,2025-11-30T13:10:44Z,GEO,GEO_SHP,OFICIAL,NAO,
1644AONnebSH5C78Rju9q-kWc5XrL7nR6,01A_BRONZE_OFICIAL,SIRGAS_SHP_LOTES_57_PARQUE_DO_CARMO.shx,application/octet-stream,shx,89188,2026-03-08T22:47:26.924Z,2025-11-30T13:10:20Z,GEO,GEO_SHP,OFICIAL,NAO,
1oXqcIbmLqf_H3H-w5JNG4bYqupJNhLfB,01A_BRONZE_OFICIAL,SIRGAS_SHP_LOTES_79_SOCORRO.dbf,application/octet-stream,dbf,161641,2026-03-08T22:47:23.452Z,2025-11-30T13:10:16Z,GEO,GEO_SHP,OFICIAL,NAO,
1Vr2cXWqA2TJCijrFmJWHtQoaebsr3kl5,01A_BRONZE_OFICIAL,SIRGAS_SHP_LOTES_07_BELA_VISTA.shx,application/octet-stream,shx,30820,2026-03-08T22:46:58.597Z,2025-11-30T13:10:44Z,GEO,GEO_SHP,OFICIAL,NAO,
1Qpha4-HT4abJMLfcveMIdbIcer-Fezjy,01A_BRONZE_OFICIAL,SIRGAS_SHP_LOTES_17_CAMPO_LIMPO.shx,application/octet-stream,shx,203660,2026-03-08T22:46:41.670Z,2025-11-30T13:10:38Z,GEO,GEO_SHP,OFICIAL,NAO,
1xl3C8CZMfoA1Dml43CBxWsXWtlrcoSB4,01A_BRONZE_OFICIAL,SIRGAS_SHP_LOTES_08_BELEM.dbf,application/octet-stream,dbf,160681,2026-03-08T22:46:33.863Z,2025-11-30T13:10:56Z,GEO,GEO_SHP,OFICIAL,NAO,
1GAK01Rd-kOEnl9AveF8S8-pO927X6E-S,01A_BRONZE_OFICIAL,SIRGAS_SHP_LOTES_39_JACANA.dbf,application/octet-stream,dbf,231676,2026-03-08T22:46:33.268Z,2025-11-30T13:10:30Z,GEO,GEO_SHP,OFICIAL,NAO,
1JESoUvDnIexAwXrOcwd6xUcRR2epMx7O,01A_BRONZE_OFICIAL,SIRGAS_SHP_LOTES_25_CIDADE_TIRADENTES.dbf,application/octet-stream,dbf,239476,2026-03-08T22:46:21.850Z,2025-11-30T13:10:18Z,GEO,GEO_SHP,OFICIAL,NAO,
1kNybcaaceynW0cksznQCFflJA4At-aZh,01A_BRONZE_OFICIAL,SIRGAS_SHP_LOTES_02_ALTO_DE_PINHEIROS.shx,application/octet-stream,shx,71716,2026-03-08T22:46:14.260Z,2025-11-30T13:10:30Z,GEO,GEO_SHP,OFICIAL,NAO,
1nmSpYmC-m9MmN__M4MibXhAjHBtYjh1b,01A_BRONZE_OFICIAL,SIRGAS_SHP_LOTES_41_JAGUARE.dbf,application/octet-stream,dbf,94741,2026-03-08T22:46:04.653Z,2025-11-30T13:10:28Z,GEO,GEO_SHP,OFICIAL,NAO,
1XFcb3ng-9iD2lf3pXMHeGLTSyBUYnbH7,01A_BRONZE_OFICIAL,SIRGAS_SHP_LOTES_60_PERDIZES.dbf,application/octet-stream,dbf,212101,2026-03-08T22:45:33.758Z,2025-11-30T13:10:50Z,GEO,GEO_SHP,OFICIAL,NAO,
1wxzZZAVaabzPN2sCJYCoHG00VKK6j5Nv,01A_BRONZE_OFICIAL,SIRGAS_SHP_LOTES_20_CARRAO.shx,application/octet-stream,shx,154172,2026-03-08T22:45:30.404Z,2025-11-30T13:10:46Z,GEO,GEO_SHP,OFICIAL,NAO,
16ywPaJTRERoKwtaWc2R_BeUYTMrz0eyZ,01A_BRONZE_OFICIAL,SIRGAS_SHP_LOTES_46_JARDIM_SAO_LUIS.shx,application/octet-stream,shx,242564,2026-03-08T22:44:54.403Z,2025-11-30T13:10:26Z,GEO,GEO_SHP,OFICIAL,NAO,
17TnqascbF7BU5-HNj-vFr9kz6_Z95n2H,01A_BRONZE_OFICIAL,SIRGAS_SHP_LOTES_72_SAO_LUCAS.shx,application/octet-stream,shx,218668,2026-03-08T22:44:50.256Z,2025-11-30T13:11:10Z,GEO,GEO_SHP,OFICIAL,NAO,
1dblG7P2Pr9EJU0CccpMdLDxB_nfaSNIw,01A_BRONZE_OFICIAL,SIRGAS_SHP_LOTES_21_CASA_VERDE.shx,application/octet-stream,shx,135012,2026-03-08T22:44:43.859Z,2025-11-30T13:10:28Z,GEO,GEO_SHP,OFICIAL,NAO,
1wZvmlpLERvCQ1M9qbvU5qNWfiDblXfTT,01A_BRONZE_OFICIAL,SIRGAS_SHP_LOTES_31_GUAIANASES.shx,application/octet-stream,shx,114508,2026-03-08T22:44:39.243Z,2025-11-30T13:10:58Z,GEO,GEO_SHP,OFICIAL,NAO,
1gLbrcgG4FpmaJIRNHH_sNrQ0hYBpBOBq,01A_BRONZE_OFICIAL,SIRGAS_SHP_LOTES_28_ERMELINO_MATARAZZO.shx,application/octet-stream,shx,130820,2026-03-08T22:44:29.258Z,2025-11-30T13:11:02Z,GEO,GEO_SHP,OFICIAL,NAO,
1Rc-eF9B3ggsQwmYvwtm76WjhYqEPvw2M,01A_BRONZE_OFICIAL,SIRGAS_SHP_LOTES_95_SAO_DOMINGOS.dbf,application/octet-stream,dbf,255076,2026-03-08T22:44:27.671Z,2025-11-30T13:10:28Z,GEO,GEO_SHP,OFICIAL,NAO,
13yvBFdKkxBD3-0vt-8xbDN9MNjAap1hX,01A_BRONZE_OFICIAL,SIRGAS_SHP_LOTES_46_JARDIM_SAO_LUIS.dbf,application/octet-stream,dbf,454846,2026-03-08T22:44:24.305Z,2025-11-30T13:10:26Z,GEO,GEO_SHP,OFICIAL,NAO,
1vI_QdtS97u1n0JUVR7YNNf4kOltsZXRI,01A_BRONZE_OFICIAL,SIRGAS_SHP_LOTES_52_MARSILAC.dbf,application/octet-stream,dbf,18121,2026-03-08T22:44:22.009Z,2025-11-30T13:11:18Z,GEO,GEO_SHP,OFICIAL,NAO,
1hbNSiRyc-gmCBXsK-Kagq-IqhVPgLz8X,01A_BRONZE_OFICIAL,SIRGAS_SHP_LOTES_09_BOM_RETIRO.shx,application/octet-stream,shx,52764,2026-03-08T22:44:03.966Z,2025-11-30T13:10:56Z,GEO,GEO_SHP,OFICIAL,NAO,
1yIVLRKynf1Th1pTv2Dms_Sb2V9xmdRis,01A_BRONZE_OFICIAL,SIRGAS_SHP_LOTES_89_VILA_MARIA.dbf,application/octet-stream,dbf,297961,2026-03-08T22:43:56.376Z,2025-11-30T13:10:54Z,GEO,GEO_SHP,OFICIAL,NAO,
1j3tn36jdxFJQAveBFqPG_7USOpIOwVvS,01A_BRONZE_OFICIAL,SIRGAS_SHP_LOTES_27_CURSINO.shx,application/octet-stream,shx,160788,2026-03-08T22:43:56.359Z,2025-11-30T13:10:52Z,GEO,GEO_SHP,OFICIAL,NAO,
1BSSC1KMk_kltrGM8e1WVgCyIzWoZFX7X,01A_BRONZE_OFICIAL,SIRGAS_SHP_LOTES_87_VILA_JACUI.dbf,application/octet-stream,dbf,254866,2026-03-08T22:43:54.732Z,2025-11-30T13:10:52Z,GEO,GEO_SHP,OFICIAL,NAO,
1nesGynH-d9O7-uCh9KkUvcfQyCeZiHDs,01A_BRONZE_OFICIAL,SIRGAS_SHP_LOTES_12_BUTANTA.dbf,application/octet-stream,dbf,199261,2026-03-08T22:43:54.799Z,2025-11-30T13:10:36Z,GEO,GEO_SHP,OFICIAL,NAO,
1aiox8o41Go_uFycNRZGxCtC8s4YFsOri,01A_BRONZE_OFICIAL,SIRGAS_SHP_LOTES_71_SANTO_AMARO.dbf,application/octet-stream,dbf,301006,2026-03-08T22:43:52.526Z,2025-11-30T13:10:32Z,GEO,GEO_SHP,OFICIAL,NAO,
1GgG6lyn59uoVW3v6-owAtjuMP8_0jd7_,01A_BRONZE_OFICIAL,SIRGAS_SHP_LOTES_70_SANTANA.shx,application/octet-stream,shx,178116,2026-03-08T22:43:32.008Z,2025-11-30T13:10:34Z,GEO,GEO_SHP,OFICIAL,NAO,
1qq-X3-90BQXzZsRBJ3tbKZbmBFF8g_Od,01A_BRONZE_OFICIAL,SIRGAS_SHP_LOTES_58_PEDREIRA.shx,application/octet-stream,shx,122396,2026-03-08T22:43:22.797Z,2025-11-30T13:10:20Z,GEO,GEO_SHP,OFICIAL,NAO,
10aeFV1XHJKHk-kYf-2KysrsL7gDJOGFY,01A_BRONZE_OFICIAL,SIRGAS_SHP_LOTES_14_CAMBUCI.shx,application/octet-stream,shx,57436,2026-03-08T22:43:13.782Z,2025-11-30T13:10:58Z,GEO,GEO_SHP,OFICIAL,NAO,
1lHayPgOB6OBs8Awo1x1-av6Op-YktjhF,01A_BRONZE_OFICIAL,SIRGAS_SHP_LOTES_81_TREMEMBE.shx,application/octet-stream,shx,207180,2026-03-08T22:42:53.847Z,2025-11-30T13:10:24Z,GEO,GEO_SHP,OFICIAL,NAO,
1EuNOuPUcZ9xDyQADRC6UnQc9StrrC-cQ,01A_BRONZE_OFICIAL,SIRGAS_SHP_LOTES_88_VILA_LEOPOLDINA.shx,application/octet-stream,shx,44972,2026-03-08T22:42:33.733Z,2025-11-30T13:10:40Z,GEO,GEO_SHP,OFICIAL,NAO,
1XMJLmKA7esSwTGt_Bk-ADffEExRvDptF,01A_BRONZE_OFICIAL,SIRGAS_SHP_LOTES_96_LAJEADO.shx,application/octet-stream,shx,160964,2026-03-08T22:42:29.800Z,2025-11-30T13:10:16Z,GEO,GEO_SHP,OFICIAL,NAO,
16FGW_gd7OpoC-gQZH55K_ht_Zl1FZm8i,01A_BRONZE_OFICIAL,SIRGAS_SHP_LOTES_15_CAMPO_BELO.shx,application/octet-stream,shx,117180,2026-03-08T22:42:11.973Z,2025-11-30T13:10:34Z,GEO,GEO_SHP,OFICIAL,NAO,
1niP0fjHHyy9sQyCGisMCANs0kA69sfCX,01A_BRONZE_OFICIAL,SIRGAS_SHP_LOTES_18_CANGAIBA.dbf,application/octet-stream,dbf,332311,2026-03-08T22:41:59.676Z,2025-11-30T13:10:44Z,GEO,GEO_SHP,OFICIAL,NAO,
1eqF_xq9bofkziHtpYTYQ8hgAe1V-v3AS,01A_BRONZE_OFICIAL,SIRGAS_SHP_LOTES_35_ITAIM_BIBI.shx,application/octet-stream,shx,127476,2026-03-08T22:41:49.998Z,2025-11-30T13:10:20Z,GEO,GEO_SHP,OFICIAL,NAO,
1U9vNQXa6b-ZG8-fqtI4vgUCEfwli0Ega,01A_BRONZE_OFICIAL,SIRGAS_SHP_LOTES_06_BARRA_FUNDA.shx,application/octet-stream,shx,20348,2026-03-08T22:41:41.694Z,2025-11-30T13:10:50Z,GEO,GEO_SHP,OFICIAL,NAO,
1mKgsmdMqLrNnK-eWEvc1hBF5xMK4-vGu,01A_BRONZE_OFICIAL,SIRGAS_SHP_LOTES_77_SAUDE.dbf,application/octet-stream,dbf,349846,2026-03-08T22:41:02.683Z,2025-11-30T13:10:30Z,GEO,GEO_SHP,OFICIAL,NAO,
1Fl5OIMh4MQPJGTvfzyss5hN5dSAoL3pe,01A_BRONZE_OFICIAL,SIRGAS_SHP_LOTES_15_CAMPO_BELO.dbf,application/octet-stream,dbf,219751,2026-03-08T22:40:59.244Z,2025-11-30T13:10:34Z,GEO,GEO_SHP,OFICIAL,NAO,
1z0W5h9rNYUv5Umnv2H6WcI9NdKbL7T9r,01A_BRONZE_OFICIAL,SIRGAS_SHP_LOTES_04_ARICANDUVA.shx,application/octet-stream,shx,166388,2026-03-08T22:40:57.205Z,2025-11-30T13:11:16Z,GEO,GEO_SHP,OFICIAL,NAO,
1NlvPqWFk6LD5Nc1_8qZSBVgkxmX0EStn,01A_BRONZE_OFICIAL,SIRGAS_SHP_LOTES_19_CAPAO_REDONDO.dbf,application/octet-stream,dbf,440941,2026-03-08T22:40:46.549Z,2025-11-30T13:10:50Z,GEO,GEO_SHP,OFICIAL,NAO,
1orfG7wLuphnbqzlKkYtAdoUV10QHexJJ,01A_BRONZE_OFICIAL,SIRGAS_SHP_LOTES_29_FREGUESIA_DO_O.dbf,application/octet-stream,dbf,412876,2026-03-08T22:40:42.930Z,2025-11-30T13:10:14Z,GEO,GEO_SHP,OFICIAL,NAO,
1dSzVq3aY39sb-bRTK5dtIpXGGOVmuSPE,01A_BRONZE_OFICIAL,SIRGAS_SHP_LOTES_07_BELA_VISTA.dbf,application/octet-stream,dbf,57826,2026-03-08T22:40:31.970Z,2025-11-30T13:10:44Z,GEO,GEO_SHP,OFICIAL,NAO,
1MKXvJMSdkS2M3pBSaFcpcSJrGgHCP469,01A_BRONZE_OFICIAL,SIRGAS_SHP_LOTES_34_IPIRANGA.dbf,application/octet-stream,dbf,307876,2026-03-08T22:40:30.418Z,2025-11-30T13:10:52Z,GEO,GEO_SHP,OFICIAL,NAO,
1bGHLNkBvs9o7u5rETwAsq9HWZHe3Iqgw,01A_BRONZE_OFICIAL,SIRGAS_SHP_LOTES_76_SAPOPEMBA.dbf,application/octet-stream,dbf,622426,2026-03-08T22:40:19.690Z,2025-11-30T13:10:24Z,GEO,GEO_SHP,OFICIAL,NAO,
1iy6A3FplplQig-_ORnoFepJI5UIotPaB,01A_BRONZE_OFICIAL,SIRGAS_SHP_LOTES_69_SANTA_CECILIA.dbf,application/octet-stream,dbf,84001,2026-03-08T22:40:17.362Z,2025-11-30T13:10:54Z,GEO,GEO_SHP,OFICIAL,NAO,
1pv7pzG-oXDfDA5u3p-5EXWZs4DXGtTUY,01A_BRONZE_OFICIAL,SIRGAS_SHP_LOTES_26_CONSOLACAO.shx,application/octet-stream,shx,28716,2026-03-08T22:40:07.140Z,2025-11-30T13:10:48Z,GEO,GEO_SHP,OFICIAL,NAO,
1LywlPo6iXyQ5LHn4XaTiHys38Fv30Js3,01A_BRONZE_OFICIAL,SIRGAS_SHP_LOTES_59_PENHA.dbf,application/octet-stream,dbf,439411,2026-03-08T22:39:58.707Z,2025-11-30T13:10:30Z,GEO,GEO_SHP,OFICIAL,NAO,
1XL4QW1NgCoVUGtTcfjb3aUmmZwEjDWJa,01A_BRONZE_OFICIAL,SIRGAS_SHP_LOTES_94_VILA_SONIA.shx,application/octet-stream,shx,142308,2026-03-08T22:39:58.674Z,2025-11-30T13:10:28Z,GEO,GEO_SHP,OFICIAL,NAO,
1tOIkr9R1pShU1BMAozBJh2SdGobtdLHO,01A_BRONZE_OFICIAL,SIRGAS_SHP_LOTES_67_RIO_PEQUENO.shx,application/octet-stream,shx,155164,2026-03-08T22:39:51.579Z,2025-11-30T13:10:38Z,GEO,GEO_SHP,OFICIAL,NAO,
1y3klOks__bxt9hKg479Mjgal8p3OGVSb,01A_BRONZE_OFICIAL,SIRGAS_SHP_LOTES_56_PARI.shx,application/octet-stream,shx,40556,2026-03-08T22:39:50.768Z,2025-11-30T13:10:54Z,GEO,GEO_SHP,OFICIAL,NAO,
1lOeX0-UfWVOvBW4i6d73diyHU0h0AIE0,01A_BRONZE_OFICIAL,SIRGAS_SHP_LOTES_80_TATUAPE.shx,application/octet-stream,shx,146012,2026-03-08T22:39:44.767Z,2025-11-30T13:11:18Z,GEO,GEO_SHP,OFICIAL,NAO,
1zsQ9V8DEzKEcIWXG0eWEbiN8wZXXU5-a,01A_BRONZE_OFICIAL,SIRGAS_SHP_LOTES_34_IPIRANGA.shx,application/octet-stream,shx,164180,2026-03-08T22:39:35.153Z,2025-11-30T13:10:52Z,GEO,GEO_SHP,OFICIAL,NAO,
1cf63jgWWOQp_4Es-4Ugq0TEbCYwZrXl4,01A_BRONZE_OFICIAL,SIRGAS_SHP_LOTES_29_FREGUESIA_DO_O.shx,application/octet-stream,shx,220180,2026-03-08T22:39:27.992Z,2025-11-30T13:10:14Z,GEO,GEO_SHP,OFICIAL,NAO,
1HZEGrre6epqhBtXo7S8zUF6GJDkXxHcM,01A_BRONZE_OFICIAL,SIRGAS_SHP_LOTES_01_AGUA_RASA.shx,application/octet-stream,shx,168076,2026-03-08T22:39:20.238Z,2025-11-30T13:10:42Z,GEO,GEO_SHP,OFICIAL,NAO,
1IrrtknuUFEKAelWuHq6V9Hn359h18iC8,01A_BRONZE_OFICIAL,SIRGAS_SHP_LOTES_73_SAO_MATEUS.dbf,application/octet-stream,dbf,412681,2026-03-08T22:39:18.594Z,2025-11-30T13:10:22Z,GEO,GEO_SHP,OFICIAL,NAO,
1S5EwI1tq-KL_mnZvzQ4h-eHve4UuR0RO,01A_BRONZE_OFICIAL,SIRGAS_SHP_LOTES_72_SAO_LUCAS.dbf,application/octet-stream,dbf,410041,2026-03-08T22:39:05.119Z,2025-11-30T13:11:10Z,GEO,GEO_SHP,OFICIAL,NAO,
1-8ensXj9t0b5mHv_0-mq8omm7J0quWGz,01A_BRONZE_OFICIAL,SIRGAS_SHP_LOTES_85_VILA_FORMOSA.shx,application/octet-stream,shx,157732,2026-03-08T22:38:19.972Z,2025-11-30T13:10:46Z,GEO,GEO_SHP,OFICIAL,NAO,
1i2MTZZ0m8bV6Mnl7C3NJ1ke0Z4ujIlTK,01A_BRONZE_OFICIAL,SIRGAS_SHP_LOTES_11_BRASILANDIA.dbf,application/octet-stream,dbf,425476,2026-03-08T22:38:09.396Z,2025-11-30T13:10:56Z,GEO,GEO_SHP,OFICIAL,NAO,
1xjlm-NJyorvRQozy9vXSR3gQfOVfJ0Hc,01A_BRONZE_OFICIAL,SIRGAS_SHP_LOTES_33_IGUATEMI.dbf,application/octet-stream,dbf,269641,2026-03-08T22:37:45.586Z,2025-11-30T13:11:00Z,GEO,GEO_SHP,OFICIAL,NAO,
1DcKZTN0z1VXzxH2AeQVWR70tIHtdMtQI,01A_BRONZE_OFICIAL,SIRGAS_SHP_LOTES_16_CAMPO_GRANDE.shx,application/octet-stream,shx,135036,2026-03-08T22:37:39.342Z,2025-11-30T13:10:16Z,GEO,GEO_SHP,OFICIAL,NAO,
1zMMERr30RbLkfurw3oRIB4wWLbo3SgyG,01A_BRONZE_OFICIAL,SIRGAS_SHP_LOTES_79_SOCORRO.shx,application/octet-stream,shx,86188,2026-03-08T22:37:38.218Z,2025-11-30T13:10:16Z,GEO,GEO_SHP,OFICIAL,NAO,
1ivDdCNnwZLzW9NKesA6iU_IZVQqxUx85,01A_BRONZE_OFICIAL,SIRGAS_SHP_LOTES_78_SE.shx,application/octet-stream,shx,21780,2026-03-08T22:37:30.784Z,2025-11-30T13:10:56Z,GEO,GEO_SHP,OFICIAL,NAO,
1-xp5zhyc0ltlpJaYtKOzd-YzqXDrJtZP,01A_BRONZE_OFICIAL,SIRGAS_SHP_LOTES_37_ITAQUERA.shx,application/octet-stream,shx,230276,2026-03-08T22:37:17.279Z,2025-11-30T13:10:44Z,GEO,GEO_SHP,OFICIAL,NAO,
1WEQeudCHmEoQU_WwKxCR2mnj5RrRe9Gh,01A_BRONZE_OFICIAL,SIRGAS_SHP_LOTES_51_MANDAQUI.shx,application/octet-stream,shx,140652,2026-03-08T22:37:08.708Z,2025-11-30T13:10:32Z,GEO,GEO_SHP,OFICIAL,NAO,
1aRhsKatAKW4KYNmaD125r8NpQFooJHdD,01A_BRONZE_OFICIAL,SIRGAS_SHP_LOTES_40_JAGUARA.dbf,application/octet-stream,dbf,98461,2026-03-08T22:37:06.303Z,2025-11-30T13:10:26Z,GEO,GEO_SHP,OFICIAL,NAO,
1LSIa4hL-4Dgc8wPfaN5dlWYJQXpbVdyT,01A_BRONZE_OFICIAL,SIRGAS_SHP_LOTES_84_VILA_CURUCA.dbf,application/octet-stream,dbf,356641,2026-03-08T22:37:04.375Z,2025-11-30T13:10:48Z,GEO,GEO_SHP,OFICIAL,NAO,
1vfr_AM7wc4kCLyrfKA-rZLNEgf47sqL5,01A_BRONZE_OFICIAL,SIRGAS_SHP_LOTES_13_CACHOEIRINHA.dbf,application/octet-stream,dbf,263476,2026-03-08T22:37:04.357Z,2025-11-30T13:10:32Z,GEO,GEO_SHP,OFICIAL,NAO,
1qMLEVtnUiMc-ODaoUSLQbVpFuWBm7hJu,01A_BRONZE_OFICIAL,SIRGAS_SHP_LOTES_30_GRAJAU.shx,application/octet-stream,shx,244604,2026-03-08T22:36:57.042Z,2025-11-30T13:10:42Z,GEO,GEO_SHP,OFICIAL,NAO,
1ZS4mJGPBDDZ4TXXZDjBYk5HpNk-5q6r2,01A_BRONZE_OFICIAL,SIRGAS_SHP_LOTES_74_SAO_MIGUEL.dbf,application/octet-stream,dbf,276211,2026-03-08T22:36:25.248Z,2025-11-30T13:10:48Z,GEO,GEO_SHP,OFICIAL,NAO,
1HjqH5t0BfaJAYmsx6V_6_51ToPeaRV8J,01A_BRONZE_OFICIAL,SIRGAS_SHP_LOTES_55_PARELHEIROS.shx,application/octet-stream,shx,100356,2026-03-08T22:36:19.492Z,2025-11-30T13:11:02Z,GEO,GEO_SHP,OFICIAL,NAO,
1XIzhR_dKHFD2OcqR5I_7gdXHtM8GAhPL,01A_BRONZE_OFICIAL,SIRGAS_SHP_subvencao_economica.shx,application/octet-stream,shx,348,2026-03-08T23:19:45.347Z,2025-11-07T20:27:42Z,GEO,GEO_SHP,OFICIAL,NAO,
1IoHdMEUG94eesZVl226IbD6Hhr3MlxcG,01A_BRONZE_OFICIAL,SIRGAS_SHP_subvencao_economica.dbf,application/octet-stream,dbf,90195,2026-03-08T22:53:44.711Z,2025-11-07T20:27:42Z,GEO,GEO_SHP,OFICIAL,NAO,
1VAHUoJ06r4S1lSIQLRjCQFRaSZvOPnWC,01A_BRONZE_OFICIAL,SIRGAS_SHP_subvencao_economica.shp,application/octet-stream,shp,968,2026-03-08T22:42:29.141Z,2025-11-07T20:27:42Z,GEO,GEO_SHP,OFICIAL,NAO,
1XIBZaTmdMkg2S9fcOf_-MMNbhWZ8459B,01A_BRONZE_OFICIAL,oo_2014-2023.xlsx,application/vnd.openxmlformats-officedocument.spreadsheetml.sheet,xlsx,788688,2026-03-08T23:32:10.547Z,2025-09-23T11:48:20Z,OUTRO,PLANILHA,DESCONHECIDO,NAO,
1CAUGKPzgKmsDj547TLsSMXJOht08R0nm,01A_BRONZE_OFICIAL,SIRGAS_SHP_cota_solidariedade.shx,application/octet-stream,shx,5444,2026-03-08T23:33:47.396Z,2025-09-14T14:35:08Z,GEO,GEO_SHP,OFICIAL,NAO,
1cSJgtztnivRBdpo-e3iahMxPWN3SWJmm,01A_BRONZE_OFICIAL,SIRGAS_SHP_cota_solidariedade.shp,application/octet-stream,shp,185652,2026-03-08T22:37:18.074Z,2025-09-14T14:35:08Z,GEO,GEO_SHP,OFICIAL,NAO,
1bJ_z2IqWDS0oOKusUDupQgxyDUQe6yT6,01A_BRONZE_OFICIAL,oo_2002-2014.xlsx,application/vnd.openxmlformats-officedocument.spreadsheetml.sheet,xlsx,668158,2026-03-08T23:35:58.569Z,2025-09-02T18:05:24Z,OUTRO,PLANILHA,DESCONHECIDO,NAO,
1wWJKVv4O8xC-qe0y0LLvsqGznEzLVix9,01A_BRONZE_OFICIAL,SIRGAS_SHP_requalifica_centro.shx,application/octet-stream,shx,140,2026-03-08T23:29:18.537Z,2025-06-09T19:28:11Z,GEO,GEO_SHP,OFICIAL,NAO,
1Ov3eLc5IGRftO7hOkutR3doowIl9s9gi,01A_BRONZE_OFICIAL,SIRGAS_SHP_requalifica_centro (2).dbf,application/octet-stream,dbf,4691,2026-03-08T22:53:24.913Z,2025-06-09T19:28:11Z,GEO,GEO_SHP,OFICIAL,NAO,
1Vrd6F4z7BLkhWLjwokfEpdFVVfMizRMZ,01A_BRONZE_OFICIAL,SIRGAS_SHP_requalifica_centro.shp,application/octet-stream,shp,8028,2026-03-08T22:52:12.181Z,2025-06-09T19:28:11Z,GEO,GEO_SHP,OFICIAL,NAO,
1oubxe-YO_-pkR-OGLvbaWWOfBwTeivHQ,01A_BRONZE_OFICIAL,SIRGAS_SHP_requalifica_centro.prj,application/octet-stream,prj,442,2026-03-08T22:51:53.384Z,2025-06-09T19:28:11Z,GEO,GEO_SHP,OFICIAL,NAO,
1zNSg0GrtpKpAiOb_IpbrH_9CkcwaxMki,01A_BRONZE_OFICIAL,SIRGAS_SHP_requalifica_centro.dbf,application/octet-stream,dbf,4691,2026-03-08T22:46:17.082Z,2025-06-09T19:28:11Z,GEO,GEO_SHP,OFICIAL,NAO,
1K1putISqMywzn3SyY5UudTIBI6FQLqPi,01A_BRONZE_OFICIAL,SIRGAS_SHP_baciahidro_polygon.dbf,application/octet-stream,dbf,294122,2026-03-08T22:49:38.194Z,2024-11-13T15:00:18Z,GEO,GEO_SHP,OFICIAL,NAO,
1ufkFTkVYBwPkSlp3DOEmlq_fdWMhRDzw,01A_BRONZE_OFICIAL,SIRGAS_SHP_baciahidro_polygon.shx,application/octet-stream,shx,2212,2026-03-08T22:48:47.028Z,2024-11-13T15:00:18Z,GEO,GEO_SHP,OFICIAL,NAO,
1Gy_XKktDGF-udXMuhPkiVMXVhg-FypuO,01A_BRONZE_OFICIAL,SIRGAS_SHP_baciahidro_polygon.cpg,application/octet-stream,cpg,5,2026-03-08T22:43:54.780Z,2024-11-13T15:00:16Z,GEO,GEO_SHP,OFICIAL,NAO,
1lqAoobndSICy19vVJA3M76JzOLzmvCfS,01A_BRONZE_OFICIAL,SIRGAS_SHP_zeup_zemp.shx,application/octet-stream,shx,2756,2026-03-08T23:22:43.435Z,2022-07-04T13:33:56Z,GEO,GEO_SHP,OFICIAL,NAO,
1B-0vF1prEykSYGp_M5fpzX1qtOftlIuL,01A_BRONZE_OFICIAL,SIRGAS_SHP_zeup_zemp (2).shp,application/octet-stream,shp,416724,2026-03-08T22:55:54.583Z,2022-07-04T13:33:56Z,GEO,GEO_SHP,OFICIAL,NAO,
1XUP51yrDfJpPHTCbBZNsfJR_l2X7_9GO,01A_BRONZE_OFICIAL,SIRGAS_SHP_zeup_zemp.shp,application/octet-stream,shp,416724,2026-03-08T22:43:37.268Z,2022-07-04T13:33:56Z,GEO,GEO_SHP,OFICIAL,NAO,
1Iq9z87zeUluqTwYR2wghGSv6R2TINCeV,01A_BRONZE_OFICIAL,SIRGAS_SHP_zeup_zemp.dbf,application/octet-stream,dbf,132662,2026-03-08T22:41:25.410Z,2022-07-04T13:33:56Z,GEO,GEO_SHP,OFICIAL,NAO,
1tQeprL0IVkmZxXClVNppb5DjLDaiqh1K,01A_BRONZE_OFICIAL,SAD69-96_SHP_restricaomirantesantana_polygon.shp,application/octet-stream,shp,4156,2026-03-08T23:25:28.963Z,2021-10-04T12:52:12Z,GEO,GEO_SHP,DESCONHECIDO,NAO,
19cMqn862UtFOVve1fPgAM8ppH_GZeoH-,01A_BRONZE_OFICIAL,SAD69-96_SHP_restricaomirantesantana_polygon.shx,application/octet-stream,shx,108,2026-03-08T22:55:19.160Z,2021-10-04T12:52:12Z,GEO,GEO_SHP,DESCONHECIDO,NAO,
1qhMrvQpCQ-JHGYsNJs0z4DRt7lqQcbCJ,01A_BRONZE_OFICIAL,SIRGAS_SHP_hidrolinha.shx,application/octet-stream,shx,228980,2026-03-08T22:49:08.925Z,2020-04-30T23:24:26Z,GEO,GEO_SHP,OFICIAL,NAO,
1-zSop2uH_YHeL86mEaerj1tmSzc_DE5z,01A_BRONZE_OFICIAL,SIRGAS_SHP_planoacao_polygon.shx,application/octet-stream,shx,3284,2026-03-08T23:37:50.892Z,2020-03-13T21:42:52Z,GEO,GEO_SHP,OFICIAL,NAO,
1Kd63WghyWBmhS3eLm0tJ7v3px6jArMlF,01A_BRONZE_OFICIAL,SAD69-96_SHP_planomacro_polygon.shx,application/octet-stream,shx,396,2026-03-08T23:36:50.419Z,2020-03-13T20:32:42Z,GEO,GEO_SHP,DESCONHECIDO,NAO,
1wPdl4_FK5aNJvJeTXE_4n6Tvj08QdKN0,01A_BRONZE_OFICIAL,SAD69-96_SHP_planomacro_polygon.dbf,application/octet-stream,dbf,17367,2026-03-08T23:25:50.657Z,2020-03-13T20:32:42Z,GEO,GEO_SHP,DESCONHECIDO,NAO,
1srvKfEmzMWXyE1OLzhIlD0WEhAEckhmA,01A_BRONZE_OFICIAL,SAD69-96_SHP_planoacao_polygon.shx,application/octet-stream,shx,3284,2026-03-08T23:19:58.891Z,2020-03-13T21:42:48Z,GEO,GEO_SHP,DESCONHECIDO,NAO,
1oLlX-VdlXd7X_osQQOiad_LU--Ar9_ZI,01A_BRONZE_OFICIAL,SAD69-96_SHP_planoacao_polygon (1).shx,application/octet-stream,shx,3284,2026-03-08T22:53:53.808Z,2020-03-13T21:42:48Z,GEO,GEO_SHP,DESCONHECIDO,NAO,
1kDV8jc_crVSiQZanX8Y7_b1Skxqc98TU,01A_BRONZE_OFICIAL,SAD69-96_SHP_planomacro_polygon (1).dbf,application/octet-stream,dbf,17367,2026-03-08T22:54:07.588Z,2020-03-13T20:32:42Z,GEO,GEO_SHP,DESCONHECIDO,NAO,
1wgaXp4YWqeyFkcp1IzlptfmieR0SGb3n,01A_BRONZE_OFICIAL,SIRGAS_SHP_planomacro_polygon.shx,application/octet-stream,shx,396,2026-03-08T22:50:58.772Z,2020-03-13T20:32:50Z,GEO,GEO_SHP,OFICIAL,NAO,
1DcsUDAZIjRBmSqw5bbmzwD7MLAsvyBan,01A_BRONZE_OFICIAL,SAD69-96_SHP_planoacao_polygon.dbf,application/octet-stream,dbf,246524,2026-03-08T22:43:16.392Z,2020-03-13T21:42:48Z,GEO,GEO_SHP,DESCONHECIDO,NAO,
1SEBOQAn-EILVjut68DxRBiIk7f-cIUrG,01A_BRONZE_OFICIAL,ZER_1.dbf,application/octet-stream,dbf,27983,2026-03-08T23:37:21.227Z,2016-03-22T15:12:46Z,GEO,GEO_SHP,DESCONHECIDO,NAO,
1mljXMkuZ6RlABvxK2LXGTSu-IQ92aqtM,01A_BRONZE_OFICIAL,ZPI_1.shx,application/octet-stream,shx,3828,2026-03-08T23:36:20.570Z,2016-03-18T19:48:28Z,GEO,GEO_SHP,DESCONHECIDO,NAO,
19br3QyGkTz3gRaLAWJ-6Z_0nwIoAyRIC,01A_BRONZE_OFICIAL,ZC_a.dbf,application/octet-stream,dbf,10786,2026-03-08T23:35:58.612Z,2016-03-18T19:48:26Z,GEO,GEO_SHP,DESCONHECIDO,NAO,
1HNxEF2PlVrPiohkesT6Afe-NMjv4acOf,01A_BRONZE_OFICIAL,QA.shx,application/octet-stream,shx,501388,2026-03-08T23:35:51.636Z,2015-05-20T21:13:40Z,GEO,GEO_SHP,DESCONHECIDO,NAO,
1WrGuwVr4YEdEnr7ZipRKrDV1jvITyp51,01A_BRONZE_OFICIAL,AC_1.dbf,application/octet-stream,dbf,937,2026-03-08T23:33:54.523Z,2016-03-18T19:48:24Z,GEO,GEO_SHP,DESCONHECIDO,NAO,
1Q5Hctc6Rc4d3ShICYKbwqK4XJL4dMeFJ,01A_BRONZE_OFICIAL,ZC_ZEIS.dbf,application/octet-stream,dbf,13642,2026-03-08T23:33:41.794Z,2016-03-18T19:48:26Z,GEO,GEO_SHP,DESCONHECIDO,NAO,
10TmzHUNS65KKkxRZnt9CiTFoeoSWTLl0,01A_BRONZE_OFICIAL,ZEP.dbf,application/octet-stream,dbf,727,2026-03-08T23:32:50.334Z,2016-03-18T19:48:26Z,GEO,GEO_SHP,DESCONHECIDO,NAO,
1S8mGNdAeo4fYLUNnNzavnWXI19JAHHpk,01A_BRONZE_OFICIAL,ZC_ZEIS.shx,application/octet-stream,shx,5260,2026-03-08T23:32:25.008Z,2016-03-18T19:48:26Z,GEO,GEO_SHP,DESCONHECIDO,NAO,
1mkthFit6y_6al89QUFWGBJVWLJswequX,01A_BRONZE_OFICIAL,ZPR.shx,application/octet-stream,shx,3092,2026-03-08T23:32:21.368Z,2016-03-18T19:48:28Z,GEO,GEO_SHP,DESCONHECIDO,NAO,
1yO-zY9zUdS6eX_StPJOTMEe58sXe7hL-,01A_BRONZE_OFICIAL,ZEIS_2.shp,application/octet-stream,shp,495148,2026-03-08T23:32:13.010Z,2016-03-18T19:48:26Z,GEO,GEO_SHP,DESCONHECIDO,NAO,
1KwjssAeTx4NxQJJSzc-6rYCMitloY8XG,01A_BRONZE_OFICIAL,ZEUP_u.dbf,application/octet-stream,dbf,48040,2026-03-08T23:32:06.039Z,2016-03-18T19:48:26Z,GEO,GEO_SHP,DESCONHECIDO,NAO,
1WxFiRoaYccC8QXxTFYs_w8uowR14gVbi,01A_BRONZE_OFICIAL,ZEP.shx,application/octet-stream,shx,340,2026-03-08T23:30:05.785Z,2016-03-18T19:48:26Z,GEO,GEO_SHP,DESCONHECIDO,NAO,
11YTlQlHgFKuE325w_BNvYfwSaCYo3q9F,01A_BRONZE_OFICIAL,ZCOR_a.shp,application/octet-stream,shp,54776,2026-03-08T23:29:45.688Z,2016-03-18T19:48:26Z,GEO,GEO_SHP,DESCONHECIDO,NAO,
1xc4Y8xvBF-Hpqpteyo-i3QHLl5Sxje4d,01A_BRONZE_OFICIAL,ZEIS_5.shp,application/octet-stream,shp,228428,2026-03-08T23:28:47.452Z,2016-03-18T19:48:26Z,GEO,GEO_SHP,DESCONHECIDO,NAO,
1-lNX3uYTjcMLo09Dc8jgg8uMR2B6tD43,01A_BRONZE_OFICIAL,ZER_a.shp,application/octet-stream,shp,517264,2026-03-08T23:28:19.669Z,2016-03-18T19:48:26Z,GEO,GEO_SHP,DESCONHECIDO,NAO,
1RzNORAKfRtPPN-4cpNBrtm3FVU1uqlRQ,01A_BRONZE_OFICIAL,PCA_CANT.shx,application/octet-stream,shx,91412,2026-03-08T23:28:10.861Z,2016-03-18T19:48:24Z,GEO,GEO_SHP,DESCONHECIDO,NAO,
1wSKniHcLYq9T1OiHh0ZN1BrElSclDqWZ,01A_BRONZE_OFICIAL,ZEUP_a.shp,application/octet-stream,shp,304440,2026-03-08T23:27:46.177Z,2016-03-18T19:48:26Z,GEO,GEO_SHP,DESCONHECIDO,NAO,
1rOeCNjvlONsJgZAvvzbDqzf_DKAn3cUM,01A_BRONZE_OFICIAL,ZMIS_u.dbf,application/octet-stream,dbf,10996,2026-03-08T23:27:26.819Z,2016-03-18T19:48:26Z,GEO,GEO_SHP,DESCONHECIDO,NAO,
1q_eijucvJB4HtFYSfuo6Z_vB0ghSqE7N,01A_BRONZE_OFICIAL,ZCOR_2.shx,application/octet-stream,shx,5340,2026-03-08T23:27:26.800Z,2016-03-18T19:48:24Z,GEO,GEO_SHP,DESCONHECIDO,NAO,
1uGoW5Hs5NTanf6DDWjiYtZ1_ZVe9SbY1,01A_BRONZE_OFICIAL,ZEP.shp,application/octet-stream,shp,283984,2026-03-08T23:27:20.931Z,2016-03-18T19:48:26Z,GEO,GEO_SHP,DESCONHECIDO,NAO,
1DYoPPWR3OVSxsSJboX5FidXQcheLO8Xk,01A_BRONZE_OFICIAL,ZDE_2.dbf,application/octet-stream,dbf,5914,2026-03-08T23:27:09.273Z,2016-03-18T19:48:26Z,GEO,GEO_SHP,DESCONHECIDO,NAO,
1_CcaCHQZs8Dy9rloxxpQrXa1r8qcm5el,01A_BRONZE_OFICIAL,ZM_a.dbf,application/octet-stream,dbf,76831,2026-03-08T23:27:05.601Z,2016-03-18T19:48:26Z,GEO,GEO_SHP,DESCONHECIDO,NAO,
12QS9so1Xs6Wby-JWner8kGCTgoElB-_3,01A_BRONZE_OFICIAL,ZEU_u.dbf,application/octet-stream,dbf,90586,2026-03-08T23:26:00.896Z,2016-03-18T19:48:26Z,GEO,GEO_SHP,DESCONHECIDO,NAO,
1KgE1pxmQO5XQ7Ta4l8EGujA9oLRj2jYS,01A_BRONZE_OFICIAL,ZCOR_2.dbf,application/octet-stream,dbf,13852,2026-03-08T23:25:52.135Z,2016-03-18T19:48:24Z,GEO,GEO_SHP,DESCONHECIDO,NAO,
1cvWibR0vtUp3P5SQoW_r4oYS93p1XNnW,01A_BRONZE_OFICIAL,PCA_CANT.dbf,application/octet-stream,dbf,296861,2026-03-08T23:25:08.481Z,2016-03-18T19:48:24Z,GEO,GEO_SHP,DESCONHECIDO,NAO,
1bIdjvoV6nx9_ha7ZZbi3bCfWvSqGUNu4,01A_BRONZE_OFICIAL,AC_1.shp,application/octet-stream,shp,46772,2026-03-08T23:25:05.377Z,2016-03-18T19:48:24Z,GEO,GEO_SHP,DESCONHECIDO,NAO,
1RBxkI500AETY7KJQ2BBqNZmKI8Rcb_m6,01A_BRONZE_OFICIAL,INCENTIVO_GARAGEM.shx,application/octet-stream,shx,5972,2026-03-08T23:24:59.928Z,2015-06-01T16:34:34Z,GEO,GEO_SHP,DESCONHECIDO,NAO,
1tVSMj1EaRyH6HeykjY-gyGIvrNT4cz0q,01A_BRONZE_OFICIAL,ZEU_a.dbf,application/octet-stream,dbf,12718,2026-03-08T23:24:41.141Z,2016-03-18T19:48:26Z,GEO,GEO_SHP,DESCONHECIDO,NAO,
1_-dDcLScQau58PdJFSfYL18MWUwYuh3o,01A_BRONZE_OFICIAL,VETOS_TODOS.dbf,application/octet-stream,dbf,254,2026-03-08T23:24:32.557Z,2016-03-22T17:39:34Z,GEO,GEO_SHP,DESCONHECIDO,NAO,
1oLBEZ2S7ir681elsm5g4wV8YDFTDYR_B,01A_BRONZE_OFICIAL,ZCOR_1.dbf,application/octet-stream,dbf,12487,2026-03-08T23:24:24.776Z,2016-03-18T19:48:24Z,GEO,GEO_SHP,DESCONHECIDO,NAO,
1H0s4nW9C__F0Hd5-PPZqgm3Uucnayc7v,01A_BRONZE_OFICIAL,ZEIS_2.shx,application/octet-stream,shx,4044,2026-03-08T23:24:16.697Z,2016-03-18T19:48:26Z,GEO,GEO_SHP,DESCONHECIDO,NAO,
1Giy5d-rW-k6GlRBAHiefL9-Kg1JB5DJm,01A_BRONZE_OFICIAL,ZDE_1.dbf,application/octet-stream,dbf,5935,2026-03-08T23:24:16.076Z,2016-03-18T19:48:26Z,GEO,GEO_SHP,DESCONHECIDO,NAO,
1V3UmebOR9w3JM_DLHZOj72qLeSDjy1CK,01A_BRONZE_OFICIAL,INCENTIVO_GARAGEM.shp,application/octet-stream,shp,963100,2026-03-08T23:24:14.649Z,2015-06-01T16:34:34Z,GEO,GEO_SHP,DESCONHECIDO,NAO,
1Whqr0uWGFqAIp9QEx25dhkkg0AHLKzeT,01A_BRONZE_OFICIAL,ZER_2.shp,application/octet-stream,shp,78564,2026-03-08T23:23:57.218Z,2016-03-18T19:48:26Z,GEO,GEO_SHP,DESCONHECIDO,NAO,
1aqOvc61h6gDV5z1oAYgdrVU9YNGk2VOK,01A_BRONZE_OFICIAL,ZM_a.shx,application/octet-stream,shx,29332,2026-03-08T23:23:56.484Z,2016-03-18T19:48:26Z,GEO,GEO_SHP,DESCONHECIDO,NAO,
1lEauptGs18OhbciW7zKChH9yIV3vUhIE,01A_BRONZE_OFICIAL,AC_2.dbf,application/octet-stream,dbf,559,2026-03-08T23:23:49.186Z,2016-03-18T19:48:24Z,GEO,GEO_SHP,DESCONHECIDO,NAO,
11Yf5APa87X0Ie1ZrBS9sMyauvovEYoF7,01A_BRONZE_OFICIAL,ZEM.dbf,application/octet-stream,dbf,9736,2026-03-08T23:23:24.928Z,2016-03-18T19:48:26Z,GEO,GEO_SHP,DESCONHECIDO,NAO,
1r8CjHRHuGrDNMQw1g3VHKlHd14PkSeZd,01A_BRONZE_OFICIAL,ZEIS_1.shx,application/octet-stream,shx,13716,2026-03-08T23:23:08.073Z,2016-03-18T19:48:26Z,GEO,GEO_SHP,DESCONHECIDO,NAO,
1S0djj0YmpH0rdEGgKDrn9-AmR4PtJjs_,01A_BRONZE_OFICIAL,ZPDS_r.shp,application/octet-stream,shp,496572,2026-03-08T23:22:50.086Z,2016-03-18T19:48:28Z,GEO,GEO_SHP,DESCONHECIDO,NAO,
16JlazVGywNskmZG-t3NGcjcmkkHQsP24,01A_BRONZE_OFICIAL,AC_2.shx,application/octet-stream,shx,276,2026-03-08T23:22:33.839Z,2016-03-18T19:48:24Z,GEO,GEO_SHP,DESCONHECIDO,NAO,
1ettnCHWcM4D1svDyK37rK_23Y65u9i3F,01A_BRONZE_OFICIAL,ZOE.dbf,application/octet-stream,dbf,4423,2026-03-08T23:22:33.009Z,2016-03-18T19:48:26Z,GEO,GEO_SHP,DESCONHECIDO,NAO,
1MeEdGe6IcR-_HrAC4nNf9bFu94Pllb4J,01A_BRONZE_OFICIAL,ZEU_a.shp,application/octet-stream,shp,635276,2026-03-08T23:21:47.467Z,2016-03-18T19:48:26Z,GEO,GEO_SHP,DESCONHECIDO,NAO,
1oOrdcZ4B0s7KaX_FkIWmowspMoKE7m9f,01A_BRONZE_OFICIAL,ZDE_2.shp,application/octet-stream,shp,294392,2026-03-08T23:21:35.196Z,2016-03-18T19:48:26Z,GEO,GEO_SHP,DESCONHECIDO,NAO,
1R1wiq5nizk5YGNx4Ew2k9J02NeUdgxFR,01A_BRONZE_OFICIAL,ZEIS_1.dbf,application/octet-stream,dbf,35839,2026-03-08T23:21:13.382Z,2016-03-18T19:48:26Z,GEO,GEO_SHP,DESCONHECIDO,NAO,
1GZQUJsrMIKzv2T7EFQ6DHg_jvNxYxXT4,01A_BRONZE_OFICIAL,ZCOR_a.shx,application/octet-stream,shx,612,2026-03-08T23:21:02.466Z,2016-03-18T19:48:26Z,GEO,GEO_SHP,DESCONHECIDO,NAO,
12qB2Y1hl6ubzLcQKJmWEBtfhD5inqvTv,01A_BRONZE_OFICIAL,ZPI_2.dbf,application/octet-stream,dbf,1819,2026-03-08T23:20:20.712Z,2016-03-18T19:48:28Z,GEO,GEO_SHP,DESCONHECIDO,NAO,
120R54xQhmG4KuiQZ9xgFVnC6L7Y1pJGm,01A_BRONZE_OFICIAL,ZMIS_a.shx,application/octet-stream,shx,2492,2026-03-08T23:20:16.727Z,2016-03-18T19:48:26Z,GEO,GEO_SHP,DESCONHECIDO,NAO,
1UfLrJD2lwkVX0wSJZVCxiODJtnFGBLju,01A_BRONZE_OFICIAL,ZDE_2.shx,application/octet-stream,shx,2316,2026-03-08T23:20:09.101Z,2016-03-18T19:48:26Z,GEO,GEO_SHP,DESCONHECIDO,NAO,
1gNMs4aQMet9QputC3LxBKA714adgGwzv,01A_BRONZE_OFICIAL,ZMIS_a.shp,application/octet-stream,shp,742548,2026-03-08T23:20:07.375Z,2016-03-18T19:48:26Z,GEO,GEO_SHP,DESCONHECIDO,NAO,
1h0goK1i6Y8zEDtKTMlxI7uZMuJ2nKS1N,01A_BRONZE_OFICIAL,ZPR.dbf,application/octet-stream,dbf,7951,2026-03-08T23:20:04.356Z,2016-03-18T19:48:28Z,GEO,GEO_SHP,DESCONHECIDO,NAO,
1nNRaZWO2O5WD8pyIcSFdLkjtRzMGiZll,01A_BRONZE_OFICIAL,ZDE_1.shx,application/octet-stream,shx,2324,2026-03-08T23:20:04.342Z,2016-03-18T19:48:26Z,GEO,GEO_SHP,DESCONHECIDO,NAO,
1mg5EqgFb9ZvQ8iUataYKLaBXkgzL5ntq,01A_BRONZE_OFICIAL,ZEU_a.shx,application/octet-stream,shx,4908,2026-03-08T23:19:44.035Z,2016-03-18T19:48:26Z,GEO,GEO_SHP,DESCONHECIDO,NAO,
1PGuijqrLbciZC96GTDzUFves73abpfuX,01A_BRONZE_OFICIAL,ZCOR_1.shp,application/octet-stream,shp,500836,2026-03-08T23:19:23.765Z,2016-03-18T19:48:24Z,GEO,GEO_SHP,DESCONHECIDO,NAO,
1vVFjoMk8-6ASy3o2-Y_EIpdofejvIenu,01A_BRONZE_OFICIAL,ZER_1.shx,application/octet-stream,shx,20404,2026-03-08T23:18:47.638Z,2016-03-22T15:12:46Z,GEO,GEO_SHP,DESCONHECIDO,NAO,
10KI2sFN78DiWOyvLB0vvVt2anmk_EhHy,01A_BRONZE_OFICIAL,ZCOR_1.shx,application/octet-stream,shx,4820,2026-03-08T23:18:46.893Z,2016-03-18T19:48:24Z,GEO,GEO_SHP,DESCONHECIDO,NAO,
1uQTHBuauajx_z2skYYCyUqzFeMBC7w8_,01A_BRONZE_OFICIAL,ZMIS_u.shp,application/octet-stream,shp,732900,2026-03-08T23:18:36.253Z,2016-03-18T19:48:26Z,GEO,GEO_SHP,DESCONHECIDO,NAO,
1Z0zZtEb3QVGF7lou8gstO4_n3reT4G3o,01A_BRONZE_OFICIAL,ZC.shx,application/octet-stream,shx,54100,2026-03-08T23:17:55.260Z,2016-03-22T17:41:18Z,GEO,GEO_SHP,DESCONHECIDO,NAO,
1dcRNLsIAny813_a2rL86B1s66UaZXj1C,01A_BRONZE_OFICIAL,ZM_u.shx,application/octet-stream,shx,146748,2026-03-08T23:17:55.239Z,2016-03-18T19:48:26Z,GEO,GEO_SHP,DESCONHECIDO,NAO,
1iXRNsuHnUzjVyNZD7XZLQScQb0vpt-03,01A_BRONZE_OFICIAL,ZEMP.shx,application/octet-stream,shx,2964,2026-03-08T23:17:55.223Z,2016-03-18T19:48:26Z,GEO,GEO_SHP,DESCONHECIDO,NAO,
1L3ZRfttlXN2Loyh-kXE3sFm-DKNJhZk7,01A_BRONZE_OFICIAL,ZPDS_u.shp,application/octet-stream,shp,925144,2026-03-08T23:17:55.022Z,2016-03-18T19:48:28Z,GEO,GEO_SHP,DESCONHECIDO,NAO,
1jdpa5bbUfuJwqA9BvX3Bzimid1VL-m1B,01A_BRONZE_OFICIAL,ZEM.shx,application/octet-stream,shx,3772,2026-03-08T23:17:54.571Z,2016-03-18T19:48:26Z,GEO,GEO_SHP,DESCONHECIDO,NAO,
1dRISrZFpqX9w_SOqk1fTPLGGhfy1wRjh,01A_BRONZE_OFICIAL,ZMIS_u.shx,application/octet-stream,shx,4252,2026-03-08T23:17:54.390Z,2016-03-18T19:48:26Z,GEO,GEO_SHP,DESCONHECIDO,NAO,
1I47ujSKc-av65D-FtukdSdvXWLq1bp07,01A_BRONZE_OFICIAL,ZOE.shx,application/octet-stream,shx,1748,2026-03-08T23:17:54.190Z,2016-03-18T19:48:28Z,GEO,GEO_SHP,DESCONHECIDO,NAO,
1dssO3-nI9JhUHkfGcptGBt0RGhACoBMA,01A_BRONZE_OFICIAL,ZEUP_u.shx,application/octet-stream,shx,18364,2026-03-08T23:17:51.409Z,2016-03-18T19:48:26Z,GEO,GEO_SHP,DESCONHECIDO,NAO,
1419u2SlIbG5TPLeZJGAQCBr1b_nPj3lW,01A_BRONZE_OFICIAL,ZEU_u.shx,application/octet-stream,shx,34572,2026-03-08T23:17:49.530Z,2016-03-18T19:48:26Z,GEO,GEO_SHP,DESCONHECIDO,NAO,
1PWV_IqZPGQi7vIZm6QN7oR1POXnMUxDg,01A_BRONZE_OFICIAL,ZER_2 (2).dbf,application/octet-stream,dbf,1987,2026-03-08T22:56:56.612Z,2016-03-18T19:48:26Z,GEO,GEO_SHP,DESCONHECIDO,NAO,
1XjXsgeWn7rr4ey3729EsiYqZzHmVZvqw,01A_BRONZE_OFICIAL,ZPDS_u (2).shx,application/octet-stream,shx,2508,2026-03-08T22:56:36.691Z,2016-03-18T19:48:28Z,GEO,GEO_SHP,DESCONHECIDO,NAO,
1fxX9JHoV6Jbfs3mr6DFXpS7Oh36U_ITc,01A_BRONZE_OFICIAL,ZM_u (2).dbf,application/octet-stream,dbf,385048,2026-03-08T22:55:21.945Z,2016-03-18T19:48:26Z,GEO,GEO_SHP,DESCONHECIDO,NAO,
10b2lB-Ndub4Gv5OyAshba570ULq8ufAb,01A_BRONZE_OFICIAL,ZMIS_u (2).shp,application/octet-stream,shp,732900,2026-03-08T22:55:21.108Z,2016-03-18T19:48:26Z,GEO,GEO_SHP,DESCONHECIDO,NAO,
1YnGIvoiqYosATz9z2Wi7DLvmH2vLTO85,01A_BRONZE_OFICIAL,INCENTIVO_GARAGEM (2).shp,application/octet-stream,shp,963100,2026-03-08T22:54:54.713Z,2015-06-01T16:34:34Z,GEO,GEO_SHP,DESCONHECIDO,NAO,
1-9OaT26DnM8OfSAHhVVH6tTwjm9_48g0,01A_BRONZE_OFICIAL,ZEU_a (2).shp,application/octet-stream,shp,635276,2026-03-08T22:54:43.583Z,2016-03-18T19:48:26Z,GEO,GEO_SHP,DESCONHECIDO,NAO,
1luRfd0XlnidMu72fB4wsA1L6fifwM4cr,01A_BRONZE_OFICIAL,ZEMP (2).shp,application/octet-stream,shp,372248,2026-03-08T22:54:07.402Z,2016-03-18T19:48:26Z,GEO,GEO_SHP,DESCONHECIDO,NAO,
1gukQxkK0zbcxra4Ydx-d2FsyuofjTncb,01A_BRONZE_OFICIAL,VETOS_TODOS (2).shx,application/octet-stream,shx,268,2026-03-08T22:54:07.384Z,2016-03-22T17:39:34Z,GEO,GEO_SHP,DESCONHECIDO,NAO,
1Hy_0tC2oL7jrwgpuG4r3iAJDt-ovq-hN,01A_BRONZE_OFICIAL,ZC_a (2).shx,application/octet-stream,shx,4172,2026-03-08T22:54:05.818Z,2016-03-18T19:48:26Z,GEO,GEO_SHP,DESCONHECIDO,NAO,
16gH7ov449EUdGzXDqXwAYO16q6j9yUCr,01A_BRONZE_OFICIAL,ZOE (2).shp,application/octet-stream,shp,481012,2026-03-08T22:54:03.106Z,2016-03-18T19:48:28Z,GEO,GEO_SHP,DESCONHECIDO,NAO,
10oPNDgEZUFLRHrUkWgwqLrw95CoemT0k,01A_BRONZE_OFICIAL,ZDE_1 (2).shx,application/octet-stream,shx,2324,2026-03-08T22:54:02.994Z,2016-03-18T19:48:26Z,GEO,GEO_SHP,DESCONHECIDO,NAO,
1-W3Ced0TjzSdAvqNItWkGs7E7MKLhs9N,01A_BRONZE_OFICIAL,QA (1).shx,application/octet-stream,shx,501388,2026-03-08T22:54:02.350Z,2015-05-20T21:13:40Z,GEO,GEO_SHP,DESCONHECIDO,NAO,
1EuoKWez86rZY6hejr8wn7fiQPDX5mkzL,01A_BRONZE_OFICIAL,ZEM (2).shp,application/octet-stream,shp,363276,2026-03-08T22:54:01.975Z,2016-03-18T19:48:26Z,GEO,GEO_SHP,DESCONHECIDO,NAO,
1cGV7Ize_oBcDDxep705gHmUqrgG1Y9mT,01A_BRONZE_OFICIAL,ZCOR_2 (2).dbf,application/octet-stream,dbf,13852,2026-03-08T22:53:57.002Z,2016-03-18T19:48:24Z,GEO,GEO_SHP,DESCONHECIDO,NAO,
1NTh91pn1bW6MRMfeoRRjpFJWogW8MtzV,01A_BRONZE_OFICIAL,ZER_a (2).dbf,application/octet-stream,dbf,8056,2026-03-08T22:53:56.950Z,2016-03-18T19:48:26Z,GEO,GEO_SHP,DESCONHECIDO,NAO,
1Lw_An8TA2yMVM8ByLhaqrJEW9zGkkcUP,01A_BRONZE_OFICIAL,ZCOR_a (2).shx,application/octet-stream,shx,612,2026-03-08T22:53:56.887Z,2016-03-18T19:48:26Z,GEO,GEO_SHP,DESCONHECIDO,NAO,
1S4Kx-3E6EEFCdxRh556BTjUET10De2UL,01A_BRONZE_OFICIAL,ZC (2).shx,application/octet-stream,shx,54100,2026-03-08T22:53:49.362Z,2016-03-22T17:41:18Z,GEO,GEO_SHP,DESCONHECIDO,NAO,
1C-2BLkNKXMGbtxKOjNpth2hG-xCfi8H4,01A_BRONZE_OFICIAL,AC_1 (2).dbf,application/octet-stream,dbf,937,2026-03-08T22:53:46.930Z,2016-03-18T19:48:24Z,GEO,GEO_SHP,DESCONHECIDO,NAO,
18wT88zD2N94ydE4tDTUKOMTSRE1MyKju,01A_BRONZE_OFICIAL,PCA_CANT (2).shx,application/octet-stream,shx,91412,2026-03-08T22:53:42.621Z,2016-03-18T19:48:24Z,GEO,GEO_SHP,DESCONHECIDO,NAO,
1GObJm6rKVHMdV46_Hswhi2RpIeEE-CRu,01A_BRONZE_OFICIAL,ZER_1 (2).shx,application/octet-stream,shx,20404,2026-03-08T22:53:39.807Z,2016-03-22T15:12:46Z,GEO,GEO_SHP,DESCONHECIDO,NAO,
1f05v82eBRLBmlX35oX5VU1BfTEdmI5AQ,01A_BRONZE_OFICIAL,ZPI_1 (2).shx,application/octet-stream,shx,3828,2026-03-08T22:53:29.621Z,2016-03-18T19:48:28Z,GEO,GEO_SHP,DESCONHECIDO,NAO,
15BaKKREgdGJp9Z5_o9IhzMDHifqHWo44,01A_BRONZE_OFICIAL,ZEUP_u (2).shp,application/octet-stream,shp,2852652,2026-03-08T22:53:29.459Z,2016-03-18T19:48:26Z,GEO,GEO_SHP,DESCONHECIDO,NAO,
1ekpMUpBFffCefnPiY3XV0i-X1xYerIkr,01A_BRONZE_OFICIAL,ZEM (2).dbf,application/octet-stream,dbf,9736,2026-03-08T22:53:26.206Z,2016-03-18T19:48:26Z,GEO,GEO_SHP,DESCONHECIDO,NAO,
1MckKZo4Xxyq9rQ3aeBc9UlmSdKiHxv1l,01A_BRONZE_OFICIAL,ZEPAM (2).shx,application/octet-stream,shx,5596,2026-03-08T22:53:18.173Z,2016-03-18T19:48:26Z,GEO,GEO_SHP,DESCONHECIDO,NAO,
1QBRK6v-w6AQ7JVUa_wDpiSLQJxW2v9Ca,01A_BRONZE_OFICIAL,ZEP (2).dbf,application/octet-stream,dbf,727,2026-03-08T22:53:16.565Z,2016-03-18T19:48:26Z,GEO,GEO_SHP,DESCONHECIDO,NAO,
13LV6hfhLUh0jDxg3tdBoVQ_JDUJMY-w_,01A_BRONZE_OFICIAL,ZEIS_3.shx,application/octet-stream,shx,6092,2026-03-08T22:52:12.166Z,2016-03-18T19:48:26Z,GEO,GEO_SHP,DESCONHECIDO,NAO,
1vfPOvibDbZY9nWjwDMoQugkIam1-zqoe,01A_BRONZE_OFICIAL,ZER_2.dbf,application/octet-stream,dbf,1987,2026-03-08T22:50:34.963Z,2016-03-18T19:48:26Z,GEO,GEO_SHP,DESCONHECIDO,NAO,
11JPWf9Llm26l6TlNord1tp4U7t0Ik1VW,01A_BRONZE_OFICIAL,ZC_a.shp,application/octet-stream,shp,590912,2026-03-08T22:50:24.072Z,2016-03-18T19:48:26Z,GEO,GEO_SHP,DESCONHECIDO,NAO,
1zHYyToSd38_hx5pB97FOI-Ygbu1e2bbF,01A_BRONZE_OFICIAL,ZEIS_4.shp,application/octet-stream,shp,106784,2026-03-08T22:49:55.717Z,2016-03-18T19:48:26Z,GEO,GEO_SHP,DESCONHECIDO,NAO,
1B4qMQFFm1dSifGZM2bv5TIvcQZ4-MMcZ,01A_BRONZE_OFICIAL,ZC_a.shx,application/octet-stream,shx,4172,2026-03-08T22:49:47.999Z,2016-03-18T19:48:26Z,GEO,GEO_SHP,DESCONHECIDO,NAO,
16S-IahANVMZta1UG6xrzrk6fGEOey5oG,01A_BRONZE_OFICIAL,ZOE.shp,application/octet-stream,shp,481012,2026-03-08T22:49:09.740Z,2016-03-18T19:48:28Z,GEO,GEO_SHP,DESCONHECIDO,NAO,
1QOBhihub1o33zJ7DhBvg-91PVh7YyCqe,01A_BRONZE_OFICIAL,ZEPAM.dbf,application/octet-stream,dbf,14524,2026-03-08T22:49:07.654Z,2016-03-18T19:48:26Z,GEO,GEO_SHP,DESCONHECIDO,NAO,
1Xqgj1xfkF4l1t2ozijDC00TmU3HScrRu,01A_BRONZE_OFICIAL,ZPDS_r.dbf,application/octet-stream,dbf,1420,2026-03-08T22:49:00.340Z,2016-03-18T19:48:28Z,GEO,GEO_SHP,DESCONHECIDO,NAO,
1cXGHjz5l2YNfDFq63QwiUVAhIvPZTBdK,01A_BRONZE_OFICIAL,ZMIS_a.dbf,application/octet-stream,dbf,6376,2026-03-08T22:48:57.182Z,2016-03-18T19:48:26Z,GEO,GEO_SHP,DESCONHECIDO,NAO,
1gk69aNa22wd5aAME4rQ91Ac8XCXLWHsA,01A_BRONZE_OFICIAL,ZEMP.shp,application/octet-stream,shp,372248,2026-03-08T22:48:39.643Z,2016-03-18T19:48:26Z,GEO,GEO_SHP,DESCONHECIDO,NAO,
1ikzfK3BMQnFa6lewfW1rvw7bnruqidc0,01A_BRONZE_OFICIAL,ZEUP_a.dbf,application/octet-stream,dbf,5179,2026-03-08T22:48:34.967Z,2016-03-18T19:48:26Z,GEO,GEO_SHP,DESCONHECIDO,NAO,
1C8VyrWqL-FU9B9wL5axU-pzVs53klF7E,01A_BRONZE_OFICIAL,ZCOR_3.dbf,application/octet-stream,dbf,4948,2026-03-08T22:48:15.821Z,2016-03-18T19:48:24Z,GEO,GEO_SHP,DESCONHECIDO,NAO,
1Nl2_aivyxyPdnv5GMdF5GiCHu9V1-WKE,01A_BRONZE_OFICIAL,ZM_u.dbf,application/octet-stream,dbf,385048,2026-03-08T22:47:48.478Z,2016-03-18T19:48:26Z,GEO,GEO_SHP,DESCONHECIDO,NAO,
1nw1lrNI9VOA6Et8B5GVblcFV4C-tV4OB,01A_BRONZE_OFICIAL,ZEIS_3.dbf,application/octet-stream,dbf,15826,2026-03-08T22:47:26.175Z,2016-03-18T19:48:26Z,GEO,GEO_SHP,DESCONHECIDO,NAO,
1pZuVu3qOXoSHiGwV_lDe1V8SHOwGRHnn,01A_BRONZE_OFICIAL,ZPDS_u.shx,application/octet-stream,shx,2508,2026-03-08T22:47:23.437Z,2016-03-18T19:48:28Z,GEO,GEO_SHP,DESCONHECIDO,NAO,
1UJMUxIe5QXvdvnnj1v9o6azeo4-blTsR,01A_BRONZE_OFICIAL,VETOS_TODOS.shx,application/octet-stream,shx,268,2026-03-08T22:47:08.213Z,2016-03-22T17:39:34Z,GEO,GEO_SHP,DESCONHECIDO,NAO,
1n1ayNtoIYDAFDTzRGjtOeh7y5m7WB61z,01A_BRONZE_OFICIAL,ZEPAM.shx,application/octet-stream,shx,5596,2026-03-08T22:47:06.034Z,2016-03-18T19:48:26Z,GEO,GEO_SHP,DESCONHECIDO,NAO,
10s9RZP7VnovpNqMoBpL9oyDVe4ZAbV4T,01A_BRONZE_OFICIAL,ZER_a.dbf,application/octet-stream,dbf,8056,2026-03-08T22:47:05.398Z,2016-03-18T19:48:26Z,GEO,GEO_SHP,DESCONHECIDO,NAO,
1412nSdsbN4mXg4menPBzfjAt8aG4EXk0,01A_BRONZE_OFICIAL,ZEUP_a.shx,application/octet-stream,shx,2036,2026-03-08T22:46:43.836Z,2016-03-18T19:48:26Z,GEO,GEO_SHP,DESCONHECIDO,NAO,
1iwA1gV6kYZiCaqYOmf3991e5zqIBegXd,01A_BRONZE_OFICIAL,ZCOR_3.shp,application/octet-stream,shp,183272,2026-03-08T22:46:41.707Z,2016-03-18T19:48:24Z,GEO,GEO_SHP,DESCONHECIDO,NAO,
1nNRcKYUNj1A3B_64iGG4024kSlLgnW66,01A_BRONZE_OFICIAL,ZPR.shp,application/octet-stream,shp,297064,2026-03-08T22:46:39.207Z,2016-03-18T19:48:28Z,GEO,GEO_SHP,DESCONHECIDO,NAO,
1dyHB843CHbIFnfCdhSTFDpYvx_pFLN9_,01A_BRONZE_OFICIAL,ZEIS_4.shx,application/octet-stream,shx,668,2026-03-08T22:46:14.243Z,2016-03-18T19:48:26Z,GEO,GEO_SHP,DESCONHECIDO,NAO,
1QExEF2hBRZHl0btGduhaqsV3hbX9jbIe,01A_BRONZE_OFICIAL,ZC.dbf,application/octet-stream,dbf,74315,2026-03-08T22:45:56.076Z,2016-03-22T17:41:18Z,GEO,GEO_SHP,DESCONHECIDO,NAO,
1mAkZIMUKcESnyupvKKdVd2E_r3NI-2bX,01A_BRONZE_OFICIAL,AC_2.shp,application/octet-stream,shp,87876,2026-03-08T22:45:33.463Z,2016-03-18T19:48:24Z,GEO,GEO_SHP,DESCONHECIDO,NAO,
1tYUV0UN92T5T58sj3UB-j2CWO6Ac1P-4,01A_BRONZE_OFICIAL,AC_1.shx,application/octet-stream,shx,420,2026-03-08T22:44:38.462Z,2016-03-18T19:48:24Z,GEO,GEO_SHP,DESCONHECIDO,NAO,
1ZDEFjzpwkRVgQdYeAUHhMcB-cTlPimrs,01A_BRONZE_OFICIAL,ZER_2.shx,application/octet-stream,shx,820,2026-03-08T22:44:34.018Z,2016-03-18T19:48:26Z,GEO,GEO_SHP,DESCONHECIDO,NAO,
1NWxfUZMMa89wG0pnnhh-HUCuJ6Gnk2lO,01A_BRONZE_OFICIAL,ZPI_1.dbf,application/octet-stream,dbf,9883,2026-03-08T22:44:13.485Z,2016-03-18T19:48:28Z,GEO,GEO_SHP,DESCONHECIDO,NAO,
11byDU6k2yohHA6V2OpoTA896X_qY2pEU,01A_BRONZE_OFICIAL,VETOS_TODOS.shp,application/octet-stream,shp,23116,2026-03-08T22:41:58.335Z,2016-03-22T17:39:34Z,GEO,GEO_SHP,DESCONHECIDO,NAO,
1gIHSoeXVtNY4C8ViSFpPxnpKWcD3Jyg9,01A_BRONZE_OFICIAL,ZEIS_3.shp,application/octet-stream,shp,372044,2026-03-08T22:41:55.271Z,2016-03-18T19:48:26Z,GEO,GEO_SHP,DESCONHECIDO,NAO,
1h2t8WljUjq9Pl-T18xXPVQo3xBF0kcJV,01A_BRONZE_OFICIAL,ZCOR_a.dbf,application/octet-stream,dbf,1441,2026-03-08T22:41:45.942Z,2016-03-18T19:48:26Z,GEO,GEO_SHP,DESCONHECIDO,NAO,
1WN2dP92OsreIXkG0_fQYNsDjCQEiogsr,01A_BRONZE_OFICIAL,ZEMP.dbf,application/octet-stream,dbf,7615,2026-03-08T22:41:41.658Z,2016-03-18T19:48:26Z,GEO,GEO_SHP,DESCONHECIDO,NAO,
1QaYnnzBjGRBQHRWhWObUT0FNe16z4z06,01A_BRONZE_OFICIAL,ZEIS_5.dbf,application/octet-stream,dbf,7867,2026-03-08T22:41:41.644Z,2016-03-18T19:48:26Z,GEO,GEO_SHP,DESCONHECIDO,NAO,
1Ln8LAddvF2D8wSlZKj-wcjrnYtxuKhZA,01A_BRONZE_OFICIAL,ZCOR_3.shx,application/octet-stream,shx,1948,2026-03-08T22:40:36.198Z,2016-03-18T19:48:26Z,GEO,GEO_SHP,DESCONHECIDO,NAO,
1JU1KzBNTJGNq8eHMkeIgOp2e2GaV-yDh,01A_BRONZE_OFICIAL,ZEIS_4.dbf,application/octet-stream,dbf,1588,2026-03-08T22:40:24.134Z,2016-03-18T19:48:26Z,GEO,GEO_SHP,DESCONHECIDO,NAO,
1J3Y9lwDsmxGC1TbfRv4q6oCiEq4JrJhq,01A_BRONZE_OFICIAL,ZER_a.shx,application/octet-stream,shx,3132,2026-03-08T22:40:15.001Z,2016-03-18T19:48:26Z,GEO,GEO_SHP,DESCONHECIDO,NAO,
1ycbznWJX1OKh4lm3QZc6RkeVxsZyE1Me,01A_BRONZE_OFICIAL,INCENTIVO_GARAGEM.dbf,application/octet-stream,dbf,8139,2026-03-08T22:39:51.671Z,2015-06-01T16:34:34Z,GEO,GEO_SHP,DESCONHECIDO,NAO,
11euDqj9hgZUy6NqBOUPCkVGu1tAgq7RX,01A_BRONZE_OFICIAL,ZEIS_2.dbf,application/octet-stream,dbf,10450,2026-03-08T22:39:32.873Z,2016-03-18T19:48:26Z,GEO,GEO_SHP,DESCONHECIDO,NAO,
1R3UZ0FWVzOrsq1htnNOVarbdqptExnva,01A_BRONZE_OFICIAL,ZCOR_2.shp,application/octet-stream,shp,422068,2026-03-08T22:39:26.350Z,2016-03-18T19:48:24Z,GEO,GEO_SHP,DESCONHECIDO,NAO,
1-PvmsqnoKWc9jcQCnVpJDzL1U2S2yAcV,01A_BRONZE_OFICIAL,ZPI_2.shx,application/octet-stream,shx,756,2026-03-08T22:38:58.103Z,2016-03-18T19:48:28Z,GEO,GEO_SHP,DESCONHECIDO,NAO,
1yUwUHjVU2WTPM9zEQwoMnKW-ezU1mp9d,01A_BRONZE_OFICIAL,ZPI_2.shp,application/octet-stream,shp,279200,2026-03-08T22:38:22.855Z,2016-03-18T19:48:28Z,GEO,GEO_SHP,DESCONHECIDO,NAO,
1aV3z-gmFp8J_-taNCtGMb6N29h9mwi_H,01A_BRONZE_OFICIAL,ZEM.shp,application/octet-stream,shp,363276,2026-03-08T22:37:44.660Z,2016-03-18T19:48:26Z,GEO,GEO_SHP,DESCONHECIDO,NAO,
1QGiZp8fToRmE0T1ra69wAy_P8sIRNSXr,01A_BRONZE_OFICIAL,ZPDS_r.shx,application/octet-stream,shx,604,2026-03-08T22:37:38.592Z,2016-03-18T19:48:28Z,GEO,GEO_SHP,DESCONHECIDO,NAO,
1ODeuqcriNXnr_-teK31E0vCZzBaHzlBj,01A_BRONZE_OFICIAL,ZPDS_u.dbf,application/octet-stream,dbf,6418,2026-03-08T22:37:38.197Z,2016-03-18T19:48:28Z,GEO,GEO_SHP,DESCONHECIDO,NAO,
1dSlivtXmXIpSDdU5Dz_JdpQq4pThReh1,01A_BRONZE_OFICIAL,ZEIS_5.shx,application/octet-stream,shx,3060,2026-03-08T22:37:36.640Z,2016-03-18T19:48:26Z,GEO,GEO_SHP,DESCONHECIDO,NAO,
1xKCLzwFd4Y7QhuaBEIuRatAM1GnwUdws,01A_BRONZE_OFICIAL,ZC_ZEIS.shp,application/octet-stream,shp,609652,2026-03-08T22:37:10.130Z,2016-03-18T19:48:26Z,GEO,GEO_SHP,DESCONHECIDO,NAO,
1WNiSGIBGwX2eK-o4Cmo2LTFxBPgcXm7X,01A_BRONZE_OFICIAL,ZDE_1.shp,application/octet-stream,shp,214484,2026-03-08T22:36:10.219Z,2016-03-18T19:48:26Z,GEO,GEO_SHP,DESCONHECIDO,NAO,
