segmento,estado_venda,nome_bem,endereco_mestre,distrito,proprietario,tipo_zepec,esfera,m2_ja_transferido,status_fundurb,intercorrencia_fundurb,data_ref,sql_mestre
TEM_SALDO·com dono,TEM_SALDO,Jockey Club de São Paulo / Acervo de Bens Móveis do Jockey Club de São Paulo,"Avenida Lineu de Paula Machado, 1263",Morumbi,CARNAVAL NA CIDADE EVENTOS SPE- LTDA,BIR/tombado,municipal+estadual,106455.9,,,2024-07-10,2000580001
TEM_SALDO·sem dono,TEM_SALDO,Encostas e Muros de Arrimo da Rua Almirante Marques de Leão,"Alameda Joaquim Eugenio de Lima, 164",Bela Vista,,BIR/tombado,municipal,2662.0,,,2025-07-07,0090190000
TEM_SALDO·sem dono,TEM_SALDO,Escultura de Nossa Senhora Auxiliadora / Pátio Central do Colégio Santa Inês,"Rua Três Rios, 362",Bom Retiro,,BIR/tombado,municipal,11231.58,,,2018-02-07,0180270001
TEM_SALDO·sem dono,TEM_SALDO,Primeira Igreja de Anchieta / Igreja do Pátio do Colégio / Área do Centro Velho,"Pátio do Colégio, 34",Sé,,BIR/tombado,municipal,3827.21,,,2015-05-19,0020590054
SO_ELEGIVEL·com dono,SO_ELEGIVEL,Bairro da Bela Vista,"Rua Fortaleza, 36, 94, 873",Bela Vista,CLUB MADAME LTDA,tombado,municipal,,,,2002-12-14,0090240028
SO_ELEGIVEL·com dono,SO_ELEGIVEL,Bairro da Bela Vista,"Rua Treze de Maio, 703",Bela Vista,YACHT BAR E RESTAURANTE LTDA,tombado,municipal,,,,2002-12-14,0090220159
SO_ELEGIVEL·com dono,SO_ELEGIVEL,Estação da Luz / Rede Ferroviaria Federal S.a.,"Rua General Couto de Magalhães, 5",Bom Retiro,IDBRASIL CULTURA EDUCACAO E ESPORTE,tombado,municipal+estadual+federal,,,,1991-04-10,0010180001
SO_ELEGIVEL·com dono,SO_ELEGIVEL,Conjunto Arquitetônico Na Esquina da Rua Augusta C/ Marquês de Paranaguá,"Rua Marquês de Paranaguá, 315, 349, 353",Consolação,BRUNO NASCIMENTO CAMPOS DE SIQUEIRA,tombado,municipal,,,,2011-07-29,0100260016
SO_ELEGIVEL·com dono,SO_ELEGIVEL,Conjunto Arquitetônico do Instituto Biológico,"Avenida Doutor Dante Pazzanese, 245, 1108, 1252",Moema,SECRETARIA DE AGRICULTURA E ABASTECIMENTO,tombado,municipal+estadual,,,,2014-10-10,0360790007
SO_ELEGIVEL·com dono,SO_ELEGIVEL,Bairro de Santa Ifigênia (inserido Na Área de Estudo),"Rua dos Timbiras, 144",República,IGREJA UNIVERSAL DO REINO DE DEUS,tombado,estadual,,,,,0080890159
SO_ELEGIVEL·com dono,SO_ELEGIVEL,Teatro Municipal,Praça Ramos de Azevedo,República,828 ORGANIZAÇÃO DE EVENTOS,tombado,municipal+estadual+federal,,,,1991-04-10,0060260001
SO_ELEGIVEL·com dono,SO_ELEGIVEL,Bairro dos Campos Eliseos,"Alameda Eduardo Prado 460, 474, 1615, 1649, 1661, 1683, 1699, 1721",Santa Cecília,CASA BRASILEIRA DE PESQUISAE COOPERAÇÃO,tombado,municipal+estadual,,,,2018-02-24,0200170004
SO_ELEGIVEL·com dono,SO_ELEGIVEL,Mercado Municipal da Cantareira / Área do Centro Velho,"Rua da Cantareira, 390",Sé,MERCADO SP SPE S.A.,tombado,municipal+estadual,,,,2017-06-08,0020310001
SO_ELEGIVEL·sem dono,SO_ELEGIVEL,Parque Anhangüera,"Avenida Fortunata Tadiello Natucci, 1000, 24, 5",Anhanguera,,tombado,municipal+estadual,,,,,0784310000
SO_ELEGIVEL·sem dono,SO_ELEGIVEL,Bairro de Perdizes / Edificação Na Rua Dona Germaine Burchard 418,"Rua Dona Germaine Burchard, 418",Barra Funda,,tombado,municipal,,,,2023-08-16,0210280062
SO_ELEGIVEL·sem dono,SO_ELEGIVEL,Bairro de Perdizes / Edificação Na Rua Doutor Cândido Espinheira 412,"Rua Doutor Cândido Espinheira, 412",Barra Funda,,tombado,municipal,,,,2023-08-16,0200550034
SO_ELEGIVEL·sem dono,SO_ELEGIVEL,Bairro de Perdizes / Edificação Na Rua Doutor Cândido Espinheira 830,"Rua Doutor Cândido Espinheira, 830",Barra Funda,,tombado,municipal,,,,2023-08-16,0210140014
SO_ELEGIVEL·sem dono,SO_ELEGIVEL,Bairro de Perdizes / Edificação Na Rua Doutor Cândido Espinheira 832,"Rua Doutor Cândido Espinheira, 832",Barra Funda,,tombado,municipal,,,,2023-08-16,0210140013
SO_ELEGIVEL·sem dono,SO_ELEGIVEL,Bairro de Perdizes / Edificação Na Rua Doutor Cândido Espinheira 846,"Rua Doutor Cândido Espinheira, 846",Barra Funda,,tombado,municipal,,,,2023-08-16,0210140012
SO_ELEGIVEL·sem dono,SO_ELEGIVEL,Bairro de Perdizes / Edificação Na Rua Doutor Cândido Espinheira 850,"Rua Doutor Cândido Espinheira, 850",Barra Funda,,tombado,municipal,,,,2023-08-16,0210140011
SO_ELEGIVEL·sem dono,SO_ELEGIVEL,Bairro de Perdizes / Edificação Na Rua Doutor Cândido Espinheira 866,"Rua Doutor Cândido Espinheira, 866",Barra Funda,,tombado,municipal,,,,2023-08-16,0210140010
SO_ELEGIVEL·sem dono,SO_ELEGIVEL,Bairro de Perdizes / Edificação Na Rua Doutor Cândido Espinheira 882,"Rua Doutor Cândido Espinheira, 882",Barra Funda,,tombado,municipal,,,,2023-08-16,0210140009
SO_ELEGIVEL·sem dono,SO_ELEGIVEL,Bairro de Perdizes / Edificação Na Rua Lavradio 53,"Rua Lavradio, 53",Barra Funda,,tombado,municipal,,,,2023-08-16,0200430036
SO_ELEGIVEL·sem dono,SO_ELEGIVEL,Bairro de Perdizes / Edificação Na Rua Lavradio 55,"Rua Lavradio, 55",Barra Funda,,tombado,municipal,,,,2023-08-16,0200430035
SO_ELEGIVEL·sem dono,SO_ELEGIVEL,Bairro de Perdizes / Edificação Na Rua Lavradio 65,"Rua Lavradio, 65",Barra Funda,,tombado,municipal,,,,2023-08-16,0200430034
SO_ELEGIVEL·sem dono,SO_ELEGIVEL,Bairro de Perdizes / Edificação Na Rua Lavradio 71,"Rua Lavradio, 71, 71",Barra Funda,,tombado,municipal,,,,2023-08-16,0200430033
SO_ELEGIVEL·sem dono,SO_ELEGIVEL,Bairro de Perdizes / Edificação Na Rua Lavradio 73,"Rua Lavradio, 73",Barra Funda,,tombado,municipal,,,,2023-08-16,0200430032
SO_ELEGIVEL·sem dono,SO_ELEGIVEL,Bairro de Perdizes / Edificação Na Rua Melo Palheta 37,"Rua Melo Palheta, 37",Barra Funda,,tombado,municipal,,,,2023-08-16,0210280001
SO_ELEGIVEL·sem dono,SO_ELEGIVEL,Bairro de Perdizes / Edificação Na Rua Turiassu 566,"Rua Turiassu, 566",Barra Funda,,tombado,municipal,,,,2023-08-16,0210210044
SO_ELEGIVEL·sem dono,SO_ELEGIVEL,Bairro de Perdizes / Edificação Na Rua Turiassu 98,"Rua Turiassu, 98",Barra Funda,,tombado,municipal,,,,2023-08-16,0200680021
SO_ELEGIVEL·sem dono,SO_ELEGIVEL,Bairro da Bela Vista,"Rua Conde de São Joaquim, 231",Bela Vista,,tombado,municipal,,,,2002-12-14,0050860059
SO_ELEGIVEL·sem dono,SO_ELEGIVEL,Bairro da Bela Vista,"Rua Rocha, 370, 372",Bela Vista,,tombado,municipal,,,,2002-12-14,0090170802
SO_ELEGIVEL·sem dono,SO_ELEGIVEL,Bairro da Bela Vista,"Rua Fortaleza, 282, 288",Bela Vista,,tombado,municipal,,,,2002-12-14,0090220145
SO_ELEGIVEL·sem dono,SO_ELEGIVEL,Bairro da Bela Vista,"Travessa Manoel José de Magalhães, 48, 155, 2",Bela Vista,,tombado,municipal,,,,2002-12-14,0090170041
SO_ELEGIVEL·sem dono,SO_ELEGIVEL,Bairro da Bela Vista,"Travessa Manoel José de Magalhães, 42, 155, 1",Bela Vista,,tombado,municipal,,,,2002-12-14,0090170040
SO_ELEGIVEL·sem dono,SO_ELEGIVEL,Bairro da Bela Vista,"Travessa Manoel José de Magalhães, 62, 155, 4",Bela Vista,,tombado,municipal,,,,2002-12-14,0090170043
SO_ELEGIVEL·sem dono,SO_ELEGIVEL,Bairro da Bela Vista,"Travessa Manoel José de Magalhães, 52, 155, 3",Bela Vista,,tombado,municipal,,,,2002-12-14,0090170042
SO_ELEGIVEL·sem dono,SO_ELEGIVEL,Bairro da Bela Vista,"Rua Maria José, 503, 1164",Bela Vista,,tombado,municipal,,,,2002-12-14,0090250404
SO_ELEGIVEL·sem dono,SO_ELEGIVEL,Bairro da Bela Vista,"Rua Arthur Prado, 341",Bela Vista,,tombado,municipal,,,,2002-12-14,0090700000
SO_ELEGIVEL·sem dono,SO_ELEGIVEL,Bairro da Bela Vista,"Rua Maria José, 79, 81, 87, 89, 95",Bela Vista,,tombado,municipal,,,,2002-12-14,0090080348
SO_ELEGIVEL·sem dono,SO_ELEGIVEL,Bairro da Bela Vista,"Avenida Condessa de São Joaquim, 345, 357, 849, 857",Bela Vista,,tombado,municipal,,,,2002-12-14,0330010133
SO_ELEGIVEL·sem dono,SO_ELEGIVEL,Bairro da Bela Vista,"Rua Fortaleza, 180",Bela Vista,,tombado,municipal,,,,2002-12-14,0090230033
SO_ELEGIVEL·sem dono,SO_ELEGIVEL,Bairro da Bela Vista,"Alameda Joaquim Eugênio de Lima, 159",Bela Vista,,tombado,municipal,,,,2002-12-14,0090511590
SO_ELEGIVEL·sem dono,SO_ELEGIVEL,Bairro da Bela Vista,"Travessa Manoel José de Magalhães, 42, 155, 1",Bela Vista,,tombado,municipal,,,,2002-12-14,0090170803
SO_ELEGIVEL·sem dono,SO_ELEGIVEL,Bairro da Bela Vista,"Rua Treze de Maio, 653, 655",Bela Vista,,tombado,municipal,,,,2002-12-14,0090220155
SO_ELEGIVEL·sem dono,SO_ELEGIVEL,Bairro da Bela Vista,"Rua Martiniano de Carvalho, 1061",Bela Vista,,tombado,municipal,,,,2002-12-14,0380020023
SO_ELEGIVEL·sem dono,SO_ELEGIVEL,Bairro da Bela Vista,"Rua Maestro Cardim, 940, 245, 295, 331",Bela Vista,,tombado,municipal,,,,2002-12-14,0380060091
SO_ELEGIVEL·sem dono,SO_ELEGIVEL,Bairro da Bela Vista,"Rua Maestro Cardim, 769",Bela Vista,,tombado,municipal,,,,2002-12-14,0380030061
SO_ELEGIVEL·sem dono,SO_ELEGIVEL,Bairro da Bela Vista,"Rua Martiniano de Carvalho, 71, 21",Bela Vista,,tombado,municipal,,,,2002-12-14,0330050025
SO_ELEGIVEL·sem dono,SO_ELEGIVEL,Bairro da Bela Vista,"Rua Maestro Cardim, 86, 92",Bela Vista,,tombado,municipal,,,,2002-12-14,0330080000
SO_ELEGIVEL·sem dono,SO_ELEGIVEL,Bairro da Bela Vista,"Rua Martiniano de Carvalho, 269, 271, 277",Bela Vista,,tombado,municipal+estadual,,,,2002-12-14,0330070001
SO_ELEGIVEL·sem dono,SO_ELEGIVEL,Bairro da Bela Vista,"Rua Humaitá, 77, 10",Bela Vista,,tombado,municipal,,,,2002-12-14,0330050055
SO_ELEGIVEL·sem dono,SO_ELEGIVEL,Bairro da Bela Vista,"Rua Martiniano de Carvalho, 319",Bela Vista,,tombado,municipal+estadual,,,,2002-12-14,0330080019
SO_ELEGIVEL·sem dono,SO_ELEGIVEL,Bairro da Bela Vista,"Rua Martiniano de Carvalho, 125",Bela Vista,,tombado,municipal,,,,2002-12-14,0330050018
SO_ELEGIVEL·sem dono,SO_ELEGIVEL,Bairro da Bela Vista,"Rua Humaitá, 131, 131",Bela Vista,,tombado,municipal,,,,2002-12-14,0330050046
SO_ELEGIVEL·sem dono,SO_ELEGIVEL,Bairro da Bela Vista,"Rua Humaitá, 77, 4",Bela Vista,,tombado,municipal,,,,2002-12-14,0330050052
SO_ELEGIVEL·sem dono,SO_ELEGIVEL,Bairro da Bela Vista,"Rua Maestro Cardim, 60, 2B",Bela Vista,,tombado,municipal+estadual,,,,2002-12-14,0330080032
SO_ELEGIVEL·sem dono,SO_ELEGIVEL,Bairro da Bela Vista,"Rua Maestro Cardim, 60, 3",Bela Vista,,tombado,municipal+estadual,,,,2002-12-14,0330080031
SO_ELEGIVEL·sem dono,SO_ELEGIVEL,Bairro da Bela Vista,"Rua Monsenhor Passalaqua, 55",Bela Vista,,tombado,municipal+estadual,,,,2002-12-14,0330070015
SO_ELEGIVEL·sem dono,SO_ELEGIVEL,Bairro da Bela Vista,"Rua Humaitá, 191",Bela Vista,,tombado,municipal,,,,2002-12-14,0330050040
SO_ELEGIVEL·sem dono,SO_ELEGIVEL,Bairro da Bela Vista,"Rua Monsenhor Passalaqua, 81",Bela Vista,,tombado,municipal+estadual,,,,2002-12-14,0330070009
SO_ELEGIVEL·sem dono,SO_ELEGIVEL,Bairro da Bela Vista,"Rua Humaitá, 137, 139",Bela Vista,,tombado,municipal,,,,2002-12-14,0330050045
SO_ELEGIVEL·sem dono,SO_ELEGIVEL,Bairro da Bela Vista,"Rua Pedroso, 267",Bela Vista,,tombado,municipal,,,,2002-12-14,0330100010
SO_ELEGIVEL·sem dono,SO_ELEGIVEL,Bairro da Bela Vista,"Rua Martiniano de Carvalho, 71, 17",Bela Vista,,tombado,municipal,,,,2002-12-14,0330050027
SO_ELEGIVEL·sem dono,SO_ELEGIVEL,Bairro da Bela Vista,"Rua Martiniano de Carvalho, 71, 19",Bela Vista,,tombado,municipal,,,,2002-12-14,0330050026
SO_ELEGIVEL·sem dono,SO_ELEGIVEL,Bairro da Bela Vista,"Rua Maestro Cardim, 60, 6",Bela Vista,,tombado,municipal+estadual,,,,2002-12-14,0330080028
SO_ELEGIVEL·sem dono,SO_ELEGIVEL,Bairro da Bela Vista,"Rua Maestro Cardim, 60, 6A",Bela Vista,,tombado,municipal+estadual,,,,2002-12-14,0330080027
SO_ELEGIVEL·sem dono,SO_ELEGIVEL,Bairro da Bela Vista,"Rua Maestro Cardim, 60, 11",Bela Vista,,tombado,municipal+estadual,,,,2002-12-14,0330080023
SO_ELEGIVEL·sem dono,SO_ELEGIVEL,Bairro da Bela Vista,"Rua Humaitá, 171",Bela Vista,,tombado,municipal,,,,2002-12-14,0330050042
SO_ELEGIVEL·sem dono,SO_ELEGIVEL,Bairro da Bela Vista,"Rua Monsenhor Passalaqua, 71, 2",Bela Vista,,tombado,municipal+estadual,,,,2002-12-14,0330070011
SO_ELEGIVEL·sem dono,SO_ELEGIVEL,Bairro da Bela Vista,"Rua Martiniano de Carvalho, 71, 1",Bela Vista,,tombado,municipal,,,,2002-12-14,0330050035
SO_ELEGIVEL·sem dono,SO_ELEGIVEL,Bairro da Bela Vista,"Rua Martiniano de Carvalho, 113",Bela Vista,,tombado,municipal,,,,2002-12-14,0330050000
SO_ELEGIVEL·sem dono,SO_ELEGIVEL,Bairro da Bela Vista,"Rua Maestro Cardim, 60, 2",Bela Vista,,tombado,municipal+estadual,,,,2002-12-14,0330070022
SO_ELEGIVEL·sem dono,SO_ELEGIVEL,Bairro da Bela Vista,"Rua Martiniano de Carvalho, 71, 4",Bela Vista,,tombado,municipal,,,,2002-12-14,0330050024
SO_ELEGIVEL·sem dono,SO_ELEGIVEL,Bairro da Bela Vista,"Rua Pedroso, 202",Bela Vista,,tombado,municipal+estadual,,,,2002-12-14,0330080092
SO_ELEGIVEL·sem dono,SO_ELEGIVEL,Bairro da Bela Vista,"Rua dos Bororós, 46",Bela Vista,,tombado,municipal,,,,2002-12-14,0330010000
SO_ELEGIVEL·sem dono,SO_ELEGIVEL,Bairro da Bela Vista,"Rua Maestro Cardim, 60, 5",Bela Vista,,tombado,municipal+estadual,,,,2002-12-14,0330080029
SO_ELEGIVEL·sem dono,SO_ELEGIVEL,Bairro da Bela Vista,"Rua Martiniano de Carvalho, 71, 3",Bela Vista,,tombado,municipal,,,,2002-12-14,0330050034
SO_ELEGIVEL·sem dono,SO_ELEGIVEL,Bairro da Bela Vista,"Rua Monsenhor Passalaqua, 47",Bela Vista,,tombado,municipal+estadual,,,,2002-12-14,0330070016
SO_ELEGIVEL·sem dono,SO_ELEGIVEL,Bairro da Bela Vista,"Rua Martiniano de Carvalho, 255, 259, 261, 265, 267",Bela Vista,,tombado,municipal+estadual,,,,2002-12-14,0330070002
SO_ELEGIVEL·sem dono,SO_ELEGIVEL,Bairro da Bela Vista,"Rua Monsenhor Passalaqua, 29",Bela Vista,,tombado,municipal+estadual,,,,2002-12-14,0330070019
SO_ELEGIVEL·sem dono,SO_ELEGIVEL,Bairro da Bela Vista,"Rua Monsenhor Passalaqua, 63",Bela Vista,,tombado,municipal+estadual,,,,2002-12-14,0330070014
SO_ELEGIVEL·sem dono,SO_ELEGIVEL,Bairro da Bela Vista,"Rua Martiniano de Carvalho, 51",Bela Vista,,tombado,municipal,,,,2002-12-14,0330050037
SO_ELEGIVEL·sem dono,SO_ELEGIVEL,Bairro da Bela Vista,"Rua Humaitá, 77, 8",Bela Vista,,tombado,municipal,,,,2002-12-14,0330050054
SO_ELEGIVEL·sem dono,SO_ELEGIVEL,Bairro da Bela Vista,"Rua Martiniano de Carvalho, 71, 11",Bela Vista,,tombado,municipal,,,,2002-12-14,0330050030
SO_ELEGIVEL·sem dono,SO_ELEGIVEL,Bairro da Bela Vista,"Rua Martiniano de Carvalho, 71, 7",Bela Vista,,tombado,municipal,,,,2002-12-14,0330050032
SO_ELEGIVEL·sem dono,SO_ELEGIVEL,Bairro da Bela Vista,"Rua Martiniano de Carvalho, 81, 83",Bela Vista,,tombado,municipal,,,,2002-12-14,0330050022
SO_ELEGIVEL·sem dono,SO_ELEGIVEL,Bairro da Bela Vista,"Rua Maestro Cardim, 60, 9",Bela Vista,,tombado,municipal+estadual,,,,2002-12-14,0330080021
SO_ELEGIVEL·sem dono,SO_ELEGIVEL,Bairro da Bela Vista,"Rua Maestro Cardim, 60, 12",Bela Vista,,tombado,municipal+estadual,,,,2002-12-14,0330080022
SO_ELEGIVEL·sem dono,SO_ELEGIVEL,Bairro da Bela Vista,"Rua Maestro Cardim, 60, 10",Bela Vista,,tombado,municipal+estadual,,,,2002-12-14,0330080024
SO_ELEGIVEL·sem dono,SO_ELEGIVEL,Bairro da Bela Vista,"Rua Maestro Cardim, 60, 8",Bela Vista,,tombado,municipal+estadual,,,,2002-12-14,0330080025
SO_ELEGIVEL·sem dono,SO_ELEGIVEL,Bairro da Bela Vista,"Rua Conde de São Joaquim, 391, 393",Bela Vista,,tombado,municipal,,,,2002-12-14,0330030021
SO_ELEGIVEL·sem dono,SO_ELEGIVEL,Bairro da Bela Vista,"Rua Humaitá, 79, 1, 2",Bela Vista,,tombado,municipal,,,,2002-12-14,0330050050
SO_ELEGIVEL·sem dono,SO_ELEGIVEL,Bairro da Bela Vista,"Rua Humaitá, 81, 85, 87",Bela Vista,,tombado,municipal,,,,2002-12-14,0330050049
SO_ELEGIVEL·sem dono,SO_ELEGIVEL,Bairro da Bela Vista,"Rua Martiniano de Carvalho, 333",Bela Vista,,tombado,municipal+estadual,,,,2002-12-14,0330080017
SO_ELEGIVEL·sem dono,SO_ELEGIVEL,Bairro da Bela Vista,"Rua Martiniano de Carvalho, 71, 9",Bela Vista,,tombado,municipal,,,,2002-12-14,0330050031
SO_ELEGIVEL·sem dono,SO_ELEGIVEL,Bairro da Bela Vista,"Rua Martiniano de Carvalho, 71, 5",Bela Vista,,tombado,municipal,,,,2002-12-14,0330050033
SO_ELEGIVEL·sem dono,SO_ELEGIVEL,Bairro da Bela Vista,"Rua Maestro Cardim, 60, 4",Bela Vista,,tombado,municipal+estadual,,,,2002-12-14,0330080030
SO_ELEGIVEL·sem dono,SO_ELEGIVEL,Bairro da Bela Vista,"Rua Monsenhor Passalaqua, 71, 1",Bela Vista,,tombado,municipal+estadual,,,,2002-12-14,0330070012
SO_ELEGIVEL·sem dono,SO_ELEGIVEL,Bairro da Bela Vista,"Rua Monsenhor Passalaqua, 65",Bela Vista,,tombado,municipal+estadual,,,,2002-12-14,0330070013
SO_ELEGIVEL·sem dono,SO_ELEGIVEL,Bairro da Bela Vista,"Rua Maestro Cardim, 94",Bela Vista,,tombado,municipal,,,,2002-12-14,0330080077
SO_ELEGIVEL·sem dono,SO_ELEGIVEL,Bairro da Bela Vista,"Rua Maestro Cardim, 80, 84",Bela Vista,,tombado,municipal+estadual,,,,2002-12-14,0330080033
SO_ELEGIVEL·sem dono,SO_ELEGIVEL,Bairro da Bela Vista,"Rua Maestro Cardim, 60, 7",Bela Vista,,tombado,municipal+estadual,,,,2002-12-14,0330080026
SO_ELEGIVEL·sem dono,SO_ELEGIVEL,Bairro da Bela Vista,"Rua Humaitá, 77, 2",Bela Vista,,tombado,municipal,,,,2002-12-14,0330050051
SO_ELEGIVEL·sem dono,SO_ELEGIVEL,Bairro da Bela Vista,"Rua Martiniano de Carvalho, 287, 301, 309, 311, 313, 18, 20",Bela Vista,,tombado,municipal+estadual,,,,2002-12-14,0330080020
SO_ELEGIVEL·sem dono,SO_ELEGIVEL,Bairro da Bela Vista,"Rua Humaitá, 173",Bela Vista,,tombado,municipal,,,,2002-12-14,0330050041
SO_ELEGIVEL·sem dono,SO_ELEGIVEL,Bairro da Bela Vista,"Rua Martiniano de Carvalho, 71, 13",Bela Vista,,tombado,municipal,,,,2002-12-14,0330050029
SO_ELEGIVEL·sem dono,SO_ELEGIVEL,Bairro da Bela Vista,"Rua Martiniano de Carvalho, 71, 15",Bela Vista,,tombado,municipal,,,,2002-12-14,0330050028
SO_ELEGIVEL·sem dono,SO_ELEGIVEL,Bairro da Bela Vista,"Rua Martiniano de Carvalho, 71, 2",Bela Vista,,tombado,municipal,,,,2002-12-14,0330050023
SO_ELEGIVEL·sem dono,SO_ELEGIVEL,Bairro da Bela Vista,"Rua Humaitá, 77, 6",Bela Vista,,tombado,municipal,,,,2002-12-14,0330050053
SO_ELEGIVEL·sem dono,SO_ELEGIVEL,Bairro da Bela Vista,"Rua Artur Prado, 621, 637, 836, 279",Bela Vista,,tombado,municipal,,,,2002-12-14,0090710000
SO_ELEGIVEL·sem dono,SO_ELEGIVEL,Bairro da Bela Vista,"Rua Artur Prado, 376",Bela Vista,,tombado,municipal,,,,2002-12-14,0090690012
SO_ELEGIVEL·sem dono,SO_ELEGIVEL,Bairro da Bela Vista,"Rua Sílvia, 203, 11",Bela Vista,,tombado,municipal,,,,2002-12-14,0090170180
SO_ELEGIVEL·sem dono,SO_ELEGIVEL,Bairro da Bela Vista,"Rua Almirante Marques de Leão, 735",Bela Vista,,tombado,municipal,,,,2002-12-14,0090190069
SO_ELEGIVEL·sem dono,SO_ELEGIVEL,Bairro da Bela Vista,"Alameda Joaquim Eugênio de Lima, 166, 793",Bela Vista,,tombado,municipal,,,,2002-12-14,0090190005
SO_ELEGIVEL·sem dono,SO_ELEGIVEL,Bairro da Bela Vista,"Rua Santa Madalena, 372",Bela Vista,,tombado,municipal,,,,2002-12-14,0090540013
SO_ELEGIVEL·sem dono,SO_ELEGIVEL,Bairro da Bela Vista,"Rua Santa Madalena, 364",Bela Vista,,tombado,municipal,,,,2002-12-14,0090540014
SO_ELEGIVEL·sem dono,SO_ELEGIVEL,Bairro da Bela Vista,"Rua Veloso Guerra, 1",Bela Vista,,tombado,municipal,,,,2002-12-14,0090940049
SO_ELEGIVEL·sem dono,SO_ELEGIVEL,Bairro da Bela Vista,"Rua Sílvia, 203",Bela Vista,,tombado,municipal,,,,2002-12-14,0090170178
SO_ELEGIVEL·sem dono,SO_ELEGIVEL,Bairro da Bela Vista,"Rua Maria José, 130",Bela Vista,,tombado,municipal,,,,2002-12-14,0090070017
SO_ELEGIVEL·sem dono,SO_ELEGIVEL,Bairro da Bela Vista,"Rua Doutor Luís Barreto, 365",Bela Vista,,tombado,municipal,,,,2002-12-14,0090120028
SO_ELEGIVEL·sem dono,SO_ELEGIVEL,Bairro da Bela Vista,"Alameda Ribeirão Preto, 296, 298",Bela Vista,,tombado,municipal,,,,2002-12-14,0090180118
SO_ELEGIVEL·sem dono,SO_ELEGIVEL,Bairro da Bela Vista,"Rua Veloso Guerra, 4",Bela Vista,,tombado,municipal,,,,2002-12-14,0090940046
SO_ELEGIVEL·sem dono,SO_ELEGIVEL,Bairro da Bela Vista,"Rua Rui Barbosa, 266, 272",Bela Vista,,tombado,municipal,,,,2002-12-14,0090220148
SO_ELEGIVEL·sem dono,SO_ELEGIVEL,Bairro da Bela Vista,"Rua Almirante Marques de Leão, 787",Bela Vista,,tombado,municipal,,,,2002-12-14,0090190080
SO_ELEGIVEL·sem dono,SO_ELEGIVEL,Bairro da Bela Vista,"Avenida Brigadeiro Luís Antônio, 1303, 1305, 1307",Bela Vista,,tombado,municipal,,,,2002-12-14,0090570300
SO_ELEGIVEL·sem dono,SO_ELEGIVEL,Bairro da Bela Vista,"Rua Rui Barbosa, 294, 322",Bela Vista,,tombado,municipal,,,,2002-12-14,0090220062
SO_ELEGIVEL·sem dono,SO_ELEGIVEL,Bairro da Bela Vista,"Alameda Ribeirão Preto, 258",Bela Vista,,tombado,municipal,,,,2002-12-14,0090180076
SO_ELEGIVEL·sem dono,SO_ELEGIVEL,Bairro da Bela Vista,"Rua dos Franceses, 230",Bela Vista,,tombado,municipal,,,,2002-12-14,0090190039
SO_ELEGIVEL·sem dono,SO_ELEGIVEL,Bairro da Bela Vista,"Rua São Vicente, 42, 46",Bela Vista,,tombado,municipal,,,,2002-12-14,0090040011
SO_ELEGIVEL·sem dono,SO_ELEGIVEL,Bairro da Bela Vista,"Rua Manoel Dutra, 389, 391, 288, 298",Bela Vista,,tombado,municipal,,,,2002-12-14,0090040037
SO_ELEGIVEL·sem dono,SO_ELEGIVEL,Bairro da Bela Vista,"Avenida Brigadeiro Luís Antônio, 1186, 1200, 466, 470, 482, 486, 494, 498, 504",Bela Vista,,tombado,municipal,,,,2002-12-14,0090420000
SO_ELEGIVEL·sem dono,SO_ELEGIVEL,Bairro da Bela Vista,"Rua Veloso Guerra, 59",Bela Vista,,tombado,municipal,,,,2002-12-14,0090190053
SO_ELEGIVEL·sem dono,SO_ELEGIVEL,Bairro da Bela Vista,"Rua Conselheiro Carrão, 420, 515, 521",Bela Vista,,tombado,municipal,,,,2002-12-14,0090050027
SO_ELEGIVEL·sem dono,SO_ELEGIVEL,Bairro da Bela Vista,"Rua Veloso Guerra, 57",Bela Vista,,tombado,municipal,,,,2002-12-14,0090190052
SO_ELEGIVEL·sem dono,SO_ELEGIVEL,Bairro da Bela Vista,"Rua Humaitá, 480, 500, 520, 536",Bela Vista,,tombado,municipal,,,,2002-12-14,0090950020
SO_ELEGIVEL·sem dono,SO_ELEGIVEL,Bairro da Bela Vista,"Rua Manoel Dutra, 527, 1262, 1272",Bela Vista,,tombado,municipal,,,,2002-12-14,0090970000
SO_ELEGIVEL·sem dono,SO_ELEGIVEL,Bairro da Bela Vista,"Rua Artur Prado, 82",Bela Vista,,tombado,municipal,,,,2002-12-14,0090570046
SO_ELEGIVEL·sem dono,SO_ELEGIVEL,Bairro da Bela Vista,"Rua dos Ingleses, 391",Bela Vista,,tombado,municipal,,,,2002-12-14,0090380066
SO_ELEGIVEL·sem dono,SO_ELEGIVEL,Bairro da Bela Vista,"Rua Doutor Luís Barreto, 215",Bela Vista,,tombado,municipal,,,,2002-12-14,0090040014
SO_ELEGIVEL·sem dono,SO_ELEGIVEL,Bairro da Bela Vista,"Rua Conselheiro Ramalho, 742, 744",Bela Vista,,tombado,municipal,,,,2002-12-14,0090230012
SO_ELEGIVEL·sem dono,SO_ELEGIVEL,Bairro da Bela Vista,"Rua Rocha, 398",Bela Vista,,tombado,municipal,,,,2002-12-14,0090170007
SO_ELEGIVEL·sem dono,SO_ELEGIVEL,Bairro da Bela Vista,"Rua Conselheiro Carrão, 374",Bela Vista,,tombado,municipal,,,,2002-12-14,0090050034
SO_ELEGIVEL·sem dono,SO_ELEGIVEL,Bairro da Bela Vista,"Rua Santa Madalena, 250",Bela Vista,,tombado,municipal,,,,2002-12-14,0090550005
SO_ELEGIVEL·sem dono,SO_ELEGIVEL,Bairro da Bela Vista,"Rua Conselheiro 380, 382, 384",Bela Vista,,tombado,municipal,,,,2002-12-14,0090050033
SO_ELEGIVEL·sem dono,SO_ELEGIVEL,Bairro da Bela Vista,"Rua Almirante Marques de Leão, 827",Bela Vista,,tombado,municipal,,,,2002-12-14,0090190084
SO_ELEGIVEL·sem dono,SO_ELEGIVEL,Bairro da Bela Vista,"Rua dos Ingleses, 409",Bela Vista,,tombado,municipal,,,,2002-12-14,0090380064
SO_ELEGIVEL·sem dono,SO_ELEGIVEL,Bairro da Bela Vista,"Rua Almirante Marques de Leão, 765",Bela Vista,,tombado,municipal,,,,2002-12-14,0090190075
SO_ELEGIVEL·sem dono,SO_ELEGIVEL,Bairro da Bela Vista,"Rua Almirante Marques de Leão, 546",Bela Vista,,tombado,municipal,,,,2002-12-14,0090180020
SO_ELEGIVEL·sem dono,SO_ELEGIVEL,Bairro da Bela Vista,"Rua Veloso Guerra, 69",Bela Vista,,tombado,municipal,,,,2002-12-14,0090190055
SO_ELEGIVEL·sem dono,SO_ELEGIVEL,Bairro da Bela Vista,"Rua Almirante Marques de Leão, 347, 353",Bela Vista,,tombado,municipal,,,,2002-12-14,0090940155
SO_ELEGIVEL·sem dono,SO_ELEGIVEL,Bairro da Bela Vista,"Rua dos Ingleses, 317",Bela Vista,,tombado,municipal,,,,2002-12-14,0090380076
SO_ELEGIVEL·sem dono,SO_ELEGIVEL,Bairro da Bela Vista,"Rua dos Ingleses, 309",Bela Vista,,tombado,municipal,,,,2002-12-14,0090380077
SO_ELEGIVEL·sem dono,SO_ELEGIVEL,Bairro da Bela Vista,"Rua Fortaleza, 95, 899, 901",Bela Vista,,tombado,municipal,,,,2002-12-14,0090420001
SO_ELEGIVEL·sem dono,SO_ELEGIVEL,Bairro da Bela Vista,"Rua Conselheiro Ramalho, 736, 738",Bela Vista,,tombado,municipal,,,,2002-12-14,0090230011
SO_ELEGIVEL·sem dono,SO_ELEGIVEL,Bairro da Bela Vista,"Alameda Joaquim Eugênio de Lima, 212",Bela Vista,,tombado,municipal,,,,2002-12-14,0090190001
SO_ELEGIVEL·sem dono,SO_ELEGIVEL,Bairro da Bela Vista,"Rua Sílvia, 243",Bela Vista,,tombado,municipal,,,,2002-12-14,0090170238
SO_ELEGIVEL·sem dono,SO_ELEGIVEL,Bairro da Bela Vista,"Rua Treze de Maio, 478",Bela Vista,,tombado,municipal,,,,2002-12-14,0090120053
SO_ELEGIVEL·sem dono,SO_ELEGIVEL,Bairro da Bela Vista,"Rua Fortaleza, 142, 150, 878",Bela Vista,,tombado,municipal,,,,2002-12-14,0090230099
SO_ELEGIVEL·sem dono,SO_ELEGIVEL,Bairro da Bela Vista,"Rua Conselheiro Carrão, 468",Bela Vista,,tombado,municipal,,,,2002-12-14,0090120022
SO_ELEGIVEL·sem dono,SO_ELEGIVEL,Bairro da Bela Vista,"Rua Almirante Marques de Leão, 556",Bela Vista,,tombado,municipal,,,,2002-12-14,0090180022
SO_ELEGIVEL·sem dono,SO_ELEGIVEL,Bairro da Bela Vista,"Rua Artur Prado, 27",Bela Vista,,tombado,municipal,,,,2002-12-14,0090440046
SO_ELEGIVEL·sem dono,SO_ELEGIVEL,Bairro da Bela Vista,"Rua Rocha, 378",Bela Vista,,tombado,municipal,,,,2002-12-14,0090170011
SO_ELEGIVEL·sem dono,SO_ELEGIVEL,Bairro da Bela Vista,"Rua Doutor Seng, 44",Bela Vista,,tombado,municipal,,,,2002-12-14,0090180087
SO_ELEGIVEL·sem dono,SO_ELEGIVEL,Bairro da Bela Vista,"Rua dos Franceses, 44",Bela Vista,,tombado,municipal,,,,2002-12-14,0090940057
SO_ELEGIVEL·sem dono,SO_ELEGIVEL,Bairro da Bela Vista,"Rua Martiniano de Carvalho, 374",Bela Vista,,tombado,municipal,,,,2002-12-14,0090440019
SO_ELEGIVEL·sem dono,SO_ELEGIVEL,Bairro da Bela Vista,"Rua Manoel Dutra, 137",Bela Vista,,tombado,municipal,,,,2002-12-14,0090070134
SO_ELEGIVEL·sem dono,SO_ELEGIVEL,Bairro da Bela Vista,"Rua Sílvia, 167, 171",Bela Vista,,tombado,municipal,,,,2002-12-14,0090170046
SO_ELEGIVEL·sem dono,SO_ELEGIVEL,Bairro da Bela Vista,"Rua Doutor Luís Barreto, 276",Bela Vista,,tombado,municipal,,,,2002-12-14,0090110007
SO_ELEGIVEL·sem dono,SO_ELEGIVEL,Bairro da Bela Vista,"Rua dos Ingleses, 136",Bela Vista,,tombado,municipal,,,,2002-12-14,0090200028
SO_ELEGIVEL·sem dono,SO_ELEGIVEL,Bairro da Bela Vista,"Rua Almirante Marques de Leão, 692, 698, 80",Bela Vista,,tombado,municipal,,,,2002-12-14,0090180136
SO_ELEGIVEL·sem dono,SO_ELEGIVEL,Bairro da Bela Vista,"Rua Major Diogo, 887, 893",Bela Vista,,tombado,municipal,,,,2002-12-14,0090260000
SO_ELEGIVEL·sem dono,SO_ELEGIVEL,Bairro da Bela Vista,"Rua Treze de Maio, 686",Bela Vista,,tombado,municipal,,,,2002-12-14,0090210045
SO_ELEGIVEL·sem dono,SO_ELEGIVEL,Bairro da Bela Vista,"Rua Conselheiro Ramalho, 818",Bela Vista,,tombado,municipal,,,,2002-12-14,0090230022
SO_ELEGIVEL·sem dono,SO_ELEGIVEL,Bairro da Bela Vista,"Rua dos Ingleses, 108",Bela Vista,,tombado,municipal,,,,2002-12-14,0090200038
SO_ELEGIVEL·sem dono,SO_ELEGIVEL,Bairro da Bela Vista,"Rua Veloso Guerra, 107",Bela Vista,,tombado,municipal,,,,2002-12-14,0090190059
SO_ELEGIVEL·sem dono,SO_ELEGIVEL,Bairro da Bela Vista,"Rua Maria José, 467",Bela Vista,,tombado,municipal,,,,2002-12-14,0090250033
SO_ELEGIVEL·sem dono,SO_ELEGIVEL,Bairro da Bela Vista,"Rua Conselheiro Ramalho, 780",Bela Vista,,tombado,municipal,,,,2002-12-14,0090230017
SO_ELEGIVEL·sem dono,SO_ELEGIVEL,Bairro da Bela Vista,"Rua dos Ingleses, 170",Bela Vista,,tombado,municipal,,,,2002-12-14,0090200024
SO_ELEGIVEL·sem dono,SO_ELEGIVEL,Bairro da Bela Vista,"Rua Treze de Maio, 467, 469, 471",Bela Vista,,tombado,municipal,,,,2002-12-14,0090050103
SO_ELEGIVEL·sem dono,SO_ELEGIVEL,Bairro da Bela Vista,"Rua dos Ingleses, 429",Bela Vista,,tombado,municipal,,,,2002-12-14,0090380061
SO_ELEGIVEL·sem dono,SO_ELEGIVEL,Bairro da Bela Vista,"Rua Manoel Dutra, 309",Bela Vista,,tombado,municipal,,,,2002-12-14,0090050086
SO_ELEGIVEL·sem dono,SO_ELEGIVEL,Bairro da Bela Vista,"Rua Doutor Luís Barreto, 256, 256",Bela Vista,,tombado,municipal,,,,2002-12-14,0090110004
SO_ELEGIVEL·sem dono,SO_ELEGIVEL,Bairro da Bela Vista,"Rua dos Franceses, 81",Bela Vista,,tombado,municipal,,,,2002-12-14,0090200005
SO_ELEGIVEL·sem dono,SO_ELEGIVEL,Bairro da Bela Vista,"Rua Fortaleza, 181",Bela Vista,,tombado,municipal,,,,2002-12-14,0090410058
SO_ELEGIVEL·sem dono,SO_ELEGIVEL,Bairro da Bela Vista,"Rua Treze de Maio, 360, 360",Bela Vista,,tombado,municipal,,,,2002-12-14,0090040009
SO_ELEGIVEL·sem dono,SO_ELEGIVEL,Bairro da Bela Vista,"Rua Rocha, 386",Bela Vista,,tombado,municipal,,,,2002-12-14,0090170010
SO_ELEGIVEL·sem dono,SO_ELEGIVEL,Bairro da Bela Vista,"Rua Doutor Luís Barreto, 246",Bela Vista,,tombado,municipal,,,,2002-12-14,0090110002
SO_ELEGIVEL·sem dono,SO_ELEGIVEL,Bairro da Bela Vista,"Avenida Brigadeiro Luís Antônio, 1564, 1566, 714, 716, 720, 722, 726, 730, 734, 738, 1021",Bela Vista,,tombado,municipal,,,,2002-12-14,0090390000
SO_ELEGIVEL·sem dono,SO_ELEGIVEL,Bairro da Bela Vista,"Rua dos Franceses, 138",Bela Vista,,tombado,municipal,,,,2002-12-14,0090190044
SO_ELEGIVEL·sem dono,SO_ELEGIVEL,Bairro da Bela Vista,"Rua Doutor Luís Barreto, 252",Bela Vista,,tombado,municipal,,,,2002-12-14,0090110003
SO_ELEGIVEL·sem dono,SO_ELEGIVEL,Bairro da Bela Vista,"Alameda Ribeirão Preto, 290",Bela Vista,,tombado,municipal,,,,2002-12-14,0090180080
SO_ELEGIVEL·sem dono,SO_ELEGIVEL,Bairro da Bela Vista,"Rua dos Ingleses, 209",Bela Vista,,tombado,municipal,,,,2002-12-14,0090210035
SO_ELEGIVEL·sem dono,SO_ELEGIVEL,Bairro da Bela Vista,"Rua Rui Barbosa, 708",Bela Vista,,tombado,municipal,,,,2002-12-14,0090390063
SO_ELEGIVEL·sem dono,SO_ELEGIVEL,Bairro da Bela Vista,"Rua Treze de Maio, 1425, 1439",Bela Vista,,tombado,municipal,,,,2002-12-14,0090670000
SO_ELEGIVEL·sem dono,SO_ELEGIVEL,Bairro da Bela Vista,"Rua Martiniano de Carvalho, 230",Bela Vista,,tombado,municipal,,,,2002-12-14,0090440002
SO_ELEGIVEL·sem dono,SO_ELEGIVEL,Bairro da Bela Vista,"Rua Rui Barbosa, 574, 835",Bela Vista,,tombado,municipal,,,,2002-12-14,0090390084
SO_ELEGIVEL·sem dono,SO_ELEGIVEL,Bairro da Bela Vista,"Rua Rocha, 376",Bela Vista,,tombado,municipal,,,,2002-12-14,0090170012
SO_ELEGIVEL·sem dono,SO_ELEGIVEL,Bairro da Bela Vista,"Rua Veloso Guerra, 2",Bela Vista,,tombado,municipal,,,,2002-12-14,0090940048
SO_ELEGIVEL·sem dono,SO_ELEGIVEL,Bairro da Bela Vista,"Rua Almirante Marques de Leão, 574",Bela Vista,,tombado,municipal,,,,2002-12-14,0090180026
SO_ELEGIVEL·sem dono,SO_ELEGIVEL,Bairro da Bela Vista,"Rua Rui Barbosa, 647",Bela Vista,,tombado,municipal,,,,2002-12-14,0090410033
SO_ELEGIVEL·sem dono,SO_ELEGIVEL,Bairro da Bela Vista,"Rua Treze de Maio, 738",Bela Vista,,tombado,municipal,,,,2002-12-14,0090210038
SO_ELEGIVEL·sem dono,SO_ELEGIVEL,Bairro da Bela Vista,"Rua Treze de Maio, 366, 368, 26",Bela Vista,,tombado,municipal,,,,2002-12-14,0090040040
SO_ELEGIVEL·sem dono,SO_ELEGIVEL,Bairro da Bela Vista,"Rua Itapeva, 79",Bela Vista,,tombado,municipal,,,,2002-12-14,0090170029
SO_ELEGIVEL·sem dono,SO_ELEGIVEL,Bairro da Bela Vista,"Alameda Joaquim Eugênio de Lima, 44",Bela Vista,,tombado,municipal,,,,2002-12-14,0090190021
SO_ELEGIVEL·sem dono,SO_ELEGIVEL,Bairro da Bela Vista,"Rua dos Ingleses, 63",Bela Vista,,tombado,municipal,,,,2002-12-14,0090210017
SO_ELEGIVEL·sem dono,SO_ELEGIVEL,Bairro da Bela Vista,"Rua Treze de Maio, 966",Bela Vista,,tombado,municipal,,,,2002-12-14,0090380029
SO_ELEGIVEL·sem dono,SO_ELEGIVEL,Bairro da Bela Vista,"Rua Artur Prado, 362",Bela Vista,,tombado,municipal,,,,2002-12-14,0090690013
SO_ELEGIVEL·sem dono,SO_ELEGIVEL,Bairro da Bela Vista,"Rua Sílvia, 203, 6",Bela Vista,,tombado,municipal,,,,2002-12-14,0090170055
SO_ELEGIVEL·sem dono,SO_ELEGIVEL,Bairro da Bela Vista,"Rua Rui Barbosa, 595",Bela Vista,,tombado,municipal,,,,2002-12-14,0090410039
SO_ELEGIVEL·sem dono,SO_ELEGIVEL,Bairro da Bela Vista,"Rua Rui Barbosa, 579, 581",Bela Vista,,tombado,municipal,,,,2002-12-14,0090410041
SO_ELEGIVEL·sem dono,SO_ELEGIVEL,Bairro da Bela Vista,"Rua Almirante Marques de Leão, 777",Bela Vista,,tombado,municipal,,,,2002-12-14,0090190078
SO_ELEGIVEL·sem dono,SO_ELEGIVEL,Bairro da Bela Vista,"Rua Doutor Luís Barreto, 173",Bela Vista,,tombado,municipal,,,,2002-12-14,0090040023
SO_ELEGIVEL·sem dono,SO_ELEGIVEL,Bairro da Bela Vista,"Rua Veloso Guerra, 78",Bela Vista,,tombado,municipal,,,,2002-12-14,0090940036
SO_ELEGIVEL·sem dono,SO_ELEGIVEL,Bairro da Bela Vista,"Rua Doutor Luís Barreto, 207",Bela Vista,,tombado,municipal,,,,2002-12-14,0090040016
SO_ELEGIVEL·sem dono,SO_ELEGIVEL,Bairro da Bela Vista,"Rua Treze de Maio, 880",Bela Vista,,tombado,municipal,,,,2002-12-14,0090390140
SO_ELEGIVEL·sem dono,SO_ELEGIVEL,Bairro da Bela Vista,"Avenida Brigadeiro Luís Antônio, 1277",Bela Vista,,tombado,municipal,,,,2002-12-14,0090570005
SO_ELEGIVEL·sem dono,SO_ELEGIVEL,Bairro da Bela Vista,"Rua Treze de Maio, 395",Bela Vista,,tombado,municipal,,,,2002-12-14,0090050007
SO_ELEGIVEL·sem dono,SO_ELEGIVEL,Bairro da Bela Vista,"Rua Sílvia, 203, 5",Bela Vista,,tombado,municipal,,,,2002-12-14,0090170177
SO_ELEGIVEL·sem dono,SO_ELEGIVEL,Bairro da Bela Vista,"Rua Sílvia, 203, 3",Bela Vista,,tombado,municipal,,,,2002-12-14,0090170176
SO_ELEGIVEL·sem dono,SO_ELEGIVEL,Bairro da Bela Vista,"Rua São Vicente, 192, 194, 196",Bela Vista,,tombado,municipal,,,,2002-12-14,0090970147
SO_ELEGIVEL·sem dono,SO_ELEGIVEL,Bairro da Bela Vista,"Rua Almirante Marques de Leão, 329",Bela Vista,,tombado,municipal,,,,2002-12-14,0090940029
SO_ELEGIVEL·sem dono,SO_ELEGIVEL,Bairro da Bela Vista,"Rua Treze de Maio, 381, 383",Bela Vista,,tombado,municipal,,,,2002-12-14,0090050006
SO_ELEGIVEL·sem dono,SO_ELEGIVEL,Bairro da Bela Vista,"Rua dos Franceses, 99",Bela Vista,,tombado,municipal,,,,2002-12-14,0090200007
SO_ELEGIVEL·sem dono,SO_ELEGIVEL,Bairro da Bela Vista,"Rua Treze de Maio, 550",Bela Vista,,tombado,municipal,,,,2002-12-14,0090210063
SO_ELEGIVEL·sem dono,SO_ELEGIVEL,Bairro da Bela Vista,"Rua Santa Madalena, 362",Bela Vista,,tombado,municipal,,,,2002-12-14,0090540015
SO_ELEGIVEL·sem dono,SO_ELEGIVEL,Bairro da Bela Vista,"Rua Sílvia, 203, 1",Bela Vista,,tombado,municipal,,,,2002-12-14,0090170058
SO_ELEGIVEL·sem dono,SO_ELEGIVEL,Bairro da Bela Vista,"Rua Manoel Dutra, 291, 293",Bela Vista,,tombado,municipal,,,,2002-12-14,0090050083
SO_ELEGIVEL·sem dono,SO_ELEGIVEL,Bairro da Bela Vista,"Rua Rocha, 388",Bela Vista,,tombado,municipal,,,,2002-12-14,0090170009
SO_ELEGIVEL·sem dono,SO_ELEGIVEL,Bairro da Bela Vista,"Rua Veloso Guerra, 7",Bela Vista,,tombado,municipal,,,,2002-12-14,0090190049
SO_ELEGIVEL·sem dono,SO_ELEGIVEL,Bairro da Bela Vista,"Rua Manoel Dutra, 289, 10, 16",Bela Vista,,tombado,municipal,,,,2002-12-14,0090050082
SO_ELEGIVEL·sem dono,SO_ELEGIVEL,Bairro da Bela Vista,"Rua Veloso Guerra, 18",Bela Vista,,tombado,municipal,,,,2002-12-14,0090940042
SO_ELEGIVEL·sem dono,SO_ELEGIVEL,Bairro da Bela Vista,"Rua Doutor Luís Barreto, 213",Bela Vista,,tombado,municipal,,,,2002-12-14,0090040015
SO_ELEGIVEL·sem dono,SO_ELEGIVEL,Bairro da Bela Vista,"Rua Rui Barbosa, 663",Bela Vista,,tombado,municipal,,,,2002-12-14,0090410031
SO_ELEGIVEL·sem dono,SO_ELEGIVEL,Bairro da Bela Vista,"Rua Maria José, 495",Bela Vista,,tombado,municipal,,,,2002-12-14,0090250036
SO_ELEGIVEL·sem dono,SO_ELEGIVEL,Bairro da Bela Vista,"Rua Martiniano de Carvalho, 360",Bela Vista,,tombado,municipal,,,,2002-12-14,0090440017
SO_ELEGIVEL·sem dono,SO_ELEGIVEL,Bairro da Bela Vista,"Rua Almirante Marques de Leão, 339",Bela Vista,,tombado,municipal,,,,2002-12-14,0090940031
SO_ELEGIVEL·sem dono,SO_ELEGIVEL,Bairro da Bela Vista,"Rua dos Ingleses, 118",Bela Vista,,tombado,municipal,,,,2002-12-14,0090200030
SO_ELEGIVEL·sem dono,SO_ELEGIVEL,Bairro da Bela Vista,"Rua Treze de Maio, 354, 358",Bela Vista,,tombado,municipal,,,,2002-12-14,0090040008
SO_ELEGIVEL·sem dono,SO_ELEGIVEL,Bairro da Bela Vista,"Rua Conselheiro Carrão, 576",Bela Vista,,tombado,municipal,,,,2002-12-14,0090110028
SO_ELEGIVEL·sem dono,SO_ELEGIVEL,Bairro da Bela Vista,"Rua Almirante Marques de Leão, 357, 365",Bela Vista,,tombado,municipal,,,,2002-12-14,0090940154
SO_ELEGIVEL·sem dono,SO_ELEGIVEL,Bairro da Bela Vista,"Rua Veloso Guerra, 2",Bela Vista,,tombado,municipal,,,,2002-12-14,0090940044
SO_ELEGIVEL·sem dono,SO_ELEGIVEL,Bairro da Bela Vista,"Rua Maria José, 399",Bela Vista,,tombado,municipal,,,,2002-12-14,0090250026
SO_ELEGIVEL·sem dono,SO_ELEGIVEL,Bairro da Bela Vista,"Rua Joaquim Eugênio de Lima, 133",Bela Vista,,tombado,municipal,,,,2002-12-14,0090510991
SO_ELEGIVEL·sem dono,SO_ELEGIVEL,Bairro da Bela Vista,"Rua dos Ingleses, 131",Bela Vista,,tombado,municipal,,,,2002-12-14,0090210026
SO_ELEGIVEL·sem dono,SO_ELEGIVEL,Bairro da Bela Vista,"Rua dos Ingleses, 137, 143, 145",Bela Vista,,tombado,municipal,,,,2002-12-14,0090210027
SO_ELEGIVEL·sem dono,SO_ELEGIVEL,Bairro da Bela Vista,"Rua Santa Madalena, 342",Bela Vista,,tombado,municipal,,,,2002-12-14,0090540019
SO_ELEGIVEL·sem dono,SO_ELEGIVEL,Bairro da Bela Vista,"Rua Martiniano de Carvalho, 358",Bela Vista,,tombado,municipal,,,,2002-12-14,0090440016
SO_ELEGIVEL·sem dono,SO_ELEGIVEL,Bairro da Bela Vista,"Rua Doutor Luís Barreto, 199",Bela Vista,,tombado,municipal,,,,2002-12-14,0090040017
SO_ELEGIVEL·sem dono,SO_ELEGIVEL,Bairro da Bela Vista,"Rua dos Ingleses, 621",Bela Vista,,tombado,municipal,,,,2002-12-14,0090380051
SO_ELEGIVEL·sem dono,SO_ELEGIVEL,Bairro da Bela Vista,"Rua Treze de Maio, 724",Bela Vista,,tombado,municipal,,,,2002-12-14,0090210040
SO_ELEGIVEL·sem dono,SO_ELEGIVEL,Bairro da Bela Vista,"Avenida Brigadeiro Luís Antônio, 1512, 1516, 717",Bela Vista,,tombado,municipal,,,,2002-12-14,0090400002
SO_ELEGIVEL·sem dono,SO_ELEGIVEL,Bairro da Bela Vista,"Rua Sílvia, 203, 14",Bela Vista,,tombado,municipal,,,,2002-12-14,0090170060
SO_ELEGIVEL·sem dono,SO_ELEGIVEL,Bairro da Bela Vista,"Rua Conselheiro Carrão, 561",Bela Vista,,tombado,municipal,,,,2002-12-14,0090940006
SO_ELEGIVEL·sem dono,SO_ELEGIVEL,Bairro da Bela Vista,"Avenida Brigadeiro Luís Antônio, 1234",Bela Vista,,tombado,municipal,,,,2002-12-14,0090420027
SO_ELEGIVEL·sem dono,SO_ELEGIVEL,Bairro da Bela Vista,"Rua Veloso Guerra, 24",Bela Vista,,tombado,municipal,,,,2002-12-14,0090940041
SO_ELEGIVEL·sem dono,SO_ELEGIVEL,Bairro da Bela Vista,"Rua Treze de Maio, 662, 666",Bela Vista,,tombado,municipal,,,,2002-12-14,0090210048
SO_ELEGIVEL·sem dono,SO_ELEGIVEL,Bairro da Bela Vista,"Rua Doutor Alfredo Ellis, 262",Bela Vista,,tombado,municipal,,,,2002-12-14,0090530000
SO_ELEGIVEL·sem dono,SO_ELEGIVEL,Bairro da Bela Vista,"Rua Treze de Maio, 680",Bela Vista,,tombado,municipal,,,,2002-12-14,0090210046
SO_ELEGIVEL·sem dono,SO_ELEGIVEL,Bairro da Bela Vista,"Rua Treze de Maio, 860, 862",Bela Vista,,tombado,municipal,,,,2002-12-14,0090380013
SO_ELEGIVEL·sem dono,SO_ELEGIVEL,Bairro da Bela Vista,"Rua Almirante Marques de Leão, 524",Bela Vista,,tombado,municipal,,,,2002-12-14,0090180016
SO_ELEGIVEL·sem dono,SO_ELEGIVEL,Bairro da Bela Vista,"Rua dos Ingleses, 449, 453",Bela Vista,,tombado,municipal,,,,2002-12-14,0090380059
SO_ELEGIVEL·sem dono,SO_ELEGIVEL,Bairro da Bela Vista,"Rua Doutor Luís Barreto, 197",Bela Vista,,tombado,municipal,,,,2002-12-14,0090040018
SO_ELEGIVEL·sem dono,SO_ELEGIVEL,Bairro da Bela Vista,"Rua Sílvia, 203",Bela Vista,,tombado,municipal,,,,2002-12-14,0090170059
SO_ELEGIVEL·sem dono,SO_ELEGIVEL,Bairro da Bela Vista,"Praça Amadeu Amaral, 14, 1642",Bela Vista,,tombado,municipal,,,,2002-12-14,0090800039
SO_ELEGIVEL·sem dono,SO_ELEGIVEL,Bairro da Bela Vista,"Rua Maria José, 124",Bela Vista,,tombado,municipal,,,,2002-12-14,0090070016
SO_ELEGIVEL·sem dono,SO_ELEGIVEL,Bairro da Bela Vista,"Rua Doutor Alfredo Ellis, 272",Bela Vista,,tombado,municipal,,,,2002-12-14,0090530027
SO_ELEGIVEL·sem dono,SO_ELEGIVEL,Bairro da Bela Vista,"Rua dos Franceses, 120",Bela Vista,,tombado,municipal,,,,2002-12-14,0090190047
SO_ELEGIVEL·sem dono,SO_ELEGIVEL,Bairro da Bela Vista,"Rua Rocha, 360",Bela Vista,,tombado,municipal,,,,2002-12-14,0090170014
SO_ELEGIVEL·sem dono,SO_ELEGIVEL,Bairro da Bela Vista,"Rua dos Franceses, 265, 258",Bela Vista,,tombado,municipal,,,,2002-12-14,0090200021
SO_ELEGIVEL·sem dono,SO_ELEGIVEL,Bairro da Bela Vista,"Rua Conselheiro Carrão, 396",Bela Vista,,tombado,municipal,,,,2002-12-14,0090050031
SO_ELEGIVEL·sem dono,SO_ELEGIVEL,Bairro da Bela Vista,"Rua São Vicente, 54, 56",Bela Vista,,tombado,municipal,,,,2002-12-14,0090040013
SO_ELEGIVEL·sem dono,SO_ELEGIVEL,Bairro da Bela Vista,"Rua Rui Barbosa, 26, 28",Bela Vista,,tombado,municipal,,,,2002-12-14,0090050081
SO_ELEGIVEL·sem dono,SO_ELEGIVEL,Bairro da Bela Vista,"Rua dos Franceses, 92",Bela Vista,,tombado,municipal,,,,2002-12-14,0090940052
SO_ELEGIVEL·sem dono,SO_ELEGIVEL,Bairro da Bela Vista,"Rua dos Franceses, 98",Bela Vista,,tombado,municipal,,,,2002-12-14,0090940051
SO_ELEGIVEL·sem dono,SO_ELEGIVEL,Bairro da Bela Vista,"Rua Doutor Luís Barreto, 299, 303",Bela Vista,,tombado,municipal,,,,2002-12-14,0090120036
SO_ELEGIVEL·sem dono,SO_ELEGIVEL,Bairro da Bela Vista,"Rua Veloso Guerra, 42",Bela Vista,,tombado,municipal,,,,2002-12-14,0090940039
SO_ELEGIVEL·sem dono,SO_ELEGIVEL,Bairro da Bela Vista,"Rua Maria José, 70, 72",Bela Vista,,tombado,municipal,,,,2002-12-14,0090070007
SO_ELEGIVEL·sem dono,SO_ELEGIVEL,Bairro da Bela Vista,"Rua Artur Prado, 358",Bela Vista,,tombado,municipal,,,,2002-12-14,0090690014
SO_ELEGIVEL·sem dono,SO_ELEGIVEL,Bairro da Bela Vista,"Rua Sílvia, 203, 8",Bela Vista,,tombado,municipal,,,,2002-12-14,0090170054
SO_ELEGIVEL·sem dono,SO_ELEGIVEL,Bairro da Bela Vista,"Rua Doutor Alfredo Ellis, 198, 369",Bela Vista,,tombado,municipal,,,,2002-12-14,0090530031
SO_ELEGIVEL·sem dono,SO_ELEGIVEL,Bairro da Bela Vista,"Rua Conselheiro Carrão, 605, 611",Bela Vista,,tombado,municipal,,,,2002-12-14,0090940014
SO_ELEGIVEL·sem dono,SO_ELEGIVEL,Bairro da Bela Vista,"Rua Doutor Luís Barreto, 262",Bela Vista,,tombado,municipal,,,,2002-12-14,0090110005
SO_ELEGIVEL·sem dono,SO_ELEGIVEL,Bairro da Bela Vista,"Rua Treze de Maio, 351, 353",Bela Vista,,tombado,municipal,,,,2002-12-14,0090050001
SO_ELEGIVEL·sem dono,SO_ELEGIVEL,Bairro da Bela Vista,"Rua dos Franceses, 4",Bela Vista,,tombado,municipal,,,,2002-12-14,0090940062
SO_ELEGIVEL·sem dono,SO_ELEGIVEL,Bairro da Bela Vista,"Rua Treze de Maio, 772",Bela Vista,,tombado,municipal,,,,2002-12-14,0090380001
SO_ELEGIVEL·sem dono,SO_ELEGIVEL,Bairro da Bela Vista,"Rua dos Ingleses, 631",Bela Vista,,tombado,municipal,,,,2002-12-14,0090380049
SO_ELEGIVEL·sem dono,SO_ELEGIVEL,Bairro da Bela Vista,"Rua Doutor Luís Barreto, 284",Bela Vista,,tombado,municipal,,,,2002-12-14,0090110008
SO_ELEGIVEL·sem dono,SO_ELEGIVEL,Bairro da Bela Vista,"Rua Almirante Marques de Leão, 717",Bela Vista,,tombado,municipal,,,,2002-12-14,0090190066
SO_ELEGIVEL·sem dono,SO_ELEGIVEL,Bairro da Bela Vista,"Rua Maria José, 483",Bela Vista,,tombado,municipal,,,,2002-12-14,0090250035
SO_ELEGIVEL·sem dono,SO_ELEGIVEL,Bairro da Bela Vista,"Rua Treze de Maio, 576, 578, 580",Bela Vista,,tombado,municipal,,,,2002-12-14,0090210059
SO_ELEGIVEL·sem dono,SO_ELEGIVEL,Bairro da Bela Vista,"Rua dos Ingleses, 333",Bela Vista,,tombado,municipal,,,,2002-12-14,0090380074
SO_ELEGIVEL·sem dono,SO_ELEGIVEL,Bairro da Bela Vista,"Rua Veloso Guerra, 89",Bela Vista,,tombado,municipal,,,,2002-12-14,0090190095
SO_ELEGIVEL·sem dono,SO_ELEGIVEL,Bairro da Bela Vista,"Rua São Vicente, 204, 206, 208",Bela Vista,,tombado,municipal,,,,2002-12-14,0090970145
SO_ELEGIVEL·sem dono,SO_ELEGIVEL,Bairro da Bela Vista,"Rua Rui Barbosa, 584, 584",Bela Vista,,tombado,municipal,,,,2002-12-14,0090390083
SO_ELEGIVEL·sem dono,SO_ELEGIVEL,Bairro da Bela Vista,"Alameda Ribeirão Preto, 278",Bela Vista,,tombado,municipal,,,,2002-12-14,0090180078
SO_ELEGIVEL·sem dono,SO_ELEGIVEL,Bairro da Bela Vista,"Rua Rui Barbosa, 613",Bela Vista,,tombado,municipal,,,,2002-12-14,0090410036
SO_ELEGIVEL·sem dono,SO_ELEGIVEL,Bairro da Bela Vista,"Rua dos Ingleses, 155, 157, 161",Bela Vista,,tombado,municipal,,,,2002-12-14,0090210083
SO_ELEGIVEL·sem dono,SO_ELEGIVEL,Bairro da Bela Vista,"Rua Rui Barbosa, 627",Bela Vista,,tombado,municipal,,,,2002-12-14,0090410035
SO_ELEGIVEL·sem dono,SO_ELEGIVEL,Bairro da Bela Vista,"Rua dos Ingleses, 103, 109",Bela Vista,,tombado,municipal,,,,2002-12-14,0090210023
SO_ELEGIVEL·sem dono,SO_ELEGIVEL,Bairro da Bela Vista,"Rua Maria José, 207, 211",Bela Vista,,tombado,municipal,,,,2002-12-14,0090080050
SO_ELEGIVEL·sem dono,SO_ELEGIVEL,Bairro da Bela Vista,"Rua Almirante Marques de Leão, 810",Bela Vista,,tombado,municipal,,,,2002-12-14,0090180071
SO_ELEGIVEL·sem dono,SO_ELEGIVEL,Bairro da Bela Vista,"Rua São Vicente, 105",Bela Vista,,tombado,municipal,,,,2002-12-14,0090110040
SO_ELEGIVEL·sem dono,SO_ELEGIVEL,Bairro da Bela Vista,"Rua Treze de Maio, 596, 598",Bela Vista,,tombado,municipal,,,,2002-12-14,0090210056
SO_ELEGIVEL·sem dono,SO_ELEGIVEL,Bairro da Bela Vista,"Alameda Ribeirão Preto, 286",Bela Vista,,tombado,municipal,,,,2002-12-14,0090180079
SO_ELEGIVEL·sem dono,SO_ELEGIVEL,Bairro da Bela Vista,"Rua dos Ingleses, 182",Bela Vista,,tombado,municipal,,,,2002-12-14,0090200023
SO_ELEGIVEL·sem dono,SO_ELEGIVEL,Bairro da Bela Vista,"Rua Sílvia, 213",Bela Vista,,tombado,municipal,,,,2002-12-14,0090170244
SO_ELEGIVEL·sem dono,SO_ELEGIVEL,Bairro da Bela Vista,"Rua Maria José, 140",Bela Vista,,tombado,municipal,,,,2002-12-14,0090070019
SO_ELEGIVEL·sem dono,SO_ELEGIVEL,Bairro da Bela Vista,"Rua Veloso Guerra, 60",Bela Vista,,tombado,municipal,,,,2002-12-14,0090940037
SO_ELEGIVEL·sem dono,SO_ELEGIVEL,Bairro da Bela Vista,"Rua Veloso Guerra, 48",Bela Vista,,tombado,municipal,,,,2002-12-14,0090940038
SO_ELEGIVEL·sem dono,SO_ELEGIVEL,Bairro da Bela Vista,"Rua dos Ingleses, 267",Bela Vista,,tombado,municipal,,,,2002-12-14,0090380080
SO_ELEGIVEL·sem dono,SO_ELEGIVEL,Bairro da Bela Vista,"Rua Treze de Maio, 798",Bela Vista,,tombado,municipal,,,,2002-12-14,0090380006
SO_ELEGIVEL·sem dono,SO_ELEGIVEL,Bairro da Bela Vista,"Rua Itapeva, 113",Bela Vista,,tombado,municipal,,,,2002-12-14,0090170120
SO_ELEGIVEL·sem dono,SO_ELEGIVEL,Bairro da Bela Vista,"Rua Itapeva, 115",Bela Vista,,tombado,municipal,,,,2002-12-14,0090170121
SO_ELEGIVEL·sem dono,SO_ELEGIVEL,Bairro da Bela Vista,"Rua Doutor Luís Barreto, 145, 153, 451",Bela Vista,,tombado,municipal,,,,2002-12-14,0090040000
SO_ELEGIVEL·sem dono,SO_ELEGIVEL,Bairro da Bela Vista,"Rua Almirante Marques de Leão, 798",Bela Vista,,tombado,municipal,,,,2002-12-14,0090180069
SO_ELEGIVEL·sem dono,SO_ELEGIVEL,Bairro da Bela Vista,"Rua Veloso Guerra, 109",Bela Vista,,tombado,municipal,,,,2002-12-14,0090190060
SO_ELEGIVEL·sem dono,SO_ELEGIVEL,Bairro da Bela Vista,"Rua Conselheiro Carrão, 554",Bela Vista,,tombado,municipal,,,,2002-12-14,0090110023
SO_ELEGIVEL·sem dono,SO_ELEGIVEL,Bairro da Bela Vista,"Rua Doutor Seng, 36",Bela Vista,,tombado,municipal,,,,2002-12-14,0090180085
SO_ELEGIVEL·sem dono,SO_ELEGIVEL,Bairro da Bela Vista,"Rua Rui Barbosa, 664, 664",Bela Vista,,tombado,municipal,,,,2002-12-14,0090390069
SO_ELEGIVEL·sem dono,SO_ELEGIVEL,Bairro da Bela Vista,"Rua Treze de Maio, 312",Bela Vista,,tombado,municipal,,,,2002-12-14,0090040001
SO_ELEGIVEL·sem dono,SO_ELEGIVEL,Bairro da Bela Vista,"Rua Almirante Marques de Leão, 797",Bela Vista,,tombado,municipal,,,,2002-12-14,0090190081
SO_ELEGIVEL·sem dono,SO_ELEGIVEL,Bairro da Bela Vista,"Alameda Ribeirão Preto, 266",Bela Vista,,tombado,municipal,,,,2002-12-14,0090180077
SO_ELEGIVEL·sem dono,SO_ELEGIVEL,Bairro da Bela Vista,"Rua Almirante Marques de Leão, 820",Bela Vista,,tombado,municipal,,,,2002-12-14,0090180072
SO_ELEGIVEL·sem dono,SO_ELEGIVEL,Bairro da Bela Vista,"Rua Veloso Guerra, 3",Bela Vista,,tombado,municipal,,,,2002-12-14,0090940047
SO_ELEGIVEL·sem dono,SO_ELEGIVEL,Bairro da Bela Vista,"Rua Treze de Maio, 1279",Bela Vista,,tombado,municipal,,,,2002-12-14,0090530021
SO_ELEGIVEL·sem dono,SO_ELEGIVEL,Bairro da Bela Vista,"Rua Rui Barbosa, 569, 571",Bela Vista,,tombado,municipal,,,,2002-12-14,0090410000
SO_ELEGIVEL·sem dono,SO_ELEGIVEL,Bairro da Bela Vista,"Alameda Ribeirão Preto, 252",Bela Vista,,tombado,municipal,,,,2002-12-14,0090180075
SO_ELEGIVEL·sem dono,SO_ELEGIVEL,Bairro da Bela Vista,"Rua Almirante Marques de Leão, 775",Bela Vista,,tombado,municipal,,,,2002-12-14,0090190077
SO_ELEGIVEL·sem dono,SO_ELEGIVEL,Bairro da Bela Vista,"Rua Treze de Maio, 784",Bela Vista,,tombado,municipal,,,,2002-12-14,0090380003
SO_ELEGIVEL·sem dono,SO_ELEGIVEL,Bairro da Bela Vista,"Rua Veloso Guerra, 27",Bela Vista,,tombado,municipal,,,,2002-12-14,0090190088
SO_ELEGIVEL·sem dono,SO_ELEGIVEL,Bairro da Bela Vista,"Rua dos Franceses, 115",Bela Vista,,tombado,municipal,,,,2002-12-14,0090200010
SO_ELEGIVEL·sem dono,SO_ELEGIVEL,Bairro da Bela Vista,"Rua dos Franceses, 82",Bela Vista,,tombado,municipal,,,,2002-12-14,0090940053
SO_ELEGIVEL·sem dono,SO_ELEGIVEL,Bairro da Bela Vista,"Rua São Vicente, 186, 188, 190",Bela Vista,,tombado,municipal,,,,2002-12-14,0090970148
SO_ELEGIVEL·sem dono,SO_ELEGIVEL,Bairro da Bela Vista,"Rua Treze de Maio, 1342",Bela Vista,,tombado,municipal,,,,2002-12-14,0090520022
SO_ELEGIVEL·sem dono,SO_ELEGIVEL,Bairro da Bela Vista,"Rua Treze de Maio, 342",Bela Vista,,tombado,municipal,,,,2002-12-14,0090040006
SO_ELEGIVEL·sem dono,SO_ELEGIVEL,Bairro da Bela Vista,"Rua dos Ingleses, 431",Bela Vista,,tombado,municipal,,,,2002-12-14,0090380087
SO_ELEGIVEL·sem dono,SO_ELEGIVEL,Bairro da Bela Vista,"Rua Veloso Guerra, 21",Bela Vista,,tombado,municipal,,,,2002-12-14,0090190091
SO_ELEGIVEL·sem dono,SO_ELEGIVEL,Bairro da Bela Vista,"Rua Treze de Maio, 571",Bela Vista,,tombado,municipal,,,,2002-12-14,0090220003
SO_ELEGIVEL·sem dono,SO_ELEGIVEL,Bairro da Bela Vista,"Rua Treze de Maio, 569",Bela Vista,,tombado,municipal,,,,2002-12-14,0090220002
SO_ELEGIVEL·sem dono,SO_ELEGIVEL,Bairro da Bela Vista,"Rua Almirante Marques de Leão, 826",Bela Vista,,tombado,municipal,,,,2002-12-14,0090180073
SO_ELEGIVEL·sem dono,SO_ELEGIVEL,Bairro da Bela Vista,"Rua dos Ingleses, 124",Bela Vista,,tombado,municipal,,,,2002-12-14,0090200029
SO_ELEGIVEL·sem dono,SO_ELEGIVEL,Bairro da Bela Vista,"Rua Almirante Marques de Leão, 808",Bela Vista,,tombado,municipal,,,,2002-12-14,0090180070
SO_ELEGIVEL·sem dono,SO_ELEGIVEL,Bairro da Bela Vista,"Rua Treze de Maio, 794",Bela Vista,,tombado,municipal,,,,2002-12-14,0090380005
SO_ELEGIVEL·sem dono,SO_ELEGIVEL,Bairro da Bela Vista,"Rua dos Ingleses, 45, 47",Bela Vista,,tombado,municipal,,,,2002-12-14,0090210015
SO_ELEGIVEL·sem dono,SO_ELEGIVEL,Bairro da Bela Vista,"Rua Fortaleza, 163",Bela Vista,,tombado,municipal,,,,2002-12-14,0090410062
SO_ELEGIVEL·sem dono,SO_ELEGIVEL,Bairro da Bela Vista,"Rua Sílvia, 211",Bela Vista,,tombado,municipal,,,,2002-12-14,0090170061
SO_ELEGIVEL·sem dono,SO_ELEGIVEL,Bairro da Bela Vista,"Rua Conselheiro Carrão, 451",Bela Vista,,tombado,municipal,,,,2002-12-14,0090210001
SO_ELEGIVEL·sem dono,SO_ELEGIVEL,Bairro da Bela Vista,"Rua dos Ingleses, 641",Bela Vista,,tombado,municipal,,,,2002-12-14,0090380048
SO_ELEGIVEL·sem dono,SO_ELEGIVEL,Bairro da Bela Vista,"Rua Rocha, 396",Bela Vista,,tombado,municipal,,,,2002-12-14,0090170008
SO_ELEGIVEL·sem dono,SO_ELEGIVEL,Bairro da Bela Vista,"Rua Conselheiro Ramalho, 484, 3",Bela Vista,,tombado,municipal,,,,2002-12-14,0090060016
SO_ELEGIVEL·sem dono,SO_ELEGIVEL,Bairro da Bela Vista,"Rua Sílvia, 203, 13",Bela Vista,,tombado,municipal,,,,2002-12-14,0090170179
SO_ELEGIVEL·sem dono,SO_ELEGIVEL,Bairro da Bela Vista,"Rua Doutor Luís Barreto, 183",Bela Vista,,tombado,municipal,,,,2002-12-14,0090040021
SO_ELEGIVEL·sem dono,SO_ELEGIVEL,Bairro da Bela Vista,"Rua Artur Prado, 40",Bela Vista,,tombado,municipal,,,,2002-12-14,0090570048
SO_ELEGIVEL·sem dono,SO_ELEGIVEL,Bairro da Bela Vista,"Rua Sílvia, 159",Bela Vista,,tombado,municipal,,,,2002-12-14,0090170044
SO_ELEGIVEL·sem dono,SO_ELEGIVEL,Bairro da Bela Vista,"Rua Conselheiro Ramalho, 484, 2",Bela Vista,,tombado,municipal,,,,2002-12-14,0090060015
SO_ELEGIVEL·sem dono,SO_ELEGIVEL,Bairro da Bela Vista,"Rua Rui Barbosa, 649",Bela Vista,,tombado,municipal,,,,2002-12-14,0090410032
SO_ELEGIVEL·sem dono,SO_ELEGIVEL,Bairro da Bela Vista,"Rua dos Franceses, 71",Bela Vista,,tombado,municipal,,,,2002-12-14,0090200004
SO_ELEGIVEL·sem dono,SO_ELEGIVEL,Bairro da Bela Vista,"Rua dos Ingleses, 447",Bela Vista,,tombado,municipal,,,,2002-12-14,0090380060
SO_ELEGIVEL·sem dono,SO_ELEGIVEL,Bairro da Bela Vista,"Rua Treze de Maio, 984",Bela Vista,,tombado,municipal,,,,2002-12-14,0090380031
SO_ELEGIVEL·sem dono,SO_ELEGIVEL,Bairro da Bela Vista,"Avenida Brigadeiro Luís Antônio, 1595, 1599, 1605, 1607, 401, 403, 409, 413, 415, 427",Bela Vista,,tombado,municipal,,,,2002-12-14,0090530287
SO_ELEGIVEL·sem dono,SO_ELEGIVEL,Bairro da Bela Vista,"Rua dos Franceses, 258",Bela Vista,,tombado,municipal,,,,2002-12-14,0090190035
SO_ELEGIVEL·sem dono,SO_ELEGIVEL,Bairro da Bela Vista,"Rua Fortaleza, 167",Bela Vista,,tombado,municipal,,,,2002-12-14,0090410061
SO_ELEGIVEL·sem dono,SO_ELEGIVEL,Bairro da Bela Vista,"Rua Almirante Marques de Leão, 331",Bela Vista,,tombado,municipal,,,,2002-12-14,0090940030
SO_ELEGIVEL·sem dono,SO_ELEGIVEL,Bairro da Bela Vista,"Rua Professor Laerte Ramos de Carvalho, 77, 19, 33",Bela Vista,,tombado,municipal,,,,2002-12-14,0090080078
SO_ELEGIVEL·sem dono,SO_ELEGIVEL,Bairro da Bela Vista,"Alameda Ribeirão Preto, 302",Bela Vista,,tombado,municipal,,,,2002-12-14,0090180081
SO_ELEGIVEL·sem dono,SO_ELEGIVEL,Bairro da Bela Vista,"Rua Major Diogo, 638, 644",Bela Vista,,tombado,municipal,,,,2002-12-14,0090080332
SO_ELEGIVEL·sem dono,SO_ELEGIVEL,Bairro da Bela Vista,"Rua Conselheiro Ramalho, 484, 1",Bela Vista,,tombado,municipal,,,,2002-12-14,0090060014
SO_ELEGIVEL·sem dono,SO_ELEGIVEL,Bairro da Bela Vista,"Rua dos Ingleses, 405",Bela Vista,,tombado,municipal,,,,2002-12-14,0090380083
SO_ELEGIVEL·sem dono,SO_ELEGIVEL,Bairro da Bela Vista,"Alameda Joaquim Eugênio de Lima, 30",Bela Vista,,tombado,municipal,,,,2002-12-14,0090190023
SO_ELEGIVEL·sem dono,SO_ELEGIVEL,Bairro da Bela Vista,"Rua Conselheiro Ramalho, 486, 488",Bela Vista,,tombado,municipal,,,,2002-12-14,0090060017
SO_ELEGIVEL·sem dono,SO_ELEGIVEL,Bairro da Bela Vista,"Rua dos Ingleses, 325",Bela Vista,,tombado,municipal,,,,2002-12-14,0090380075
SO_ELEGIVEL·sem dono,SO_ELEGIVEL,Bairro da Bela Vista,"Rua Treze de Maio, 314, 316",Bela Vista,,tombado,municipal,,,,2002-12-14,0090040002
SO_ELEGIVEL·sem dono,SO_ELEGIVEL,Bairro da Bela Vista,"Rua Manoel Dutra, 303, 307",Bela Vista,,tombado,municipal,,,,2002-12-14,0090050085
SO_ELEGIVEL·sem dono,SO_ELEGIVEL,Bairro da Bela Vista,"Rua Almirante Marques de Leão, 564",Bela Vista,,tombado,municipal,,,,2002-12-14,0090180024
SO_ELEGIVEL·sem dono,SO_ELEGIVEL,Bairro da Bela Vista,"Rua Almirante Marques de Leão, 785",Bela Vista,,tombado,municipal,,,,2002-12-14,0090190079
SO_ELEGIVEL·sem dono,SO_ELEGIVEL,Bairro da Bela Vista,"Rua Veloso Guerra, 90",Bela Vista,,tombado,municipal,,,,2002-12-14,0090940034
SO_ELEGIVEL·sem dono,SO_ELEGIVEL,Bairro da Bela Vista,"Rua Conselheiro Ramalho, 749, 749",Bela Vista,,tombado,municipal,,,,2002-12-14,0090240046
SO_ELEGIVEL·sem dono,SO_ELEGIVEL,Bairro da Bela Vista,"Rua Veloso Guerra, 43",Bela Vista,,tombado,municipal,,,,2002-12-14,0090190090
SO_ELEGIVEL·sem dono,SO_ELEGIVEL,Bairro da Bela Vista,"Rua dos Franceses, 15, 33",Bela Vista,,tombado,municipal,,,,2002-12-14,0090200001
SO_ELEGIVEL·sem dono,SO_ELEGIVEL,Bairro da Bela Vista,"Rua Rui Barbosa, 629",Bela Vista,,tombado,municipal,,,,2002-12-14,0090410034
SO_ELEGIVEL·sem dono,SO_ELEGIVEL,Bairro da Bela Vista,"Rua Manoel Dutra, 439",Bela Vista,,tombado,municipal,,,,2002-12-14,0090040039
SO_ELEGIVEL·sem dono,SO_ELEGIVEL,Bairro da Bela Vista,"Rua Conselheiro Carrão, 547",Bela Vista,,tombado,municipal,,,,2002-12-14,0090940004
SO_ELEGIVEL·sem dono,SO_ELEGIVEL,Bairro da Bela Vista,"Rua dos Ingleses, 193, 195, 197",Bela Vista,,tombado,municipal,,,,2002-12-14,0090210034
SO_ELEGIVEL·sem dono,SO_ELEGIVEL,Bairro da Bela Vista,"Rua Almirante Marques de Leão, 582",Bela Vista,,tombado,municipal,,,,2002-12-14,0090180027
SO_ELEGIVEL·sem dono,SO_ELEGIVEL,Bairro da Bela Vista,"Rua Major Diogo, 566",Bela Vista,,tombado,municipal,,,,2002-12-14,0090080017
SO_ELEGIVEL·sem dono,SO_ELEGIVEL,Bairro da Bela Vista,"Rua São Vicente, 198, 200, 202",Bela Vista,,tombado,municipal,,,,2002-12-14,0090970146
SO_ELEGIVEL·sem dono,SO_ELEGIVEL,Bairro da Bela Vista,"Rua Treze de Maio, 804",Bela Vista,,tombado,municipal,,,,2002-12-14,0090380007
SO_ELEGIVEL·sem dono,SO_ELEGIVEL,Bairro da Bela Vista,"Rua São Vicente, 121, 123, 127",Bela Vista,,tombado,municipal,,,,2002-12-14,0090110037
SO_ELEGIVEL·sem dono,SO_ELEGIVEL,Bairro da Bela Vista,"Rua Manoel Dutra, 526, 534, 1240",Bela Vista,,tombado,municipal,,,,2002-12-14,0090010000
SO_ELEGIVEL·sem dono,SO_ELEGIVEL,Bairro da Bela Vista,"Rua Treze de Maio, 668, 670",Bela Vista,,tombado,municipal,,,,2002-12-14,0090210047
SO_ELEGIVEL·sem dono,SO_ELEGIVEL,Bairro da Bela Vista,"Rua Treze de Maio, 744",Bela Vista,,tombado,municipal,,,,2002-12-14,0090210037
SO_ELEGIVEL·sem dono,SO_ELEGIVEL,Bairro da Bela Vista,"Rua dos Franceses, 146",Bela Vista,,tombado,municipal,,,,2002-12-14,0090190043
SO_ELEGIVEL·sem dono,SO_ELEGIVEL,Bairro da Bela Vista,"Rua Martiniano de Carvalho, 340, 348, 356",Bela Vista,,tombado,municipal,,,,2002-12-14,0090440308
SO_ELEGIVEL·sem dono,SO_ELEGIVEL,Bairro da Bela Vista,"Rua dos Franceses, 152",Bela Vista,,tombado,municipal,,,,2002-12-14,0090190042
SO_ELEGIVEL·sem dono,SO_ELEGIVEL,Bairro da Bela Vista,"Rua dos Ingleses, 413",Bela Vista,,tombado,municipal,,,,2002-12-14,0090380063
SO_ELEGIVEL·sem dono,SO_ELEGIVEL,Bairro da Bela Vista,"Rua Artur Prado, 659, 697",Bela Vista,,tombado,municipal,,,,2002-12-14,0090710464
SO_ELEGIVEL·sem dono,SO_ELEGIVEL,Bairro da Bela Vista,"Rua Doutor Seng, 30",Bela Vista,,tombado,municipal,,,,2002-12-14,0090180084
SO_ELEGIVEL·sem dono,SO_ELEGIVEL,Bairro da Bela Vista,"Rua Veloso Guerra, 77",Bela Vista,,tombado,municipal,,,,2002-12-14,0090190056
SO_ELEGIVEL·sem dono,SO_ELEGIVEL,Bairro da Bela Vista,"Rua Conselheiro Carrão, 558",Bela Vista,,tombado,municipal,,,,2002-12-14,0090110026
SO_ELEGIVEL·sem dono,SO_ELEGIVEL,Bairro da Bela Vista,"Rua dos Franceses, 250",Bela Vista,,tombado,municipal,,,,2002-12-14,0090190037
SO_ELEGIVEL·sem dono,SO_ELEGIVEL,Bairro da Bela Vista,"Rua São Vicente, 40",Bela Vista,,tombado,municipal,,,,2002-12-14,0090040041
SO_ELEGIVEL·sem dono,SO_ELEGIVEL,Bairro da Bela Vista,"Rua Maria José, 142, 146",Bela Vista,,tombado,municipal,,,,2002-12-14,0090070020
SO_ELEGIVEL·sem dono,SO_ELEGIVEL,Bairro da Bela Vista,"Rua dos Franceses, 471",Bela Vista,,tombado,municipal,,,,2002-12-14,0090370009
SO_ELEGIVEL·sem dono,SO_ELEGIVEL,Bairro da Bela Vista,"Rua Conselheiro Carrão, 476, 478",Bela Vista,,tombado,municipal,,,,2002-12-14,0090120023
SO_ELEGIVEL·sem dono,SO_ELEGIVEL,Bairro da Bela Vista,"Rua Veloso Guerra, 37",Bela Vista,,tombado,municipal,,,,2002-12-14,0090190089
SO_ELEGIVEL·sem dono,SO_ELEGIVEL,Bairro da Bela Vista,"Rua dos Ingleses, 165",Bela Vista,,tombado,municipal,,,,2002-12-14,0090210030
SO_ELEGIVEL·sem dono,SO_ELEGIVEL,Bairro da Bela Vista,"Rua Conselheiro Ramalho, 737",Bela Vista,,tombado,municipal,,,,2002-12-14,0090240047
SO_ELEGIVEL·sem dono,SO_ELEGIVEL,Bairro da Bela Vista,"Rua dos Franceses, 252",Bela Vista,,tombado,municipal,,,,2002-12-14,0090190036
SO_ELEGIVEL·sem dono,SO_ELEGIVEL,Bairro da Bela Vista,"Rua Veloso Guerra, 91",Bela Vista,,tombado,municipal,,,,2002-12-14,0090190058
SO_ELEGIVEL·sem dono,SO_ELEGIVEL,Bairro da Bela Vista,"Rua Veloso Guerra, 13",Bela Vista,,tombado,municipal,,,,2002-12-14,0090190050
SO_ELEGIVEL·sem dono,SO_ELEGIVEL,Bairro da Bela Vista,"Avenida Brigadeiro Luís Antônio, 1285",Bela Vista,,tombado,municipal,,,,2002-12-14,0090570006
SO_ELEGIVEL·sem dono,SO_ELEGIVEL,Bairro da Bela Vista,"Rua Treze de Maio, 844, 848",Bela Vista,,tombado,municipal,,,,2002-12-14,0090380010
SO_ELEGIVEL·sem dono,SO_ELEGIVEL,Bairro da Bela Vista,"Alameda Joaquim Eugênio de Lima, 48",Bela Vista,,tombado,municipal,,,,2002-12-14,0090190020
SO_ELEGIVEL·sem dono,SO_ELEGIVEL,Bairro da Bela Vista,"Rua Maria José, 186",Bela Vista,,tombado,municipal,,,,2002-12-14,0090070026
SO_ELEGIVEL·sem dono,SO_ELEGIVEL,Bairro da Bela Vista,"Rua Fortaleza, 191",Bela Vista,,tombado,municipal,,,,2002-12-14,0090410056
SO_ELEGIVEL·sem dono,SO_ELEGIVEL,Bairro da Bela Vista,"Rua dos Franceses, 160",Bela Vista,,tombado,municipal,,,,2002-12-14,0090190041
SO_ELEGIVEL·sem dono,SO_ELEGIVEL,Bairro da Bela Vista,"Rua São Vicente, 52",Bela Vista,,tombado,municipal,,,,2002-12-14,0090040012
SO_ELEGIVEL·sem dono,SO_ELEGIVEL,Bairro da Bela Vista,"Rua Doutor Luís Barreto, 193",Bela Vista,,tombado,municipal,,,,2002-12-14,0090040019
SO_ELEGIVEL·sem dono,SO_ELEGIVEL,Bairro da Bela Vista,"Rua Doutor Alfredo Ellis, 306, 1315",Bela Vista,,tombado,municipal,,,,2002-12-14,0090530022
SO_ELEGIVEL·sem dono,SO_ELEGIVEL,Bairro da Bela Vista,"Rua Almirante Marques de Leão, 532",Bela Vista,,tombado,municipal,,,,2002-12-14,0090180017
SO_ELEGIVEL·sem dono,SO_ELEGIVEL,Bairro da Bela Vista,"Avenida Brigadeiro Luís Antônio, 1288",Bela Vista,,tombado,municipal,,,,2002-12-14,0090420024
SO_ELEGIVEL·sem dono,SO_ELEGIVEL,Bairro da Bela Vista,"Rua Treze de Maio, 499",Bela Vista,,tombado,municipal,,,,2002-12-14,0090050023
SO_ELEGIVEL·sem dono,SO_ELEGIVEL,Bairro da Bela Vista,"Rua Maria José, 473",Bela Vista,,tombado,municipal,,,,2002-12-14,0090250034
SO_ELEGIVEL·sem dono,SO_ELEGIVEL,Bairro da Bela Vista,"Rua Veloso Guerra, 15",Bela Vista,,tombado,municipal,,,,2002-12-14,0090190087
SO_ELEGIVEL·sem dono,SO_ELEGIVEL,Bairro da Bela Vista,"Rua Conselheiro Carrão, 458, 460",Bela Vista,,tombado,municipal,,,,2002-12-14,0090120021
SO_ELEGIVEL·sem dono,SO_ELEGIVEL,Bairro da Bela Vista,"Rua Maria José, 118",Bela Vista,,tombado,municipal,,,,2002-12-14,0090070014
SO_ELEGIVEL·sem dono,SO_ELEGIVEL,Bairro da Bela Vista,"Alameda Joaquim Eugênio de Lima, 198",Bela Vista,,tombado,municipal,,,,2002-12-14,0090190002
SO_ELEGIVEL·sem dono,SO_ELEGIVEL,Bairro da Bela Vista,"Rua Doutor Luís Barreto, 187",Bela Vista,,tombado,municipal,,,,2002-12-14,0090040020
SO_ELEGIVEL·sem dono,SO_ELEGIVEL,Bairro da Bela Vista,"Rua dos Franceses, 67",Bela Vista,,tombado,municipal,,,,2002-12-14,0090200003
SO_ELEGIVEL·sem dono,SO_ELEGIVEL,Bairro da Bela Vista,"Rua Veloso Guerra, 81",Bela Vista,,tombado,municipal,,,,2002-12-14,0090190094
SO_ELEGIVEL·sem dono,SO_ELEGIVEL,Bairro da Bela Vista,"Rua Treze de Maio, 776",Bela Vista,,tombado,municipal,,,,2002-12-14,0090380002
SO_ELEGIVEL·sem dono,SO_ELEGIVEL,Bairro da Bela Vista,"Rua Veloso Guerra, 5",Bela Vista,,tombado,municipal,,,,2002-12-14,0090940045
SO_ELEGIVEL·sem dono,SO_ELEGIVEL,Bairro da Bela Vista,"Rua Sílvia, 203, 12",Bela Vista,,tombado,municipal,,,,2002-12-14,0090170052
SO_ELEGIVEL·sem dono,SO_ELEGIVEL,Bairro da Bela Vista,"Rua Treze de Maio, 1082",Bela Vista,,tombado,municipal,,,,2002-12-14,0090380040
SO_ELEGIVEL·sem dono,SO_ELEGIVEL,Bairro da Bela Vista,"Rua Conselheiro Carrão, 506",Bela Vista,,tombado,municipal,,,,2002-12-14,0090120027
SO_ELEGIVEL·sem dono,SO_ELEGIVEL,Bairro da Bela Vista,"Rua Treze de Maio, 786",Bela Vista,,tombado,municipal,,,,2002-12-14,0090380004
SO_ELEGIVEL·sem dono,SO_ELEGIVEL,Bairro da Bela Vista,"Rua dos Franceses, 153",Bela Vista,,tombado,municipal,,,,2002-12-14,0090200015
SO_ELEGIVEL·sem dono,SO_ELEGIVEL,Bairro da Bela Vista,"Rua Manoel Dutra, 133",Bela Vista,,tombado,municipal,,,,2002-12-14,0090070133
SO_ELEGIVEL·sem dono,SO_ELEGIVEL,Bairro da Bela Vista,"Rua Manoel Dutra, 127, 131",Bela Vista,,tombado,municipal,,,,2002-12-14,0090070078
SO_ELEGIVEL·sem dono,SO_ELEGIVEL,Bairro da Bela Vista,"Rua Almirante Marques de Leão, 321",Bela Vista,,tombado,municipal,,,,2002-12-14,0090940028
SO_ELEGIVEL·sem dono,SO_ELEGIVEL,Bairro da Bela Vista,"Rua Conselheiro Carrão, 480",Bela Vista,,tombado,municipal,,,,2002-12-14,0090120024
SO_ELEGIVEL·sem dono,SO_ELEGIVEL,Bairro da Bela Vista,"Rua Doutor Luís Barreto, 270",Bela Vista,,tombado,municipal,,,,2002-12-14,0090110006
SO_ELEGIVEL·sem dono,SO_ELEGIVEL,Bairro da Bela Vista,"Rua Conselheiro Carrão, 498, 498",Bela Vista,,tombado,municipal,,,,2002-12-14,0090120026
SO_ELEGIVEL·sem dono,SO_ELEGIVEL,Bairro da Bela Vista,"Rua Treze de Maio, 721",Bela Vista,,tombado,municipal,,,,2002-12-14,0090220024
SO_ELEGIVEL·sem dono,SO_ELEGIVEL,Bairro da Bela Vista,"Rua Veloso Guerra, 67",Bela Vista,,tombado,municipal,,,,2002-12-14,0090190054
SO_ELEGIVEL·sem dono,SO_ELEGIVEL,Bairro da Bela Vista,"Rua Santa Madalena, 352",Bela Vista,,tombado,municipal,,,,2002-12-14,0090540017
SO_ELEGIVEL·sem dono,SO_ELEGIVEL,Bairro da Bela Vista,"Rua Veloso Guerra, 8",Bela Vista,,tombado,municipal,,,,2002-12-14,0090940043
SO_ELEGIVEL·sem dono,SO_ELEGIVEL,Bairro da Bela Vista,"Rua Conselheiro Carrão, 450",Bela Vista,,tombado,municipal,,,,2002-12-14,0090120020
SO_ELEGIVEL·sem dono,SO_ELEGIVEL,Bairro da Bela Vista,"Rua dos Franceses, 112, 112G",Bela Vista,,tombado,municipal,,,,2002-12-14,0090190048
SO_ELEGIVEL·sem dono,SO_ELEGIVEL,Bairro da Bela Vista,"Rua Fortaleza, 159",Bela Vista,,tombado,municipal,,,,2002-12-14,0090410063
SO_ELEGIVEL·sem dono,SO_ELEGIVEL,Bairro da Bela Vista,"Rua dos Franceses, 125",Bela Vista,,tombado,municipal,,,,2002-12-14,0090200012
SO_ELEGIVEL·sem dono,SO_ELEGIVEL,Bairro da Bela Vista,"Rua Conselheiro Carrão, 346, 354, 358, 364, 242",Bela Vista,,tombado,municipal,,,,2002-12-14,0090050000
SO_ELEGIVEL·sem dono,SO_ELEGIVEL,Bairro da Bela Vista,"Rua Conselheiro Carrão, 448, 516, 518",Bela Vista,,tombado,municipal,,,,2002-12-14,0090120019
SO_ELEGIVEL·sem dono,SO_ELEGIVEL,Bairro da Bela Vista,"Rua Almirante Marques de Leão, 727",Bela Vista,,tombado,municipal,,,,2002-12-14,0090190068
SO_ELEGIVEL·sem dono,SO_ELEGIVEL,Bairro da Bela Vista,"Rua Fortaleza, 189",Bela Vista,,tombado,municipal,,,,2002-12-14,0090410057
SO_ELEGIVEL·sem dono,SO_ELEGIVEL,Bairro da Bela Vista,"Rua Fortaleza, 175",Bela Vista,,tombado,municipal,,,,2002-12-14,0090410059
SO_ELEGIVEL·sem dono,SO_ELEGIVEL,Bairro da Bela Vista,"Rua Almirante Marques de Leão, 807",Bela Vista,,tombado,municipal,,,,2002-12-14,0090190082
SO_ELEGIVEL·sem dono,SO_ELEGIVEL,Bairro da Bela Vista,"Rua dos Ingleses, 74",Bela Vista,,tombado,municipal,,,,2002-12-14,0090200035
SO_ELEGIVEL·sem dono,SO_ELEGIVEL,Bairro da Bela Vista,"Alameda Ribeirão Preto, 228, 234",Bela Vista,,tombado,municipal,,,,2002-12-14,0090180074
SO_ELEGIVEL·sem dono,SO_ELEGIVEL,Bairro da Bela Vista,"Rua Treze de Maio, 830",Bela Vista,,tombado,municipal,,,,2002-12-14,0090380009
SO_ELEGIVEL·sem dono,SO_ELEGIVEL,Bairro da Bela Vista,"Rua Fortaleza, 171",Bela Vista,,tombado,municipal,,,,2002-12-14,0090410060
SO_ELEGIVEL·sem dono,SO_ELEGIVEL,Bairro da Bela Vista,"Rua Major Diogo, 650, 654",Bela Vista,,tombado,municipal,,,,2002-12-14,0090080029
SO_ELEGIVEL·sem dono,SO_ELEGIVEL,Bairro da Bela Vista,"Rua Conselheiro Ramalho, 478",Bela Vista,,tombado,municipal,,,,2002-12-14,0090060012
SO_ELEGIVEL·sem dono,SO_ELEGIVEL,Bairro da Bela Vista,"Rua Itapeva, 173, 177, 23, 27",Bela Vista,,tombado,municipal,,,,2002-12-14,0090170137
SO_ELEGIVEL·sem dono,SO_ELEGIVEL,Bairro da Bela Vista,"Rua Almirante Marques de Leão, 757",Bela Vista,,tombado,municipal,,,,2002-12-14,0090190074
SO_ELEGIVEL·sem dono,SO_ELEGIVEL,Bairro da Bela Vista,"Alameda Joaquim Eugênio de Lima, 36",Bela Vista,,tombado,municipal,,,,2002-12-14,0090190022
SO_ELEGIVEL·sem dono,SO_ELEGIVEL,Bairro da Bela Vista,"Rua Sílvia, 203",Bela Vista,,tombado,municipal,,,,2002-12-14,0090170243
SO_ELEGIVEL·sem dono,SO_ELEGIVEL,Bairro da Bela Vista,"Rua dos Ingleses, 399",Bela Vista,,tombado,municipal,,,,2002-12-14,0090380082
SO_ELEGIVEL·sem dono,SO_ELEGIVEL,Bairro da Bela Vista,"Rua Doutor Alfredo Ellis, 286",Bela Vista,,tombado,municipal,,,,2002-12-14,0090530025
SO_ELEGIVEL·sem dono,SO_ELEGIVEL,Bairro da Bela Vista,"Rua Conselheiro Ramalho, 480",Bela Vista,,tombado,municipal,,,,2002-12-14,0090060013
SO_ELEGIVEL·sem dono,SO_ELEGIVEL,Bairro da Bela Vista,"Rua Itapeva, 131",Bela Vista,,tombado,municipal,,,,2002-12-14,0090170124
SO_ELEGIVEL·sem dono,SO_ELEGIVEL,Bairro da Bela Vista,"Rua Maria José, 120",Bela Vista,,tombado,municipal,,,,2002-12-14,0090070015
SO_ELEGIVEL·sem dono,SO_ELEGIVEL,Bairro da Bela Vista,"Rua Maria José, 134",Bela Vista,,tombado,municipal,,,,2002-12-14,0090070018
SO_ELEGIVEL·sem dono,SO_ELEGIVEL,Bairro da Bela Vista,"Rua Fortaleza, 190, 192",Bela Vista,,tombado,municipal,,,,2002-12-14,0090230035
SO_ELEGIVEL·sem dono,SO_ELEGIVEL,Bairro da Bela Vista,"Rua dos Ingleses, 303",Bela Vista,,tombado,municipal,,,,2002-12-14,0090380078
SO_ELEGIVEL·sem dono,SO_ELEGIVEL,Bairro da Bela Vista,"Rua Conselheiro Carrão, 603",Bela Vista,,tombado,municipal,,,,2002-12-14,0090940013
SO_ELEGIVEL·sem dono,SO_ELEGIVEL,Bairro da Bela Vista,"Rua Almirante Marques de Leão, 536",Bela Vista,,tombado,municipal,,,,2002-12-14,0090180018
SO_ELEGIVEL·sem dono,SO_ELEGIVEL,Bairro da Bela Vista,"Rua Treze de Maio, 423",Bela Vista,,tombado,municipal,,,,2002-12-14,0090050012
SO_ELEGIVEL·sem dono,SO_ELEGIVEL,Bairro da Bela Vista,"Rua dos Ingleses, 187",Bela Vista,,tombado,municipal,,,,2002-12-14,0090210033
SO_ELEGIVEL·sem dono,SO_ELEGIVEL,Bairro da Bela Vista,"Rua Artur Prado, 331",Bela Vista,,tombado,municipal,,,,2002-12-14,0090700001
SO_ELEGIVEL·sem dono,SO_ELEGIVEL,Bairro da Bela Vista,"Rua dos Ingleses, 255",Bela Vista,,tombado,municipal,,,,2002-12-14,0090380081
SO_ELEGIVEL·sem dono,SO_ELEGIVEL,Bairro da Bela Vista,"Rua Treze de Maio, 962, 964",Bela Vista,,tombado,municipal,,,,2002-12-14,0090380088
SO_ELEGIVEL·sem dono,SO_ELEGIVEL,Bairro da Bela Vista,"Rua Veloso Guerra, 34",Bela Vista,,tombado,municipal,,,,2002-12-14,0090940040
SO_ELEGIVEL·sem dono,SO_ELEGIVEL,Bairro da Bela Vista,"Rua Treze de Maio, 704",Bela Vista,,tombado,municipal,,,,2002-12-14,0090210043
SO_ELEGIVEL·sem dono,SO_ELEGIVEL,Bairro da Bela Vista,"Rua Artur Prado, 88",Bela Vista,,tombado,municipal,,,,2002-12-14,0090570045
SO_ELEGIVEL·sem dono,SO_ELEGIVEL,Bairro da Bela Vista,"Avenida Brigadeiro Luís Antônio, 1520, 1528",Bela Vista,,tombado,municipal,,,,2002-12-14,0090400001
SO_ELEGIVEL·sem dono,SO_ELEGIVEL,Bairro da Bela Vista,"Rua Doutor Alfredo Ellis, 274",Bela Vista,,tombado,municipal,,,,2002-12-14,0090530026
SO_ELEGIVEL·sem dono,SO_ELEGIVEL,Bairro da Bela Vista,"Rua Sílvia, 203, 10",Bela Vista,,tombado,municipal,,,,2002-12-14,0090170053
SO_ELEGIVEL·sem dono,SO_ELEGIVEL,Bairro da Bela Vista,"Rua Humaitá, 267, 307, 993, 1029",Bela Vista,,tombado,municipal,,,,2002-12-14,0090320000
SO_ELEGIVEL·sem dono,SO_ELEGIVEL,Bairro da Bela Vista,"Rua Maria José, 230",Bela Vista,,tombado,municipal,,,,2002-12-14,0090070032
SO_ELEGIVEL·sem dono,SO_ELEGIVEL,Bairro da Bela Vista,"Avenida Brigadeiro Luís Antônio, 1249, 1249",Bela Vista,,tombado,municipal,,,,2002-12-14,0090570001
SO_ELEGIVEL·sem dono,SO_ELEGIVEL,Bairro da Bela Vista,"Rua Doutor Luís Barreto, 169",Bela Vista,,tombado,municipal,,,,2002-12-14,0090040024
SO_ELEGIVEL·sem dono,SO_ELEGIVEL,Bairro da Bela Vista,"Rua Treze de Maio, 950",Bela Vista,,tombado,municipal,,,,2002-12-14,0090380026
SO_ELEGIVEL·sem dono,SO_ELEGIVEL,Bairro da Bela Vista,"Rua Itapeva, 125",Bela Vista,,tombado,municipal,,,,2002-12-14,0090170123
SO_ELEGIVEL·sem dono,SO_ELEGIVEL,Bairro da Bela Vista,"Rua Almirante Marques de Leão, 755",Bela Vista,,tombado,municipal,,,,2002-12-14,0090190073
SO_ELEGIVEL·sem dono,SO_ELEGIVEL,Bairro da Bela Vista,"Rua Maria José, 58, 60",Bela Vista,,tombado,municipal,,,,2002-12-14,0090070006
SO_ELEGIVEL·sem dono,SO_ELEGIVEL,Bairro da Bela Vista,"Rua Almirante Marques de Leão, 737",Bela Vista,,tombado,municipal,,,,2002-12-14,0090190070
SO_ELEGIVEL·sem dono,SO_ELEGIVEL,Bairro da Bela Vista,"Rua dos Franceses, 47",Bela Vista,,tombado,municipal,,,,2002-12-14,0090200002
SO_ELEGIVEL·sem dono,SO_ELEGIVEL,Bairro da Bela Vista,"Rua Conselheiro Carrão, 387, 387",Bela Vista,,tombado,municipal,,,,2002-12-14,0090220066
SO_ELEGIVEL·sem dono,SO_ELEGIVEL,Bairro da Bela Vista,"Rua Martiniano de Carvalho, 256, 262, 266",Bela Vista,,tombado,municipal,,,,2002-12-14,0090440004
SO_ELEGIVEL·sem dono,SO_ELEGIVEL,Bairro da Bela Vista,"Rua Itapeva, 123",Bela Vista,,tombado,municipal,,,,2002-12-14,0090170122
SO_ELEGIVEL·sem dono,SO_ELEGIVEL,Bairro da Bela Vista,"Rua Artur Prado, 282, 240",Bela Vista,,tombado,municipal,,,,2002-12-14,0090550006
SO_ELEGIVEL·sem dono,SO_ELEGIVEL,Bairro da Bela Vista,"Avenida Brigadeiro Luís Antônio, 1609, 1611",Bela Vista,,tombado,municipal,,,,2002-12-14,0090530003
SO_ELEGIVEL·sem dono,SO_ELEGIVEL,Bairro da Bela Vista,"Rua Conselheiro Carrão, 402, 404",Bela Vista,,tombado,municipal,,,,2002-12-14,0090050030
SO_ELEGIVEL·sem dono,SO_ELEGIVEL,Bairro da Bela Vista,"Rua Almirante Marques de Leão, 743, 745",Bela Vista,,tombado,municipal,,,,2002-12-14,0090190071
SO_ELEGIVEL·sem dono,SO_ELEGIVEL,Bairro da Bela Vista,"Treze de Maio, 496",Bela Vista,,tombado,municipal,,,,2002-12-14,0090120018
SO_ELEGIVEL·sem dono,SO_ELEGIVEL,Bairro da Bela Vista,"Rua dos Ingleses, 98",Bela Vista,,tombado,municipal,,,,2002-12-14,0090200031
SO_ELEGIVEL·sem dono,SO_ELEGIVEL,Bairro da Bela Vista,"Treze de Maio, 886",Bela Vista,,tombado,municipal,,,,2002-12-14,0090380017
SO_ELEGIVEL·sem dono,SO_ELEGIVEL,Bairro da Bela Vista,"Treze de Maio, 954",Bela Vista,,tombado,municipal,,,,2002-12-14,0090380027
SO_ELEGIVEL·sem dono,SO_ELEGIVEL,Bairro da Bela Vista,"Rua Conselheiro Ramalho, 800",Bela Vista,,tombado,municipal,,,,2002-12-14,0090230020
SO_ELEGIVEL·sem dono,SO_ELEGIVEL,Bairro da Bela Vista,"Rua Sílvia, 203, 2",Bela Vista,,tombado,municipal,,,,2002-12-14,0090170057
SO_ELEGIVEL·sem dono,SO_ELEGIVEL,Bairro da Bela Vista,"Rua Almirante Marques de Leão, 572",Bela Vista,,tombado,municipal,,,,2002-12-14,0090180025
SO_ELEGIVEL·sem dono,SO_ELEGIVEL,Bairro da Bela Vista,"Rua Rui Barbosa, 561, 563",Bela Vista,,tombado,municipal,,,,2002-12-14,0090410044
SO_ELEGIVEL·sem dono,SO_ELEGIVEL,Bairro da Bela Vista,"Rua dos Franceses, 50",Bela Vista,,tombado,municipal,,,,2002-12-14,0090940056
SO_ELEGIVEL·sem dono,SO_ELEGIVEL,Bairro da Bela Vista,"Rua Itapeva, 85, 87, 87",Bela Vista,,tombado,municipal,,,,2002-12-14,0090170030
SO_ELEGIVEL·sem dono,SO_ELEGIVEL,Bairro da Bela Vista,"Rua Conselheiro Carrão, 406, 408",Bela Vista,,tombado,municipal,,,,2002-12-14,0090050029
SO_ELEGIVEL·sem dono,SO_ELEGIVEL,Bairro da Bela Vista,"Rua Almirante Marques de Leão, 747",Bela Vista,,tombado,municipal,,,,2002-12-14,0090190072
SO_ELEGIVEL·sem dono,SO_ELEGIVEL,Bairro da Bela Vista,"Rua Conselheiro Carrão, 521",Bela Vista,,tombado,municipal,,,,2002-12-14,0090940001
SO_ELEGIVEL·sem dono,SO_ELEGIVEL,Bairro da Bela Vista,"Rua Santa Madalena, 354",Bela Vista,,tombado,municipal,,,,2002-12-14,0090540016
SO_ELEGIVEL·sem dono,SO_ELEGIVEL,Bairro da Bela Vista,"Rua Manoel Dutra, 299, 301",Bela Vista,,tombado,municipal,,,,2002-12-14,0090050084
SO_ELEGIVEL·sem dono,SO_ELEGIVEL,Bairro da Bela Vista,"Rua dos Franceses, 117",Bela Vista,,tombado,municipal,,,,2002-12-14,0090200011
SO_ELEGIVEL·sem dono,SO_ELEGIVEL,Bairro da Bela Vista,"Rua Veloso Guerra, 84",Bela Vista,,tombado,municipal,,,,2002-12-14,0090940035
SO_ELEGIVEL·sem dono,SO_ELEGIVEL,Bairro da Bela Vista,"Rua Treze de Maio, 711, 717",Bela Vista,,tombado,municipal,,,,2002-12-14,0090220160
SO_ELEGIVEL·sem dono,SO_ELEGIVEL,Bairro da Bela Vista,"Rua dos Ingleses, 138",Bela Vista,,tombado,municipal,,,,2002-12-14,0090200027
SO_ELEGIVEL·sem dono,SO_ELEGIVEL,Bairro da Bela Vista,"Rua Treze de Maio, 586",Bela Vista,,tombado,municipal,,,,2002-12-14,0090210058
SO_ELEGIVEL·sem dono,SO_ELEGIVEL,Bairro da Bela Vista,"Rua dos Franceses, 157",Bela Vista,,tombado,municipal,,,,2002-12-14,0090200016
SO_ELEGIVEL·sem dono,SO_ELEGIVEL,Bairro da Bela Vista,"Rua Conselheiro Carrão, 553, 557",Bela Vista,,tombado,municipal,,,,2002-12-14,0090940005
SO_ELEGIVEL·sem dono,SO_ELEGIVEL,Bairro da Bela Vista,"Rua Maria José, 205",Bela Vista,,tombado,municipal,,,,2002-12-14,0090080051
SO_ELEGIVEL·sem dono,SO_ELEGIVEL,Bairro da Bela Vista,"Rua Almirante Marques de Leão, 550",Bela Vista,,tombado,municipal,,,,2002-12-14,0090180021
SO_ELEGIVEL·sem dono,SO_ELEGIVEL,Bairro da Bela Vista,"Rua São Vicente, 99",Bela Vista,,tombado,municipal,,,,2002-12-14,0090110041
SO_ELEGIVEL·sem dono,SO_ELEGIVEL,Bairro da Bela Vista,"Rua Conselheiro Carrão, 583",Bela Vista,,tombado,municipal,,,,2002-12-14,0090940009
SO_ELEGIVEL·sem dono,SO_ELEGIVEL,Bairro da Bela Vista,"Rua Conselheiro Carrão, 536, 542",Bela Vista,,tombado,municipal,,,,2002-12-14,0090110021
SO_ELEGIVEL·sem dono,SO_ELEGIVEL,Bairro da Bela Vista,"Rua Conselheiro Carrão, 566, 566",Bela Vista,,tombado,municipal,,,,2002-12-14,0090110027
SO_ELEGIVEL·sem dono,SO_ELEGIVEL,Bairro da Bela Vista,"Rua Doutor Alfredo Ellis, 288",Bela Vista,,tombado,municipal,,,,2002-12-14,0090530024
SO_ELEGIVEL·sem dono,SO_ELEGIVEL,Bairro da Bela Vista,"Rua Treze de Maio, 908",Bela Vista,,tombado,municipal,,,,2002-12-14,0090380020
SO_ELEGIVEL·sem dono,SO_ELEGIVEL,Bairro da Bela Vista,"Rua dos Ingleses, 223, 750, 752",Bela Vista,,tombado,municipal,,,,2002-12-14,0090210036
SO_ELEGIVEL·sem dono,SO_ELEGIVEL,Bairro da Bela Vista,"Rua Maria José, 220",Bela Vista,,tombado,municipal,,,,2002-12-14,0090070031
SO_ELEGIVEL·sem dono,SO_ELEGIVEL,Bairro da Bela Vista,"Rua Treze de Maio, 1294",Bela Vista,,tombado,municipal,,,,2002-12-14,0090520019
SO_ELEGIVEL·sem dono,SO_ELEGIVEL,Bairro da Bela Vista,"Rua Maria José, 198",Bela Vista,,tombado,municipal,,,,2002-12-14,0090070027
SO_ELEGIVEL·sem dono,SO_ELEGIVEL,Bairro da Bela Vista,"Rua Treze de Maio, 561",Bela Vista,,tombado,municipal,,,,2002-12-14,0090220001
SO_ELEGIVEL·sem dono,SO_ELEGIVEL,Bairro da Bela Vista,"Rua Rui Barbosa, 559",Bela Vista,,tombado,municipal,,,,2002-12-14,0090410045
SO_ELEGIVEL·sem dono,SO_ELEGIVEL,Bairro da Bela Vista,"Rua Conselheiro Carrão, 425, 427, 545, 549, 555",Bela Vista,,tombado,municipal,,,,2002-12-14,0090220072
SO_ELEGIVEL·sem dono,SO_ELEGIVEL,Bairro da Bela Vista,"Rua Treze de Maio, 870",Bela Vista,,tombado,municipal,,,,2002-12-14,0090380139
SO_ELEGIVEL·sem dono,SO_ELEGIVEL,Bairro da Bela Vista,"Rua dos Ingleses, 115",Bela Vista,,tombado,municipal,,,,2002-12-14,0090210024
SO_ELEGIVEL·sem dono,SO_ELEGIVEL,Bairro da Bela Vista,"Rua Maria José, 141, 145",Bela Vista,,tombado,municipal,,,,2002-12-14,0090080110
SO_ELEGIVEL·sem dono,SO_ELEGIVEL,Bairro da Bela Vista,"Rua Maria José, 405",Bela Vista,,tombado,municipal,,,,2002-12-14,0090250027
SO_ELEGIVEL·sem dono,SO_ELEGIVEL,Bairro da Bela Vista,"Rua Artur Prado, 29",Bela Vista,,tombado,municipal,,,,2002-12-14,0090440045
SO_ELEGIVEL·sem dono,SO_ELEGIVEL,Bairro da Bela Vista,"Rua Treze de Maio, 864, 866",Bela Vista,,tombado,municipal,,,,2002-12-14,0090380014
SO_ELEGIVEL·sem dono,SO_ELEGIVEL,Bairro da Bela Vista,"Rua Almirante Marques de Leão, 560",Bela Vista,,tombado,municipal,,,,2002-12-14,0090180023
SO_ELEGIVEL·sem dono,SO_ELEGIVEL,Bairro da Bela Vista,"Rua Almirante Marques de Leão, 540",Bela Vista,,tombado,municipal,,,,2002-12-14,0090180019
SO_ELEGIVEL·sem dono,SO_ELEGIVEL,Bairro da Bela Vista,"Rua Almirante Marques de Leão, 385, 387",Bela Vista,,tombado,municipal,,,,2002-12-14,0090190061
SO_ELEGIVEL·sem dono,SO_ELEGIVEL,Bairro da Bela Vista,"Rua dos Ingleses, 421",Bela Vista,,tombado,municipal,,,,2002-12-14,0090380062
SO_ELEGIVEL·sem dono,SO_ELEGIVEL,Bairro da Bela Vista,"Rua Conselheiro Carrão, 577",Bela Vista,,tombado,municipal,,,,2002-12-14,0090940008
SO_ELEGIVEL·sem dono,SO_ELEGIVEL,Bairro da Bela Vista,"Rua Almirante Marques de Leão, 769",Bela Vista,,tombado,municipal,,,,2002-12-14,0090190076
SO_ELEGIVEL·sem dono,SO_ELEGIVEL,Bairro da Bela Vista,"Rua dos Franceses, 101",Bela Vista,,tombado,municipal,,,,2002-12-14,0090200008
SO_ELEGIVEL·sem dono,SO_ELEGIVEL,Bairro da Bela Vista,"Rua Maria José, 97",Bela Vista,,tombado,municipal,,,,2002-12-14,0090080067
SO_ELEGIVEL·sem dono,SO_ELEGIVEL,Bairro da Bela Vista,"Rua Sílvia, 165",Bela Vista,,tombado,municipal,,,,2002-12-14,0090170045
SO_ELEGIVEL·sem dono,SO_ELEGIVEL,Bairro da Bela Vista,"Rua dos Franceses, 105",Bela Vista,,tombado,municipal,,,,2002-12-14,0090200009
SO_ELEGIVEL·sem dono,SO_ELEGIVEL,Bairro da Bela Vista,"Rua dos Ingleses, 627",Bela Vista,,tombado,municipal,,,,2002-12-14,0090380050
SO_ELEGIVEL·sem dono,SO_ELEGIVEL,Bairro da Bela Vista,"Rua Santa Madalena, 344",Bela Vista,,tombado,municipal,,,,2002-12-14,0090540018
SO_ELEGIVEL·sem dono,SO_ELEGIVEL,Bairro da Bela Vista,"Rua Doutor Luís Barreto, 179",Bela Vista,,tombado,municipal,,,,2002-12-14,0090040022
SO_ELEGIVEL·sem dono,SO_ELEGIVEL,Bairro da Bela Vista,"Rua Treze de Maio, 438, 442",Bela Vista,,tombado,municipal,,,,2002-12-14,0090120010
SO_ELEGIVEL·sem dono,SO_ELEGIVEL,Bairro da Bela Vista,"Rua Manoel Dutra, 113, 115, 117",Bela Vista,,tombado,municipal,,,,2002-12-14,0090070080
SO_ELEGIVEL·sem dono,SO_ELEGIVEL,Bairro da Bela Vista,"Rua Adoniran Barbosa, 92",Bela Vista,,tombado,municipal,,,,2002-12-14,0060600033
SO_ELEGIVEL·sem dono,SO_ELEGIVEL,Bairro da Bela Vista,"Rua Adoniran Barbosa, 90",Bela Vista,,tombado,municipal,,,,2002-12-14,0060600034
SO_ELEGIVEL·sem dono,SO_ELEGIVEL,Bairro da Bela Vista,"Rua Conselheiro Ramalho, 318, 330",Bela Vista,,tombado,municipal,,,,2002-12-14,0060740099
SO_ELEGIVEL·sem dono,SO_ELEGIVEL,Bairro da Bela Vista,"Rua Adoniran Barbosa, 80",Bela Vista,,tombado,municipal,,,,2002-12-14,0060600035
SO_ELEGIVEL·sem dono,SO_ELEGIVEL,Bairro da Bela Vista,"Rua Treze de Maio, 108, 110",Bela Vista,,tombado,municipal,,,,2002-12-14,0060440067
SO_ELEGIVEL·sem dono,SO_ELEGIVEL,Bairro da Bela Vista,"Rua Treze de Maio, 141, 141, 145",Bela Vista,,tombado,municipal,,,,2002-12-14,0060450019
SO_ELEGIVEL·sem dono,SO_ELEGIVEL,Bairro da Bela Vista,"Rua Adoniran Barbosa, 93",Bela Vista,,tombado,municipal,,,,2002-12-14,0060590009
SO_ELEGIVEL·sem dono,SO_ELEGIVEL,Bairro da Bela Vista,"Rua Santo Antônio, 1059",Bela Vista,,tombado,municipal,,,,2002-12-14,0060440013
SO_ELEGIVEL·sem dono,SO_ELEGIVEL,Bairro da Bela Vista,"Rua Treze de Maio, 57",Bela Vista,,tombado,municipal,,,,2002-12-14,0060450286
SO_ELEGIVEL·sem dono,SO_ELEGIVEL,Bairro da Bela Vista,"Rua Adoniran Barbosa, 36",Bela Vista,,tombado,municipal,,,,2002-12-14,0060600039
SO_ELEGIVEL·sem dono,SO_ELEGIVEL,Bairro da Bela Vista,"Rua Treze de Maio, 221, 223, 223",Bela Vista,,tombado,municipal,,,,2002-12-14,0060450031
SO_ELEGIVEL·sem dono,SO_ELEGIVEL,Bairro da Bela Vista,"Rua Manoel Dutra, 218, 222",Bela Vista,,tombado,municipal,,,,2002-12-14,0060740006
SO_ELEGIVEL·sem dono,SO_ELEGIVEL,Bairro da Bela Vista,"Rua Manoel Dutra, 452, 117",Bela Vista,,tombado,municipal,,,,2002-12-14,0060440038
SO_ELEGIVEL·sem dono,SO_ELEGIVEL,Bairro da Bela Vista,"Rua Treze de Maio, 166",Bela Vista,,tombado,municipal,,,,2002-12-14,0060440058
SO_ELEGIVEL·sem dono,SO_ELEGIVEL,Bairro da Bela Vista,"Rua Adoniran Barbosa, 63",Bela Vista,,tombado,municipal,,,,2002-12-14,0060590005
SO_ELEGIVEL·sem dono,SO_ELEGIVEL,Bairro da Bela Vista,"Rua Adoniran Barbosa, 150",Bela Vista,,tombado,municipal,,,,2002-12-14,0060600027
SO_ELEGIVEL·sem dono,SO_ELEGIVEL,Bairro da Bela Vista,"Rua Adoniran Barbosa, 136",Bela Vista,,tombado,municipal,,,,2002-12-14,0060600028
SO_ELEGIVEL·sem dono,SO_ELEGIVEL,Bairro da Bela Vista,"Rua Adoniran Barbosa, 81",Bela Vista,,tombado,municipal,,,,2002-12-14,0060590007
SO_ELEGIVEL·sem dono,SO_ELEGIVEL,Bairro da Bela Vista,"Rua João Passaláqua, 173, 175, 179, 181",Bela Vista,,tombado,municipal,,,,2002-12-14,0060740029
SO_ELEGIVEL·sem dono,SO_ELEGIVEL,Bairro da Bela Vista,"Rua Treze de Maio, 199",Bela Vista,,tombado,municipal,,,,2002-12-14,0060450028
SO_ELEGIVEL·sem dono,SO_ELEGIVEL,Bairro da Bela Vista,"Rua Treze de Maio, 147, 151",Bela Vista,,tombado,municipal,,,,2002-12-14,0060450020
SO_ELEGIVEL·sem dono,SO_ELEGIVEL,Bairro da Bela Vista,"Rua Treze de Maio, 100, 102",Bela Vista,,tombado,municipal,,,,2002-12-14,0060440068
SO_ELEGIVEL·sem dono,SO_ELEGIVEL,Bairro da Bela Vista,"Rua Doutor Luís Barreto, 67, 67, 67",Bela Vista,,tombado,municipal,,,,2002-12-14,0060440030
SO_ELEGIVEL·sem dono,SO_ELEGIVEL,Bairro da Bela Vista,"Rua Adoniran Barbosa, 106, 108",Bela Vista,,tombado,municipal,,,,2002-12-14,0060600032
SO_ELEGIVEL·sem dono,SO_ELEGIVEL,Bairro da Bela Vista,"Rua Treze de Maio, 192",Bela Vista,,tombado,municipal,,,,2002-12-14,0060440053
SO_ELEGIVEL·sem dono,SO_ELEGIVEL,Bairro da Bela Vista,"Rua Treze de Maio, 82",Bela Vista,,tombado,municipal,,,,2002-12-14,0060440142
SO_ELEGIVEL·sem dono,SO_ELEGIVEL,Bairro da Bela Vista,"Rua Professor Laerte Ramos de Carvalho, 133",Bela Vista,,tombado,municipal,,,,2002-12-14,0060740101
SO_ELEGIVEL·sem dono,SO_ELEGIVEL,Bairro da Bela Vista,"Rua Treze de Maio, 204",Bela Vista,,tombado,municipal,,,,2002-12-14,0060440051
SO_ELEGIVEL·sem dono,SO_ELEGIVEL,Bairro da Bela Vista,"Rua Treze de Maio, 119, 123, 125",Bela Vista,,tombado,municipal,,,,2002-12-14,0060450016
SO_ELEGIVEL·sem dono,SO_ELEGIVEL,Bairro da Bela Vista,"Rua Treze de Maio, 76, 78",Bela Vista,,tombado,municipal,,,,2002-12-14,0060440072
SO_ELEGIVEL·sem dono,SO_ELEGIVEL,Bairro da Bela Vista,"Rua Santo Antônio, 989, 997, 46",Bela Vista,,tombado,municipal,,,,2002-12-14,0060440140
SO_ELEGIVEL·sem dono,SO_ELEGIVEL,Bairro da Bela Vista,"Rua Doutor Luís Barreto, 25, 27",Bela Vista,,tombado,municipal,,,,2002-12-14,0060440022
SO_ELEGIVEL·sem dono,SO_ELEGIVEL,Bairro da Bela Vista,"Rua Adoniran Barbosa, 120",Bela Vista,,tombado,municipal,,,,2002-12-14,0060600030
SO_ELEGIVEL·sem dono,SO_ELEGIVEL,Bairro da Bela Vista,"Rua Adoniran Barbosa, 110",Bela Vista,,tombado,municipal,,,,2002-12-14,0060600031
SO_ELEGIVEL·sem dono,SO_ELEGIVEL,Bairro da Bela Vista,"Rua João Passalaqua, 64",Bela Vista,,tombado,municipal,,,,2002-12-14,0060450285
SO_ELEGIVEL·sem dono,SO_ELEGIVEL,Bairro da Bela Vista,"Rua Manoel Dutra, 438",Bela Vista,,tombado,municipal,,,,2002-12-14,0060440039
SO_ELEGIVEL·sem dono,SO_ELEGIVEL,Bairro da Bela Vista,"Rua Adoniran Barbosa, 107",Bela Vista,,tombado,municipal,,,,2002-12-14,0060590010
SO_ELEGIVEL·sem dono,SO_ELEGIVEL,Bairro da Bela Vista,"Rua Adoniran Barbosa, 76",Bela Vista,,tombado,municipal,,,,2002-12-14,0060600036
SO_ELEGIVEL·sem dono,SO_ELEGIVEL,Bairro da Bela Vista,"Rua Adoniran Barbosa, 139",Bela Vista,,tombado,municipal,,,,2002-12-14,0060590015
SO_ELEGIVEL·sem dono,SO_ELEGIVEL,Bairro da Bela Vista,"Rua Adoniran Barbosa, 77",Bela Vista,,tombado,municipal,,,,2002-12-14,0060590006
SO_ELEGIVEL·sem dono,SO_ELEGIVEL,Bairro da Bela Vista,"Rua Adoniran Barbosa, 137",Bela Vista,,tombado,municipal,,,,2002-12-14,0060590014
SO_ELEGIVEL·sem dono,SO_ELEGIVEL,Bairro da Bela Vista,"Rua Treze de Maio, 164, 164",Bela Vista,,tombado,municipal,,,,2002-12-14,0060440059
SO_ELEGIVEL·sem dono,SO_ELEGIVEL,Bairro da Bela Vista,"Avenida Brigadeiro Luís Antônio, 804, 806, 808, 810, 812, 22",Bela Vista,,tombado,municipal,,,,2002-12-14,0060590001
SO_ELEGIVEL·sem dono,SO_ELEGIVEL,Bairro da Bela Vista,"Rua Adoniran Barbosa, 121",Bela Vista,,tombado,municipal,,,,2002-12-14,0060590013
SO_ELEGIVEL·sem dono,SO_ELEGIVEL,Bairro da Bela Vista,"Rua Adoniran Barbosa, 89",Bela Vista,,tombado,municipal,,,,2002-12-14,0060590008
SO_ELEGIVEL·sem dono,SO_ELEGIVEL,Bairro da Bela Vista,"Rua Treze de Maio, 265",Bela Vista,,tombado,municipal,,,,2002-12-14,0060450035
SO_ELEGIVEL·sem dono,SO_ELEGIVEL,Bairro da Bela Vista,"Rua Adoniran Barbosa, 62",Bela Vista,,tombado,municipal,,,,2002-12-14,0060600037
SO_ELEGIVEL·sem dono,SO_ELEGIVEL,Bairro da Bela Vista,"Rua Adoniran Barbosa, 60",Bela Vista,,tombado,municipal,,,,2002-12-14,0060600038
SO_ELEGIVEL·sem dono,SO_ELEGIVEL,Bairro da Bela Vista,"Rua Treze de Maio, 154",Bela Vista,,tombado,municipal,,,,2002-12-14,0060440060
SO_ELEGIVEL·sem dono,SO_ELEGIVEL,Bairro da Bela Vista,"Rua Treze de Maio, 90",Bela Vista,,tombado,municipal,,,,2002-12-14,0060440141
SO_ELEGIVEL·sem dono,SO_ELEGIVEL,Bairro da Bela Vista,"Rua Manoel Dutra, 490, 498, 1221, 1229",Bela Vista,,tombado,municipal,,,,2002-12-14,0060430000
SO_ELEGIVEL·sem dono,SO_ELEGIVEL,Bairro da Bela Vista,"Rua Adoniran Barbosa, 122",Bela Vista,,tombado,municipal,,,,2002-12-14,0060600029
SO_ELEGIVEL·sem dono,SO_ELEGIVEL,Bairro da Bela Vista,"Rua Adoniran Barbosa, 53",Bela Vista,,tombado,municipal,,,,2002-12-14,0060590003
SO_ELEGIVEL·sem dono,SO_ELEGIVEL,Bairro da Bela Vista,"Rua Conselheiro Ramalho, 369, 375",Bela Vista,,tombado,municipal,,,,2002-12-14,0060540031
SO_ELEGIVEL·sem dono,SO_ELEGIVEL,Bairro da Bela Vista,"Rua Treze de Maio, 131, 131",Bela Vista,,tombado,municipal,,,,2002-12-14,0060450017
SO_ELEGIVEL·sem dono,SO_ELEGIVEL,Bairro da Bela Vista,"Rua Adoniran Barbosa, 109",Bela Vista,,tombado,municipal,,,,2002-12-14,0060590011
SO_ELEGIVEL·sem dono,SO_ELEGIVEL,Bairro da Bela Vista,"Rua Treze de Maio, 65, 67",Bela Vista,,tombado,municipal,,,,2002-12-14,0060450007
SO_ELEGIVEL·sem dono,SO_ELEGIVEL,Bairro da Bela Vista,"Rua Doutor Luís Barreto, 39, 43",Bela Vista,,tombado,municipal,,,,2002-12-14,0060440025
SO_ELEGIVEL·sem dono,SO_ELEGIVEL,Bairro da Bela Vista,"Rua Treze de Maio, 214",Bela Vista,,tombado,municipal,,,,2002-12-14,0060440050
SO_ELEGIVEL·sem dono,SO_ELEGIVEL,Bairro da Bela Vista,"Rua Adoniran Barbosa, 119",Bela Vista,,tombado,municipal,,,,2002-12-14,0060590012
SO_ELEGIVEL·sem dono,SO_ELEGIVEL,Bairro da Bela Vista,"Rua Adoniran Barbosa, 145",Bela Vista,,tombado,municipal,,,,2002-12-14,0060590016
SO_ELEGIVEL·sem dono,SO_ELEGIVEL,Bairro da Bela Vista,Rua Professor Laerte Ramos de Carvalho,Bela Vista,,tombado,municipal,,,,2002-12-14,0060740100
SO_ELEGIVEL·sem dono,SO_ELEGIVEL,Bairro da Bela Vista,"Rua Luiz Porrio, 429, 435",Bela Vista,,tombado,municipal,,,,2002-12-14,0060450093
SO_ELEGIVEL·sem dono,SO_ELEGIVEL,Bairro da Bela Vista,"Rua Treze de Maio, 135, 137",Bela Vista,,tombado,municipal,,,,2002-12-14,0060450018
SO_ELEGIVEL·sem dono,SO_ELEGIVEL,Bairro da Bela Vista,"Rua Adoniran Barbosa, 61",Bela Vista,,tombado,municipal,,,,2002-12-14,0060590004
SO_ELEGIVEL·sem dono,SO_ELEGIVEL,Bairro da Bela Vista,"Rua Condessa de São Joaquim, 282, 282",Bela Vista,,tombado,municipal,,,,2002-12-14,0050480029
SO_ELEGIVEL·sem dono,SO_ELEGIVEL,Bairro da Bela Vista,"Rua Condessa de São Joaquim, 318",Bela Vista,,tombado,municipal,,,,2002-12-14,0050480009
SO_ELEGIVEL·sem dono,SO_ELEGIVEL,Bairro da Bela Vista,"Rua Condessa de São Joaquim, 182",Bela Vista,,tombado,municipal,,,,2002-12-14,0050860062
SO_ELEGIVEL·sem dono,SO_ELEGIVEL,Bairro da Bela Vista,"Rua Conde de São Joaquim, 233",Bela Vista,,tombado,municipal,,,,2002-12-14,0050860060
SO_ELEGIVEL·sem dono,SO_ELEGIVEL,Bairro da Bela Vista,"Rua Condessa de São Joaquim, 288",Bela Vista,,tombado,municipal,,,,2002-12-14,0050480028
SO_ELEGIVEL·sem dono,SO_ELEGIVEL,Bairro da Bela Vista,"Rua Condessa de São Joaquim, 272",Bela Vista,,tombado,municipal,,,,2002-12-14,0050480030
SO_ELEGIVEL·sem dono,SO_ELEGIVEL,Bairro da Bela Vista,"Rua Condessa de São Joaquim, 306",Bela Vista,,tombado,municipal,,,,2002-12-14,0050480011
SO_ELEGIVEL·sem dono,SO_ELEGIVEL,Bairro da Bela Vista,"Rua Condessa de São Joaquim, 184",Bela Vista,,tombado,municipal,,,,2002-12-14,0050860061
SO_ELEGIVEL·sem dono,SO_ELEGIVEL,Bairro da Bela Vista,"Rua Condessa de São Joaquim, 310",Bela Vista,,tombado,municipal,,,,2002-12-14,0050480010
SO_ELEGIVEL·sem dono,SO_ELEGIVEL,Bairro da Bela Vista,"Rua Monsenhor Passalaqua, 77",Bela Vista,,tombado,municipal+estadual,,,,2002-12-14,0330070010
SO_ELEGIVEL·sem dono,SO_ELEGIVEL,Bairro da Bela Vista / Edificio Elias Sauma,"Rua Sílvia, 43",Bela Vista,,tombado,municipal,,,,2002-12-14,0090170000
SO_ELEGIVEL·sem dono,SO_ELEGIVEL,Bairro da Bela Vista / Fundação Instituto de Física Teórica,"Rua Pamplona, 145",Bela Vista,,tombado,municipal,,,,2002-12-14,0090160017
SO_ELEGIVEL·sem dono,SO_ELEGIVEL,Bairro da Bela Vista / Igreja de Nossa Senhora do Paraíso,"Rua Paraíso, 21, 25",Bela Vista,,tombado,municipal,,,,2002-12-14,0380120092
SO_ELEGIVEL·sem dono,SO_ELEGIVEL,Bairro da Bela Vista / Área da Vila Itororó,"Rua Martiniano de Carvalho, 255, 259, 261, 265, 267",Bela Vista,,tombado,municipal+estadual,,,,2002-12-14,0330080002
SO_ELEGIVEL·sem dono,SO_ELEGIVEL,Conjunto Residencial No Bairro do Belém / Vila Boyes,"Rua do Curimã, 8",Belém,,tombado,municipal,,,,2019-04-10,1960180021
SO_ELEGIVEL·sem dono,SO_ELEGIVEL,Conjunto Residencial No Bairro do Belém / Vila Boyes,"Rua do Curimã, 10",Belém,,tombado,municipal,,,,2019-04-10,1960180022
SO_ELEGIVEL·sem dono,SO_ELEGIVEL,Conjunto Residencial No Bairro do Belém / Vila Boyes,"Rua Caruapanã, 3",Belém,,tombado,municipal,,,,2019-04-10,1960180096
SO_ELEGIVEL·sem dono,SO_ELEGIVEL,Conjunto Residencial No Bairro do Belém / Vila Boyes,"Rua Caruapanã, 24",Belém,,tombado,municipal,,,,2019-04-10,1960180053
SO_ELEGIVEL·sem dono,SO_ELEGIVEL,Conjunto Residencial No Bairro do Belém / Vila Boyes,"Rua Caruapanã, 9",Belém,,tombado,municipal,,,,2019-04-10,1960180093
SO_ELEGIVEL·sem dono,SO_ELEGIVEL,Conjunto Residencial No Bairro do Belém / Vila Boyes,"Rua do Curimã, 17",Belém,,tombado,municipal,,,,2019-04-10,1960180043
SO_ELEGIVEL·sem dono,SO_ELEGIVEL,Conjunto Residencial No Bairro do Belém / Vila Boyes,"Rua Caruapanã, 38",Belém,,tombado,municipal,,,,2019-04-10,1960180060
SO_ELEGIVEL·sem dono,SO_ELEGIVEL,Conjunto Residencial No Bairro do Belém / Vila Boyes,"Rua Intendência, 54",Belém,,tombado,municipal,,,,2019-04-10,1960180105
SO_ELEGIVEL·sem dono,SO_ELEGIVEL,Conjunto Residencial No Bairro do Belém / Vila Boyes,"Rua Caruapanã, 7",Belém,,tombado,municipal,,,,2019-04-10,1960180094
SO_ELEGIVEL·sem dono,SO_ELEGIVEL,Conjunto Residencial No Bairro do Belém / Vila Boyes,"Rua Caruapanã, 16",Belém,,tombado,municipal,,,,2019-04-10,1960180015
SO_ELEGIVEL·sem dono,SO_ELEGIVEL,Conjunto Residencial No Bairro do Belém / Vila Boyes,"Rua Caruapanã, 14",Belém,,tombado,municipal,,,,2019-04-10,1960180014
SO_ELEGIVEL·sem dono,SO_ELEGIVEL,Conjunto Residencial No Bairro do Belém / Vila Boyes,"Rua Intendência, 30",Belém,,tombado,municipal,,,,2019-04-10,1960180101
SO_ELEGIVEL·sem dono,SO_ELEGIVEL,Conjunto Residencial No Bairro do Belém / Vila Boyes,"Rua Intendência, 40",Belém,,tombado,municipal,,,,2019-04-10,1960180102
SO_ELEGIVEL·sem dono,SO_ELEGIVEL,Conjunto Residencial No Bairro do Belém / Vila Boyes,"Rua Caruapanã, 1",Belém,,tombado,municipal,,,,2019-04-10,1960180097
SO_ELEGIVEL·sem dono,SO_ELEGIVEL,Conjunto Residencial No Bairro do Belém / Vila Boyes,"Rua do Curimã, 1",Belém,,tombado,municipal,,,,2019-04-10,1960180051
SO_ELEGIVEL·sem dono,SO_ELEGIVEL,Conjunto Residencial No Bairro do Belém / Vila Boyes,"Rua Caruapanã, 22",Belém,,tombado,municipal,,,,2019-04-10,1960180052
SO_ELEGIVEL·sem dono,SO_ELEGIVEL,Conjunto Residencial No Bairro do Belém / Vila Boyes,"Rua Caruapanã, 5",Belém,,tombado,municipal,,,,2019-04-10,1960180095
SO_ELEGIVEL·sem dono,SO_ELEGIVEL,Conjunto Residencial No Bairro do Belém / Vila Boyes,"Rua Caruapanã, 34",Belém,,tombado,municipal,,,,2019-04-10,1960180058
SO_ELEGIVEL·sem dono,SO_ELEGIVEL,Conjunto Residencial No Bairro do Belém / Vila Boyes,"Rua do Curimã, 22",Belém,,tombado,municipal,,,,2019-04-10,1960180028
SO_ELEGIVEL·sem dono,SO_ELEGIVEL,Conjunto Residencial No Bairro do Belém / Vila Boyes,"Rua Caruapanã, 30",Belém,,tombado,municipal,,,,2019-04-10,1960180056
SO_ELEGIVEL·sem dono,SO_ELEGIVEL,Conjunto Residencial No Bairro do Belém / Vila Boyes,"Rua Caruapanã, 32",Belém,,tombado,municipal,,,,2019-04-10,1960180057
SO_ELEGIVEL·sem dono,SO_ELEGIVEL,Conjunto Residencial No Bairro do Belém / Vila Boyes,"Rua Intendência, 124",Belém,,tombado,municipal,,,,2019-04-10,1960180116
SO_ELEGIVEL·sem dono,SO_ELEGIVEL,Conjunto Residencial No Bairro do Belém / Vila Boyes,"Rua Caruapanã, 33",Belém,,tombado,municipal,,,,2019-04-10,1960180081
SO_ELEGIVEL·sem dono,SO_ELEGIVEL,Conjunto Residencial No Bairro do Belém / Vila Boyes,"Rua Intendência, 112",Belém,,tombado,municipal,,,,2019-04-10,1960180114
SO_ELEGIVEL·sem dono,SO_ELEGIVEL,Conjunto Residencial No Bairro do Belém / Vila Boyes,"Rua Caruapanã, 27",Belém,,tombado,municipal,,,,2019-04-10,1960180084
SO_ELEGIVEL·sem dono,SO_ELEGIVEL,Conjunto Residencial No Bairro do Belém / Vila Boyes,"Rua Caruapanã, 25",Belém,,tombado,municipal,,,,2019-04-10,1960180085
SO_ELEGIVEL·sem dono,SO_ELEGIVEL,Conjunto Residencial No Bairro do Belém / Vila Boyes,"Rua Intendência, 138",Belém,,tombado,municipal,,,,2019-04-10,1960180119
SO_ELEGIVEL·sem dono,SO_ELEGIVEL,Conjunto Residencial No Bairro do Belém / Vila Boyes,"Rua Caruapanã, 39",Belém,,tombado,municipal,,,,2019-04-10,1960180078
SO_ELEGIVEL·sem dono,SO_ELEGIVEL,Conjunto Residencial No Bairro do Belém / Vila Boyes,"Rua Intendência, 66",Belém,,tombado,municipal,,,,2019-04-10,1960180107
SO_ELEGIVEL·sem dono,SO_ELEGIVEL,Conjunto Residencial No Bairro do Belém / Vila Boyes,"Rua Caruapanã, 15",Belém,,tombado,municipal,,,,2019-04-10,1960180090
SO_ELEGIVEL·sem dono,SO_ELEGIVEL,Conjunto Residencial No Bairro do Belém / Vila Boyes,"Rua Caruapanã, 18",Belém,,tombado,municipal,,,,2019-04-10,1960180016
SO_ELEGIVEL·sem dono,SO_ELEGIVEL,Conjunto Residencial No Bairro do Belém / Vila Boyes,"Rua Caruapanã, 26",Belém,,tombado,municipal,,,,2019-04-10,1960180054
SO_ELEGIVEL·sem dono,SO_ELEGIVEL,Conjunto Residencial No Bairro do Belém / Vila Boyes,"Rua Caruapanã, 28",Belém,,tombado,municipal,,,,2019-04-10,1960180055
SO_ELEGIVEL·sem dono,SO_ELEGIVEL,Conjunto Residencial No Bairro do Belém / Vila Boyes,"Rua do Curimã, 6",Belém,,tombado,municipal,,,,2019-04-10,1960180020
SO_ELEGIVEL·sem dono,SO_ELEGIVEL,Conjunto Residencial No Bairro do Belém / Vila Boyes,"Rua Caruapanã, 17",Belém,,tombado,municipal,,,,2019-04-10,1960180089
SO_ELEGIVEL·sem dono,SO_ELEGIVEL,Conjunto Residencial No Bairro do Belém / Vila Boyes,"Rua Intendência, 78",Belém,,tombado,municipal,,,,2019-04-10,1960180108
SO_ELEGIVEL·sem dono,SO_ELEGIVEL,Conjunto Residencial No Bairro do Belém / Vila Boyes,"Rua do Curimã, 4",Belém,,tombado,municipal,,,,2019-04-10,1960180019
SO_ELEGIVEL·sem dono,SO_ELEGIVEL,Conjunto Residencial No Bairro do Belém / Vila Boyes,"Rua do Curimã, 2",Belém,,tombado,municipal,,,,2019-04-10,1960180018
SO_ELEGIVEL·sem dono,SO_ELEGIVEL,Conjunto Residencial No Bairro do Belém / Vila Boyes,"Rua Intendência, 150",Belém,,tombado,municipal,,,,2019-04-10,1960180121
SO_ELEGIVEL·sem dono,SO_ELEGIVEL,Conjunto Residencial No Bairro do Belém / Vila Boyes,"Rua Intendência, 114",Belém,,tombado,municipal,,,,2019-04-10,1960180115
SO_ELEGIVEL·sem dono,SO_ELEGIVEL,Conjunto Residencial No Bairro do Belém / Vila Boyes,"Rua Caruapanã, 8",Belém,,tombado,municipal,,,,2019-04-10,1960180011
SO_ELEGIVEL·sem dono,SO_ELEGIVEL,Conjunto Residencial No Bairro do Belém / Vila Boyes,"Rua Intendência, 90",Belém,,tombado,municipal,,,,2019-04-10,1960180111
SO_ELEGIVEL·sem dono,SO_ELEGIVEL,Conjunto Residencial No Bairro do Belém / Vila Boyes,"Rua Caruapanã, 21",Belém,,tombado,municipal,,,,2019-04-10,1960180087
SO_ELEGIVEL·sem dono,SO_ELEGIVEL,Conjunto Residencial No Bairro do Belém / Vila Boyes,"Rua Intendência, 42",Belém,,tombado,municipal,,,,2019-04-10,1960180103
SO_ELEGIVEL·sem dono,SO_ELEGIVEL,Conjunto Residencial No Bairro do Belém / Vila Boyes,"Avenida Celso Garcia, 1821",Belém,,tombado,municipal,,,,2019-04-10,1960180099
SO_ELEGIVEL·sem dono,SO_ELEGIVEL,Conjunto Residencial No Bairro do Belém / Vila Boyes,"Rua Caruapanã, 6",Belém,,tombado,municipal,,,,2019-04-10,1960180010
SO_ELEGIVEL·sem dono,SO_ELEGIVEL,Conjunto Residencial No Bairro do Belém / Vila Boyes,"Rua Caruapanã, 43",Belém,,tombado,municipal,,,,2019-04-10,1960180076
SO_ELEGIVEL·sem dono,SO_ELEGIVEL,Conjunto Residencial No Bairro do Belém / Vila Boyes,"Rua Caruapanã, 47",Belém,,tombado,municipal,,,,2019-04-10,1960180074
SO_ELEGIVEL·sem dono,SO_ELEGIVEL,Conjunto Residencial No Bairro do Belém / Vila Boyes,"Rua Intendência, 172",Belém,,tombado,municipal,,,,2019-04-10,1960180125
SO_ELEGIVEL·sem dono,SO_ELEGIVEL,Conjunto Residencial No Bairro do Belém / Vila Boyes,"Rua Caruapanã, 19",Belém,,tombado,municipal,,,,2019-04-10,1960180088
SO_ELEGIVEL·sem dono,SO_ELEGIVEL,Conjunto Residencial No Bairro do Belém / Vila Boyes,"Rua Intendência, 100",Belém,,tombado,municipal,,,,2019-04-10,1960180112
SO_ELEGIVEL·sem dono,SO_ELEGIVEL,Conjunto Residencial No Bairro do Belém / Vila Boyes,"Avenida Celso Garcia, 1807",Belém,,tombado,municipal,,,,2019-04-10,1960180100
SO_ELEGIVEL·sem dono,SO_ELEGIVEL,Conjunto Residencial No Bairro do Belém / Vila Boyes,"Rua Intendência, 160",Belém,,tombado,municipal,,,,2019-04-10,1960180122
SO_ELEGIVEL·sem dono,SO_ELEGIVEL,Conjunto Residencial No Bairro do Belém / Vila Boyes,"Rua Caruapanã, 45",Belém,,tombado,municipal,,,,2019-04-10,1960180075
SO_ELEGIVEL·sem dono,SO_ELEGIVEL,Conjunto Residencial No Bairro do Belém / Vila Boyes,"Rua Intendência, 88",Belém,,tombado,municipal,,,,2019-04-10,1960180110
SO_ELEGIVEL·sem dono,SO_ELEGIVEL,Conjunto Residencial No Bairro do Belém / Vila Boyes,"Rua Intendência, 126",Belém,,tombado,municipal,,,,2019-04-10,1960180117
SO_ELEGIVEL·sem dono,SO_ELEGIVEL,Conjunto Residencial No Bairro do Belém / Vila Boyes,"Rua Caruapanã, 35",Belém,,tombado,municipal,,,,2019-04-10,1960180080
SO_ELEGIVEL·sem dono,SO_ELEGIVEL,Conjunto Residencial No Bairro do Belém / Vila Boyes,"Rua do Curimã, 15",Belém,,tombado,municipal,,,,2019-04-10,1960180044
SO_ELEGIVEL·sem dono,SO_ELEGIVEL,Conjunto Residencial No Bairro do Belém / Vila Boyes,"Rua do Curimã, 11",Belém,,tombado,municipal,,,,2019-04-10,1960180046
SO_ELEGIVEL·sem dono,SO_ELEGIVEL,Conjunto Residencial No Bairro do Belém / Vila Boyes,"Rua Caruapanã, 36",Belém,,tombado,municipal,,,,2019-04-10,1960180059
SO_ELEGIVEL·sem dono,SO_ELEGIVEL,Conjunto Residencial No Bairro do Belém / Vila Boyes,"Rua Caruapanã, 11",Belém,,tombado,municipal,,,,2019-04-10,1960180092
SO_ELEGIVEL·sem dono,SO_ELEGIVEL,Conjunto Residencial No Bairro do Belém / Vila Boyes,"Rua Intendência, 64",Belém,,tombado,municipal,,,,2019-04-10,1960180106
SO_ELEGIVEL·sem dono,SO_ELEGIVEL,Conjunto Residencial No Bairro do Belém / Vila Boyes,"Rua Caruapanã, 29",Belém,,tombado,municipal,,,,2019-04-10,1960180083
SO_ELEGIVEL·sem dono,SO_ELEGIVEL,Conjunto Residencial No Bairro do Belém / Vila Boyes,"Rua do Curimã, 7",Belém,,tombado,municipal,,,,2019-04-10,1960180048
SO_ELEGIVEL·sem dono,SO_ELEGIVEL,Conjunto Residencial No Bairro do Belém / Vila Boyes,"Rua Intendência, 52",Belém,,tombado,municipal,,,,2019-04-10,1960180104
SO_ELEGIVEL·sem dono,SO_ELEGIVEL,Conjunto Residencial No Bairro do Belém / Vila Boyes,"Rua Intendência, 162",Belém,,tombado,municipal,,,,2019-04-10,1960180123
SO_ELEGIVEL·sem dono,SO_ELEGIVEL,Conjunto Residencial No Bairro do Belém / Vila Boyes,"Rua Intendência, 80",Belém,,tombado,municipal,,,,2019-04-10,1960180109
SO_ELEGIVEL·sem dono,SO_ELEGIVEL,Conjunto Residencial No Bairro do Belém / Vila Boyes,"Rua Curimã, 12",Belém,,tombado,municipal,,,,2019-04-10,1960180023
SO_ELEGIVEL·sem dono,SO_ELEGIVEL,Conjunto Residencial No Bairro do Belém / Vila Boyes,"Rua Caruapanã, 12",Belém,,tombado,municipal,,,,2019-04-10,1960180013
SO_ELEGIVEL·sem dono,SO_ELEGIVEL,Conjunto Residencial No Bairro do Belém / Vila Boyes,"Rua do Curimã, 3",Belém,,tombado,municipal,,,,2019-04-10,1960180050
SO_ELEGIVEL·sem dono,SO_ELEGIVEL,Conjunto Residencial No Bairro do Belém / Vila Boyes,"Rua Caruapanã, 31",Belém,,tombado,municipal,,,,2019-04-10,1960180082
SO_ELEGIVEL·sem dono,SO_ELEGIVEL,Conjunto Residencial No Bairro do Belém / Vila Boyes,"Rua Caruapanã, 20",Belém,,tombado,municipal,,,,2019-04-10,1960180017
SO_ELEGIVEL·sem dono,SO_ELEGIVEL,Conjunto Residencial No Bairro do Belém / Vila Boyes,"Rua do Curimã, 5",Belém,,tombado,municipal,,,,2019-04-10,1960180049
SO_ELEGIVEL·sem dono,SO_ELEGIVEL,Conjunto Residencial No Bairro do Belém / Vila Boyes,"Rua do Curimã, 16",Belém,,tombado,municipal,,,,2019-04-10,1960180025
SO_ELEGIVEL·sem dono,SO_ELEGIVEL,Conjunto Residencial No Bairro do Belém / Vila Boyes,"Rua do Curimã, 18",Belém,,tombado,municipal,,,,2019-04-10,1960180026
SO_ELEGIVEL·sem dono,SO_ELEGIVEL,Conjunto Residencial No Bairro do Belém / Vila Boyes,"Avenida Celso Garcia, 1827",Belém,,tombado,municipal,,,,2019-04-10,1960180098
SO_ELEGIVEL·sem dono,SO_ELEGIVEL,Conjunto Residencial No Bairro do Belém / Vila Boyes,"Rua do Curimã, 19",Belém,,tombado,municipal,,,,2019-04-10,1960180042
SO_ELEGIVEL·sem dono,SO_ELEGIVEL,Conjunto Residencial No Bairro do Belém / Vila Boyes,"Rua Caruapanã, 40",Belém,,tombado,municipal,,,,2019-04-10,1960180061
SO_ELEGIVEL·sem dono,SO_ELEGIVEL,Conjunto Residencial No Bairro do Belém / Vila Boyes,"Avenida Celso Garcia, 1835, 1837",Belém,,tombado,municipal,,,,2019-04-10,1960180007
SO_ELEGIVEL·sem dono,SO_ELEGIVEL,Conjunto Residencial No Bairro do Belém / Vila Boyes,"Rua Caruapanã, 13",Belém,,tombado,municipal,,,,2019-04-10,1960180091
SO_ELEGIVEL·sem dono,SO_ELEGIVEL,Conjunto Residencial No Bairro do Belém / Vila Boyes,"Rua Caruapanã, 41",Belém,,tombado,municipal,,,,2019-04-10,1960180077
SO_ELEGIVEL·sem dono,SO_ELEGIVEL,Conjunto Residencial No Bairro do Belém / Vila Boyes,"Avenida Celso Garcia, 1841, 1845",Belém,,tombado,municipal,,,,2019-04-10,1960180006
SO_ELEGIVEL·sem dono,SO_ELEGIVEL,Conjunto Residencial No Bairro do Belém / Vila Boyes,"Rua Caruapanã, 23",Belém,,tombado,municipal,,,,2019-04-10,1960180086
SO_ELEGIVEL·sem dono,SO_ELEGIVEL,Conjunto Residencial No Bairro do Belém / Vila Boyes,"Rua do Curimã, 20",Belém,,tombado,municipal,,,,2019-04-10,1960180027
SO_ELEGIVEL·sem dono,SO_ELEGIVEL,Conjunto Residencial No Bairro do Belém / Vila Boyes,"Rua Caruapanã, 10",Belém,,tombado,municipal,,,,2019-04-10,1960180012
SO_ELEGIVEL·sem dono,SO_ELEGIVEL,Conjunto Residencial No Bairro do Belém / Vila Boyes,"Rua Caruapanã, 37",Belém,,tombado,municipal,,,,2019-04-10,1960180079
SO_ELEGIVEL·sem dono,SO_ELEGIVEL,Conjunto Residencial No Bairro do Belém / Vila Boyes,"Rua Intendência, 136",Belém,,tombado,municipal,,,,2019-04-10,1960180118
SO_ELEGIVEL·sem dono,SO_ELEGIVEL,Conjunto Residencial No Bairro do Belém / Vila Boyes,"Rua do Curimã, 13",Belém,,tombado,municipal,,,,2019-04-10,1960180045
SO_ELEGIVEL·sem dono,SO_ELEGIVEL,Conjunto Residencial No Bairro do Belém / Vila Boyes,"Rua Caruapanã, 4",Belém,,tombado,municipal,,,,2019-04-10,1960180009
SO_ELEGIVEL·sem dono,SO_ELEGIVEL,Conjunto Residencial No Bairro do Belém / Vila Boyes,"Rua Caruapanã, 2",Belém,,tombado,municipal,,,,2019-04-10,1960180008
SO_ELEGIVEL·sem dono,SO_ELEGIVEL,Conjunto Residencial No Bairro do Belém / Vila Boyes,"Rua Intendência, 148",Belém,,tombado,municipal,,,,2019-04-10,1960180120
SO_ELEGIVEL·sem dono,SO_ELEGIVEL,Conjunto Residencial No Bairro do Belém / Vila Boyes,"Rua do Curimã, 9",Belém,,tombado,municipal,,,,2019-04-10,1960180047
SO_ELEGIVEL·sem dono,SO_ELEGIVEL,Conjunto Residencial No Bairro do Belém / Vila Boyes,"Rua Intendência, 102",Belém,,tombado,municipal,,,,2019-04-10,1960180113
SO_ELEGIVEL·sem dono,SO_ELEGIVEL,Conjunto Residencial No Bairro do Belém / Vila Boyes,"Rua Curimã, 14",Belém,,tombado,municipal,,,,2019-04-10,1960180024
SO_ELEGIVEL·sem dono,SO_ELEGIVEL,Estação Armênia do Metrô / Acesso à Estação Ponte Pequena / Obra de Marcello Aciolly Fragelli / 1968,Avenida do Estado,Bom Retiro,,tombado,municipal,,,,2017-12-21,0180230037
SO_ELEGIVEL·sem dono,SO_ELEGIVEL,Estação Elevatória de Esgotos da Ponte Pequena,"Avenida do Estado, 787",Bom Retiro,,tombado,municipal+estadual,,,,2017-08-29,0180010008
SO_ELEGIVEL·sem dono,SO_ELEGIVEL,Pontilhão de Ferro da Estação da Luz,"Praça da Luz, 1",Bom Retiro,,tombado,municipal+estadual+federal,,,,,0010180000
SO_ELEGIVEL·sem dono,SO_ELEGIVEL,Remanescente da Primitiva Estação da Estrada de Ferro Sorocabana,Rua Mauá,Bom Retiro,,tombado,municipal,,,,,0080390054
SO_ELEGIVEL·sem dono,SO_ELEGIVEL,Estação do Bras,Avenida Rangel Pestana,Brás,,tombado,municipal+estadual,,,,,0270840016
SO_ELEGIVEL·sem dono,SO_ELEGIVEL,Travessia Sobre Estrada de Ferro Perto da Estação da Mooca,,Brás / Móoca,,tombado,municipal,,,,2019-04-10,0280460000
SO_ELEGIVEL·sem dono,SO_ELEGIVEL,Antiga Estação Ferroviária No Jardim Satelite,"Rua Plínio Schmidt, 085",Cidade Dutra,,tombado,municipal,,,,2019-04-10,1620350000
SO_ELEGIVEL·sem dono,SO_ELEGIVEL,Bairro de Higienópolis / Edifício Na Rua Piauí 752 / Condomínio Edifício Santo André,"Rua Piaui, 752",Consolação,,tombado,municipal+estadual,,,,2025-02-19,0111010000
SO_ELEGIVEL·sem dono,SO_ELEGIVEL,Bairro de Higienópolis / Edifício Prudência e Capitalização/ Obra de Rino Levi e Roberto Cerqueira César/ 1944 - Item 12,"Avenida Higienópolis, 235",Consolação,,tombado,municipal+estadual,,,,1996-09-14,0100020000
SO_ELEGIVEL·sem dono,SO_ELEGIVEL,Bairro de Higienópolis / Jacques Pilon / Condomínio Palacete Higienópolis e Maria Antonieta,"Avenida Higienópolis, 870",Consolação,,tombado,municipal+estadual,,,,2014-12-11,0200940000
SO_ELEGIVEL·sem dono,SO_ELEGIVEL,Cemitério da Consolação,"Rua da Consolacao, 1660",Consolação,,tombado,municipal+estadual,,,,2017-05-27,0100220001
SO_ELEGIVEL·sem dono,SO_ELEGIVEL,Cemitério do Araçá / Muro de Divisa Lateral do Cemitério,Avenida Doutor Arnaldo,Consolação,,tombado,municipal+estadual,,,,2017-08-29,0110770004
SO_ELEGIVEL·sem dono,SO_ELEGIVEL,Conjunto Arquitetênico do Antigo Colégio Visconde de Porto Seguro,"Rua João Guimarães Rosa, 129",Consolação,,tombado,municipal+estadual,,,,2024-01-19,0060110042
SO_ELEGIVEL·sem dono,SO_ELEGIVEL,Conjunto Arquitetênico do Antigo Colégio Visconde de Porto Seguro,"Rua João Guimarães Rosa, 111, 59",Consolação,,tombado,municipal+estadual,,,,2024-01-19,0060110048
SO_ELEGIVEL·sem dono,SO_ELEGIVEL,Conjunto Arquitetônico Na Esquina da Rua Augusta C/ Marquês de Paranaguá,"Rua Marquês de Paranaguá, 327, 329",Consolação,,tombado,municipal,,,,2011-07-29,0100260017
SO_ELEGIVEL·sem dono,SO_ELEGIVEL,Edifício Lausanne / Bairro de Higienópolis / Obra de Adolf Franz Heep  / 1953 - Item 34 / Edificações Modernas Indicadas Como Zepec,"Avenida Higienópolis, 101, 111",Consolação,,tombado,municipal,,,,2019-05-30,0100030000
SO_ELEGIVEL·sem dono,SO_ELEGIVEL,Praça Vilaboim,,Consolação,,tombado,municipal,,,,2007-07-21,0110000000
SO_ELEGIVEL·sem dono,SO_ELEGIVEL,Praça Vilaboim e Elementos Constitutivos da Praça e Sua Ambiência,"Praça Vilaboim, 111",Consolação,,tombado,municipal,,,,2007-07-21,0111140018
SO_ELEGIVEL·sem dono,SO_ELEGIVEL,Praça Villaboim e Elementos Constitutivos da Praça e Sua Ambiência,"Praça Vilaboim, 89",Consolação,,tombado,municipal,,,,2007-07-21,0111140014
SO_ELEGIVEL·sem dono,SO_ELEGIVEL,Praça Villaboim e Elementos Constitutivos da Praça e Sua Ambiência,"Rua Armando Penteado, 56",Consolação,,tombado,municipal,,,,2007-07-21,0110980008
SO_ELEGIVEL·sem dono,SO_ELEGIVEL,Praça Villaboim e Elementos Constitutivos da Praça e Sua Ambiência,"Rua Armando Penteado, 7",Consolação,,tombado,municipal,,,,2007-07-21,0111140137
SO_ELEGIVEL·sem dono,SO_ELEGIVEL,Praça Villaboim e Elementos Constitutivos da Praça e Sua Ambiência,"Praça Vilaboim, 31",Consolação,,tombado,municipal,,,,2007-07-21,0111140003
SO_ELEGIVEL·sem dono,SO_ELEGIVEL,Praça Villaboim e Elementos Constitutivos da Praça e Sua Ambiência,"Praça Vilaboim, 85",Consolação,,tombado,municipal,,,,2007-07-21,0111140013
SO_ELEGIVEL·sem dono,SO_ELEGIVEL,Praça Villaboim e Elementos Constitutivos da Praça e Sua Ambiência,"Praça Vilaboim, 52",Consolação,,tombado,municipal,,,,2007-07-21,0111000000
SO_ELEGIVEL·sem dono,SO_ELEGIVEL,Praça Villaboim e Elementos Constitutivos da Praça e Sua Ambiência,"Praça Vilaboim, 20",Consolação,,tombado,municipal,,,,2007-07-21,0111000014
SO_ELEGIVEL·sem dono,SO_ELEGIVEL,Praça Villaboim e Elementos Constitutivos da Praça e Sua Ambiência,"Rua Armando Penteado, 18, 31",Consolação,,tombado,municipal,,,,2007-07-21,0110980024
SO_ELEGIVEL·sem dono,SO_ELEGIVEL,Praça Villaboim e Elementos Constitutivos da Praça e Sua Ambiência,"Praça Vilaboim, 41",Consolação,,tombado,municipal,,,,2007-07-21,0111140004
SO_ELEGIVEL·sem dono,SO_ELEGIVEL,Praça Villaboim e Elementos Constitutivos da Praça e Sua Ambiência,"Praça Vilaboim, 53",Consolação,,tombado,municipal,,,,2007-07-21,0111140007
SO_ELEGIVEL·sem dono,SO_ELEGIVEL,Praça Villaboim e Elementos Constitutivos da Praça e Sua Ambiência,"Rua Armando Penteado, 1",Consolação,,tombado,municipal,,,,2007-07-21,0111140136
SO_ELEGIVEL·sem dono,SO_ELEGIVEL,Praça Villaboim e Elementos Constitutivos da Praça e Sua Ambiência,"Praça Vilaboim, 111, 113",Consolação,,tombado,municipal,,,,2007-07-21,0111140150
SO_ELEGIVEL·sem dono,SO_ELEGIVEL,Praça Villaboim e Elementos Constitutivos da Praça e Sua Ambiência,"Praça Vilaboim, 63",Consolação,,tombado,municipal,,,,2007-07-21,0111140009
SO_ELEGIVEL·sem dono,SO_ELEGIVEL,Praça Villaboim e Elementos Constitutivos da Praça e Sua Ambiência,"Praça Vilaboim, 47",Consolação,,tombado,municipal,,,,2007-07-21,0111140005
SO_ELEGIVEL·sem dono,SO_ELEGIVEL,Praça Villaboim e Elementos Constitutivos da Praça e Sua Ambiência,"Rua Bahia, 204, 23",Consolação,,tombado,municipal,,,,2007-07-21,0111140000
SO_ELEGIVEL·sem dono,SO_ELEGIVEL,Praça Villaboim e Elementos Constitutivos da Praça e Sua Ambiência,"Rua Armando Penteado, 12",Consolação,,tombado,municipal,,,,2007-07-21,0110980014
SO_ELEGIVEL·sem dono,SO_ELEGIVEL,Praça Villaboim e Elementos Constitutivos da Praça e Sua Ambiência,"Rua Armando Penteado, 48",Consolação,,tombado,municipal,,,,2007-07-21,0110980009
SO_ELEGIVEL·sem dono,SO_ELEGIVEL,Praça Villaboim e Elementos Constitutivos da Praça e Sua Ambiência,"Rua Armando Penteado, 21",Consolação,,tombado,municipal,,,,2007-07-21,0111140024
SO_ELEGIVEL·sem dono,SO_ELEGIVEL,Praça Villaboim e Elementos Constitutivos da Praça e Sua Ambiência,"Praça Vilaboim, 65",Consolação,,tombado,municipal,,,,2007-07-21,0111140010
SO_ELEGIVEL·sem dono,SO_ELEGIVEL,Praça Villaboim e Elementos Constitutivos da Praça e Sua Ambiência,"Rua Armando Penteado, 33, 800",Consolação,,tombado,municipal,,,,2007-07-21,0111140026
SO_ELEGIVEL·sem dono,SO_ELEGIVEL,Praça Villaboim e Elementos Constitutivos da Praça e Sua Ambiência,"Rua Armando Penteado, 25",Consolação,,tombado,municipal,,,,2007-07-21,0111140025
SO_ELEGIVEL·sem dono,SO_ELEGIVEL,Praça Villaboim e Elementos Constitutivos da Praça e Sua Ambiência,"Rua Armando Penteado, 44",Consolação,,tombado,municipal,,,,2007-07-21,0110980010
SO_ELEGIVEL·sem dono,SO_ELEGIVEL,Praça Villaboim e Elementos Constitutivos da Praça e Sua Ambiência,"Praça Vilaboim, 55",Consolação,,tombado,municipal,,,,2007-07-21,0111140008
SO_ELEGIVEL·sem dono,SO_ELEGIVEL,Praça Villaboim e Elementos Constitutivos da Praça e Sua Ambiência,"Praça Vilaboim, 150, 160",Consolação,,tombado,municipal,,,,2007-07-21,0110990000
SO_ELEGIVEL·sem dono,SO_ELEGIVEL,Praça Villaboim e Elementos Constitutivos da Praça e Sua Ambiência,"Praça Vilaboim, 93",Consolação,,tombado,municipal,,,,2007-07-21,0111140015
SO_ELEGIVEL·sem dono,SO_ELEGIVEL,Praça Villaboim e Elementos Constitutivos da Praça e Sua Ambiência,"Rua Armando Penteado, 36",Consolação,,tombado,municipal,,,,2007-07-21,0110980025
SO_ELEGIVEL·sem dono,SO_ELEGIVEL,Praça Villaboim e Elementos Constitutivos da Praça e Sua Ambiência,"Praça Vilaboim, 49",Consolação,,tombado,municipal,,,,2007-07-21,0111140006
SO_ELEGIVEL·sem dono,SO_ELEGIVEL,Praça Villaboim e Elementos Constitutivos da Praça e Sua Ambiência,"Rua Armando Penteado, 13",Consolação,,tombado,municipal,,,,2007-07-21,0111140023
SO_ELEGIVEL·sem dono,SO_ELEGIVEL,Praça Villaboim e Elementos Constitutivos da Praça e Sua Ambiência,"Praça Vilaboim, 99, 103",Consolação,,tombado,municipal,,,,2007-07-21,0111140138
SO_ELEGIVEL·sem dono,SO_ELEGIVEL,Praça Villaboim e Elementos Constitutivos da Praça e Sua Ambiência,"Praça Vilaboim, 77",Consolação,,tombado,municipal,,,,2007-07-21,0111140012
SO_ELEGIVEL·sem dono,SO_ELEGIVEL,Praça Villaboim e Elementos Constitutivos da Praça e Sua Ambiência,"Praça Vilaboim, 73",Consolação,,tombado,municipal,,,,2007-07-21,0111140011
SO_ELEGIVEL·sem dono,SO_ELEGIVEL,Parque Estadual das Fontes do Ipiranga / Parque da Água Funda,"Avenida Miguel Estéfano, 4241",Cursino,,tombado,municipal+estadual,,,,2019-04-03,1580000000
SO_ELEGIVEL·sem dono,SO_ELEGIVEL,Bairro de Higienópolis / Imóvel à Avenida Higienópolis 462,"Avenida Higienópolis, 462",Higienópolis,,tombado,municipal+estadual,,,,2013-10-04,0070430006
SO_ELEGIVEL·sem dono,SO_ELEGIVEL,Bairro de Higienópolis / Imóvel à Avenida Higienópolis 890 / Sede da Mitra Arquidiocesana de São Paulo,"Avenida Higienópolis, 890",Higienópolis,,tombado,municipal+estadual,,,,2013-10-08,0200940007
SO_ELEGIVEL·sem dono,SO_ELEGIVEL,Bairro de Higienópolis / Imóvel à Rua Piauí 1164 e 1168 / Vila Martha,"Rua Piauí, 1164, 8",Higienópolis,,tombado,municipal,,,,2013-10-08,0110890036
SO_ELEGIVEL·sem dono,SO_ELEGIVEL,Bairro de Higienópolis / Imóvel à Rua Piauí 1164 e 1168 / Vila Martha,"Rua Piauí, 1164, 3",Higienópolis,,tombado,municipal,,,,2013-10-08,0110890031
SO_ELEGIVEL·sem dono,SO_ELEGIVEL,Bairro de Higienópolis / Imóvel à Rua Piauí 1164 e 1168 / Vila Martha,"Rua Piauí, 1164, 2",Higienópolis,,tombado,municipal,,,,2013-10-08,0110890030
SO_ELEGIVEL·sem dono,SO_ELEGIVEL,Bairro de Higienópolis / Imóvel à Rua Piauí 1164 e 1168 / Vila Martha,"Rua Piauí, 1164, 1",Higienópolis,,tombado,municipal,,,,2013-10-08,0110890029
SO_ELEGIVEL·sem dono,SO_ELEGIVEL,Bairro de Higienópolis / Imóvel à Rua Piauí 1164 e 1168 / Vila Martha,"Rua Piauí, 1168",Higienópolis,,tombado,municipal,,,,2013-10-08,0110890028
SO_ELEGIVEL·sem dono,SO_ELEGIVEL,Bairro de Higienópolis / Imóvel à Rua Piauí 1164 e 1168 / Vila Martha,"Rua Piauí, 1164, 5",Higienópolis,,tombado,municipal,,,,2013-10-08,0110890033
SO_ELEGIVEL·sem dono,SO_ELEGIVEL,Bairro de Higienópolis / Imóvel à Rua Piauí 1164 e 1168 / Vila Martha,"Rua Piauí, 1164, 4",Higienópolis,,tombado,municipal,,,,2013-10-08,0110890032
SO_ELEGIVEL·sem dono,SO_ELEGIVEL,Bairro de Higienópolis / Imóvel à Rua Piauí 1164 e 1168 / Vila Martha,"Rua Piauí, 1164, 6",Higienópolis,,tombado,municipal,,,,2013-10-08,0110890034
SO_ELEGIVEL·sem dono,SO_ELEGIVEL,Bairro de Higienópolis / Imóvel à Rua Piauí 1164 e 1168 / Vila Martha,"Rua Piauí, 1164, 7",Higienópolis,,tombado,municipal,,,,2013-10-08,0110890035
SO_ELEGIVEL·sem dono,SO_ELEGIVEL,Bairro de Higienópolis / Imóvel à Rua Rio de Janeiro 211,"Rua Rio de Janeiro, 211",Higienópolis,,tombado,municipal,,,,2013-10-08,0110890060
SO_ELEGIVEL·sem dono,SO_ELEGIVEL,Bairro de Higienópolis / Residência Na Avenida Higienópolis 232 / Residência de Fernando Nobre / Projeto Victor Dubugras,"Avenida Higienópolis, 232",Higienópolis,,tombado,municipal+estadual,,,,2013-10-08,0070530002
SO_ELEGIVEL·sem dono,SO_ELEGIVEL,Bairro de Higienópolis / Residência Na Avenida Higienópolis 436 / Consulado Italiano,"Avenida Higienópolis, 436",Higienópolis,,tombado,municipal+estadual,,,,2013-10-04,0070430005
SO_ELEGIVEL·sem dono,SO_ELEGIVEL,Bairro de Higienópolis / Residência Na Rua Doutor Veiga Filho 35,"Rua Doutor Veiga Filho, 35",Higienópolis,,tombado,municipal,,,,2013-10-04,0200950036
SO_ELEGIVEL·sem dono,SO_ELEGIVEL,Bairro de Higienópolis / Vila Martha,"Rua Piauí, 1164",Higienópolis,,tombado,municipal,,,,2013-10-08,0110890001
SO_ELEGIVEL·sem dono,SO_ELEGIVEL,Biblioteca Municipal do Ipiranga Ministro Genésio de Almeida Moura,"Rua Cisplatina, 505, 1044",Ipiranga,,tombado,municipal,,,,2019-04-10,0400910062
SO_ELEGIVEL·sem dono,SO_ELEGIVEL,Conjunto de Imóveis No Bairro do Ipiranga,"Rua Bom Pastor, 3039",Ipiranga,,tombado,municipal,,,,2018-05-31,0501150029
SO_ELEGIVEL·sem dono,SO_ELEGIVEL,Conjunto de Imóveis No Bairro do Ipiranga,"Avenida Dom Pedro I, 880",Ipiranga,,tombado,municipal,,,,2018-05-31,0350440005
SO_ELEGIVEL·sem dono,SO_ELEGIVEL,Conjunto de Imóveis No Bairro do Ipiranga,"Rua Bom Pastor, 1077",Ipiranga,,tombado,municipal,,,,2018-05-31,0400770014
SO_ELEGIVEL·sem dono,SO_ELEGIVEL,Conjunto de Imóveis No Bairro do Ipiranga,"Rua Bom Pastor, 1079",Ipiranga,,tombado,municipal,,,,2018-05-31,0400770013
SO_ELEGIVEL·sem dono,SO_ELEGIVEL,Conjunto de Imóveis No Bairro do Ipiranga,"Rua Xavier Curado, 654",Ipiranga,,tombado,municipal,,,,2018-05-31,0400700147
SO_ELEGIVEL·sem dono,SO_ELEGIVEL,Conjunto de Imóveis No Bairro do Ipiranga,"Rua Oliveira Alves, 134",Ipiranga,,tombado,municipal,,,,2018-05-31,0400770015
SO_ELEGIVEL·sem dono,SO_ELEGIVEL,Conjunto de Imóveis No Bairro do Ipiranga,"Rua Oliveira Alves, 136",Ipiranga,,tombado,municipal,,,,2018-05-31,0400770016
SO_ELEGIVEL·sem dono,SO_ELEGIVEL,Conjunto de Imóveis No Bairro do Ipiranga,"Rua Bom Pastor, 3005, 3007",Ipiranga,,tombado,municipal,,,,2018-05-31,0501150024
SO_ELEGIVEL·sem dono,SO_ELEGIVEL,Conjunto de Imóveis No Bairro do Ipiranga,"Rua Silva Bueno, 2762, 2764",Ipiranga,,tombado,municipal,,,,2018-05-31,0501150010
SO_ELEGIVEL·sem dono,SO_ELEGIVEL,Conjunto de Imóveis No Bairro do Ipiranga,"Rua Silva Bueno, 2766, 2770",Ipiranga,,tombado,municipal,,,,2018-05-31,0501150011
SO_ELEGIVEL·sem dono,SO_ELEGIVEL,Conjunto de Imóveis No Bairro do Ipiranga,"Rua Bom Pastor, 3059, 3061, 3067, 3071",Ipiranga,,tombado,municipal,,,,2018-05-31,0501150013
SO_ELEGIVEL·sem dono,SO_ELEGIVEL,Conjunto de Imóveis No Bairro do Ipiranga,"Rua Lino Coutinho, 2029, 2031",Ipiranga,,tombado,municipal,,,,2018-05-31,0501140016
SO_ELEGIVEL·sem dono,SO_ELEGIVEL,Conjunto de Imóveis No Bairro do Ipiranga,"Rua Lino Coutinho, 2041, 2045",Ipiranga,,tombado,municipal,,,,2018-05-31,0501140007
SO_ELEGIVEL·sem dono,SO_ELEGIVEL,Conjunto de Imóveis No Bairro do Ipiranga,"Rua Bom Pastor, 3019",Ipiranga,,tombado,municipal,,,,2018-05-31,0501150021
SO_ELEGIVEL·sem dono,SO_ELEGIVEL,Conjunto de Imóveis No Bairro do Ipiranga,"Rua Bom Pastor, 3027",Ipiranga,,tombado,municipal,,,,2018-05-31,0501150020
SO_ELEGIVEL·sem dono,SO_ELEGIVEL,Conjunto de Imóveis No Bairro do Ipiranga,"Rua Silva Bueno, 2703, 2705",Ipiranga,,tombado,municipal,,,,2018-05-31,0502150025
SO_ELEGIVEL·sem dono,SO_ELEGIVEL,Conjunto de Imóveis No Bairro do Ipiranga,"Rua Lino Coutinho, 2047, 2049",Ipiranga,,tombado,municipal,,,,2018-05-31,0501140008
SO_ELEGIVEL·sem dono,SO_ELEGIVEL,Conjunto de Imóveis No Bairro do Ipiranga,"Rua Agostinho Gomes, 3565",Ipiranga,,tombado,municipal,,,,2018-05-31,0501150025
SO_ELEGIVEL·sem dono,SO_ELEGIVEL,Conjunto de Imóveis No Bairro do Ipiranga,"Rua Agostinho Gomes, 3563",Ipiranga,,tombado,municipal,,,,2018-05-31,0501150026
SO_ELEGIVEL·sem dono,SO_ELEGIVEL,Conjunto de Imóveis No Bairro do Ipiranga,"Rua Lino Coutinho, 2053, 2057",Ipiranga,,tombado,municipal,,,,2018-05-31,0501140009
SO_ELEGIVEL·sem dono,SO_ELEGIVEL,Conjunto de Imóveis No Bairro do Ipiranga,"Rua Silva Bueno, 2689, 2691",Ipiranga,,tombado,municipal,,,,2018-05-31,0502150023
SO_ELEGIVEL·sem dono,SO_ELEGIVEL,Conjunto de Imóveis No Bairro do Ipiranga,"Rua Silva Bueno, 2697, 2701",Ipiranga,,tombado,municipal,,,,2018-05-31,0502150024
SO_ELEGIVEL·sem dono,SO_ELEGIVEL,Conjunto de Imóveis No Bairro do Ipiranga,"Rua Silva Bueno, 2709, 2713",Ipiranga,,tombado,municipal,,,,2018-05-31,0502150026
SO_ELEGIVEL·sem dono,SO_ELEGIVEL,Conjunto de Imóveis No Bairro do Ipiranga,"Rua Silva Bueno, 2686, 2692",Ipiranga,,tombado,municipal,,,,2018-05-31,0501150003
SO_ELEGIVEL·sem dono,SO_ELEGIVEL,Conjunto de Imóveis No Bairro do Ipiranga,"Rua Silva Bueno, 2724, 2726",Ipiranga,,tombado,municipal,,,,2018-05-31,0501150005
SO_ELEGIVEL·sem dono,SO_ELEGIVEL,Conjunto de Imóveis No Bairro do Ipiranga,"Rua Silva Bueno, 2576, 2598, 268, 276",Ipiranga,,tombado,municipal,,,,2018-05-31,0501140011
SO_ELEGIVEL·sem dono,SO_ELEGIVEL,Conjunto de Imóveis No Bairro do Ipiranga,"Rua Lino Coutinho, 2013, 2025, 234, 238, 242",Ipiranga,,tombado,municipal,,,,2018-05-31,0501140015
SO_ELEGIVEL·sem dono,SO_ELEGIVEL,Conjunto de Imóveis No Bairro do Ipiranga,"Rua Lino Coutinho, 2033, 2037",Ipiranga,,tombado,municipal,,,,2018-05-31,0501140006
SO_ELEGIVEL·sem dono,SO_ELEGIVEL,Conjunto de Imóveis No Bairro do Ipiranga,"Rua Bom Pastor, 3057",Ipiranga,,tombado,municipal,,,,2018-05-31,0501150014
SO_ELEGIVEL·sem dono,SO_ELEGIVEL,Conjunto de Imóveis No Bairro do Ipiranga,"Rua Bom Pastor, 3049",Ipiranga,,tombado,municipal,,,,2018-05-31,0501150015
SO_ELEGIVEL·sem dono,SO_ELEGIVEL,Conjunto de Imóveis No Bairro do Ipiranga,"Rua Lino Coutinho, 2061, 2071, 2652, 2662",Ipiranga,,tombado,municipal,,,,2018-05-31,0501140004
SO_ELEGIVEL·sem dono,SO_ELEGIVEL,Conjunto de Imóveis No Bairro do Ipiranga,"Rua Silva Bueno, 2746, 2750",Ipiranga,,tombado,municipal,,,,2018-05-31,0501150008
SO_ELEGIVEL·sem dono,SO_ELEGIVEL,Conjunto de Imóveis No Bairro do Ipiranga,"Rua Silva Bueno, 2683, 2687",Ipiranga,,tombado,municipal,,,,2018-05-31,0502150022
SO_ELEGIVEL·sem dono,SO_ELEGIVEL,Conjunto de Imóveis No Bairro do Ipiranga,"Rua Silva Bueno, 2752, 2756",Ipiranga,,tombado,municipal,,,,2018-05-31,0501150009
SO_ELEGIVEL·sem dono,SO_ELEGIVEL,Conjunto de Imóveis No Bairro do Ipiranga,"Rua Silva Bueno, 2732, 2736",Ipiranga,,tombado,municipal,,,,2018-05-31,0501150006
SO_ELEGIVEL·sem dono,SO_ELEGIVEL,Conjunto de Imóveis No Bairro do Ipiranga,"Rua Silva Bueno, 2738, 2740",Ipiranga,,tombado,municipal,,,,2018-05-31,0501150007
SO_ELEGIVEL·sem dono,SO_ELEGIVEL,Conjunto de Imóveis No Bairro do Ipiranga,"Rua Silva Bueno, 2667, 2669, 2671, 2673",Ipiranga,,tombado,municipal,,,,2018-05-31,0502150020
SO_ELEGIVEL·sem dono,SO_ELEGIVEL,Conjunto de Imóveis No Bairro do Ipiranga,"Rua Silva Bueno, 2677, 2679",Ipiranga,,tombado,municipal,,,,2018-05-31,0502150021
SO_ELEGIVEL·sem dono,SO_ELEGIVEL,Conjunto de Imóveis No Bairro do Ipiranga,"Rua Bom Pastor, 3009, 3013",Ipiranga,,tombado,municipal,,,,2018-05-31,0501150023
SO_ELEGIVEL·sem dono,SO_ELEGIVEL,Conjunto de Imóveis No Bairro do Ipiranga,"Rua Lino Coutinho, 2088, 2094",Ipiranga,,tombado,municipal,,,,2018-05-31,0501150002
SO_ELEGIVEL·sem dono,SO_ELEGIVEL,Conjunto de Imóveis No Bairro do Ipiranga,"Rua Silva Bueno, 2696, 2700",Ipiranga,,tombado,municipal,,,,2018-05-31,0501150004
SO_ELEGIVEL·sem dono,SO_ELEGIVEL,Conjunto de Imóveis No Bairro do Ipiranga,"Rua Bom Pastor, 3029, 3029",Ipiranga,,tombado,municipal,,,,2018-05-31,0501150019
SO_ELEGIVEL·sem dono,SO_ELEGIVEL,Conjunto de Imóveis No Bairro do Ipiranga,"Rua Sargento-mor Ramos Cordeiro, 14",Ipiranga,,tombado,municipal,,,,2018-05-31,0501150027
SO_ELEGIVEL·sem dono,SO_ELEGIVEL,Conjunto de Imóveis No Bairro do Ipiranga,"Rua Silva Bueno, 2606, 2616, 2642, 244, 266",Ipiranga,,tombado,municipal,,,,2018-05-31,0501140017
SO_ELEGIVEL·sem dono,SO_ELEGIVEL,Conjunto de Imóveis No Bairro do Ipiranga,"Rua Lino Coutinho, 2078, 2082, 2086",Ipiranga,,tombado,municipal,,,,2018-05-31,0501150001
SO_ELEGIVEL·sem dono,SO_ELEGIVEL,Conjunto de Imóveis No Bairro do Ipiranga,"Rua Silva Bueno, 2774, 2776, 3075, 3077",Ipiranga,,tombado,municipal,,,,2018-05-31,0501150012
SO_ELEGIVEL·sem dono,SO_ELEGIVEL,Conjunto de Imóveis No Bairro do Ipiranga,"Rua Bom Pastor, 3017",Ipiranga,,tombado,municipal,,,,2018-05-31,0501150022
SO_ELEGIVEL·sem dono,SO_ELEGIVEL,Conjunto de Imóveis No Bairro do Ipiranga / Conjunto de Casas Geminadas,"Rua Jorge Moreira, 104",Ipiranga,,tombado,municipal,,,,2018-05-31,0350640010
SO_ELEGIVEL·sem dono,SO_ELEGIVEL,Conjunto de Imóveis No Bairro do Ipiranga / Conjunto de Casas Geminadas,"Rua Jorge Moreira, 66",Ipiranga,,tombado,municipal,,,,2018-05-31,0350640006
SO_ELEGIVEL·sem dono,SO_ELEGIVEL,Conjunto de Imóveis No Bairro do Ipiranga / Conjunto de Casas Geminadas,"Rua Jorge Moreira, 100",Ipiranga,,tombado,municipal,,,,2018-05-31,0350640009
SO_ELEGIVEL·sem dono,SO_ELEGIVEL,Conjunto de Imóveis No Bairro do Ipiranga / Conjunto de Casas Geminadas,"Rua Jorge Moreira, 82",Ipiranga,,tombado,municipal,,,,2018-05-31,0350640007
SO_ELEGIVEL·sem dono,SO_ELEGIVEL,Conjunto de Imóveis No Bairro do Ipiranga / Conjunto de Casas Geminadas,"Rua Jorge Moreira, 46",Ipiranga,,tombado,municipal,,,,2018-05-31,0350640004
SO_ELEGIVEL·sem dono,SO_ELEGIVEL,Conjunto de Imóveis No Bairro do Ipiranga / Conjunto de Casas Geminadas,"Avenida Dom Pedro I, 1061",Ipiranga,,tombado,municipal,,,,2018-05-31,0350640003
SO_ELEGIVEL·sem dono,SO_ELEGIVEL,Conjunto de Imóveis No Bairro do Ipiranga / Conjunto de Casas Geminadas,"Rua Jorge Moreira, 84",Ipiranga,,tombado,municipal,,,,2018-05-31,0350640008
SO_ELEGIVEL·sem dono,SO_ELEGIVEL,Conjunto de Imóveis No Bairro do Ipiranga / Conjunto de Casas Geminadas,"Rua Jorge Moreira, 120",Ipiranga,,tombado,municipal,,,,2018-05-31,0350640011
SO_ELEGIVEL·sem dono,SO_ELEGIVEL,Conjunto de Imóveis No Bairro do Ipiranga / Conjunto de Casas Geminadas,"Rua Jorge Moreira, 140",Ipiranga,,tombado,municipal,,,,2018-05-31,0350640013
SO_ELEGIVEL·sem dono,SO_ELEGIVEL,Conjunto de Imóveis No Bairro do Ipiranga / Conjunto de Casas Geminadas,"Rua Jorge Moreira, 124",Ipiranga,,tombado,municipal,,,,2018-05-31,0350640012
SO_ELEGIVEL·sem dono,SO_ELEGIVEL,Marcos Rodoviarios - Bairro do Ipiranga (marco Quilometrico),"Rua Silva Bueno, 375",Ipiranga,,tombado,municipal,,,,2013-09-13,0400470000
SO_ELEGIVEL·sem dono,SO_ELEGIVEL,Parque da Independencia,Avenida Nazare,Ipiranga,,tombado,municipal+estadual+federal,,,,,0400000000
SO_ELEGIVEL·sem dono,SO_ELEGIVEL,Casa do Chefe da Estação  / Centro Cultural Casa da Memória,"Rua Antônio Carlos de Oliveira César, 97",Itaquera,,tombado,municipal,,,,2019-06-12,1142400020
SO_ELEGIVEL·sem dono,SO_ELEGIVEL,"Parque Lina e Paulo Raia / Parque da Conceição / Casas 1, 2 e 3 da Emia / Passarela de Ferro",Rua Volkswagen,Jabaquara,,tombado,municipal,,,,2019-02-26,0895620001
SO_ELEGIVEL·sem dono,SO_ELEGIVEL,Equipamentos de Saúde No Bairro Cerqueira César / Antiga Inspetoria de Profilaxia da Lepra,"Avenida Dr Arnaldo, 925",Jardim Paulista,,tombado,estadual,,,,,0130040036
SO_ELEGIVEL·sem dono,SO_ELEGIVEL,Parque Trianon / Parque Tenente Siqueira Campos,"Rua Peixoto Gomide, 949",Jardim Paulista,,tombado,municipal+estadual,,,,,0100000000
SO_ELEGIVEL·sem dono,SO_ELEGIVEL,Vila Cerqueira César / Manchas Urbanas Heterogêneas / Mancha Benedito Calixto (i) / Praça Benedito Calixto,Praça Benedito Calixto,Jardim Paulista,,tombado,municipal,,,,2023-10-05,0130030001
SO_ELEGIVEL·sem dono,SO_ELEGIVEL,Casa da Fazenda Morganti / Parque Municipal Raul Seixas / Casa de Cultura Municipal de Itaquera Raul Seixas,"Rua Murmúrios da Tarde, 211",José Bonifácio,,tombado,municipal,,,,2017-11-23,2301160000
SO_ELEGIVEL·sem dono,SO_ELEGIVEL,Estação Ciencia / Imóveis Indicados Como Zepec Na Subprefeitura da Lapa,"Rua Guaicurus, 1270, 1474",Lapa,,tombado,municipal,,,,2009-09-16,0230930006
SO_ELEGIVEL·sem dono,SO_ELEGIVEL,Mercado Municipal da Lapa/mercado Rinaldo Rivetti,Rua John Harrison,Lapa,,tombado,municipal,,,,2009-09-16,0230920001
SO_ELEGIVEL·sem dono,SO_ELEGIVEL,Sítio e Remanescentes da Estação Invernada / Remanescentes do Complexo Hidro-ferroviário da Cantareira e Obras Civis,"Rua Adolfo Samuel, 23",Mandaqui,,tombado,municipal,,,,2018-03-15,0704000002
SO_ELEGIVEL·sem dono,SO_ELEGIVEL,Imóvel Industrial / Rua Pires do Rio C/ Viaduto Bresser,"Rua Pires do Rio, 287, 589",Móoca,,tombado,municipal,,,,2016-10-01,0270890012
SO_ELEGIVEL·sem dono,SO_ELEGIVEL,Cemitério de Colônia Paulista,"Rua Sachio Nakao, 28",Parelheiros,,tombado,municipal,,,,2017-08-17,2879920000
SO_ELEGIVEL·sem dono,SO_ELEGIVEL,"Portal de Entrada, Escadaria e Muro do Cemitério de Parelheiros","Praça Amaro de Pontes, 237",Parelheiros,,tombado,municipal,,,,2018-06-21,2829990000
SO_ELEGIVEL·sem dono,SO_ELEGIVEL,"Biblioteca Municipal do Canindé ""bij Adelpha Figueiredo""","Praça Ilo Ottani, 146",Pari,,tombado,municipal,,,,2019-04-10,0171130001
SO_ELEGIVEL·sem dono,SO_ELEGIVEL,Praça Oito de Setembro,,Penha,,tombado,municipal,,,,2018-11-30,0610520001
SO_ELEGIVEL·sem dono,SO_ELEGIVEL,Bairro de Perdizes / Edificação Na Rua Caiubi 242,"Rua Caiubi, 242",Perdizes,,tombado,municipal,,,,2023-08-16,0210740017
SO_ELEGIVEL·sem dono,SO_ELEGIVEL,Bairro de Perdizes / Edificação Na Rua Cardoso de Almeida 1182,"Rua Cardoso de Almeida, 1182",Perdizes,,tombado,municipal,,,,2023-08-16,0210740019
SO_ELEGIVEL·sem dono,SO_ELEGIVEL,Bairro de Perdizes / Edificação Na Rua Cardoso de Almeida 1528,"Rua Cardoso de Almeida, 1528",Perdizes,,tombado,municipal,,,,2023-08-16,0210910038
SO_ELEGIVEL·sem dono,SO_ELEGIVEL,Bairro de Perdizes / Edificação Na Rua Cardoso de Almeida 520,"Rua Cardoso de Almeida, 520",Perdizes,,tombado,municipal,,,,2023-08-16,0210350032
SO_ELEGIVEL·sem dono,SO_ELEGIVEL,Bairro de Perdizes / Edificação Na Rua Doutor Homem de Melo 167,"Rua Doutor Homem de Melo, 167",Perdizes,,tombado,municipal,,,,2023-08-16,0110250031
SO_ELEGIVEL·sem dono,SO_ELEGIVEL,Bairro de Perdizes / Edificação Na Rua Doutor Homem de Melo 173,"Rua Doutor Homem de Melo, 173",Perdizes,,tombado,municipal,,,,2023-08-16,0110250032
SO_ELEGIVEL·sem dono,SO_ELEGIVEL,Bairro de Perdizes / Edificação Na Rua Doutor Homem de Melo 438,"Rua Doutor Homem de Melo, 438",Perdizes,,tombado,municipal,,,,2023-08-16,0210440033
SO_ELEGIVEL·sem dono,SO_ELEGIVEL,Bairro de Perdizes / Edificação Na Rua Doutor Homem de Melo 446,"Rua Doutor Homem de Melo, 446",Perdizes,,tombado,municipal,,,,2023-08-16,0210440032
SO_ELEGIVEL·sem dono,SO_ELEGIVEL,Bairro de Perdizes / Edificação Na Rua Doutor Homem de Melo 786,"Rua Doutor Homem de Melo, 786",Perdizes,,tombado,municipal,,,,2023-08-16,0210400074
SO_ELEGIVEL·sem dono,SO_ELEGIVEL,Bairro de Perdizes / Edificação Na Rua Itapicuru 381,"Rua Itapicuru, 381",Perdizes,,tombado,municipal,,,,2023-08-16,0210440006
SO_ELEGIVEL·sem dono,SO_ELEGIVEL,Bairro de Perdizes / Edificação Na Rua Itapicuru 402,"Rua Itapicuru, 402",Perdizes,,tombado,municipal,,,,2023-08-16,0210350023
SO_ELEGIVEL·sem dono,SO_ELEGIVEL,Bairro de Perdizes / Edificação Na Rua Minerva 156,"Rua Minerva, 156",Perdizes,,tombado,municipal,,,,2023-08-16,0210390051
SO_ELEGIVEL·sem dono,SO_ELEGIVEL,Bairro de Perdizes / Edificação Na Rua Monte Alegre 715,"Rua Monte Alegre, 715",Perdizes,,tombado,municipal,,,,2023-08-16,0210440031
SO_ELEGIVEL·sem dono,SO_ELEGIVEL,Conjunto Arquitetônico a Rua Carlos Vicari / Antiga Fábrica de Torrefação de Café e Refinaria de Açúcar Santa Efigênia,"Rua Carlos Vicari, 205, 211",Perdizes,,tombado,municipal,,,,2013-01-17,0220130083
SO_ELEGIVEL·sem dono,SO_ELEGIVEL,Pacaembu e Perdizes / Bairro de Perdizes / Edificação Na Rua Cardoso de Almeida 1065,"Rua Cardoso de Almeida, 1065",Perdizes,,tombado,municipal,,,,2023-08-16,0110240009
SO_ELEGIVEL·sem dono,SO_ELEGIVEL,Conjunto da Estação Ferroviária de Perus,Estrada Perus-pirapora,Perus,,tombado,municipal+estadual,,,,2015-06-12,1870000000
SO_ELEGIVEL·sem dono,SO_ELEGIVEL,Conjunto do Cemitério São Paulo / Edifício Administrativo Externo,"Rua Cardeal Arcoverde, 1217",Pinheiros,,tombado,municipal,,,,2023-01-19,0130590009
SO_ELEGIVEL·sem dono,SO_ELEGIVEL,Conjunto do Cemitério São Paulo / Área Murada,"Rua Cardeal Arcoverde, 1250",Pinheiros,,tombado,municipal,,,,2023-01-19,0812100001
SO_ELEGIVEL·sem dono,SO_ELEGIVEL,Prédios da Hípica / Área No Bairro de Pinheiros / Quadrilátero de Pinheiros,"Rua Navarro de Andrade, 20",Pinheiros,,tombado,municipal,,,,2018-08-01,0150180191
SO_ELEGIVEL·sem dono,SO_ELEGIVEL,Prédios da Hípica / Área No Bairro de Pinheiros / Quadrilátero de Pinheiros / Prédios de Pinheiros,"Rua Navarro de Andrade, 46, 72",Pinheiros,,tombado,municipal,,,,2018-08-01,0150180000
SO_ELEGIVEL·sem dono,SO_ELEGIVEL,Prédios da Hípica / Área No Bairro de Pinheiros / Quadrilátero de Pinheiros / Prédios de Pinheiros / Edifício Atlântico,"Rua Simão Álvares, 175, 201",Pinheiros,,tombado,municipal,,,,2018-08-01,0150340000
SO_ELEGIVEL·sem dono,SO_ELEGIVEL,Prédios da Hípica / Área No Bairro de Pinheiros / Quadrilátero de Pinheiros / Prédios de Pinheiros / Edifício Santa Marina,"Rua Benjamin Egas, 44, 66",Pinheiros,,tombado,municipal,,,,2018-08-01,0150200000
SO_ELEGIVEL·sem dono,SO_ELEGIVEL,Prédios da Hípica / Área No Bairro de Pinheiros / Quadrilátero de Pinheiros / Prédios de Pinheiros / Edifício Santa Mônica,"Avenida Pedroso de Morais, 318, 344",Pinheiros,,tombado,municipal,,,,2018-08-01,0150330000
SO_ELEGIVEL·sem dono,SO_ELEGIVEL,Prédios da Hípica / Área No Bairro de Pinheiros / Quadrilátero de Pinheiros / Prédios de Pinheiros / Edifício Santo Elias,"Rua Navarro de Andrade, 47, 71",Pinheiros,,tombado,municipal,,,,2018-08-01,0150190000
SO_ELEGIVEL·sem dono,SO_ELEGIVEL,Prédios da Hípica / Área No Bairro de Pinheiros / Quadrilátero de Pinheiros / Prédios de Pinheiros / Edifício Sumaia Farah,"Rua Teodoro Sampaio, 2305, 510, 514, 518",Pinheiros,,tombado,municipal,,,,2018-08-01,0150270000
SO_ELEGIVEL·sem dono,SO_ELEGIVEL,Prédios da Hípica / Área No Bairro de Pinheiros / Quadrilátero de Pinheiros / Prédios de Pinheiros / Edifício Sumaia Farah,"Rua Simão Alvares, 365, 371, 375, 2103, 2113, 2119, 2127, 2133, 2137, 2147, 2153, 2179, 346, 352, 356",Pinheiros,,tombado,municipal,,,,2018-08-01,0150280000
SO_ELEGIVEL·sem dono,SO_ELEGIVEL,Prédios da Hípica / Área No Bairro de Pinheiros / Quadrilátero de Pinheiros / Prédios de Pinheiros / Edifício Sumaia Farah,"Rua Teodoro Sampaio, 2237, 2241, 2245",Pinheiros,,tombado,municipal,,,,2018-08-01,0150270004
SO_ELEGIVEL·sem dono,SO_ELEGIVEL,Prédios da Hípica / Área No Bairro de Pinheiros / Quadrilátero de Pinheiros / Prédios de Pinheiros / Edifício São Jorge,"Rua Sebastião Velho, 163",Pinheiros,,tombado,municipal,,,,2018-08-01,0150320000
SO_ELEGIVEL·sem dono,SO_ELEGIVEL,Prédios da Hípica / Área No Bairro de Pinheiros / Quadrilátero de Pinheiros / Prédios de Pinheiros / Edifício São Judas Tadeu,"Rua Mourato Coelho, 195, 217, 21",Pinheiros,,tombado,municipal,,,,2018-08-01,0150210000
SO_ELEGIVEL·sem dono,SO_ELEGIVEL,Antiga Escola de Primeiras Letras / Bairro da Bela Vista,"Rua Aguiar de Barros, 160, 487",República,,tombado,municipal+estadual,,,,2002-05-18,0060530030
SO_ELEGIVEL·sem dono,SO_ELEGIVEL,Antigo Bar Soberano / Bairro de Santa Ifigênia / Revisão 2018,"Rua do Triunfo, 155, 159",República,,tombado,estadual,,,,,0080750019
SO_ELEGIVEL·sem dono,SO_ELEGIVEL,Antigo Hotel do Comércio / Bairro de Santa Ifigênia,"Avenida Casper Líbero, 654, 488, 490, 494, 500, 506, 512",República,,tombado,estadual+federal,,,,,0010200034
SO_ELEGIVEL·sem dono,SO_ELEGIVEL,Bairro da Bela Vista,"Rua Doutor Ricardo Batista 44, 50, 52, 62, 597",República,,tombado,municipal,,,,2002-12-14,0060380000
SO_ELEGIVEL·sem dono,SO_ELEGIVEL,Bairro da Bela Vista,"Rua Doutor Ricardo Batista, 109, 113, 125",República,,tombado,municipal,,,,2002-12-14,0060390019
SO_ELEGIVEL·sem dono,SO_ELEGIVEL,Bairro da Bela Vista,"Rua Japurá, 327",República,,tombado,municipal,,,,2002-12-14,0060570026
SO_ELEGIVEL·sem dono,SO_ELEGIVEL,Bairro da Bela Vista,"Rua Abolição, 392",República,,tombado,municipal,,,,2002-12-14,0060490002
SO_ELEGIVEL·sem dono,SO_ELEGIVEL,Bairro da Bela Vista,"Rua Jandaia, 154",República,,tombado,municipal,,,,2002-12-14,0050350000
SO_ELEGIVEL·sem dono,SO_ELEGIVEL,Bairro da Bela Vista,"Rua Doutor Ricardo Batista, 34",República,,tombado,municipal,,,,2002-12-14,0060380030
SO_ELEGIVEL·sem dono,SO_ELEGIVEL,Bairro da Bela Vista,"Rua Santo Amaro, 456",República,,tombado,municipal,,,,2002-12-14,0060570001
SO_ELEGIVEL·sem dono,SO_ELEGIVEL,Bairro da Bela Vista,"Rua Doutor Nestor Esteves Natividade, 17",República,,tombado,municipal,,,,2002-12-14,0060570031
SO_ELEGIVEL·sem dono,SO_ELEGIVEL,Bairro da Bela Vista,"Rua Santo Antônio, 663, 665, 669, 671",República,,tombado,municipal,,,,2002-12-14,0060380016
SO_ELEGIVEL·sem dono,SO_ELEGIVEL,Bairro da Bela Vista,"Rua Doutor Nestor Esteves Natividade, 9",República,,tombado,municipal,,,,2002-12-14,0060570035
SO_ELEGIVEL·sem dono,SO_ELEGIVEL,Bairro da Bela Vista,"Rua Japurá, 323",República,,tombado,municipal,,,,2002-12-14,0060570027
SO_ELEGIVEL·sem dono,SO_ELEGIVEL,Bairro da Bela Vista,"Rua Jardim Francisco Marcos, 161",República,,tombado,municipal,,,,2002-12-14,0060490028
SO_ELEGIVEL·sem dono,SO_ELEGIVEL,Bairro da Bela Vista,"Rua Doutor Nestor Esteves Natividade, 11",República,,tombado,municipal,,,,2002-12-14,0060570034
SO_ELEGIVEL·sem dono,SO_ELEGIVEL,Bairro da Bela Vista,"Rua Abolição, 292",República,,tombado,municipal,,,,2002-12-14,0060480042
SO_ELEGIVEL·sem dono,SO_ELEGIVEL,Bairro da Bela Vista,"Rua Conselheiro Ramalho, 169, 173",República,,tombado,municipal,,,,2002-12-14,0060470114
SO_ELEGIVEL·sem dono,SO_ELEGIVEL,Bairro da Bela Vista,"Rua Abolição, 290",República,,tombado,municipal,,,,2002-12-14,0060480043
SO_ELEGIVEL·sem dono,SO_ELEGIVEL,Bairro da Bela Vista,"Rua Genebra, 132",República,,tombado,municipal,,,,2002-12-14,0060530059
SO_ELEGIVEL·sem dono,SO_ELEGIVEL,Bairro da Bela Vista,"Rua Conselheiro Ramalho, 67, 141",República,,tombado,municipal,,,,2002-12-14,0060390020
SO_ELEGIVEL·sem dono,SO_ELEGIVEL,Bairro da Bela Vista,"Rua São Domingos, 309",República,,tombado,municipal,,,,2002-12-14,0060730017
SO_ELEGIVEL·sem dono,SO_ELEGIVEL,Bairro da Bela Vista,"Avenida Brigadeiro Luís Antônio, 384, 388, 392",República,,tombado,municipal,,,,2002-12-14,0050240000
SO_ELEGIVEL·sem dono,SO_ELEGIVEL,Bairro da Bela Vista,"Rua Major Diogo, 275, 277, 279",República,,tombado,municipal,,,,2002-12-14,0060480010
SO_ELEGIVEL·sem dono,SO_ELEGIVEL,Bairro da Bela Vista,"Rua Japurá, 330",República,,tombado,municipal,,,,2002-12-14,0060560073
SO_ELEGIVEL·sem dono,SO_ELEGIVEL,Bairro da Bela Vista,"Rua Jardim Heloísa, 43, 45",República,,tombado,municipal,,,,2002-12-14,0060550000
SO_ELEGIVEL·sem dono,SO_ELEGIVEL,Bairro da Bela Vista,"Rua Doutor Ricardo Batista, 67",República,,tombado,municipal,,,,2002-12-14,0060390012
SO_ELEGIVEL·sem dono,SO_ELEGIVEL,Bairro da Bela Vista,"Rua Conselheiro Ramalho, 170, 172",República,,tombado,municipal,,,,2002-12-14,0060730009
SO_ELEGIVEL·sem dono,SO_ELEGIVEL,Bairro da Bela Vista,"Rua Aguiar de Barros, 67",República,,tombado,municipal,,,,2002-12-14,0050340020
SO_ELEGIVEL·sem dono,SO_ELEGIVEL,Bairro da Bela Vista,"Rua São Domingos, 242",República,,tombado,municipal,,,,2002-12-14,0060390028
SO_ELEGIVEL·sem dono,SO_ELEGIVEL,Bairro da Bela Vista,"Rua Conselheiro Ramalho, 108, 110, 288, 292",República,,tombado,municipal,,,,2002-12-14,0060680017
SO_ELEGIVEL·sem dono,SO_ELEGIVEL,Bairro da Bela Vista,"Rua Doutor Nestor Esteves Natividade, 10",República,,tombado,municipal,,,,2002-12-14,0060510038
SO_ELEGIVEL·sem dono,SO_ELEGIVEL,Bairro da Bela Vista,"Rua Francisca Miquelina, 39, 67",República,,tombado,municipal,,,,2002-12-14,0050240050
SO_ELEGIVEL·sem dono,SO_ELEGIVEL,Bairro da Bela Vista,"Rua Conselheiro Ramalho, 106",República,,tombado,municipal,,,,2002-12-14,0060680018
SO_ELEGIVEL·sem dono,SO_ELEGIVEL,Bairro da Bela Vista,"Rua Abolição, 306",República,,tombado,municipal,,,,2002-12-14,0060480040
SO_ELEGIVEL·sem dono,SO_ELEGIVEL,Bairro da Bela Vista,"Rua Jardim Francisco Marcos, 81",República,,tombado,municipal,,,,2002-12-14,0060490018
SO_ELEGIVEL·sem dono,SO_ELEGIVEL,Bairro da Bela Vista,"Rua Abolição, 414",República,,tombado,municipal,,,,2002-12-14,0060480025
SO_ELEGIVEL·sem dono,SO_ELEGIVEL,Bairro da Bela Vista,"Rua do Bixiga, 32",República,,tombado,municipal,,,,2002-12-14,0060570013
SO_ELEGIVEL·sem dono,SO_ELEGIVEL,Bairro da Bela Vista,"Rua do Bixiga, 58",República,,tombado,municipal,,,,2002-12-14,0060570018
SO_ELEGIVEL·sem dono,SO_ELEGIVEL,Bairro da Bela Vista,"Rua Abolição, 353, 357, 359",República,,tombado,municipal,,,,2002-12-14,0060560049
SO_ELEGIVEL·sem dono,SO_ELEGIVEL,Bairro da Bela Vista,"Rua Maria Paula, 155, 161, 167, 173",República,,tombado,municipal,,,,2002-12-14,0050230000
SO_ELEGIVEL·sem dono,SO_ELEGIVEL,Bairro da Bela Vista,"Rua Japurá, 375",República,,tombado,municipal,,,,2002-12-14,0060560083
SO_ELEGIVEL·sem dono,SO_ELEGIVEL,Bairro da Bela Vista,"Rua Japurá, 274",República,,tombado,municipal,,,,2002-12-14,0060560064
SO_ELEGIVEL·sem dono,SO_ELEGIVEL,Bairro da Bela Vista,"Rua Doutor Nestor Esteves Natividade, 4",República,,tombado,municipal,,,,2002-12-14,0060510035
SO_ELEGIVEL·sem dono,SO_ELEGIVEL,Bairro da Bela Vista,"Rua Comendador José Xavier Gouveia, 20",República,,tombado,municipal,,,,2002-12-14,0060560055
SO_ELEGIVEL·sem dono,SO_ELEGIVEL,Bairro da Bela Vista,"Rua Doutor Ricardo Batista, 75",República,,tombado,municipal,,,,2002-12-14,0060390014
SO_ELEGIVEL·sem dono,SO_ELEGIVEL,Bairro da Bela Vista,"Rua São Domingos, 330, 332",República,,tombado,municipal,,,,2002-12-14,0060680288
SO_ELEGIVEL·sem dono,SO_ELEGIVEL,Bairro da Bela Vista,"Rua Abolição, 321",República,,tombado,municipal,,,,2002-12-14,0060560054
SO_ELEGIVEL·sem dono,SO_ELEGIVEL,Bairro da Bela Vista,"Rua Abolição, 327",República,,tombado,municipal,,,,2002-12-14,0060560053
SO_ELEGIVEL·sem dono,SO_ELEGIVEL,Bairro da Bela Vista,"Rua Major Diogo, 353",República,,tombado,municipal+estadual,,,,2002-12-14,0060480016
SO_ELEGIVEL·sem dono,SO_ELEGIVEL,Bairro da Bela Vista,"Rua Jardim Francisco Marcos, 105",República,,tombado,municipal,,,,2002-12-14,0060490023
SO_ELEGIVEL·sem dono,SO_ELEGIVEL,Bairro da Bela Vista,"Rua Abolição, 333",República,,tombado,municipal,,,,2002-12-14,0060560052
SO_ELEGIVEL·sem dono,SO_ELEGIVEL,Bairro da Bela Vista,"Rua Doutor Ricardo Batista, 97",República,,tombado,municipal,,,,2002-12-14,0060390016
SO_ELEGIVEL·sem dono,SO_ELEGIVEL,Bairro da Bela Vista,"Rua Santo Amaro, 458, 460",República,,tombado,municipal,,,,2002-12-14,0060570002
SO_ELEGIVEL·sem dono,SO_ELEGIVEL,Bairro da Bela Vista,"Rua Doutor Nestor Esteves Natividade, 1",República,,tombado,municipal,,,,2002-12-14,0060570039
SO_ELEGIVEL·sem dono,SO_ELEGIVEL,Bairro da Bela Vista,"Rua Santo Amaro, 496",República,,tombado,municipal,,,,2002-12-14,0060570009
SO_ELEGIVEL·sem dono,SO_ELEGIVEL,Bairro da Bela Vista,"Rua Doutor Nestor Esteves Natividade, 21",República,,tombado,municipal,,,,2002-12-14,0060570029
SO_ELEGIVEL·sem dono,SO_ELEGIVEL,Bairro da Bela Vista,"Rua Abolição, 469, 471, 473",República,,tombado,municipal,,,,2002-12-14,0060560035
SO_ELEGIVEL·sem dono,SO_ELEGIVEL,Bairro da Bela Vista,"Rua Doutor Nestor Esteves Natividade, 19",República,,tombado,municipal,,,,2002-12-14,0060570030
SO_ELEGIVEL·sem dono,SO_ELEGIVEL,Bairro da Bela Vista,"Rua Abolição, 332",República,,tombado,municipal,,,,2002-12-14,0060490011
SO_ELEGIVEL·sem dono,SO_ELEGIVEL,Bairro da Bela Vista,"Rua Jardim Francisco Marcos, 101",República,,tombado,municipal,,,,2002-12-14,0060490022
SO_ELEGIVEL·sem dono,SO_ELEGIVEL,Bairro da Bela Vista,"Rua Jandaia, 142",República,,tombado,municipal,,,,2002-12-14,0050350034
SO_ELEGIVEL·sem dono,SO_ELEGIVEL,Bairro da Bela Vista,"Rua Conselheiro Ramalho, 152",República,,tombado,municipal,,,,2002-12-14,0060730013
SO_ELEGIVEL·sem dono,SO_ELEGIVEL,Bairro da Bela Vista,"Rua Doutor Ricardo Batista, 83",República,,tombado,municipal,,,,2002-12-14,0060390015
SO_ELEGIVEL·sem dono,SO_ELEGIVEL,Bairro da Bela Vista,"Rua Doutor Ricardo Batista, 36",República,,tombado,municipal,,,,2002-12-14,0060380029
SO_ELEGIVEL·sem dono,SO_ELEGIVEL,Bairro da Bela Vista,"Rua São Domingos, 223, 229",República,,tombado,municipal,,,,2002-12-14,0060470122
SO_ELEGIVEL·sem dono,SO_ELEGIVEL,Bairro da Bela Vista,"Rua Abolição, 358",República,,tombado,municipal,,,,2002-12-14,0060490007
SO_ELEGIVEL·sem dono,SO_ELEGIVEL,Bairro da Bela Vista,"Rua Jardim Francisco Marcos, 95",República,,tombado,municipal,,,,2002-12-14,0060490021
SO_ELEGIVEL·sem dono,SO_ELEGIVEL,Bairro da Bela Vista,"Rua Abolição, 380",República,,tombado,municipal,,,,2002-12-14,0060490004
SO_ELEGIVEL·sem dono,SO_ELEGIVEL,Bairro da Bela Vista,"Rua Conselheiro Ramalho, 164, 166",República,,tombado,municipal,,,,2002-12-14,0060730010
SO_ELEGIVEL·sem dono,SO_ELEGIVEL,Bairro da Bela Vista,"Rua do Bixiga, 67",República,,tombado,municipal,,,,2002-12-14,0060560089
SO_ELEGIVEL·sem dono,SO_ELEGIVEL,Bairro da Bela Vista,"Rua do Bixiga, 92",República,,tombado,municipal,,,,2002-12-14,0060570022
SO_ELEGIVEL·sem dono,SO_ELEGIVEL,Bairro da Bela Vista,"Rua do Bixiga, 73",República,,tombado,municipal,,,,2002-12-14,0060560088
SO_ELEGIVEL·sem dono,SO_ELEGIVEL,Bairro da Bela Vista,"Rua Jandaia, 130",República,,tombado,municipal,,,,2002-12-14,0050350035
SO_ELEGIVEL·sem dono,SO_ELEGIVEL,Bairro da Bela Vista,"Rua Japurá, 356",República,,tombado,municipal,,,,2002-12-14,0060560078
SO_ELEGIVEL·sem dono,SO_ELEGIVEL,Bairro da Bela Vista,"Rua Genebra, 144, 146",República,,tombado,municipal,,,,2002-12-14,0060530057
SO_ELEGIVEL·sem dono,SO_ELEGIVEL,Bairro da Bela Vista,"Rua Abolição, 328",República,,tombado,municipal,,,,2002-12-14,0060490012
SO_ELEGIVEL·sem dono,SO_ELEGIVEL,Bairro da Bela Vista,"Rua Japurá, 376",República,,tombado,municipal,,,,2002-12-14,0060560082
SO_ELEGIVEL·sem dono,SO_ELEGIVEL,Bairro da Bela Vista,"Rua Jardim Francisco Marcos, 65",República,,tombado,municipal,,,,2002-12-14,0060490015
SO_ELEGIVEL·sem dono,SO_ELEGIVEL,Bairro da Bela Vista,"Rua Genebra, 302, 308",República,,tombado,municipal,,,,2002-12-14,0060530033
SO_ELEGIVEL·sem dono,SO_ELEGIVEL,Bairro da Bela Vista,"Rua Japurá, 282",República,,tombado,municipal,,,,2002-12-14,0060560065
SO_ELEGIVEL·sem dono,SO_ELEGIVEL,Bairro da Bela Vista,"Rua Abolição, 418, 420",República,,tombado,municipal,,,,2002-12-14,0060480024
SO_ELEGIVEL·sem dono,SO_ELEGIVEL,Bairro da Bela Vista,"Rua Jandaia, 122",República,,tombado,municipal,,,,2002-12-14,0050350037
SO_ELEGIVEL·sem dono,SO_ELEGIVEL,Bairro da Bela Vista,"Rua do Bixiga, 47",República,,tombado,municipal,,,,2002-12-14,0060560093
SO_ELEGIVEL·sem dono,SO_ELEGIVEL,Bairro da Bela Vista,"Rua Francisca Miquelina, 297",República,,tombado,municipal,,,,2002-12-14,0050340000
SO_ELEGIVEL·sem dono,SO_ELEGIVEL,Bairro da Bela Vista,"Rua Comendador José Xavier Gouveia, 40",República,,tombado,municipal,,,,2002-12-14,0060560059
SO_ELEGIVEL·sem dono,SO_ELEGIVEL,Bairro da Bela Vista,"Rua Comendador José Xavier Gouveia, 44",República,,tombado,municipal,,,,2002-12-14,0060560060
SO_ELEGIVEL·sem dono,SO_ELEGIVEL,Bairro da Bela Vista,"Rua Jandaia, 128, 128",República,,tombado,municipal,,,,2002-12-14,0050350036
SO_ELEGIVEL·sem dono,SO_ELEGIVEL,Bairro da Bela Vista,"Rua Japurá, 331",República,,tombado,municipal,,,,2002-12-14,0060570025
SO_ELEGIVEL·sem dono,SO_ELEGIVEL,Bairro da Bela Vista,"Rua do Bixiga, 64",República,,tombado,municipal,,,,2002-12-14,0060570019
SO_ELEGIVEL·sem dono,SO_ELEGIVEL,Bairro da Bela Vista,"Rua Jardim Francisco Marcos, 113",República,,tombado,municipal,,,,2002-12-14,0060490024
SO_ELEGIVEL·sem dono,SO_ELEGIVEL,Bairro da Bela Vista,"Rua Jardim Francisco Marcos, 71",República,,tombado,municipal,,,,2002-12-14,0060490030
SO_ELEGIVEL·sem dono,SO_ELEGIVEL,Bairro da Bela Vista,"Rua do Bixiga, 63",República,,tombado,municipal,,,,2002-12-14,0060560090
SO_ELEGIVEL·sem dono,SO_ELEGIVEL,Bairro da Bela Vista,"Rua Abolição, 370",República,,tombado,municipal,,,,2002-12-14,0060490005
SO_ELEGIVEL·sem dono,SO_ELEGIVEL,Bairro da Bela Vista,"Rua Doutor Ricardo Batista, 44",República,,tombado,municipal,,,,2002-12-14,0060380028
SO_ELEGIVEL·sem dono,SO_ELEGIVEL,Bairro da Bela Vista,"Rua Doutor Nestor Esteves Natividade, 3",República,,tombado,municipal,,,,2002-12-14,0060570038
SO_ELEGIVEL·sem dono,SO_ELEGIVEL,Bairro da Bela Vista,"Rua do Bixiga, 54",República,,tombado,municipal,,,,2002-12-14,0060570017
SO_ELEGIVEL·sem dono,SO_ELEGIVEL,Bairro da Bela Vista,"Rua Japurá, 341",República,,tombado,municipal,,,,2002-12-14,0060570023
SO_ELEGIVEL·sem dono,SO_ELEGIVEL,Bairro da Bela Vista,"Rua Japurá, 322",República,,tombado,municipal,,,,2002-12-14,0060560072
SO_ELEGIVEL·sem dono,SO_ELEGIVEL,Bairro da Bela Vista,"Rua Japurá, 369",República,,tombado,municipal,,,,2002-12-14,0060560084
SO_ELEGIVEL·sem dono,SO_ELEGIVEL,Bairro da Bela Vista,"Rua Japurá, 316, 316",República,,tombado,municipal,,,,2002-12-14,0060560071
SO_ELEGIVEL·sem dono,SO_ELEGIVEL,Bairro da Bela Vista,"Rua Jardim Francisco Marcos, 25",República,,tombado,municipal,,,,2002-12-14,0060490013
SO_ELEGIVEL·sem dono,SO_ELEGIVEL,Bairro da Bela Vista,"Rua Abolição, 342",República,,tombado,municipal,,,,2002-12-14,0060490010
SO_ELEGIVEL·sem dono,SO_ELEGIVEL,Bairro da Bela Vista,"Rua do Bixiga, 93",República,,tombado,municipal,,,,2002-12-14,0060560086
SO_ELEGIVEL·sem dono,SO_ELEGIVEL,Bairro da Bela Vista,"Rua Conselheiro Ramalho, 47",República,,tombado,municipal,,,,2002-12-14,0060380020
SO_ELEGIVEL·sem dono,SO_ELEGIVEL,Bairro da Bela Vista,"Rua São Domingos, 250",República,,tombado,municipal,,,,2002-12-14,0060390045
SO_ELEGIVEL·sem dono,SO_ELEGIVEL,Bairro da Bela Vista,"Rua Abolição, 366",República,,tombado,municipal,,,,2002-12-14,0060490006
SO_ELEGIVEL·sem dono,SO_ELEGIVEL,Bairro da Bela Vista,"Rua Santo Amaro, 502, 504",República,,tombado,municipal,,,,2002-12-14,0060570010
SO_ELEGIVEL·sem dono,SO_ELEGIVEL,Bairro da Bela Vista,"Rua Japurá, 335",República,,tombado,municipal,,,,2002-12-14,0060570024
SO_ELEGIVEL·sem dono,SO_ELEGIVEL,Bairro da Bela Vista,"Rua Conselheiro Ramalho, 146, 150",República,,tombado,municipal,,,,2002-12-14,0060730014
SO_ELEGIVEL·sem dono,SO_ELEGIVEL,Bairro da Bela Vista,"Rua Asdrúbal do Nascimento, 500, 502",República,,tombado,municipal,,,,2002-12-14,0050350049
SO_ELEGIVEL·sem dono,SO_ELEGIVEL,Bairro da Bela Vista,"Rua Maria Paula, 229, 239, 243, 249, 259, 265, 279, 223",República,,tombado,municipal,,,,2002-12-14,0060530000
SO_ELEGIVEL·sem dono,SO_ELEGIVEL,Bairro da Bela Vista,"Rua Jardim Francisco Marcos, 127",República,,tombado,municipal,,,,2002-12-14,0060490027
SO_ELEGIVEL·sem dono,SO_ELEGIVEL,Bairro da Bela Vista,"Rua Jardim Francisco Marcos, 117",República,,tombado,municipal,,,,2002-12-14,0060490025
SO_ELEGIVEL·sem dono,SO_ELEGIVEL,Bairro da Bela Vista,"Rua Quatorze de Julho, 90, 92",República,,tombado,municipal,,,,2002-12-14,0060470065
SO_ELEGIVEL·sem dono,SO_ELEGIVEL,Bairro da Bela Vista,"Rua Doutor Ricardo Batista, 73",República,,tombado,municipal,,,,2002-12-14,0060390013
SO_ELEGIVEL·sem dono,SO_ELEGIVEL,Bairro da Bela Vista,"Rua Japurá, 336",República,,tombado,municipal,,,,2002-12-14,0060560074
SO_ELEGIVEL·sem dono,SO_ELEGIVEL,Bairro da Bela Vista,"Rua Jandaia, 162",República,,tombado,municipal,,,,2002-12-14,0050350031
SO_ELEGIVEL·sem dono,SO_ELEGIVEL,Bairro da Bela Vista,"Rua Doutor Ricardo Batista, 49",República,,tombado,municipal,,,,2002-12-14,0060390011
SO_ELEGIVEL·sem dono,SO_ELEGIVEL,Bairro da Bela Vista,"Rua Conselheiro Ramalho, 79",República,,tombado,municipal,,,,2002-12-14,0060390021
SO_ELEGIVEL·sem dono,SO_ELEGIVEL,Bairro da Bela Vista,"Rua Conselheiro Ramalho, 182, 186",República,,tombado,municipal,,,,2002-12-14,0060730007
SO_ELEGIVEL·sem dono,SO_ELEGIVEL,Bairro da Bela Vista,"Rua Doutor Ricardo Batista, 101",República,,tombado,municipal,,,,2002-12-14,0060390017
SO_ELEGIVEL·sem dono,SO_ELEGIVEL,Bairro da Bela Vista,"Rua Santo Antônio, 675",República,,tombado,municipal,,,,2002-12-14,0060380017
SO_ELEGIVEL·sem dono,SO_ELEGIVEL,Bairro da Bela Vista,"Rua Major Diogo, 91",República,,tombado,municipal,,,,2002-12-14,0060400039
SO_ELEGIVEL·sem dono,SO_ELEGIVEL,Bairro da Bela Vista,"Rua São Domingos, 315, 319",República,,tombado,municipal,,,,2002-12-14,0060730020
SO_ELEGIVEL·sem dono,SO_ELEGIVEL,Bairro da Bela Vista,"Rua Doutor Nestor Esteves Natividade, 13",República,,tombado,municipal,,,,2002-12-14,0060570033
SO_ELEGIVEL·sem dono,SO_ELEGIVEL,Bairro da Bela Vista,"Rua Abolição, 310",República,,tombado,municipal,,,,2002-12-14,0060480039
SO_ELEGIVEL·sem dono,SO_ELEGIVEL,Bairro da Bela Vista,"Rua do Bixiga, 74",República,,tombado,municipal,,,,2002-12-14,0060570021
SO_ELEGIVEL·sem dono,SO_ELEGIVEL,Bairro da Bela Vista,"Rua Doutor Ricardo Batista, 103",República,,tombado,municipal,,,,2002-12-14,0060390018
SO_ELEGIVEL·sem dono,SO_ELEGIVEL,Bairro da Bela Vista,"Rua Doutor Nestor Esteves Natividade, 6",República,,tombado,municipal,,,,2002-12-14,0060510036
SO_ELEGIVEL·sem dono,SO_ELEGIVEL,Bairro da Bela Vista,"Rua do Bixiga, 53",República,,tombado,municipal,,,,2002-12-14,0060560092
SO_ELEGIVEL·sem dono,SO_ELEGIVEL,Bairro da Bela Vista,"Rua Japurá, 306, 310",República,,tombado,municipal,,,,2002-12-14,0060560070
SO_ELEGIVEL·sem dono,SO_ELEGIVEL,Bairro da Bela Vista,"Rua Abolição, 460, 13",República,,tombado,municipal,,,,2002-12-14,0060550011
SO_ELEGIVEL·sem dono,SO_ELEGIVEL,Bairro da Bela Vista,"Rua Jandaia, 18",República,,tombado,municipal,,,,2002-12-14,0050350048
SO_ELEGIVEL·sem dono,SO_ELEGIVEL,Bairro da Bela Vista,"Rua Comendador José Xavier Gouveia, 36",República,,tombado,municipal,,,,2002-12-14,0060560058
SO_ELEGIVEL·sem dono,SO_ELEGIVEL,Bairro da Bela Vista,"Rua Genebra, 150",República,,tombado,municipal,,,,2002-12-14,0060530056
SO_ELEGIVEL·sem dono,SO_ELEGIVEL,Bairro da Bela Vista,"Rua Major Diogo, 64, 66, 68, 70, 40, 70",República,,tombado,municipal,,,,2002-12-14,0060380140
SO_ELEGIVEL·sem dono,SO_ELEGIVEL,Bairro da Bela Vista,"Rua Comendador José Xavier Gouveia, 32",República,,tombado,municipal,,,,2002-12-14,0060560057
SO_ELEGIVEL·sem dono,SO_ELEGIVEL,Bairro da Bela Vista,"Avenida Brigadeiro Luís Antônio, 453, 453",República,,tombado,municipal,,,,2002-12-14,0050350022
SO_ELEGIVEL·sem dono,SO_ELEGIVEL,Bairro da Bela Vista,"Rua Jandaia, 112",República,,tombado,municipal,,,,2002-12-14,0050350038
SO_ELEGIVEL·sem dono,SO_ELEGIVEL,Bairro da Bela Vista,"Rua Jandaia, 150",República,,tombado,municipal,,,,2002-12-14,0050350033
SO_ELEGIVEL·sem dono,SO_ELEGIVEL,Bairro da Bela Vista,"Rua Doutor Nestor Esteves Natividade, 5",República,,tombado,municipal,,,,2002-12-14,0060570037
SO_ELEGIVEL·sem dono,SO_ELEGIVEL,Bairro da Bela Vista,"Rua Doutor Nestor Esteves Natividade, 2",República,,tombado,municipal,,,,2002-12-14,0060510034
SO_ELEGIVEL·sem dono,SO_ELEGIVEL,Bairro da Bela Vista,"Rua Conselheiro Ramalho, 174",República,,tombado,municipal,,,,2002-12-14,0060730008
SO_ELEGIVEL·sem dono,SO_ELEGIVEL,Bairro da Bela Vista,"Rua Jandaia, 180",República,,tombado,municipal,,,,2002-12-14,0050350029
SO_ELEGIVEL·sem dono,SO_ELEGIVEL,Bairro da Bela Vista,"Rua São Domingos, 307",República,,tombado,municipal,,,,2002-12-14,0060730016
SO_ELEGIVEL·sem dono,SO_ELEGIVEL,Bairro da Bela Vista,"Rua Genebra, 256, 256, 258",República,,tombado,municipal,,,,2002-12-14,0060530039
SO_ELEGIVEL·sem dono,SO_ELEGIVEL,Bairro da Bela Vista,"Rua do Bixiga, 77",República,,tombado,municipal,,,,2002-12-14,0060560087
SO_ELEGIVEL·sem dono,SO_ELEGIVEL,Bairro da Bela Vista,"Rua São Domingos, 231, 237",República,,tombado,municipal,,,,2002-12-14,0060470121
SO_ELEGIVEL·sem dono,SO_ELEGIVEL,Bairro da Bela Vista,"Rua Abolição, 302",República,,tombado,municipal,,,,2002-12-14,0060480041
SO_ELEGIVEL·sem dono,SO_ELEGIVEL,Bairro da Bela Vista,"Rua Abolição, 384",República,,tombado,municipal,,,,2002-12-14,0060490003
SO_ELEGIVEL·sem dono,SO_ELEGIVEL,Bairro da Bela Vista,"Praça General Craveiro Lopes, 19, 25, 29, 41, 16, 20, 155, 159, 6",República,,tombado,municipal,,,,2002-12-14,0060630000
SO_ELEGIVEL·sem dono,SO_ELEGIVEL,Bairro da Bela Vista,"Rua Japurá, 366",República,,tombado,municipal,,,,2002-12-14,0060560080
SO_ELEGIVEL·sem dono,SO_ELEGIVEL,Bairro da Bela Vista,"Rua Genebra, 126",República,,tombado,municipal,,,,2002-12-14,0060530060
SO_ELEGIVEL·sem dono,SO_ELEGIVEL,Bairro da Bela Vista,"Rua Japurá, 370",República,,tombado,municipal,,,,2002-12-14,0060560081
SO_ELEGIVEL·sem dono,SO_ELEGIVEL,Bairro da Bela Vista,"Rua Jandaia, 30",República,,tombado,municipal,,,,2002-12-14,0050350046
SO_ELEGIVEL·sem dono,SO_ELEGIVEL,Bairro da Bela Vista,"Rua do Bixiga, 38",República,,tombado,municipal,,,,2002-12-14,0060570014
SO_ELEGIVEL·sem dono,SO_ELEGIVEL,Bairro da Bela Vista,"Rua Abolição, 461, 463",República,,tombado,municipal,,,,2002-12-14,0060560036
SO_ELEGIVEL·sem dono,SO_ELEGIVEL,Bairro da Bela Vista,"Rua Aguiar de Barros, 173, 499, 505",República,,tombado,municipal,,,,2002-12-14,0060580000
SO_ELEGIVEL·sem dono,SO_ELEGIVEL,Bairro da Bela Vista,"Rua Doutor Nestor Esteves Natividade, 36, 38",República,,tombado,municipal,,,,2002-12-14,0060510527
SO_ELEGIVEL·sem dono,SO_ELEGIVEL,Bairro da Bela Vista,"Rua Jardim Francisco Marcos, 123",República,,tombado,municipal,,,,2002-12-14,0060490026
SO_ELEGIVEL·sem dono,SO_ELEGIVEL,Bairro da Bela Vista,"Rua Japurá, 292",República,,tombado,municipal,,,,2002-12-14,0060560067
SO_ELEGIVEL·sem dono,SO_ELEGIVEL,Bairro da Bela Vista,"Rua Japurá, 288",República,,tombado,municipal,,,,2002-12-14,0060560066
SO_ELEGIVEL·sem dono,SO_ELEGIVEL,Bairro da Bela Vista,"Rua Doutor Nestor Esteves Natividade, 7",República,,tombado,municipal,,,,2002-12-14,0060570036
SO_ELEGIVEL·sem dono,SO_ELEGIVEL,Bairro da Bela Vista,"Rua Santo Amaro, 506",República,,tombado,municipal,,,,2002-12-14,0060570011
SO_ELEGIVEL·sem dono,SO_ELEGIVEL,Bairro da Bela Vista,"Rua do Bixiga, 42",República,,tombado,municipal,,,,2002-12-14,0060570015
SO_ELEGIVEL·sem dono,SO_ELEGIVEL,Bairro da Bela Vista,"Rua Abolição, 363, 367",República,,tombado,municipal,,,,2002-12-14,0060560048
SO_ELEGIVEL·sem dono,SO_ELEGIVEL,Bairro da Bela Vista,"Rua São Domingos, 234, 238",República,,tombado,municipal,,,,2002-12-14,0060390029
SO_ELEGIVEL·sem dono,SO_ELEGIVEL,Bairro da Bela Vista,"Rua Genebra, 136, 136",República,,tombado,municipal,,,,2002-12-14,0060530058
SO_ELEGIVEL·sem dono,SO_ELEGIVEL,Bairro da Bela Vista,"Rua Jandaia, 20",República,,tombado,municipal,,,,2002-12-14,0050350047
SO_ELEGIVEL·sem dono,SO_ELEGIVEL,Bairro da Bela Vista,"Rua do Bixiga, 68",República,,tombado,municipal,,,,2002-12-14,0060570020
SO_ELEGIVEL·sem dono,SO_ELEGIVEL,Bairro da Bela Vista,"Rua Jardim Francisco Marcos, 85",República,,tombado,municipal,,,,2002-12-14,0060490019
SO_ELEGIVEL·sem dono,SO_ELEGIVEL,Bairro da Bela Vista,"Rua Abolição, 344",República,,tombado,municipal,,,,2002-12-14,0060490009
SO_ELEGIVEL·sem dono,SO_ELEGIVEL,Bairro da Bela Vista,"Rua Japurá, 268",República,,tombado,municipal,,,,2002-12-14,0060560062
SO_ELEGIVEL·sem dono,SO_ELEGIVEL,Bairro da Bela Vista,"Rua Japurá, 272",República,,tombado,municipal,,,,2002-12-14,0060560063
SO_ELEGIVEL·sem dono,SO_ELEGIVEL,Bairro da Bela Vista,"Rua Comendador José Xavier Gouveia, 50",República,,tombado,municipal,,,,2002-12-14,0060560061
SO_ELEGIVEL·sem dono,SO_ELEGIVEL,Bairro da Bela Vista,"Rua Doutor Nestor Esteves Natividade, 42",República,,tombado,municipal,,,,2002-12-14,0060510526
SO_ELEGIVEL·sem dono,SO_ELEGIVEL,Bairro da Bela Vista,"Rua do Bixiga, 48",República,,tombado,municipal,,,,2002-12-14,0060570016
SO_ELEGIVEL·sem dono,SO_ELEGIVEL,Bairro da Bela Vista,"Rua Asdrúbal do Nascimento, 488, 490, 494",República,,tombado,municipal,,,,2002-12-14,0050350050
SO_ELEGIVEL·sem dono,SO_ELEGIVEL,Bairro da Bela Vista,"Rua do Bixiga, 57",República,,tombado,municipal,,,,2002-12-14,0060560091
SO_ELEGIVEL·sem dono,SO_ELEGIVEL,Bairro da Bela Vista,"Rua Conselheiro Ramalho, 163, 165",República,,tombado,municipal,,,,2002-12-14,0060470115
SO_ELEGIVEL·sem dono,SO_ELEGIVEL,Bairro da Bela Vista,"Avenida Brigadeiro Luís Antônio, 256, 23, 29, 35",República,,tombado,municipal,,,,2002-12-14,0050240667
SO_ELEGIVEL·sem dono,SO_ELEGIVEL,Bairro da Bela Vista,"Rua Japurá, 317",República,,tombado,municipal,,,,2002-12-14,0060570028
SO_ELEGIVEL·sem dono,SO_ELEGIVEL,Bairro da Bela Vista,"Rua Comendador José Xavier Gouveia, 26",República,,tombado,municipal,,,,2002-12-14,0060560056
SO_ELEGIVEL·sem dono,SO_ELEGIVEL,Bairro da Bela Vista,"Rua Jardim Francisco Marcos, 41",República,,tombado,municipal,,,,2002-12-14,0060490014
SO_ELEGIVEL·sem dono,SO_ELEGIVEL,Bairro da Bela Vista,"Rua Japurá, 350",República,,tombado,municipal,,,,2002-12-14,0060560077
SO_ELEGIVEL·sem dono,SO_ELEGIVEL,Bairro da Bela Vista,"Rua Doutor Nestor Esteves Natividade, 15",República,,tombado,municipal,,,,2002-12-14,0060570032
SO_ELEGIVEL·sem dono,SO_ELEGIVEL,Bairro da Bela Vista,"Rua Doutor Nestor Esteves Natividade, 8",República,,tombado,municipal,,,,2002-12-14,0060510037
SO_ELEGIVEL·sem dono,SO_ELEGIVEL,Bairro da Bela Vista,"Rua Jaceguai, 428, 438",República,,tombado,municipal,,,,2002-12-14,0060560000
SO_ELEGIVEL·sem dono,SO_ELEGIVEL,Bairro da Bela Vista,"Rua Major Diogo, 200, 135, 185",República,,tombado,municipal,,,,2002-12-14,0060470001
SO_ELEGIVEL·sem dono,SO_ELEGIVEL,Bairro da Bela Vista,"Rua Japurá, 296",República,,tombado,municipal,,,,2002-12-14,0060560068
SO_ELEGIVEL·sem dono,SO_ELEGIVEL,Bairro da Bela Vista,"Rua Japurá, 340",República,,tombado,municipal,,,,2002-12-14,0060560075
SO_ELEGIVEL·sem dono,SO_ELEGIVEL,Bairro da Bela Vista,"Rua Japurá, 302",República,,tombado,municipal,,,,2002-12-14,0060560069
SO_ELEGIVEL·sem dono,SO_ELEGIVEL,Bairro da Bela Vista,"Rua Japurá, 360",República,,tombado,municipal,,,,2002-12-14,0060560079
SO_ELEGIVEL·sem dono,SO_ELEGIVEL,Bairro da Bela Vista / Edificio Almeida Leite,"Rua Major Diogo, 128, 138, 150",República,,tombado,municipal,,,,2002-12-14,0060390000
SO_ELEGIVEL·sem dono,SO_ELEGIVEL,Bairro da Bela Vista / Imóvel Na Rua São Domingos,"Rua São Domingos, 31",República,,tombado,municipal,,,,2017-09-21,0060480051
SO_ELEGIVEL·sem dono,SO_ELEGIVEL,Bairro da Bela Vista / Imóvel Na Rua São Domingos,"Rua São Domingos, 21",República,,tombado,municipal,,,,2017-09-21,0060480050
SO_ELEGIVEL·sem dono,SO_ELEGIVEL,Bairro da Bela Vista / Imóvel Na Rua São Domingos,"Rua São Domingos, 19",República,,tombado,municipal,,,,2017-09-21,0060480049
SO_ELEGIVEL·sem dono,SO_ELEGIVEL,Bairro da Bela Vista / Imóvel Na Rua São Domingos,"Rua São Domingos, 33",República,,tombado,municipal,,,,2017-09-21,0060480052
SO_ELEGIVEL·sem dono,SO_ELEGIVEL,Bairro de Santa Ifigenia / Revisão,"Avenida Duque de Caxias 878, 880, 888, 892, 898, 755",República,,tombado,estadual,,,,,0080580017
SO_ELEGIVEL·sem dono,SO_ELEGIVEL,Bairro de Santa Ifigênia,"Avenida Duque de Caxias 934, 936, 946, 950, 754",República,,tombado,estadual,,,,,0080590453
SO_ELEGIVEL·sem dono,SO_ELEGIVEL,Bairro de Santa Ifigênia (inserido Na Área de Estudo),"Rua dos Timbiras, 8",República,,tombado,estadual,,,,,0080900028
SO_ELEGIVEL·sem dono,SO_ELEGIVEL,Bairro de Santa Ifigênia (inserido Na Área de Estudo),"Rua dos Timbiras, 109",República,,tombado,estadual,,,,,0080900027
SO_ELEGIVEL·sem dono,SO_ELEGIVEL,Bairro de Santa Ifigênia (inserido Na Área de Estudo),"Rua dos Timbiras, 14",República,,tombado,estadual,,,,,0080900029
SO_ELEGIVEL·sem dono,SO_ELEGIVEL,Bairro de Santa Ifigênia (inserido Na Área de Estudo),"Rua Santa Ifigênia, 13, 15, 21",República,,tombado,estadual,,,,,0010530033
SO_ELEGIVEL·sem dono,SO_ELEGIVEL,Bairro de Santa Ifigênia (inserido Na Área de Estudo),"Rua Aurora, 153, 159, 161",República,,tombado,estadual,,,,,0080890278
SO_ELEGIVEL·sem dono,SO_ELEGIVEL,Bairro de Santa Ifigênia (inserido Na Área de Estudo),"Rua Aurora, 153, 159, 161",República,,tombado,estadual,,,,,0080890279
SO_ELEGIVEL·sem dono,SO_ELEGIVEL,Bairro de Santa Ifigênia (inserido Na Área de Estudo),"Rua Vitória, 193",República,,tombado,estadual,,,,,0080820020
SO_ELEGIVEL·sem dono,SO_ELEGIVEL,Bairro de Santa Ifigênia (inserido Na Área de Estudo),"Rua Santa Ifigênia, 523, 527, 387, 395, 399",República,,tombado,estadual,,,,,0080730097
SO_ELEGIVEL·sem dono,SO_ELEGIVEL,Bairro de Santa Ifigênia (inserido Na Área de Estudo),"Avenida Ipiranga, 1133, 1137, 1147, 1165, 1165",República,,tombado,estadual,,,,,0080930000
SO_ELEGIVEL·sem dono,SO_ELEGIVEL,Bairro de Santa Ifigênia (inserido Na Área de Estudo),"Rua Vitória, 251, 261",República,,tombado,estadual,,,,,0080820054
SO_ELEGIVEL·sem dono,SO_ELEGIVEL,Bairro de Santa Ifigênia (inserido Na Área de Estudo),"Rua dos Timbiras, 284, 290",República,,tombado,estadual,,,,,0080900032
SO_ELEGIVEL·sem dono,SO_ELEGIVEL,Bairro de Santa Ifigênia (inserido Na Área de Estudo),"Rua Aurora, 17, 19, 23",República,,tombado,estadual,,,,,0080900008
SO_ELEGIVEL·sem dono,SO_ELEGIVEL,Bairro de Santa Ifigênia (inserido Na Área de Estudo),Rua Aurora,República,,tombado,estadual,,,,,0080900041
SO_ELEGIVEL·sem dono,SO_ELEGIVEL,Bairro de Santa Ifigênia (inserido Na Área de Estudo),"Rua Aurora, 175, 179",República,,tombado,estadual,,,,,0080890009
SO_ELEGIVEL·sem dono,SO_ELEGIVEL,Bairro de Santa Ifigênia (inserido Na Área de Estudo),"Rua Aurora, 190, 198",República,,tombado,estadual,,,,,0080820047
SO_ELEGIVEL·sem dono,SO_ELEGIVEL,Bairro de Santa Ifigênia (inserido Na Área de Estudo),"Rua dos Timbiras, 239, 245",República,,tombado,estadual,,,,,0080930060
SO_ELEGIVEL·sem dono,SO_ELEGIVEL,Bairro de Santa Ifigênia (inserido Na Área de Estudo),"Rua dos Timbiras, 311, 236, 248",República,,tombado,estadual,,,,,0080930253
SO_ELEGIVEL·sem dono,SO_ELEGIVEL,Bairro de Santa Ifigênia (inserido Na Área de Estudo),"Rua General Osório, 311, 656",República,,tombado,estadual,,,,,0080650020
SO_ELEGIVEL·sem dono,SO_ELEGIVEL,Bairro de Santa Ifigênia (inserido Na Área de Estudo),"Rua Aurora, 275, 277",República,,tombado,estadual,,,,,0080880014
SO_ELEGIVEL·sem dono,SO_ELEGIVEL,Bairro de Santa Ifigênia (inserido Na Área de Estudo),"Rua Aurora, 75",República,,tombado,estadual,,,,,0080900017
SO_ELEGIVEL·sem dono,SO_ELEGIVEL,Bairro de Santa Ifigênia (inserido Na Área de Estudo),"Avenida Rio Branco, 634, 638",República,,tombado,estadual,,,,,0080650022
SO_ELEGIVEL·sem dono,SO_ELEGIVEL,Bairro de Santa Ifigênia (inserido Na Área de Estudo),"Rua Santa Ifigênia, 71, 73, 75, 83, 85",República,,tombado,estadual,,,,,0010530278
SO_ELEGIVEL·sem dono,SO_ELEGIVEL,Bairro de Santa Ifigênia (inserido Na Área de Estudo),"Rua General Couto de Magalhães, 115, 117, 119, 123, 127, 36, 54, 56, 58, 68",República,,tombado,estadual,,,,,0080900043
SO_ELEGIVEL·sem dono,SO_ELEGIVEL,Bairro de Santa Ifigênia (inserido Na Área de Estudo),"Avenida Rio Branco, 630",República,,tombado,estadual,,,,,0080650023
SO_ELEGIVEL·sem dono,SO_ELEGIVEL,Bairro de Santa Ifigênia (inserido Na Área de Estudo),"Rua dos Gusmões, 403, 407",República,,tombado,estadual,,,,,0080730020
SO_ELEGIVEL·sem dono,SO_ELEGIVEL,Bairro de Santa Ifigênia (inserido Na Área de Estudo),"Rua dos Timbiras, 22",República,,tombado,estadual,,,,,0080900031
SO_ELEGIVEL·sem dono,SO_ELEGIVEL,Bairro de Santa Ifigênia (inserido Na Área de Estudo),"Rua Aurora, 315, 317",República,,tombado,estadual,,,,,0080880018
SO_ELEGIVEL·sem dono,SO_ELEGIVEL,Bairro de Santa Ifigênia (inserido Na Área de Estudo),"Avenida Ipiranga, 1202, 1206, 1208, 1212",República,,tombado,estadual,,,,1992-12-09,0010440000
SO_ELEGIVEL·sem dono,SO_ELEGIVEL,Bairro de Santa Ifigênia (inserido Na Área de Estudo),"Rua Aurora, 288, 292",República,,tombado,estadual,,,,2019-10-30,0080810000
SO_ELEGIVEL·sem dono,SO_ELEGIVEL,Bairro de Santa Ifigênia (inserido Na Área de Estudo),"Rua Santa Ifigênia, 398, 402, 406",República,,tombado,estadual,,,,,0080820030
SO_ELEGIVEL·sem dono,SO_ELEGIVEL,Bairro de Santa Ifigênia (inserido Na Área de Estudo),"Rua Santa Ifigênia, 257, 261, 265",República,,tombado,estadual,,,,,0080880009
SO_ELEGIVEL·sem dono,SO_ELEGIVEL,Bairro de Santa Ifigênia (inserido Na Área de Estudo),"Avenida Rio Branco, 82, 86",República,,tombado,estadual,,,,,0010530026
SO_ELEGIVEL·sem dono,SO_ELEGIVEL,Bairro de Santa Ifigênia (inserido Na Área de Estudo),"Rua dos Timbiras, 148",República,,tombado,estadual,,,,,0080890170
SO_ELEGIVEL·sem dono,SO_ELEGIVEL,Bairro de Santa Ifigênia (inserido Na Área de Estudo),"Rua dos Timbiras, 150",República,,tombado,estadual,,,,,0080890171
SO_ELEGIVEL·sem dono,SO_ELEGIVEL,Bairro de Santa Ifigênia (inserido Na Área de Estudo),"Avenida Ipiranga, 1110",República,,tombado,estadual,,,,,0010530020
SO_ELEGIVEL·sem dono,SO_ELEGIVEL,Bairro de Santa Ifigênia (inserido Na Área de Estudo),"Rua dos Timbiras, 166",República,,tombado,estadual,,,,,0080890176
SO_ELEGIVEL·sem dono,SO_ELEGIVEL,Bairro de Santa Ifigênia (inserido Na Área de Estudo),"Rua General Osório, 307, 309",República,,tombado,estadual,,,,,0080650000
SO_ELEGIVEL·sem dono,SO_ELEGIVEL,Bairro de Santa Ifigênia (inserido Na Área de Estudo),"Rua dos Andradas, 127",República,,tombado,estadual,,,,,0080890029
SO_ELEGIVEL·sem dono,SO_ELEGIVEL,Bairro de Santa Ifigênia (inserido Na Área de Estudo),"Rua Santa Ifigênia, 269, 279, 289, 293, 295, 299, 305, 309, 313",República,,tombado,estadual,,,,,0080880000
SO_ELEGIVEL·sem dono,SO_ELEGIVEL,Bairro de Santa Ifigênia (inserido Na Área de Estudo),"Rua Santa Ifigênia, 99",República,,tombado,estadual,,,,,0010530017
SO_ELEGIVEL·sem dono,SO_ELEGIVEL,Bairro de Santa Ifigênia (inserido Na Área de Estudo),"Rua dos Timbiras, 229",República,,tombado,estadual,,,,,0080930059
SO_ELEGIVEL·sem dono,SO_ELEGIVEL,Bairro de Santa Ifigênia (inserido Na Área de Estudo),"Rua Aurora, 13, 157, 163, 165, 171, 175",República,,tombado,estadual,,,,,0080900007
SO_ELEGIVEL·sem dono,SO_ELEGIVEL,Bairro de Santa Ifigênia (inserido Na Área de Estudo),"Rua Santa Ifigênia, 210, 218",República,,tombado,estadual,,,,,0080940013
SO_ELEGIVEL·sem dono,SO_ELEGIVEL,Bairro de Santa Ifigênia (inserido Na Área de Estudo),"Rua Vitória, 235, 237",República,,tombado,estadual,,,,,0080820024
SO_ELEGIVEL·sem dono,SO_ELEGIVEL,Bairro de Santa Ifigênia (inserido Na Área de Estudo),"Rua Vitória, 231, 233",República,,tombado,estadual,,,,,0080820023
SO_ELEGIVEL·sem dono,SO_ELEGIVEL,Bairro de Santa Ifigênia (inserido Na Área de Estudo),"Rua Santa Ifigênia, 211, 213",República,,tombado,estadual,,,,,0080930075
SO_ELEGIVEL·sem dono,SO_ELEGIVEL,Bairro de Santa Ifigênia (inserido Na Área de Estudo),"Rua dos Andradas, 121",República,,tombado,estadual,,,,,0080890028
SO_ELEGIVEL·sem dono,SO_ELEGIVEL,Bairro de Santa Ifigênia (inserido Na Área de Estudo),"Rua Aurora, 122, 132, 136, 140, 219, 223, 225, 227, 229",República,,tombado,estadual,,,,,0080820046
SO_ELEGIVEL·sem dono,SO_ELEGIVEL,Bairro de Santa Ifigênia (inserido Na Área de Estudo),"Avenida Rio Branco, 62, 66, 76",República,,tombado,estadual,,,,,0010530036
SO_ELEGIVEL·sem dono,SO_ELEGIVEL,Bairro de Santa Ifigênia (inserido Na Área de Estudo),"Rua dos Timbiras, 172",República,,tombado,estadual,,,,,0080890178
SO_ELEGIVEL·sem dono,SO_ELEGIVEL,Bairro de Santa Ifigênia (inserido Na Área de Estudo),"Rua dos Timbiras, 295, 299, 301",República,,tombado,estadual,,,,,0080930074
SO_ELEGIVEL·sem dono,SO_ELEGIVEL,Bairro de Santa Ifigênia (inserido Na Área de Estudo),"Rua dos Andradas, 65, 69, 73",República,,tombado,estadual,,,,,0080940000
SO_ELEGIVEL·sem dono,SO_ELEGIVEL,Bairro de Santa Ifigênia (inserido Na Área de Estudo),"Rua dos Timbiras, 271",República,,tombado,estadual,,,,,0080930062
SO_ELEGIVEL·sem dono,SO_ELEGIVEL,Bairro de Santa Ifigênia (inserido Na Área de Estudo),"Avenida Ipiranga, 1092, 1098, 1100",República,,tombado,estadual,,,,,0010530048
SO_ELEGIVEL·sem dono,SO_ELEGIVEL,Bairro de Santa Ifigênia (inserido Na Área de Estudo),"Rua Santa Ifigênia, 481",República,,tombado,estadual,,,,,0080730011
SO_ELEGIVEL·sem dono,SO_ELEGIVEL,Bairro de Santa Ifigênia (inserido Na Área de Estudo),"Rua dos Timbiras, 117, 121, 129",República,,tombado,estadual,,,,,0080940009
SO_ELEGIVEL·sem dono,SO_ELEGIVEL,Bairro de Santa Ifigênia (inserido Na Área de Estudo),"Rua Santa Ifigênia, 280",República,,tombado,estadual,,,,,0080890014
SO_ELEGIVEL·sem dono,SO_ELEGIVEL,Bairro de Santa Ifigênia (inserido Na Área de Estudo),"Rua dos Timbiras, 107",República,,tombado,estadual,,,,,0080940039
SO_ELEGIVEL·sem dono,SO_ELEGIVEL,Bairro de Santa Ifigênia (inserido Na Área de Estudo),"Rua Santa Ifigênia, 185, 187, 193",República,,tombado,estadual,,,,,0080930053
SO_ELEGIVEL·sem dono,SO_ELEGIVEL,Bairro de Santa Ifigênia (inserido Na Área de Estudo),"Rua Santa Ifigênia, 208",República,,tombado,estadual,,,,,0080940046
SO_ELEGIVEL·sem dono,SO_ELEGIVEL,Bairro de Santa Ifigênia (inserido Na Área de Estudo),"Rua Aurora, 322",República,,tombado,estadual,,,,,0080810002
SO_ELEGIVEL·sem dono,SO_ELEGIVEL,Bairro de Santa Ifigênia (inserido Na Área de Estudo),"Rua Aurora, 182",República,,tombado,estadual,,,,,0080820004
SO_ELEGIVEL·sem dono,SO_ELEGIVEL,Bairro de Santa Ifigênia (inserido Na Área de Estudo),"Avenida Rio Branco, 644, 648",República,,tombado,estadual,,,,,0080650021
SO_ELEGIVEL·sem dono,SO_ELEGIVEL,Bairro de Santa Ifigênia (inserido Na Área de Estudo),"Rua dos Andradas, 250, 254",República,,tombado,estadual,,,,,0080830028
SO_ELEGIVEL·sem dono,SO_ELEGIVEL,Bairro de Santa Ifigênia (inserido Na Área de Estudo),"Rua Santa Ifigênia, 175, 177",República,,tombado,estadual,,,,,0080930052
SO_ELEGIVEL·sem dono,SO_ELEGIVEL,Bairro de Santa Ifigênia (inserido Na Área de Estudo),"Avenida Senador Queirós, 62, 66R",República,,tombado,estadual,,,,,0010360279
SO_ELEGIVEL·sem dono,SO_ELEGIVEL,Bairro de Santa Ifigênia (inserido Na Área de Estudo),"Rua Vitória, 302, 304",República,,tombado,estadual,,,,,0080730007
SO_ELEGIVEL·sem dono,SO_ELEGIVEL,Bairro de Santa Ifigênia (inserido Na Área de Estudo),"Rua Aurora, 147",República,,tombado,estadual,,,,,0080890004
SO_ELEGIVEL·sem dono,SO_ELEGIVEL,Bairro de Santa Ifigênia (inserido Na Área de Estudo),"Rua dos Timbiras, 215, 217, 221",República,,tombado,estadual,,,,,0080930076
SO_ELEGIVEL·sem dono,SO_ELEGIVEL,Bairro de Santa Ifigênia (inserido Na Área de Estudo),"Rua Aurora, 185, 189",República,,tombado,estadual,,,,,0080890010
SO_ELEGIVEL·sem dono,SO_ELEGIVEL,Bairro de Santa Ifigênia (inserido Na Área de Estudo),"Rua General Couto de Magalhães, 140",República,,tombado,estadual,,,,,0010260013
SO_ELEGIVEL·sem dono,SO_ELEGIVEL,Bairro de Santa Ifigênia (inserido Na Área de Estudo),"Rua dos Timbiras, 258, 260, 262",República,,tombado,estadual,,,,,0080880005
SO_ELEGIVEL·sem dono,SO_ELEGIVEL,Bairro de Santa Ifigênia (inserido Na Área de Estudo),"Rua Santa Ifigênia, 473",República,,tombado,estadual,,,,,0080730010
SO_ELEGIVEL·sem dono,SO_ELEGIVEL,Bairro de Santa Ifigênia (inserido Na Área de Estudo),"Avenida Ipiranga, 1054",República,,tombado,estadual,,,,,0010530049
SO_ELEGIVEL·sem dono,SO_ELEGIVEL,Bairro de Santa Ifigênia (inserido Na Área de Estudo),"Rua Santa Ifigênia, 467",República,,tombado,estadual,,,,,0080730009
SO_ELEGIVEL·sem dono,SO_ELEGIVEL,Bairro de Santa Ifigênia (inserido Na Área de Estudo),"Rua Vitória, 320, 324",República,,tombado,estadual,,,,,0080730005
SO_ELEGIVEL·sem dono,SO_ELEGIVEL,Bairro de Santa Ifigênia (inserido Na Área de Estudo),"Rua Santa Ifigênia, 190, 194",República,,tombado,estadual,,,,,0080940017
SO_ELEGIVEL·sem dono,SO_ELEGIVEL,Bairro de Santa Ifigênia (inserido Na Área de Estudo),"Rua Santa Ifigênia, 493, 497",República,,tombado,estadual,,,,,0080730121
SO_ELEGIVEL·sem dono,SO_ELEGIVEL,Bairro de Santa Ifigênia (inserido Na Área de Estudo),"Rua dos Timbiras, 164",República,,tombado,estadual,,,,,0080890175
SO_ELEGIVEL·sem dono,SO_ELEGIVEL,Bairro de Santa Ifigênia (inserido Na Área de Estudo),"Rua dos Andradas, 249",República,,tombado,estadual,,,,,0080820017
SO_ELEGIVEL·sem dono,SO_ELEGIVEL,Bairro de Santa Ifigênia (inserido Na Área de Estudo),"Rua Brigadeiro Tobias, 321, 329, 331, 335, 24, 26, 30, 32",República,,tombado,estadual,,,,,0010360000
SO_ELEGIVEL·sem dono,SO_ELEGIVEL,Bairro de Santa Ifigênia (inserido Na Área de Estudo),"Rua dos Andradas, 141",República,,tombado,estadual,,,,,0080890031
SO_ELEGIVEL·sem dono,SO_ELEGIVEL,Bairro de Santa Ifigênia (inserido Na Área de Estudo),"Rua Vitória, 373, 436, 440, 446, 452, 458",República,,tombado,estadual,,,,,0080810181
SO_ELEGIVEL·sem dono,SO_ELEGIVEL,Bairro de Santa Ifigênia (inserido Na Área de Estudo),"Rua dos Andradas, 109",República,,tombado,estadual,,,,,0080890027
SO_ELEGIVEL·sem dono,SO_ELEGIVEL,Bairro de Santa Ifigênia (inserido Na Área de Estudo),"Rua dos Andradas, 293",República,,tombado,estadual,,,,,0080820052
SO_ELEGIVEL·sem dono,SO_ELEGIVEL,Bairro de Santa Ifigênia (inserido Na Área de Estudo),"Avenida Rio Branco, 278, 280",República,,tombado,estadual,,,,,0080880001
SO_ELEGIVEL·sem dono,SO_ELEGIVEL,Bairro de Santa Ifigênia (inserido Na Área de Estudo),"Rua dos Andradas, 189",República,,tombado,estadual,,,,,0080820051
SO_ELEGIVEL·sem dono,SO_ELEGIVEL,Bairro de Santa Ifigênia (inserido Na Área de Estudo),"Avenida Cásper Líbero, 111, 115, 117, 121, 125, 127, 131",República,,tombado,estadual,,,,,0010440356
SO_ELEGIVEL·sem dono,SO_ELEGIVEL,Bairro de Santa Ifigênia (inserido Na Área de Estudo),"Rua Santa Ifigênia, 84, 86",República,,tombado,estadual,,,,,0010440050
SO_ELEGIVEL·sem dono,SO_ELEGIVEL,Bairro de Santa Ifigênia (inserido Na Área de Estudo),"Rua Santa Ifigênia, 202",República,,tombado,estadual,,,,,0080940045
SO_ELEGIVEL·sem dono,SO_ELEGIVEL,Bairro de Santa Ifigênia (inserido Na Área de Estudo),"Rua Santa Ifigênia, 51, 55",República,,tombado,estadual,,,,,0010530012
SO_ELEGIVEL·sem dono,SO_ELEGIVEL,Bairro de Santa Ifigênia (inserido Na Área de Estudo),"Rua dos Timbiras, 160",República,,tombado,estadual,,,,,0080890174
SO_ELEGIVEL·sem dono,SO_ELEGIVEL,Bairro de Santa Ifigênia (inserido Na Área de Estudo),"Rua dos Timbiras, 101",República,,tombado,estadual,,,,,0080940040
SO_ELEGIVEL·sem dono,SO_ELEGIVEL,Bairro de Santa Ifigênia (inserido Na Área de Estudo),"Avenida Ipiranga, 1214, 1216, 1220",República,,tombado,estadual,,,,,0010440046
SO_ELEGIVEL·sem dono,SO_ELEGIVEL,Bairro de Santa Ifigênia (inserido Na Área de Estudo),"Rua Santa Ifigênia 507, 511, 517, 519",República,,tombado,estadual,,,,,0080730123
SO_ELEGIVEL·sem dono,SO_ELEGIVEL,Bairro de Santa Ifigênia (inserido Na Área de Estudo),"Rua Aurora, 20, 28",República,,tombado,estadual,,,,,0080830004
SO_ELEGIVEL·sem dono,SO_ELEGIVEL,Bairro de Santa Ifigênia (inserido Na Área de Estudo),"Rua dos Timbiras, 287",República,,tombado,estadual,,,,,0080930063
SO_ELEGIVEL·sem dono,SO_ELEGIVEL,Bairro de Santa Ifigênia (inserido Na Área de Estudo),"Rua dos Timbiras, 154",República,,tombado,estadual,,,,,0080890172
SO_ELEGIVEL·sem dono,SO_ELEGIVEL,Bairro de Santa Ifigênia (inserido Na Área de Estudo),"Rua Santa Ifigênia, 451, 459",República,,tombado,estadual,,,,,0080730008
SO_ELEGIVEL·sem dono,SO_ELEGIVEL,Bairro de Santa Ifigênia (inserido Na Área de Estudo),"Rua dos Timbiras, 159, 167, 226",República,,tombado,estadual,,,,,0080940467
SO_ELEGIVEL·sem dono,SO_ELEGIVEL,Bairro de Santa Ifigênia (inserido Na Área de Estudo),"Rua Aurora, 279",República,,tombado,estadual,,,,,0080880015
SO_ELEGIVEL·sem dono,SO_ELEGIVEL,Bairro de Santa Ifigênia (inserido Na Área de Estudo),"Rua Vitória, 334, 340, 346",República,,tombado,estadual,,,,,0080730000
SO_ELEGIVEL·sem dono,SO_ELEGIVEL,Bairro de Santa Ifigênia (inserido Na Área de Estudo),"Rua Aurora, 39, 41",República,,tombado,estadual,,,,,0080900011
SO_ELEGIVEL·sem dono,SO_ELEGIVEL,Bairro de Santa Ifigênia (inserido Na Área de Estudo),"Rua dos Timbiras, 168",República,,tombado,estadual,,,,,0080890177
SO_ELEGIVEL·sem dono,SO_ELEGIVEL,Bairro de Santa Ifigênia (inserido Na Área de Estudo),"Rua Aurora, 146, 148, 154",República,,tombado,estadual,,,,,0080820037
SO_ELEGIVEL·sem dono,SO_ELEGIVEL,Bairro de Santa Ifigênia (inserido Na Área de Estudo),"Rua Aurora, 162, 166, 168",República,,tombado,estadual,,,,,0080820038
SO_ELEGIVEL·sem dono,SO_ELEGIVEL,Bairro de Santa Ifigênia (inserido Na Área de Estudo),"Rua dos Timbiras, 256",República,,tombado,estadual,,,,,0080880006
SO_ELEGIVEL·sem dono,SO_ELEGIVEL,Bairro de Santa Ifigênia (inserido Na Área de Estudo),"Rua Aurora, 269, 271",República,,tombado,estadual,,,,,0080880013
SO_ELEGIVEL·sem dono,SO_ELEGIVEL,Bairro de Santa Ifigênia (inserido Na Área de Estudo),"Rua dos Andradas, 135",República,,tombado,estadual,,,,,0080890030
SO_ELEGIVEL·sem dono,SO_ELEGIVEL,Bairro de Santa Ifigênia (inserido Na Área de Estudo),"Avenida Rio Branco, 622",República,,tombado,estadual,,,,,0080650024
SO_ELEGIVEL·sem dono,SO_ELEGIVEL,Bairro de Santa Ifigênia (inserido Na Área de Estudo),"Rua dos Timbiras, 100, 104, 108, 114",República,,tombado,estadual,,,,,0080890000
SO_ELEGIVEL·sem dono,SO_ELEGIVEL,Bairro de Santa Ifigênia (inserido Na Área de Estudo),"Avenida Cásper Líbero, 363, 367, 369",República,,tombado,estadual,,,,,0010260004
SO_ELEGIVEL·sem dono,SO_ELEGIVEL,Bairro de Santa Ifigênia (inserido Na Área de Estudo),"Rua Santa Ifigênia, 184, 186",República,,tombado,estadual,,,,,0080940018
SO_ELEGIVEL·sem dono,SO_ELEGIVEL,Bairro de Santa Ifigênia (inserido Na Área de Estudo),"Avenida Cásper Líbero, 359",República,,tombado,estadual,,,,,0010260003
SO_ELEGIVEL·sem dono,SO_ELEGIVEL,Bairro de Santa Ifigênia (inserido Na Área de Estudo),"Rua General Couto de Magalhães, 128",República,,tombado,estadual,,,,,0010260014
SO_ELEGIVEL·sem dono,SO_ELEGIVEL,Bairro de Santa Ifigênia (inserido Na Área de Estudo),"Rua Vitória, 357",República,,tombado,estadual,,,,,0080810027
SO_ELEGIVEL·sem dono,SO_ELEGIVEL,Bairro de Santa Ifigênia (inserido Na Área de Estudo),"Rua Vitória, 361, 365",República,,tombado,estadual,,,,,0080810028
SO_ELEGIVEL·sem dono,SO_ELEGIVEL,Bairro de Santa Ifigênia (inserido Na Área de Estudo),"Rua Aurora, 12, 16, 18, 35, 37, 39, 41, 43",República,,tombado,estadual,,,,,0080830097
SO_ELEGIVEL·sem dono,SO_ELEGIVEL,Bairro de Santa Ifigênia (inserido Na Área de Estudo),"Rua dos Timbiras, 97",República,,tombado,estadual,,,,,0080940041
SO_ELEGIVEL·sem dono,SO_ELEGIVEL,Bairro de Santa Ifigênia (inserido Na Área de Estudo),"Rua Aurora, 165, 171",República,,tombado,estadual,,,,,0080890008
SO_ELEGIVEL·sem dono,SO_ELEGIVEL,Bairro de Santa Ifigênia (inserido Na Área de Estudo),"Avenida Cásper Líbero, 333",República,,tombado,estadual,,,,,0010260001
SO_ELEGIVEL·sem dono,SO_ELEGIVEL,Bairro de Santa Ifigênia (inserido Na Área de Estudo),"Rua Santa Ifigênia, 107, 113, 115, 1152, 1156",República,,tombado,estadual,,,,,0010530018
SO_ELEGIVEL·sem dono,SO_ELEGIVEL,Bairro de Santa Ifigênia (inserido Na Área de Estudo),"Rua Aurora, 135, 139, 143",República,,tombado,estadual,,,,,0080890277
SO_ELEGIVEL·sem dono,SO_ELEGIVEL,Bairro de Santa Ifigênia (inserido Na Área de Estudo),"Avenida Rio Branco, 300",República,,tombado,estadual,,,,,0080880230
SO_ELEGIVEL·sem dono,SO_ELEGIVEL,Bairro de Santa Ifigênia (inserido Na Área de Estudo),"Avenida Rio Branco, 658, 313, 315, 317",República,,tombado,estadual,,,,,0080650019
SO_ELEGIVEL·sem dono,SO_ELEGIVEL,Bairro de Santa Ifigênia (inserido Na Área de Estudo),"Avenida Cásper Líbero, 371",República,,tombado,estadual,,,,,0010260005
SO_ELEGIVEL·sem dono,SO_ELEGIVEL,Bairro de Santa Ifigênia (inserido Na Área de Estudo),"Avenida Cásper Líbero, 356, 31, 51",República,,tombado,estadual,,,,,0010270031
SO_ELEGIVEL·sem dono,SO_ELEGIVEL,Bairro de Santa Ifigênia (inserido Na Área de Estudo),"Rua dos Andradas, 212, 216, 218, 224, 230, 236, 82, 88, 94, 100",República,,tombado,estadual,,,,,0080830001
SO_ELEGIVEL·sem dono,SO_ELEGIVEL,Bairro de Santa Ifigênia (inserido Na Área de Estudo),"Rua Aurora, 283",República,,tombado,estadual,,,,,0080880016
SO_ELEGIVEL·sem dono,SO_ELEGIVEL,Bairro de Santa Ifigênia (inserido Na Área de Estudo),"Rua dos Timbiras, 111",República,,tombado,estadual,,,,,0080940038
SO_ELEGIVEL·sem dono,SO_ELEGIVEL,Bairro de Santa Ifigênia (inserido Na Área de Estudo),"Rua dos Timbiras, 257, 263",República,,tombado,estadual,,,,,0080930061
SO_ELEGIVEL·sem dono,SO_ELEGIVEL,Bairro de Santa Ifigênia (inserido Na Área de Estudo),"Rua Vitória, 312, 316",República,,tombado,estadual,,,,,0080730006
SO_ELEGIVEL·sem dono,SO_ELEGIVEL,Bairro de Santa Ifigênia (inserido Na Área de Estudo),"Rua dos Timbiras, 135, 143, 147, 149",República,,tombado,estadual,,,,,0080940010
SO_ELEGIVEL·sem dono,SO_ELEGIVEL,Bairro de Santa Ifigênia (inserido Na Área de Estudo),"Rua dos Timbiras, 272",República,,tombado,estadual,,,,,0080880218
SO_ELEGIVEL·sem dono,SO_ELEGIVEL,Bairro de Santa Ifigênia (inserido Na Área de Estudo),"Rua dos Timbiras, 270",República,,tombado,estadual,,,,,0080880219
SO_ELEGIVEL·sem dono,SO_ELEGIVEL,Bairro de Santa Ifigênia (inserido Na Área de Estudo),Avenida Rio Branco C/ R Aurora,República,,tombado,estadual,,,,,0080880226
SO_ELEGIVEL·sem dono,SO_ELEGIVEL,Bairro de Santa Ifigênia (inserido Na Área de Estudo),"Rua Aurora, 323, 333",República,,tombado,estadual,,,,,0080880215
SO_ELEGIVEL·sem dono,SO_ELEGIVEL,Bairro de Santa Ifigênia (inserido Na Área de Estudo),"Rua Santa Ifigênia, 176, 180",República,,tombado,estadual,,,,,0080940019
SO_ELEGIVEL·sem dono,SO_ELEGIVEL,Bairro de Santa Ifigênia (inserido Na Área de Estudo),"Rua Aurora, 270, 278, 284",República,,tombado,estadual,,,,,0080810264
SO_ELEGIVEL·sem dono,SO_ELEGIVEL,Bairro de Santa Ifigênia (inserido Na Área de Estudo),"Rua Cásper Líbero, 133, 141",República,,tombado,estadual,,,,,0010440361
SO_ELEGIVEL·sem dono,SO_ELEGIVEL,Bairro de Santa Ifigênia (inserido Na Área de Estudo),"Rua dos Gusmões, 421, 429",República,,tombado,estadual,,,,,0080730100
SO_ELEGIVEL·sem dono,SO_ELEGIVEL,Bairro de Santa Ifigênia (inserido Na Área de Estudo),"Rua Aurora, 34, 44, 48, 52, 56, 60",República,,tombado,estadual,,,,,0080830003
SO_ELEGIVEL·sem dono,SO_ELEGIVEL,Bairro de Santa Ifigênia (inserido Na Área de Estudo),"Rua Aurora, 195",República,,tombado,estadual,,,,,0080890011
SO_ELEGIVEL·sem dono,SO_ELEGIVEL,Bairro de Santa Ifigênia (inserido Na Área de Estudo),"Rua dos Gusmões, 457",República,,tombado,estadual,,,,,0080730124
SO_ELEGIVEL·sem dono,SO_ELEGIVEL,Bairro de Santa Ifigênia (inserido Na Área de Estudo),"Rua Brigadeiro Tobias, 527",República,,tombado,estadual,,,,,0010270002
SO_ELEGIVEL·sem dono,SO_ELEGIVEL,Bairro de Santa Ifigênia (inserido Na Área de Estudo),"Avenida Rio Branco, 228, 234, 236",República,,tombado,estadual,,,,,0080930120
SO_ELEGIVEL·sem dono,SO_ELEGIVEL,Bairro de Santa Ifigênia (inserido Na Área de Estudo),"Rua Santa Ifigênia, 92",República,,tombado,estadual,,,,,0010440365
SO_ELEGIVEL·sem dono,SO_ELEGIVEL,Bairro de Santa Ifigênia (inserido Na Área de Estudo),"Rua dos Timbiras, 284, 290",República,,tombado,estadual,,,,,0080880231
SO_ELEGIVEL·sem dono,SO_ELEGIVEL,Bairro de Santa Ifigênia (inserido Na Área de Estudo),"Rua Santa Ifigênia, 33, 37, 39, 41",República,,tombado,estadual,,,,,0010530229
SO_ELEGIVEL·sem dono,SO_ELEGIVEL,Bairro de Santa Ifigênia (inserido Na Área de Estudo),"Rua General Couto de Magalhães, 153",República,,tombado,estadual,,,,,0080900006
SO_ELEGIVEL·sem dono,SO_ELEGIVEL,Bairro de Santa Ifigênia (inserido Na Área de Estudo),"Rua Santa Ifigênia, 219, 221, 225, 227, 209",República,,tombado,estadual,,,,,0080930077
SO_ELEGIVEL·sem dono,SO_ELEGIVEL,Bairro de Santa Ifigênia (inserido Na Área de Estudo),"Rua Santa Ifigênia, 78, 80",República,,tombado,estadual,,,,,0010440051
SO_ELEGIVEL·sem dono,SO_ELEGIVEL,Bairro de Santa Ifigênia (inserido Na Área de Estudo),"Avenida Rio Branco, 422",República,,tombado,estadual,,,,,0080810244
SO_ELEGIVEL·sem dono,SO_ELEGIVEL,Bairro de Santa Ifigênia (inserido Na Área de Estudo),"Rua Aurora, 199, 205",República,,tombado,estadual,,,,,0080890012
SO_ELEGIVEL·sem dono,SO_ELEGIVEL,Bairro de Santa Ifigênia (inserido Na Área de Estudo),"Avenida Cásper Líbero, 45",República,,tombado,estadual,,,,,0010440349
SO_ELEGIVEL·sem dono,SO_ELEGIVEL,Bairro de Santa Ifigênia (inserido Na Área de Estudo),"Avenida Ipiranga, 1221, 1225, 1235",República,,tombado,estadual,,,,,0080940122
SO_ELEGIVEL·sem dono,SO_ELEGIVEL,Bairro de Santa Ifigênia (inserido Na Área de Estudo),"Rua Vitória, 247",República,,tombado,estadual,,,,,0080820025
SO_ELEGIVEL·sem dono,SO_ELEGIVEL,Bairro de Santa Ifigênia (inserido Na Área de Estudo),"Rua Vitória, 199, 203",República,,tombado,estadual,,,,,0080820021
SO_ELEGIVEL·sem dono,SO_ELEGIVEL,Bairro de Santa Ifigênia (inserido Na Área de Estudo),"Avenida Rio Branco, 500",República,,tombado,estadual,,,,,0080730036
SO_ELEGIVEL·sem dono,SO_ELEGIVEL,Bairro de Santa Ifigênia (inserido Na Área de Estudo),"Rua dos Timbiras, 18",República,,tombado,estadual,,,,,0080900030
SO_ELEGIVEL·sem dono,SO_ELEGIVEL,Bairro de Santa Ifigênia (inserido Na Área de Estudo),"Rua General Couto de Magalhães, 148",República,,tombado,estadual,,,,,0010260012
SO_ELEGIVEL·sem dono,SO_ELEGIVEL,Bairro de Santa Ifigênia (inserido Na Área de Estudo),"Rua Aurora, 66, 72, 76",República,,tombado,estadual,,,,,0080830000
SO_ELEGIVEL·sem dono,SO_ELEGIVEL,Bairro de Santa Ifigênia (inserido Na Área de Estudo),"Avenida Ipiranga, 1221, 1225, 1235",República,,tombado,estadual,,,,,0080940123
SO_ELEGIVEL·sem dono,SO_ELEGIVEL,Bairro de Santa Ifigênia (inserido Na Área de Estudo),"Rua Aurora, 178",República,,tombado,estadual,,,,,0080820005
SO_ELEGIVEL·sem dono,SO_ELEGIVEL,Bairro de Santa Ifigênia (inserido Na Área de Estudo),"Rua Aurora, 334",República,,tombado,estadual,,,,,0080810001
SO_ELEGIVEL·sem dono,SO_ELEGIVEL,Bairro de Santa Ifigênia (inserido Na Área de Estudo),"Rua Aurora, 296, 300, 302, 306",República,,tombado,estadual,,,,,0080810263
SO_ELEGIVEL·sem dono,SO_ELEGIVEL,Bairro de Santa Ifigênia (inserido Na Área de Estudo),"Rua Aurora, 264, 268",República,,tombado,estadual,,,,,0080810010
SO_ELEGIVEL·sem dono,SO_ELEGIVEL,Bairro de Santa Ifigênia (inserido Na Área de Estudo),"Rua dos Andradas, 259",República,,tombado,estadual,,,,,0080820018
SO_ELEGIVEL·sem dono,SO_ELEGIVEL,Bairro de Santa Ifigênia (inserido Na Área de Estudo),"Rua Santa Ifigênia, 250",República,,tombado,estadual,,,,,0080890019
SO_ELEGIVEL·sem dono,SO_ELEGIVEL,Bairro de Santa Ifigênia (inserido Na Área de Estudo),"Avenida Rio Branco, 212",República,,tombado,estadual,,,,,0080930337
SO_ELEGIVEL·sem dono,SO_ELEGIVEL,Bairro de Santa Ifigênia (inserido Na Área de Estudo),"Rua dos Gusmões, 411",República,,tombado,estadual,,,,,0080730102
SO_ELEGIVEL·sem dono,SO_ELEGIVEL,Bairro de Santa Ifigênia (inserido Na Área de Estudo),"Rua General Couto de Magalhães, 120",República,,tombado,estadual,,,,,0010260103
SO_ELEGIVEL·sem dono,SO_ELEGIVEL,Bairro de Santa Ifigênia (inserido Na Área de Estudo),"Rua dos Gusmões, 415",República,,tombado,estadual,,,,,0080730101
SO_ELEGIVEL·sem dono,SO_ELEGIVEL,Bairro de Santa Ifigênia (inserido Na Área de Estudo),"Rua Santa Ifigênia, 501, 503",República,,tombado,estadual,,,,,0080730015
SO_ELEGIVEL·sem dono,SO_ELEGIVEL,Bairro de Santa Ifigênia (inserido Na Área de Estudo),"Rua Brigadeiro Tobias, 367, 20",República,,tombado,estadual,,,,,0010360008
SO_ELEGIVEL·sem dono,SO_ELEGIVEL,Bairro de Santa Ifigênia (inserido Na Área de Estudo),"Rua Vitória, 325, 333",República,,tombado,estadual,,,,,0080810023
SO_ELEGIVEL·sem dono,SO_ELEGIVEL,Bairro de Santa Ifigênia (inserido Na Área de Estudo),"Rua dos Andradas 233, 237, 241, 243, 245",República,,tombado,estadual,,,,,0080820045
SO_ELEGIVEL·sem dono,SO_ELEGIVEL,Bairro de Santa Ifigênia (inserido Na Área de Estudo),"Avenida Cásper Líbero, 43",República,,tombado,estadual,,,,,0010440351
SO_ELEGIVEL·sem dono,SO_ELEGIVEL,Bairro de Santa Ifigênia (inserido Na Área de Estudo),"Rua dos Andradas, 262, 264",República,,tombado,estadual,,,,,0080830100
SO_ELEGIVEL·sem dono,SO_ELEGIVEL,Bairro de Santa Ifigênia (inserido Na Área de Estudo),"Rua Santa Ifigênia, 198",República,,tombado,estadual,,,,,0080940044
SO_ELEGIVEL·sem dono,SO_ELEGIVEL,Bairro de Santa Ifigênia (inserido Na Área de Estudo),"Avenida Rio Branco, 96",República,,tombado,estadual,,,,,0010530025
SO_ELEGIVEL·sem dono,SO_ELEGIVEL,Bairro de Santa Ifigênia (inserido Na Área de Estudo),"Avenida Rio Branco, 112",República,,tombado,estadual,,,,,0010530363
SO_ELEGIVEL·sem dono,SO_ELEGIVEL,Bairro de Santa Ifigênia (inserido Na Área de Estudo),"Rua Aurora, 245, 263, 269",República,,tombado,estadual,,,,,0080880267
SO_ELEGIVEL·sem dono,SO_ELEGIVEL,Bairro de Santa Ifigênia (inserido Na Área de Estudo),"Rua dos Timbiras, 174",República,,tombado,estadual,,,,,0080890179
SO_ELEGIVEL·sem dono,SO_ELEGIVEL,Bairro de Santa Ifigênia (inserido Na Área de Estudo),"Rua Brigadeiro Tobias, 391",República,,tombado,estadual,,,,,0010360427
SO_ELEGIVEL·sem dono,SO_ELEGIVEL,Bairro de Santa Ifigênia (inserido Na Área de Estudo),"Rua Brigadeiro Tobias, 391",República,,tombado,estadual,,,,,0010360428
SO_ELEGIVEL·sem dono,SO_ELEGIVEL,Bairro de Santa Ifigênia / Hotel Queluz,"Avenida Cásper Líbero, 641, 649",República,,tombado,estadual,,,,,0010190343
SO_ELEGIVEL·sem dono,SO_ELEGIVEL,Bairro de Santa Ifigênia / Revisão,"Rua Santa Ifigênia, 568, 570",República,,tombado,estadual,,,,,0080660051
SO_ELEGIVEL·sem dono,SO_ELEGIVEL,Bairro de Santa Ifigênia / Revisão,"Rua Santa Ifigênia, 724, 728",República,,tombado,estadual,,,,,0080590029
SO_ELEGIVEL·sem dono,SO_ELEGIVEL,Bairro de Santa Ifigênia / Revisão,"Rua dos Timbiras, 216, 220, 224, 228, 232, 247, 251",República,,tombado,estadual,,,,,0080880008
SO_ELEGIVEL·sem dono,SO_ELEGIVEL,Bairro de Santa Ifigênia / Revisão,"Rua do Triunfo, 307, 309, 21",República,,tombado,estadual,,,,,0080670013
SO_ELEGIVEL·sem dono,SO_ELEGIVEL,Bairro de Santa Ifigênia / Revisão,"Rua Santa Ifigênia, 567, 569",República,,tombado,estadual,,,,,0080650002
SO_ELEGIVEL·sem dono,SO_ELEGIVEL,Bairro de Santa Ifigênia / Revisão,"Rua do Triunfo, 293",República,,tombado,estadual,,,,,0080670011
SO_ELEGIVEL·sem dono,SO_ELEGIVEL,Bairro de Santa Ifigênia / Revisão,"Avenida Washington Luis, 371, 373, 381, 154, 156, 172",República,,tombado,estadual,,,,,0010260104
SO_ELEGIVEL·sem dono,SO_ELEGIVEL,Bairro de Santa Ifigênia / Revisão,"Rua Santa Ifigênia, 410, 414",República,,tombado,estadual,,,,,0080820029
SO_ELEGIVEL·sem dono,SO_ELEGIVEL,Bairro de Santa Ifigênia / Revisão,"Rua Santa Ifigênia, 502, 506",República,,tombado,estadual,,,,,0080740002
SO_ELEGIVEL·sem dono,SO_ELEGIVEL,Bairro de Santa Ifigênia / Revisão,"Rua Mauá, 332, 338",República,,tombado,estadual,,,,,0010190037
SO_ELEGIVEL·sem dono,SO_ELEGIVEL,Bairro de Santa Ifigênia / Revisão,"Rua Mauá, 320, 324, 326, 468, 470, 474, 484, 484",República,,tombado,estadual,,,,,0010190038
SO_ELEGIVEL·sem dono,SO_ELEGIVEL,Bairro de Santa Ifigênia / Revisão,"Rua Santa Ifigênia, 420",República,,tombado,estadual,,,,,0080820050
SO_ELEGIVEL·sem dono,SO_ELEGIVEL,Bairro de Santa Ifigênia / Revisão,"Rua dos Gusmões, 136, 140, 144",República,,tombado,estadual,,,,,0080680023
SO_ELEGIVEL·sem dono,SO_ELEGIVEL,Bairro de Santa Ifigênia / Revisão,"Rua General Couto de Magalhães, 280",República,,tombado,estadual,,,,,0010190069
SO_ELEGIVEL·sem dono,SO_ELEGIVEL,Bairro de Santa Ifigênia / Revisão,"Rua Santa Ifigênia, 579, 581",República,,tombado,estadual,,,,,0080650004
SO_ELEGIVEL·sem dono,SO_ELEGIVEL,Bairro de Santa Ifigênia / Revisão,"Rua Santa Ifigênia, 585, 589",República,,tombado,estadual,,,,,0080650005
SO_ELEGIVEL·sem dono,SO_ELEGIVEL,Bairro de Santa Ifigênia / Revisão,"Rua Santa Ifigênia, 490, 494, 498",República,,tombado,estadual,,,,,0080740003
SO_ELEGIVEL·sem dono,SO_ELEGIVEL,Bairro de Santa Ifigênia / Revisão,"Rua Santa Ifigênia, 603, 607",República,,tombado,estadual,,,,,0080650008
SO_ELEGIVEL·sem dono,SO_ELEGIVEL,Bairro de Santa Ifigênia / Revisão,"Rua Vitória, 267, 432",República,,tombado,estadual,,,,,0080820048
SO_ELEGIVEL·sem dono,SO_ELEGIVEL,Bairro de Santa Ifigênia / Revisão,"Rua Vitória, 223",República,,tombado,estadual,,,,,0080820022
SO_ELEGIVEL·sem dono,SO_ELEGIVEL,Bairro de Santa Ifigênia / Revisão,"Rua Vitória, 343, 345",República,,tombado,estadual,,,,,0080810025
SO_ELEGIVEL·sem dono,SO_ELEGIVEL,Bairro de Santa Ifigênia / Revisão,"Rua do Triunfo, 220, 240, 152",República,,tombado,estadual,,,,,0080680022
SO_ELEGIVEL·sem dono,SO_ELEGIVEL,Bairro de Santa Ifigênia / Revisão,"Rua General Couto de Magalhães, 348, 358",República,,tombado,estadual,,,,,0010190309
SO_ELEGIVEL·sem dono,SO_ELEGIVEL,Bairro de Santa Ifigênia / Revisão,"Rua dos Gusmões, 129, 131",República,,tombado,estadual,,,,,0080760019
SO_ELEGIVEL·sem dono,SO_ELEGIVEL,Bairro de Santa Ifigênia / Revisão,"Rua do Triunfo, 145, 147, 153",República,,tombado,estadual,,,,,0080750018
SO_ELEGIVEL·sem dono,SO_ELEGIVEL,Bairro de Santa Ifigênia / Revisão,"Rua Santa Ifigênia, 163, 169, 173",República,,tombado,estadual,,,,,0080930051
SO_ELEGIVEL·sem dono,SO_ELEGIVEL,Bairro de Santa Ifigênia / Revisão,"Rua do Triunfo, 285, 289",República,,tombado,estadual,,,,,0080670010
SO_ELEGIVEL·sem dono,SO_ELEGIVEL,Bairro de Santa Ifigênia / Revisão,"Rua Santa Ifigênia, 573, 577",República,,tombado,estadual,,,,,0080650003
SO_ELEGIVEL·sem dono,SO_ELEGIVEL,Bairro de Santa Ifigênia / Revisão,"Avenida Cásper Líbero, 447, 451, 455",República,,tombado,estadual,,,,,0010190004
SO_ELEGIVEL·sem dono,SO_ELEGIVEL,Bairro de Santa Ifigênia / Revisão,"Rua Generel Osório 160, 164, 172, 182",República,,tombado,estadual,,,,,0080590002
SO_ELEGIVEL·sem dono,SO_ELEGIVEL,Bairro de Santa Ifigênia / Revisão,"Rua do Triunfo, 241",República,,tombado,estadual,,,,,0080670071
SO_ELEGIVEL·sem dono,SO_ELEGIVEL,Bairro de Santa Ifigênia / Revisão,"Rua do Triunfo, 271",República,,tombado,estadual,,,,,0080670076
SO_ELEGIVEL·sem dono,SO_ELEGIVEL,Bairro de Santa Ifigênia / Revisão,"Rua do Triunfo, 253",República,,tombado,estadual,,,,,0080670073
SO_ELEGIVEL·sem dono,SO_ELEGIVEL,Bairro de Santa Ifigênia / Revisão,"Rua do Triunfo, 259",República,,tombado,estadual,,,,,0080670074
SO_ELEGIVEL·sem dono,SO_ELEGIVEL,Bairro de Santa Ifigênia / Revisão,"Rua do Triunfo, 277",República,,tombado,estadual,,,,,0080670077
SO_ELEGIVEL·sem dono,SO_ELEGIVEL,Bairro de Santa Ifigênia / Revisão,"Rua do Triunfo, 265",República,,tombado,estadual,,,,,0080670075
SO_ELEGIVEL·sem dono,SO_ELEGIVEL,Bairro de Santa Ifigênia / Revisão,"Rua dos Gusmões, 196",República,,tombado,estadual,,,,,0080670069
SO_ELEGIVEL·sem dono,SO_ELEGIVEL,Bairro de Santa Ifigênia / Revisão,"Rua do Triunfo, 247",República,,tombado,estadual,,,,,0080670072
SO_ELEGIVEL·sem dono,SO_ELEGIVEL,Bairro de Santa Ifigênia / Revisão,"Rua do Triunfo, 229, 233",República,,tombado,estadual,,,,,0080670070
SO_ELEGIVEL·sem dono,SO_ELEGIVEL,Bairro de Santa Ifigênia / Revisão,"Rua Santa Ifigênia, 424",República,,tombado,estadual,,,,,0080820049
SO_ELEGIVEL·sem dono,SO_ELEGIVEL,Bairro de Santa Ifigênia / Revisão,"Rua dos Gusmões, 135, 139, 147, 192, 194",República,,tombado,estadual,,,,,0080760020
SO_ELEGIVEL·sem dono,SO_ELEGIVEL,Bairro de Santa Ifigênia / Revisão,"Rua Santa Ifigênia, 704, 708, 710, 714, 718",República,,tombado,estadual,,,,,0080590000
SO_ELEGIVEL·sem dono,SO_ELEGIVEL,Bairro de Santa Ifigênia / Revisão,"Rua Santa Ifigênia, 195, 197",República,,tombado,estadual,,,,,0080930054
SO_ELEGIVEL·sem dono,SO_ELEGIVEL,Bairro de Santa Ifigênia / Revisão,"Rua General Osório, 49, 51, 53",República,,tombado,estadual,,,,,0080670016
SO_ELEGIVEL·sem dono,SO_ELEGIVEL,Bairro de Santa Ifigênia / Revisão,"Rua Santa Ifigênia, 578, 580",República,,tombado,estadual,,,,,0080660049
SO_ELEGIVEL·sem dono,SO_ELEGIVEL,Bairro de Santa Ifigênia / Revisão,"Rua Santa Ifigênia, 721",República,,tombado,estadual,,,,,0080580012
SO_ELEGIVEL·sem dono,SO_ELEGIVEL,Bairro de Santa Ifigênia / Revisão,"Rua Santa Ifigênia, 611, 615",República,,tombado,estadual,,,,,0080650009
SO_ELEGIVEL·sem dono,SO_ELEGIVEL,Bairro de Santa Ifigênia / Revisão,"Rua General Osório, 235, 239, 245, 249, 253, 619, 625, 627",República,,tombado,estadual,,,,,0080650010
SO_ELEGIVEL·sem dono,SO_ELEGIVEL,Bairro de Santa Ifigênia / Revisão,"Rua Santa Ifigênia, 574",República,,tombado,estadual,,,,,0080660050
SO_ELEGIVEL·sem dono,SO_ELEGIVEL,Bairro de Santa Ifigênia / Revisão (acrescido Pos 1986),"Rua do Triunfo, 166",República,,tombado,estadual,,,,,0080760024
SO_ELEGIVEL·sem dono,SO_ELEGIVEL,Bairro de Santa Ifigênia / Revisão (acrescido Pos 1986),"Rua General Osório, 25, 31, 35",República,,tombado,estadual,,,,,0080670014
SO_ELEGIVEL·sem dono,SO_ELEGIVEL,Bairro de Santa Ifigênia / Revisão (acrescimo 2009),"Rua do Triunfo, 137, 137",República,,tombado,estadual,,,,,0080750017
SO_ELEGIVEL·sem dono,SO_ELEGIVEL,Bairro de Santa Ifigênia / Revisão (acréscimo 2009),"Rua dos Gusmões, 202, 206",República,,tombado,estadual,,,,,0080670067
SO_ELEGIVEL·sem dono,SO_ELEGIVEL,Bairro de Santa Ifigênia / Revisão (acréscimo 2009),"Rua dos Gusmões, 208, 210",República,,tombado,estadual,,,,,0080670066
SO_ELEGIVEL·sem dono,SO_ELEGIVEL,Bairro de Santa Ifigênia / Revisão (acréscimo Em 2009),"Rua dos Gusmões, 214, 218",República,,tombado,estadual,,,,,0080670065
SO_ELEGIVEL·sem dono,SO_ELEGIVEL,Bairro de Santa Ifigênia / Revisão (incluido Em 2009),"Rua Vitória, 349, 351",República,,tombado,estadual,,,,,0080810026
SO_ELEGIVEL·sem dono,SO_ELEGIVEL,Bairro de Santa Ifigênia / Revisão (inclusão 2009),"Rua dos Gusmões, 219, 221, 229, 231",República,,tombado,estadual,,,,,0080750034
SO_ELEGIVEL·sem dono,SO_ELEGIVEL,Bairro de Santa Ifigênia / Revisão (inclusão Em 2009),"Rua Santa Ifigênia, 270",República,,tombado,estadual,,,,,0080890016
SO_ELEGIVEL·sem dono,SO_ELEGIVEL,Bairro de Santa Ifigênia / Revisão (inclusão Em 2009),"Rua Santa Ifigênia, 276",República,,tombado,estadual,,,,,0080890015
SO_ELEGIVEL·sem dono,SO_ELEGIVEL,Bairro de Santa Ifigênia / Revisão (inclusão Em 2009),"Rua Santa Ifigênia, 264",República,,tombado,estadual,,,,,0080890017
SO_ELEGIVEL·sem dono,SO_ELEGIVEL,Bairro de Santa Ifigênia / Revisão (inlusão Em 2009),"Rua Santa Ifigênia, 485, 489",República,,tombado,estadual,,,,,0080730012
SO_ELEGIVEL·sem dono,SO_ELEGIVEL,"Bairro de Santa Ifigênia / Revisão / Luz do Faroeste, do Pessoal do Faroeste","Rua do Triunfo, 301, 305",República,,tombado,estadual,,,,,0080670012
SO_ELEGIVEL·sem dono,SO_ELEGIVEL,Bairro de Santa Ifigênia / Revisão 2018,"Rua dos Gusmões, 394, 398, 404, 410, 555, 561, 565",República,,tombado,estadual,,,,,0080650040
SO_ELEGIVEL·sem dono,SO_ELEGIVEL,Bairro de Santa Ifigênia / Revisão 2018,"Rua dos Gusmões, 330, 334, 338, 344",República,,tombado,estadual,,,,,0080660055
SO_ELEGIVEL·sem dono,SO_ELEGIVEL,Bairro de Santa Ifigênia / Revisão 2018,"Avenida Rio Branco, 200",República,,tombado,estadual,,,,,0080930073
SO_ELEGIVEL·sem dono,SO_ELEGIVEL,Bairro de Santa Ifigênia / Revisão 2018,"Rua do Triunfo, 176, 178, 186, 188",República,,tombado,estadual,,,,,0080760094
SO_ELEGIVEL·sem dono,SO_ELEGIVEL,Bairro de Santa Ifigênia / Revisão 2018,"Rua Vitória, 200, 204",República,,tombado,estadual,,,,,0080740015
SO_ELEGIVEL·sem dono,SO_ELEGIVEL,Bairro de Santa Ifigênia / Revisão 2018,"Rua dos Gusmões, 430, 434",República,,tombado,estadual,,,,,0080650036
SO_ELEGIVEL·sem dono,SO_ELEGIVEL,Bairro de Santa Ifigênia / Revisão 2018,"Rua dos Gusmões, 424, 426",República,,tombado,estadual,,,,,0080650037
SO_ELEGIVEL·sem dono,SO_ELEGIVEL,Biblioteca Municipal Mário de Andrade / Obra de Jacques Pilon  / 1935,"Rua da Consolação, 94",República,,tombado,municipal+estadual,,,,1992-12-09,0060140001
SO_ELEGIVEL·sem dono,SO_ELEGIVEL,Condomínio Santa Júlia / Bairro de Santa Ifigênia / Revisão 2018,"Avenida Cásper Líbero, 52, 58, 70, 72, 443",República,,tombado,estadual,,,,1992-12-09,0010460000
SO_ELEGIVEL·sem dono,SO_ELEGIVEL,Edificio Mococa  / Bairro de Santa Ifigênia / Revisão 2018,"Avenida Ipiranga, 1130",República,,tombado,municipal,,,,1992-12-09,0010530000
SO_ELEGIVEL·sem dono,SO_ELEGIVEL,Edifício Doutor Armando de Arruda Pereira / Edifício Japurá / Bairro da Bela Vista,"Rua Japurá, 55, 65, 75, 85, 95, 109",República,,tombado,municipal,,,,2002-12-14,0060510000
SO_ELEGIVEL·sem dono,SO_ELEGIVEL,Edifício Farol / Bairro de Santa Ifigênia / Revisão 2018,"Rua do Seminário, 131, 135, 24, 26",República,,tombado,estadual,,,,,0010570024
SO_ELEGIVEL·sem dono,SO_ELEGIVEL,Edifício Irradiação / Bairro de Santa Ifigênia / Revisão 2018,"Avenida Senador Queirós, 101",República,,tombado,estadual,,,,,0010270000
SO_ELEGIVEL·sem dono,SO_ELEGIVEL,Edifício Santa Nazareth / Bairro de Santa Ifigênia / Revisão 2018,"Avenida Senador Queirós, 86, 96, 407, 421",República,,tombado,estadual,,,,,0010360004
SO_ELEGIVEL·sem dono,SO_ELEGIVEL,Hotel Center / Bairro de Santa Ifigênia / Revisão 2018,"Rua Coronel Batista da Luz, 36, 44, 50",República,,tombado,estadual,,,,,0010450005
SO_ELEGIVEL·sem dono,SO_ELEGIVEL,Hotel Chaves / Bairro de Santa Ifigênia / Revisão 2018,"Rua dos Andradas, 590, 596, 600, 604, 56",República,,tombado,estadual,,,,,0080600021
SO_ELEGIVEL·sem dono,SO_ELEGIVEL,Hotel Internacional São Paulo / Área do Anhangabaú / Bairro de Santa Ifigênia / Revisão 2018,"Avenida Ipiranga, 1198, 116",República,,tombado,municipal+estadual,,,,1992-12-09,0010440304
SO_ELEGIVEL·sem dono,SO_ELEGIVEL,Hotel Las Vegas / Bairro de Santa Ifigênia / Revisão 2018,"Avenida Rio Branco, 492, 384, 390, 398",República,,tombado,estadual,,,,,0080730001
SO_ELEGIVEL·sem dono,SO_ELEGIVEL,Hotel Michel / Bairro de Santa Ifigênia (inclusão 2018),"Rua Washington Luís 335, 345, 351, 359, 367",República,,tombado,estadual,,,,,0010260105
SO_ELEGIVEL·sem dono,SO_ELEGIVEL,Hotel Tupy / Bairro de Santa Ifigênia / Revisão 2018,"Rua dos Gusmões, 300, 304, 306",República,,tombado,estadual,,,,,0080660060
SO_ELEGIVEL·sem dono,SO_ELEGIVEL,Imóveis Enquadrados Como Z8-200 (atual Zepec) No Bairro de Santa Ifigênia,"Largo General Osorio, 135, 143, 147, 149, 153, 159, 22, 26, 30, 34",República,,tombado,municipal+estadual,,,,2019-10-30,0080600001
SO_ELEGIVEL·sem dono,SO_ELEGIVEL,Imóveis Enquadrados Como Z8-200 (atual Zepec) No Bairro de Santa Ifigênia,"Rua Santa Ifigênia, 395, 399",República,,tombado,municipal+estadual,,,,2019-10-30,0080810015
SO_ELEGIVEL·sem dono,SO_ELEGIVEL,Imóveis Enquadrados Como Z8-200 (atual Zepec) No Bairro de Santa Ifigênia,"Rua Santa Ifigênia, 383, 389",República,,tombado,municipal+estadual,,,,2019-10-30,0080810014
SO_ELEGIVEL·sem dono,SO_ELEGIVEL,Imóveis Enquadrados Como Z8-200 (atual Zepec) No Bairro de Santa Ifigênia,"Rua Santa Ifigênia, 364",República,,tombado,municipal+estadual,,,,2019-10-30,0080820035
SO_ELEGIVEL·sem dono,SO_ELEGIVEL,Imóveis Enquadrados Como Z8-200 (atual Zepec) No Bairro de Santa Ifigênia,"Rua Santa Ifigênia, 370, 372",República,,tombado,municipal+estadual,,,,2019-10-30,0080820034
SO_ELEGIVEL·sem dono,SO_ELEGIVEL,Imóveis Enquadrados Como Z8-200 (atual Zepec) No Bairro de Santa Ifigênia,"Rua Santa Ifigênia, 382, 386",República,,tombado,municipal+estadual,,,,2019-10-30,0080820032
SO_ELEGIVEL·sem dono,SO_ELEGIVEL,Imóveis Enquadrados Como Z8-200 (atual Zepec) No Bairro de Santa Ifigênia,"Rua Santa Ifigênia, 378, 380",República,,tombado,municipal+estadual,,,,2019-10-30,0080820033
SO_ELEGIVEL·sem dono,SO_ELEGIVEL,Imóveis Enquadrados Como Z8-200 (atual Zepec) No Bairro de Santa Ifigênia,"Rua Santa Ifigênia, 401, 403, 407",República,,tombado,municipal+estadual,,,,2019-10-30,0080810016
SO_ELEGIVEL·sem dono,SO_ELEGIVEL,Imóveis Enquadrados Como Z8-200 (atual Zepec) No Bairro de Santa Ifigênia,"Rua Santa Ifigênia, 367, 373",República,,tombado,municipal+estadual,,,,2019-10-30,0080810012
SO_ELEGIVEL·sem dono,SO_ELEGIVEL,Imóveis Enquadrados Como Z8-200 (atual Zepec) No Bairro de Santa Ifigênia,"Rua Santa Ifigênia, 390, 394",República,,tombado,municipal+estadual,,,,2019-10-30,0080820031
SO_ELEGIVEL·sem dono,SO_ELEGIVEL,Imóveis Enquadrados Como Z8-200 (atual Zepec) No Bairro de Santa Ifigênia / Palacete Helvetia,"Rua Santa Ifigênia, 338, 342, 348, 352, 358",República,,tombado,municipal+estadual,,,,2019-10-30,0080820001
SO_ELEGIVEL·sem dono,SO_ELEGIVEL,Palácio da Imprensa / Bairro de Santa Ifigênia / Revisão 2018,"Avenida Cásper Líbero, 88, 76, 88",República,,tombado,estadual,,,,,0010450004
SO_ELEGIVEL·sem dono,SO_ELEGIVEL,Praça da Republica,,República,,tombado,municipal+estadual,,,,2017-08-17,0070000000
SO_ELEGIVEL·sem dono,SO_ELEGIVEL,Prédio do Instituto de Identificação Ricardo Gumbleton Daunt / Bairro de Santa Ifigênia / Revisão 2018,"Avenida Cásper Líbero, 360, 380",República,,tombado,estadual,,,,,0010270028
SO_ELEGIVEL·sem dono,SO_ELEGIVEL,Teatro Oficina / Bairro da Bela Vista,"Rua Jaceguai, 520, 528",República,,tombado,municipal+estadual+federal,,,,1991-04-10,0060560020
SO_ELEGIVEL·sem dono,SO_ELEGIVEL,Área do Anhangabaú / Bairro de Santa Ifigênia / Revisão,"Rua Santa Ifigênia, 25, 29, 31",República,,tombado,municipal,,,,1992-12-09,0010530009
SO_ELEGIVEL·sem dono,SO_ELEGIVEL,Área do Anhangabaú / Bairro de Santa Ifigênia / Revisão,"Viaduto Santa Ifigênia, 255, 259, 263, 182, 186, 192, 194, 198, 69, 83",República,,tombado,municipal,,,,1992-12-09,0010460002
SO_ELEGIVEL·sem dono,SO_ELEGIVEL,Área do Anhangabaú / Bairro de Santa Ifigênia / Revisão (excluído 2009),"Avenida São João, 340, 342, 350, 354, 360, 374",República,,tombado,municipal,,,,1992-12-09,0010580047
SO_ELEGIVEL·sem dono,SO_ELEGIVEL,Área do Anhangabaú / Bairro de Santa Ifigênia / Revisão (inclusão Em 2009),"Rua Santa Ifigênia, 1, 5, 7",República,,tombado,municipal,,,,1992-12-09,0010530006
SO_ELEGIVEL·sem dono,SO_ELEGIVEL,Área do Anhangabaú / Condominio Edificio Paissandu / Bairro de Santa Ifigênia (revisão 2018),"Rua Capitão Salomão, 110, 88, 94, 100, 110",República,,tombado,municipal+estadual,,,,1992-12-09,0010570000
SO_ELEGIVEL·sem dono,SO_ELEGIVEL,Área do Anhangabaú / Edifício Inss / Antiga Sede do Iapc / Bairro de Santa Ifigênia / Revisão 2018,"Viaduto Santa Ifigênia, 266, 111, 157",República,,tombado,municipal+estadual,,,,1992-12-09,0010460003
SO_ELEGIVEL·sem dono,SO_ELEGIVEL,Área do Anhangabaú / Edifício J. Moreira / Bairro de Santa Ifigênia / Revisão,"Rua Beneficência Portuguesa, 53, 55, 116, 126, 134, 144, 152",República,,tombado,municipal,,,,2019-05-30,0010450000
SO_ELEGIVEL·sem dono,SO_ELEGIVEL,Área do Anhangabaú / Hotel Britânia / Bairro de Santa Ifigênia (excluído 2009),"Rua Abelardo Pinto, 78, 300, 304",República,,tombado,municipal,,,,1992-12-09,0010580000
SO_ELEGIVEL·sem dono,SO_ELEGIVEL,Área do Anhangabaú / Igreja de Santa Ifigênia / Bairro de Santa Ifigênia / Revisão,"Avenida Casper Líbero, 30",República,,tombado,municipal,,,,1992-12-09,0010440358
SO_ELEGIVEL·sem dono,SO_ELEGIVEL,Área do Anhangabaú / Palacete de José de Vasconcelos de Almeida Prado /  Colégio Araújo / Bairro de Santa Ifigênia (revisão 2018),"Rua Beneficência Portuguesa, 29, 49, 295, 303, 309, 317",República,,tombado,municipal+estadual,,,,1992-12-09,0010450002
SO_ELEGIVEL·sem dono,SO_ELEGIVEL,Área do Anhangabaú / São Paulo Center Hotel / Bairro de Santa Ifigênia / Revisão,"Largo Santa Ifigênia, 44, 159, 175, 179, 183",República,,tombado,municipal,,,,1992-12-09,0010460275
SO_ELEGIVEL·sem dono,SO_ELEGIVEL,Bairro da Barra Funda / Área do Teatro São Pedro,"Praça Marechal Deodoro, 152, 156, 160",Santa Cecília,,tombado,municipal,,,,2021-05-29,0200520000
SO_ELEGIVEL·sem dono,SO_ELEGIVEL,Bairro da Barra Funda / Área do Teatro São Pedro,"Praça Marechal Deodoro, 246, 248, 250",Santa Cecília,,tombado,municipal,,,,2021-05-29,0200520011
SO_ELEGIVEL·sem dono,SO_ELEGIVEL,Bairro da Barra Funda / Área do Teatro São Pedro,"Rua Vitorino Carmilo, 664",Santa Cecília,,tombado,municipal,,,,2021-05-29,0200350048
SO_ELEGIVEL·sem dono,SO_ELEGIVEL,Bairro da Barra Funda / Área do Teatro São Pedro,"Alameda Ribeiro da Silva, 835, 877",Santa Cecília,,tombado,municipal,,,,2021-05-29,0080120032
SO_ELEGIVEL·sem dono,SO_ELEGIVEL,Bairro da Barra Funda / Área do Teatro São Pedro,"Rua Brigadeiro Galvao, 265",Santa Cecília,,tombado,municipal,,,,2021-05-29,0200500053
SO_ELEGIVEL·sem dono,SO_ELEGIVEL,Bairro da Barra Funda / Área do Teatro São Pedro,"Rua Lopes de Oliveira, 75",Santa Cecília,,tombado,municipal,,,,2021-05-29,0200280026
SO_ELEGIVEL·sem dono,SO_ELEGIVEL,Bairro da Barra Funda / Área do Teatro São Pedro,"Rua Barra Funda, 127, 131, 137, 139, 141, 145, 149, 161",Santa Cecília,,tombado,municipal,,,,2021-05-29,0200510194
SO_ELEGIVEL·sem dono,SO_ELEGIVEL,Bairro da Barra Funda / Área do Teatro São Pedro,"Rua Vitorino Carmilo, 680",Santa Cecília,,tombado,municipal,,,,2021-05-29,0200350046
SO_ELEGIVEL·sem dono,SO_ELEGIVEL,Bairro da Barra Funda / Área do Teatro São Pedro,"Rua Lopes de Oliveira, 65",Santa Cecília,,tombado,municipal,,,,2021-05-29,0200280024
SO_ELEGIVEL·sem dono,SO_ELEGIVEL,Bairro da Barra Funda / Área do Teatro São Pedro,"Rua Albuquerque Lins, 256, 258, 264, 268",Santa Cecília,,tombado,municipal,,,,2021-05-29,0200520012
SO_ELEGIVEL·sem dono,SO_ELEGIVEL,Bairro da Barra Funda / Área do Teatro São Pedro,"Rua Brigadeiro Galvao, 176",Santa Cecília,,tombado,municipal,,,,2021-05-29,0200510023
SO_ELEGIVEL·sem dono,SO_ELEGIVEL,Bairro da Barra Funda / Área do Teatro São Pedro,"Rua Vitorino Carmilo, 672",Santa Cecília,,tombado,municipal,,,,2021-05-29,0200350047
SO_ELEGIVEL·sem dono,SO_ELEGIVEL,Bairro da Barra Funda / Área do Teatro São Pedro,"Praça Marechal Deodoro, 352, 356, 360",Santa Cecília,,tombado,municipal,,,,2021-05-29,0200500015
SO_ELEGIVEL·sem dono,SO_ELEGIVEL,Bairro da Barra Funda / Área do Teatro São Pedro,"Rua Vitorino Carmilo, 656",Santa Cecília,,tombado,municipal,,,,2021-05-29,0200350049
SO_ELEGIVEL·sem dono,SO_ELEGIVEL,Bairro da Barra Funda / Área do Teatro São Pedro,"Alameda Ribeiro da Silva, 836",Santa Cecília,,tombado,municipal,,,,2021-05-29,0080030001
SO_ELEGIVEL·sem dono,SO_ELEGIVEL,Bairro da Barra Funda / Área do Teatro São Pedro,"Alameda Eduardo Prado, 641",Santa Cecília,,tombado,municipal,,,,2021-05-29,0080040028
SO_ELEGIVEL·sem dono,SO_ELEGIVEL,Bairro da Barra Funda / Área do Teatro São Pedro,"Alameda Eduardo Prado, 667",Santa Cecília,,tombado,municipal,,,,2021-05-29,0080030029
SO_ELEGIVEL·sem dono,SO_ELEGIVEL,Bairro da Barra Funda / Área do Teatro São Pedro,"Rua Vitorino Carmilo, 422",Santa Cecília,,tombado,municipal,,,,2021-05-29,0080030044
SO_ELEGIVEL·sem dono,SO_ELEGIVEL,Bairro da Barra Funda / Área do Teatro São Pedro,"Alameda Ribeiro da Silva, 825",Santa Cecília,,tombado,municipal,,,,2021-05-29,0080120031
SO_ELEGIVEL·sem dono,SO_ELEGIVEL,Bairro da Barra Funda / Área do Teatro São Pedro,"Rua Lopes de Oliveira, 695, 699",Santa Cecília,,tombado,municipal,,,,2021-05-29,0200500020
SO_ELEGIVEL·sem dono,SO_ELEGIVEL,Bairro da Barra Funda / Área do Teatro São Pedro,"Rua Albuquerque Lins, 263, 182",Santa Cecília,,tombado,municipal,,,,2021-05-29,0200510021
SO_ELEGIVEL·sem dono,SO_ELEGIVEL,Bairro da Barra Funda / Área do Teatro São Pedro,"Praça Marechal Deodoro, 198, 202",Santa Cecília,,tombado,municipal,,,,2021-05-29,0200520006
SO_ELEGIVEL·sem dono,SO_ELEGIVEL,Bairro da Barra Funda / Área do Teatro São Pedro,"Rua Brigadeiro Galvao, 162",Santa Cecília,,tombado,municipal,,,,2021-05-29,0200510022
SO_ELEGIVEL·sem dono,SO_ELEGIVEL,Bairro da Barra Funda / Área do Teatro São Pedro,"Praça Marechal Deodoro, 390, 394",Santa Cecília,,tombado,municipal,,,,2021-05-29,0200500060
SO_ELEGIVEL·sem dono,SO_ELEGIVEL,Bairro da Barra Funda / Área do Teatro São Pedro,"Rua Vitorino Carmilo, 407",Santa Cecília,,tombado,municipal,,,,2021-05-29,0080020004
SO_ELEGIVEL·sem dono,SO_ELEGIVEL,Bairro da Barra Funda / Área do Teatro São Pedro,"Alameda Barão de Limeira, 1525, 1525, 59",Santa Cecília,,tombado,municipal,,,,2021-05-29,0200280023
SO_ELEGIVEL·sem dono,SO_ELEGIVEL,Bairro da Barra Funda / Área do Teatro São Pedro,"Praça Marechal Deodoro, 386, 388",Santa Cecília,,tombado,municipal,,,,2021-05-29,0200500059
SO_ELEGIVEL·sem dono,SO_ELEGIVEL,Bairro da Barra Funda / Área do Teatro São Pedro,"Praça Marechal Deodoro, 208, 212",Santa Cecília,,tombado,municipal,,,,2021-05-29,0200520007
SO_ELEGIVEL·sem dono,SO_ELEGIVEL,Bairro da Barra Funda / Área do Teatro São Pedro,"Praça Marechal Deodoro, 432, 434, 438, 703",Santa Cecília,,tombado,municipal,,,,2021-05-29,0200500019
SO_ELEGIVEL·sem dono,SO_ELEGIVEL,Bairro da Barra Funda / Área do Teatro São Pedro,"Rua Lopes de Oliveira, 687, 691",Santa Cecília,,tombado,municipal,,,,2021-05-29,0200500021
SO_ELEGIVEL·sem dono,SO_ELEGIVEL,Bairro da Barra Funda / Área do Teatro São Pedro,"Praça Marechal Deodoro, 320, 324, 328",Santa Cecília,,tombado,municipal,,,,2021-05-29,0200500013
SO_ELEGIVEL·sem dono,SO_ELEGIVEL,Bairro da Barra Funda / Área do Teatro São Pedro,"Rua Lopes de Oliveira, 79",Santa Cecília,,tombado,municipal,,,,2021-05-29,0200280027
SO_ELEGIVEL·sem dono,SO_ELEGIVEL,Bairro da Barra Funda / Área do Teatro São Pedro,"Rua Vitorino Carmilo, 690",Santa Cecília,,tombado,municipal,,,,2021-05-29,0200350045
SO_ELEGIVEL·sem dono,SO_ELEGIVEL,Bairro da Barra Funda / Área do Teatro São Pedro,"Rua Lopes de Oliveira, 69",Santa Cecília,,tombado,municipal,,,,2021-05-29,0200280025
SO_ELEGIVEL·sem dono,SO_ELEGIVEL,Bairro da Barra Funda / Área do Teatro São Pedro,"Rua Vitorino Carmilo, 650",Santa Cecília,,tombado,municipal,,,,2021-05-29,0200350050
SO_ELEGIVEL·sem dono,SO_ELEGIVEL,Bairro de Higienópolis / Edifício Higienópolis,"Rua Conselheiro Brotero, 1092",Santa Cecília,,tombado,municipal,,,,1994-09-07,0200730000
SO_ELEGIVEL·sem dono,SO_ELEGIVEL,Bairro dos Campos Eliseos,"Rua Conselheiro Nébias, 1340",Santa Cecília,,tombado,municipal+estadual,,,,2018-02-24,0080150015
SO_ELEGIVEL·sem dono,SO_ELEGIVEL,Bairro dos Campos Elíseos,"Avenida Rio Branco, 1294",Santa Cecília,,tombado,municipal+estadual,,,,2018-02-24,0080250038
SO_ELEGIVEL·sem dono,SO_ELEGIVEL,Bairro dos Campos Elíseos,"Alameda Glete, 501",Santa Cecília,,tombado,municipal+estadual,,,,2018-02-24,0080340013
SO_ELEGIVEL·sem dono,SO_ELEGIVEL,Bairro dos Campos Elíseos,"Avenida Rio Branco, 1278",Santa Cecília,,tombado,municipal+estadual,,,,2018-02-24,0080250039
SO_ELEGIVEL·sem dono,SO_ELEGIVEL,Bairro dos Campos Elíseos,"Rua Conselheiro Nébias, 1661",Santa Cecília,,tombado,municipal+estadual,,,,2018-02-24,0200170310
SO_ELEGIVEL·sem dono,SO_ELEGIVEL,Bairro dos Campos Elíseos,"Alameda Barão de Piracicaba, 304, 83",Santa Cecília,,tombado,municipal+estadual,,,,2018-02-24,0080370021
SO_ELEGIVEL·sem dono,SO_ELEGIVEL,Bairro dos Campos Elíseos,"Rua Conselheiro Nébias, 1699, 1723",Santa Cecília,,tombado,municipal+estadual,,,,2018-02-24,0200170279
SO_ELEGIVEL·sem dono,SO_ELEGIVEL,Bairro dos Campos Elíseos,"Alameda Dino Bueno, 135, 15",Santa Cecília,,tombado,municipal+estadual,,,,2018-02-24,0080370010
SO_ELEGIVEL·sem dono,SO_ELEGIVEL,Bairro dos Campos Elíseos,"Alameda Dino Bueno, 118",Santa Cecília,,tombado,municipal+estadual,,,,2018-02-24,0080380031
SO_ELEGIVEL·sem dono,SO_ELEGIVEL,Bairro dos Campos Elíseos,"Largo Coração de Jesus, 37",Santa Cecília,,tombado,municipal+estadual,,,,2018-02-24,0080370013
SO_ELEGIVEL·sem dono,SO_ELEGIVEL,Bairro dos Campos Elíseos,"Alameda Dino Bueno, 475",Santa Cecília,,tombado,municipal+estadual,,,,2018-02-24,0080180067
SO_ELEGIVEL·sem dono,SO_ELEGIVEL,Bairro dos Campos Elíseos,"Rua Conselheiro Nébias, 1683",Santa Cecília,,tombado,municipal+estadual,,,,2018-02-24,0200170280
SO_ELEGIVEL·sem dono,SO_ELEGIVEL,Bairro dos Campos Elíseos,"Largo Coração de Jesus, 75, 81",Santa Cecília,,tombado,municipal+estadual,,,,2018-02-24,0080370019
SO_ELEGIVEL·sem dono,SO_ELEGIVEL,Bairro dos Campos Elíseos,"Alameda Nothmann, 567, 1050",Santa Cecília,,tombado,municipal+estadual,,,,2018-02-24,0080230011
SO_ELEGIVEL·sem dono,SO_ELEGIVEL,Bairro dos Campos Elíseos,"Largo Coração de Jesus, 67, 67",Santa Cecília,,tombado,municipal+estadual,,,,2018-02-24,0080370018
SO_ELEGIVEL·sem dono,SO_ELEGIVEL,Bairro dos Campos Elíseos,"Rua Conselheiro Nébias, 1295, 1355",Santa Cecília,,tombado,municipal+estadual,,,,2018-02-24,0080140008
SO_ELEGIVEL·sem dono,SO_ELEGIVEL,Bairro dos Campos Elíseos,"Largo Coração de Jesus, 83",Santa Cecília,,tombado,municipal+estadual,,,,2018-02-24,0080370020
SO_ELEGIVEL·sem dono,SO_ELEGIVEL,Bairro dos Campos Elíseos,"Rua Guaianases, 1058",Santa Cecília,,tombado,municipal+estadual,,,,2018-02-24,0080240018
SO_ELEGIVEL·sem dono,SO_ELEGIVEL,Bairro dos Campos Elíseos,"Alameda Ribeiro da Silva, 120",Santa Cecília,,tombado,municipal+estadual,,,,2018-02-24,0080090006
SO_ELEGIVEL·sem dono,SO_ELEGIVEL,Bairro dos Campos Elíseos,"Avenida Rio Branco, 1468, 1470, 1492",Santa Cecília,,tombado,municipal+estadual,,,,2018-02-24,0080170031
SO_ELEGIVEL·sem dono,SO_ELEGIVEL,Bairro dos Campos Elíseos,"Avenida Rio Branco, 1312",Santa Cecília,,tombado,municipal+estadual,,,,2018-02-24,0080250037
SO_ELEGIVEL·sem dono,SO_ELEGIVEL,Bairro dos Campos Elíseos,"Rua Conselheiro Nébias, 1283",Santa Cecília,,tombado,municipal+estadual,,,,2018-02-24,0080140007
SO_ELEGIVEL·sem dono,SO_ELEGIVEL,Bairro dos Campos Elíseos,"Avenida Rio Branco, 1318",Santa Cecília,,tombado,municipal+estadual,,,,2018-02-24,0080250036
SO_ELEGIVEL·sem dono,SO_ELEGIVEL,Bairro dos Campos Elíseos,"Largo Coração de Jesus, 39",Santa Cecília,,tombado,municipal+estadual,,,,2018-02-24,0080370014
SO_ELEGIVEL·sem dono,SO_ELEGIVEL,Bairro dos Campos Elíseos,"Alameda Nothmann, 495, 1112",Santa Cecília,,tombado,municipal+estadual,,,,2018-02-24,0080240017
SO_ELEGIVEL·sem dono,SO_ELEGIVEL,Bairro dos Campos Elíseos,"Avenida Rio Branco, 1260",Santa Cecília,,tombado,municipal+estadual,,,,2018-02-24,0080250040
SO_ELEGIVEL·sem dono,SO_ELEGIVEL,Bairro dos Campos Elíseos,"Rua Guaianases, 1128, 526, 1340",Santa Cecília,,tombado,municipal+estadual,,,,2018-02-24,0080160015
SO_ELEGIVEL·sem dono,SO_ELEGIVEL,Bairro dos Campos Elíseos,"Largo Coração de Jesus, 21",Santa Cecília,,tombado,municipal+estadual,,,,2018-02-24,0080370011
SO_ELEGIVEL·sem dono,SO_ELEGIVEL,Bairro dos Campos Elíseos,"Largo Coração de Jesus, 23",Santa Cecília,,tombado,municipal+estadual,,,,2018-02-24,0080370012
SO_ELEGIVEL·sem dono,SO_ELEGIVEL,Bairro dos Campos Elíseos,"Rua Guaianases, 1050",Santa Cecília,,tombado,municipal+estadual,,,,2018-02-24,0080240019
SO_ELEGIVEL·sem dono,SO_ELEGIVEL,Bairro dos Campos Elíseos,"Alameda Barão de Limeira, 532, 534, 540, 544, 548, 591",Santa Cecília,,tombado,municipal+estadual,,,,2018-02-24,0080450000
SO_ELEGIVEL·sem dono,SO_ELEGIVEL,Bairro dos Campos Elíseos,"Rua Conselheiro Nébias, 1669",Santa Cecília,,tombado,municipal+estadual,,,,2018-02-24,0200170311
SO_ELEGIVEL·sem dono,SO_ELEGIVEL,Bairro dos Campos Elíseos / Antiga Sede da Chácara do Carvalho/projeto Luigi Pucci / 1891/construção Giuseppe Merlini,"Alameda Barão de Limeira, 1379",Santa Cecília,,tombado,municipal+estadual,,,,2018-02-24,0200290001
SO_ELEGIVEL·sem dono,SO_ELEGIVEL,Bairro dos Campos Elíseos / Propriedade da Universidade Estadual Paulista Júlio de Mesquita,"Avenida Rio Branco, 1210",Santa Cecília,,tombado,municipal+estadual,,,,2018-02-24,0080250041
SO_ELEGIVEL·sem dono,SO_ELEGIVEL,Condomínio J. R. S. / Bairro da Barra Funda / Área do Teatro São Pedro,"Praça Marechal Deodoro, 62, 70, 76, 82",Santa Cecília,,tombado,municipal,,,,2021-05-29,0070010000
SO_ELEGIVEL·sem dono,SO_ELEGIVEL,Edifício Brigadeiro Galvão / Bairro da Barra Funda / Área do Teatro São Pedro,"Rua Albuquerque Lins, 268",Santa Cecília,,tombado,municipal,,,,2021-05-29,0200410000
SO_ELEGIVEL·sem dono,SO_ELEGIVEL,Edifício Lunice / Edifícios Art Déco e Modernos Nas Imediações Praça Marechal Deodoro,"Rua das Palmeiras, 336, 342, 350",Santa Cecília,,tombado,municipal,,,,2018-07-27,0070130000
SO_ELEGIVEL·sem dono,SO_ELEGIVEL,Edifício Maria Teresa / Edifícios Art Déco e Modernos Nas Imediações Praça Marechal Deodoro,"Alameda Barros, 650",Santa Cecília,,tombado,municipal,,,,2018-07-27,0200640041
SO_ELEGIVEL·sem dono,SO_ELEGIVEL,Edifício Reynaldo Porchat / Projeto Rino Levi / Imediações Praça Marechal Deodoro,"Avenida São João, 2085, 2091",Santa Cecília,,tombado,municipal,,,,2018-09-14,0070060000
SO_ELEGIVEL·sem dono,SO_ELEGIVEL,Edifício Tupã / Edifícios Art Déco e Modernos Nas Imediações Praça Marechal Deodoro,"Praça Marechal Deodoro, 171, 179, 187, 191",Santa Cecília,,tombado,municipal,,,,2018-07-27,0200660049
SO_ELEGIVEL·sem dono,SO_ELEGIVEL,Edifícios Art Déco e Modernos Nas Imediações Praça Marechal Deodoro,"Rua Rosa e Silva, 121",Santa Cecília,,tombado,municipal,,,,2018-07-27,0200640012
SO_ELEGIVEL·sem dono,SO_ELEGIVEL,Funarte / Bairro da Barra Funda / Área do Teatro São Pedro,"Alameda Nothmann, 1058, 1074",Santa Cecília,,tombado,municipal,,,,2021-05-29,0070080033
SO_ELEGIVEL·sem dono,SO_ELEGIVEL,Parque Residencial Savoya / Parque Residencial Saboya / Projeto Arnaldo Maia Lello / 1939 / Área Interna do Pátio,"Rua Vitorino Carmilo, 453",Santa Cecília,,tombado,municipal+estadual,,,,2017-06-08,0080020444
SO_ELEGIVEL·sem dono,SO_ELEGIVEL,Sede da Funarte e do Minc/sp / Bairro da Barra Funda / Área do Teatro São Pedro,"Rua Apa, 83, 212, 234",Santa Cecília,,tombado,municipal,,,,2021-05-29,0070080001
SO_ELEGIVEL·sem dono,SO_ELEGIVEL,Viaduto Pacaembu (viaduto General Olímpio da Silveira),,Santa Cecília,,tombado,municipal+estadual,,,,2009-09-16,0200000000
SO_ELEGIVEL·sem dono,SO_ELEGIVEL,Antiga Chácara Baruel /biblioteca Municipal Narbal Fontes,"Rua Voluntarios da Patria, 2677",Santana,,tombado,municipal,,,,2018-05-16,0721080125
SO_ELEGIVEL·sem dono,SO_ELEGIVEL,Antiga Chácara Baruel/biblioteca Municipal Narbal Fontes,"Rua Conselheiro Moreira de Barros, 170",Santana,,tombado,municipal,,,,2018-05-16,0721080115
SO_ELEGIVEL·sem dono,SO_ELEGIVEL,Estação Santana do Metrô (acesso à Estação) / Obra de Marcello Aciolly Fragelli / 1968 - Item 103,"Avenida Cruzeiro do Sul, 3173, 3201",Santana,,tombado,municipal,,,,2017-12-21,0730390070
SO_ELEGIVEL·sem dono,SO_ELEGIVEL,Estação Tietê do Metrô / Obra de Marcello Aciolly Fragelli / 1968,"Avenida Cruzeiro do Sul, 1777",Santana,,tombado,municipal,,,,2017-12-21,0731570080
SO_ELEGIVEL·sem dono,SO_ELEGIVEL,Mirante de Santana e Praça Vaz Guaçu,Rua Pero Leme,Santana,,tombado,municipal,,,,2025-08-27,0692070001
SO_ELEGIVEL·sem dono,SO_ELEGIVEL,Antigo Mercado de Santo Amaro / Mercado Municipal de Santo Amaro / Casa de Cultura Manoel Cardoso de Mendonça,"Rua Francisco Ferreira Lopes, 434",Santo Amaro,,tombado,municipal+estadual,,,,1991-04-10,0872530001
SO_ELEGIVEL·sem dono,SO_ELEGIVEL,Eixo Histórico de Santo Amaro / Antiga Prefeitura de Santo Amaro,"Praça Floriano Peixoto, 131",Santo Amaro,,tombado,municipal,,,,2002-08-17,0872210001
SO_ELEGIVEL·sem dono,SO_ELEGIVEL,Eixo Histórico de Santo Amaro / Imóvel Na Praça Dr Francisco Ferreira Lopes,"Praça Doutor Francisco Ferreira Lopes, 787",Santo Amaro,,tombado,municipal,,,,2002-08-17,0873060028
SO_ELEGIVEL·sem dono,SO_ELEGIVEL,Eixo Histórico de Santo Amaro / Praça Floriano Peixoto,Praça Floriano Peixoto,Santo Amaro,,tombado,municipal,,,,2002-08-17,0870000000
SO_ELEGIVEL·sem dono,SO_ELEGIVEL,Estação de Tratamento de Água Professor Teodoro Augusto Ramos,"Rua Américo Brasiliense, 630, 2334",Santo Amaro,,tombado,municipal,,,,2019-09-25,0880480001
SO_ELEGIVEL·sem dono,SO_ELEGIVEL,Terreiro de Candomblé Ilé Dara Asé Osun Eyin (praça),Praça Entre R. Eng. Sá Freire,Sapopemba,,tombado,municipal,,,,2024-08-22,1551910001
SO_ELEGIVEL·sem dono,SO_ELEGIVEL,Igreja de São Miguel Paulista / Praça Padre Aleixo Monteiro Mafra,"Praça Padre Aleixo Monteiro Mafra, 10",São Miguel,,tombado,municipal+estadual+federal,,,,1991-04-10,1127050001
SO_ELEGIVEL·sem dono,SO_ELEGIVEL,Antiga Casa de Aluguel Inserida No Conjunto Arquitetônico do Largo de São Francisco,"Avenida Brigadeiro Luís Antônio, 42",Sé,,tombado,municipal,,,,1988-11-19,0050190017
SO_ELEGIVEL·sem dono,SO_ELEGIVEL,Escadaria e Balaustrada Entre a Rua Libero Badaró e o Parque Anhangabaú,"Parque Anhangabaú, 296, 304, 367, 377, 393",Sé,,tombado,municipal,,,,1992-12-09,0010780000
SO_ELEGIVEL·sem dono,SO_ELEGIVEL,Estação Liberdade do Metrô / Acesso à Estação / Obra de Marcello Aciolly Fragelli / 1968,"Praça da Liberdade, 160",Sé,,tombado,municipal,,,,2017-12-21,0050820355
SO_ELEGIVEL·sem dono,SO_ELEGIVEL,Praça - Rua do Carmo,,Sé,,tombado,municipal,,,,2007-07-25,0030030000
SO_ELEGIVEL·sem dono,SO_ELEGIVEL,Viaduto Boa Vista,,Sé,,tombado,municipal,,,,2007-07-25,0020000000
SO_ELEGIVEL·sem dono,SO_ELEGIVEL,Viaduto Vinte e Cinco de Março,,Sé,,tombado,municipal,,,,2007-07-25,0030000000
SO_ELEGIVEL·sem dono,SO_ELEGIVEL,Viaduto e Respectiva Escadaria da Rua Florêncio de Abreu Sobre a Rua Carlos de Souza Nazareth,Praça Antonio Prado,Sé,,tombado,municipal,,,,1992-12-09,0010000000
SO_ELEGIVEL·sem dono,SO_ELEGIVEL,Área do Anhangabaú / Sede da Prefeitura de São Paulo / Antiga Sede do Banespa / Antigo Edifício Matarazzo,"Praça do Patriarca, 15",Sé,,tombado,municipal+estadual,,,,1992-12-09,0050010000
SO_ELEGIVEL·sem dono,SO_ELEGIVEL,Área do Centro Velho / Mercado de Verduras Japonês / Mercadinho da Cantareira / Mercado Municipal Kinjo Yamato,"Rua da Cantareira, 377, 402",Sé,,tombado,municipal+estadual,,,,2007-07-25,0010520006
SO_ELEGIVEL·sem dono,SO_ELEGIVEL,Complexo Hidroferroviário da Serra da Cantareira / Estação Cantareira / Club da Sabesp,"Rua Luís Carlos Gentile de Laet, 2500",Tremembé,,tombado,municipal,,,,2018-03-15,1282110020
SO_ELEGIVEL·sem dono,SO_ELEGIVEL,Conjunto Arquitetônico Na Avenida Conselheiro Rodrigues Alves,"Avenida Conselheiro Rodrigues Alves, 289, 7",Vila Mariana,,tombado,municipal,,,,2019-04-16,0370350031
SO_ELEGIVEL·sem dono,SO_ELEGIVEL,Conjunto Arquitetônico Na Avenida Conselheiro Rodrigues Alves,"Avenida Conselheiro Rodrigues Alves, 289, 5",Vila Mariana,,tombado,municipal,,,,2019-04-16,0370350029
SO_ELEGIVEL·sem dono,SO_ELEGIVEL,Conjunto Arquitetônico Na Avenida Conselheiro Rodrigues Alves,"Avenida Conselheiro Rodrigues Alves, 281",Vila Mariana,,tombado,municipal,,,,2019-04-16,0370350033
SO_ELEGIVEL·sem dono,SO_ELEGIVEL,Conjunto Arquitetônico Na Avenida Conselheiro Rodrigues Alves,"Avenida Conselheiro Rodrigues Alves, 275",Vila Mariana,,tombado,municipal,,,,2019-04-16,0370350034
SO_ELEGIVEL·sem dono,SO_ELEGIVEL,Conjunto Arquitetônico Na Avenida Conselheiro Rodrigues Alves,"Avenida Conselheiro Rodrigues Alves, 289, 4",Vila Mariana,,tombado,municipal,,,,2019-04-16,0370350028
SO_ELEGIVEL·sem dono,SO_ELEGIVEL,Conjunto Arquitetônico Na Avenida Conselheiro Rodrigues Alves,"Avenida Conselheiro Rodrigues Alves, 289, 2",Vila Mariana,,tombado,municipal,,,,2019-04-16,0370350026
SO_ELEGIVEL·sem dono,SO_ELEGIVEL,Conjunto Arquitetônico Na Avenida Conselheiro Rodrigues Alves,"Avenida Conselheiro Rodrigues Alves, 289, 1",Vila Mariana,,tombado,municipal,,,,2019-04-16,0370350032
SO_ELEGIVEL·sem dono,SO_ELEGIVEL,Conjunto Arquitetônico Na Avenida Conselheiro Rodrigues Alves,"Avenida Conselheiro Rodrigues Alves, 289, 6",Vila Mariana,,tombado,municipal,,,,2019-04-16,0370350030
SO_ELEGIVEL·sem dono,SO_ELEGIVEL,Conjunto Arquitetônico Na Avenida Conselheiro Rodrigues Alves,"Avenida Conselheiro Rodrigues Alves, 289, 3",Vila Mariana,,tombado,municipal,,,,2019-04-16,0370350027
SO_ELEGIVEL·sem dono,SO_ELEGIVEL,"Parque Chácara do Jockey / Bairro do Ferreira / Cocheiras,alojamento Para Cavalariços, Casa da Administração e Escritórios","Rua Santa Crescência, 323",Vila Sônia,,tombado,municipal,,,,2018-12-05,1230010010
INCERTO·sem dono,INCERTO,,,,,BIR,,,,,2025,
INCERTO·sem dono,INCERTO,Bar Ó do Borogodó,"Rua Horacio Lane, 21, 1502, 1504",,,APC,,,,,2023-11-17,
INCERTO·sem dono,INCERTO,Cine Belas Artes,"Rua da Consolacao, 2423",,,APC,,,,,2016-11-26,
INCERTO·sem dono,INCERTO,Luminárias Ornamentais da Light,,,,tombado,municipal,,,,2022-10-28,
INCERTO·sem dono,INCERTO,Luminárias Ornamentais da Light,,,,tombado,municipal,,,,2022-10-28,
INCERTO·sem dono,INCERTO,Luminárias Ornamentais da Light,,,,tombado,municipal,,,,2022-10-28,
INCERTO·sem dono,INCERTO,Luminárias Ornamentais da Light,,,,tombado,municipal,,,,2022-10-28,
INCERTO·sem dono,INCERTO,Luminárias Ornamentais da Light,,,,tombado,municipal,,,,2022-10-28,
INCERTO·sem dono,INCERTO,Luminárias Ornamentais da Light,,,,tombado,municipal,,,,2022-10-28,
INCERTO·sem dono,INCERTO,Luminárias Ornamentais da Light,,,,tombado,municipal,,,,2022-10-28,
INCERTO·sem dono,INCERTO,Luminárias Ornamentais da Light,,,,tombado,municipal,,,,2022-10-28,
INCERTO·sem dono,INCERTO,Luminárias Ornamentais da Light,,,,tombado,municipal,,,,2022-10-28,
INCERTO·sem dono,INCERTO,Luminárias Ornamentais da Light,,,,tombado,municipal,,,,2022-10-28,
INCERTO·sem dono,INCERTO,Luminárias Ornamentais da Light,,,,tombado,municipal,,,,2022-10-28,
INCERTO·sem dono,INCERTO,Luminárias Ornamentais da Light,,,,tombado,municipal,,,,2022-10-28,
INCERTO·sem dono,INCERTO,Luminárias Ornamentais da Light,,,,tombado,municipal,,,,2022-10-28,
INCERTO·sem dono,INCERTO,Luminárias Ornamentais da Light,,,,tombado,municipal,,,,2022-10-28,
INCERTO·sem dono,INCERTO,Luminárias Ornamentais da Light,,,,tombado,municipal,,,,2022-10-28,
INCERTO·sem dono,INCERTO,Luminárias Ornamentais da Light,,,,tombado,municipal,,,,2022-10-28,
INCERTO·sem dono,INCERTO,Luminárias Ornamentais da Light,,,,tombado,municipal,,,,2022-10-28,
INCERTO·sem dono,INCERTO,Luminárias Ornamentais da Light,,,,tombado,municipal,,,,2022-10-28,
INCERTO·sem dono,INCERTO,Luminárias Ornamentais da Light,,,,tombado,municipal,,,,2022-10-28,
INCERTO·sem dono,INCERTO,Luminárias Ornamentais da Light,,,,tombado,municipal,,,,2022-10-28,
INCERTO·sem dono,INCERTO,Luminárias Ornamentais da Light,,,,tombado,municipal,,,,2022-10-28,
INCERTO·sem dono,INCERTO,Luminárias Ornamentais da Light,,,,tombado,municipal,,,,2022-10-28,
INCERTO·sem dono,INCERTO,Luminárias Ornamentais da Light,,,,tombado,municipal,,,,2022-10-28,
INCERTO·sem dono,INCERTO,Luminárias Ornamentais da Light,,,,tombado,municipal,,,,2022-10-28,
INCERTO·sem dono,INCERTO,Luminárias Ornamentais da Light,,,,tombado,municipal,,,,2022-10-28,
INCERTO·sem dono,INCERTO,Luminárias Ornamentais da Light,,,,tombado,municipal,,,,2022-10-28,
INCERTO·sem dono,INCERTO,Luminárias Ornamentais da Light,,,,tombado,municipal,,,,2022-10-28,
INCERTO·sem dono,INCERTO,Luminárias Ornamentais da Light,,,,tombado,municipal,,,,2022-10-28,
INCERTO·sem dono,INCERTO,Luminárias Ornamentais da Light,,,,tombado,municipal,,,,2022-10-28,
INCERTO·sem dono,INCERTO,Luminárias Ornamentais da Light,,,,tombado,municipal,,,,2022-10-28,
INCERTO·sem dono,INCERTO,Luminárias Ornamentais da Light,,,,tombado,municipal,,,,2022-10-28,
INCERTO·sem dono,INCERTO,Luminárias Ornamentais da Light,,,,tombado,municipal,,,,2022-10-28,
INCERTO·sem dono,INCERTO,Luminárias Ornamentais da Light,,,,tombado,municipal,,,,2022-10-28,
INCERTO·sem dono,INCERTO,Luminárias Ornamentais da Light,,,,tombado,municipal,,,,2022-10-28,
INCERTO·sem dono,INCERTO,Luminárias Ornamentais da Light,,,,tombado,municipal,,,,2022-10-28,
INCERTO·sem dono,INCERTO,Luminárias Ornamentais da Light,,,,tombado,municipal,,,,2022-10-28,
INCERTO·sem dono,INCERTO,Luminárias Ornamentais da Light,,,,tombado,municipal,,,,2022-10-28,
INCERTO·sem dono,INCERTO,Luminárias Ornamentais da Light,,,,tombado,municipal,,,,2022-10-28,
INCERTO·sem dono,INCERTO,Luminárias Ornamentais da Light,,,,tombado,municipal,,,,2022-10-28,
INCERTO·sem dono,INCERTO,Luminárias Ornamentais da Light,,,,tombado,municipal,,,,2022-10-28,
INCERTO·sem dono,INCERTO,Luminárias Ornamentais da Light,,,,tombado,municipal,,,,2022-10-28,
INCERTO·sem dono,INCERTO,Luminárias Ornamentais da Light,,,,tombado,municipal,,,,2022-10-28,
INCERTO·sem dono,INCERTO,Luminárias Ornamentais da Light,,,,tombado,municipal,,,,2022-10-28,
INCERTO·sem dono,INCERTO,Luminárias Ornamentais da Light,,,,tombado,municipal,,,,2022-10-28,
INCERTO·sem dono,INCERTO,Luminárias Ornamentais da Light,,,,tombado,municipal,,,,2022-10-28,
INCERTO·sem dono,INCERTO,Luminárias Ornamentais da Light,,,,tombado,municipal,,,,2022-10-28,
INCERTO·sem dono,INCERTO,Luminárias Ornamentais da Light,,,,tombado,municipal,,,,2022-10-28,
INCERTO·sem dono,INCERTO,Luminárias Ornamentais da Light,,,,tombado,municipal,,,,2022-10-28,
INCERTO·sem dono,INCERTO,Luminárias Ornamentais da Light,,,,tombado,municipal,,,,2022-10-28,
INCERTO·sem dono,INCERTO,Luminárias Ornamentais da Light,,,,tombado,municipal,,,,2022-10-28,
INCERTO·sem dono,INCERTO,Luminárias Ornamentais da Light,,,,tombado,municipal,,,,2022-10-28,
INCERTO·sem dono,INCERTO,Luminárias Ornamentais da Light,,,,tombado,municipal,,,,2022-10-28,
INCERTO·sem dono,INCERTO,Luminárias Ornamentais da Light,,,,tombado,municipal,,,,2022-10-28,
INCERTO·sem dono,INCERTO,Luminárias Ornamentais da Light,,,,tombado,municipal,,,,2022-10-28,
INCERTO·sem dono,INCERTO,Luminárias Ornamentais da Light,,,,tombado,municipal,,,,2022-10-28,
INCERTO·sem dono,INCERTO,Luminárias Ornamentais da Light,,,,tombado,municipal,,,,2022-10-28,
INCERTO·sem dono,INCERTO,Luminárias Ornamentais da Light,,,,tombado,municipal,,,,2022-10-28,
INCERTO·sem dono,INCERTO,Luminárias Ornamentais da Light,,,,tombado,municipal,,,,2022-10-28,
INCERTO·sem dono,INCERTO,Luminárias Ornamentais da Light,,,,tombado,municipal,,,,2022-10-28,
INCERTO·sem dono,INCERTO,Luminárias Ornamentais da Light,,,,tombado,municipal,,,,2022-10-28,
INCERTO·sem dono,INCERTO,Luminárias Ornamentais da Light,,,,tombado,municipal,,,,2022-10-28,
INCERTO·sem dono,INCERTO,Luminárias Ornamentais da Light,,,,tombado,municipal,,,,2022-10-28,
INCERTO·sem dono,INCERTO,Luminárias Ornamentais da Light,,,,tombado,municipal,,,,2022-10-28,
INCERTO·sem dono,INCERTO,Luminárias Ornamentais da Light,,,,tombado,municipal,,,,2022-10-28,
INCERTO·sem dono,INCERTO,Luminárias Ornamentais da Light,,,,tombado,municipal,,,,2022-10-28,
INCERTO·sem dono,INCERTO,Luminárias Ornamentais da Light,,,,tombado,municipal,,,,2022-10-28,
INCERTO·sem dono,INCERTO,Luminárias Ornamentais da Light,,,,tombado,municipal,,,,2022-10-28,
INCERTO·sem dono,INCERTO,Luminárias Ornamentais da Light,,,,tombado,municipal,,,,2022-10-28,
INCERTO·sem dono,INCERTO,Luminárias Ornamentais da Light,,,,tombado,municipal,,,,2022-10-28,
INCERTO·sem dono,INCERTO,Luminárias Ornamentais da Light,,,,tombado,municipal,,,,2022-10-28,
INCERTO·sem dono,INCERTO,Luminárias Ornamentais da Light,,,,tombado,municipal,,,,2022-10-28,
INCERTO·sem dono,INCERTO,Luminárias Ornamentais da Light,,,,tombado,municipal,,,,2022-10-28,
INCERTO·sem dono,INCERTO,Luminárias Ornamentais da Light,,,,tombado,municipal,,,,2022-10-28,
INCERTO·sem dono,INCERTO,Luminárias Ornamentais da Light,,,,tombado,municipal,,,,2022-10-28,
INCERTO·sem dono,INCERTO,Luminárias Ornamentais da Light,,,,tombado,municipal,,,,2022-10-28,
INCERTO·sem dono,INCERTO,Luminárias Ornamentais da Light,,,,tombado,municipal,,,,2022-10-28,
INCERTO·sem dono,INCERTO,Luminárias Ornamentais da Light,,,,tombado,municipal,,,,2022-10-28,
INCERTO·sem dono,INCERTO,Luminárias Ornamentais da Light,,,,tombado,municipal,,,,2022-10-28,
INCERTO·sem dono,INCERTO,Luminárias Ornamentais da Light,,,,tombado,municipal,,,,2022-10-28,
INCERTO·sem dono,INCERTO,Luminárias Ornamentais da Light,,,,tombado,municipal,,,,2022-10-28,
INCERTO·sem dono,INCERTO,Luminárias Ornamentais da Light,,,,tombado,municipal,,,,2022-10-28,
INCERTO·sem dono,INCERTO,Luminárias Ornamentais da Light,,,,tombado,municipal,,,,2022-10-28,
INCERTO·sem dono,INCERTO,Luminárias Ornamentais da Light,,,,tombado,municipal,,,,2022-10-28,
INCERTO·sem dono,INCERTO,Luminárias Ornamentais da Light,,,,tombado,municipal,,,,2022-10-28,
INCERTO·sem dono,INCERTO,Luminárias Ornamentais da Light,,,,tombado,municipal,,,,2022-10-28,
INCERTO·sem dono,INCERTO,Luminárias Ornamentais da Light,,,,tombado,municipal,,,,2022-10-28,
INCERTO·sem dono,INCERTO,Luminárias Ornamentais da Light,,,,tombado,municipal,,,,2022-10-28,
INCERTO·sem dono,INCERTO,Luminárias Ornamentais da Light,,,,tombado,municipal,,,,2022-10-28,
INCERTO·sem dono,INCERTO,Luminárias Ornamentais da Light,,,,tombado,municipal,,,,2022-10-28,
INCERTO·sem dono,INCERTO,Luminárias Ornamentais da Light,,,,tombado,municipal,,,,2022-10-28,
INCERTO·sem dono,INCERTO,Luminárias Ornamentais da Light,,,,tombado,municipal,,,,2022-10-28,
INCERTO·sem dono,INCERTO,Luminárias Ornamentais da Light,,,,tombado,municipal,,,,2022-10-28,
INCERTO·sem dono,INCERTO,Luminárias Ornamentais da Light,,,,tombado,municipal,,,,2022-10-28,
INCERTO·sem dono,INCERTO,Luminárias Ornamentais da Light,,,,tombado,municipal,,,,2022-10-28,
INCERTO·sem dono,INCERTO,Luminárias Ornamentais da Light,,,,tombado,municipal,,,,2022-10-28,
INCERTO·sem dono,INCERTO,Luminárias Ornamentais da Light,,,,tombado,municipal,,,,2022-10-28,
INCERTO·sem dono,INCERTO,Luminárias Ornamentais da Light,,,,tombado,municipal,,,,2022-10-28,
INCERTO·sem dono,INCERTO,Luminárias Ornamentais da Light,,,,tombado,municipal,,,,2022-10-28,
INCERTO·sem dono,INCERTO,Luminárias Ornamentais da Light,,,,tombado,municipal,,,,2022-10-28,
INCERTO·sem dono,INCERTO,Luminárias Ornamentais da Light,,,,tombado,municipal,,,,2022-10-28,
INCERTO·sem dono,INCERTO,Luminárias Ornamentais da Light,,,,tombado,municipal,,,,2022-10-28,
INCERTO·sem dono,INCERTO,Luminárias Ornamentais da Light,,,,tombado,municipal,,,,2022-10-28,
INCERTO·sem dono,INCERTO,Luminárias Ornamentais da Light,,,,tombado,municipal,,,,2022-10-28,
INCERTO·sem dono,INCERTO,Luminárias Ornamentais da Light,,,,tombado,municipal,,,,2022-10-28,
INCERTO·sem dono,INCERTO,Luminárias Ornamentais da Light,,,,tombado,municipal,,,,2022-10-28,
INCERTO·sem dono,INCERTO,Luminárias Ornamentais da Light,,,,tombado,municipal,,,,2022-10-28,
INCERTO·sem dono,INCERTO,Luminárias Ornamentais da Light,,,,tombado,municipal,,,,2022-10-28,
INCERTO·sem dono,INCERTO,Luminárias Ornamentais da Light,,,,tombado,municipal,,,,2022-10-28,
INCERTO·sem dono,INCERTO,Luminárias Ornamentais da Light,,,,tombado,municipal,,,,2022-10-28,
INCERTO·sem dono,INCERTO,Luminárias Ornamentais da Light,,,,tombado,municipal,,,,2022-10-28,
INCERTO·sem dono,INCERTO,Luminárias Ornamentais da Light,,,,tombado,municipal,,,,2022-10-28,
INCERTO·sem dono,INCERTO,Luminárias Ornamentais da Light,,,,tombado,municipal,,,,2022-10-28,
INCERTO·sem dono,INCERTO,Luminárias Ornamentais da Light,,,,tombado,municipal,,,,2022-10-28,
INCERTO·sem dono,INCERTO,Luminárias Ornamentais da Light,,,,tombado,municipal,,,,2022-10-28,
INCERTO·sem dono,INCERTO,Luminárias Ornamentais da Light,,,,tombado,municipal,,,,2022-10-28,
INCERTO·sem dono,INCERTO,Luminárias Ornamentais da Light,,,,tombado,municipal,,,,2022-10-28,
INCERTO·sem dono,INCERTO,Luminárias Ornamentais da Light,,,,tombado,municipal,,,,2022-10-28,
INCERTO·sem dono,INCERTO,Luminárias Ornamentais da Light,,,,tombado,municipal,,,,2022-10-28,
INCERTO·sem dono,INCERTO,Luminárias Ornamentais da Light,,,,tombado,municipal,,,,2022-10-28,
INCERTO·sem dono,INCERTO,Luminárias Ornamentais da Light,,,,tombado,municipal,,,,2022-10-28,
INCERTO·sem dono,INCERTO,Luminárias Ornamentais da Light,,,,tombado,municipal,,,,2022-10-28,
INCERTO·sem dono,INCERTO,Luminárias Ornamentais da Light,,,,tombado,municipal,,,,2022-10-28,
INCERTO·sem dono,INCERTO,Luminárias Ornamentais da Light,,,,tombado,municipal,,,,2022-10-28,
INCERTO·sem dono,INCERTO,Luminárias Ornamentais da Light,,,,tombado,municipal,,,,2022-10-28,
INCERTO·sem dono,INCERTO,Luminárias Ornamentais da Light,,,,tombado,municipal,,,,2022-10-28,
INCERTO·sem dono,INCERTO,Luminárias Ornamentais da Light,,,,tombado,municipal,,,,2022-10-28,
INCERTO·sem dono,INCERTO,Luminárias Ornamentais da Light,,,,tombado,municipal,,,,2022-10-28,
INCERTO·sem dono,INCERTO,Luminárias Ornamentais da Light,,,,tombado,municipal,,,,2022-10-28,
INCERTO·sem dono,INCERTO,Luminárias Ornamentais da Light,,,,tombado,municipal,,,,2022-10-28,
INCERTO·sem dono,INCERTO,Luminárias Ornamentais da Light,,,,tombado,municipal,,,,2022-10-28,
INCERTO·sem dono,INCERTO,Luminárias Ornamentais da Light,,,,tombado,municipal,,,,2022-10-28,
INCERTO·sem dono,INCERTO,Luminárias Ornamentais da Light,,,,tombado,municipal,,,,2022-10-28,
INCERTO·sem dono,INCERTO,Luminárias Ornamentais da Light,,,,tombado,municipal,,,,2022-10-28,
INCERTO·sem dono,INCERTO,Luminárias Ornamentais da Light,,,,tombado,municipal,,,,2022-10-28,
INCERTO·sem dono,INCERTO,Luminárias Ornamentais da Light,,,,tombado,municipal,,,,2022-10-28,
INCERTO·sem dono,INCERTO,Luminárias Ornamentais da Light,,,,tombado,municipal,,,,2022-10-28,
INCERTO·sem dono,INCERTO,Luminárias Ornamentais da Light,,,,tombado,municipal,,,,2022-10-28,
INCERTO·sem dono,INCERTO,Luminárias Ornamentais da Light,,,,tombado,municipal,,,,2022-10-28,
INCERTO·sem dono,INCERTO,Luminárias Ornamentais da Light,,,,tombado,municipal,,,,2022-10-28,
INCERTO·sem dono,INCERTO,Luminárias Ornamentais da Light,,,,tombado,municipal,,,,2022-10-28,
INCERTO·sem dono,INCERTO,Luminárias Ornamentais da Light,,,,tombado,municipal,,,,2022-10-28,
INCERTO·sem dono,INCERTO,Luminárias Ornamentais da Light,,,,tombado,municipal,,,,2022-10-28,
INCERTO·sem dono,INCERTO,Luminárias Ornamentais da Light,,,,tombado,municipal,,,,2022-10-28,
INCERTO·sem dono,INCERTO,Luminárias Ornamentais da Light,,,,tombado,municipal,,,,2022-10-28,
INCERTO·sem dono,INCERTO,Luminárias Ornamentais da Light,,,,tombado,municipal,,,,2022-10-28,
INCERTO·sem dono,INCERTO,Luminárias Ornamentais da Light,,,,tombado,municipal,,,,2022-10-28,
INCERTO·sem dono,INCERTO,Luminárias Ornamentais da Light,,,,tombado,municipal,,,,2022-10-28,
INCERTO·sem dono,INCERTO,Luminárias Ornamentais da Light,,,,tombado,municipal,,,,2022-10-28,
INCERTO·sem dono,INCERTO,Luminárias Ornamentais da Light,,,,tombado,municipal,,,,2022-10-28,
INCERTO·sem dono,INCERTO,Luminárias Ornamentais da Light,,,,tombado,municipal,,,,2022-10-28,
INCERTO·sem dono,INCERTO,Luminárias Ornamentais da Light,,,,tombado,municipal,,,,2022-10-28,
INCERTO·sem dono,INCERTO,Luminárias Ornamentais da Light,,,,tombado,municipal,,,,2022-10-28,
INCERTO·sem dono,INCERTO,Luminárias Ornamentais da Light,,,,tombado,municipal,,,,2022-10-28,
INCERTO·sem dono,INCERTO,Luminárias Ornamentais da Light,,,,tombado,municipal,,,,2022-10-28,
INCERTO·sem dono,INCERTO,Luminárias Ornamentais da Light,,,,tombado,municipal,,,,2022-10-28,
INCERTO·sem dono,INCERTO,Luminárias Ornamentais da Light,,,,tombado,municipal,,,,2022-10-28,
INCERTO·sem dono,INCERTO,Luminárias Ornamentais da Light,,,,tombado,municipal,,,,2022-10-28,
INCERTO·sem dono,INCERTO,Luminárias Ornamentais da Light,,,,tombado,municipal,,,,2022-10-28,
INCERTO·sem dono,INCERTO,Luminárias Ornamentais da Light,,,,tombado,municipal,,,,2022-10-28,
INCERTO·sem dono,INCERTO,Luminárias Ornamentais da Light,,,,tombado,municipal,,,,2022-10-28,
INCERTO·sem dono,INCERTO,Luminárias Ornamentais da Light,,,,tombado,municipal,,,,2022-10-28,
INCERTO·sem dono,INCERTO,Luminárias Ornamentais da Light,,,,tombado,municipal,,,,2022-10-28,
INCERTO·sem dono,INCERTO,Luminárias Ornamentais da Light,,,,tombado,municipal,,,,2022-10-28,
INCERTO·sem dono,INCERTO,Luminárias Ornamentais da Light,,,,tombado,municipal,,,,2022-10-28,
INCERTO·sem dono,INCERTO,Luminárias Ornamentais da Light,,,,tombado,municipal,,,,2022-10-28,
INCERTO·sem dono,INCERTO,Luminárias Ornamentais da Light,,,,tombado,municipal,,,,2022-10-28,
INCERTO·sem dono,INCERTO,Luminárias Ornamentais da Light,,,,tombado,municipal,,,,2022-10-28,
INCERTO·sem dono,INCERTO,Luminárias Ornamentais da Light,,,,tombado,municipal,,,,2022-10-28,
INCERTO·sem dono,INCERTO,Luminárias Ornamentais da Light,,,,tombado,municipal,,,,2022-10-28,
INCERTO·sem dono,INCERTO,Luminárias Ornamentais da Light,,,,tombado,municipal,,,,2022-10-28,
INCERTO·sem dono,INCERTO,Luminárias Ornamentais da Light,,,,tombado,municipal,,,,2022-10-28,
INCERTO·sem dono,INCERTO,Luminárias Ornamentais da Light,,,,tombado,municipal,,,,2022-10-28,
INCERTO·sem dono,INCERTO,Luminárias Ornamentais da Light,,,,tombado,municipal,,,,2022-10-28,
INCERTO·sem dono,INCERTO,Luminárias Ornamentais da Light,,,,tombado,municipal,,,,2022-10-28,
INCERTO·sem dono,INCERTO,Luminárias Ornamentais da Light,,,,tombado,municipal,,,,2022-10-28,
INCERTO·sem dono,INCERTO,Luminárias Ornamentais da Light,,,,tombado,municipal,,,,2022-10-28,
INCERTO·sem dono,INCERTO,Luminárias Ornamentais da Light,,,,tombado,municipal,,,,2022-10-28,
INCERTO·sem dono,INCERTO,Luminárias Ornamentais da Light,,,,tombado,municipal,,,,2022-10-28,
INCERTO·sem dono,INCERTO,Luminárias Ornamentais da Light,,,,tombado,municipal,,,,2022-10-28,
INCERTO·sem dono,INCERTO,Luminárias Ornamentais da Light,,,,tombado,municipal,,,,2022-10-28,
INCERTO·sem dono,INCERTO,Luminárias Ornamentais da Light,,,,tombado,municipal,,,,2022-10-28,
INCERTO·sem dono,INCERTO,Luminárias Ornamentais da Light,,,,tombado,municipal,,,,2022-10-28,
INCERTO·sem dono,INCERTO,Luminárias Ornamentais da Light,,,,tombado,municipal,,,,2022-10-28,
INCERTO·sem dono,INCERTO,Luminárias Ornamentais da Light,,,,tombado,municipal,,,,2022-10-28,
INCERTO·sem dono,INCERTO,Luminárias Ornamentais da Light,,,,tombado,municipal,,,,2022-10-28,
INCERTO·sem dono,INCERTO,Luminárias Ornamentais da Light,,,,tombado,municipal,,,,2022-10-28,
INCERTO·sem dono,INCERTO,Luminárias Ornamentais da Light,,,,tombado,municipal,,,,2022-10-28,
INCERTO·sem dono,INCERTO,Luminárias Ornamentais da Light,,,,tombado,municipal,,,,2022-10-28,
INCERTO·sem dono,INCERTO,Luminárias Ornamentais da Light,,,,tombado,municipal,,,,2022-10-28,
INCERTO·sem dono,INCERTO,Luminárias Ornamentais da Light,,,,tombado,municipal,,,,2022-10-28,
INCERTO·sem dono,INCERTO,Luminárias Ornamentais da Light,,,,tombado,municipal,,,,2022-10-28,
INCERTO·sem dono,INCERTO,Luminárias Ornamentais da Light,,,,tombado,municipal,,,,2022-10-28,
INCERTO·sem dono,INCERTO,Luminárias Ornamentais da Light,,,,tombado,municipal,,,,2022-10-28,
INCERTO·sem dono,INCERTO,Luminárias Ornamentais da Light,,,,tombado,municipal,,,,2022-10-28,
INCERTO·sem dono,INCERTO,Luminárias Ornamentais da Light,,,,tombado,municipal,,,,2022-10-28,
INCERTO·sem dono,INCERTO,Luminárias Ornamentais da Light,,,,tombado,municipal,,,,2022-10-28,
INCERTO·sem dono,INCERTO,Luminárias Ornamentais da Light,,,,tombado,municipal,,,,2022-10-28,
INCERTO·sem dono,INCERTO,Luminárias Ornamentais da Light,,,,tombado,municipal,,,,2022-10-28,
INCERTO·sem dono,INCERTO,Luminárias Ornamentais da Light,,,,tombado,municipal,,,,2022-10-28,
INCERTO·sem dono,INCERTO,Luminárias Ornamentais da Light,,,,tombado,municipal,,,,2022-10-28,
INCERTO·sem dono,INCERTO,Luminárias Ornamentais da Light,,,,tombado,municipal,,,,2022-10-28,
INCERTO·sem dono,INCERTO,Luminárias Ornamentais da Light,,,,tombado,municipal,,,,2022-10-28,
INCERTO·sem dono,INCERTO,Luminárias Ornamentais da Light,,,,tombado,municipal,,,,2022-10-28,
INCERTO·sem dono,INCERTO,Luminárias Ornamentais da Light,,,,tombado,municipal,,,,2022-10-28,
INCERTO·sem dono,INCERTO,Luminárias Ornamentais da Light,,,,tombado,municipal,,,,2022-10-28,
INCERTO·sem dono,INCERTO,Luminárias Ornamentais da Light,,,,tombado,municipal,,,,2022-10-28,
INCERTO·sem dono,INCERTO,Luminárias Ornamentais da Light,,,,tombado,municipal,,,,2022-10-28,
INCERTO·sem dono,INCERTO,Luminárias Ornamentais da Light,,,,tombado,municipal,,,,2022-10-28,
INCERTO·sem dono,INCERTO,Luminárias Ornamentais da Light,,,,tombado,municipal,,,,2022-10-28,
INCERTO·sem dono,INCERTO,Luminárias Ornamentais da Light,,,,tombado,municipal,,,,2022-10-28,
INCERTO·sem dono,INCERTO,Luminárias Ornamentais da Light,,,,tombado,municipal,,,,2022-10-28,
INCERTO·sem dono,INCERTO,Luminárias Ornamentais da Light,,,,tombado,municipal,,,,2022-10-28,
INCERTO·sem dono,INCERTO,Luminárias Ornamentais da Light,,,,tombado,municipal,,,,2022-10-28,
INCERTO·sem dono,INCERTO,Luminárias Ornamentais da Light,,,,tombado,municipal,,,,2022-10-28,
INCERTO·sem dono,INCERTO,Luminárias Ornamentais da Light,,,,tombado,municipal,,,,2022-10-28,
INCERTO·sem dono,INCERTO,Luminárias Ornamentais da Light,,,,tombado,municipal,,,,2022-10-28,
INCERTO·sem dono,INCERTO,Luminárias Ornamentais da Light,,,,tombado,municipal,,,,2022-10-28,
INCERTO·sem dono,INCERTO,Luminárias Ornamentais da Light,,,,tombado,municipal,,,,2022-10-28,
INCERTO·sem dono,INCERTO,Luminárias Ornamentais da Light,,,,tombado,municipal,,,,2022-10-28,
INCERTO·sem dono,INCERTO,Luminárias Ornamentais da Light,,,,tombado,municipal,,,,2022-10-28,
INCERTO·sem dono,INCERTO,Luminárias Ornamentais da Light,,,,tombado,municipal,,,,2022-10-28,
INCERTO·sem dono,INCERTO,Luminárias Ornamentais da Light,,,,tombado,municipal,,,,2022-10-28,
INCERTO·sem dono,INCERTO,Luminárias Ornamentais da Light,,,,tombado,municipal,,,,2022-10-28,
INCERTO·sem dono,INCERTO,Luminárias Ornamentais da Light,,,,tombado,municipal,,,,2022-10-28,
INCERTO·sem dono,INCERTO,Luminárias Ornamentais da Light,,,,tombado,municipal,,,,2022-10-28,
INCERTO·sem dono,INCERTO,Luminárias Ornamentais da Light,,,,tombado,municipal,,,,2022-10-28,
INCERTO·sem dono,INCERTO,Luminárias Ornamentais da Light,,,,tombado,municipal,,,,2022-10-28,
INCERTO·sem dono,INCERTO,Luminárias Ornamentais da Light,,,,tombado,municipal,,,,2022-10-28,
INCERTO·sem dono,INCERTO,Luminárias Ornamentais da Light,,,,tombado,municipal,,,,2022-10-28,
INCERTO·sem dono,INCERTO,Luminárias Ornamentais da Light,,,,tombado,municipal,,,,2022-10-28,
INCERTO·sem dono,INCERTO,Luminárias Ornamentais da Light,,,,tombado,municipal,,,,2022-10-28,
INCERTO·sem dono,INCERTO,Luminárias Ornamentais da Light,,,,tombado,municipal,,,,2022-10-28,
INCERTO·sem dono,INCERTO,Luminárias Ornamentais da Light,,,,tombado,municipal,,,,2022-10-28,
INCERTO·sem dono,INCERTO,Luminárias Ornamentais da Light,,,,tombado,municipal,,,,2022-10-28,
INCERTO·sem dono,INCERTO,Luminárias Ornamentais da Light,,,,tombado,municipal,,,,2022-10-28,
INCERTO·sem dono,INCERTO,Luminárias Ornamentais da Light,,,,tombado,municipal,,,,2022-10-28,
INCERTO·sem dono,INCERTO,Luminárias Ornamentais da Light,,,,tombado,municipal,,,,2022-10-28,
INCERTO·sem dono,INCERTO,Luminárias Ornamentais da Light,,,,tombado,municipal,,,,2022-10-28,
INCERTO·sem dono,INCERTO,Luminárias Ornamentais da Light,,,,tombado,municipal,,,,2022-10-28,
INCERTO·sem dono,INCERTO,Luminárias Ornamentais da Light,,,,tombado,municipal,,,,2022-10-28,
INCERTO·sem dono,INCERTO,Luminárias Ornamentais da Light,,,,tombado,municipal,,,,2022-10-28,
INCERTO·sem dono,INCERTO,Luminárias Ornamentais da Light,,,,tombado,municipal,,,,2022-10-28,
INCERTO·sem dono,INCERTO,Luminárias Ornamentais da Light,,,,tombado,municipal,,,,2022-10-28,
INCERTO·sem dono,INCERTO,Luminárias Ornamentais da Light,,,,tombado,municipal,,,,2022-10-28,
INCERTO·sem dono,INCERTO,Luminárias Ornamentais da Light,,,,tombado,municipal,,,,2022-10-28,
INCERTO·sem dono,INCERTO,Luminárias Ornamentais da Light,,,,tombado,municipal,,,,2022-10-28,
INCERTO·sem dono,INCERTO,Luminárias Ornamentais da Light,,,,tombado,municipal,,,,2022-10-28,
INCERTO·sem dono,INCERTO,Luminárias Ornamentais da Light,,,,tombado,municipal,,,,2022-10-28,
INCERTO·sem dono,INCERTO,Luminárias Ornamentais da Light,,,,tombado,municipal,,,,2022-10-28,
INCERTO·sem dono,INCERTO,Luminárias Ornamentais da Light,,,,tombado,municipal,,,,2022-10-28,
INCERTO·sem dono,INCERTO,Luminárias Ornamentais da Light,,,,tombado,municipal,,,,2022-10-28,
INCERTO·sem dono,INCERTO,Luminárias Ornamentais da Light,,,,tombado,municipal,,,,2022-10-28,
INCERTO·sem dono,INCERTO,Luminárias Ornamentais da Light,,,,tombado,municipal,,,,2022-10-28,
INCERTO·sem dono,INCERTO,Luminárias Ornamentais da Light,,,,tombado,municipal,,,,2022-10-28,
INCERTO·sem dono,INCERTO,Luminárias Ornamentais da Light,,,,tombado,municipal,,,,2022-10-28,
INCERTO·sem dono,INCERTO,Luminárias Ornamentais da Light,,,,tombado,municipal,,,,2022-10-28,
INCERTO·sem dono,INCERTO,Luminárias Ornamentais da Light,,,,tombado,municipal,,,,2022-10-28,
INCERTO·sem dono,INCERTO,Luminárias Ornamentais da Light,,,,tombado,municipal,,,,2022-10-28,
INCERTO·sem dono,INCERTO,Luminárias Ornamentais da Light,,,,tombado,municipal,,,,2022-10-28,
INCERTO·sem dono,INCERTO,Luminárias Ornamentais da Light,,,,tombado,municipal,,,,2022-10-28,
INCERTO·sem dono,INCERTO,Luminárias Ornamentais da Light,,,,tombado,municipal,,,,2022-10-28,
INCERTO·sem dono,INCERTO,Luminárias Ornamentais da Light,,,,tombado,municipal,,,,2022-10-28,
INCERTO·sem dono,INCERTO,Luminárias Ornamentais da Light,,,,tombado,municipal,,,,2022-10-28,
INCERTO·sem dono,INCERTO,Luminárias Ornamentais da Light,,,,tombado,municipal,,,,2022-10-28,
INCERTO·sem dono,INCERTO,Luminárias Ornamentais da Light,,,,tombado,municipal,,,,2022-10-28,
INCERTO·sem dono,INCERTO,Luminárias Ornamentais da Light,,,,tombado,municipal,,,,2022-10-28,
INCERTO·sem dono,INCERTO,Luminárias Ornamentais da Light,,,,tombado,municipal,,,,2022-10-28,
INCERTO·sem dono,INCERTO,Luminárias Ornamentais da Light,,,,tombado,municipal,,,,2022-10-28,
INCERTO·sem dono,INCERTO,Luminárias Ornamentais da Light,,,,tombado,municipal,,,,2022-10-28,
INCERTO·sem dono,INCERTO,Luminárias Ornamentais da Light,,,,tombado,municipal,,,,2022-10-28,
INCERTO·sem dono,INCERTO,Luminárias Ornamentais da Light,,,,tombado,municipal,,,,2022-10-28,
INCERTO·sem dono,INCERTO,Luminárias Ornamentais da Light,,,,tombado,municipal,,,,2022-10-28,
INCERTO·sem dono,INCERTO,Luminárias Ornamentais da Light,,,,tombado,municipal,,,,2022-10-28,
INCERTO·sem dono,INCERTO,Luminárias Ornamentais da Light,,,,tombado,municipal,,,,2022-10-28,
INCERTO·sem dono,INCERTO,Luminárias Ornamentais da Light,,,,tombado,municipal,,,,2022-10-28,
INCERTO·sem dono,INCERTO,Luminárias Ornamentais da Light,,,,tombado,municipal,,,,2022-10-28,
INCERTO·sem dono,INCERTO,Luminárias Ornamentais da Light,,,,tombado,municipal,,,,2022-10-28,
INCERTO·sem dono,INCERTO,Luminárias Ornamentais da Light,,,,tombado,municipal,,,,2022-10-28,
INCERTO·sem dono,INCERTO,Luminárias Ornamentais da Light,,,,tombado,municipal,,,,2022-10-28,
INCERTO·sem dono,INCERTO,Luminárias Ornamentais da Light,,,,tombado,municipal,,,,2022-10-28,
INCERTO·sem dono,INCERTO,Luminárias Ornamentais da Light,,,,tombado,municipal,,,,2022-10-28,
INCERTO·sem dono,INCERTO,Luminárias Ornamentais da Light,,,,tombado,municipal,,,,2022-10-28,
INCERTO·sem dono,INCERTO,Luminárias Ornamentais da Light,,,,tombado,municipal,,,,2022-10-28,
INCERTO·sem dono,INCERTO,Luminárias Ornamentais da Light,,,,tombado,municipal,,,,2022-10-28,
INCERTO·sem dono,INCERTO,Luminárias Ornamentais da Light,,,,tombado,municipal,,,,2022-10-28,
INCERTO·sem dono,INCERTO,Luminárias Ornamentais da Light,,,,tombado,municipal,,,,2022-10-28,
INCERTO·sem dono,INCERTO,Luminárias Ornamentais da Light,,,,tombado,municipal,,,,2022-10-28,
INCERTO·sem dono,INCERTO,Luminárias Ornamentais da Light,,,,tombado,municipal,,,,2022-10-28,
INCERTO·sem dono,INCERTO,Luminárias Ornamentais da Light,,,,tombado,municipal,,,,2022-10-28,
INCERTO·sem dono,INCERTO,Luminárias Ornamentais da Light,,,,tombado,municipal,,,,2022-10-28,
INCERTO·sem dono,INCERTO,Luminárias Ornamentais da Light,,,,tombado,municipal,,,,2022-10-28,
INCERTO·sem dono,INCERTO,Luminárias Ornamentais da Light,,,,tombado,municipal,,,,2022-10-28,
INCERTO·sem dono,INCERTO,Luminárias Ornamentais da Light,,,,tombado,municipal,,,,2022-10-28,
INCERTO·sem dono,INCERTO,Luminárias Ornamentais da Light,,,,tombado,municipal,,,,2022-10-28,
INCERTO·sem dono,INCERTO,Luminárias Ornamentais da Light,,,,tombado,municipal,,,,2022-10-28,
INCERTO·sem dono,INCERTO,Luminárias Ornamentais da Light,,,,tombado,municipal,,,,2022-10-28,
INCERTO·sem dono,INCERTO,Luminárias Ornamentais da Light,,,,tombado,municipal,,,,2022-10-28,
INCERTO·sem dono,INCERTO,Luminárias Ornamentais da Light,,,,tombado,municipal,,,,2022-10-28,
INCERTO·sem dono,INCERTO,Luminárias Ornamentais da Light,,,,tombado,municipal,,,,2022-10-28,
INCERTO·sem dono,INCERTO,Luminárias Ornamentais da Light,,,,tombado,municipal,,,,2022-10-28,
INCERTO·sem dono,INCERTO,Luminárias Ornamentais da Light,,,,tombado,municipal,,,,2022-10-28,
INCERTO·sem dono,INCERTO,Luminárias Ornamentais da Light,,,,tombado,municipal,,,,2022-10-28,
INCERTO·sem dono,INCERTO,Luminárias Ornamentais da Light,,,,tombado,municipal,,,,2022-10-28,
INCERTO·sem dono,INCERTO,Luminárias Ornamentais da Light,,,,tombado,municipal,,,,2022-10-28,
INCERTO·sem dono,INCERTO,Luminárias Ornamentais da Light,,,,tombado,municipal,,,,2022-10-28,
INCERTO·sem dono,INCERTO,Luminárias Ornamentais da Light,,,,tombado,municipal,,,,2022-10-28,
INCERTO·sem dono,INCERTO,Luminárias Ornamentais da Light,,,,tombado,municipal,,,,2022-10-28,
INCERTO·sem dono,INCERTO,Luminárias Ornamentais da Light,,,,tombado,municipal,,,,2022-10-28,
INCERTO·sem dono,INCERTO,Luminárias Ornamentais da Light,,,,tombado,municipal,,,,2022-10-28,
INCERTO·sem dono,INCERTO,Luminárias Ornamentais da Light,,,,tombado,municipal,,,,2022-10-28,
INCERTO·sem dono,INCERTO,Luminárias Ornamentais da Light,,,,tombado,municipal,,,,2022-10-28,
INCERTO·sem dono,INCERTO,Luminárias Ornamentais da Light,,,,tombado,municipal,,,,2022-10-28,
INCERTO·sem dono,INCERTO,Luminárias Ornamentais da Light,,,,tombado,municipal,,,,2022-10-28,
INCERTO·sem dono,INCERTO,Luminárias Ornamentais da Light,,,,tombado,municipal,,,,2022-10-28,
INCERTO·sem dono,INCERTO,Luminárias Ornamentais da Light,,,,tombado,municipal,,,,2022-10-28,
INCERTO·sem dono,INCERTO,Luminárias Ornamentais da Light,,,,tombado,municipal,,,,2022-10-28,
INCERTO·sem dono,INCERTO,Luminárias Ornamentais da Light,,,,tombado,municipal,,,,2022-10-28,
INCERTO·sem dono,INCERTO,Luminárias Ornamentais da Light,,,,tombado,municipal,,,,2022-10-28,
INCERTO·sem dono,INCERTO,Luminárias Ornamentais da Light,,,,tombado,municipal,,,,2022-10-28,
INCERTO·sem dono,INCERTO,Luminárias Ornamentais da Light,,,,tombado,municipal,,,,2022-10-28,
INCERTO·sem dono,INCERTO,Luminárias Ornamentais da Light,,,,tombado,municipal,,,,2022-10-28,
INCERTO·sem dono,INCERTO,Luminárias Ornamentais da Light,,,,tombado,municipal,,,,2022-10-28,
INCERTO·sem dono,INCERTO,Luminárias Ornamentais da Light,,,,tombado,municipal,,,,2022-10-28,
INCERTO·sem dono,INCERTO,Luminárias Ornamentais da Light,,,,tombado,municipal,,,,2022-10-28,
INCERTO·sem dono,INCERTO,Luminárias Ornamentais da Light,,,,tombado,municipal,,,,2022-10-28,
INCERTO·sem dono,INCERTO,Luminárias Ornamentais da Light,,,,tombado,municipal,,,,2022-10-28,
INCERTO·sem dono,INCERTO,Luminárias Ornamentais da Light,,,,tombado,municipal,,,,2022-10-28,
INCERTO·sem dono,INCERTO,Luminárias Ornamentais da Light,,,,tombado,municipal,,,,2022-10-28,
INCERTO·sem dono,INCERTO,Luminárias Ornamentais da Light,,,,tombado,municipal,,,,2022-10-28,
INCERTO·sem dono,INCERTO,Luminárias Ornamentais da Light,,,,tombado,municipal,,,,2022-10-28,
INCERTO·sem dono,INCERTO,Luminárias Ornamentais da Light,,,,tombado,municipal,,,,2022-10-28,
INCERTO·sem dono,INCERTO,Luminárias Ornamentais da Light,,,,tombado,municipal,,,,2022-10-28,
INCERTO·sem dono,INCERTO,Luminárias Ornamentais da Light,,,,tombado,municipal,,,,2022-10-28,
INCERTO·sem dono,INCERTO,Luminárias Ornamentais da Light,,,,tombado,municipal,,,,2022-10-28,
INCERTO·sem dono,INCERTO,Luminárias Ornamentais da Light,,,,tombado,municipal,,,,2022-10-28,
INCERTO·sem dono,INCERTO,Luminárias Ornamentais da Light,,,,tombado,municipal,,,,2022-10-28,
INCERTO·sem dono,INCERTO,Luminárias Ornamentais da Light,,,,tombado,municipal,,,,2022-10-28,
INCERTO·sem dono,INCERTO,Luminárias Ornamentais da Light,,,,tombado,municipal,,,,2022-10-28,
INCERTO·sem dono,INCERTO,Luminárias Ornamentais da Light,,,,tombado,municipal,,,,2022-10-28,
INCERTO·sem dono,INCERTO,Luminárias Ornamentais da Light,,,,tombado,municipal,,,,2022-10-28,
INCERTO·sem dono,INCERTO,Luminárias Ornamentais da Light,,,,tombado,municipal,,,,2022-10-28,
INCERTO·sem dono,INCERTO,Luminárias Ornamentais da Light,,,,tombado,municipal,,,,2022-10-28,
INCERTO·sem dono,INCERTO,Luminárias Ornamentais da Light,,,,tombado,municipal,,,,2022-10-28,
INCERTO·sem dono,INCERTO,Luminárias Ornamentais da Light,,,,tombado,municipal,,,,2022-10-28,
INCERTO·sem dono,INCERTO,Luminárias Ornamentais da Light,,,,tombado,municipal,,,,2022-10-28,
INCERTO·sem dono,INCERTO,Luminárias Ornamentais da Light,,,,tombado,municipal,,,,2022-10-28,
INCERTO·sem dono,INCERTO,Luminárias Ornamentais da Light,,,,tombado,municipal,,,,2022-10-28,
INCERTO·sem dono,INCERTO,Luminárias Ornamentais da Light,,,,tombado,municipal,,,,2022-10-28,
INCERTO·sem dono,INCERTO,Luminárias Ornamentais da Light,,,,tombado,municipal,,,,2022-10-28,
INCERTO·sem dono,INCERTO,Luminárias Ornamentais da Light,,,,tombado,municipal,,,,2022-10-28,
INCERTO·sem dono,INCERTO,Luminárias Ornamentais da Light,,,,tombado,municipal,,,,2022-10-28,
INCERTO·sem dono,INCERTO,Luminárias Ornamentais da Light,,,,tombado,municipal,,,,2022-10-28,
INCERTO·sem dono,INCERTO,Luminárias Ornamentais da Light,,,,tombado,municipal,,,,2022-10-28,
INCERTO·sem dono,INCERTO,Luminárias Ornamentais da Light,,,,tombado,municipal,,,,2022-10-28,
INCERTO·sem dono,INCERTO,Luminárias Ornamentais da Light,,,,tombado,municipal,,,,2022-10-28,
INCERTO·sem dono,INCERTO,Luminárias Ornamentais da Light,,,,tombado,municipal,,,,2022-10-28,
INCERTO·sem dono,INCERTO,Luminárias Ornamentais da Light,,,,tombado,municipal,,,,2022-10-28,
INCERTO·sem dono,INCERTO,Luminárias Ornamentais da Light,,,,tombado,municipal,,,,2022-10-28,
INCERTO·sem dono,INCERTO,Luminárias Ornamentais da Light,,,,tombado,municipal,,,,2022-10-28,
INCERTO·sem dono,INCERTO,Luminárias Ornamentais da Light,,,,tombado,municipal,,,,2022-10-28,
INCERTO·sem dono,INCERTO,Luminárias Ornamentais da Light,,,,tombado,municipal,,,,2022-10-28,
INCERTO·sem dono,INCERTO,Luminárias Ornamentais da Light,,,,tombado,municipal,,,,2022-10-28,
INCERTO·sem dono,INCERTO,Luminárias Ornamentais da Light,,,,tombado,municipal,,,,2022-10-28,
INCERTO·sem dono,INCERTO,Luminárias Ornamentais da Light,,,,tombado,municipal,,,,2022-10-28,
INCERTO·sem dono,INCERTO,Luminárias Ornamentais da Light,,,,tombado,municipal,,,,2022-10-28,
INCERTO·sem dono,INCERTO,Luminárias Ornamentais da Light,,,,tombado,municipal,,,,2022-10-28,
INCERTO·sem dono,INCERTO,Luminárias Ornamentais da Light,,,,tombado,municipal,,,,2022-10-28,
INCERTO·sem dono,INCERTO,Luminárias Ornamentais da Light,,,,tombado,municipal,,,,2022-10-28,
INCERTO·sem dono,INCERTO,Luminárias Ornamentais da Light,,,,tombado,municipal,,,,2022-10-28,
INCERTO·sem dono,INCERTO,Luminárias Ornamentais da Light,,,,tombado,municipal,,,,2022-10-28,
INCERTO·sem dono,INCERTO,Luminárias Ornamentais da Light,,,,tombado,municipal,,,,2022-10-28,
INCERTO·sem dono,INCERTO,Luminárias Ornamentais da Light,,,,tombado,municipal,,,,2022-10-28,
INCERTO·sem dono,INCERTO,Luminárias Ornamentais da Light,,,,tombado,municipal,,,,2022-10-28,
INCERTO·sem dono,INCERTO,Luminárias Ornamentais da Light,,,,tombado,municipal,,,,2022-10-28,
INCERTO·sem dono,INCERTO,Luminárias Ornamentais da Light,,,,tombado,municipal,,,,2022-10-28,
INCERTO·sem dono,INCERTO,Luminárias Ornamentais da Light,,,,tombado,municipal,,,,2022-10-28,
INCERTO·sem dono,INCERTO,Luminárias Ornamentais da Light,,,,tombado,municipal,,,,2022-10-28,
INCERTO·sem dono,INCERTO,Luminárias Ornamentais da Light,,,,tombado,municipal,,,,2022-10-28,
INCERTO·sem dono,INCERTO,Luminárias Ornamentais da Light,,,,tombado,municipal,,,,2022-10-28,
INCERTO·sem dono,INCERTO,Luminárias Ornamentais da Light,,,,tombado,municipal,,,,2022-10-28,
INCERTO·sem dono,INCERTO,Luminárias Ornamentais da Light,,,,tombado,municipal,,,,2022-10-28,
INCERTO·sem dono,INCERTO,Luminárias Ornamentais da Light,,,,tombado,municipal,,,,2022-10-28,
INCERTO·sem dono,INCERTO,Luminárias Ornamentais da Light,,,,tombado,municipal,,,,2022-10-28,
INCERTO·sem dono,INCERTO,Luminárias Ornamentais da Light,,,,tombado,municipal,,,,2022-10-28,
INCERTO·sem dono,INCERTO,Luminárias Ornamentais da Light,,,,tombado,municipal,,,,2022-10-28,
INCERTO·sem dono,INCERTO,Luminárias Ornamentais da Light,,,,tombado,municipal,,,,2022-10-28,
INCERTO·sem dono,INCERTO,Luminárias Ornamentais da Light,,,,tombado,municipal,,,,2022-10-28,
INCERTO·sem dono,INCERTO,Luminárias Ornamentais da Light,,,,tombado,municipal,,,,2022-10-28,
INCERTO·sem dono,INCERTO,Luminárias Ornamentais da Light,,,,tombado,municipal,,,,2022-10-28,
INCERTO·sem dono,INCERTO,Luminárias Ornamentais da Light,,,,tombado,municipal,,,,2022-10-28,
INCERTO·sem dono,INCERTO,Luminárias Ornamentais da Light,,,,tombado,municipal,,,,2022-10-28,
INCERTO·sem dono,INCERTO,Luminárias Ornamentais da Light,,,,tombado,municipal,,,,2022-10-28,
INCERTO·sem dono,INCERTO,Luminárias Ornamentais da Light,,,,tombado,municipal,,,,2022-10-28,
INCERTO·sem dono,INCERTO,Luminárias Ornamentais da Light,,,,tombado,municipal,,,,2022-10-28,
INCERTO·sem dono,INCERTO,Luminárias Ornamentais da Light,,,,tombado,municipal,,,,2022-10-28,
INCERTO·sem dono,INCERTO,Luminárias Ornamentais da Light,,,,tombado,municipal,,,,2022-10-28,
INCERTO·sem dono,INCERTO,Luminárias Ornamentais da Light,,,,tombado,municipal,,,,2022-10-28,
INCERTO·sem dono,INCERTO,Luminárias Ornamentais da Light,,,,tombado,municipal,,,,2022-10-28,
INCERTO·sem dono,INCERTO,Luminárias Ornamentais da Light,,,,tombado,municipal,,,,2022-10-28,
INCERTO·sem dono,INCERTO,Luminárias Ornamentais da Light,,,,tombado,municipal,,,,2022-10-28,
INCERTO·sem dono,INCERTO,Luminárias Ornamentais da Light,,,,tombado,municipal,,,,2022-10-28,
INCERTO·sem dono,INCERTO,Luminárias Ornamentais da Light,,,,tombado,municipal,,,,2022-10-28,
INCERTO·sem dono,INCERTO,Luminárias Ornamentais da Light,,,,tombado,municipal,,,,2022-10-28,
INCERTO·sem dono,INCERTO,Luminárias Ornamentais da Light,,,,tombado,municipal,,,,2022-10-28,
INCERTO·sem dono,INCERTO,Luminárias Ornamentais da Light,,,,tombado,municipal,,,,2022-10-28,
INCERTO·sem dono,INCERTO,Luminárias Ornamentais da Light,,,,tombado,municipal,,,,2022-10-28,
INCERTO·sem dono,INCERTO,Luminárias Ornamentais da Light,,,,tombado,municipal,,,,2022-10-28,
INCERTO·sem dono,INCERTO,Luminárias Ornamentais da Light,,,,tombado,municipal,,,,2022-10-28,
INCERTO·sem dono,INCERTO,Luminárias Ornamentais da Light,,,,tombado,municipal,,,,2022-10-28,
INCERTO·sem dono,INCERTO,Luminárias Ornamentais da Light,,,,tombado,municipal,,,,2022-10-28,
INCERTO·sem dono,INCERTO,Luminárias Ornamentais da Light,,,,tombado,municipal,,,,2022-10-28,
INCERTO·sem dono,INCERTO,Luminárias Ornamentais da Light,,,,tombado,municipal,,,,2022-10-28,
INCERTO·sem dono,INCERTO,Luminárias Ornamentais da Light,,,,tombado,municipal,,,,2022-10-28,
INCERTO·sem dono,INCERTO,Luminárias Ornamentais da Light,,,,tombado,municipal,,,,2022-10-28,
INCERTO·sem dono,INCERTO,Luminárias Ornamentais da Light,,,,tombado,municipal,,,,2022-10-28,
INCERTO·sem dono,INCERTO,Luminárias Ornamentais da Light,,,,tombado,municipal,,,,2022-10-28,
INCERTO·sem dono,INCERTO,Luminárias Ornamentais da Light,,,,tombado,municipal,,,,2022-10-28,
INCERTO·sem dono,INCERTO,Luminárias Ornamentais da Light,,,,tombado,municipal,,,,2022-10-28,
INCERTO·sem dono,INCERTO,Luminárias Ornamentais da Light,,,,tombado,municipal,,,,2022-10-28,
INCERTO·sem dono,INCERTO,Luminárias Ornamentais da Light,,,,tombado,municipal,,,,2022-10-28,
INCERTO·sem dono,INCERTO,Luminárias Ornamentais da Light,,,,tombado,municipal,,,,2022-10-28,
INCERTO·sem dono,INCERTO,Luminárias Ornamentais da Light,,,,tombado,municipal,,,,2022-10-28,
INCERTO·sem dono,INCERTO,Luminárias Ornamentais da Light,,,,tombado,municipal,,,,2022-10-28,
INCERTO·sem dono,INCERTO,Luminárias Ornamentais da Light,,,,tombado,municipal,,,,2022-10-28,
INCERTO·sem dono,INCERTO,Luminárias Ornamentais da Light,,,,tombado,municipal,,,,2022-10-28,
INCERTO·sem dono,INCERTO,Luminárias Ornamentais da Light,,,,tombado,municipal,,,,2022-10-28,
INCERTO·sem dono,INCERTO,Luminárias Ornamentais da Light,,,,tombado,municipal,,,,2022-10-28,
INCERTO·sem dono,INCERTO,Luminárias Ornamentais da Light,,,,tombado,municipal,,,,2022-10-28,
INCERTO·sem dono,INCERTO,Luminárias Ornamentais da Light,,,,tombado,municipal,,,,2022-10-28,
INCERTO·sem dono,INCERTO,Luminárias Ornamentais da Light,,,,tombado,municipal,,,,2022-10-28,
INCERTO·sem dono,INCERTO,Luminárias Ornamentais da Light,,,,tombado,municipal,,,,2022-10-28,
INCERTO·sem dono,INCERTO,Luminárias Ornamentais da Light,,,,tombado,municipal,,,,2022-10-28,
INCERTO·sem dono,INCERTO,Luminárias Ornamentais da Light,,,,tombado,municipal,,,,2022-10-28,
INCERTO·sem dono,INCERTO,Luminárias Ornamentais da Light,,,,tombado,municipal,,,,2022-10-28,
INCERTO·sem dono,INCERTO,Luminárias Ornamentais da Light,,,,tombado,municipal,,,,2022-10-28,
INCERTO·sem dono,INCERTO,Luminárias Ornamentais da Light,,,,tombado,municipal,,,,2022-10-28,
INCERTO·sem dono,INCERTO,Luminárias Ornamentais da Light,,,,tombado,municipal,,,,2022-10-28,
INCERTO·sem dono,INCERTO,Luminárias Ornamentais da Light,,,,tombado,municipal,,,,2022-10-28,
INCERTO·sem dono,INCERTO,Luminárias Ornamentais da Light,,,,tombado,municipal,,,,2022-10-28,
INCERTO·sem dono,INCERTO,Luminárias Ornamentais da Light,,,,tombado,municipal,,,,2022-10-28,
INCERTO·sem dono,INCERTO,Luminárias Ornamentais da Light,,,,tombado,municipal,,,,2022-10-28,
INCERTO·sem dono,INCERTO,Luminárias Ornamentais da Light,,,,tombado,municipal,,,,2022-10-28,
INCERTO·sem dono,INCERTO,Luminárias Ornamentais da Light,,,,tombado,municipal,,,,2022-10-28,
INCERTO·sem dono,INCERTO,Luminárias Ornamentais da Light,,,,tombado,municipal,,,,2022-10-28,
INCERTO·sem dono,INCERTO,Luminárias Ornamentais da Light,,,,tombado,municipal,,,,2022-10-28,
INCERTO·sem dono,INCERTO,Luminárias Ornamentais da Light,,,,tombado,municipal,,,,2022-10-28,
INCERTO·sem dono,INCERTO,Luminárias Ornamentais da Light,,,,tombado,municipal,,,,2022-10-28,
INCERTO·sem dono,INCERTO,Luminárias Ornamentais da Light,,,,tombado,municipal,,,,2022-10-28,
INCERTO·sem dono,INCERTO,Luminárias Ornamentais da Light,,,,tombado,municipal,,,,2022-10-28,
INCERTO·sem dono,INCERTO,Luminárias Ornamentais da Light,,,,tombado,municipal,,,,2022-10-28,
INCERTO·sem dono,INCERTO,Luminárias Ornamentais da Light,,,,tombado,municipal,,,,2022-10-28,
INCERTO·sem dono,INCERTO,Luminárias Ornamentais da Light,,,,tombado,municipal,,,,2022-10-28,
INCERTO·sem dono,INCERTO,Luminárias Ornamentais da Light,,,,tombado,municipal,,,,2022-10-28,
INCERTO·sem dono,INCERTO,Luminárias Ornamentais da Light,,,,tombado,municipal,,,,2022-10-28,
INCERTO·sem dono,INCERTO,Luminárias Ornamentais da Light,,,,tombado,municipal,,,,2022-10-28,
INCERTO·sem dono,INCERTO,Luminárias Ornamentais da Light,,,,tombado,municipal,,,,2022-10-28,
INCERTO·sem dono,INCERTO,Luminárias Ornamentais da Light,,,,tombado,municipal,,,,2022-10-28,
INCERTO·sem dono,INCERTO,Luminárias Ornamentais da Light,,,,tombado,municipal,,,,2022-10-28,
INCERTO·sem dono,INCERTO,Luminárias Ornamentais da Light,,,,tombado,municipal,,,,2022-10-28,
INCERTO·sem dono,INCERTO,Luminárias Ornamentais da Light,,,,tombado,municipal,,,,2022-10-28,
INCERTO·sem dono,INCERTO,Luminárias Ornamentais da Light,,,,tombado,municipal,,,,2022-10-28,
INCERTO·sem dono,INCERTO,Luminárias Ornamentais da Light,,,,tombado,municipal,,,,2022-10-28,
INCERTO·sem dono,INCERTO,Luminárias Ornamentais da Light,,,,tombado,municipal,,,,2022-10-28,
INCERTO·sem dono,INCERTO,Luminárias Ornamentais da Light,,,,tombado,municipal,,,,2022-10-28,
INCERTO·sem dono,INCERTO,Luminárias Ornamentais da Light,,,,tombado,municipal,,,,2022-10-28,
INCERTO·sem dono,INCERTO,Luminárias Ornamentais da Light,,,,tombado,municipal,,,,2022-10-28,
INCERTO·sem dono,INCERTO,Luminárias Ornamentais da Light,,,,tombado,municipal,,,,2022-10-28,
INCERTO·sem dono,INCERTO,Luminárias Ornamentais da Light,,,,tombado,municipal,,,,2022-10-28,
INCERTO·sem dono,INCERTO,Luminárias Ornamentais da Light,,,,tombado,municipal,,,,2022-10-28,
INCERTO·sem dono,INCERTO,Luminárias Ornamentais da Light,,,,tombado,municipal,,,,2022-10-28,
INCERTO·sem dono,INCERTO,Luminárias Ornamentais da Light,,,,tombado,municipal,,,,2022-10-28,
INCERTO·sem dono,INCERTO,Luminárias Ornamentais da Light,,,,tombado,municipal,,,,2022-10-28,
INCERTO·sem dono,INCERTO,Luminárias Ornamentais da Light,,,,tombado,municipal,,,,2022-10-28,
INCERTO·sem dono,INCERTO,Luminárias Ornamentais da Light,,,,tombado,municipal,,,,2022-10-28,
INCERTO·sem dono,INCERTO,Luminárias Ornamentais da Light,,,,tombado,municipal,,,,2022-10-28,
INCERTO·sem dono,INCERTO,Luminárias Ornamentais da Light,,,,tombado,municipal,,,,2022-10-28,
INCERTO·sem dono,INCERTO,Luminárias Ornamentais da Light,,,,tombado,municipal,,,,2022-10-28,
INCERTO·sem dono,INCERTO,Luminárias Ornamentais da Light,,,,tombado,municipal,,,,2022-10-28,
INCERTO·sem dono,INCERTO,Luminárias Ornamentais da Light,,,,tombado,municipal,,,,2022-10-28,
INCERTO·sem dono,INCERTO,Luminárias Ornamentais da Light,,,,tombado,municipal,,,,2022-10-28,
INCERTO·sem dono,INCERTO,Luminárias Ornamentais da Light,,,,tombado,municipal,,,,2022-10-28,
INCERTO·sem dono,INCERTO,Luminárias Ornamentais da Light,,,,tombado,municipal,,,,2022-10-28,
INCERTO·sem dono,INCERTO,Luminárias Ornamentais da Light,,,,tombado,municipal,,,,2022-10-28,
INCERTO·sem dono,INCERTO,Luminárias Ornamentais da Light,,,,tombado,municipal,,,,2022-10-28,
INCERTO·sem dono,INCERTO,Luminárias Ornamentais da Light,,,,tombado,municipal,,,,2022-10-28,
INCERTO·sem dono,INCERTO,Luminárias Ornamentais da Light,,,,tombado,municipal,,,,2022-10-28,
INCERTO·sem dono,INCERTO,Luminárias Ornamentais da Light,,,,tombado,municipal,,,,2022-10-28,
INCERTO·sem dono,INCERTO,Luminárias Ornamentais da Light,,,,tombado,municipal,,,,2022-10-28,
INCERTO·sem dono,INCERTO,Luminárias Ornamentais da Light,,,,tombado,municipal,,,,2022-10-28,
INCERTO·sem dono,INCERTO,Luminárias Ornamentais da Light,,,,tombado,municipal,,,,2022-10-28,
INCERTO·sem dono,INCERTO,Luminárias Ornamentais da Light,,,,tombado,municipal,,,,2022-10-28,
INCERTO·sem dono,INCERTO,Luminárias Ornamentais da Light,,,,tombado,municipal,,,,2022-10-28,
INCERTO·sem dono,INCERTO,Luminárias Ornamentais da Light,,,,tombado,municipal,,,,2022-10-28,
INCERTO·sem dono,INCERTO,Luminárias Ornamentais da Light,,,,tombado,municipal,,,,2022-10-28,
INCERTO·sem dono,INCERTO,Luminárias Ornamentais da Light,,,,tombado,municipal,,,,2022-10-28,
INCERTO·sem dono,INCERTO,Luminárias Ornamentais da Light,,,,tombado,municipal,,,,2022-10-28,
INCERTO·sem dono,INCERTO,Luminárias Ornamentais da Light,,,,tombado,municipal,,,,2022-10-28,
INCERTO·sem dono,INCERTO,Luminárias Ornamentais da Light,,,,tombado,municipal,,,,2022-10-28,
INCERTO·sem dono,INCERTO,Luminárias Ornamentais da Light,,,,tombado,municipal,,,,2022-10-28,
INCERTO·sem dono,INCERTO,Luminárias Ornamentais da Light,,,,tombado,municipal,,,,2022-10-28,
INCERTO·sem dono,INCERTO,Luminárias Ornamentais da Light,,,,tombado,municipal,,,,2022-10-28,
INCERTO·sem dono,INCERTO,Luminárias Ornamentais da Light,,,,tombado,municipal,,,,2022-10-28,
INCERTO·sem dono,INCERTO,Luminárias Ornamentais da Light,,,,tombado,municipal,,,,2022-10-28,
INCERTO·sem dono,INCERTO,Luminárias Ornamentais da Light,,,,tombado,municipal,,,,2022-10-28,
INCERTO·sem dono,INCERTO,Luminárias Ornamentais da Light,,,,tombado,municipal,,,,2022-10-28,
INCERTO·sem dono,INCERTO,Luminárias Ornamentais da Light,,,,tombado,municipal,,,,2022-10-28,
INCERTO·sem dono,INCERTO,Luminárias Ornamentais da Light,,,,tombado,municipal,,,,2022-10-28,
INCERTO·sem dono,INCERTO,Luminárias Ornamentais da Light,,,,tombado,municipal,,,,2022-10-28,
INCERTO·sem dono,INCERTO,Luminárias Ornamentais da Light,,,,tombado,municipal,,,,2022-10-28,
INCERTO·sem dono,INCERTO,Luminárias Ornamentais da Light,,,,tombado,municipal,,,,2022-10-28,
INCERTO·sem dono,INCERTO,Luminárias Ornamentais da Light,,,,tombado,municipal,,,,2022-10-28,
INCERTO·sem dono,INCERTO,Luminárias Ornamentais da Light,,,,tombado,municipal,,,,2022-10-28,
INCERTO·sem dono,INCERTO,Luminárias Ornamentais da Light,,,,tombado,municipal,,,,2022-10-28,
INCERTO·sem dono,INCERTO,Luminárias Ornamentais da Light,,,,tombado,municipal,,,,2022-10-28,
INCERTO·sem dono,INCERTO,Luminárias Ornamentais da Light,,,,tombado,municipal,,,,2022-10-28,
INCERTO·sem dono,INCERTO,Luminárias Ornamentais da Light,,,,tombado,municipal,,,,2022-10-28,
INCERTO·sem dono,INCERTO,Luminárias Ornamentais da Light,,,,tombado,municipal,,,,2022-10-28,
INCERTO·sem dono,INCERTO,Luminárias Ornamentais da Light,,,,tombado,municipal,,,,2022-10-28,
INCERTO·sem dono,INCERTO,Luminárias Ornamentais da Light,,,,tombado,municipal,,,,2022-10-28,
INCERTO·sem dono,INCERTO,Luminárias Ornamentais da Light,,,,tombado,municipal,,,,2022-10-28,
INCERTO·sem dono,INCERTO,Luminárias Ornamentais da Light,,,,tombado,municipal,,,,2022-10-28,
INCERTO·sem dono,INCERTO,Luminárias Ornamentais da Light,,,,tombado,municipal,,,,2022-10-28,
INCERTO·sem dono,INCERTO,Luminárias Ornamentais da Light,,,,tombado,municipal,,,,2022-10-28,
INCERTO·sem dono,INCERTO,Luminárias Ornamentais da Light,,,,tombado,municipal,,,,2022-10-28,
INCERTO·sem dono,INCERTO,Luminárias Ornamentais da Light,,,,tombado,municipal,,,,2022-10-28,
INCERTO·sem dono,INCERTO,Luminárias Ornamentais da Light,,,,tombado,municipal,,,,2022-10-28,
INCERTO·sem dono,INCERTO,Luminárias Ornamentais da Light,,,,tombado,municipal,,,,2022-10-28,
INCERTO·sem dono,INCERTO,Luminárias Ornamentais da Light,,,,tombado,municipal,,,,2022-10-28,
INCERTO·sem dono,INCERTO,Luminárias Ornamentais da Light,,,,tombado,municipal,,,,2022-10-28,
INCERTO·sem dono,INCERTO,Luminárias Ornamentais da Light,,,,tombado,municipal,,,,2022-10-28,
INCERTO·sem dono,INCERTO,Luminárias Ornamentais da Light,,,,tombado,municipal,,,,2022-10-28,
INCERTO·sem dono,INCERTO,Luminárias Ornamentais da Light,,,,tombado,municipal,,,,2022-10-28,
INCERTO·sem dono,INCERTO,Luminárias Ornamentais da Light,,,,tombado,municipal,,,,2022-10-28,
INCERTO·sem dono,INCERTO,Luminárias Ornamentais da Light,,,,tombado,municipal,,,,2022-10-28,
INCERTO·sem dono,INCERTO,Luminárias Ornamentais da Light,,,,tombado,municipal,,,,2022-10-28,
INCERTO·sem dono,INCERTO,Luminárias Ornamentais da Light,,,,tombado,municipal,,,,2022-10-28,
INCERTO·sem dono,INCERTO,Luminárias Ornamentais da Light,,,,tombado,municipal,,,,2022-10-28,
INCERTO·sem dono,INCERTO,Luminárias Ornamentais da Light,,,,tombado,municipal,,,,2022-10-28,
INCERTO·sem dono,INCERTO,Luminárias Ornamentais da Light,,,,tombado,municipal,,,,2022-10-28,
INCERTO·sem dono,INCERTO,Luminárias Ornamentais da Light,,,,tombado,municipal,,,,2022-10-28,
INCERTO·sem dono,INCERTO,Luminárias Ornamentais da Light,,,,tombado,municipal,,,,2022-10-28,
INCERTO·sem dono,INCERTO,Luminárias Ornamentais da Light,,,,tombado,municipal,,,,2022-10-28,
INCERTO·sem dono,INCERTO,Luminárias Ornamentais da Light,,,,tombado,municipal,,,,2022-10-28,
INCERTO·sem dono,INCERTO,Luminárias Ornamentais da Light,,,,tombado,municipal,,,,2022-10-28,
INCERTO·sem dono,INCERTO,Luminárias Ornamentais da Light,,,,tombado,municipal,,,,2022-10-28,
INCERTO·sem dono,INCERTO,Luminárias Ornamentais da Light,,,,tombado,municipal,,,,2022-10-28,
INCERTO·sem dono,INCERTO,Luminárias Ornamentais da Light,,,,tombado,municipal,,,,2022-10-28,
INCERTO·sem dono,INCERTO,Luminárias Ornamentais da Light,,,,tombado,municipal,,,,2022-10-28,
INCERTO·sem dono,INCERTO,Luminárias Ornamentais da Light,,,,tombado,municipal,,,,2022-10-28,
INCERTO·sem dono,INCERTO,Luminárias Ornamentais da Light,,,,tombado,municipal,,,,2022-10-28,
INCERTO·sem dono,INCERTO,Luminárias Ornamentais da Light,,,,tombado,municipal,,,,2022-10-28,
INCERTO·sem dono,INCERTO,Luminárias Ornamentais da Light,,,,tombado,municipal,,,,2022-10-28,
INCERTO·sem dono,INCERTO,Luminárias Ornamentais da Light,,,,tombado,municipal,,,,2022-10-28,
INCERTO·sem dono,INCERTO,Luminárias Ornamentais da Light,,,,tombado,municipal,,,,2022-10-28,
INCERTO·sem dono,INCERTO,Luminárias Ornamentais da Light,,,,tombado,municipal,,,,2022-10-28,
INCERTO·sem dono,INCERTO,Luminárias Ornamentais da Light,,,,tombado,municipal,,,,2022-10-28,
INCERTO·sem dono,INCERTO,Luminárias Ornamentais da Light,,,,tombado,municipal,,,,2022-10-28,
INCERTO·sem dono,INCERTO,Luminárias Ornamentais da Light,,,,tombado,municipal,,,,2022-10-28,
INCERTO·sem dono,INCERTO,Luminárias Ornamentais da Light,,,,tombado,municipal,,,,2022-10-28,
INCERTO·sem dono,INCERTO,Luminárias Ornamentais da Light,,,,tombado,municipal,,,,2022-10-28,
INCERTO·sem dono,INCERTO,Luminárias Ornamentais da Light,,,,tombado,municipal,,,,2022-10-28,
INCERTO·sem dono,INCERTO,Luminárias Ornamentais da Light,,,,tombado,municipal,,,,2022-10-28,
INCERTO·sem dono,INCERTO,Luminárias Ornamentais da Light,,,,tombado,municipal,,,,2022-10-28,
INCERTO·sem dono,INCERTO,Luminárias Ornamentais da Light,,,,tombado,municipal,,,,2022-10-28,
INCERTO·sem dono,INCERTO,Luminárias Ornamentais da Light,,,,tombado,municipal,,,,2022-10-28,
INCERTO·sem dono,INCERTO,Luminárias Ornamentais da Light,,,,tombado,municipal,,,,2022-10-28,
INCERTO·sem dono,INCERTO,Luminárias Ornamentais da Light,,,,tombado,municipal,,,,2022-10-28,
INCERTO·sem dono,INCERTO,Luminárias Ornamentais da Light,,,,tombado,municipal,,,,2022-10-28,
INCERTO·sem dono,INCERTO,Luminárias Ornamentais da Light,,,,tombado,municipal,,,,2022-10-28,
INCERTO·sem dono,INCERTO,Luminárias Ornamentais da Light,,,,tombado,municipal,,,,2022-10-28,
INCERTO·sem dono,INCERTO,Luminárias Ornamentais da Light,,,,tombado,municipal,,,,2022-10-28,
INCERTO·sem dono,INCERTO,Luminárias Ornamentais da Light,,,,tombado,municipal,,,,2022-10-28,
INCERTO·sem dono,INCERTO,Luminárias Ornamentais da Light,,,,tombado,municipal,,,,2022-10-28,
INCERTO·sem dono,INCERTO,Luminárias Ornamentais da Light,,,,tombado,municipal,,,,2022-10-28,
INCERTO·sem dono,INCERTO,Luminárias Ornamentais da Light,,,,tombado,municipal,,,,2022-10-28,
INCERTO·sem dono,INCERTO,Luminárias Ornamentais da Light,,,,tombado,municipal,,,,2022-10-28,
INCERTO·sem dono,INCERTO,Luminárias Ornamentais da Light,,,,tombado,municipal,,,,2022-10-28,
INCERTO·sem dono,INCERTO,Luminárias Ornamentais da Light,,,,tombado,municipal,,,,2022-10-28,
INCERTO·sem dono,INCERTO,Luminárias Ornamentais da Light,,,,tombado,municipal,,,,2022-10-28,
INCERTO·sem dono,INCERTO,Luminárias Ornamentais da Light,,,,tombado,municipal,,,,2022-10-28,
INCERTO·sem dono,INCERTO,Luminárias Ornamentais da Light,,,,tombado,municipal,,,,2022-10-28,
INCERTO·sem dono,INCERTO,Luminárias Ornamentais da Light,,,,tombado,municipal,,,,2022-10-28,
INCERTO·sem dono,INCERTO,Luminárias Ornamentais da Light,,,,tombado,municipal,,,,2022-10-28,
INCERTO·sem dono,INCERTO,Luminárias Ornamentais da Light,,,,tombado,municipal,,,,2022-10-28,
INCERTO·sem dono,INCERTO,Luminárias Ornamentais da Light,,,,tombado,municipal,,,,2022-10-28,
INCERTO·sem dono,INCERTO,Luminárias Ornamentais da Light,,,,tombado,municipal,,,,2022-10-28,
INCERTO·sem dono,INCERTO,Luminárias Ornamentais da Light,,,,tombado,municipal,,,,2022-10-28,
INCERTO·sem dono,INCERTO,Luminárias Ornamentais da Light,,,,tombado,municipal,,,,2022-10-28,
INCERTO·sem dono,INCERTO,Luminárias Ornamentais da Light,,,,tombado,municipal,,,,2022-10-28,
INCERTO·sem dono,INCERTO,Luminárias Ornamentais da Light,,,,tombado,municipal,,,,2022-10-28,
INCERTO·sem dono,INCERTO,Luminárias Ornamentais da Light,,,,tombado,municipal,,,,2022-10-28,
INCERTO·sem dono,INCERTO,Luminárias Ornamentais da Light,,,,tombado,municipal,,,,2022-10-28,
INCERTO·sem dono,INCERTO,Luminárias Ornamentais da Light,,,,tombado,municipal,,,,2022-10-28,
INCERTO·sem dono,INCERTO,Luminárias Ornamentais da Light,,,,tombado,municipal,,,,2022-10-28,
INCERTO·sem dono,INCERTO,Luminárias Ornamentais da Light,,,,tombado,municipal,,,,2022-10-28,
INCERTO·sem dono,INCERTO,Luminárias Ornamentais da Light,,,,tombado,municipal,,,,2022-10-28,
INCERTO·sem dono,INCERTO,Luminárias Ornamentais da Light,,,,tombado,municipal,,,,2022-10-28,
INCERTO·sem dono,INCERTO,Luminárias Ornamentais da Light,,,,tombado,municipal,,,,2022-10-28,
INCERTO·sem dono,INCERTO,Luminárias Ornamentais da Light,,,,tombado,municipal,,,,2022-10-28,
INCERTO·sem dono,INCERTO,Luminárias Ornamentais da Light,,,,tombado,municipal,,,,2022-10-28,
INCERTO·sem dono,INCERTO,Luminárias Ornamentais da Light,,,,tombado,municipal,,,,2022-10-28,
INCERTO·sem dono,INCERTO,Luminárias Ornamentais da Light,,,,tombado,municipal,,,,2022-10-28,
INCERTO·sem dono,INCERTO,Luminárias Ornamentais da Light,,,,tombado,municipal,,,,2022-10-28,
INCERTO·sem dono,INCERTO,Luminárias Ornamentais da Light,,,,tombado,municipal,,,,2022-10-28,
INCERTO·sem dono,INCERTO,Luminárias Ornamentais da Light,,,,tombado,municipal,,,,2022-10-28,
INCERTO·sem dono,INCERTO,Luminárias Ornamentais da Light,,,,tombado,municipal,,,,2022-10-28,
INCERTO·sem dono,INCERTO,Luminárias Ornamentais da Light,,,,tombado,municipal,,,,2022-10-28,
INCERTO·sem dono,INCERTO,Luminárias Ornamentais da Light,,,,tombado,municipal,,,,2022-10-28,
INCERTO·sem dono,INCERTO,Luminárias Ornamentais da Light,,,,tombado,municipal,,,,2022-10-28,
INCERTO·sem dono,INCERTO,Luminárias Ornamentais da Light,,,,tombado,municipal,,,,2022-10-28,
INCERTO·sem dono,INCERTO,Luminárias Ornamentais da Light,,,,tombado,municipal,,,,2022-10-28,
INCERTO·sem dono,INCERTO,Luminárias Ornamentais da Light,,,,tombado,municipal,,,,2022-10-28,
INCERTO·sem dono,INCERTO,Luminárias Ornamentais da Light,,,,tombado,municipal,,,,2022-10-28,
INCERTO·sem dono,INCERTO,Luminárias Ornamentais da Light,,,,tombado,municipal,,,,2022-10-28,
INCERTO·sem dono,INCERTO,Luminárias Ornamentais da Light,,,,tombado,municipal,,,,2022-10-28,
INCERTO·sem dono,INCERTO,Luminárias Ornamentais da Light,,,,tombado,municipal,,,,2022-10-28,
INCERTO·sem dono,INCERTO,Luminárias Ornamentais da Light,,,,tombado,municipal,,,,2022-10-28,
INCERTO·sem dono,INCERTO,Luminárias Ornamentais da Light,,,,tombado,municipal,,,,2022-10-28,
INCERTO·sem dono,INCERTO,Luminárias Ornamentais da Light,,,,tombado,municipal,,,,2022-10-28,
INCERTO·sem dono,INCERTO,Luminárias Ornamentais da Light,,,,tombado,municipal,,,,2022-10-28,
INCERTO·sem dono,INCERTO,Luminárias Ornamentais da Light,,,,tombado,municipal,,,,2022-10-28,
INCERTO·sem dono,INCERTO,Luminárias Ornamentais da Light,,,,tombado,municipal,,,,2022-10-28,
INCERTO·sem dono,INCERTO,Luminárias Ornamentais da Light,,,,tombado,municipal,,,,2022-10-28,
INCERTO·sem dono,INCERTO,Luminárias Ornamentais da Light,,,,tombado,municipal,,,,2022-10-28,
INCERTO·sem dono,INCERTO,Luminárias Ornamentais da Light,,,,tombado,municipal,,,,2022-10-28,
INCERTO·sem dono,INCERTO,Luminárias Ornamentais da Light,,,,tombado,municipal,,,,2022-10-28,
INCERTO·sem dono,INCERTO,Luminárias Ornamentais da Light,,,,tombado,municipal,,,,2022-10-28,
INCERTO·sem dono,INCERTO,Luminárias Ornamentais da Light,,,,tombado,municipal,,,,2022-10-28,
INCERTO·sem dono,INCERTO,Luminárias Ornamentais da Light,,,,tombado,municipal,,,,2022-10-28,
INCERTO·sem dono,INCERTO,Luminárias Ornamentais da Light,,,,tombado,municipal,,,,2022-10-28,
INCERTO·sem dono,INCERTO,Luminárias Ornamentais da Light,,,,tombado,municipal,,,,2022-10-28,
INCERTO·sem dono,INCERTO,Luminárias Ornamentais da Light,,,,tombado,municipal,,,,2022-10-28,
INCERTO·sem dono,INCERTO,Luminárias Ornamentais da Light,,,,tombado,municipal,,,,2022-10-28,
INCERTO·sem dono,INCERTO,Luminárias Ornamentais da Light,,,,tombado,municipal,,,,2022-10-28,
INCERTO·sem dono,INCERTO,Luminárias Ornamentais da Light,,,,tombado,municipal,,,,2022-10-28,
INCERTO·sem dono,INCERTO,Luminárias Ornamentais da Light,,,,tombado,municipal,,,,2022-10-28,
INCERTO·sem dono,INCERTO,Luminárias Ornamentais da Light,,,,tombado,municipal,,,,2022-10-28,
INCERTO·sem dono,INCERTO,Luminárias Ornamentais da Light,,,,tombado,municipal,,,,2022-10-28,
INCERTO·sem dono,INCERTO,Luminárias Ornamentais da Light,,,,tombado,municipal,,,,2022-10-28,
INCERTO·sem dono,INCERTO,Luminárias Ornamentais da Light,,,,tombado,municipal,,,,2022-10-28,
INCERTO·sem dono,INCERTO,Luminárias Ornamentais da Light,,,,tombado,municipal,,,,2022-10-28,
INCERTO·sem dono,INCERTO,Luminárias Ornamentais da Light,,,,tombado,municipal,,,,2022-10-28,
INCERTO·sem dono,INCERTO,Luminárias Ornamentais da Light,,,,tombado,municipal,,,,2022-10-28,
INCERTO·sem dono,INCERTO,Luminárias Ornamentais da Light,,,,tombado,municipal,,,,2022-10-28,
INCERTO·sem dono,INCERTO,Luminárias Ornamentais da Light,,,,tombado,municipal,,,,2022-10-28,
INCERTO·sem dono,INCERTO,Luminárias Ornamentais da Light,,,,tombado,municipal,,,,2022-10-28,
INCERTO·sem dono,INCERTO,Luminárias Ornamentais da Light,,,,tombado,municipal,,,,2022-10-28,
INCERTO·sem dono,INCERTO,Luminárias Ornamentais da Light,,,,tombado,municipal,,,,2022-10-28,
INCERTO·sem dono,INCERTO,Luminárias Ornamentais da Light,,,,tombado,municipal,,,,2022-10-28,
INCERTO·sem dono,INCERTO,Luminárias Ornamentais da Light,,,,tombado,municipal,,,,2022-10-28,
INCERTO·sem dono,INCERTO,Luminárias Ornamentais da Light,,,,tombado,municipal,,,,2022-10-28,
INCERTO·sem dono,INCERTO,Luminárias Ornamentais da Light,,,,tombado,municipal,,,,2022-10-28,
INCERTO·sem dono,INCERTO,Luminárias Ornamentais da Light,,,,tombado,municipal,,,,2022-10-28,
INCERTO·sem dono,INCERTO,Luminárias Ornamentais da Light,,,,tombado,municipal,,,,2022-10-28,
INCERTO·sem dono,INCERTO,Luminárias Ornamentais da Light,,,,tombado,municipal,,,,2022-10-28,
INCERTO·sem dono,INCERTO,Luminárias Ornamentais da Light,,,,tombado,municipal,,,,2022-10-28,
INCERTO·sem dono,INCERTO,Luminárias Ornamentais da Light,,,,tombado,municipal,,,,2022-10-28,
INCERTO·sem dono,INCERTO,Luminárias Ornamentais da Light,,,,tombado,municipal,,,,2022-10-28,
INCERTO·sem dono,INCERTO,Luminárias Ornamentais da Light,,,,tombado,municipal,,,,2022-10-28,
INCERTO·sem dono,INCERTO,Luminárias Ornamentais da Light,,,,tombado,municipal,,,,2022-10-28,
INCERTO·sem dono,INCERTO,Luminárias Ornamentais da Light,,,,tombado,municipal,,,,2022-10-28,
INCERTO·sem dono,INCERTO,Luminárias Ornamentais da Light,,,,tombado,municipal,,,,2022-10-28,
INCERTO·sem dono,INCERTO,Luminárias Ornamentais da Light,,,,tombado,municipal,,,,2022-10-28,
INCERTO·sem dono,INCERTO,Luminárias Ornamentais da Light,,,,tombado,municipal,,,,2022-10-28,
INCERTO·sem dono,INCERTO,Luminárias Ornamentais da Light,,,,tombado,municipal,,,,2022-10-28,
INCERTO·sem dono,INCERTO,Luminárias Ornamentais da Light,,,,tombado,municipal,,,,2022-10-28,
INCERTO·sem dono,INCERTO,Luminárias Ornamentais da Light,,,,tombado,municipal,,,,2022-10-28,
INCERTO·sem dono,INCERTO,Luminárias Ornamentais da Light,,,,tombado,municipal,,,,2022-10-28,
INCERTO·sem dono,INCERTO,Luminárias Ornamentais da Light,,,,tombado,municipal,,,,2022-10-28,
INCERTO·sem dono,INCERTO,Luminárias Ornamentais da Light,,,,tombado,municipal,,,,2022-10-28,
INCERTO·sem dono,INCERTO,Luminárias Ornamentais da Light,,,,tombado,municipal,,,,2022-10-28,
INCERTO·sem dono,INCERTO,Luminárias Ornamentais da Light,,,,tombado,municipal,,,,2022-10-28,
INCERTO·sem dono,INCERTO,Luminárias Ornamentais da Light,,,,tombado,municipal,,,,2022-10-28,
INCERTO·sem dono,INCERTO,Luminárias Ornamentais da Light,,,,tombado,municipal,,,,2022-10-28,
INCERTO·sem dono,INCERTO,Luminárias Ornamentais da Light,,,,tombado,municipal,,,,2022-10-28,
INCERTO·sem dono,INCERTO,Luminárias Ornamentais da Light,,,,tombado,municipal,,,,2022-10-28,
INCERTO·sem dono,INCERTO,Luminárias Ornamentais da Light,,,,tombado,municipal,,,,2022-10-28,
INCERTO·sem dono,INCERTO,Luminárias Ornamentais da Light,,,,tombado,municipal,,,,2022-10-28,
INCERTO·sem dono,INCERTO,Luminárias Ornamentais da Light,,,,tombado,municipal,,,,2022-10-28,
INCERTO·sem dono,INCERTO,Luminárias Ornamentais da Light,,,,tombado,municipal,,,,2022-10-28,
INCERTO·sem dono,INCERTO,Luminárias Ornamentais da Light,,,,tombado,municipal,,,,2022-10-28,
INCERTO·sem dono,INCERTO,Luminárias Ornamentais da Light,,,,tombado,municipal,,,,2022-10-28,
INCERTO·sem dono,INCERTO,Luminárias Ornamentais da Light,,,,tombado,municipal,,,,2022-10-28,
INCERTO·sem dono,INCERTO,Luminárias Ornamentais da Light,,,,tombado,municipal,,,,2022-10-28,
INCERTO·sem dono,INCERTO,Luminárias Ornamentais da Light,,,,tombado,municipal,,,,2022-10-28,
INCERTO·sem dono,INCERTO,Luminárias Ornamentais da Light,,,,tombado,municipal,,,,2022-10-28,
INCERTO·sem dono,INCERTO,Luminárias Ornamentais da Light,,,,tombado,municipal,,,,2022-10-28,
INCERTO·sem dono,INCERTO,Luminárias Ornamentais da Light,,,,tombado,municipal,,,,2022-10-28,
INCERTO·sem dono,INCERTO,Luminárias Ornamentais da Light,,,,tombado,municipal,,,,2022-10-28,
INCERTO·sem dono,INCERTO,Luminárias Ornamentais da Light,,,,tombado,municipal,,,,2022-10-28,
INCERTO·sem dono,INCERTO,Luminárias Ornamentais da Light,,,,tombado,municipal,,,,2022-10-28,
INCERTO·sem dono,INCERTO,Luminárias Ornamentais da Light,,,,tombado,municipal,,,,2022-10-28,
INCERTO·sem dono,INCERTO,Luminárias Ornamentais da Light,,,,tombado,municipal,,,,2022-10-28,
INCERTO·sem dono,INCERTO,Luminárias Ornamentais da Light,,,,tombado,municipal,,,,2022-10-28,
INCERTO·sem dono,INCERTO,Luminárias Ornamentais da Light,,,,tombado,municipal,,,,2022-10-28,
INCERTO·sem dono,INCERTO,Luminárias Ornamentais da Light,,,,tombado,municipal,,,,2022-10-28,
INCERTO·sem dono,INCERTO,Luminárias Ornamentais da Light,,,,tombado,municipal,,,,2022-10-28,
INCERTO·sem dono,INCERTO,Luminárias Ornamentais da Light,,,,tombado,municipal,,,,2022-10-28,
INCERTO·sem dono,INCERTO,Luminárias Ornamentais da Light,,,,tombado,municipal,,,,2022-10-28,
INCERTO·sem dono,INCERTO,Luminárias Ornamentais da Light,,,,tombado,municipal,,,,2022-10-28,
INCERTO·sem dono,INCERTO,Luminárias Ornamentais da Light,,,,tombado,municipal,,,,2022-10-28,
INCERTO·sem dono,INCERTO,Luminárias Ornamentais da Light,,,,tombado,municipal,,,,2022-10-28,
INCERTO·sem dono,INCERTO,Luminárias Ornamentais da Light,,,,tombado,municipal,,,,2022-10-28,
INCERTO·sem dono,INCERTO,Luminárias Ornamentais da Light,,,,tombado,municipal,,,,2022-10-28,
INCERTO·sem dono,INCERTO,Luminárias Ornamentais da Light,,,,tombado,municipal,,,,2022-10-28,
INCERTO·sem dono,INCERTO,Luminárias Ornamentais da Light,,,,tombado,municipal,,,,2022-10-28,
INCERTO·sem dono,INCERTO,Luminárias Ornamentais da Light,,,,tombado,municipal,,,,2022-10-28,
INCERTO·sem dono,INCERTO,Luminárias Ornamentais da Light,,,,tombado,municipal,,,,2022-10-28,
INCERTO·sem dono,INCERTO,Luminárias Ornamentais da Light,,,,tombado,municipal,,,,2022-10-28,
INCERTO·sem dono,INCERTO,Luminárias Ornamentais da Light,,,,tombado,municipal,,,,2022-10-28,
INCERTO·sem dono,INCERTO,Luminárias Ornamentais da Light,,,,tombado,municipal,,,,2022-10-28,
INCERTO·sem dono,INCERTO,Luminárias Ornamentais da Light,,,,tombado,municipal,,,,2022-10-28,
INCERTO·sem dono,INCERTO,Luminárias Ornamentais da Light,,,,tombado,municipal,,,,2022-10-28,
INCERTO·sem dono,INCERTO,Luminárias Ornamentais da Light,,,,tombado,municipal,,,,2022-10-28,
INCERTO·sem dono,INCERTO,Luminárias Ornamentais da Light,,,,tombado,municipal,,,,2022-10-28,
INCERTO·sem dono,INCERTO,Luminárias Ornamentais da Light,,,,tombado,municipal,,,,2022-10-28,
INCERTO·sem dono,INCERTO,Luminárias Ornamentais da Light,,,,tombado,municipal,,,,2022-10-28,
INCERTO·sem dono,INCERTO,Luminárias Ornamentais da Light,,,,tombado,municipal,,,,2022-10-28,
INCERTO·sem dono,INCERTO,Luminárias Ornamentais da Light,,,,tombado,municipal,,,,2022-10-28,
INCERTO·sem dono,INCERTO,Luminárias Ornamentais da Light,,,,tombado,municipal,,,,2022-10-28,
INCERTO·sem dono,INCERTO,Luminárias Ornamentais da Light,,,,tombado,municipal,,,,2022-10-28,
INCERTO·sem dono,INCERTO,Luminárias Ornamentais da Light,,,,tombado,municipal,,,,2022-10-28,
INCERTO·sem dono,INCERTO,Luminárias Ornamentais da Light,,,,tombado,municipal,,,,2022-10-28,
INCERTO·sem dono,INCERTO,Luminárias Ornamentais da Light,,,,tombado,municipal,,,,2022-10-28,
INCERTO·sem dono,INCERTO,Luminárias Ornamentais da Light,,,,tombado,municipal,,,,2022-10-28,
INCERTO·sem dono,INCERTO,Luminárias Ornamentais da Light,,,,tombado,municipal,,,,2022-10-28,
INCERTO·sem dono,INCERTO,Luminárias Ornamentais da Light,,,,tombado,municipal,,,,2022-10-28,
INCERTO·sem dono,INCERTO,Luminárias Ornamentais da Light,,,,tombado,municipal,,,,2022-10-28,
INCERTO·sem dono,INCERTO,Luminárias Ornamentais da Light,,,,tombado,municipal,,,,2022-10-28,
INCERTO·sem dono,INCERTO,Luminárias Ornamentais da Light,,,,tombado,municipal,,,,2022-10-28,
INCERTO·sem dono,INCERTO,Luminárias Ornamentais da Light,,,,tombado,municipal,,,,2022-10-28,
INCERTO·sem dono,INCERTO,Luminárias Ornamentais da Light,,,,tombado,municipal,,,,2022-10-28,
INCERTO·sem dono,INCERTO,Luminárias Ornamentais da Light,,,,tombado,municipal,,,,2022-10-28,
INCERTO·sem dono,INCERTO,Luminárias Ornamentais da Light,,,,tombado,municipal,,,,2022-10-28,
INCERTO·sem dono,INCERTO,Luminárias Ornamentais da Light,,,,tombado,municipal,,,,2022-10-28,
INCERTO·sem dono,INCERTO,Luminárias Ornamentais da Light,,,,tombado,municipal,,,,2022-10-28,
INCERTO·sem dono,INCERTO,Luminárias Ornamentais da Light,,,,tombado,municipal,,,,2022-10-28,
INCERTO·sem dono,INCERTO,Luminárias Ornamentais da Light,,,,tombado,municipal,,,,2022-10-28,
INCERTO·sem dono,INCERTO,Luminárias Ornamentais da Light,,,,tombado,municipal,,,,2022-10-28,
INCERTO·sem dono,INCERTO,Luminárias Ornamentais da Light,,,,tombado,municipal,,,,2022-10-28,
INCERTO·sem dono,INCERTO,Luminárias Ornamentais da Light,,,,tombado,municipal,,,,2022-10-28,
INCERTO·sem dono,INCERTO,Luminárias Ornamentais da Light,,,,tombado,municipal,,,,2022-10-28,
INCERTO·sem dono,INCERTO,Luminárias Ornamentais da Light,,,,tombado,municipal,,,,2022-10-28,
INCERTO·sem dono,INCERTO,Luminárias Ornamentais da Light,,,,tombado,municipal,,,,2022-10-28,
INCERTO·sem dono,INCERTO,Luminárias Ornamentais da Light,,,,tombado,municipal,,,,2022-10-28,
INCERTO·sem dono,INCERTO,Luminárias Ornamentais da Light,,,,tombado,municipal,,,,2022-10-28,
INCERTO·sem dono,INCERTO,Luminárias Ornamentais da Light,,,,tombado,municipal,,,,2022-10-28,
INCERTO·sem dono,INCERTO,Luminárias Ornamentais da Light,,,,tombado,municipal,,,,2022-10-28,
INCERTO·sem dono,INCERTO,Luminárias Ornamentais da Light,,,,tombado,municipal,,,,2022-10-28,
INCERTO·sem dono,INCERTO,Luminárias Ornamentais da Light,,,,tombado,municipal,,,,2022-10-28,
INCERTO·sem dono,INCERTO,Luminárias Ornamentais da Light,,,,tombado,municipal,,,,2022-10-28,
INCERTO·sem dono,INCERTO,Luminárias Ornamentais da Light,,,,tombado,municipal,,,,2022-10-28,
INCERTO·sem dono,INCERTO,Luminárias Ornamentais da Light,,,,tombado,municipal,,,,2022-10-28,
INCERTO·sem dono,INCERTO,Luminárias Ornamentais da Light,,,,tombado,municipal,,,,2022-10-28,
INCERTO·sem dono,INCERTO,Luminárias Ornamentais da Light,,,,tombado,municipal,,,,2022-10-28,
INCERTO·sem dono,INCERTO,Luminárias Ornamentais da Light,,,,tombado,municipal,,,,2022-10-28,
INCERTO·sem dono,INCERTO,Luminárias Ornamentais da Light,,,,tombado,municipal,,,,2022-10-28,
INCERTO·sem dono,INCERTO,Luminárias Ornamentais da Light,,,,tombado,municipal,,,,2022-10-28,
INCERTO·sem dono,INCERTO,Luminárias Ornamentais da Light,,,,tombado,municipal,,,,2022-10-28,
INCERTO·sem dono,INCERTO,Luminárias Ornamentais da Light,,,,tombado,municipal,,,,2022-10-28,
INCERTO·sem dono,INCERTO,Luminárias Ornamentais da Light,,,,tombado,municipal,,,,2022-10-28,
INCERTO·sem dono,INCERTO,Luminárias Ornamentais da Light,,,,tombado,municipal,,,,2022-10-28,
INCERTO·sem dono,INCERTO,Luminárias Ornamentais da Light,,,,tombado,municipal,,,,2022-10-28,
INCERTO·sem dono,INCERTO,Luminárias Ornamentais da Light,,,,tombado,municipal,,,,2022-10-28,
INCERTO·sem dono,INCERTO,Luminárias Ornamentais da Light,,,,tombado,municipal,,,,2022-10-28,
INCERTO·sem dono,INCERTO,Luminárias Ornamentais da Light,,,,tombado,municipal,,,,2022-10-28,
INCERTO·sem dono,INCERTO,Luminárias Ornamentais da Light,,,,tombado,municipal,,,,2022-10-28,
INCERTO·sem dono,INCERTO,Luminárias Ornamentais da Light,,,,tombado,municipal,,,,2022-10-28,
INCERTO·sem dono,INCERTO,Luminárias Ornamentais da Light,,,,tombado,municipal,,,,2022-10-28,
INCERTO·sem dono,INCERTO,Luminárias Ornamentais da Light,,,,tombado,municipal,,,,2022-10-28,
INCERTO·sem dono,INCERTO,Luminárias Ornamentais da Light,,,,tombado,municipal,,,,2022-10-28,
INCERTO·sem dono,INCERTO,Luminárias Ornamentais da Light,,,,tombado,municipal,,,,2022-10-28,
INCERTO·sem dono,INCERTO,Luminárias Ornamentais da Light,,,,tombado,municipal,,,,2022-10-28,
INCERTO·sem dono,INCERTO,Luminárias Ornamentais da Light,,,,tombado,municipal,,,,2022-10-28,
INCERTO·sem dono,INCERTO,Luminárias Ornamentais da Light,,,,tombado,municipal,,,,2022-10-28,
INCERTO·sem dono,INCERTO,Luminárias Ornamentais da Light,,,,tombado,municipal,,,,2022-10-28,
INCERTO·sem dono,INCERTO,Luminárias Ornamentais da Light,,,,tombado,municipal,,,,2022-10-28,
INCERTO·sem dono,INCERTO,Luminárias Ornamentais da Light,,,,tombado,municipal,,,,2022-10-28,
INCERTO·sem dono,INCERTO,Luminárias Ornamentais da Light,,,,tombado,municipal,,,,2022-10-28,
INCERTO·sem dono,INCERTO,Luminárias Ornamentais da Light,,,,tombado,municipal,,,,2022-10-28,
INCERTO·sem dono,INCERTO,Luminárias Ornamentais da Light,,,,tombado,municipal,,,,2022-10-28,
INCERTO·sem dono,INCERTO,Luminárias Ornamentais da Light,,,,tombado,municipal,,,,2022-10-28,
INCERTO·sem dono,INCERTO,Luminárias Ornamentais da Light,,,,tombado,municipal,,,,2022-10-28,
INCERTO·sem dono,INCERTO,Luminárias Ornamentais da Light,,,,tombado,municipal,,,,2022-10-28,
INCERTO·sem dono,INCERTO,Luminárias Ornamentais da Light,,,,tombado,municipal,,,,2022-10-28,
INCERTO·sem dono,INCERTO,Luminárias Ornamentais da Light,,,,tombado,municipal,,,,2022-10-28,
INCERTO·sem dono,INCERTO,Luminárias Ornamentais da Light,,,,tombado,municipal,,,,2022-10-28,
INCERTO·sem dono,INCERTO,Luminárias Ornamentais da Light,,,,tombado,municipal,,,,2022-10-28,
INCERTO·sem dono,INCERTO,Luminárias Ornamentais da Light,,,,tombado,municipal,,,,2022-10-28,
INCERTO·sem dono,INCERTO,Luminárias Ornamentais da Light,,,,tombado,municipal,,,,2022-10-28,
INCERTO·sem dono,INCERTO,Luminárias Ornamentais da Light,,,,tombado,municipal,,,,2022-10-28,
INCERTO·sem dono,INCERTO,Luminárias Ornamentais da Light,,,,tombado,municipal,,,,2022-10-28,
INCERTO·sem dono,INCERTO,Luminárias Ornamentais da Light,,,,tombado,municipal,,,,2022-10-28,
INCERTO·sem dono,INCERTO,Luminárias Ornamentais da Light,,,,tombado,municipal,,,,2022-10-28,
INCERTO·sem dono,INCERTO,Luminárias Ornamentais da Light,,,,tombado,municipal,,,,2022-10-28,
INCERTO·sem dono,INCERTO,Luminárias Ornamentais da Light,,,,tombado,municipal,,,,2022-10-28,
INCERTO·sem dono,INCERTO,Luminárias Ornamentais da Light,,,,tombado,municipal,,,,2022-10-28,
INCERTO·sem dono,INCERTO,Luminárias Ornamentais da Light,,,,tombado,municipal,,,,2022-10-28,
INCERTO·sem dono,INCERTO,Luminárias Ornamentais da Light,,,,tombado,municipal,,,,2022-10-28,
INCERTO·sem dono,INCERTO,Luminárias Ornamentais da Light,,,,tombado,municipal,,,,2022-10-28,
INCERTO·sem dono,INCERTO,Luminárias Ornamentais da Light,,,,tombado,municipal,,,,2022-10-28,
INCERTO·sem dono,INCERTO,Luminárias Ornamentais da Light,,,,tombado,municipal,,,,2022-10-28,
INCERTO·sem dono,INCERTO,Luminárias Ornamentais da Light,,,,tombado,municipal,,,,2022-10-28,
INCERTO·sem dono,INCERTO,Luminárias Ornamentais da Light,,,,tombado,municipal,,,,2022-10-28,
INCERTO·sem dono,INCERTO,Luminárias Ornamentais da Light,,,,tombado,municipal,,,,2022-10-28,
INCERTO·sem dono,INCERTO,Luminárias Ornamentais da Light,,,,tombado,municipal,,,,2022-10-28,
INCERTO·sem dono,INCERTO,Luminárias Ornamentais da Light,,,,tombado,municipal,,,,2022-10-28,
INCERTO·sem dono,INCERTO,Luminárias Ornamentais da Light,,,,tombado,municipal,,,,2022-10-28,
INCERTO·sem dono,INCERTO,Luminárias Ornamentais da Light,,,,tombado,municipal,,,,2022-10-28,
INCERTO·sem dono,INCERTO,Luminárias Ornamentais da Light,,,,tombado,municipal,,,,2022-10-28,
INCERTO·sem dono,INCERTO,Luminárias Ornamentais da Light,,,,tombado,municipal,,,,2022-10-28,
INCERTO·sem dono,INCERTO,Luminárias Ornamentais da Light,,,,tombado,municipal,,,,2022-10-28,
INCERTO·sem dono,INCERTO,Luminárias Ornamentais da Light,,,,tombado,municipal,,,,2022-10-28,
INCERTO·sem dono,INCERTO,Luminárias Ornamentais da Light,,,,tombado,municipal,,,,2022-10-28,
INCERTO·sem dono,INCERTO,Luminárias Ornamentais da Light,,,,tombado,municipal,,,,2022-10-28,
INCERTO·sem dono,INCERTO,Luminárias Ornamentais da Light,,,,tombado,municipal,,,,2022-10-28,
INCERTO·sem dono,INCERTO,Luminárias Ornamentais da Light,,,,tombado,municipal,,,,2022-10-28,
INCERTO·sem dono,INCERTO,Luminárias Ornamentais da Light,,,,tombado,municipal,,,,2022-10-28,
INCERTO·sem dono,INCERTO,Luminárias Ornamentais da Light,,,,tombado,municipal,,,,2022-10-28,
INCERTO·sem dono,INCERTO,Luminárias Ornamentais da Light,,,,tombado,municipal,,,,2022-10-28,
INCERTO·sem dono,INCERTO,Luminárias Ornamentais da Light,,,,tombado,municipal,,,,2022-10-28,
INCERTO·sem dono,INCERTO,Luminárias Ornamentais da Light,,,,tombado,municipal,,,,2022-10-28,
INCERTO·sem dono,INCERTO,Luminárias Ornamentais da Light,,,,tombado,municipal,,,,2022-10-28,
INCERTO·sem dono,INCERTO,Luminárias Ornamentais da Light,,,,tombado,municipal,,,,2022-10-28,
INCERTO·sem dono,INCERTO,Luminárias Ornamentais da Light,,,,tombado,municipal,,,,2022-10-28,
INCERTO·sem dono,INCERTO,Luminárias Ornamentais da Light,,,,tombado,municipal,,,,2022-10-28,
INCERTO·sem dono,INCERTO,Luminárias Ornamentais da Light,,,,tombado,municipal,,,,2022-10-28,
INCERTO·sem dono,INCERTO,Luminárias Ornamentais da Light,,,,tombado,municipal,,,,2022-10-28,
INCERTO·sem dono,INCERTO,Luminárias Ornamentais da Light,,,,tombado,municipal,,,,2022-10-28,
INCERTO·sem dono,INCERTO,Luminárias Ornamentais da Light,,,,tombado,municipal,,,,2022-10-28,
INCERTO·sem dono,INCERTO,Luminárias Ornamentais da Light,,,,tombado,municipal,,,,2022-10-28,
INCERTO·sem dono,INCERTO,Luminárias Ornamentais da Light,,,,tombado,municipal,,,,2022-10-28,
INCERTO·sem dono,INCERTO,Luminárias Ornamentais da Light,,,,tombado,municipal,,,,2022-10-28,
INCERTO·sem dono,INCERTO,Luminárias Ornamentais da Light,,,,tombado,municipal,,,,2022-10-28,
INCERTO·sem dono,INCERTO,Luminárias Ornamentais da Light,,,,tombado,municipal,,,,2022-10-28,
INCERTO·sem dono,INCERTO,Luminárias Ornamentais da Light,,,,tombado,municipal,,,,2022-10-28,
INCERTO·sem dono,INCERTO,Luminárias Ornamentais da Light,,,,tombado,municipal,,,,2022-10-28,
INCERTO·sem dono,INCERTO,Luminárias Ornamentais da Light,,,,tombado,municipal,,,,2022-10-28,
INCERTO·sem dono,INCERTO,Luminárias Ornamentais da Light,,,,tombado,municipal,,,,2022-10-28,
INCERTO·sem dono,INCERTO,Luminárias Ornamentais da Light,,,,tombado,municipal,,,,2022-10-28,
INCERTO·sem dono,INCERTO,Luminárias Ornamentais da Light,,,,tombado,municipal,,,,2022-10-28,
INCERTO·sem dono,INCERTO,Luminárias Ornamentais da Light,,,,tombado,municipal,,,,2022-10-28,
INCERTO·sem dono,INCERTO,Luminárias Ornamentais da Light,,,,tombado,municipal,,,,2022-10-28,
INCERTO·sem dono,INCERTO,Luminárias Ornamentais da Light,,,,tombado,municipal,,,,2022-10-28,
INCERTO·sem dono,INCERTO,Luminárias Ornamentais da Light,,,,tombado,municipal,,,,2022-10-28,
INCERTO·sem dono,INCERTO,Luminárias Ornamentais da Light,,,,tombado,municipal,,,,2022-10-28,
INCERTO·sem dono,INCERTO,Luminárias Ornamentais da Light,,,,tombado,municipal,,,,2022-10-28,
INCERTO·sem dono,INCERTO,Luminárias Ornamentais da Light,,,,tombado,municipal,,,,2022-10-28,
INCERTO·sem dono,INCERTO,Luminárias Ornamentais da Light,,,,tombado,municipal,,,,2022-10-28,
INCERTO·sem dono,INCERTO,Luminárias Ornamentais da Light,,,,tombado,municipal,,,,2022-10-28,
INCERTO·sem dono,INCERTO,Luminárias Ornamentais da Light,,,,tombado,municipal,,,,2022-10-28,
INCERTO·sem dono,INCERTO,Luminárias Ornamentais da Light,,,,tombado,municipal,,,,2022-10-28,
INCERTO·sem dono,INCERTO,Luminárias Ornamentais da Light,,,,tombado,municipal,,,,2022-10-28,
INCERTO·sem dono,INCERTO,Luminárias Ornamentais da Light,,,,tombado,municipal,,,,2022-10-28,
INCERTO·sem dono,INCERTO,Luminárias Ornamentais da Light,,,,tombado,municipal,,,,2022-10-28,
INCERTO·sem dono,INCERTO,Luminárias Ornamentais da Light,,,,tombado,municipal,,,,2022-10-28,
INCERTO·sem dono,INCERTO,Luminárias Ornamentais da Light,,,,tombado,municipal,,,,2022-10-28,
INCERTO·sem dono,INCERTO,Luminárias Ornamentais da Light,,,,tombado,municipal,,,,2022-10-28,
INCERTO·sem dono,INCERTO,Luminárias Ornamentais da Light,,,,tombado,municipal,,,,2022-10-28,
INCERTO·sem dono,INCERTO,Luminárias Ornamentais da Light,,,,tombado,municipal,,,,2022-10-28,
INCERTO·sem dono,INCERTO,Luminárias Ornamentais da Light,,,,tombado,municipal,,,,2022-10-28,
INCERTO·sem dono,INCERTO,Luminárias Ornamentais da Light,,,,tombado,municipal,,,,2022-10-28,
INCERTO·sem dono,INCERTO,Luminárias Ornamentais da Light,,,,tombado,municipal,,,,2022-10-28,
INCERTO·sem dono,INCERTO,Luminárias Ornamentais da Light,,,,tombado,municipal,,,,2022-10-28,
INCERTO·sem dono,INCERTO,Luminárias Ornamentais da Light,,,,tombado,municipal,,,,2022-10-28,
INCERTO·sem dono,INCERTO,Luminárias Ornamentais da Light,,,,tombado,municipal,,,,2022-10-28,
INCERTO·sem dono,INCERTO,Luminárias Ornamentais da Light,,,,tombado,municipal,,,,2022-10-28,
INCERTO·sem dono,INCERTO,Luminárias Ornamentais da Light,,,,tombado,municipal,,,,2022-10-28,
INCERTO·sem dono,INCERTO,Luminárias Ornamentais da Light,,,,tombado,municipal,,,,2022-10-28,
INCERTO·sem dono,INCERTO,Luminárias Ornamentais da Light,,,,tombado,municipal,,,,2022-10-28,
INCERTO·sem dono,INCERTO,Luminárias Ornamentais da Light,,,,tombado,municipal,,,,2022-10-28,
INCERTO·sem dono,INCERTO,Luminárias Ornamentais da Light,,,,tombado,municipal,,,,2022-10-28,
INCERTO·sem dono,INCERTO,Luminárias Ornamentais da Light,,,,tombado,municipal,,,,2022-10-28,
INCERTO·sem dono,INCERTO,Luminárias Ornamentais da Light,,,,tombado,municipal,,,,2022-10-28,
INCERTO·sem dono,INCERTO,Luminárias Ornamentais da Light,,,,tombado,municipal,,,,2022-10-28,
INCERTO·sem dono,INCERTO,Luminárias Ornamentais da Light,,,,tombado,municipal,,,,2022-10-28,
INCERTO·sem dono,INCERTO,Luminárias Ornamentais da Light,,,,tombado,municipal,,,,2022-10-28,
INCERTO·sem dono,INCERTO,Luminárias Ornamentais da Light,,,,tombado,municipal,,,,2022-10-28,
INCERTO·sem dono,INCERTO,Luminárias Ornamentais da Light,,,,tombado,municipal,,,,2022-10-28,
INCERTO·sem dono,INCERTO,Luminárias Ornamentais da Light,,,,tombado,municipal,,,,2022-10-28,
INCERTO·sem dono,INCERTO,Luminárias Ornamentais da Light,,,,tombado,municipal,,,,2022-10-28,
INCERTO·sem dono,INCERTO,Luminárias Ornamentais da Light,,,,tombado,municipal,,,,2022-10-28,
INCERTO·sem dono,INCERTO,Luminárias Ornamentais da Light,,,,tombado,municipal,,,,2022-10-28,
INCERTO·sem dono,INCERTO,Luminárias Ornamentais da Light,,,,tombado,municipal,,,,2022-10-28,
INCERTO·sem dono,INCERTO,Luminárias Ornamentais da Light,,,,tombado,municipal,,,,2022-10-28,
INCERTO·sem dono,INCERTO,Luminárias Ornamentais da Light,,,,tombado,municipal,,,,2022-10-28,
INCERTO·sem dono,INCERTO,Luminárias Ornamentais da Light,,,,tombado,municipal,,,,2022-10-28,
INCERTO·sem dono,INCERTO,Luminárias Ornamentais da Light,,,,tombado,municipal,,,,2022-10-28,
INCERTO·sem dono,INCERTO,Luminárias Ornamentais da Light,,,,tombado,municipal,,,,2022-10-28,
INCERTO·sem dono,INCERTO,Luminárias Ornamentais da Light,,,,tombado,municipal,,,,2022-10-28,
INCERTO·sem dono,INCERTO,Luminárias Ornamentais da Light,,,,tombado,municipal,,,,2022-10-28,
INCERTO·sem dono,INCERTO,Luminárias Ornamentais da Light,,,,tombado,municipal,,,,2022-10-28,
INCERTO·sem dono,INCERTO,Luminárias Ornamentais da Light,,,,tombado,municipal,,,,2022-10-28,
INCERTO·sem dono,INCERTO,Luminárias Ornamentais da Light,,,,tombado,municipal,,,,2022-10-28,
INCERTO·sem dono,INCERTO,Luminárias Ornamentais da Light,,,,tombado,municipal,,,,2022-10-28,
INCERTO·sem dono,INCERTO,Luminárias Ornamentais da Light,,,,tombado,municipal,,,,2022-10-28,
INCERTO·sem dono,INCERTO,Luminárias Ornamentais da Light,,,,tombado,municipal,,,,2022-10-28,
INCERTO·sem dono,INCERTO,Luminárias Ornamentais da Light,,,,tombado,municipal,,,,2022-10-28,
INCERTO·sem dono,INCERTO,Luminárias Ornamentais da Light,,,,tombado,municipal,,,,2022-10-28,
INCERTO·sem dono,INCERTO,Luminárias Ornamentais da Light,,,,tombado,municipal,,,,2022-10-28,
INCERTO·sem dono,INCERTO,Luminárias Ornamentais da Light,,,,tombado,municipal,,,,2022-10-28,
INCERTO·sem dono,INCERTO,Luminárias Ornamentais da Light,,,,tombado,municipal,,,,2022-10-28,
INCERTO·sem dono,INCERTO,Luminárias Ornamentais da Light,,,,tombado,municipal,,,,2022-10-28,
INCERTO·sem dono,INCERTO,Luminárias Ornamentais da Light,,,,tombado,municipal,,,,2022-10-28,
INCERTO·sem dono,INCERTO,Luminárias Ornamentais da Light,,,,tombado,municipal,,,,2022-10-28,
INCERTO·sem dono,INCERTO,Luminárias Ornamentais da Light,,,,tombado,municipal,,,,2022-10-28,
INCERTO·sem dono,INCERTO,Luminárias Ornamentais da Light,,,,tombado,municipal,,,,2022-10-28,
INCERTO·sem dono,INCERTO,Luminárias Ornamentais da Light,,,,tombado,municipal,,,,2022-10-28,
INCERTO·sem dono,INCERTO,Luminárias Ornamentais da Light,,,,tombado,municipal,,,,2022-10-28,
INCERTO·sem dono,INCERTO,Luminárias Ornamentais da Light,,,,tombado,municipal,,,,2022-10-28,
INCERTO·sem dono,INCERTO,Luminárias Ornamentais da Light,,,,tombado,municipal,,,,2022-10-28,
INCERTO·sem dono,INCERTO,Luminárias Ornamentais da Light,,,,tombado,municipal,,,,2022-10-28,
INCERTO·sem dono,INCERTO,Luminárias Ornamentais da Light,,,,tombado,municipal,,,,2022-10-28,
INCERTO·sem dono,INCERTO,Luminárias Ornamentais da Light,,,,tombado,municipal,,,,2022-10-28,
INCERTO·sem dono,INCERTO,Luminárias Ornamentais da Light,,,,tombado,municipal,,,,2022-10-28,
INCERTO·sem dono,INCERTO,Luminárias Ornamentais da Light,,,,tombado,municipal,,,,2022-10-28,
INCERTO·sem dono,INCERTO,Luminárias Ornamentais da Light,,,,tombado,municipal,,,,2022-10-28,
INCERTO·sem dono,INCERTO,Luminárias Ornamentais da Light,,,,tombado,municipal,,,,2022-10-28,
INCERTO·sem dono,INCERTO,Luminárias Ornamentais da Light,,,,tombado,municipal,,,,2022-10-28,
INCERTO·sem dono,INCERTO,Luminárias Ornamentais da Light,,,,tombado,municipal,,,,2022-10-28,
INCERTO·sem dono,INCERTO,Luminárias Ornamentais da Light,,,,tombado,municipal,,,,2022-10-28,
INCERTO·sem dono,INCERTO,Luminárias Ornamentais da Light,,,,tombado,municipal,,,,2022-10-28,
INCERTO·sem dono,INCERTO,Luminárias Ornamentais da Light,,,,tombado,municipal,,,,2022-10-28,
INCERTO·sem dono,INCERTO,Luminárias Ornamentais da Light,,,,tombado,municipal,,,,2022-10-28,
INCERTO·sem dono,INCERTO,Luminárias Ornamentais da Light,,,,tombado,municipal,,,,2022-10-28,
INCERTO·sem dono,INCERTO,Luminárias Ornamentais da Light,,,,tombado,municipal,,,,2022-10-28,
INCERTO·sem dono,INCERTO,Luminárias Ornamentais da Light,,,,tombado,municipal,,,,2022-10-28,
INCERTO·sem dono,INCERTO,Luminárias Ornamentais da Light,,,,tombado,municipal,,,,2022-10-28,
INCERTO·sem dono,INCERTO,Luminárias Ornamentais da Light,,,,tombado,municipal,,,,2022-10-28,
INCERTO·sem dono,INCERTO,Luminárias Ornamentais da Light,,,,tombado,municipal,,,,2022-10-28,
INCERTO·sem dono,INCERTO,Luminárias Ornamentais da Light,,,,tombado,municipal,,,,2022-10-28,
INCERTO·sem dono,INCERTO,Luminárias Ornamentais da Light,,,,tombado,municipal,,,,2022-10-28,
INCERTO·sem dono,INCERTO,Luminárias Ornamentais da Light,,,,tombado,municipal,,,,2022-10-28,
INCERTO·sem dono,INCERTO,Luminárias Ornamentais da Light,,,,tombado,municipal,,,,2022-10-28,
INCERTO·sem dono,INCERTO,Luminárias Ornamentais da Light,,,,tombado,municipal,,,,2022-10-28,
INCERTO·sem dono,INCERTO,Luminárias Ornamentais da Light,,,,tombado,municipal,,,,2022-10-28,
INCERTO·sem dono,INCERTO,Luminárias Ornamentais da Light,,,,tombado,municipal,,,,2022-10-28,
INCERTO·sem dono,INCERTO,Luminárias Ornamentais da Light,,,,tombado,municipal,,,,2022-10-28,
INCERTO·sem dono,INCERTO,Luminárias Ornamentais da Light,,,,tombado,municipal,,,,2022-10-28,
INCERTO·sem dono,INCERTO,Luminárias Ornamentais da Light,,,,tombado,municipal,,,,2022-10-28,
INCERTO·sem dono,INCERTO,Luminárias Ornamentais da Light,,,,tombado,municipal,,,,2022-10-28,
INCERTO·sem dono,INCERTO,Luminárias Ornamentais da Light,,,,tombado,municipal,,,,2022-10-28,
INCERTO·sem dono,INCERTO,Luminárias Ornamentais da Light,,,,tombado,municipal,,,,2022-10-28,
INCERTO·sem dono,INCERTO,Luminárias Ornamentais da Light,,,,tombado,municipal,,,,2022-10-28,
INCERTO·sem dono,INCERTO,Luminárias Ornamentais da Light,,,,tombado,municipal,,,,2022-10-28,
INCERTO·sem dono,INCERTO,Luminárias Ornamentais da Light,,,,tombado,municipal,,,,2022-10-28,
INCERTO·sem dono,INCERTO,Luminárias Ornamentais da Light,,,,tombado,municipal,,,,2022-10-28,
INCERTO·sem dono,INCERTO,Luminárias Ornamentais da Light,,,,tombado,municipal,,,,2022-10-28,
INCERTO·sem dono,INCERTO,Luminárias Ornamentais da Light,,,,tombado,municipal,,,,2022-10-28,
INCERTO·sem dono,INCERTO,Luminárias Ornamentais da Light,,,,tombado,municipal,,,,2022-10-28,
INCERTO·sem dono,INCERTO,Luminárias Ornamentais da Light,,,,tombado,municipal,,,,2022-10-28,
INCERTO·sem dono,INCERTO,Luminárias Ornamentais da Light,,,,tombado,municipal,,,,2022-10-28,
INCERTO·sem dono,INCERTO,Luminárias Ornamentais da Light,,,,tombado,municipal,,,,2022-10-28,
INCERTO·sem dono,INCERTO,Luminárias Ornamentais da Light,,,,tombado,municipal,,,,2022-10-28,
INCERTO·sem dono,INCERTO,Luminárias Ornamentais da Light,,,,tombado,municipal,,,,2022-10-28,
INCERTO·sem dono,INCERTO,Luminárias Ornamentais da Light,,,,tombado,municipal,,,,2022-10-28,
INCERTO·sem dono,INCERTO,Luminárias Ornamentais da Light,,,,tombado,municipal,,,,2022-10-28,
INCERTO·sem dono,INCERTO,Luminárias Ornamentais da Light,,,,tombado,municipal,,,,2022-10-28,
INCERTO·sem dono,INCERTO,Luminárias Ornamentais da Light,,,,tombado,municipal,,,,2022-10-28,
INCERTO·sem dono,INCERTO,Luminárias Ornamentais da Light,,,,tombado,municipal,,,,2022-10-28,
INCERTO·sem dono,INCERTO,Luminárias Ornamentais da Light,,,,tombado,municipal,,,,2022-10-28,
INCERTO·sem dono,INCERTO,Luminárias Ornamentais da Light,,,,tombado,municipal,,,,2022-10-28,
INCERTO·sem dono,INCERTO,Luminárias Ornamentais da Light,,,,tombado,municipal,,,,2022-10-28,
INCERTO·sem dono,INCERTO,Luminárias Ornamentais da Light,,,,tombado,municipal,,,,2022-10-28,
INCERTO·sem dono,INCERTO,Luminárias Ornamentais da Light,,,,tombado,municipal,,,,2022-10-28,
INCERTO·sem dono,INCERTO,Luminárias Ornamentais da Light,,,,tombado,municipal,,,,2022-10-28,
INCERTO·sem dono,INCERTO,Luminárias Ornamentais da Light,,,,tombado,municipal,,,,2022-10-28,
INCERTO·sem dono,INCERTO,Luminárias Ornamentais da Light,,,,tombado,municipal,,,,2022-10-28,
INCERTO·sem dono,INCERTO,Luminárias Ornamentais da Light,,,,tombado,municipal,,,,2022-10-28,
INCERTO·sem dono,INCERTO,Luminárias Ornamentais da Light,,,,tombado,municipal,,,,2022-10-28,
INCERTO·sem dono,INCERTO,Luminárias Ornamentais da Light,,,,tombado,municipal,,,,2022-10-28,
INCERTO·sem dono,INCERTO,Luminárias Ornamentais da Light,,,,tombado,municipal,,,,2022-10-28,
INCERTO·sem dono,INCERTO,Luminárias Ornamentais da Light,,,,tombado,municipal,,,,2022-10-28,
INCERTO·sem dono,INCERTO,Luminárias Ornamentais da Light,,,,tombado,municipal,,,,2022-10-28,
INCERTO·sem dono,INCERTO,Luminárias Ornamentais da Light,,,,tombado,municipal,,,,2022-10-28,
INCERTO·sem dono,INCERTO,Luminárias Ornamentais da Light,,,,tombado,municipal,,,,2022-10-28,
INCERTO·sem dono,INCERTO,Luminárias Ornamentais da Light,,,,tombado,municipal,,,,2022-10-28,
INCERTO·sem dono,INCERTO,Luminárias Ornamentais da Light,,,,tombado,municipal,,,,2022-10-28,
INCERTO·sem dono,INCERTO,Luminárias Ornamentais da Light,,,,tombado,municipal,,,,2022-10-28,
INCERTO·sem dono,INCERTO,Luminárias Ornamentais da Light,,,,tombado,municipal,,,,2022-10-28,
INCERTO·sem dono,INCERTO,Luminárias Ornamentais da Light,,,,tombado,municipal,,,,2022-10-28,
INCERTO·sem dono,INCERTO,Luminárias Ornamentais da Light,,,,tombado,municipal,,,,2022-10-28,
INCERTO·sem dono,INCERTO,Luminárias Ornamentais da Light,,,,tombado,municipal,,,,2022-10-28,
INCERTO·sem dono,INCERTO,Luminárias Ornamentais da Light,,,,tombado,municipal,,,,2022-10-28,
INCERTO·sem dono,INCERTO,Luminárias Ornamentais da Light,,,,tombado,municipal,,,,2022-10-28,
INCERTO·sem dono,INCERTO,Luminárias Ornamentais da Light,,,,tombado,municipal,,,,2022-10-28,
INCERTO·sem dono,INCERTO,Luminárias Ornamentais da Light,,,,tombado,municipal,,,,2022-10-28,
INCERTO·sem dono,INCERTO,Luminárias Ornamentais da Light,,,,tombado,municipal,,,,2022-10-28,
INCERTO·sem dono,INCERTO,Luminárias Ornamentais da Light,,,,tombado,municipal,,,,2022-10-28,
INCERTO·sem dono,INCERTO,Luminárias Ornamentais da Light,,,,tombado,municipal,,,,2022-10-28,
INCERTO·sem dono,INCERTO,Luminárias Ornamentais da Light,,,,tombado,municipal,,,,2022-10-28,
INCERTO·sem dono,INCERTO,Luminárias Ornamentais da Light,,,,tombado,municipal,,,,2022-10-28,
INCERTO·sem dono,INCERTO,Luminárias Ornamentais da Light,,,,tombado,municipal,,,,2022-10-28,
INCERTO·sem dono,INCERTO,Luminárias Ornamentais da Light,,,,tombado,municipal,,,,2022-10-28,
INCERTO·sem dono,INCERTO,Luminárias Ornamentais da Light,,,,tombado,municipal,,,,2022-10-28,
INCERTO·sem dono,INCERTO,Luminárias Ornamentais da Light,,,,tombado,municipal,,,,2022-10-28,
INCERTO·sem dono,INCERTO,Luminárias Ornamentais da Light,,,,tombado,municipal,,,,2022-10-28,
INCERTO·sem dono,INCERTO,Luminárias Ornamentais da Light,,,,tombado,municipal,,,,2022-10-28,
INCERTO·sem dono,INCERTO,Luminárias Ornamentais da Light,,,,tombado,municipal,,,,2022-10-28,
INCERTO·sem dono,INCERTO,Luminárias Ornamentais da Light,,,,tombado,municipal,,,,2022-10-28,
INCERTO·sem dono,INCERTO,Luminárias Ornamentais da Light,,,,tombado,municipal,,,,2022-10-28,
INCERTO·sem dono,INCERTO,Luminárias Ornamentais da Light,,,,tombado,municipal,,,,2022-10-28,
INCERTO·sem dono,INCERTO,Luminárias Ornamentais da Light,,,,tombado,municipal,,,,2022-10-28,
INCERTO·sem dono,INCERTO,Luminárias Ornamentais da Light,,,,tombado,municipal,,,,2022-10-28,
INCERTO·sem dono,INCERTO,Luminárias Ornamentais da Light,,,,tombado,municipal,,,,2022-10-28,
INCERTO·sem dono,INCERTO,Luminárias Ornamentais da Light,,,,tombado,municipal,,,,2022-10-28,
INCERTO·sem dono,INCERTO,Luminárias Ornamentais da Light,,,,tombado,municipal,,,,2022-10-28,
INCERTO·sem dono,INCERTO,Luminárias Ornamentais da Light,,,,tombado,municipal,,,,2022-10-28,
INCERTO·sem dono,INCERTO,Luminárias Ornamentais da Light,,,,tombado,municipal,,,,2022-10-28,
INCERTO·sem dono,INCERTO,Luminárias Ornamentais da Light,,,,tombado,municipal,,,,2022-10-28,
INCERTO·sem dono,INCERTO,Luminárias Ornamentais da Light,,,,tombado,municipal,,,,2022-10-28,
INCERTO·sem dono,INCERTO,Luminárias Ornamentais da Light,,,,tombado,municipal,,,,2022-10-28,
INCERTO·sem dono,INCERTO,Luminárias Ornamentais da Light,,,,tombado,municipal,,,,2022-10-28,
INCERTO·sem dono,INCERTO,Luminárias Ornamentais da Light,,,,tombado,municipal,,,,2022-10-28,
INCERTO·sem dono,INCERTO,Luminárias Ornamentais da Light,,,,tombado,municipal,,,,2022-10-28,
INCERTO·sem dono,INCERTO,Luminárias Ornamentais da Light,,,,tombado,municipal,,,,2022-10-28,
INCERTO·sem dono,INCERTO,Luminárias Ornamentais da Light,,,,tombado,municipal,,,,2022-10-28,
INCERTO·sem dono,INCERTO,Luminárias Ornamentais da Light,,,,tombado,municipal,,,,2022-10-28,
INCERTO·sem dono,INCERTO,Luminárias Ornamentais da Light,,,,tombado,municipal,,,,2022-10-28,
INCERTO·sem dono,INCERTO,Luminárias Ornamentais da Light,,,,tombado,municipal,,,,2022-10-28,
INCERTO·sem dono,INCERTO,Luminárias Ornamentais da Light,,,,tombado,municipal,,,,2022-10-28,
INCERTO·sem dono,INCERTO,Luminárias Ornamentais da Light,,,,tombado,municipal,,,,2022-10-28,
INCERTO·sem dono,INCERTO,Luminárias Ornamentais da Light,,,,tombado,municipal,,,,2022-10-28,
INCERTO·sem dono,INCERTO,Luminárias Ornamentais da Light,,,,tombado,municipal,,,,2022-10-28,
INCERTO·sem dono,INCERTO,Luminárias Ornamentais da Light,,,,tombado,municipal,,,,2022-10-28,
INCERTO·sem dono,INCERTO,Luminárias Ornamentais da Light,,,,tombado,municipal,,,,2022-10-28,
INCERTO·sem dono,INCERTO,Luminárias Ornamentais da Light,,,,tombado,municipal,,,,2022-10-28,
INCERTO·sem dono,INCERTO,Luminárias Ornamentais da Light,,,,tombado,municipal,,,,2022-10-28,
INCERTO·sem dono,INCERTO,Luminárias Ornamentais da Light,,,,tombado,municipal,,,,2022-10-28,
INCERTO·sem dono,INCERTO,Luminárias Ornamentais da Light,,,,tombado,municipal,,,,2022-10-28,
INCERTO·sem dono,INCERTO,Luminárias Ornamentais da Light,,,,tombado,municipal,,,,2022-10-28,
INCERTO·sem dono,INCERTO,Luminárias Ornamentais da Light,,,,tombado,municipal,,,,2022-10-28,
INCERTO·sem dono,INCERTO,Luminárias Ornamentais da Light,,,,tombado,municipal,,,,2022-10-28,
INCERTO·sem dono,INCERTO,Luminárias Ornamentais da Light,,,,tombado,municipal,,,,2022-10-28,
INCERTO·sem dono,INCERTO,Luminárias Ornamentais da Light,,,,tombado,municipal,,,,2022-10-28,
INCERTO·sem dono,INCERTO,Luminárias Ornamentais da Light,,,,tombado,municipal,,,,2022-10-28,
INCERTO·sem dono,INCERTO,Luminárias Ornamentais da Light,,,,tombado,municipal,,,,2022-10-28,
INCERTO·sem dono,INCERTO,Luminárias Ornamentais da Light,,,,tombado,municipal,,,,2022-10-28,
INCERTO·sem dono,INCERTO,Luminárias Ornamentais da Light,,,,tombado,municipal,,,,2022-10-28,
INCERTO·sem dono,INCERTO,Luminárias Ornamentais da Light,,,,tombado,municipal,,,,2022-10-28,
INCERTO·sem dono,INCERTO,Luminárias Ornamentais da Light,,,,tombado,municipal,,,,2022-10-28,
INCERTO·sem dono,INCERTO,Luminárias Ornamentais da Light,,,,tombado,municipal,,,,2022-10-28,
INCERTO·sem dono,INCERTO,Luminárias Ornamentais da Light,,,,tombado,municipal,,,,2022-10-28,
INCERTO·sem dono,INCERTO,Luminárias Ornamentais da Light,,,,tombado,municipal,,,,2022-10-28,
INCERTO·sem dono,INCERTO,Luminárias Ornamentais da Light,,,,tombado,municipal,,,,2022-10-28,
INCERTO·sem dono,INCERTO,Luminárias Ornamentais da Light,,,,tombado,municipal,,,,2022-10-28,
INCERTO·sem dono,INCERTO,Luminárias Ornamentais da Light,,,,tombado,municipal,,,,2022-10-28,
INCERTO·sem dono,INCERTO,Luminárias Ornamentais da Light,,,,tombado,municipal,,,,2022-10-28,
INCERTO·sem dono,INCERTO,Luminárias Ornamentais da Light,,,,tombado,municipal,,,,2022-10-28,
INCERTO·sem dono,INCERTO,Luminárias Ornamentais da Light,,,,tombado,municipal,,,,2022-10-28,
INCERTO·sem dono,INCERTO,Luminárias Ornamentais da Light,,,,tombado,municipal,,,,2022-10-28,
INCERTO·sem dono,INCERTO,Luminárias Ornamentais da Light,,,,tombado,municipal,,,,2022-10-28,
INCERTO·sem dono,INCERTO,Luminárias Ornamentais da Light,,,,tombado,municipal,,,,2022-10-28,
INCERTO·sem dono,INCERTO,Luminárias Ornamentais da Light,,,,tombado,municipal,,,,2022-10-28,
INCERTO·sem dono,INCERTO,Luminárias Ornamentais da Light,,,,tombado,municipal,,,,2022-10-28,
INCERTO·sem dono,INCERTO,Luminárias Ornamentais da Light,,,,tombado,municipal,,,,2022-10-28,
INCERTO·sem dono,INCERTO,Luminárias Ornamentais da Light,,,,tombado,municipal,,,,2022-10-28,
INCERTO·sem dono,INCERTO,Luminárias Ornamentais da Light,,,,tombado,municipal,,,,2022-10-28,
INCERTO·sem dono,INCERTO,Luminárias Ornamentais da Light,,,,tombado,municipal,,,,2022-10-28,
INCERTO·sem dono,INCERTO,Luminárias Ornamentais da Light,,,,tombado,municipal,,,,2022-10-28,
INCERTO·sem dono,INCERTO,Luminárias Ornamentais da Light,,,,tombado,municipal,,,,2022-10-28,
INCERTO·sem dono,INCERTO,Luminárias Ornamentais da Light,,,,tombado,municipal,,,,2022-10-28,
INCERTO·sem dono,INCERTO,Luminárias Ornamentais da Light,,,,tombado,municipal,,,,2022-10-28,
INCERTO·sem dono,INCERTO,Luminárias Ornamentais da Light,,,,tombado,municipal,,,,2022-10-28,
INCERTO·sem dono,INCERTO,Luminárias Ornamentais da Light,,,,tombado,municipal,,,,2022-10-28,
INCERTO·sem dono,INCERTO,Luminárias Ornamentais da Light,,,,tombado,municipal,,,,2022-10-28,
INCERTO·sem dono,INCERTO,Luminárias Ornamentais da Light,,,,tombado,municipal,,,,2022-10-28,
INCERTO·sem dono,INCERTO,Luminárias Ornamentais da Light,,,,tombado,municipal,,,,2022-10-28,
INCERTO·sem dono,INCERTO,Luminárias Ornamentais da Light,,,,tombado,municipal,,,,2022-10-28,
INCERTO·sem dono,INCERTO,Luminárias Ornamentais da Light,,,,tombado,municipal,,,,2022-10-28,
INCERTO·sem dono,INCERTO,Luminárias Ornamentais da Light,,,,tombado,municipal,,,,2022-10-28,
INCERTO·sem dono,INCERTO,Luminárias Ornamentais da Light,,,,tombado,municipal,,,,2022-10-28,
INCERTO·sem dono,INCERTO,Luminárias Ornamentais da Light,,,,tombado,municipal,,,,2022-10-28,
INCERTO·sem dono,INCERTO,Luminárias Ornamentais da Light,,,,tombado,municipal,,,,2022-10-28,
INCERTO·sem dono,INCERTO,Luminárias Ornamentais da Light,,,,tombado,municipal,,,,2022-10-28,
INCERTO·sem dono,INCERTO,Luminárias Ornamentais da Light,,,,tombado,municipal,,,,2022-10-28,
INCERTO·sem dono,INCERTO,Luminárias Ornamentais da Light,,,,tombado,municipal,,,,2022-10-28,
INCERTO·sem dono,INCERTO,Luminárias Ornamentais da Light,,,,tombado,municipal,,,,2022-10-28,
INCERTO·sem dono,INCERTO,Luminárias Ornamentais da Light,,,,tombado,municipal,,,,2022-10-28,
INCERTO·sem dono,INCERTO,Luminárias Ornamentais da Light,,,,tombado,municipal,,,,2022-10-28,
INCERTO·sem dono,INCERTO,Luminárias Ornamentais da Light,,,,tombado,municipal,,,,2022-10-28,
INCERTO·sem dono,INCERTO,Luminárias Ornamentais da Light,,,,tombado,municipal,,,,2022-10-28,
INCERTO·sem dono,INCERTO,Luminárias Ornamentais da Light,,,,tombado,municipal,,,,2022-10-28,
INCERTO·sem dono,INCERTO,Luminárias Ornamentais da Light,,,,tombado,municipal,,,,2022-10-28,
INCERTO·sem dono,INCERTO,Luminárias Ornamentais da Light,,,,tombado,municipal,,,,2022-10-28,
INCERTO·sem dono,INCERTO,Luminárias Ornamentais da Light,,,,tombado,municipal,,,,2022-10-28,
INCERTO·sem dono,INCERTO,Luminárias Ornamentais da Light,,,,tombado,municipal,,,,2022-10-28,
INCERTO·sem dono,INCERTO,Luminárias Ornamentais da Light,,,,tombado,municipal,,,,2022-10-28,
INCERTO·sem dono,INCERTO,Luminárias Ornamentais da Light,,,,tombado,municipal,,,,2022-10-28,
INCERTO·sem dono,INCERTO,Luminárias Ornamentais da Light,,,,tombado,municipal,,,,2022-10-28,
INCERTO·sem dono,INCERTO,Luminárias Ornamentais da Light,,,,tombado,municipal,,,,2022-10-28,
INCERTO·sem dono,INCERTO,Luminárias Ornamentais da Light,,,,tombado,municipal,,,,2022-10-28,
INCERTO·sem dono,INCERTO,Luminárias Ornamentais da Light,,,,tombado,municipal,,,,2022-10-28,
INCERTO·sem dono,INCERTO,Luminárias Ornamentais da Light,,,,tombado,municipal,,,,2022-10-28,
INCERTO·sem dono,INCERTO,Luminárias Ornamentais da Light,,,,tombado,municipal,,,,2022-10-28,
INCERTO·sem dono,INCERTO,Luminárias Ornamentais da Light,,,,tombado,municipal,,,,2022-10-28,
INCERTO·sem dono,INCERTO,Luminárias Ornamentais da Light,,,,tombado,municipal,,,,2022-10-28,
INCERTO·sem dono,INCERTO,Luminárias Ornamentais da Light,,,,tombado,municipal,,,,2022-10-28,
INCERTO·sem dono,INCERTO,Luminárias Ornamentais da Light,,,,tombado,municipal,,,,2022-10-28,
INCERTO·sem dono,INCERTO,Luminárias Ornamentais da Light,,,,tombado,municipal,,,,2022-10-28,
INCERTO·sem dono,INCERTO,Luminárias Ornamentais da Light,,,,tombado,municipal,,,,2022-10-28,
INCERTO·sem dono,INCERTO,Luminárias Ornamentais da Light,,,,tombado,municipal,,,,2022-10-28,
INCERTO·sem dono,INCERTO,Luminárias Ornamentais da Light,,,,tombado,municipal,,,,2022-10-28,
INCERTO·sem dono,INCERTO,Luminárias Ornamentais da Light,,,,tombado,municipal,,,,2022-10-28,
INCERTO·sem dono,INCERTO,Luminárias Ornamentais da Light,,,,tombado,municipal,,,,2022-10-28,
INCERTO·sem dono,INCERTO,Luminárias Ornamentais da Light,,,,tombado,municipal,,,,2022-10-28,
INCERTO·sem dono,INCERTO,Luminárias Ornamentais da Light,,,,tombado,municipal,,,,2022-10-28,
INCERTO·sem dono,INCERTO,Luminárias Ornamentais da Light,,,,tombado,municipal,,,,2022-10-28,
INCERTO·sem dono,INCERTO,Luminárias Ornamentais da Light,,,,tombado,municipal,,,,2022-10-28,
INCERTO·sem dono,INCERTO,Luminárias Ornamentais da Light,,,,tombado,municipal,,,,2022-10-28,
INCERTO·sem dono,INCERTO,Luminárias Ornamentais da Light,,,,tombado,municipal,,,,2022-10-28,
INCERTO·sem dono,INCERTO,Luminárias Ornamentais da Light,,,,tombado,municipal,,,,2022-10-28,
INCERTO·sem dono,INCERTO,Luminárias Ornamentais da Light,,,,tombado,municipal,,,,2022-10-28,
INCERTO·sem dono,INCERTO,Luminárias Ornamentais da Light,,,,tombado,municipal,,,,2022-10-28,
INCERTO·sem dono,INCERTO,Luminárias Ornamentais da Light,,,,tombado,municipal,,,,2022-10-28,
INCERTO·sem dono,INCERTO,Luminárias Ornamentais da Light,,,,tombado,municipal,,,,2022-10-28,
INCERTO·sem dono,INCERTO,Luminárias Ornamentais da Light,,,,tombado,municipal,,,,2022-10-28,
INCERTO·sem dono,INCERTO,Luminárias Ornamentais da Light,,,,tombado,municipal,,,,2022-10-28,
INCERTO·sem dono,INCERTO,Luminárias Ornamentais da Light,,,,tombado,municipal,,,,2022-10-28,
INCERTO·sem dono,INCERTO,Luminárias Ornamentais da Light,,,,tombado,municipal,,,,2022-10-28,
INCERTO·sem dono,INCERTO,Luminárias Ornamentais da Light,,,,tombado,municipal,,,,2022-10-28,
INCERTO·sem dono,INCERTO,Luminárias Ornamentais da Light,,,,tombado,municipal,,,,2022-10-28,
INCERTO·sem dono,INCERTO,Luminárias Ornamentais da Light,,,,tombado,municipal,,,,2022-10-28,
INCERTO·sem dono,INCERTO,Luminárias Ornamentais da Light,,,,tombado,municipal,,,,2022-10-28,
INCERTO·sem dono,INCERTO,Luminárias Ornamentais da Light,,,,tombado,municipal,,,,2022-10-28,
INCERTO·sem dono,INCERTO,Luminárias Ornamentais da Light,,,,tombado,municipal,,,,2022-10-28,
INCERTO·sem dono,INCERTO,Luminárias Ornamentais da Light,,,,tombado,municipal,,,,2022-10-28,
INCERTO·sem dono,INCERTO,Luminárias Ornamentais da Light,,,,tombado,municipal,,,,2022-10-28,
INCERTO·sem dono,INCERTO,Luminárias Ornamentais da Light,,,,tombado,municipal,,,,2022-10-28,
INCERTO·sem dono,INCERTO,Luminárias Ornamentais da Light,,,,tombado,municipal,,,,2022-10-28,
INCERTO·sem dono,INCERTO,Luminárias Ornamentais da Light,,,,tombado,municipal,,,,2022-10-28,
INCERTO·sem dono,INCERTO,Luminárias Ornamentais da Light,,,,tombado,municipal,,,,2022-10-28,
INCERTO·sem dono,INCERTO,Luminárias Ornamentais da Light,,,,tombado,municipal,,,,2022-10-28,
INCERTO·sem dono,INCERTO,Luminárias Ornamentais da Light,,,,tombado,municipal,,,,2022-10-28,
INCERTO·sem dono,INCERTO,Luminárias Ornamentais da Light,,,,tombado,municipal,,,,2022-10-28,
INCERTO·sem dono,INCERTO,Luminárias Ornamentais da Light,,,,tombado,municipal,,,,2022-10-28,
INCERTO·sem dono,INCERTO,Luminárias Ornamentais da Light,,,,tombado,municipal,,,,2022-10-28,
INCERTO·sem dono,INCERTO,Luminárias Ornamentais da Light,,,,tombado,municipal,,,,2022-10-28,
INCERTO·sem dono,INCERTO,Luminárias Ornamentais da Light,,,,tombado,municipal,,,,2022-10-28,
INCERTO·sem dono,INCERTO,Luminárias Ornamentais da Light,,,,tombado,municipal,,,,2022-10-28,
INCERTO·sem dono,INCERTO,Luminárias Ornamentais da Light,,,,tombado,municipal,,,,2022-10-28,
INCERTO·sem dono,INCERTO,Luminárias Ornamentais da Light,,,,tombado,municipal,,,,2022-10-28,
INCERTO·sem dono,INCERTO,Luminárias Ornamentais da Light,,,,tombado,municipal,,,,2022-10-28,
INCERTO·sem dono,INCERTO,Luminárias Ornamentais da Light,,,,tombado,municipal,,,,2022-10-28,
INCERTO·sem dono,INCERTO,Luminárias Ornamentais da Light,,,,tombado,municipal,,,,2022-10-28,
INCERTO·sem dono,INCERTO,Luminárias Ornamentais da Light,,,,tombado,municipal,,,,2022-10-28,
INCERTO·sem dono,INCERTO,Luminárias Ornamentais da Light,,,,tombado,municipal,,,,2022-10-28,
INCERTO·sem dono,INCERTO,Luminárias Ornamentais da Light,,,,tombado,municipal,,,,2022-10-28,
INCERTO·sem dono,INCERTO,Luminárias Ornamentais da Light,,,,tombado,municipal,,,,2022-10-28,
INCERTO·sem dono,INCERTO,Luminárias Ornamentais da Light,,,,tombado,municipal,,,,2022-10-28,
INCERTO·sem dono,INCERTO,Luminárias Ornamentais da Light,,,,tombado,municipal,,,,2022-10-28,
INCERTO·sem dono,INCERTO,Luminárias Ornamentais da Light,,,,tombado,municipal,,,,2022-10-28,
INCERTO·sem dono,INCERTO,Luminárias Ornamentais da Light,,,,tombado,municipal,,,,2022-10-28,
INCERTO·sem dono,INCERTO,Luminárias Ornamentais da Light,,,,tombado,municipal,,,,2022-10-28,
INCERTO·sem dono,INCERTO,Luminárias Ornamentais da Light,,,,tombado,municipal,,,,2022-10-28,
INCERTO·sem dono,INCERTO,Luminárias Ornamentais da Light,,,,tombado,municipal,,,,2022-10-28,
INCERTO·sem dono,INCERTO,Luminárias Ornamentais da Light,,,,tombado,municipal,,,,2022-10-28,
INCERTO·sem dono,INCERTO,Luminárias Ornamentais da Light,,,,tombado,municipal,,,,2022-10-28,
INCERTO·sem dono,INCERTO,Luminárias Ornamentais da Light,,,,tombado,municipal,,,,2022-10-28,
INCERTO·sem dono,INCERTO,Luminárias Ornamentais da Light,,,,tombado,municipal,,,,2022-10-28,
INCERTO·sem dono,INCERTO,Luminárias Ornamentais da Light,,,,tombado,municipal,,,,2022-10-28,
INCERTO·sem dono,INCERTO,Luminárias Ornamentais da Light,,,,tombado,municipal,,,,2022-10-28,
INCERTO·sem dono,INCERTO,Luminárias Ornamentais da Light,,,,tombado,municipal,,,,2022-10-28,
INCERTO·sem dono,INCERTO,Luminárias Ornamentais da Light,,,,tombado,municipal,,,,2022-10-28,
INCERTO·sem dono,INCERTO,Luminárias Ornamentais da Light,,,,tombado,municipal,,,,2022-10-28,
INCERTO·sem dono,INCERTO,Luminárias Ornamentais da Light,,,,tombado,municipal,,,,2022-10-28,
INCERTO·sem dono,INCERTO,Luminárias Ornamentais da Light,,,,tombado,municipal,,,,2022-10-28,
INCERTO·sem dono,INCERTO,Luminárias Ornamentais da Light,,,,tombado,municipal,,,,2022-10-28,
INCERTO·sem dono,INCERTO,Luminárias Ornamentais da Light,,,,tombado,municipal,,,,2022-10-28,
INCERTO·sem dono,INCERTO,Luminárias Ornamentais da Light,,,,tombado,municipal,,,,2022-10-28,
INCERTO·sem dono,INCERTO,Luminárias Ornamentais da Light,,,,tombado,municipal,,,,2022-10-28,
INCERTO·sem dono,INCERTO,Luminárias Ornamentais da Light,,,,tombado,municipal,,,,2022-10-28,
INCERTO·sem dono,INCERTO,Luminárias Ornamentais da Light,,,,tombado,municipal,,,,2022-10-28,
INCERTO·sem dono,INCERTO,Luminárias Ornamentais da Light,,,,tombado,municipal,,,,2022-10-28,
INCERTO·sem dono,INCERTO,Luminárias Ornamentais da Light,,,,tombado,municipal,,,,2022-10-28,
INCERTO·sem dono,INCERTO,Luminárias Ornamentais da Light,,,,tombado,municipal,,,,2022-10-28,
INCERTO·sem dono,INCERTO,Luminárias Ornamentais da Light,,,,tombado,municipal,,,,2022-10-28,
INCERTO·sem dono,INCERTO,Luminárias Ornamentais da Light,,,,tombado,municipal,,,,2022-10-28,
INCERTO·sem dono,INCERTO,Luminárias Ornamentais da Light,,,,tombado,municipal,,,,2022-10-28,
INCERTO·sem dono,INCERTO,Luminárias Ornamentais da Light,,,,tombado,municipal,,,,2022-10-28,
INCERTO·sem dono,INCERTO,Luminárias Ornamentais da Light,,,,tombado,municipal,,,,2022-10-28,
INCERTO·sem dono,INCERTO,Luminárias Ornamentais da Light,,,,tombado,municipal,,,,2022-10-28,
INCERTO·sem dono,INCERTO,Luminárias Ornamentais da Light,,,,tombado,municipal,,,,2022-10-28,
INCERTO·sem dono,INCERTO,Luminárias Ornamentais da Light,,,,tombado,municipal,,,,2022-10-28,
INCERTO·sem dono,INCERTO,Luminárias Ornamentais da Light,,,,tombado,municipal,,,,2022-10-28,
INCERTO·sem dono,INCERTO,Luminárias Ornamentais da Light,,,,tombado,municipal,,,,2022-10-28,
INCERTO·sem dono,INCERTO,Luminárias Ornamentais da Light,,,,tombado,municipal,,,,2022-10-28,
INCERTO·sem dono,INCERTO,Luminárias Ornamentais da Light,,,,tombado,municipal,,,,2022-10-28,
INCERTO·sem dono,INCERTO,Luminárias Ornamentais da Light,,,,tombado,municipal,,,,2022-10-28,
INCERTO·sem dono,INCERTO,Luminárias Ornamentais da Light,,,,tombado,municipal,,,,2022-10-28,
INCERTO·sem dono,INCERTO,Luminárias Ornamentais da Light,,,,tombado,municipal,,,,2022-10-28,
INCERTO·sem dono,INCERTO,Luminárias Ornamentais da Light,,,,tombado,municipal,,,,2022-10-28,
INCERTO·sem dono,INCERTO,Luminárias Ornamentais da Light,,,,tombado,municipal,,,,2022-10-28,
INCERTO·sem dono,INCERTO,Luminárias Ornamentais da Light,,,,tombado,municipal,,,,2022-10-28,
INCERTO·sem dono,INCERTO,Luminárias Ornamentais da Light,,,,tombado,municipal,,,,2022-10-28,
INCERTO·sem dono,INCERTO,Luminárias Ornamentais da Light,,,,tombado,municipal,,,,2022-10-28,
INCERTO·sem dono,INCERTO,Luminárias Ornamentais da Light,,,,tombado,municipal,,,,2022-10-28,
INCERTO·sem dono,INCERTO,Luminárias Ornamentais da Light,,,,tombado,municipal,,,,2022-10-28,
INCERTO·sem dono,INCERTO,Luminárias Ornamentais da Light,,,,tombado,municipal,,,,2022-10-28,
INCERTO·sem dono,INCERTO,Luminárias Ornamentais da Light,,,,tombado,municipal,,,,2022-10-28,
INCERTO·sem dono,INCERTO,Luminárias Ornamentais da Light,,,,tombado,municipal,,,,2022-10-28,
INCERTO·sem dono,INCERTO,Luminárias Ornamentais da Light,,,,tombado,municipal,,,,2022-10-28,
INCERTO·sem dono,INCERTO,Luminárias Ornamentais da Light,,,,tombado,municipal,,,,2022-10-28,
INCERTO·sem dono,INCERTO,Luminárias Ornamentais da Light,,,,tombado,municipal,,,,2022-10-28,
INCERTO·sem dono,INCERTO,Luminárias Ornamentais da Light,,,,tombado,municipal,,,,2022-10-28,
INCERTO·sem dono,INCERTO,Luminárias Ornamentais da Light,,,,tombado,municipal,,,,2022-10-28,
INCERTO·sem dono,INCERTO,Luminárias Ornamentais da Light,,,,tombado,municipal,,,,2022-10-28,
INCERTO·sem dono,INCERTO,Luminárias Ornamentais da Light,,,,tombado,municipal,,,,2022-10-28,
INCERTO·sem dono,INCERTO,Luminárias Ornamentais da Light,,,,tombado,municipal,,,,2022-10-28,
INCERTO·sem dono,INCERTO,Luminárias Ornamentais da Light,,,,tombado,municipal,,,,2022-10-28,
INCERTO·sem dono,INCERTO,Luminárias Ornamentais da Light,,,,tombado,municipal,,,,2022-10-28,
INCERTO·sem dono,INCERTO,Luminárias Ornamentais da Light,,,,tombado,municipal,,,,2022-10-28,
INCERTO·sem dono,INCERTO,Luminárias Ornamentais da Light,,,,tombado,municipal,,,,2022-10-28,
INCERTO·sem dono,INCERTO,Luminárias Ornamentais da Light,,,,tombado,municipal,,,,2022-10-28,
INCERTO·sem dono,INCERTO,Luminárias Ornamentais da Light,,,,tombado,municipal,,,,2022-10-28,
INCERTO·sem dono,INCERTO,Luminárias Ornamentais da Light,,,,tombado,municipal,,,,2022-10-28,
INCERTO·sem dono,INCERTO,Luminárias Ornamentais da Light,,,,tombado,municipal,,,,2022-10-28,
INCERTO·sem dono,INCERTO,Luminárias Ornamentais da Light,,,,tombado,municipal,,,,2022-10-28,
INCERTO·sem dono,INCERTO,Luminárias Ornamentais da Light,,,,tombado,municipal,,,,2022-10-28,
INCERTO·sem dono,INCERTO,Luminárias Ornamentais da Light,,,,tombado,municipal,,,,2022-10-28,
INCERTO·sem dono,INCERTO,Luminárias Ornamentais da Light,,,,tombado,municipal,,,,2022-10-28,
INCERTO·sem dono,INCERTO,Luminárias Ornamentais da Light,,,,tombado,municipal,,,,2022-10-28,
INCERTO·sem dono,INCERTO,Luminárias Ornamentais da Light,,,,tombado,municipal,,,,2022-10-28,
INCERTO·sem dono,INCERTO,Luminárias Ornamentais da Light,,,,tombado,municipal,,,,2022-10-28,
INCERTO·sem dono,INCERTO,Luminárias Ornamentais da Light,,,,tombado,municipal,,,,2022-10-28,
INCERTO·sem dono,INCERTO,Luminárias Ornamentais da Light,,,,tombado,municipal,,,,2022-10-28,
INCERTO·sem dono,INCERTO,Luminárias Ornamentais da Light,,,,tombado,municipal,,,,2022-10-28,
INCERTO·sem dono,INCERTO,Luminárias Ornamentais da Light,,,,tombado,municipal,,,,2022-10-28,
INCERTO·sem dono,INCERTO,Luminárias Ornamentais da Light,,,,tombado,municipal,,,,2022-10-28,
INCERTO·sem dono,INCERTO,Luminárias Ornamentais da Light,,,,tombado,municipal,,,,2022-10-28,
INCERTO·sem dono,INCERTO,Luminárias Ornamentais da Light,,,,tombado,municipal,,,,2022-10-28,
INCERTO·sem dono,INCERTO,Luminárias Ornamentais da Light,,,,tombado,municipal,,,,2022-10-28,
INCERTO·sem dono,INCERTO,Luminárias Ornamentais da Light,,,,tombado,municipal,,,,2022-10-28,
INCERTO·sem dono,INCERTO,Luminárias Ornamentais da Light,,,,tombado,municipal,,,,2022-10-28,
INCERTO·sem dono,INCERTO,Luminárias Ornamentais da Light,,,,tombado,municipal,,,,2022-10-28,
INCERTO·sem dono,INCERTO,Luminárias Ornamentais da Light,,,,tombado,municipal,,,,2022-10-28,
INCERTO·sem dono,INCERTO,Luminárias Ornamentais da Light,,,,tombado,municipal,,,,2022-10-28,
INCERTO·sem dono,INCERTO,Luminárias Ornamentais da Light,,,,tombado,municipal,,,,2022-10-28,
INCERTO·sem dono,INCERTO,Luminárias Ornamentais da Light,,,,tombado,municipal,,,,2022-10-28,
INCERTO·sem dono,INCERTO,Luminárias Ornamentais da Light,,,,tombado,municipal,,,,2022-10-28,
INCERTO·sem dono,INCERTO,Luminárias Ornamentais da Light,,,,tombado,municipal,,,,2022-10-28,
INCERTO·sem dono,INCERTO,Luminárias Ornamentais da Light,,,,tombado,municipal,,,,2022-10-28,
INCERTO·sem dono,INCERTO,Luminárias Ornamentais da Light,,,,tombado,municipal,,,,2022-10-28,
INCERTO·sem dono,INCERTO,Luminárias Ornamentais da Light,,,,tombado,municipal,,,,2022-10-28,
INCERTO·sem dono,INCERTO,Luminárias Ornamentais da Light,,,,tombado,municipal,,,,2022-10-28,
INCERTO·sem dono,INCERTO,Luminárias Ornamentais da Light,,,,tombado,municipal,,,,2022-10-28,
INCERTO·sem dono,INCERTO,Luminárias Ornamentais da Light,,,,tombado,municipal,,,,2022-10-28,
INCERTO·sem dono,INCERTO,Luminárias Ornamentais da Light,,,,tombado,municipal,,,,2022-10-28,
INCERTO·sem dono,INCERTO,Luminárias Ornamentais da Light,,,,tombado,municipal,,,,2022-10-28,
INCERTO·sem dono,INCERTO,Luminárias Ornamentais da Light,,,,tombado,municipal,,,,2022-10-28,
INCERTO·sem dono,INCERTO,Luminárias Ornamentais da Light,,,,tombado,municipal,,,,2022-10-28,
INCERTO·sem dono,INCERTO,Luminárias Ornamentais da Light,,,,tombado,municipal,,,,2022-10-28,
INCERTO·sem dono,INCERTO,Luminárias Ornamentais da Light,,,,tombado,municipal,,,,2022-10-28,
INCERTO·sem dono,INCERTO,Luminárias Ornamentais da Light,,,,tombado,municipal,,,,2022-10-28,
INCERTO·sem dono,INCERTO,Luminárias Ornamentais da Light,,,,tombado,municipal,,,,2022-10-28,
INCERTO·sem dono,INCERTO,Luminárias Ornamentais da Light,,,,tombado,municipal,,,,2022-10-28,
INCERTO·sem dono,INCERTO,Luminárias Ornamentais da Light,,,,tombado,municipal,,,,2022-10-28,
INCERTO·sem dono,INCERTO,Luminárias Ornamentais da Light,,,,tombado,municipal,,,,2022-10-28,
INCERTO·sem dono,INCERTO,Luminárias Ornamentais da Light,,,,tombado,municipal,,,,2022-10-28,
INCERTO·sem dono,INCERTO,Luminárias Ornamentais da Light,,,,tombado,municipal,,,,2022-10-28,
INCERTO·sem dono,INCERTO,Luminárias Ornamentais da Light,,,,tombado,municipal,,,,2022-10-28,
INCERTO·sem dono,INCERTO,Luminárias Ornamentais da Light,,,,tombado,municipal,,,,2022-10-28,
INCERTO·sem dono,INCERTO,Luminárias Ornamentais da Light,,,,tombado,municipal,,,,2022-10-28,
INCERTO·sem dono,INCERTO,Luminárias Ornamentais da Light,,,,tombado,municipal,,,,2022-10-28,
INCERTO·sem dono,INCERTO,Luminárias Ornamentais da Light,,,,tombado,municipal,,,,2022-10-28,
INCERTO·sem dono,INCERTO,Luminárias Ornamentais da Light,,,,tombado,municipal,,,,2022-10-28,
INCERTO·sem dono,INCERTO,Luminárias Ornamentais da Light,,,,tombado,municipal,,,,2022-10-28,
INCERTO·sem dono,INCERTO,Luminárias Ornamentais da Light,,,,tombado,municipal,,,,2022-10-28,
INCERTO·sem dono,INCERTO,Luminárias Ornamentais da Light,,,,tombado,municipal,,,,2022-10-28,
INCERTO·sem dono,INCERTO,Luminárias Ornamentais da Light,,,,tombado,municipal,,,,2022-10-28,
INCERTO·sem dono,INCERTO,Luminárias Ornamentais da Light,,,,tombado,municipal,,,,2022-10-28,
INCERTO·sem dono,INCERTO,Luminárias Ornamentais da Light,,,,tombado,municipal,,,,2022-10-28,
INCERTO·sem dono,INCERTO,Luminárias Ornamentais da Light,,,,tombado,municipal,,,,2022-10-28,
INCERTO·sem dono,INCERTO,Luminárias Ornamentais da Light,,,,tombado,municipal,,,,2022-10-28,
INCERTO·sem dono,INCERTO,Luminárias Ornamentais da Light,,,,tombado,municipal,,,,2022-10-28,
INCERTO·sem dono,INCERTO,Luminárias Ornamentais da Light,,,,tombado,municipal,,,,2022-10-28,
INCERTO·sem dono,INCERTO,Luminárias Ornamentais da Light,,,,tombado,municipal,,,,2022-10-28,
INCERTO·sem dono,INCERTO,Luminárias Ornamentais da Light,,,,tombado,municipal,,,,2022-10-28,
INCERTO·sem dono,INCERTO,Luminárias Ornamentais da Light,,,,tombado,municipal,,,,2022-10-28,
INCERTO·sem dono,INCERTO,Luminárias Ornamentais da Light,,,,tombado,municipal,,,,2022-10-28,
INCERTO·sem dono,INCERTO,Luminárias Ornamentais da Light,,,,tombado,municipal,,,,2022-10-28,
INCERTO·sem dono,INCERTO,Luminárias Ornamentais da Light,,,,tombado,municipal,,,,2022-10-28,
INCERTO·sem dono,INCERTO,Luminárias Ornamentais da Light,,,,tombado,municipal,,,,2022-10-28,
INCERTO·sem dono,INCERTO,Luminárias Ornamentais da Light,,,,tombado,municipal,,,,2022-10-28,
INCERTO·sem dono,INCERTO,Luminárias Ornamentais da Light,,,,tombado,municipal,,,,2022-10-28,
INCERTO·sem dono,INCERTO,Luminárias Ornamentais da Light,,,,tombado,municipal,,,,2022-10-28,
INCERTO·sem dono,INCERTO,Luminárias Ornamentais da Light,,,,tombado,municipal,,,,2022-10-28,
INCERTO·sem dono,INCERTO,Luminárias Ornamentais da Light,,,,tombado,municipal,,,,2022-10-28,
INCERTO·sem dono,INCERTO,Luminárias Ornamentais da Light,,,,tombado,municipal,,,,2022-10-28,
INCERTO·sem dono,INCERTO,Luminárias Ornamentais da Light,,,,tombado,municipal,,,,2022-10-28,
INCERTO·sem dono,INCERTO,Luminárias Ornamentais da Light,,,,tombado,municipal,,,,2022-10-28,
INCERTO·sem dono,INCERTO,Luminárias Ornamentais da Light,,,,tombado,municipal,,,,2022-10-28,
INCERTO·sem dono,INCERTO,Luminárias Ornamentais da Light,,,,tombado,municipal,,,,2022-10-28,
INCERTO·sem dono,INCERTO,Luminárias Ornamentais da Light,,,,tombado,municipal,,,,2022-10-28,
INCERTO·sem dono,INCERTO,Luminárias Ornamentais da Light,,,,tombado,municipal,,,,2022-10-28,
INCERTO·sem dono,INCERTO,Luminárias Ornamentais da Light,,,,tombado,municipal,,,,2022-10-28,
INCERTO·sem dono,INCERTO,Luminárias Ornamentais da Light,,,,tombado,municipal,,,,2022-10-28,
INCERTO·sem dono,INCERTO,Luminárias Ornamentais da Light,,,,tombado,municipal,,,,2022-10-28,
INCERTO·sem dono,INCERTO,Luminárias Ornamentais da Light,,,,tombado,municipal,,,,2022-10-28,
INCERTO·sem dono,INCERTO,Luminárias Ornamentais da Light,,,,tombado,municipal,,,,2022-10-28,
INCERTO·sem dono,INCERTO,Luminárias Ornamentais da Light,,,,tombado,municipal,,,,2022-10-28,
INCERTO·sem dono,INCERTO,Luminárias Ornamentais da Light,,,,tombado,municipal,,,,2022-10-28,
INCERTO·sem dono,INCERTO,Luminárias Ornamentais da Light,,,,tombado,municipal,,,,2022-10-28,
INCERTO·sem dono,INCERTO,Luminárias Ornamentais da Light,,,,tombado,municipal,,,,2022-10-28,
INCERTO·sem dono,INCERTO,Luminárias Ornamentais da Light,,,,tombado,municipal,,,,2022-10-28,
INCERTO·sem dono,INCERTO,Luminárias Ornamentais da Light,,,,tombado,municipal,,,,2022-10-28,
INCERTO·sem dono,INCERTO,Luminárias Ornamentais da Light,,,,tombado,municipal,,,,2022-10-28,
INCERTO·sem dono,INCERTO,Luminárias Ornamentais da Light,,,,tombado,municipal,,,,2022-10-28,
INCERTO·sem dono,INCERTO,Luminárias Ornamentais da Light,,,,tombado,municipal,,,,2022-10-28,
INCERTO·sem dono,INCERTO,Luminárias Ornamentais da Light,,,,tombado,municipal,,,,2022-10-28,
INCERTO·sem dono,INCERTO,Luminárias Ornamentais da Light,,,,tombado,municipal,,,,2022-10-28,
INCERTO·sem dono,INCERTO,Luminárias Ornamentais da Light,,,,tombado,municipal,,,,2022-10-28,
INCERTO·sem dono,INCERTO,Luminárias Ornamentais da Light,,,,tombado,municipal,,,,2022-10-28,
INCERTO·sem dono,INCERTO,Luminárias Ornamentais da Light,,,,tombado,municipal,,,,2022-10-28,
INCERTO·sem dono,INCERTO,Luminárias Ornamentais da Light,,,,tombado,municipal,,,,2022-10-28,
INCERTO·sem dono,INCERTO,Luminárias Ornamentais da Light,,,,tombado,municipal,,,,2022-10-28,
INCERTO·sem dono,INCERTO,Luminárias Ornamentais da Light,,,,tombado,municipal,,,,2022-10-28,
INCERTO·sem dono,INCERTO,Luminárias Ornamentais da Light,,,,tombado,municipal,,,,2022-10-28,
INCERTO·sem dono,INCERTO,Luminárias Ornamentais da Light,,,,tombado,municipal,,,,2022-10-28,
INCERTO·sem dono,INCERTO,Luminárias Ornamentais da Light,,,,tombado,municipal,,,,2022-10-28,
INCERTO·sem dono,INCERTO,Luminárias Ornamentais da Light,,,,tombado,municipal,,,,2022-10-28,
INCERTO·sem dono,INCERTO,Luminárias Ornamentais da Light,,,,tombado,municipal,,,,2022-10-28,
INCERTO·sem dono,INCERTO,Luminárias Ornamentais da Light,,,,tombado,municipal,,,,2022-10-28,
INCERTO·sem dono,INCERTO,Luminárias Ornamentais da Light,,,,tombado,municipal,,,,2022-10-28,
INCERTO·sem dono,INCERTO,Luminárias Ornamentais da Light,,,,tombado,municipal,,,,2022-10-28,
INCERTO·sem dono,INCERTO,Luminárias Ornamentais da Light,,,,tombado,municipal,,,,2022-10-28,
INCERTO·sem dono,INCERTO,Luminárias Ornamentais da Light,,,,tombado,municipal,,,,2022-10-28,
INCERTO·sem dono,INCERTO,Luminárias Ornamentais da Light,,,,tombado,municipal,,,,2022-10-28,
INCERTO·sem dono,INCERTO,Luminárias Ornamentais da Light,,,,tombado,municipal,,,,2022-10-28,
INCERTO·sem dono,INCERTO,Luminárias Ornamentais da Light,,,,tombado,municipal,,,,2022-10-28,
INCERTO·sem dono,INCERTO,Luminárias Ornamentais da Light,,,,tombado,municipal,,,,2022-10-28,
INCERTO·sem dono,INCERTO,Luminárias Ornamentais da Light,,,,tombado,municipal,,,,2022-10-28,
INCERTO·sem dono,INCERTO,Luminárias Ornamentais da Light,,,,tombado,municipal,,,,2022-10-28,
INCERTO·sem dono,INCERTO,Luminárias Ornamentais da Light,,,,tombado,municipal,,,,2022-10-28,
INCERTO·sem dono,INCERTO,Luminárias Ornamentais da Light,,,,tombado,municipal,,,,2022-10-28,
INCERTO·sem dono,INCERTO,Luminárias Ornamentais da Light,,,,tombado,municipal,,,,2022-10-28,
INCERTO·sem dono,INCERTO,Luminárias Ornamentais da Light,,,,tombado,municipal,,,,2022-10-28,
INCERTO·sem dono,INCERTO,Luminárias Ornamentais da Light,,,,tombado,municipal,,,,2022-10-28,
INCERTO·sem dono,INCERTO,Luminárias Ornamentais da Light,,,,tombado,municipal,,,,2022-10-28,
INCERTO·sem dono,INCERTO,Luminárias Ornamentais da Light,,,,tombado,municipal,,,,2022-10-28,
INCERTO·sem dono,INCERTO,Luminárias Ornamentais da Light,,,,tombado,municipal,,,,2022-10-28,
INCERTO·sem dono,INCERTO,Luminárias Ornamentais da Light,,,,tombado,municipal,,,,2022-10-28,
INCERTO·sem dono,INCERTO,Luminárias Ornamentais da Light,,,,tombado,municipal,,,,2022-10-28,
INCERTO·sem dono,INCERTO,Luminárias Ornamentais da Light,,,,tombado,municipal,,,,2022-10-28,
INCERTO·sem dono,INCERTO,Luminárias Ornamentais da Light,,,,tombado,municipal,,,,2022-10-28,
INCERTO·sem dono,INCERTO,Luminárias Ornamentais da Light,,,,tombado,municipal,,,,2022-10-28,
INCERTO·sem dono,INCERTO,Luminárias Ornamentais da Light,,,,tombado,municipal,,,,2022-10-28,
INCERTO·sem dono,INCERTO,Luminárias Ornamentais da Light,,,,tombado,municipal,,,,2022-10-28,
INCERTO·sem dono,INCERTO,Luminárias Ornamentais da Light,,,,tombado,municipal,,,,2022-10-28,
INCERTO·sem dono,INCERTO,Luminárias Ornamentais da Light,,,,tombado,municipal,,,,2022-10-28,
INCERTO·sem dono,INCERTO,Luminárias Ornamentais da Light,,,,tombado,municipal,,,,2022-10-28,
INCERTO·sem dono,INCERTO,Luminárias Ornamentais da Light,,,,tombado,municipal,,,,2022-10-28,
INCERTO·sem dono,INCERTO,Luminárias Ornamentais da Light,,,,tombado,municipal,,,,2022-10-28,
INCERTO·sem dono,INCERTO,Luminárias Ornamentais da Light,,,,tombado,municipal,,,,2022-10-28,
INCERTO·sem dono,INCERTO,Luminárias Ornamentais da Light,,,,tombado,municipal,,,,2022-10-28,
INCERTO·sem dono,INCERTO,Luminárias Ornamentais da Light,,,,tombado,municipal,,,,2022-10-28,
INCERTO·sem dono,INCERTO,Luminárias Ornamentais da Light,,,,tombado,municipal,,,,2022-10-28,
INCERTO·sem dono,INCERTO,Luminárias Ornamentais da Light,,,,tombado,municipal,,,,2022-10-28,
INCERTO·sem dono,INCERTO,Luminárias Ornamentais da Light,,,,tombado,municipal,,,,2022-10-28,
INCERTO·sem dono,INCERTO,Luminárias Ornamentais da Light,,,,tombado,municipal,,,,2022-10-28,
INCERTO·sem dono,INCERTO,Luminárias Ornamentais da Light,,,,tombado,municipal,,,,2022-10-28,
INCERTO·sem dono,INCERTO,Luminárias Ornamentais da Light,,,,tombado,municipal,,,,2022-10-28,
INCERTO·sem dono,INCERTO,Luminárias Ornamentais da Light,,,,tombado,municipal,,,,2022-10-28,
INCERTO·sem dono,INCERTO,Luminárias Ornamentais da Light,,,,tombado,municipal,,,,2022-10-28,
INCERTO·sem dono,INCERTO,Luminárias Ornamentais da Light,,,,tombado,municipal,,,,2022-10-28,
INCERTO·sem dono,INCERTO,Luminárias Ornamentais da Light,,,,tombado,municipal,,,,2022-10-28,
INCERTO·sem dono,INCERTO,Luminárias Ornamentais da Light,,,,tombado,municipal,,,,2022-10-28,
INCERTO·sem dono,INCERTO,Luminárias Ornamentais da Light,,,,tombado,municipal,,,,2022-10-28,
INCERTO·sem dono,INCERTO,Luminárias Ornamentais da Light,,,,tombado,municipal,,,,2022-10-28,
INCERTO·sem dono,INCERTO,Luminárias Ornamentais da Light,,,,tombado,municipal,,,,2022-10-28,
INCERTO·sem dono,INCERTO,Luminárias Ornamentais da Light,,,,tombado,municipal,,,,2022-10-28,
INCERTO·sem dono,INCERTO,Luminárias Ornamentais da Light,,,,tombado,municipal,,,,2022-10-28,
INCERTO·sem dono,INCERTO,Luminárias Ornamentais da Light,,,,tombado,municipal,,,,2022-10-28,
INCERTO·sem dono,INCERTO,Luminárias Ornamentais da Light,,,,tombado,municipal,,,,2022-10-28,
INCERTO·sem dono,INCERTO,Luminárias Ornamentais da Light,,,,tombado,municipal,,,,2022-10-28,
INCERTO·sem dono,INCERTO,Luminárias Ornamentais da Light,,,,tombado,municipal,,,,2022-10-28,
INCERTO·sem dono,INCERTO,Luminárias Ornamentais da Light,,,,tombado,municipal,,,,2022-10-28,
INCERTO·sem dono,INCERTO,Luminárias Ornamentais da Light,,,,tombado,municipal,,,,2022-10-28,
INCERTO·sem dono,INCERTO,Luminárias Ornamentais da Light,,,,tombado,municipal,,,,2022-10-28,
INCERTO·sem dono,INCERTO,Luminárias Ornamentais da Light,,,,tombado,municipal,,,,2022-10-28,
INCERTO·sem dono,INCERTO,Luminárias Ornamentais da Light,,,,tombado,municipal,,,,2022-10-28,
INCERTO·sem dono,INCERTO,Luminárias Ornamentais da Light,,,,tombado,municipal,,,,2022-10-28,
INCERTO·sem dono,INCERTO,Luminárias Ornamentais da Light,,,,tombado,municipal,,,,2022-10-28,
INCERTO·sem dono,INCERTO,Luminárias Ornamentais da Light,,,,tombado,municipal,,,,2022-10-28,
INCERTO·sem dono,INCERTO,Luminárias Ornamentais da Light,,,,tombado,municipal,,,,2022-10-28,
INCERTO·sem dono,INCERTO,Luminárias Ornamentais da Light,,,,tombado,municipal,,,,2022-10-28,
INCERTO·sem dono,INCERTO,Luminárias Ornamentais da Light,,,,tombado,municipal,,,,2022-10-28,
INCERTO·sem dono,INCERTO,Luminárias Ornamentais da Light,,,,tombado,municipal,,,,2022-10-28,
INCERTO·sem dono,INCERTO,Luminárias Ornamentais da Light,,,,tombado,municipal,,,,2022-10-28,
INCERTO·sem dono,INCERTO,Luminárias Ornamentais da Light,,,,tombado,municipal,,,,2022-10-28,
INCERTO·sem dono,INCERTO,Luminárias Ornamentais da Light,,,,tombado,municipal,,,,2022-10-28,
INCERTO·sem dono,INCERTO,Luminárias Ornamentais da Light,,,,tombado,municipal,,,,2022-10-28,
INCERTO·sem dono,INCERTO,Luminárias Ornamentais da Light,,,,tombado,municipal,,,,2022-10-28,
INCERTO·sem dono,INCERTO,Luminárias Ornamentais da Light,,,,tombado,municipal,,,,2022-10-28,
INCERTO·sem dono,INCERTO,Luminárias Ornamentais da Light,,,,tombado,municipal,,,,2022-10-28,
INCERTO·sem dono,INCERTO,Luminárias Ornamentais da Light,,,,tombado,municipal,,,,2022-10-28,
INCERTO·sem dono,INCERTO,Luminárias Ornamentais da Light,,,,tombado,municipal,,,,2022-10-28,
INCERTO·sem dono,INCERTO,Luminárias Ornamentais da Light,,,,tombado,municipal,,,,2022-10-28,
INCERTO·sem dono,INCERTO,Luminárias Ornamentais da Light,,,,tombado,municipal,,,,2022-10-28,
INCERTO·sem dono,INCERTO,Luminárias Ornamentais da Light,,,,tombado,municipal,,,,2022-10-28,
INCERTO·sem dono,INCERTO,Luminárias Ornamentais da Light,,,,tombado,municipal,,,,2022-10-28,
INCERTO·sem dono,INCERTO,Luminárias Ornamentais da Light,,,,tombado,municipal,,,,2022-10-28,
INCERTO·sem dono,INCERTO,Luminárias Ornamentais da Light,,,,tombado,municipal,,,,2022-10-28,
INCERTO·sem dono,INCERTO,Luminárias Ornamentais da Light,,,,tombado,municipal,,,,2022-10-28,
INCERTO·sem dono,INCERTO,Luminárias Ornamentais da Light,,,,tombado,municipal,,,,2022-10-28,
INCERTO·sem dono,INCERTO,Luminárias Ornamentais da Light,,,,tombado,municipal,,,,2022-10-28,
INCERTO·sem dono,INCERTO,Luminárias Ornamentais da Light,,,,tombado,municipal,,,,2022-10-28,
INCERTO·sem dono,INCERTO,Luminárias Ornamentais da Light,,,,tombado,municipal,,,,2022-10-28,
INCERTO·sem dono,INCERTO,Luminárias Ornamentais da Light,,,,tombado,municipal,,,,2022-10-28,
INCERTO·sem dono,INCERTO,Luminárias Ornamentais da Light,,,,tombado,municipal,,,,2022-10-28,
INCERTO·sem dono,INCERTO,Luminárias Ornamentais da Light,,,,tombado,municipal,,,,2022-10-28,
INCERTO·sem dono,INCERTO,Luminárias Ornamentais da Light,,,,tombado,municipal,,,,2022-10-28,
INCERTO·sem dono,INCERTO,Luminárias Ornamentais da Light,,,,tombado,municipal,,,,2022-10-28,
INCERTO·sem dono,INCERTO,Luminárias Ornamentais da Light,,,,tombado,municipal,,,,2022-10-28,
INCERTO·sem dono,INCERTO,Luminárias Ornamentais da Light,,,,tombado,municipal,,,,2022-10-28,
INCERTO·sem dono,INCERTO,Luminárias Ornamentais da Light,,,,tombado,municipal,,,,2022-10-28,
INCERTO·sem dono,INCERTO,Luminárias Ornamentais da Light,,,,tombado,municipal,,,,2022-10-28,
INCERTO·sem dono,INCERTO,Luminárias Ornamentais da Light,,,,tombado,municipal,,,,2022-10-28,
INCERTO·sem dono,INCERTO,Luminárias Ornamentais da Light,,,,tombado,municipal,,,,2022-10-28,
INCERTO·sem dono,INCERTO,Luminárias Ornamentais da Light,,,,tombado,municipal,,,,2022-10-28,
INCERTO·sem dono,INCERTO,Luminárias Ornamentais da Light,,,,tombado,municipal,,,,2022-10-28,
INCERTO·sem dono,INCERTO,Luminárias Ornamentais da Light,,,,tombado,municipal,,,,2022-10-28,
INCERTO·sem dono,INCERTO,Luminárias Ornamentais da Light,,,,tombado,municipal,,,,2022-10-28,
INCERTO·sem dono,INCERTO,Luminárias Ornamentais da Light,,,,tombado,municipal,,,,2022-10-28,
INCERTO·sem dono,INCERTO,Luminárias Ornamentais da Light,,,,tombado,municipal,,,,2022-10-28,
INCERTO·sem dono,INCERTO,Luminárias Ornamentais da Light,,,,tombado,municipal,,,,2022-10-28,
INCERTO·sem dono,INCERTO,Luminárias Ornamentais da Light,,,,tombado,municipal,,,,2022-10-28,
INCERTO·sem dono,INCERTO,Luminárias Ornamentais da Light,,,,tombado,municipal,,,,2022-10-28,
INCERTO·sem dono,INCERTO,Luminárias Ornamentais da Light,,,,tombado,municipal,,,,2022-10-28,
INCERTO·sem dono,INCERTO,Luminárias Ornamentais da Light,,,,tombado,municipal,,,,2022-10-28,
INCERTO·sem dono,INCERTO,Luminárias Ornamentais da Light,,,,tombado,municipal,,,,2022-10-28,
INCERTO·sem dono,INCERTO,Luminárias Ornamentais da Light,,,,tombado,municipal,,,,2022-10-28,
INCERTO·sem dono,INCERTO,Luminárias Ornamentais da Light,,,,tombado,municipal,,,,2022-10-28,
INCERTO·sem dono,INCERTO,Luminárias Ornamentais da Light,,,,tombado,municipal,,,,2022-10-28,
INCERTO·sem dono,INCERTO,Luminárias Ornamentais da Light,,,,tombado,municipal,,,,2022-10-28,
INCERTO·sem dono,INCERTO,Luminárias Ornamentais da Light,,,,tombado,municipal,,,,2022-10-28,
INCERTO·sem dono,INCERTO,Luminárias Ornamentais da Light,,,,tombado,municipal,,,,2022-10-28,
INCERTO·sem dono,INCERTO,Luminárias Ornamentais da Light,,,,tombado,municipal,,,,2022-10-28,
INCERTO·sem dono,INCERTO,Luminárias Ornamentais da Light,,,,tombado,municipal,,,,2022-10-28,
INCERTO·sem dono,INCERTO,Luminárias Ornamentais da Light,,,,tombado,municipal,,,,2022-10-28,
INCERTO·sem dono,INCERTO,Luminárias Ornamentais da Light,,,,tombado,municipal,,,,2022-10-28,
INCERTO·sem dono,INCERTO,Luminárias Ornamentais da Light,,,,tombado,municipal,,,,2022-10-28,
INCERTO·sem dono,INCERTO,Luminárias Ornamentais da Light,,,,tombado,municipal,,,,2022-10-28,
INCERTO·sem dono,INCERTO,Luminárias Ornamentais da Light,,,,tombado,municipal,,,,2022-10-28,
INCERTO·sem dono,INCERTO,Luminárias Ornamentais da Light,,,,tombado,municipal,,,,2022-10-28,
INCERTO·sem dono,INCERTO,Luminárias Ornamentais da Light,,,,tombado,municipal,,,,2022-10-28,
INCERTO·sem dono,INCERTO,Luminárias Ornamentais da Light,,,,tombado,municipal,,,,2022-10-28,
INCERTO·sem dono,INCERTO,Luminárias Ornamentais da Light,,,,tombado,municipal,,,,2022-10-28,
INCERTO·sem dono,INCERTO,Luminárias Ornamentais da Light,,,,tombado,municipal,,,,2022-10-28,
INCERTO·sem dono,INCERTO,Luminárias Ornamentais da Light,,,,tombado,municipal,,,,2022-10-28,
INCERTO·sem dono,INCERTO,Luminárias Ornamentais da Light,,,,tombado,municipal,,,,2022-10-28,
INCERTO·sem dono,INCERTO,Luminárias Ornamentais da Light,,,,tombado,municipal,,,,2022-10-28,
INCERTO·sem dono,INCERTO,Luminárias Ornamentais da Light,,,,tombado,municipal,,,,2022-10-28,
INCERTO·sem dono,INCERTO,Luminárias Ornamentais da Light,,,,tombado,municipal,,,,2022-10-28,
INCERTO·sem dono,INCERTO,Luminárias Ornamentais da Light,,,,tombado,municipal,,,,2022-10-28,
INCERTO·sem dono,INCERTO,Luminárias Ornamentais da Light,,,,tombado,municipal,,,,2022-10-28,
INCERTO·sem dono,INCERTO,Luminárias Ornamentais da Light,,,,tombado,municipal,,,,2022-10-28,
INCERTO·sem dono,INCERTO,Luminárias Ornamentais da Light,,,,tombado,municipal,,,,2022-10-28,
INCERTO·sem dono,INCERTO,Luminárias Ornamentais da Light,,,,tombado,municipal,,,,2022-10-28,
INCERTO·sem dono,INCERTO,Luminárias Ornamentais da Light,,,,tombado,municipal,,,,2022-10-28,
INCERTO·sem dono,INCERTO,Luminárias Ornamentais da Light,,,,tombado,municipal,,,,2022-10-28,
INCERTO·sem dono,INCERTO,Luminárias Ornamentais da Light,,,,tombado,municipal,,,,2022-10-28,
INCERTO·sem dono,INCERTO,Luminárias Ornamentais da Light,,,,tombado,municipal,,,,2022-10-28,
INCERTO·sem dono,INCERTO,Luminárias Ornamentais da Light,,,,tombado,municipal,,,,2022-10-28,
INCERTO·sem dono,INCERTO,Luminárias Ornamentais da Light,,,,tombado,municipal,,,,2022-10-28,
INCERTO·sem dono,INCERTO,Luminárias Ornamentais da Light,,,,tombado,municipal,,,,2022-10-28,
INCERTO·sem dono,INCERTO,Luminárias Ornamentais da Light,,,,tombado,municipal,,,,2022-10-28,
INCERTO·sem dono,INCERTO,Luminárias Ornamentais da Light,,,,tombado,municipal,,,,2022-10-28,
INCERTO·sem dono,INCERTO,Luminárias Ornamentais da Light,,,,tombado,municipal,,,,2022-10-28,
INCERTO·sem dono,INCERTO,Luminárias Ornamentais da Light,,,,tombado,municipal,,,,2022-10-28,
INCERTO·sem dono,INCERTO,Luminárias Ornamentais da Light,,,,tombado,municipal,,,,2022-10-28,
INCERTO·sem dono,INCERTO,Luminárias Ornamentais da Light,,,,tombado,municipal,,,,2022-10-28,
INCERTO·sem dono,INCERTO,Luminárias Ornamentais da Light,,,,tombado,municipal,,,,2022-10-28,
INCERTO·sem dono,INCERTO,Luminárias Ornamentais da Light,,,,tombado,municipal,,,,2022-10-28,
INCERTO·sem dono,INCERTO,Luminárias Ornamentais da Light,,,,tombado,municipal,,,,2022-10-28,
INCERTO·sem dono,INCERTO,Luminárias Ornamentais da Light,,,,tombado,municipal,,,,2022-10-28,
INCERTO·sem dono,INCERTO,Luminárias Ornamentais da Light,,,,tombado,municipal,,,,2022-10-28,
INCERTO·sem dono,INCERTO,Luminárias Ornamentais da Light,,,,tombado,municipal,,,,2022-10-28,
INCERTO·sem dono,INCERTO,Luminárias Ornamentais da Light,,,,tombado,municipal,,,,2022-10-28,
INCERTO·sem dono,INCERTO,Luminárias Ornamentais da Light,,,,tombado,municipal,,,,2022-10-28,
INCERTO·sem dono,INCERTO,Luminárias Ornamentais da Light,,,,tombado,municipal,,,,2022-10-28,
INCERTO·sem dono,INCERTO,Luminárias Ornamentais da Light,,,,tombado,municipal,,,,2022-10-28,
INCERTO·sem dono,INCERTO,Luminárias Ornamentais da Light,,,,tombado,municipal,,,,2022-10-28,
INCERTO·sem dono,INCERTO,Luminárias Ornamentais da Light,,,,tombado,municipal,,,,2022-10-28,
INCERTO·sem dono,INCERTO,Luminárias Ornamentais da Light,,,,tombado,municipal,,,,2022-10-28,
INCERTO·sem dono,INCERTO,Luminárias Ornamentais da Light,,,,tombado,municipal,,,,2022-10-28,
INCERTO·sem dono,INCERTO,Luminárias Ornamentais da Light,,,,tombado,municipal,,,,2022-10-28,
INCERTO·sem dono,INCERTO,Luminárias Ornamentais da Light,,,,tombado,municipal,,,,2022-10-28,
INCERTO·sem dono,INCERTO,Luminárias Ornamentais da Light,,,,tombado,municipal,,,,2022-10-28,
INCERTO·sem dono,INCERTO,Luminárias Ornamentais da Light,,,,tombado,municipal,,,,2022-10-28,
INCERTO·sem dono,INCERTO,Luminárias Ornamentais da Light,,,,tombado,municipal,,,,2022-10-28,
INCERTO·sem dono,INCERTO,Luminárias Ornamentais da Light,,,,tombado,municipal,,,,2022-10-28,
INCERTO·sem dono,INCERTO,Luminárias Ornamentais da Light,,,,tombado,municipal,,,,2022-10-28,
INCERTO·sem dono,INCERTO,Luminárias Ornamentais da Light,,,,tombado,municipal,,,,2022-10-28,
INCERTO·sem dono,INCERTO,Luminárias Ornamentais da Light,,,,tombado,municipal,,,,2022-10-28,
INCERTO·sem dono,INCERTO,Luminárias Ornamentais da Light,,,,tombado,municipal,,,,2022-10-28,
INCERTO·sem dono,INCERTO,Luminárias Ornamentais da Light,,,,tombado,municipal,,,,2022-10-28,
INCERTO·sem dono,INCERTO,Luminárias Ornamentais da Light,,,,tombado,municipal,,,,2022-10-28,
INCERTO·sem dono,INCERTO,Luminárias Ornamentais da Light,,,,tombado,municipal,,,,2022-10-28,
INCERTO·sem dono,INCERTO,Luminárias Ornamentais da Light,,,,tombado,municipal,,,,2022-10-28,
INCERTO·sem dono,INCERTO,Luminárias Ornamentais da Light,,,,tombado,municipal,,,,2022-10-28,
INCERTO·sem dono,INCERTO,Luminárias Ornamentais da Light,,,,tombado,municipal,,,,2022-10-28,
INCERTO·sem dono,INCERTO,Luminárias Ornamentais da Light,,,,tombado,municipal,,,,2022-10-28,
INCERTO·sem dono,INCERTO,Luminárias Ornamentais da Light,,,,tombado,municipal,,,,2022-10-28,
INCERTO·sem dono,INCERTO,Luminárias Ornamentais da Light,,,,tombado,municipal,,,,2022-10-28,
INCERTO·sem dono,INCERTO,Luminárias Ornamentais da Light,,,,tombado,municipal,,,,2022-10-28,
INCERTO·sem dono,INCERTO,Luminárias Ornamentais da Light,,,,tombado,municipal,,,,2022-10-28,
INCERTO·sem dono,INCERTO,Luminárias Ornamentais da Light,,,,tombado,municipal,,,,2022-10-28,
INCERTO·sem dono,INCERTO,Luminárias Ornamentais da Light,,,,tombado,municipal,,,,2022-10-28,
INCERTO·sem dono,INCERTO,Luminárias Ornamentais da Light,,,,tombado,municipal,,,,2022-10-28,
INCERTO·sem dono,INCERTO,Luminárias Ornamentais da Light,,,,tombado,municipal,,,,2022-10-28,
INCERTO·sem dono,INCERTO,Luminárias Ornamentais da Light,,,,tombado,municipal,,,,2022-10-28,
INCERTO·sem dono,INCERTO,Luminárias Ornamentais da Light,,,,tombado,municipal,,,,2022-10-28,
INCERTO·sem dono,INCERTO,Luminárias Ornamentais da Light,,,,tombado,municipal,,,,2022-10-28,
INCERTO·sem dono,INCERTO,Luminárias Ornamentais da Light,,,,tombado,municipal,,,,2022-10-28,
INCERTO·sem dono,INCERTO,Luminárias Ornamentais da Light,,,,tombado,municipal,,,,2022-10-28,
INCERTO·sem dono,INCERTO,Luminárias Ornamentais da Light,,,,tombado,municipal,,,,2022-10-28,
INCERTO·sem dono,INCERTO,Luminárias Ornamentais da Light,,,,tombado,municipal,,,,2022-10-28,
INCERTO·sem dono,INCERTO,Luminárias Ornamentais da Light,,,,tombado,municipal,,,,2022-10-28,
INCERTO·sem dono,INCERTO,Luminárias Ornamentais da Light,,,,tombado,municipal,,,,2022-10-28,
INCERTO·sem dono,INCERTO,Luminárias Ornamentais da Light,,,,tombado,municipal,,,,2022-10-28,
INCERTO·sem dono,INCERTO,Luminárias Ornamentais da Light,,,,tombado,municipal,,,,2022-10-28,
INCERTO·sem dono,INCERTO,Luminárias Ornamentais da Light,,,,tombado,municipal,,,,2022-10-28,
INCERTO·sem dono,INCERTO,Luminárias Ornamentais da Light,,,,tombado,municipal,,,,2022-10-28,
INCERTO·sem dono,INCERTO,Luminárias Ornamentais da Light,,,,tombado,municipal,,,,2022-10-28,
INCERTO·sem dono,INCERTO,Luminárias Ornamentais da Light,,,,tombado,municipal,,,,2022-10-28,
INCERTO·sem dono,INCERTO,Luminárias Ornamentais da Light,,,,tombado,municipal,,,,2022-10-28,
INCERTO·sem dono,INCERTO,Luminárias Ornamentais da Light,,,,tombado,municipal,,,,2022-10-28,
INCERTO·sem dono,INCERTO,Luminárias Ornamentais da Light,,,,tombado,municipal,,,,2022-10-28,
INCERTO·sem dono,INCERTO,Luminárias Ornamentais da Light,,,,tombado,municipal,,,,2022-10-28,
INCERTO·sem dono,INCERTO,Luminárias Ornamentais da Light,,,,tombado,municipal,,,,2022-10-28,
INCERTO·sem dono,INCERTO,Luminárias Ornamentais da Light,,,,tombado,municipal,,,,2022-10-28,
INCERTO·sem dono,INCERTO,Luminárias Ornamentais da Light,,,,tombado,municipal,,,,2022-10-28,
INCERTO·sem dono,INCERTO,Luminárias Ornamentais da Light,,,,tombado,municipal,,,,2022-10-28,
INCERTO·sem dono,INCERTO,Luminárias Ornamentais da Light,,,,tombado,municipal,,,,2022-10-28,
INCERTO·sem dono,INCERTO,Luminárias Ornamentais da Light,,,,tombado,municipal,,,,2022-10-28,
INCERTO·sem dono,INCERTO,Luminárias Ornamentais da Light,,,,tombado,municipal,,,,2022-10-28,
INCERTO·sem dono,INCERTO,Luminárias Ornamentais da Light,,,,tombado,municipal,,,,2022-10-28,
INCERTO·sem dono,INCERTO,Luminárias Ornamentais da Light,,,,tombado,municipal,,,,2022-10-28,
INCERTO·sem dono,INCERTO,Luminárias Ornamentais da Light,,,,tombado,municipal,,,,2022-10-28,
INCERTO·sem dono,INCERTO,Luminárias Ornamentais da Light,,,,tombado,municipal,,,,2022-10-28,
INCERTO·sem dono,INCERTO,Luminárias Ornamentais da Light,,,,tombado,municipal,,,,2022-10-28,
INCERTO·sem dono,INCERTO,Luminárias Ornamentais da Light,,,,tombado,municipal,,,,2022-10-28,
INCERTO·sem dono,INCERTO,Luminárias Ornamentais da Light,,,,tombado,municipal,,,,2022-10-28,
INCERTO·sem dono,INCERTO,Luminárias Ornamentais da Light,,,,tombado,municipal,,,,2022-10-28,
INCERTO·sem dono,INCERTO,Luminárias Ornamentais da Light,,,,tombado,municipal,,,,2022-10-28,
INCERTO·sem dono,INCERTO,Luminárias Ornamentais da Light,,,,tombado,municipal,,,,2022-10-28,
INCERTO·sem dono,INCERTO,Luminárias Ornamentais da Light,,,,tombado,municipal,,,,2022-10-28,
INCERTO·sem dono,INCERTO,Luminárias Ornamentais da Light,,,,tombado,municipal,,,,2022-10-28,
INCERTO·sem dono,INCERTO,Luminárias Ornamentais da Light,,,,tombado,municipal,,,,2022-10-28,
INCERTO·sem dono,INCERTO,Luminárias Ornamentais da Light,,,,tombado,municipal,,,,2022-10-28,
INCERTO·sem dono,INCERTO,Luminárias Ornamentais da Light,,,,tombado,municipal,,,,2022-10-28,
INCERTO·sem dono,INCERTO,Luminárias Ornamentais da Light,,,,tombado,municipal,,,,2022-10-28,
INCERTO·sem dono,INCERTO,Luminárias Ornamentais da Light,,,,tombado,municipal,,,,2022-10-28,
INCERTO·sem dono,INCERTO,Luminárias Ornamentais da Light,,,,tombado,municipal,,,,2022-10-28,
INCERTO·sem dono,INCERTO,Luminárias Ornamentais da Light,,,,tombado,municipal,,,,2022-10-28,
INCERTO·sem dono,INCERTO,Luminárias Ornamentais da Light,,,,tombado,municipal,,,,2022-10-28,
INCERTO·sem dono,INCERTO,Luminárias Ornamentais da Light,,,,tombado,municipal,,,,2022-10-28,
INCERTO·sem dono,INCERTO,Luminárias Ornamentais da Light,,,,tombado,municipal,,,,2022-10-28,
INCERTO·sem dono,INCERTO,Luminárias Ornamentais da Light,,,,tombado,municipal,,,,2022-10-28,
INCERTO·sem dono,INCERTO,Luminárias Ornamentais da Light,,,,tombado,municipal,,,,2022-10-28,
INCERTO·sem dono,INCERTO,Luminárias Ornamentais da Light,,,,tombado,municipal,,,,2022-10-28,
INCERTO·sem dono,INCERTO,Luminárias Ornamentais da Light,,,,tombado,municipal,,,,2022-10-28,
INCERTO·sem dono,INCERTO,Luminárias Ornamentais da Light,,,,tombado,municipal,,,,2022-10-28,
INCERTO·sem dono,INCERTO,Luminárias Ornamentais da Light,,,,tombado,municipal,,,,2022-10-28,
INCERTO·sem dono,INCERTO,Luminárias Ornamentais da Light,,,,tombado,municipal,,,,2022-10-28,
INCERTO·sem dono,INCERTO,Luminárias Ornamentais da Light,,,,tombado,municipal,,,,2022-10-28,
INCERTO·sem dono,INCERTO,Luminárias Ornamentais da Light,,,,tombado,municipal,,,,2022-10-28,
INCERTO·sem dono,INCERTO,Luminárias Ornamentais da Light,,,,tombado,municipal,,,,2022-10-28,
INCERTO·sem dono,INCERTO,Luminárias Ornamentais da Light,,,,tombado,municipal,,,,2022-10-28,
INCERTO·sem dono,INCERTO,Luminárias Ornamentais da Light,,,,tombado,municipal,,,,2022-10-28,
INCERTO·sem dono,INCERTO,Luminárias Ornamentais da Light,,,,tombado,municipal,,,,2022-10-28,
INCERTO·sem dono,INCERTO,Luminárias Ornamentais da Light,,,,tombado,municipal,,,,2022-10-28,
INCERTO·sem dono,INCERTO,Luminárias Ornamentais da Light,,,,tombado,municipal,,,,2022-10-28,
INCERTO·sem dono,INCERTO,Luminárias Ornamentais da Light,,,,tombado,municipal,,,,2022-10-28,
INCERTO·sem dono,INCERTO,Luminárias Ornamentais da Light,,,,tombado,municipal,,,,2022-10-28,
INCERTO·sem dono,INCERTO,Luminárias Ornamentais da Light,,,,tombado,municipal,,,,2022-10-28,
INCERTO·sem dono,INCERTO,Luminárias Ornamentais da Light,,,,tombado,municipal,,,,2022-10-28,
INCERTO·sem dono,INCERTO,Luminárias Ornamentais da Light,,,,tombado,municipal,,,,2022-10-28,
INCERTO·sem dono,INCERTO,Luminárias Ornamentais da Light,,,,tombado,municipal,,,,2022-10-28,
INCERTO·sem dono,INCERTO,Luminárias Ornamentais da Light,,,,tombado,municipal,,,,2022-10-28,
INCERTO·sem dono,INCERTO,Luminárias Ornamentais da Light,,,,tombado,municipal,,,,2022-10-28,
INCERTO·sem dono,INCERTO,Luminárias Ornamentais da Light,,,,tombado,municipal,,,,2022-10-28,
INCERTO·sem dono,INCERTO,Luminárias Ornamentais da Light,,,,tombado,municipal,,,,2022-10-28,
INCERTO·sem dono,INCERTO,Luminárias Ornamentais da Light,,,,tombado,municipal,,,,2022-10-28,
INCERTO·sem dono,INCERTO,Luminárias Ornamentais da Light,,,,tombado,municipal,,,,2022-10-28,
INCERTO·sem dono,INCERTO,Luminárias Ornamentais da Light,,,,tombado,municipal,,,,2022-10-28,
INCERTO·sem dono,INCERTO,Luminárias Ornamentais da Light,,,,tombado,municipal,,,,2022-10-28,
INCERTO·sem dono,INCERTO,Luminárias Ornamentais da Light,,,,tombado,municipal,,,,2022-10-28,
INCERTO·sem dono,INCERTO,Luminárias Ornamentais da Light,,,,tombado,municipal,,,,2022-10-28,
INCERTO·sem dono,INCERTO,Luminárias Ornamentais da Light,,,,tombado,municipal,,,,2022-10-28,
INCERTO·sem dono,INCERTO,Luminárias Ornamentais da Light,,,,tombado,municipal,,,,2022-10-28,
INCERTO·sem dono,INCERTO,Luminárias Ornamentais da Light,,,,tombado,municipal,,,,2022-10-28,
INCERTO·sem dono,INCERTO,Luminárias Ornamentais da Light,,,,tombado,municipal,,,,2022-10-28,
INCERTO·sem dono,INCERTO,Luminárias Ornamentais da Light,,,,tombado,municipal,,,,2022-10-28,
INCERTO·sem dono,INCERTO,Luminárias Ornamentais da Light,,,,tombado,municipal,,,,2022-10-28,
INCERTO·sem dono,INCERTO,Luminárias Ornamentais da Light,,,,tombado,municipal,,,,2022-10-28,
INCERTO·sem dono,INCERTO,Luminárias Ornamentais da Light,,,,tombado,municipal,,,,2022-10-28,
INCERTO·sem dono,INCERTO,Luminárias Ornamentais da Light,,,,tombado,municipal,,,,2022-10-28,
INCERTO·sem dono,INCERTO,Luminárias Ornamentais da Light,,,,tombado,municipal,,,,2022-10-28,
INCERTO·sem dono,INCERTO,Luminárias Ornamentais da Light,,,,tombado,municipal,,,,2022-10-28,
INCERTO·sem dono,INCERTO,Luminárias Ornamentais da Light,,,,tombado,municipal,,,,2022-10-28,
INCERTO·sem dono,INCERTO,Luminárias Ornamentais da Light,,,,tombado,municipal,,,,2022-10-28,
INCERTO·sem dono,INCERTO,Luminárias Ornamentais da Light,,,,tombado,municipal,,,,2022-10-28,
INCERTO·sem dono,INCERTO,Luminárias Ornamentais da Light,,,,tombado,municipal,,,,2022-10-28,
INCERTO·sem dono,INCERTO,Luminárias Ornamentais da Light,,,,tombado,municipal,,,,2022-10-28,
INCERTO·sem dono,INCERTO,Luminárias Ornamentais da Light,,,,tombado,municipal,,,,2022-10-28,
INCERTO·sem dono,INCERTO,Luminárias Ornamentais da Light,,,,tombado,municipal,,,,2022-10-28,
INCERTO·sem dono,INCERTO,Luminárias Ornamentais da Light,,,,tombado,municipal,,,,2022-10-28,
INCERTO·sem dono,INCERTO,Luminárias Ornamentais da Light,,,,tombado,municipal,,,,2022-10-28,
INCERTO·sem dono,INCERTO,Luminárias Ornamentais da Light,,,,tombado,municipal,,,,2022-10-28,
INCERTO·sem dono,INCERTO,Luminárias Ornamentais da Light,,,,tombado,municipal,,,,2022-10-28,
INCERTO·sem dono,INCERTO,Luminárias Ornamentais da Light,,,,tombado,municipal,,,,2022-10-28,
INCERTO·sem dono,INCERTO,Luminárias Ornamentais da Light,,,,tombado,municipal,,,,2022-10-28,
INCERTO·sem dono,INCERTO,Luminárias Ornamentais da Light,,,,tombado,municipal,,,,2022-10-28,
INCERTO·sem dono,INCERTO,Luminárias Ornamentais da Light,,,,tombado,municipal,,,,2022-10-28,
INCERTO·sem dono,INCERTO,Luminárias Ornamentais da Light,,,,tombado,municipal,,,,2022-10-28,
INCERTO·sem dono,INCERTO,Luminárias Ornamentais da Light,,,,tombado,municipal,,,,2022-10-28,
INCERTO·sem dono,INCERTO,Luminárias Ornamentais da Light,,,,tombado,municipal,,,,2022-10-28,
INCERTO·sem dono,INCERTO,Luminárias Ornamentais da Light,,,,tombado,municipal,,,,2022-10-28,
INCERTO·sem dono,INCERTO,Luminárias Ornamentais da Light,,,,tombado,municipal,,,,2022-10-28,
INCERTO·sem dono,INCERTO,Luminárias Ornamentais da Light,,,,tombado,municipal,,,,2022-10-28,
INCERTO·sem dono,INCERTO,Luminárias Ornamentais da Light,,,,tombado,municipal,,,,2022-10-28,
INCERTO·sem dono,INCERTO,Luminárias Ornamentais da Light,,,,tombado,municipal,,,,2022-10-28,
INCERTO·sem dono,INCERTO,Luminárias Ornamentais da Light,,,,tombado,municipal,,,,2022-10-28,
INCERTO·sem dono,INCERTO,Luminárias Ornamentais da Light,,,,tombado,municipal,,,,2022-10-28,
INCERTO·sem dono,INCERTO,Luminárias Ornamentais da Light,,,,tombado,municipal,,,,2022-10-28,
INCERTO·sem dono,INCERTO,Luminárias Ornamentais da Light,,,,tombado,municipal,,,,2022-10-28,
INCERTO·sem dono,INCERTO,Luminárias Ornamentais da Light,,,,tombado,municipal,,,,2022-10-28,
INCERTO·sem dono,INCERTO,Luminárias Ornamentais da Light,,,,tombado,municipal,,,,2022-10-28,
INCERTO·sem dono,INCERTO,Luminárias Ornamentais da Light,,,,tombado,municipal,,,,2022-10-28,
INCERTO·sem dono,INCERTO,Luminárias Ornamentais da Light,,,,tombado,municipal,,,,2022-10-28,
INCERTO·sem dono,INCERTO,Luminárias Ornamentais da Light,,,,tombado,municipal,,,,2022-10-28,
INCERTO·sem dono,INCERTO,Luminárias Ornamentais da Light,,,,tombado,municipal,,,,2022-10-28,
INCERTO·sem dono,INCERTO,Luminárias Ornamentais da Light,,,,tombado,municipal,,,,2022-10-28,
INCERTO·sem dono,INCERTO,Luminárias Ornamentais da Light,,,,tombado,municipal,,,,2022-10-28,
INCERTO·sem dono,INCERTO,Luminárias Ornamentais da Light,,,,tombado,municipal,,,,2022-10-28,
INCERTO·sem dono,INCERTO,Luminárias Ornamentais da Light,,,,tombado,municipal,,,,2022-10-28,
INCERTO·sem dono,INCERTO,Luminárias Ornamentais da Light,,,,tombado,municipal,,,,2022-10-28,
INCERTO·sem dono,INCERTO,Luminárias Ornamentais da Light,,,,tombado,municipal,,,,2022-10-28,
INCERTO·sem dono,INCERTO,Luminárias Ornamentais da Light,,,,tombado,municipal,,,,2022-10-28,
INCERTO·sem dono,INCERTO,Luminárias Ornamentais da Light,,,,tombado,municipal,,,,2022-10-28,
INCERTO·sem dono,INCERTO,Luminárias Ornamentais da Light,,,,tombado,municipal,,,,2022-10-28,
INCERTO·sem dono,INCERTO,Luminárias Ornamentais da Light,,,,tombado,municipal,,,,2022-10-28,
INCERTO·sem dono,INCERTO,Luminárias Ornamentais da Light,,,,tombado,municipal,,,,2022-10-28,
INCERTO·sem dono,INCERTO,Luminárias Ornamentais da Light,,,,tombado,municipal,,,,2022-10-28,
INCERTO·sem dono,INCERTO,Luminárias Ornamentais da Light,,,,tombado,municipal,,,,2022-10-28,
INCERTO·sem dono,INCERTO,Luminárias Ornamentais da Light,,,,tombado,municipal,,,,2022-10-28,
INCERTO·sem dono,INCERTO,Luminárias Ornamentais da Light,,,,tombado,municipal,,,,2022-10-28,
INCERTO·sem dono,INCERTO,Luminárias Ornamentais da Light,,,,tombado,municipal,,,,2022-10-28,
INCERTO·sem dono,INCERTO,Luminárias Ornamentais da Light,,,,tombado,municipal,,,,2022-10-28,
INCERTO·sem dono,INCERTO,Luminárias Ornamentais da Light,,,,tombado,municipal,,,,2022-10-28,
INCERTO·sem dono,INCERTO,Luminárias Ornamentais da Light,,,,tombado,municipal,,,,2022-10-28,
INCERTO·sem dono,INCERTO,Luminárias Ornamentais da Light,,,,tombado,municipal,,,,2022-10-28,
INCERTO·sem dono,INCERTO,Luminárias Ornamentais da Light,,,,tombado,municipal,,,,2022-10-28,
INCERTO·sem dono,INCERTO,Luminárias Ornamentais da Light,,,,tombado,municipal,,,,2022-10-28,
INCERTO·sem dono,INCERTO,Luminárias Ornamentais da Light,,,,tombado,municipal,,,,2022-10-28,
INCERTO·sem dono,INCERTO,Luminárias Ornamentais da Light,,,,tombado,municipal,,,,2022-10-28,
INCERTO·sem dono,INCERTO,Luminárias Ornamentais da Light,,,,tombado,municipal,,,,2022-10-28,
INCERTO·sem dono,INCERTO,Luminárias Ornamentais da Light,,,,tombado,municipal,,,,2022-10-28,
INCERTO·sem dono,INCERTO,Luminárias Ornamentais da Light,,,,tombado,municipal,,,,2022-10-28,
INCERTO·sem dono,INCERTO,Luminárias Ornamentais da Light,,,,tombado,municipal,,,,2022-10-28,
INCERTO·sem dono,INCERTO,Luminárias Ornamentais da Light,,,,tombado,municipal,,,,2022-10-28,
INCERTO·sem dono,INCERTO,Luminárias Ornamentais da Light,,,,tombado,municipal,,,,2022-10-28,
INCERTO·sem dono,INCERTO,Luminárias Ornamentais da Light,,,,tombado,municipal,,,,2022-10-28,
INCERTO·sem dono,INCERTO,Luminárias Ornamentais da Light,,,,tombado,municipal,,,,2022-10-28,
INCERTO·sem dono,INCERTO,Luminárias Ornamentais da Light,,,,tombado,municipal,,,,2022-10-28,
INCERTO·sem dono,INCERTO,Luminárias Ornamentais da Light,,,,tombado,municipal,,,,2022-10-28,
INCERTO·sem dono,INCERTO,Luminárias Ornamentais da Light,,,,tombado,municipal,,,,2022-10-28,
INCERTO·sem dono,INCERTO,Luminárias Ornamentais da Light,,,,tombado,municipal,,,,2022-10-28,
INCERTO·sem dono,INCERTO,Luminárias Ornamentais da Light,,,,tombado,municipal,,,,2022-10-28,
INCERTO·sem dono,INCERTO,Luminárias Ornamentais da Light,,,,tombado,municipal,,,,2022-10-28,
INCERTO·sem dono,INCERTO,Luminárias Ornamentais da Light,,,,tombado,municipal,,,,2022-10-28,
INCERTO·sem dono,INCERTO,Luminárias Ornamentais da Light,,,,tombado,municipal,,,,2022-10-28,
INCERTO·sem dono,INCERTO,Luminárias Ornamentais da Light,,,,tombado,municipal,,,,2022-10-28,
INCERTO·sem dono,INCERTO,Luminárias Ornamentais da Light,,,,tombado,municipal,,,,2022-10-28,
INCERTO·sem dono,INCERTO,Luminárias Ornamentais da Light,,,,tombado,municipal,,,,2022-10-28,
INCERTO·sem dono,INCERTO,Luminárias Ornamentais da Light,,,,tombado,municipal,,,,2022-10-28,
INCERTO·sem dono,INCERTO,Luminárias Ornamentais da Light,,,,tombado,municipal,,,,2022-10-28,
INCERTO·sem dono,INCERTO,Luminárias Ornamentais da Light,,,,tombado,municipal,,,,2022-10-28,
INCERTO·sem dono,INCERTO,Luminárias Ornamentais da Light,,,,tombado,municipal,,,,2022-10-28,
INCERTO·sem dono,INCERTO,Luminárias Ornamentais da Light,,,,tombado,municipal,,,,2022-10-28,
INCERTO·sem dono,INCERTO,Luminárias Ornamentais da Light,,,,tombado,municipal,,,,2022-10-28,
INCERTO·sem dono,INCERTO,Luminárias Ornamentais da Light,,,,tombado,municipal,,,,2022-10-28,
INCERTO·sem dono,INCERTO,Luminárias Ornamentais da Light,,,,tombado,municipal,,,,2022-10-28,
INCERTO·sem dono,INCERTO,Luminárias Ornamentais da Light,,,,tombado,municipal,,,,2022-10-28,
INCERTO·sem dono,INCERTO,Luminárias Ornamentais da Light,,,,tombado,municipal,,,,2022-10-28,
INCERTO·sem dono,INCERTO,Luminárias Ornamentais da Light,,,,tombado,municipal,,,,2022-10-28,
INCERTO·sem dono,INCERTO,Luminárias Ornamentais da Light,,,,tombado,municipal,,,,2022-10-28,
INCERTO·sem dono,INCERTO,Luminárias Ornamentais da Light,,,,tombado,municipal,,,,2022-10-28,
INCERTO·sem dono,INCERTO,Luminárias Ornamentais da Light,,,,tombado,municipal,,,,2022-10-28,
INCERTO·sem dono,INCERTO,Luminárias Ornamentais da Light,,,,tombado,municipal,,,,2022-10-28,
INCERTO·sem dono,INCERTO,Luminárias Ornamentais da Light,,,,tombado,municipal,,,,2022-10-28,
INCERTO·sem dono,INCERTO,Luminárias Ornamentais da Light,,,,tombado,municipal,,,,2022-10-28,
INCERTO·sem dono,INCERTO,Luminárias Ornamentais da Light,,,,tombado,municipal,,,,2022-10-28,
INCERTO·sem dono,INCERTO,Luminárias Ornamentais da Light,,,,tombado,municipal,,,,2022-10-28,
INCERTO·sem dono,INCERTO,Luminárias Ornamentais da Light,,,,tombado,municipal,,,,2022-10-28,
INCERTO·sem dono,INCERTO,Luminárias Ornamentais da Light,,,,tombado,municipal,,,,2022-10-28,
INCERTO·sem dono,INCERTO,Luminárias Ornamentais da Light,,,,tombado,municipal,,,,2022-10-28,
INCERTO·sem dono,INCERTO,Luminárias Ornamentais da Light,,,,tombado,municipal,,,,2022-10-28,
INCERTO·sem dono,INCERTO,Luminárias Ornamentais da Light,,,,tombado,municipal,,,,2022-10-28,
INCERTO·sem dono,INCERTO,Luminárias Ornamentais da Light,,,,tombado,municipal,,,,2022-10-28,
INCERTO·sem dono,INCERTO,Luminárias Ornamentais da Light,,,,tombado,municipal,,,,2022-10-28,
INCERTO·sem dono,INCERTO,Luminárias Ornamentais da Light,,,,tombado,municipal,,,,2022-10-28,
INCERTO·sem dono,INCERTO,Luminárias Ornamentais da Light,,,,tombado,municipal,,,,2022-10-28,
INCERTO·sem dono,INCERTO,Luminárias Ornamentais da Light,,,,tombado,municipal,,,,2022-10-28,
INCERTO·sem dono,INCERTO,Luminárias Ornamentais da Light,,,,tombado,municipal,,,,2022-10-28,
INCERTO·sem dono,INCERTO,Luminárias Ornamentais da Light,,,,tombado,municipal,,,,2022-10-28,
INCERTO·sem dono,INCERTO,Luminárias Ornamentais da Light,,,,tombado,municipal,,,,2022-10-28,
INCERTO·sem dono,INCERTO,Luminárias Ornamentais da Light,,,,tombado,municipal,,,,2022-10-28,
INCERTO·sem dono,INCERTO,Luminárias Ornamentais da Light,,,,tombado,municipal,,,,2022-10-28,
INCERTO·sem dono,INCERTO,Luminárias Ornamentais da Light,,,,tombado,municipal,,,,2022-10-28,
INCERTO·sem dono,INCERTO,Luminárias Ornamentais da Light,,,,tombado,municipal,,,,2022-10-28,
INCERTO·sem dono,INCERTO,Luminárias Ornamentais da Light,,,,tombado,municipal,,,,2022-10-28,
INCERTO·sem dono,INCERTO,Luminárias Ornamentais da Light,,,,tombado,municipal,,,,2022-10-28,
INCERTO·sem dono,INCERTO,Luminárias Ornamentais da Light,,,,tombado,municipal,,,,2022-10-28,
INCERTO·sem dono,INCERTO,Luminárias Ornamentais da Light,,,,tombado,municipal,,,,2022-10-28,
INCERTO·sem dono,INCERTO,Luminárias Ornamentais da Light,,,,tombado,municipal,,,,2022-10-28,
INCERTO·sem dono,INCERTO,Luminárias Ornamentais da Light,,,,tombado,municipal,,,,2022-10-28,
INCERTO·sem dono,INCERTO,Luminárias Ornamentais da Light,,,,tombado,municipal,,,,2022-10-28,
INCERTO·sem dono,INCERTO,Luminárias Ornamentais da Light,,,,tombado,municipal,,,,2022-10-28,
INCERTO·sem dono,INCERTO,Luminárias Ornamentais da Light,,,,tombado,municipal,,,,2022-10-28,
INCERTO·sem dono,INCERTO,Luminárias Ornamentais da Light,,,,tombado,municipal,,,,2022-10-28,
INCERTO·sem dono,INCERTO,Luminárias Ornamentais da Light,,,,tombado,municipal,,,,2022-10-28,
INCERTO·sem dono,INCERTO,Luminárias Ornamentais da Light,,,,tombado,municipal,,,,2022-10-28,
INCERTO·sem dono,INCERTO,Luminárias Ornamentais da Light,,,,tombado,municipal,,,,2022-10-28,
INCERTO·sem dono,INCERTO,Luminárias Ornamentais da Light,,,,tombado,municipal,,,,2022-10-28,
INCERTO·sem dono,INCERTO,Luminárias Ornamentais da Light,,,,tombado,municipal,,,,2022-10-28,
INCERTO·sem dono,INCERTO,Luminárias Ornamentais da Light,,,,tombado,municipal,,,,2022-10-28,
INCERTO·sem dono,INCERTO,Luminárias Ornamentais da Light,,,,tombado,municipal,,,,2022-10-28,
INCERTO·sem dono,INCERTO,Luminárias Ornamentais da Light,,,,tombado,municipal,,,,2022-10-28,
INCERTO·sem dono,INCERTO,Luminárias Ornamentais da Light,,,,tombado,municipal,,,,2022-10-28,
INCERTO·sem dono,INCERTO,Luminárias Ornamentais da Light,,,,tombado,municipal,,,,2022-10-28,
INCERTO·sem dono,INCERTO,Luminárias Ornamentais da Light,,,,tombado,municipal,,,,2022-10-28,
INCERTO·sem dono,INCERTO,Luminárias Ornamentais da Light,,,,tombado,municipal,,,,2022-10-28,
INCERTO·sem dono,INCERTO,Luminárias Ornamentais da Light,,,,tombado,municipal,,,,2022-10-28,
INCERTO·sem dono,INCERTO,Luminárias Ornamentais da Light,,,,tombado,municipal,,,,2022-10-28,
INCERTO·sem dono,INCERTO,Luminárias Ornamentais da Light,,,,tombado,municipal,,,,2022-10-28,
INCERTO·sem dono,INCERTO,Luminárias Ornamentais da Light,,,,tombado,municipal,,,,2022-10-28,
INCERTO·sem dono,INCERTO,Luminárias Ornamentais da Light,,,,tombado,municipal,,,,2022-10-28,
INCERTO·sem dono,INCERTO,Luminárias Ornamentais da Light,,,,tombado,municipal,,,,2022-10-28,
INCERTO·sem dono,INCERTO,Luminárias Ornamentais da Light,,,,tombado,municipal,,,,2022-10-28,
INCERTO·sem dono,INCERTO,Luminárias Ornamentais da Light,,,,tombado,municipal,,,,2022-10-28,
INCERTO·sem dono,INCERTO,Luminárias Ornamentais da Light,,,,tombado,municipal,,,,2022-10-28,
INCERTO·sem dono,INCERTO,Luminárias Ornamentais da Light,,,,tombado,municipal,,,,2022-10-28,
INCERTO·sem dono,INCERTO,Luminárias Ornamentais da Light,,,,tombado,municipal,,,,2022-10-28,
INCERTO·sem dono,INCERTO,Luminárias Ornamentais da Light,,,,tombado,municipal,,,,2022-10-28,
INCERTO·sem dono,INCERTO,Luminárias Ornamentais da Light,,,,tombado,municipal,,,,2022-10-28,
INCERTO·sem dono,INCERTO,Luminárias Ornamentais da Light,,,,tombado,municipal,,,,2022-10-28,
INCERTO·sem dono,INCERTO,Luminárias Ornamentais da Light,,,,tombado,municipal,,,,2022-10-28,
INCERTO·sem dono,INCERTO,Luminárias Ornamentais da Light,,,,tombado,municipal,,,,2022-10-28,
INCERTO·sem dono,INCERTO,Luminárias Ornamentais da Light,,,,tombado,municipal,,,,2022-10-28,
INCERTO·sem dono,INCERTO,Luminárias Ornamentais da Light,,,,tombado,municipal,,,,2022-10-28,
INCERTO·sem dono,INCERTO,Luminárias Ornamentais da Light,,,,tombado,municipal,,,,2022-10-28,
INCERTO·sem dono,INCERTO,Luminárias Ornamentais da Light,,,,tombado,municipal,,,,2022-10-28,
INCERTO·sem dono,INCERTO,Luminárias Ornamentais da Light,,,,tombado,municipal,,,,2022-10-28,
INCERTO·sem dono,INCERTO,Luminárias Ornamentais da Light,,,,tombado,municipal,,,,2022-10-28,
INCERTO·sem dono,INCERTO,Luminárias Ornamentais da Light,,,,tombado,municipal,,,,2022-10-28,
INCERTO·sem dono,INCERTO,Luminárias Ornamentais da Light,,,,tombado,municipal,,,,2022-10-28,
INCERTO·sem dono,INCERTO,Luminárias Ornamentais da Light,,,,tombado,municipal,,,,2022-10-28,
INCERTO·sem dono,INCERTO,Luminárias Ornamentais da Light,,,,tombado,municipal,,,,2022-10-28,
INCERTO·sem dono,INCERTO,Luminárias Ornamentais da Light,,,,tombado,municipal,,,,2022-10-28,
INCERTO·sem dono,INCERTO,Luminárias Ornamentais da Light,,,,tombado,municipal,,,,2022-10-28,
INCERTO·sem dono,INCERTO,Luminárias Ornamentais da Light,,,,tombado,municipal,,,,2022-10-28,
INCERTO·sem dono,INCERTO,Luminárias Ornamentais da Light,,,,tombado,municipal,,,,2022-10-28,
INCERTO·sem dono,INCERTO,Luminárias Ornamentais da Light,,,,tombado,municipal,,,,2022-10-28,
INCERTO·sem dono,INCERTO,Luminárias Ornamentais da Light,,,,tombado,municipal,,,,2022-10-28,
INCERTO·sem dono,INCERTO,Luminárias Ornamentais da Light,,,,tombado,municipal,,,,2022-10-28,
INCERTO·sem dono,INCERTO,Luminárias Ornamentais da Light,,,,tombado,municipal,,,,2022-10-28,
INCERTO·sem dono,INCERTO,Luminárias Ornamentais da Light,,,,tombado,municipal,,,,2022-10-28,
INCERTO·sem dono,INCERTO,Luminárias Ornamentais da Light,,,,tombado,municipal,,,,2022-10-28,
INCERTO·sem dono,INCERTO,Luminárias Ornamentais da Light,,,,tombado,municipal,,,,2022-10-28,
INCERTO·sem dono,INCERTO,Polígono de Tombamento do Teatro Municipal e da Praça Ramos de Azevedo (parcial),Praça Ramos de Azevedo,,,tombado,federal,,,,,
INCERTO·sem dono,INCERTO,Santa Marina Atlético Clube,"Avenida Santa Marina, 883",,,APC,,,,,2025-09-03,
INCERTO·sem dono,INCERTO,Território Augusta de Cinema,"Rua Augusta, 1470",,,APC,,,,,2025-05-30,
INCERTO·sem dono,INCERTO,Território Augusta de Cinema,"Rua Augusta, 1475",,,APC,,,,,2025-05-30,
INCERTO·sem dono,INCERTO,Fórum Criminal Mário Guimarães / Fórum da Barra Funda / Obra de Fábio Penteado e Teru Tamaki / 1973 - Item 160 / Edificações Modernas,"Avenida Doutor Nullabraão Ribeiro, 313",Barra Funda,,tombado,municipal,,,,2019-05-30,
INCERTO·sem dono,INCERTO,Parque Estadual Fernando Costa (água Branca),"Avenida Francisco Matarazzo, 455",Barra Funda,,tombado,municipal+estadual,,,,2004-10-28,
INCERTO·sem dono,INCERTO,,"Alameda Rio Claro, 190",Bela Vista,,BIR,,,,,2024-11-13,
INCERTO·sem dono,INCERTO,,"Alameda Rio Claro, 190",Bela Vista,,BIR,,,,,2025-01-17,
INCERTO·sem dono,INCERTO,Conjuntos Residenciais Mooca / Vila Maria Parente Migliari,Travessa Maria Parente Migliari,Belém,,tombado,municipal,,,,2023-10-09,
INCERTO·sem dono,INCERTO,Departamento de Minas e de Petróleo da Universidade de São Paulo / Projeto do Arquiteto Oswaldo Arthur Bratke,"Avenida Professor Mello de Moraes, 2373",Butantã,,tombado,municipal,,,,2018-09-29,
INCERTO·sem dono,INCERTO,Estádio do Pacaembu / Praça Charles Miller,Praça Charles Miller,Consolação,,tombado,municipal+estadual,,,,1988-11-19,
INCERTO·sem dono,INCERTO,Centro Histórico da Freguesia do Ó / Traçado Urbano,,Freguesia do Ó,,tombado,municipal,,,,1992-12-16,
INCERTO·sem dono,INCERTO,Conjunto Ferroviário do Jaraguá / Estação Ferroviária do Jaraguá,Avenida Dr Felipe Pinel C/ R Camocim de Sao Felix C/ Es das Taipas C/ R Joao Aires,Jaraguá,,tombado,municipal+estadual,,,,2015-06-12,
INCERTO·sem dono,INCERTO,"Conjunto da Escadaria da Rua Alves Guimarães (""escadaria das Bailarinas"")",Rua Alves Guimarães C/ R Cardeal Arcoverde,Jardim Paulista,,tombado,municipal,,,,2024-10-11,
INCERTO·sem dono,INCERTO,"Vila Cerqueira César / Manchas Urbanas Heterogêneas / Mancha Escadaria Cristiano Viana (k) / Escadaria à Rua Cristiano Viana (""escadão da Marielle"")",Rua Cristiano Viana C/ R Cardeal Arcoverde,Jardim Paulista,,tombado,municipal,,,,2025-03-11,
INCERTO·sem dono,INCERTO,Caminho Histórico Glória-lavapés,,"Liberdade, Se, Cambuci",,tombado,municipal,,,,2019-07-23,
INCERTO·sem dono,INCERTO,Igreja Nossa Senhora do Rosario da Pompeia,"Avenida Pompeia, 1260",Perdizes,,tombado,municipal,,,,2019-02-26,
INCERTO·sem dono,INCERTO,Vila Triângulo e Fábrica de Cimento Perus,Vila Triângulo,Perus,,tombado,municipal,,,,1992-09-15,
INCERTO·sem dono,INCERTO,Vila Triângulo e Fábrica de Cimento Perus,Vila Triângulo,Perus,,tombado,municipal,,,,1992-09-15,
INCERTO·sem dono,INCERTO,Vila Triângulo e Fábrica de Cimento Perus,Vila Triângulo,Perus,,tombado,municipal,,,,1992-09-15,
INCERTO·sem dono,INCERTO,Vila Triângulo e Fábrica de Cimento Perus,"Rua Joaquim Antônio Arruda, 218",Perus,,tombado,municipal+estadual,,,,1992-09-15,
INCERTO·sem dono,INCERTO,Vila Triângulo e Fábrica de Cimento Perus / Britador (item 5),"Rua Joaquim Antônio Arruda, 218",Perus,,tombado,municipal+estadual,,,,1992-09-15,
INCERTO·sem dono,INCERTO,Vila Triângulo e Fábrica de Cimento Perus / Britador (item 5),"Rua Joaquim Antônio Arruda, 218",Perus,,tombado,municipal+estadual,,,,1992-09-15,
INCERTO·sem dono,INCERTO,Vila Triângulo e Fábrica de Cimento Perus / Britador (item 5),"Rua Joaquim Antônio Arruda, 218",Perus,,tombado,municipal+estadual,,,,1992-09-15,
INCERTO·sem dono,INCERTO,Vila Triângulo e Fábrica de Cimento Perus / Casa de Tráfego (item 14),"Rua Joaquim Antônio Arruda, 218",Perus,,tombado,municipal+estadual,,,,1992-09-15,
INCERTO·sem dono,INCERTO,Vila Triângulo e Fábrica de Cimento Perus / Casarão da Ferrovia,"Rua Joaquim Antônio Arruda, 218",Perus,,tombado,municipal+estadual,,,,1992-09-15,
INCERTO·sem dono,INCERTO,Vila Triângulo e Fábrica de Cimento Perus / Depósito de Clinquer (item 21),"Rua Joaquim Antônio Arruda, 218",Perus,,tombado,municipal+estadual,,,,1992-09-15,
INCERTO·sem dono,INCERTO,Vila Triângulo e Fábrica de Cimento Perus / Escritório (item 6),"Rua Joaquim Antônio Arruda, 218",Perus,,tombado,municipal+estadual,,,,1992-09-15,
INCERTO·sem dono,INCERTO,Vila Triângulo e Fábrica de Cimento Perus / Estrutura Em Concreto Armado e Esteira Transportadora de Matéria Prima do Depósito de Calcário (item 10),"Rua Joaquim Antônio Arruda, 218",Perus,,tombado,municipal,,,,1992-09-15,
INCERTO·sem dono,INCERTO,Vila Triângulo e Fábrica de Cimento Perus / Portaria (item 7),"Rua Joaquim Antônio Arruda, 218",Perus,,tombado,municipal+estadual,,,,1992-09-15,
INCERTO·sem dono,INCERTO,Vila Triângulo e Fábrica de Cimento Perus / Refeitório (item 8),"Rua Joaquim Antônio Arruda, 218",Perus,,tombado,municipal+estadual,,,,1992-09-15,
INCERTO·sem dono,INCERTO,Conjunto do Cemitério São Paulo / Traçado Viário Externo,Cruzamento da R Cardeal Arcoverde Com a R Conego Eugenio Leite,Pinheiros,,tombado,municipal,,,,2023-01-19,
INCERTO·sem dono,INCERTO,Vila Cerqueira César / Manchas Urbanas de Casario / Mancha Pascoal del Gaizo (d),Rua Doutor Phidias de Barros Monteiro,Pinheiros,,tombado,municipal,,,,2023-10-05,
INCERTO·sem dono,INCERTO,Vila Cerqueira César / Manchas Urbanas de Casario / Mancha Pascoal del Gaizo (d),Rua Pascoal del Gaizo,Pinheiros,,tombado,municipal,,,,2023-10-05,
INCERTO·sem dono,INCERTO,Capela de Santa Cruz de Pirituba,"Rua Stefano Mauser, 661",Pirituba,,tombado,municipal,,,,2016-10-01,
INCERTO·sem dono,INCERTO,Edificação à Rua Stefano Mauser / Fundação Centro de Atendimento Socioeducacional Ao Adolescente / Fundação Casa-sp,"Rua Stefano Mauser, 661",Pirituba,,tombado,municipal,,,,2016-10-01,
INCERTO·sem dono,INCERTO,Edificação à Rua Stefano Mauser / Fundação Centro de Atendimento Socioeducacional Ao Adolescente / Fundação Casa-sp,"Rua Stefano Mauser, 661",Pirituba,,tombado,municipal,,,,2016-10-01,
INCERTO·sem dono,INCERTO,Edificação à Rua Stefano Mauser / Fundação Centro de Atendimento Socioeducacional Ao Adolescente / Fundação Casa-sp,"Rua Stefano Mauser, 661",Pirituba,,tombado,municipal,,,,2016-10-01,
INCERTO·sem dono,INCERTO,Edificação à Rua Stefano Mauser / Fundação Centro de Atendimento Socioeducacional Ao Adolescente / Fundação Casa-sp,"Rua Stefano Mauser, 661",Pirituba,,tombado,municipal,,,,2016-10-01,
INCERTO·sem dono,INCERTO,Edificação à Rua Stefano Mauser / Fundação Centro de Atendimento Socioeducacional Ao Adolescente / Fundação Casa-sp,"Rua Stefano Mauser, 661",Pirituba,,tombado,municipal,,,,2016-10-01,
INCERTO·sem dono,INCERTO,Edificação à Rua Stefano Mauser / Fundação Centro de Atendimento Socioeducacional Ao Adolescente / Fundação Casa-sp,"Rua Stefano Mauser, 661",Pirituba,,tombado,municipal,,,,2016-10-01,
INCERTO·sem dono,INCERTO,Edificação à Rua Stefano Mauser / Fundação Centro de Atendimento Socioeducacional Ao Adolescente / Fundação Casa-sp,"Rua Stefano Mauser, 661",Pirituba,,tombado,municipal,,,,2016-10-01,
INCERTO·sem dono,INCERTO,Edificação à Rua Stefano Mauser / Fundação Centro de Atendimento Socioeducacional Ao Adolescente / Fundação Casa-sp,"Rua Stefano Mauser, 661",Pirituba,,tombado,municipal,,,,2016-10-01,
INCERTO·sem dono,INCERTO,Edificação à Rua Stefano Mauser / Fundação Centro de Atendimento Socioeducacional Ao Adolescente / Fundação Casa-sp,"Rua Stefano Mauser, 661",Pirituba,,tombado,municipal,,,,2016-10-01,
INCERTO·sem dono,INCERTO,Edificação à Rua Stefano Mauser / Fundação Centro de Atendimento Socioeducacional Ao Adolescente / Fundação Casa-sp,"Rua Stefano Mauser, 661",Pirituba,,tombado,municipal,,,,2016-10-01,
INCERTO·sem dono,INCERTO,,"Avenida São Luiz, 84, 86, 96",República,,BIR,,,,,2023-12-20,
INCERTO·sem dono,INCERTO,Perímetro Santa Ifigênia,Avenida Duque de Caixias C/ R Mauá C/ R Brigadeiro Tobias C/ R Capitão Salomão C/ Av Rio Branco,República,,tombado,estadual,,,,,
INCERTO·sem dono,INCERTO,Estação Ferroviária Santo Amaro / Edificações Modernas Indicadas Como Zepec,Avenida das Nações Unidas,Santo Amaro,,tombado,municipal,,,,2019-05-30,
INCERTO·sem dono,INCERTO,,"Rua Boa Vista, 293",Sé,,BIR,,,,,2024-01-17,
INCERTO·sem dono,INCERTO,,"Rua Libero Badaró, 624, 628",Sé,,BIR,,,,,2023-10-06,
INCERTO·sem dono,INCERTO,,"Rua Gabriel dos Santos, 196, 214",Sé,,BIR,,,,,2025-01-17,
INCERTO·sem dono,INCERTO,,Rua Mauá - Vila Inglesa,Sé,,BIR,,,Transferido em Junho de 2025,nao,2025-06-02,
INCERTO·sem dono,INCERTO,,Rua Mauá - Vila Inglesa,Sé,,BIR,,,Transferido em Junho de 2025,nao,2025-06-03,
INCERTO·sem dono,INCERTO,,Rua Mauá - Vila Inglesa,Sé,,BIR,,,Transferido em Junho de 2025,nao,2025-07-14,
INCERTO·sem dono,INCERTO,Praça João Mendes,,Sé,,tombado,municipal,,,,2007-07-25,
INCERTO·sem dono,INCERTO,Chácara das Jabuticabeiras / Aue - Área de Urbanização Especial,Rua Cel. Artur Godoi,Vila Mariana,,tombado,municipal,,,,2022-11-11,
INCERTO·sem dono,INCERTO,Chácara das Jabuticabeiras / Aue - Área de Urbanização Especial,Praça Arquimedes da Silva,Vila Mariana,,tombado,municipal,,,,2022-11-11,
INCERTO·sem dono,INCERTO,Chácara das Jabuticabeiras / Aue - Área de Urbanização Especial,Praça Damásio Paulo,Vila Mariana,,tombado,municipal,,,,2022-11-11,
INCERTO·sem dono,INCERTO,Chácara das Jabuticabeiras / Aue - Área de Urbanização Especial,Rua Benito Juarez,Vila Mariana,,tombado,municipal,,,,2022-11-11,
INCERTO·sem dono,INCERTO,Chácara das Jabuticabeiras / Aue - Área de Urbanização Especial,Rua Dr. Fabrício Vampré,Vila Mariana,,tombado,municipal,,,,2022-11-11,
