segmento,estado_venda,nome_bem,endereco_mestre,distrito,proprietario,tipo_zepec,esfera,m2_ja_transferido,status_fundurb,intercorrencia_fundurb,data_ref,sql_mestre
INTACTO·com dono,INTACTO,Bairro da Bela Vista,"Rua Martiniano de Carvalho, 60, 114, 156, 170",Bela Vista,PROVINCIA CARMELITANA DE SANTO ELIAS,BIR/tombado,municipal,,,,2024-02-01,0090320447
INTACTO·com dono,INTACTO,Estação Júlio Prestes,"Rua Mauá, 51",Bom Retiro,FUNDAÇÃO ORQUESTRA SINFONICA DO EST.  DE SAO PAULO,BIR/tombado,municipal+estadual+federal,,,,2021-12-22,0080390048
INTACTO·com dono,INTACTO,Antigo Moinho Matarazzo,"Rua do Bucolismo, 77",Brás,BTK PRODUCAO E ENTRETENIMENTO LTDA,BIR/tombado,municipal+estadual,,,,2016-07-23,0020400001
INTACTO·com dono,INTACTO,Colégio São Francisco Xavier,"Rua Moreira e Costa, 531, 555",Ipiranga,ASSOCIACAO NOBREGA DE EDUCACAO E ASSISTENCIA S,BIR/tombado,municipal,,,,2018-07-11,0400960031
INTACTO·com dono,INTACTO,"Jardins: Paulista, Paulistano, América e Europa/ Clube Atlético Paulistano: Ginásio de Esportes / Projeto Arquiteto Paulo Mendes da Rocha / Jardim América","Rua Honduras, 1300, 1400",Jardim Paulista,CLUBE ATLETICO PAULISTANO,BIR/tombado,municipal,,,,2025-01-20,0140230001
INTACTO·com dono,INTACTO,Antigo Conjunto de Depósitos Para Café / Ceagesp,"Rua Borges de Figueiredo, 1098, 1250",Mooca,ATENAS COMUNICAÇÃO LTDA,BIR/tombado,municipal,,,,2017-04-08,0280460069
INTACTO·com dono,INTACTO,Casa Sede da Antiga Fazenda do Morumbi,"Avenida Morumbi, 5594",Morumbi,"BEST GROUP PRODUCOES ARTISTICAS, EVENTOS E PARTICIPACOES LTD",BIR/tombado,municipal,,,,2021-04-16,1231940002
INTACTO·com dono,INTACTO,Bairro de Perdizes / Edificação Na Rua Cardoso de Almeida 541,"Rua Cardoso de Almeida, 541",Perdizes,ASSOC STA MARCELINA COLEGIO SANTA MARCELINA,BIR/tombado,municipal,,,,2024-04-22,0200810180
INTACTO·com dono,INTACTO,Imóveis Indicados Como Zepec Na Subprefeitura da Lapa / Conjunto Arquitetônico do Sesc Pompeia,"Rua Clélia, 93",Perdizes,SERVICO SOCIAL DO COMERCIO - SESC - ADMINISTRA,BIR/tombado,municipal+federal,,,,2016-06-10,0220210031
INTACTO·com dono,INTACTO,Bairro da Bela Vista,"Praça de Bandeira, 137",República,REVITALIZA CENTRO LTDA,BIR/tombado,municipal,,,,2016-06-10,0050160034
INTACTO·com dono,INTACTO,Bairro da Bela Vista,"Avenida Brigadeiro Luís Antônio, 274, 278, 282",República,ASSOCIACAO PAULISTA DE MEDICINA,BIR/tombado,municipal,,,,2019-12-10,0050240003
INTACTO·com dono,INTACTO,Bairro da Bela Vista,"Avenida Brigadeiro Luis Antonio, 411, 435",República,T4F ENTRETENIMENTO S.A,BIR/tombado,municipal,,,,2021-06-12,0050350772
INTACTO·com dono,INTACTO,Fachada Remanescente do Teatro Cultura Artística / Afresco de di Cavalcanti e Acervo Documental,"Rua Nestor Pestana, 196, 202, 246, 252",República,ASSOCIAÇÃO SOCIEDADE DE CULTURA ARTÍSTICA,BIR/tombado,municipal+estadual+federal,,,,2024-04-29,0060121019
INTACTO·com dono,INTACTO,Área do Centro Velho / Área de Interesse Arqueológico,"Rua Roberto Simonsen, 97, 101",República,SKY ARTS EVENTOS CULTURAIS LTDA,BIR/tombado,municipal,,,,2021-07-27,0020680006
INTACTO·com dono,INTACTO,Banespa / Edifício Altino Arantes / Área do Anhangabaú,"Rua João Brícola, 24",Sé,BANCO SANTANDER (BRASIL) S/A,BIR/tombado,municipal+estadual,,,,2023-10-09,0010740002
INTACTO·com dono,INTACTO,Vila Inglesa / Vila dos Ingleses,"Rua Mauá, 836, 842, 45",Sé,GRUPO CUCO LAB. DE MARKETING EXPERIMENTAL LTDA,BIR/tombado,municipal+estadual+federal,,,,2023-05-22,0010230177
INTACTO·com dono,INTACTO,Área do Anhangabaú,"Praça Antônio Prado, 48, 37, 43",Sé,"B3 S.A - BRASIL, BOLSA, BALCAO",BIR/tombado,municipal,,,,2024-07-04,0010630052
INTACTO·com dono,INTACTO,Área do Anhangabaú / Edifício Bovespa,"Rua Quinze de Novembro, 275, 289",Sé,"B3 S.A. BRASIL, BOLSA, BALCÃO",BIR/tombado,municipal,,,,2022-01-27,0010820015
INTACTO·com dono,INTACTO,Área do Centro Velho / Área de Interesse Arqueológico,"Rua Venceslaeu Brás, 61, 67",Sé,SUPER GESTÃO CULTURAL EVENTOS LTDA,BIR/tombado,municipal,,,,2021-07-30,0020680011
INTACTO·sem dono,INTACTO,Bairro de Perdizes / Edificação Na Rua Dona Germaine Burchard 458,"Rua Dona Germanie Burchard, 458",Barra Funda,,BIR/tombado,municipal,,,,2023-08-16,0210280059
INTACTO·sem dono,INTACTO,"Bairro de Perdizes / Edificação Na Rua Doutor Cândido Espinheira 445, 449","Rua Dr Cândido Espinheira, 449",Barra Funda,,BIR/tombado,municipal,,,,2023-08-16,0200670033
INTACTO·sem dono,INTACTO,Bairro de Perdizes / Edificação Na Rua Parintins,"Rua Parintins, 120",Barra Funda,,BIR/tombado,municipal,,,,2023-10-09,0200360016
INTACTO·sem dono,INTACTO,,"Alameda Rio Claro, 191",Bela Vista,,BIR,,,,,2025-01-17,0090160031
INTACTO·sem dono,INTACTO,,"Alameda Rio Claro, 191",Bela Vista,,BIR,,,,,2025-01-17,0090160032
INTACTO·sem dono,INTACTO,,"Rua Treze de Maio, 724",Bela Vista,,BIR,,,,,2024-01-17,0090211482
INTACTO·sem dono,INTACTO,,"Rua Pamplona, 145",Bela Vista,,BIR,,,,,2024-04-29,0090161113
INTACTO·sem dono,INTACTO,Bairro da Bela Vista,"Alameda Joaquim Eugênio de Lima, 164",Bela Vista,,BIR/tombado,municipal,,,,2014-07-29,0090190006
INTACTO·sem dono,INTACTO,Bairro da Bela Vista,"Rua dos Franceses, 324",Bela Vista,,BIR/tombado,municipal,,,,2016-04-20,0090190033
INTACTO·sem dono,INTACTO,Bairro da Bela Vista,"Rua Treze de Maio, 734",Bela Vista,,BIR/tombado,municipal,,,,2017-01-13,0090210039
INTACTO·sem dono,INTACTO,Bairro da Bela Vista,"Rua Silvia, 203, 4",Bela Vista,,BIR/tombado,municipal,,,,2018-07-28,0090170056
INTACTO·sem dono,INTACTO,Bairro da Bela Vista,"Rua Treze de Maio, 692",Bela Vista,,BIR/tombado,municipal,,,,2019-09-11,0090210044
INTACTO·sem dono,INTACTO,Bairro da Bela Vista,"Rua dos Ingleses, 150",Bela Vista,,BIR/tombado,municipal,,,,2019-09-28,0090200026
INTACTO·sem dono,INTACTO,Bairro da Bela Vista,"Rua Treze de Maio, 695",Bela Vista,,BIR/tombado,municipal,,,,2019-09-10,0090220021
INTACTO·sem dono,INTACTO,Bairro da Bela Vista,"Rua Treze de Maio, 612, 614, 616",Bela Vista,,BIR/tombado,municipal,,,,2020-01-09,0090210055
INTACTO·sem dono,INTACTO,Bairro da Bela Vista,"Avenida Brigadeiro Luís Antônio, 1278",Bela Vista,,BIR/tombado,municipal,,,,2019-12-14,0090420025
INTACTO·sem dono,INTACTO,Bairro da Bela Vista,"Rua Treze de Maio, 681, 689, 691",Bela Vista,,BIR/tombado,municipal,,,,2020-01-18,0090220020
INTACTO·sem dono,INTACTO,Bairro da Bela Vista,"Rua Almirante Marques de Leão, 723",Bela Vista,,BIR/tombado,municipal,,,,2020-02-01,0090190067
INTACTO·sem dono,INTACTO,Bairro da Bela Vista,"Rua Maestro Cardim, 601, 01, 01A",Bela Vista,,BIR/tombado,municipal,,,,2020-03-31,0380030006
INTACTO·sem dono,INTACTO,Bairro da Bela Vista,"Rua Maestro Cardim, 601, 02, 02A",Bela Vista,,BIR/tombado,municipal,,,,2020-03-31,0380030007
INTACTO·sem dono,INTACTO,Bairro da Bela Vista,"Rua Maestro Cardim, 601, 03, 03A",Bela Vista,,BIR/tombado,municipal,,,,2020-07-29,0380030008
INTACTO·sem dono,INTACTO,Bairro da Bela Vista,"Rua Maestro Cardim, 601, 05",Bela Vista,,BIR/tombado,municipal,,,,2020-03-31,0380030010
INTACTO·sem dono,INTACTO,Bairro da Bela Vista,"Rua Maestro Cardim, 607",Bela Vista,,BIR/tombado,municipal,,,,2020-03-31,0380030012
INTACTO·sem dono,INTACTO,Bairro da Bela Vista,"Rua Maestro Cardim, 609",Bela Vista,,BIR/tombado,municipal,,,,2020-03-31,0380030013
INTACTO·sem dono,INTACTO,Bairro da Bela Vista,"Rua Maestro Cardim, 601, 04, 04A",Bela Vista,,BIR/tombado,municipal,,,,2020-03-31,0380030009
INTACTO·sem dono,INTACTO,Bairro da Bela Vista,"Rua Martiniano de Carvalho, 951",Bela Vista,,BIR/tombado,municipal,,,,2020-04-01,0380020016
INTACTO·sem dono,INTACTO,Bairro da Bela Vista,"Rua Martiniano de Carvalho, 325",Bela Vista,,BIR/tombado,municipal+estadual,,,,2023-11-28,0330080018
INTACTO·sem dono,INTACTO,Bairro da Bela Vista,"Rua Major Diogo, 580, 582, 588",Bela Vista,,BIR/tombado,municipal,,,,2020-08-15,0090080019
INTACTO·sem dono,INTACTO,Bairro da Bela Vista,"Rua Conselheiro Carrão, 640",Bela Vista,,BIR/tombado,municipal,,,,2023-10-30,0090990001
INTACTO·sem dono,INTACTO,Bairro da Bela Vista,"Rua Martiniano de Carvalho, 247, 249, 253",Bela Vista,,BIR/tombado,municipal+estadual,,,,2022-03-10,0330070003
INTACTO·sem dono,INTACTO,Bairro da Bela Vista,"Rua Martiniano de Carvalho, 243, 245",Bela Vista,,BIR/tombado,municipal+estadual,,,,2022-03-10,0330070004
INTACTO·sem dono,INTACTO,Bairro da Bela Vista,"Rua Martiniano de Carvalho, 233",Bela Vista,,BIR/tombado,municipal+estadual,,,,2022-03-10,0330070005
INTACTO·sem dono,INTACTO,Bairro da Bela Vista,"Rua Martiniano de Carvalho, 368",Bela Vista,,BIR/tombado,municipal,,,,2023-05-09,0090440018
INTACTO·sem dono,INTACTO,Bairro da Bela Vista,"Rua Major Diogo, 616",Bela Vista,,BIR/tombado,municipal,,,,2023-11-01,0090080023
INTACTO·sem dono,INTACTO,Bairro da Bela Vista,"Rua dos Franceses, 518",Bela Vista,,BIR/tombado,municipal,,,,2023-10-06,0090190024
INTACTO·sem dono,INTACTO,Bairro da Bela Vista,"Rua dos Ingleses, 160",Bela Vista,,BIR/tombado,municipal,,,,2023-10-30,0090200025
INTACTO·sem dono,INTACTO,Bairro da Bela Vista,"Alameda Joaquim Eugenio de Lima, 155",Bela Vista,,BIR/tombado,municipal,,,,2024-05-14,0090511589
INTACTO·sem dono,INTACTO,Bairro da Bela Vista,"Rua dos Ingleses, 267",Bela Vista,,BIR/tombado,municipal,,,,2024-06-07,0090380079
INTACTO·sem dono,INTACTO,Bairro da Bela Vista,"Rua Almirante Marques de Leão, 815",Bela Vista,,BIR/tombado,municipal,,,,2024-06-19,0090190083
INTACTO·sem dono,INTACTO,Bairro da Bela Vista,"Rua Asdrubal do Nascimento, 450, 454",Bela Vista,,BIR/tombado,municipal,,,,2024-08-23,0050350058
INTACTO·sem dono,INTACTO,Bairro da Bela Vista,"Avenida Brigadeiro Luis Antônio, 1424, 1432",Bela Vista,,BIR/tombado,municipal,,,,2024-10-14,0090410026
INTACTO·sem dono,INTACTO,Bairro da Bela Vista,"Avenida Brigadeiro Luis Antônio, 1434, 1444",Bela Vista,,BIR/tombado,municipal,,,,2024-10-25,0090410027
INTACTO·sem dono,INTACTO,Bairro da Bela Vista,"Rua Doutor Seng, 52",Bela Vista,,BIR/tombado,municipal,,,,2025-02-12,0090180088
INTACTO·sem dono,INTACTO,Bairro da Bela Vista,"Rua Doutor Seng, 42",Bela Vista,,BIR/tombado,municipal,,,,2025-03-19,0090180086
INTACTO·sem dono,INTACTO,Balões da Comgás / Complexo do Antigo Gasômetro,"Rua Capitão Faustino de Lima, 134",Brás,,BIR/tombado,municipal+estadual,,,,2016-07-23,0030100055
INTACTO·sem dono,INTACTO,Fábrica Labor,"Rua da Mooca, 775, 669, 815",Brás,,BIR/tombado,municipal+estadual,,,,2020-03-12,0030450043
INTACTO·sem dono,INTACTO,Fábrica Labor,"Rua da Mooca, 775, 669, 815",Brás,,BIR/tombado,municipal+estadual,,,,2020-03-12,0030450044
INTACTO·sem dono,INTACTO,Moinho Matarazzo e Tecelagem Mariângela,"Rua Monsenhor de Andrade, 399",Brás,,BIR/tombado,municipal+estadual,,,,2023-10-09,0020470043
INTACTO·sem dono,INTACTO,Residência Boris Fausto / Sérgio Ferro / 1961,"Rua Gaspar Moreira, 309",Butantã,,BIR/tombado,municipal,,,,2016-06-10,2000280018
INTACTO·sem dono,INTACTO,Antiga Residência de Anna Osório e Alfredo José Teixeira,"Rua Bela Cintra, 954",Consolação,,BIR/tombado,municipal,,,,2025-02-10,0100500033
INTACTO·sem dono,INTACTO,Asilo dos Expostos / Unidade Sampaio Viana da Febem / Fundação Faculdade de Medicina / Pacaembu e Perdizes,"Rua Angatuba, 756",Consolação,,BIR/tombado,municipal+estadual,,,,2015-11-14,0111440039
INTACTO·sem dono,INTACTO,Bairro de Higienópolis / Residência Na Rua Maranhão 341 / Tfp,"Rua Maranhão, 341",Consolação,,BIR/tombado,municipal+estadual,,,,2015-06-12,0100040062
INTACTO·sem dono,INTACTO,Complexo Hospitalar da Santa Casa de Misericórdia - Ambulatório Pavilhão Conde de Lara (np2),"Rua Dr Cesário Mota Jr., 112",Consolação,,BIR/tombado,municipal+estadual,,,,2017-06-10,0070460001
INTACTO·sem dono,INTACTO,"Instituto de Filosofia Ciências e Letras ""sedes Sapientiae""","Rua Marques de Paranaguá, 111",Consolação,,BIR/tombado,municipal+estadual,,,,2017-09-12,0100140323
INTACTO·sem dono,INTACTO,Vila Penteado / Fau Maranhão,"Rua Maranhão, 88",Consolação,,BIR/tombado,municipal+estadual,,,,2020-05-05,0100030026
INTACTO·sem dono,INTACTO,,"Rua Dr Mário Vicente, 1108",Ipiranga,,BIR,,,,,2022-08-16,0401990205
INTACTO·sem dono,INTACTO,Conjunto de Imóveis No Bairro do Ipiranga,"Rua Xavier Curado, 42",Ipiranga,,BIR/tombado,municipal,,,,2019-06-12,0400740039
INTACTO·sem dono,INTACTO,Conjunto de Imóveis No Bairro do Ipiranga,"Rua Labatut, 781",Ipiranga,,BIR/tombado,municipal,,,,2021-01-28,0500080025
INTACTO·sem dono,INTACTO,Conjunto de Imóveis No Bairro do Ipiranga,"Rua Cipriano Barata, 1962, 1964, 1986, 332, 340",Ipiranga,,BIR/tombado,municipal,,,,2024-11-13,0400880053
INTACTO·sem dono,INTACTO,Conjunto de Imóveis No Bairro do Ipiranga / Conjunto de Casas Geminadas,"Rua Jorge Moreira, 62",Ipiranga,,BIR/tombado,municipal,,,,2021-05-21,0350640005
INTACTO·sem dono,INTACTO,Instituto Cristóvão Colombo / Seminário João Xxiii,"Rua Dr Mário Vicente, 1108",Ipiranga,,BIR/tombado,municipal,,,,2022-08-16,0401990202
INTACTO·sem dono,INTACTO,Instituto Cristóvão Colombo / Seminário João Xxiii,"Rua Dr Mário Vicente, 1108",Ipiranga,,BIR/tombado,municipal,,,,2022-08-16,0401990203
INTACTO·sem dono,INTACTO,Instituto Cristóvão Colombo / Seminário João Xxiii,"Rua Dr Mário Vicente, 1108",Ipiranga,,BIR/tombado,municipal,,,,2022-08-16,0401990204
INTACTO·sem dono,INTACTO,Instituto Cristóvão Colombo / Seminário João Xxiii,"Rua Dr Mário Vicente, 1108",Ipiranga,,BIR/tombado,municipal,,,,2022-08-16,0401990206
INTACTO·sem dono,INTACTO,Instituto Cristóvão Colombo / Seminário João Xxiii,"Rua Dr Mário Vicente, 1108",Ipiranga,,BIR/tombado,municipal,,,,2022-08-16,0401990207
INTACTO·sem dono,INTACTO,Instituto Cristóvão Colombo / Seminário João Xxiii,"Rua Dr Mário Vicente, 1108",Ipiranga,,BIR/tombado,municipal,,,,2022-08-16,0401990209
INTACTO·sem dono,INTACTO,Instituto Cristóvão Colombo / Seminário João Xxiii,"Rua Dr Mário Vicente, 1108",Ipiranga,,BIR/tombado,municipal,,,,2022-08-16,0401990210
INTACTO·sem dono,INTACTO,Residências à Rua Bom Pastor e Costa Aguiar / Edificações da Família Jafet,"Rua Bom Pastor, 825",Ipiranga,,BIR/tombado,municipal,,,,2012-04-05,0400560001
INTACTO·sem dono,INTACTO,Residências à Rua Bom Pastor e Costa Aguiar / Edificações da Família Jafet,"Rua Costa Aguiar, 1013",Ipiranga,,BIR/tombado,municipal,,,,2013-11-20,0400510004
INTACTO·sem dono,INTACTO,Residências à Rua Bom Pastor e Costa Aguiar / Edificações da Família Jafet,"Rua Bom Pastor, 801",Ipiranga,,BIR/tombado,municipal,,,,2014-05-31,0400500007
INTACTO·sem dono,INTACTO,Colégio Dante Alighieri / Edifícios Leonardo da Vinci e Colmeia e Pátio Existente Entre os Dois Prédios),"Alameda Jaú, 1061",Jardim Paulista,,BIR/tombado,municipal+estadual,,,,2018-06-09,0100900001
INTACTO·sem dono,INTACTO,"Jardins: Paulista, Paulistano, América e Europa / Igreja Nossa Senhora do Brasil / Jardim América","Praça Nossa Senhora do Brasil, 512",Jardim Paulista,,BIR/tombado,municipal,,,,2024-08-23,0130740001
INTACTO·sem dono,INTACTO,Asilo do Jaçanã / Hospital Geriátrico e de Convalescente Dom Pedro Ii,"Avenida Luís Stamatis, 103, 130",Jaçanã,,BIR/tombado,municipal,,,,2019-09-11,0674560032
INTACTO·sem dono,INTACTO,Hospital São Luís Gonzaga / Irmandade da Santa Casa de Misericórdia de São Paulo,"Rua Michel Ouchana, 94, 194",Jaçanã,,BIR/tombado,municipal,,,,2019-06-18,0674730002
INTACTO·sem dono,INTACTO,Fábrica Companhia Melhoramentos / Imóveis Indicados Como Zepec Na Subprefeitura da Lapa,"Rua Tito, 479",Lapa,,BIR/tombado,municipal,,,,2016-06-18,0230740001
INTACTO·sem dono,INTACTO,,"Rua do Lavapés, 318, 320",Liberdade,,BIR,,,,,2020-06-09,0330400033
INTACTO·sem dono,INTACTO,Caminho Histórico Glória-lavapés / Igepac Liberdade 2,"Rua do Lavapés, 336, 342",Liberdade,,BIR/tombado,municipal,,,,2020-06-06,0330390036
INTACTO·sem dono,INTACTO,Caminho Histórico Glória-lavapés / Igepac Liberdade 2,"Rua do Lavapés, 350, 354",Liberdade,,BIR/tombado,municipal,,,,2020-06-06,0330390038
INTACTO·sem dono,INTACTO,Conjunto São Joaquim – Pirapitingui / Igepac Liberdade,"Rua São Joaquim, 381",Liberdade,,BIR/tombado,municipal,,,,2020-09-17,0330210417
INTACTO·sem dono,INTACTO,Eixo Liberdade-vergueiro / Igepac Liberdade,"Avenida da Liberdade, 688, 692, 698, 702",Liberdade,,BIR/tombado,municipal,,,,2023-10-06,0050870017
INTACTO·sem dono,INTACTO,,"Rua Gaivota, 1447",Moema,,BIR,,,,,2015-06-27,0412720008
INTACTO·sem dono,INTACTO,,"Rua Gaivota, 1451",Moema,,BIR,,,,,2015-06-27,0412720009
INTACTO·sem dono,INTACTO,Casas a Rua Normandia e Rua Gaivota / Projeto Roberto Frade Monte / 1953,"Rua Normandia, 91",Moema,,BIR/tombado,municipal,,,,2015-07-01,0412730016
INTACTO·sem dono,INTACTO,Casas a Rua Normandia e Rua Gaivota / Projeto Roberto Frade Monte / 1953,"Rua Normandia, 38",Moema,,BIR/tombado,municipal,,,,2015-07-01,0412720031
INTACTO·sem dono,INTACTO,Casas a Rua Normandia e Rua Gaivota / Projeto Roberto Frade Monte / 1953,"Rua Normandia, 22",Moema,,BIR/tombado,municipal,,,,2015-07-01,0412720034
INTACTO·sem dono,INTACTO,Casas a Rua Normandia e Rua Gaivota / Projeto Roberto Frade Monte / 1953,"Rua Normandia, 97",Moema,,BIR/tombado,municipal,,,,2015-07-01,0412730018
INTACTO·sem dono,INTACTO,Casas a Rua Normandia e Rua Gaivota / Projeto Roberto Frade Monte / 1953,"Rua Normandia, 18",Moema,,BIR/tombado,municipal,,,,2015-07-01,0412720035
INTACTO·sem dono,INTACTO,Casas a Rua Normandia e Rua Gaivota / Projeto Roberto Frade Monte / 1953,"Rua Normandia, 17",Moema,,BIR/tombado,municipal,,,,2015-07-01,0412730026
INTACTO·sem dono,INTACTO,Casas a Rua Normandia e Rua Gaivota / Projeto Roberto Frade Monte / 1953,"Rua Normandia, 90",Moema,,BIR/tombado,municipal,,,,2015-07-03,0412720022
INTACTO·sem dono,INTACTO,Casas a Rua Normandia e Rua Gaivota / Projeto Roberto Frade Monte / 1953,"Rua Normandia, 86",Moema,,BIR/tombado,municipal,,,,2015-07-03,0412720023
INTACTO·sem dono,INTACTO,Casas a Rua Normandia e Rua Gaivota / Projeto Roberto Frade Monte / 1953,"Rua Normandia, 12",Moema,,BIR/tombado,municipal,,,,2015-07-03,0412720036
INTACTO·sem dono,INTACTO,Casas a Rua Normandia e Rua Gaivota / Projeto Roberto Frade Monte / 1953,"Rua Normandia, 66",Moema,,BIR/tombado,municipal,,,,2015-07-03,0412720026
INTACTO·sem dono,INTACTO,Casas a Rua Normandia e Rua Gaivota / Projeto Roberto Frade Monte / 1953,"Rua Normandia, 60",Moema,,BIR/tombado,municipal,,,,2015-07-03,0412720027
INTACTO·sem dono,INTACTO,Casas a Rua Normandia e Rua Gaivota / Projeto Roberto Frade Monte / 1953,"Rua Normandia, 76",Moema,,BIR/tombado,municipal,,,,2015-07-03,0412720024
INTACTO·sem dono,INTACTO,Casas a Rua Normandia e Rua Gaivota / Projeto Roberto Frade Monte / 1953,"Rua Gaivota, 1409",Moema,,BIR/tombado,municipal,,,,2015-06-27,0412720001
INTACTO·sem dono,INTACTO,Casas a Rua Normandia e Rua Gaivota / Projeto Roberto Frade Monte / 1953,"Rua Gaivota, 1415",Moema,,BIR/tombado,municipal,,,,2015-06-27,0412720002
INTACTO·sem dono,INTACTO,Casas a Rua Normandia e Rua Gaivota / Projeto Roberto Frade Monte / 1953,"Rua Gaivota, 1419",Moema,,BIR/tombado,municipal,,,,2015-06-27,0412720003
INTACTO·sem dono,INTACTO,Casas a Rua Normandia e Rua Gaivota / Projeto Roberto Frade Monte / 1953,"Rua Gaivota, 1423",Moema,,BIR/tombado,municipal,,,,2015-06-27,0412720004
INTACTO·sem dono,INTACTO,Casas a Rua Normandia e Rua Gaivota / Projeto Roberto Frade Monte / 1953,"Rua Gaivota, 1429",Moema,,BIR/tombado,municipal,,,,2015-06-27,0412720005
INTACTO·sem dono,INTACTO,Casas a Rua Normandia e Rua Gaivota / Projeto Roberto Frade Monte / 1953,"Rua Gaivota, 1433",Moema,,BIR/tombado,municipal,,,,2015-06-27,0412720006
INTACTO·sem dono,INTACTO,Casas a Rua Normandia e Rua Gaivota / Projeto Roberto Frade Monte / 1953,"Rua Gaivota, 1441",Moema,,BIR/tombado,municipal,,,,2015-06-27,0412720007
INTACTO·sem dono,INTACTO,Casas a Rua Normandia e Rua Gaivota / Projeto Roberto Frade Monte / 1953,"Rua Gaivota, 1457",Moema,,BIR/tombado,municipal,,,,2015-06-27,0412720010
INTACTO·sem dono,INTACTO,Casas a Rua Normandia e Rua Gaivota / Projeto Roberto Frade Monte / 1953,"Rua Gaivota, 1461",Moema,,BIR/tombado,municipal,,,,2015-06-27,0412720011
INTACTO·sem dono,INTACTO,Casas a Rua Normandia e Rua Gaivota / Projeto Roberto Frade Monte / 1953,"Rua Gaivota, 1467",Moema,,BIR/tombado,municipal,,,,2015-06-27,0412720012
INTACTO·sem dono,INTACTO,Casas a Rua Normandia e Rua Gaivota / Projeto Roberto Frade Monte / 1953,"Rua Gaivota, 1471",Moema,,BIR/tombado,municipal,,,,2015-06-27,0412720013
INTACTO·sem dono,INTACTO,Casas a Rua Normandia e Rua Gaivota / Projeto Roberto Frade Monte / 1953,"Rua Gaivota, 1481",Moema,,BIR/tombado,municipal,,,,2015-06-27,0412720014
INTACTO·sem dono,INTACTO,Casas a Rua Normandia e Rua Gaivota / Projeto Roberto Frade Monte / 1953,"Rua Gaivota, 1487",Moema,,BIR/tombado,municipal,,,,2015-06-27,0412720015
INTACTO·sem dono,INTACTO,Casas a Rua Normandia e Rua Gaivota / Projeto Roberto Frade Monte / 1953,"Rua Gaivota, 1493",Moema,,BIR/tombado,municipal,,,,2015-06-27,0412720016
INTACTO·sem dono,INTACTO,Casas a Rua Normandia e Rua Gaivota / Projeto Roberto Frade Monte / 1953,"Rua Gaivota, 1497",Moema,,BIR/tombado,municipal,,,,2015-06-27,0412720017
INTACTO·sem dono,INTACTO,Casas a Rua Normandia e Rua Gaivota / Projeto Roberto Frade Monte / 1953,"Rua Gaivota, 1501",Moema,,BIR/tombado,municipal,,,,2015-06-27,0412720018
INTACTO·sem dono,INTACTO,Casas a Rua Normandia e Rua Gaivota / Projeto Roberto Frade Monte / 1953,"Rua Normandia, 103",Moema,,BIR/tombado,municipal,,,,2015-07-29,0412730019
INTACTO·sem dono,INTACTO,Casas a Rua Normandia e Rua Gaivota / Projeto Roberto Frade Monte / 1953,"Rua Normandia, 65",Moema,,BIR/tombado,municipal,,,,2015-07-03,0412730011
INTACTO·sem dono,INTACTO,Casas a Rua Normandia e Rua Gaivota / Projeto Roberto Frade Monte / 1953,"Rua Normandia, 23",Moema,,BIR/tombado,municipal,,,,2015-07-03,0412730027
INTACTO·sem dono,INTACTO,Casas a Rua Normandia e Rua Gaivota / Projeto Roberto Frade Monte / 1953,"Rua Normandia, 13",Moema,,BIR/tombado,municipal,,,,2015-07-29,0412730025
INTACTO·sem dono,INTACTO,Casas a Rua Normandia e Rua Gaivota / Projeto Roberto Frade Monte / 1953,"Rua Normandia, 25",Moema,,BIR/tombado,municipal,,,,2015-07-03,0412730028
INTACTO·sem dono,INTACTO,Casas a Rua Normandia e Rua Gaivota / Projeto Roberto Frade Monte / 1953,"Rua Normandia, 31",Moema,,BIR/tombado,municipal,,,,2015-07-31,0412730029
INTACTO·sem dono,INTACTO,Casas a Rua Normandia e Rua Gaivota / Projeto Roberto Frade Monte / 1953,"Rua Normandia, 85",Moema,,BIR/tombado,municipal,,,,2015-07-31,0412730015
INTACTO·sem dono,INTACTO,Casas a Rua Normandia e Rua Gaivota / Projeto Roberto Frade Monte / 1953,"Rua Normandia, 57",Moema,,BIR/tombado,municipal,,,,2015-07-30,0412730009
INTACTO·sem dono,INTACTO,Casas a Rua Normandia e Rua Gaivota / Projeto Roberto Frade Monte / 1953,"Rua Normandia, 71",Moema,,BIR/tombado,municipal,,,,2015-07-30,0412730012
INTACTO·sem dono,INTACTO,Casas a Rua Normandia e Rua Gaivota / Projeto Roberto Frade Monte / 1953,"Rua Normandia, 93",Moema,,BIR/tombado,municipal,,,,2015-07-30,0412730017
INTACTO·sem dono,INTACTO,Casas a Rua Normandia e Rua Gaivota / Projeto Roberto Frade Monte / 1953,"Rua Normandia, 75",Moema,,BIR/tombado,municipal,,,,2015-07-30,0412730014
INTACTO·sem dono,INTACTO,Casas a Rua Normandia e Rua Gaivota / Projeto Roberto Frade Monte / 1953,"Rua Normandia, 47",Moema,,BIR/tombado,municipal,,,,2015-07-30,0412730007
INTACTO·sem dono,INTACTO,Casas a Rua Normandia e Rua Gaivota / Projeto Roberto Frade Monte / 1953,"Rua Normandia, 42",Moema,,BIR/tombado,municipal,,,,2015-07-31,0412720030
INTACTO·sem dono,INTACTO,Casas a Rua Normandia e Rua Gaivota / Projeto Roberto Frade Monte / 1953,"Rua Normandia, 98",Moema,,BIR/tombado,municipal,,,,2015-07-31,0412720020
INTACTO·sem dono,INTACTO,Casas a Rua Normandia e Rua Gaivota / Projeto Roberto Frade Monte / 1953,"Rua Normandia, 32",Moema,,BIR/tombado,municipal,,,,2015-07-31,0412720032
INTACTO·sem dono,INTACTO,Casas a Rua Normandia e Rua Gaivota / Projeto Roberto Frade Monte / 1953,"Rua Normandia, 92",Moema,,BIR/tombado,municipal,,,,2015-07-31,0412720021
INTACTO·sem dono,INTACTO,Casas a Rua Normandia e Rua Gaivota / Projeto Roberto Frade Monte / 1953,"Rua Normandia, 52",Moema,,BIR/tombado,municipal,,,,2015-07-31,0412720029
INTACTO·sem dono,INTACTO,Casas a Rua Normandia e Rua Gaivota / Projeto Roberto Frade Monte / 1953,"Rua Normandia, 102",Moema,,BIR/tombado,municipal,,,,2015-07-31,0412720019
INTACTO·sem dono,INTACTO,Casas a Rua Normandia e Rua Gaivota / Projeto Roberto Frade Monte / 1953,"Rua Normandia, 56",Moema,,BIR/tombado,municipal,,,,2015-07-31,0412720028
INTACTO·sem dono,INTACTO,Antigo Conjunto Grandes Moinhos Minetti Gamba,"Rua Borges de Figueiredo, 510",Mooca,,BIR/tombado,municipal+estadual,,,,2024-02-01,0280460112
INTACTO·sem dono,INTACTO,Antigo Conjunto de Depósitos Para Café / Ceagesp,"Rua Borges de Figueiredo, 1098, 1250",Mooca,,BIR/tombado,municipal,,,,2017-04-08,0280460057
INTACTO·sem dono,INTACTO,Antigo Conjunto de Depósitos Para Café / Ceagesp,"Rua Borges de Figueiredo, 1098, 1250",Mooca,,BIR/tombado,municipal,,,,2017-04-08,0280460058
INTACTO·sem dono,INTACTO,Antigo Conjunto de Depósitos Para Café / Ceagesp,"Rua Borges de Figueiredo, 1098, 1250",Mooca,,BIR/tombado,municipal,,,,2017-04-08,0280460059
INTACTO·sem dono,INTACTO,Antigo Conjunto de Depósitos Para Café / Ceagesp,"Rua Borges de Figueiredo, 1098, 1250",Mooca,,BIR/tombado,municipal,,,,2017-04-08,0280460060
INTACTO·sem dono,INTACTO,Antigo Conjunto de Depósitos Para Café / Ceagesp,"Rua Borges de Figueiredo, 1098, 1250",Mooca,,BIR/tombado,municipal,,,,2017-04-08,0280460061
INTACTO·sem dono,INTACTO,Antigo Conjunto de Depósitos Para Café / Ceagesp,"Rua Borges de Figueiredo, 1098, 1250",Mooca,,BIR/tombado,municipal,,,,2017-04-08,0280460062
INTACTO·sem dono,INTACTO,Antigo Conjunto de Depósitos Para Café / Ceagesp,"Rua Borges de Figueiredo, 1098, 1250",Mooca,,BIR/tombado,municipal,,,,2017-04-08,0280460063
INTACTO·sem dono,INTACTO,Antigo Conjunto de Depósitos Para Café / Ceagesp,"Rua Borges de Figueiredo, 1098, 1250",Mooca,,BIR/tombado,municipal,,,,2017-04-08,0280460064
INTACTO·sem dono,INTACTO,Antigo Conjunto de Depósitos Para Café / Ceagesp,"Rua Borges de Figueiredo, 1098, 1250",Mooca,,BIR/tombado,municipal,,,,2017-04-08,0280460065
INTACTO·sem dono,INTACTO,Antigo Conjunto de Depósitos Para Café / Ceagesp,"Rua Borges de Figueiredo, 1098, 1250",Mooca,,BIR/tombado,municipal,,,,2017-04-08,0280460066
INTACTO·sem dono,INTACTO,Antigo Conjunto de Depósitos Para Café / Ceagesp,"Rua Borges de Figueiredo, 1098, 1250",Mooca,,BIR/tombado,municipal,,,,2017-04-08,0280460067
INTACTO·sem dono,INTACTO,Antigo Conjunto de Depósitos Para Café / Ceagesp,"Rua Borges de Figueiredo, 1098, 1250",Mooca,,BIR/tombado,municipal,,,,2017-04-08,0280460068
INTACTO·sem dono,INTACTO,Cotonifício Crespi,"Rua Javari, 403, 173",Mooca,,BIR/tombado,municipal,,,,2020-10-08,0280150007
INTACTO·sem dono,INTACTO,,"Rua Bento Frias, 223, 183",Morumbi,,BIR,,,,,2016-06-18,2000560004
INTACTO·sem dono,INTACTO,Casa Valéria Cirell / Casa Projetada Por Lina Bo Bardi / Edificações Modernas Indicadas Como Zepec,"Rua Brig. Armando Trompowsky, 65",Morumbi,,BIR/tombado,municipal,,,,2021-02-27,1231940014
INTACTO·sem dono,INTACTO,Bairro de Perdizes / Edificação Na Rua Cardoso de Almeida 1538,"Rua Cardoso de Almeida, 1538",Perdizes,,BIR/tombado,municipal,,,,2023-08-16,0210910037
INTACTO·sem dono,INTACTO,Bairro de Perdizes / Edificação Na Rua Cardoso de Almeida 586,"Rua Cardoso de Almeida, 586",Perdizes,,BIR/tombado,municipal,,,,2023-08-16,0210440052
INTACTO·sem dono,INTACTO,Bairro de Perdizes / Edificação Na Rua Ministro Godói 93,"Rua Ministro de Godoi, 101, 109",Perdizes,,BIR/tombado,municipal,,,,2023-08-16,0210140039
INTACTO·sem dono,INTACTO,Sumaré / Edifício da Antiga Tv Tupi /edifício Sede das Emissoras Associadas (mtv) / Quadro 6 / Edificações Modernas Indicadas Como Zepec,"Rua Professor Alfonso Bovero, 52",Perdizes,,BIR/tombado,municipal,,,,2025-02-12,0110080010
INTACTO·sem dono,INTACTO,,"Rua Benjamin Egas, 160, 182",Pinheiros,,BIR,,,,,2021-08-26,0150320008
INTACTO·sem dono,INTACTO,,"Rua Benjamim Egas, 160, 182",Pinheiros,,BIR,,,,,2021-08-26,0150320015
INTACTO·sem dono,INTACTO,,"Rua Mourato Coelho, 195, 217, 1638, 21",Pinheiros,,BIR,,,,,2019-06-19,0150210015
INTACTO·sem dono,INTACTO,,"Rua Mourato Coelho, 195, 217, 1638, 21",Pinheiros,,BIR,,,,,2019-06-19,0150210058
INTACTO·sem dono,INTACTO,,"Rua Antônio Bicudo, 157, 181, 261",Pinheiros,,BIR,,,,,2019-08-08,0150330029
INTACTO·sem dono,INTACTO,,"Rua Antônio Bicudo, 157, 181, 261",Pinheiros,,BIR,,,,,2019-08-08,0150330030
INTACTO·sem dono,INTACTO,,"Rua Antônio Bicudo, 157, 181, 261",Pinheiros,,BIR,,,,,2019-08-08,0150330031
INTACTO·sem dono,INTACTO,,"Rua Antônio Bicudo, 157, 181, 261",Pinheiros,,BIR,,,,,2019-08-08,0150330032
INTACTO·sem dono,INTACTO,,"Rua Antônio Bicudo, 157, 181, 261",Pinheiros,,BIR,,,,,2019-08-08,0150330033
INTACTO·sem dono,INTACTO,,"Rua Antônio Bicudo, 157, 181, 261",Pinheiros,,BIR,,,,,2019-08-08,0150330034
INTACTO·sem dono,INTACTO,,"Rua Antônio Bicudo, 157, 181, 261",Pinheiros,,BIR,,,,,2019-08-08,0150330035
INTACTO·sem dono,INTACTO,,"Rua Antônio Bicudo, 157, 181, 261",Pinheiros,,BIR,,,,,2019-08-08,0150330036
INTACTO·sem dono,INTACTO,,"Rua Antônio Bicudo, 157, 181, 261",Pinheiros,,BIR,,,,,2019-08-08,0150330037
INTACTO·sem dono,INTACTO,,"Rua Antônio Bicudo, 157, 181, 261",Pinheiros,,BIR,,,,,2019-08-08,0150330038
INTACTO·sem dono,INTACTO,,"Rua Antônio Bicudo, 157, 181, 261",Pinheiros,,BIR,,,,,2019-08-08,0150330039
INTACTO·sem dono,INTACTO,,"Rua Antônio Bicudo, 157, 181, 261",Pinheiros,,BIR,,,,,2019-08-08,0150330040
INTACTO·sem dono,INTACTO,,"Rua Antônio Bicudo, 157, 181, 261",Pinheiros,,BIR,,,,,2019-08-08,0150330048
INTACTO·sem dono,INTACTO,,"Rua Antônio Bicudo, 157, 181, 261",Pinheiros,,BIR,,,,,2019-08-08,0150330049
INTACTO·sem dono,INTACTO,,"Rua Antônio Bicudo, 157, 181, 261",Pinheiros,,BIR,,,,,2019-08-08,0150330050
INTACTO·sem dono,INTACTO,,"Rua Antônio Bicudo, 157, 181, 261",Pinheiros,,BIR,,,,,2019-08-08,0150330051
INTACTO·sem dono,INTACTO,,"Rua Antônio Bicudo, 157, 181, 261",Pinheiros,,BIR,,,,,2019-08-08,0150330052
INTACTO·sem dono,INTACTO,,"Rua Mourato Coelho, 299, 325",Pinheiros,,BIR,,,,,2020-06-20,0150200013
INTACTO·sem dono,INTACTO,,"Rua Benjamin Egas, 145, 167",Pinheiros,,BIR,,,,,2020-02-05,0150340037
INTACTO·sem dono,INTACTO,,"Rua Benjamin Egas, 145, 167",Pinheiros,,BIR,,,,,2020-02-05,0150340038
INTACTO·sem dono,INTACTO,,"Rua Benjamin Egas, 145, 167",Pinheiros,,BIR,,,,,2020-02-05,0150340039
INTACTO·sem dono,INTACTO,,"Rua Benjamin Egas, 145, 167",Pinheiros,,BIR,,,,,2020-02-05,0150340041
INTACTO·sem dono,INTACTO,,"Rua Benjamin Egas, 145, 167",Pinheiros,,BIR,,,,,2020-02-05,0150340042
INTACTO·sem dono,INTACTO,,"Rua Benjamin Egas, 145, 167",Pinheiros,,BIR,,,,,2020-02-05,0150340045
INTACTO·sem dono,INTACTO,,"Rua Benjamin Egas, 145, 167",Pinheiros,,BIR,,,,,2020-02-05,0150340046
INTACTO·sem dono,INTACTO,,"Rua Benjamin Egas, 145, 167",Pinheiros,,BIR,,,,,2020-02-05,0150340047
INTACTO·sem dono,INTACTO,,"Rua Benjamin Egas, 145, 167",Pinheiros,,BIR,,,,,2020-02-05,0150340152
INTACTO·sem dono,INTACTO,,"Rua Benjamin Egas, 145, 167",Pinheiros,,BIR,,,,,2020-02-05,0150340048
INTACTO·sem dono,INTACTO,,"Rua Benjamin Egas, 145, 167",Pinheiros,,BIR,,,,,2020-02-05,0150340049
INTACTO·sem dono,INTACTO,,"Rua Benjamin Egas, 145, 167",Pinheiros,,BIR,,,,,2020-02-05,0150340054
INTACTO·sem dono,INTACTO,,"Rua Benjamin Egas, 145, 167",Pinheiros,,BIR,,,,,2020-02-05,0150340050
INTACTO·sem dono,INTACTO,,"Rua Benjamin Egas, 145, 167",Pinheiros,,BIR,,,,,2020-02-05,0150340053
INTACTO·sem dono,INTACTO,Igreja Nossa Senhora de Mont Serrat,Largo dos Pinheiros,Pinheiros,,BIR/tombado,municipal,,,,2024-09-17,0830460001
INTACTO·sem dono,INTACTO,Sobrado Moderno do Artigas / Conjunto de Obras do Arq. Vilanova Artigas,"Rua Sampaio Vidal, 588",Pinheiros,,BIR/tombado,municipal,,,,2019-06-12,0150490022
INTACTO·sem dono,INTACTO,Sobrado Moderno do Artigas / Conjunto de Obras do Arq. Vilanova Artigas,"Rua Sampaio Vidal, 564",Pinheiros,,BIR/tombado,municipal,,,,2020-12-03,0150490021
INTACTO·sem dono,INTACTO,,"Rua Antonio Godoy, 88",República,,BIR,,,,,2000-05-30,0010570239
INTACTO·sem dono,INTACTO,,"Avenida Ipiranga, 1284",República,,BIR,,,,,2001-01-20,0010440096
INTACTO·sem dono,INTACTO,,"Rua Brigadeiro Tobias, 39, 61, 156, 178",República,,BIR,,,,,2005-02-04,0010460059
INTACTO·sem dono,INTACTO,,"Avenida São João, 300, 304",República,,BIR,,,,,2008-04-29,0010580049
INTACTO·sem dono,INTACTO,,"Avenida São João, 288",República,,BIR,,,,,2012-04-10,0010580093
INTACTO·sem dono,INTACTO,,"Rua Vinte e Quatro de Maio, 221, 229",República,,BIR,,,,,2019-06-08,0060090082
INTACTO·sem dono,INTACTO,,"Rua Vinte e Quatro de Maio, 221, 229",República,,BIR,,,,,2019-06-08,0060090083
INTACTO·sem dono,INTACTO,,"Rua Vinte e Quatro de Maio, 221, 229",República,,BIR,,,,,2019-06-08,0060090084
INTACTO·sem dono,INTACTO,,"Rua Vinte e Quatro de Maio, 221, 229",República,,BIR,,,,,2019-06-08,0060090085
INTACTO·sem dono,INTACTO,,"Rua Vinte e Quatro de Maio, 221, 229",República,,BIR,,,,,2019-06-08,0060090086
INTACTO·sem dono,INTACTO,,"Rua Vinte e Quatro de Maio, 221, 229",República,,BIR,,,,,2019-06-08,0060090087
INTACTO·sem dono,INTACTO,,"Rua Vinte e Quatro de Maio, 221, 229",República,,BIR,,,,,2019-06-08,0060090088
INTACTO·sem dono,INTACTO,,"Rua Vinte e Quatro de Maio, 221, 229",República,,BIR,,,,,2019-06-08,0060090089
INTACTO·sem dono,INTACTO,,"Rua Vinte e Quatro de Maio, 221, 229",República,,BIR,,,,,2019-06-08,0060090090
INTACTO·sem dono,INTACTO,,"Rua Vinte e Quatro de Maio, 221, 229",República,,BIR,,,,,2019-06-08,0060090091
INTACTO·sem dono,INTACTO,,"Rua Vinte e Quatro de Maio, 221, 229",República,,BIR,,,,,2019-06-08,0060090092
INTACTO·sem dono,INTACTO,,"Rua Vinte e Quatro de Maio, 221, 229",República,,BIR,,,,,2019-06-08,0060090093
INTACTO·sem dono,INTACTO,,"Rua Vinte e Quatro de Maio, 221, 229",República,,BIR,,,,,2019-06-08,0060090094
INTACTO·sem dono,INTACTO,,"Rua Vinte e Quatro de Maio, 221, 229",República,,BIR,,,,,2019-06-08,0060090095
INTACTO·sem dono,INTACTO,,"Rua Vinte e Quatro de Maio, 221, 229",República,,BIR,,,,,2019-06-08,0060090096
INTACTO·sem dono,INTACTO,,"Rua Vinte e Quatro de Maio, 221, 229",República,,BIR,,,,,2019-06-08,0060090097
INTACTO·sem dono,INTACTO,,"Rua Vinte e Quatro de Maio, 221, 229",República,,BIR,,,,,2019-06-08,0060090098
INTACTO·sem dono,INTACTO,,"Rua Vinte e Quatro de Maio, 221, 229",República,,BIR,,,,,2019-06-08,0060090099
INTACTO·sem dono,INTACTO,,"Rua Bento Freitas, 306, 314, 124",República,,BIR,,,,,2020-04-14,0070690023
INTACTO·sem dono,INTACTO,,"Rua Santa Efigênia, 401, 403, 407",República,,BIR,,,,,2024-01-17,0080814249
INTACTO·sem dono,INTACTO,,"Rua Marconi, 107",República,,BIR,,,,,2021-04-09,0060150726
INTACTO·sem dono,INTACTO,,"Rua Marconi, 107",República,,BIR,,,,,2021-04-09,0060150727
INTACTO·sem dono,INTACTO,,"Rua Marconi, 107",República,,BIR,,,,,2021-04-09,0060150728
INTACTO·sem dono,INTACTO,,"Rua Marconi, 107",República,,BIR,,,,,2021-04-09,0060150729
INTACTO·sem dono,INTACTO,,"Rua Marconi, 107",República,,BIR,,,,,2021-04-09,0060150730
INTACTO·sem dono,INTACTO,,"Rua Marconi, 107",República,,BIR,,,,,2021-04-09,0060150731
INTACTO·sem dono,INTACTO,,"Rua Marconi, 107",República,,BIR,,,,,2021-04-09,0060150732
INTACTO·sem dono,INTACTO,,"Rua Marconi, 107",República,,BIR,,,,,2021-04-09,0060150733
INTACTO·sem dono,INTACTO,,"Rua Marconi, 107",República,,BIR,,,,,2021-04-09,0060150734
INTACTO·sem dono,INTACTO,,"Rua Marconi, 107",República,,BIR,,,,,2021-04-09,0060150735
INTACTO·sem dono,INTACTO,,"Rua Marconi, 107",República,,BIR,,,,,2021-04-09,0060150736
INTACTO·sem dono,INTACTO,,"Rua Marconi, 107",República,,BIR,,,,,2021-04-09,0060150737
INTACTO·sem dono,INTACTO,,"Avenida Ipiranga, 770, 786",República,,BIR,,,,,2021-05-22,0060100552
INTACTO·sem dono,INTACTO,,"Avenida Ipiranga, 770, 786",República,,BIR,,,,,2021-05-22,0060100553
INTACTO·sem dono,INTACTO,Bairro da Bela Vista,"Rua Santo Amaro, 43",República,,BIR/tombado,municipal,,,,2019-08-01,0050170048
INTACTO·sem dono,INTACTO,Bairro da Bela Vista,"Rua Santo Antônio, 683",República,,BIR/tombado,municipal,,,,2019-11-07,0060380018
INTACTO·sem dono,INTACTO,Bairro da Bela Vista,"Rua Maria Paula, 177, 181, 185",República,,BIR/tombado,municipal,,,,2023-11-26,0050230181
INTACTO·sem dono,INTACTO,Bairro da Bela Vista,"Rua Abolição, 354",República,,BIR/tombado,municipal,,,,2019-08-01,0060490008
INTACTO·sem dono,INTACTO,Bairro da Bela Vista,"Rua Jandaia, 164",República,,BIR/tombado,municipal,,,,2020-09-30,0050350030
INTACTO·sem dono,INTACTO,Bairro da Bela Vista,"Rua Genebra, 57, 65",República,,BIR/tombado,municipal,,,,2021-05-25,0050170039
INTACTO·sem dono,INTACTO,Bairro da Bela Vista,"Rua Conselheiro Ramalho, 161",República,,BIR/tombado,municipal,,,,2022-01-21,0060470116
INTACTO·sem dono,INTACTO,Bairro da Bela Vista,"Rua Japurá, 346",República,,BIR/tombado,municipal,,,,2023-06-13,0060560076
INTACTO·sem dono,INTACTO,Bairro da Bela Vista,"Rua Santo Antônio, 529",República,,BIR/tombado,municipal,,,,2025-01-17,0060380004
INTACTO·sem dono,INTACTO,Edifício Renata Sampaio Ferreira / Projeto Arquiteto Oswaldo Bratke / 1956,"Rua Araujo, 216",República,,BIR/tombado,municipal,,,,2025-01-20,0070900009
INTACTO·sem dono,INTACTO,Edifício à Rua Nestor Pestana,"Rua Nestor Pestana, 163",República,,BIR/tombado,municipal,,,,2019-08-01,0060130028
INTACTO·sem dono,INTACTO,Hotel Federal Paulista / Bairro de Santa Ifigênia / Revisão,"Rua Mauá, 514, 520, 528, 530, 534, 540, 544, 548, 552",República,,BIR/tombado,estadual+federal,,,,2019-11-07,0010200033
INTACTO·sem dono,INTACTO,Hotel Paissandú / Área do Anhangabaú / Bairro de Santa Ifigênia / Revisão 2018,"Rua do Seminário, 139, 141, 143, 147",República,,BIR/tombado,municipal+estadual,,,,2019-12-21,0010570009
INTACTO·sem dono,INTACTO,Hotel Queluz,"Rua Mauá, 438, 440, 442, 446",República,,BIR/tombado,estadual+federal,,,,2020-03-12,0010190022
INTACTO·sem dono,INTACTO,Imóveis Enquadrados Como Z8-200 (atual Zepec) No Bairro de Santa Ifigênia,"Rua Santa Ifigênia, 375, 379, 381",República,,BIR/tombado,municipal+estadual,,,,2020-01-09,0080810013
INTACTO·sem dono,INTACTO,Imóveis Enquadrados Como Z8-200 - Anexo I - Item 77,"Praça Júlio Mesquita, 84, 90, 96",República,,BIR/tombado,municipal,,,,2019-05-14,0080780003
INTACTO·sem dono,INTACTO,Imóveis Enquadrados Como Z8-200 - Anexo I - Item 78,"Praça Júlio Mesquita, 102, 108",República,,BIR/tombado,municipal,,,,2019-06-07,0080780002
INTACTO·sem dono,INTACTO,Imóveis Enquadrados Como Z8-200 - Anexo I - Item 79,"Rua Vitória, 679, 683, 687",República,,BIR/tombado,municipal,,,,2019-06-07,0080780001
INTACTO·sem dono,INTACTO,Imóveis Enquadrados Como Z8-200 - Anexo I - Item 87,"Alameda Barão de Limeira, 44",República,,BIR/tombado,municipal,,,,2023-10-06,0080700039
INTACTO·sem dono,INTACTO,Prédio dos Gabinetes dos Desembargadores do Direito Público / Tribunal de Justiça / Antigo São Paulo Hilton Hotel,"Avenida Ipiranga, 135",República,,BIR/tombado,municipal,,,,2020-03-19,0070910306
INTACTO·sem dono,INTACTO,Tbc - Teatro Brasileiro de Comédia,"Rua Major Diogo, 311, 315, 323, 327",República,,BIR/tombado,municipal+estadual,,,,2019-03-19,0060480097
INTACTO·sem dono,INTACTO,Área do Anhangabaú,"Rua Barão de Itapetininga, 248, 268",República,,BIR/tombado,municipal,,,,2020-02-18,0060090021
INTACTO·sem dono,INTACTO,Área do Anhangabaú,"Rua Capitão Salomão, 27, 33, 37, 43, 95, 96",República,,BIR/tombado,municipal,,,,2019-07-12,0010580008
INTACTO·sem dono,INTACTO,Área do Anhangabaú,"Rua Vinte e Quatro de Maio, 263, 267, 271, 275, 281",República,,BIR/tombado,municipal,,,,2024-11-13,0060090010
INTACTO·sem dono,INTACTO,Área do Anhangabaú,"Rua Vinte e Quatro de Maio, 239, 245",República,,BIR/tombado,municipal,,,,2023-06-13,0060090007
INTACTO·sem dono,INTACTO,Área do Anhangabaú,"Rua do Seminário, 209, 213, 215",República,,BIR/tombado,municipal,,,,2023-10-06,0010570018
INTACTO·sem dono,INTACTO,Área do Anhangabaú,"Rua Sete de Abril, 309, 165",República,,BIR/tombado,municipal,,,,2024-11-13,0060070015
INTACTO·sem dono,INTACTO,Área do Anhangabaú / Antigo Edifício Mappin / Antigo Edifício João Bricola,"Rua Coronel Xavier de Toledo, 14, 131",República,,BIR/tombado,municipal,,,,2019-08-03,0060250022
INTACTO·sem dono,INTACTO,"Área do Anhangabaú / Diário Popular - Antigo Edifício do ""estado de São Paulo""","Rua Major Quedinho, 28, 44, 76",República,,BIR/tombado,municipal,,,,2003-04-15,0060210675
INTACTO·sem dono,INTACTO,Área do Anhangabaú / Edifício Alexandre Mackenzie / Projeto William Proctor Preston / Construção Escritório Ramos de Azevedo 1925-1929 / Shopping Light,"Rua Xavier de Toledo, 23",República,,BIR/tombado,municipal+estadual,,,,2018-09-20,0060360463
INTACTO·sem dono,INTACTO,Área do Anhangabaú / Edifício Duque de Caxias,"Avenida São João, 578, 582, 584, 588",República,,BIR/tombado,municipal,,,,2000-09-05,0010550004
INTACTO·sem dono,INTACTO,Área do Anhangabaú / Edifício Itá,"Rua Barão de Itapetininga, 70, 78, 88, 100",República,,BIR/tombado,municipal,,,,2024-08-23,0060160017
INTACTO·sem dono,INTACTO,Área do Anhangabaú / Edifício Nino Maria Cantarella,"Avenida São João, 530, 536, 544",República,,BIR/tombado,municipal,,,,2024-11-13,0010550006
INTACTO·sem dono,INTACTO,Área do Anhangabaú / Edifício Ângela Loureiro,"Rua Marconi, 19, 25, 204, 210",República,,BIR/tombado,municipal,,,,2025-03-19,0060150024
INTACTO·sem dono,INTACTO,Área do Anhangabaú / Igreja Evangélica Luterana de São Paulo,"Avenida Rio Branco, 34",República,,BIR/tombado,municipal,,,,2024-04-30,0010530228
INTACTO·sem dono,INTACTO,Área do Centro Velho / Área de Interesse Arqueológico,"Rua Floriano Peixoto, 54",República,,BIR/tombado,municipal,,,,2021-07-30,0020680005
INTACTO·sem dono,INTACTO,Bairro dos Campos Elíseos,"Largo Coração de Jesus, 65",Santa Cecília,,BIR/tombado,municipal+estadual,,,,2018-02-24,0080370017
INTACTO·sem dono,INTACTO,Bairro dos Campos Elíseos,"Rua Conselheiro Nébias, 970",Santa Cecília,,BIR/tombado,municipal+estadual,,,,2018-08-31,0080340014
INTACTO·sem dono,INTACTO,Bairro dos Campos Elíseos,"Rua Conselheiro Nébias, 1615, 1649",Santa Cecília,,BIR/tombado,municipal+estadual,,,,2019-07-03,0200170309
INTACTO·sem dono,INTACTO,Bairro dos Campos Elíseos,"Rua Guaianases, 1149",Santa Cecília,,BIR/tombado,municipal+estadual,,,,2020-11-10,0080150001
INTACTO·sem dono,INTACTO,Bairro dos Campos Elíseos,"Rua Guaianases, 1239",Santa Cecília,,BIR/tombado,municipal+estadual,,,,2021-04-16,0080150007
INTACTO·sem dono,INTACTO,Bairro dos Campos Elíseos,"Alameda Nothmann, 563",Santa Cecília,,BIR/tombado,municipal+estadual,,,,2021-04-16,0080230010
INTACTO·sem dono,INTACTO,Bairro dos Campos Elíseos / Antiga Residência de Alfredo Prates,"Rua Guaianases, 1281",Santa Cecília,,BIR/tombado,municipal+estadual,,,,2020-11-12,0080150009
INTACTO·sem dono,INTACTO,Bairro dos Campos Elíseos / Fundação Conrado Wessel,"Alameda Glete, 562",Santa Cecília,,BIR/tombado,municipal+estadual,,,,2018-08-31,0080220001
INTACTO·sem dono,INTACTO,Bairro dos Campos Elíseos / Liceu Nossa Senhora de Loretto / Associação Caritativa da Sagrada Família,"Alameda Glete, 444, 448, 983",Santa Cecília,,BIR/tombado,municipal+estadual,,,,2020-02-22,0080230251
INTACTO·sem dono,INTACTO,Conjunto de Edificações Na Rua Doutor Gabriel dos Santos,"Rua Dr Gabriel dos Santos, 30",Santa Cecília,,BIR/tombado,municipal,,,,2018-11-13,0200620054
INTACTO·sem dono,INTACTO,Conjunto de Edificações Na Rua Doutor Gabriel dos Santos,"Rua Doutor Gabriel dos Santos, 211",Santa Cecília,,BIR/tombado,municipal,,,,2024-12-05,0200630022
INTACTO·sem dono,INTACTO,Edifício do Antigo Dops / Armazém Central da Estrada de Ferro Sorocabana,"Largo General Osório, 86, 116, 120",Santa Cecília,,BIR/tombado,municipal+estadual+federal,,,,2021-12-22,0080390049
INTACTO·sem dono,INTACTO,Imóveis Na Alameda Cleveland 601 e 617 / Casa de Santos Dumont,"Alameda Cleveland, 617",Santa Cecília,,BIR/tombado,municipal+estadual,,,,2016-07-06,0080190002
INTACTO·sem dono,INTACTO,Parque Residencial Savoya / Parque Residencial Saboya / Projeto Arnaldo Maia Lello / 1939,"Rua Vitorino Carmilo, 453, 1",Santa Cecília,,BIR/tombado,municipal+estadual,,,,2018-10-02,0080020007
INTACTO·sem dono,INTACTO,Parque Residencial Savoya / Parque Residencial Saboya / Projeto Arnaldo Maia Lello / 1939,"Rua Vitorino Carmilo, 453, 2",Santa Cecília,,BIR/tombado,municipal+estadual,,,,2018-10-02,0080020008
INTACTO·sem dono,INTACTO,Parque Residencial Savoya / Parque Residencial Saboya / Projeto Arnaldo Maia Lello / 1939,"Rua Vitorino Carmilo, 453, 3",Santa Cecília,,BIR/tombado,municipal+estadual,,,,2018-10-02,0080020009
INTACTO·sem dono,INTACTO,Parque Residencial Savoya / Parque Residencial Saboya / Projeto Arnaldo Maia Lello / 1939,"Rua Vitorino Carmilo, 453, 4",Santa Cecília,,BIR/tombado,municipal+estadual,,,,2018-10-02,0080020010
INTACTO·sem dono,INTACTO,Parque Residencial Savoya / Parque Residencial Saboya / Projeto Arnaldo Maia Lello / 1939,"Rua Vitorino Carmilo, 453, 5",Santa Cecília,,BIR/tombado,municipal+estadual,,,,2018-10-02,0080020011
INTACTO·sem dono,INTACTO,Parque Residencial Savoya / Parque Residencial Saboya / Projeto Arnaldo Maia Lello / 1939,"Rua Vitorino Carmilo, 453, 6",Santa Cecília,,BIR/tombado,municipal+estadual,,,,2018-10-02,0080020012
INTACTO·sem dono,INTACTO,Parque Residencial Savoya / Parque Residencial Saboya / Projeto Arnaldo Maia Lello / 1939,"Rua Vitorino Carmilo, 453, 7",Santa Cecília,,BIR/tombado,municipal+estadual,,,,2018-10-02,0080020013
INTACTO·sem dono,INTACTO,Parque Residencial Savoya / Parque Residencial Saboya / Projeto Arnaldo Maia Lello / 1939,"Rua Vitorino Carmilo, 453, 8",Santa Cecília,,BIR/tombado,municipal+estadual,,,,2018-10-02,0080020014
INTACTO·sem dono,INTACTO,Parque Residencial Savoya / Parque Residencial Saboya / Projeto Arnaldo Maia Lello / 1939,"Rua Vitorino Carmilo, 453, 9",Santa Cecília,,BIR/tombado,municipal+estadual,,,,2018-10-02,0080020015
INTACTO·sem dono,INTACTO,Parque Residencial Savoya / Parque Residencial Saboya / Projeto Arnaldo Maia Lello / 1939,"Rua Vitorino Carmilo, 459",Santa Cecília,,BIR/tombado,municipal+estadual,,,,2018-10-02,0080020016
INTACTO·sem dono,INTACTO,Parque Residencial Savoya / Parque Residencial Saboya / Projeto Arnaldo Maia Lello / 1939,"Rua Vitorino Carmilo, 463",Santa Cecília,,BIR/tombado,municipal+estadual,,,,2018-10-02,0080020017
INTACTO·sem dono,INTACTO,Parque Residencial Savoya / Parque Residencial Saboya / Projeto Arnaldo Maia Lello / 1939,"Rua Vitorino Carmilo, 465",Santa Cecília,,BIR/tombado,municipal+estadual,,,,2018-10-02,0080020018
INTACTO·sem dono,INTACTO,Parque Residencial Savoya / Parque Residencial Saboya / Projeto Arnaldo Maia Lello / 1939,"Rua Vitorino Carmilo, 473",Santa Cecília,,BIR/tombado,municipal+estadual,,,,2018-10-02,0080020019
INTACTO·sem dono,INTACTO,Residência da Familia Dino Bueno,"Rua Guaianazes, 1234, 1238, 1282",Santa Cecília,,BIR/tombado,municipal+estadual,,,,2021-04-07,0080160023
INTACTO·sem dono,INTACTO,Antiga Sede Social do Santa Paula Iate Clube,"Avenida Berta Waitman, 315",Socorro,,BIR/tombado,municipal+estadual,,,,2023-06-15,0950890001
INTACTO·sem dono,INTACTO,Santa Paula Iate Clube / Garagem de Barcos/ Bairro de Interlagos / Obra de João Vilanova Artigas e Carlos Cascaldi/ 1961,"Avenida Atlantica, 4308, 4900, 5300",Socorro,,BIR/tombado,municipal+estadual,,,,2023-10-09,0950270003
INTACTO·sem dono,INTACTO,,Avenida Otaviano Alves de Lima,São Domingos,,BIR,,,,,2023-06-13,0785190102
INTACTO·sem dono,INTACTO,,"Rua São Bento, 405",Sé,,BIR,,,,,2003-03-15,0010720139
INTACTO·sem dono,INTACTO,,"Rua Florêncio de Abreu, 258, 260",Sé,,BIR,,,,,2020-02-01,0010500018
INTACTO·sem dono,INTACTO,,"Rua do Glicério, 215, 245",Sé,,BIR,,,,,2024-10-14,0040113883
INTACTO·sem dono,INTACTO,,"Avenida São Luís, 86",Sé,,BIR,,,,,2020-06-24,0060644368
INTACTO·sem dono,INTACTO,,"Rua Quinze de Novembro, 111",Sé,,BIR,,,,,2021-08-26,0010853786
INTACTO·sem dono,INTACTO,,"Rua Pará, 222",Sé,,BIR,,,,,2023-03-28,0111230118
INTACTO·sem dono,INTACTO,,"Rua Pará, 222",Sé,,BIR,,,,,2023-03-28,0111230119
INTACTO·sem dono,INTACTO,,"Rua Pará, 222",Sé,,BIR,,,,,2023-03-28,0111230120
INTACTO·sem dono,INTACTO,,"Rua Pará, 222",Sé,,BIR,,,,,2023-03-28,0111230121
INTACTO·sem dono,INTACTO,,"Rua Pará, 222",Sé,,BIR,,,,,2023-03-28,0111230122
INTACTO·sem dono,INTACTO,,"Rua Pará, 222",Sé,,BIR,,,,,2023-03-28,0111230123
INTACTO·sem dono,INTACTO,,"Rua Pará, 222",Sé,,BIR,,,,,2023-03-28,0111230124
INTACTO·sem dono,INTACTO,,"Rua Pará, 222",Sé,,BIR,,,,,2023-03-28,0111230125
INTACTO·sem dono,INTACTO,,"Rua Pará, 222",Sé,,BIR,,,,,2023-03-28,0111230126
INTACTO·sem dono,INTACTO,,"Rua Pará, 222",Sé,,BIR,,,,,2023-03-28,0111230127
INTACTO·sem dono,INTACTO,,"Rua Pará, 222",Sé,,BIR,,,,,2023-03-28,0111230128
INTACTO·sem dono,INTACTO,,"Rua Pará, 222",Sé,,BIR,,,,,2023-03-28,0111230129
INTACTO·sem dono,INTACTO,,"Rua Pará, 222",Sé,,BIR,,,,,2023-03-28,0111230130
INTACTO·sem dono,INTACTO,,"Rua Pará, 222",Sé,,BIR,,,,,2023-03-28,0111230131
INTACTO·sem dono,INTACTO,,"Rua Pará, 222",Sé,,BIR,,,,,2023-03-28,0111230132
INTACTO·sem dono,INTACTO,,"Rua Pará, 222",Sé,,BIR,,,,,2023-03-28,0111230133
INTACTO·sem dono,INTACTO,,"Rua Pará, 222",Sé,,BIR,,,,,2023-03-28,0111230134
INTACTO·sem dono,INTACTO,,"Rua Pará, 222",Sé,,BIR,,,,,2023-03-28,0111230135
INTACTO·sem dono,INTACTO,,"Rua Pará, 222",Sé,,BIR,,,,,2023-03-28,0111230136
INTACTO·sem dono,INTACTO,,"Rua Pará, 222",Sé,,BIR,,,,,2023-03-28,0111230137
INTACTO·sem dono,INTACTO,,"Rua Pará, 222",Sé,,BIR,,,,,2023-03-28,0111230138
INTACTO·sem dono,INTACTO,,"Rua Pará, 222",Sé,,BIR,,,,,2023-03-28,0111230139
INTACTO·sem dono,INTACTO,,"Rua Pará, 222",Sé,,BIR,,,,,2023-03-28,0111230140
INTACTO·sem dono,INTACTO,,"Rua Pará, 222",Sé,,BIR,,,,,2023-03-28,0111230141
INTACTO·sem dono,INTACTO,,"Rua Pará, 222",Sé,,BIR,,,,,2023-03-28,0111230142
INTACTO·sem dono,INTACTO,,"Rua Pará, 222",Sé,,BIR,,,,,2023-03-28,0111230143
INTACTO·sem dono,INTACTO,,"Rua Pará, 222",Sé,,BIR,,,,,2023-03-28,0111230144
INTACTO·sem dono,INTACTO,,"Rua Pará, 222",Sé,,BIR,,,,,2023-03-28,0111230145
INTACTO·sem dono,INTACTO,,"Rua Pará, 222",Sé,,BIR,,,,,2023-03-28,0111230146
INTACTO·sem dono,INTACTO,,"Rua Pará, 222",Sé,,BIR,,,,,2023-03-28,0111230147
INTACTO·sem dono,INTACTO,,"Rua Pará, 222",Sé,,BIR,,,,,2023-03-28,0111230148
INTACTO·sem dono,INTACTO,,"Rua Pará, 222",Sé,,BIR,,,,,2023-03-28,0111230149
INTACTO·sem dono,INTACTO,,"Praça da República, 32",Sé,,BIR,,,,,2023-07-24,0060070250
INTACTO·sem dono,INTACTO,,"Praça da República, 32",Sé,,BIR,,,,,2023-07-24,0060070986
INTACTO·sem dono,INTACTO,,"Praça da República, 32",Sé,,BIR,,,,,2023-07-24,0060070252
INTACTO·sem dono,INTACTO,,"Praça da República, 32",Sé,,BIR,,,,,2023-07-24,0060070253
INTACTO·sem dono,INTACTO,,"Praça da República, 32",Sé,,BIR,,,,,2023-07-24,0060070254
INTACTO·sem dono,INTACTO,,"Praça da República, 32",Sé,,BIR,,,,,2023-07-24,0060070255
INTACTO·sem dono,INTACTO,,"Praça da República, 32",Sé,,BIR,,,,,2023-07-24,0060070256
INTACTO·sem dono,INTACTO,,"Praça da República, 32",Sé,,BIR,,,,,2023-07-24,0060070257
INTACTO·sem dono,INTACTO,,"Praça da República, 32",Sé,,BIR,,,,,2023-07-24,0060070258
INTACTO·sem dono,INTACTO,,"Praça da República, 32",Sé,,BIR,,,,,2023-07-24,0060070259
INTACTO·sem dono,INTACTO,,"Praça da República, 32",Sé,,BIR,,,,,2023-07-24,0060070260
INTACTO·sem dono,INTACTO,,"Praça da República, 32",Sé,,BIR,,,,,2023-07-24,0060070261
INTACTO·sem dono,INTACTO,,"Praça da República, 32",Sé,,BIR,,,,,2023-07-24,0060070262
INTACTO·sem dono,INTACTO,,"Praça da República, 32",Sé,,BIR,,,,,2023-07-24,0060070263
INTACTO·sem dono,INTACTO,,"Praça da República, 32",Sé,,BIR,,,,,2023-07-24,0060070264
INTACTO·sem dono,INTACTO,,"Praça da República, 32",Sé,,BIR,,,,,2023-07-24,0060070265
INTACTO·sem dono,INTACTO,,"Praça da República, 32",Sé,,BIR,,,,,2023-07-24,0060070266
INTACTO·sem dono,INTACTO,,"Praça da República, 32",Sé,,BIR,,,,,2023-07-24,0060070267
INTACTO·sem dono,INTACTO,,"Praça da República, 32",Sé,,BIR,,,,,2023-07-24,0060070268
INTACTO·sem dono,INTACTO,,"Praça da República, 32",Sé,,BIR,,,,,2023-07-24,0060070269
INTACTO·sem dono,INTACTO,,"Praça da República, 32",Sé,,BIR,,,,,2023-07-24,0060070270
INTACTO·sem dono,INTACTO,,"Praça da República, 32",Sé,,BIR,,,,,2023-07-24,0060070271
INTACTO·sem dono,INTACTO,,"Praça da República, 32",Sé,,BIR,,,,,2023-07-24,0060070273
INTACTO·sem dono,INTACTO,,"Praça da República, 32",Sé,,BIR,,,,,2023-07-24,0060070247
INTACTO·sem dono,INTACTO,,"Praça da República, 32",Sé,,BIR,,,,,2023-07-24,0060070248
INTACTO·sem dono,INTACTO,,"Rua do Carmo, 239",Sé,,BIR,,,,,2023-07-24,0030060000
INTACTO·sem dono,INTACTO,,"Rua Líbero Badaró, 332, 336",Sé,,BIR,,,,,2024-07-04,0010800201
INTACTO·sem dono,INTACTO,,"Rua Líbero Badaró, 332, 336",Sé,,BIR,,,,,2024-07-04,0010800202
INTACTO·sem dono,INTACTO,,"Rua Líbero Badaró, 332, 336",Sé,,BIR,,,,,2024-07-04,0010800203
INTACTO·sem dono,INTACTO,,"Rua Líbero Badaró, 332, 336",Sé,,BIR,,,,,2024-07-04,0010800204
INTACTO·sem dono,INTACTO,,"Rua Líbero Badaró, 332, 336",Sé,,BIR,,,,,2024-07-04,0010800205
INTACTO·sem dono,INTACTO,,"Rua Líbero Badaró, 332, 336",Sé,,BIR,,,,,2024-07-04,0010800206
INTACTO·sem dono,INTACTO,,"Rua Líbero Badaró, 332, 336",Sé,,BIR,,,,,2024-07-04,0010800207
INTACTO·sem dono,INTACTO,Antiga Residência do Arquiteto Felisberto Ranzini,"Rua Santa Luzia, 31",Sé,,BIR/tombado,municipal+estadual,,,,2023-07-24,0050440014
INTACTO·sem dono,INTACTO,Bairro da Bela Vista,"Rua Treze de Maio, 1004",Sé,,BIR/tombado,municipal,,,,2020-11-28,0090380034
INTACTO·sem dono,INTACTO,Bairro da Bela Vista,"Rua Treze de Maio, 112",Sé,,BIR/tombado,municipal,,,,2023-07-19,0060440066
INTACTO·sem dono,INTACTO,Bairro de Higienópolis / Residência Na Rua Marquês de Itu 968,"Rua Marquês de Itu, 968",Sé,,BIR/tombado,municipal,,,,2022-11-30,0070440003
INTACTO·sem dono,INTACTO,Conjunto Arquitetonico do Antigo Colégio São José / Caminho Histórico Glória-lavapés /área de Interesse Arqueológico,"Rua da Glória, 195, 171",Sé,,BIR/tombado,municipal,,,,2019-12-19,0050400043
INTACTO·sem dono,INTACTO,Eixo Liberdade-vergueiro / Igepac Liberdade,"Praça da Liberdade, 83, 85",Sé,,BIR/tombado,municipal,,,,2024-10-14,0050390019
INTACTO·sem dono,INTACTO,Fundação Escola de Sociologia e Política de Sp,"Rua General Jardim, 522",Sé,,BIR/tombado,municipal,,,,2025-03-19,0070570371
INTACTO·sem dono,INTACTO,Igreja das Chagas do Seraphico Pai São Francisco da Venerável Ordem Terceira,"Largo São Francisco, 173, 175, 181, 187",Sé,,BIR/tombado,municipal+estadual+federal,,,,2017-03-18,0050130005
INTACTO·sem dono,INTACTO,Igreja de São Francisco de Assis da Venerável Ordem dos Frades Menores/convento,"Rua Riachuelo, 133",Sé,,BIR/tombado,municipal+estadual+federal,,,,2017-03-18,0050130119
INTACTO·sem dono,INTACTO,Igreja e Convento Nossa Senhora da Paz / Igreja dos Fiéis Italianos / Imóveis Enquadrados Como Z8-200 - Anexo I - Item,"Rua do Glicério, 225",Sé,,BIR/tombado,municipal+estadual,,,,2021-01-05,0040110006
INTACTO·sem dono,INTACTO,Imóveis Enquadrados Como Z8-200 - Anexo I - Item,"Rua Quinze de Novembro, 213",Sé,,BIR/tombado,municipal,,,,2023-10-09,0010820004
INTACTO·sem dono,INTACTO,Imóveis Enquadrados Como Z8-200 - Anexo I - Item,"Rua Quinze de Novembro, 250, 256, 260",Sé,,BIR/tombado,municipal,,,,2020-06-02,0010830020
INTACTO·sem dono,INTACTO,Imóveis Enquadrados Como Z8-200 - Anexo I - Item,"Rua Quinze de Novembro, 268",Sé,,BIR/tombado,municipal,,,,2024-06-19,0010830021
INTACTO·sem dono,INTACTO,Imóveis Enquadrados Como Z8-200 - Anexo I - Item 10 / Edifício Ouro Para o Bem de São Paulo,"Largo da Misericórdia, 23",Sé,,BIR/tombado,municipal,,,,2019-07-03,0010840016
INTACTO·sem dono,INTACTO,Imóveis Enquadrados Como Z8-200 - Anexo I - Item 12,"Rua Álvares Penteado, 195",Sé,,BIR/tombado,municipal,,,,2020-06-09,0010810003
INTACTO·sem dono,INTACTO,Imóveis Enquadrados Como Z8-200 - Anexo I - Item 123,"Rua Quintino Bocaiúva, 18, 30",Sé,,BIR/tombado,municipal,,,,2025-02-27,0050040013
INTACTO·sem dono,INTACTO,Imóveis Enquadrados Como Z8-200 - Anexo I - Item 124,"Rua Quintino Boicaiuva, 148, 182",Sé,,BIR/tombado,municipal,,,,2025-01-20,0050140006
INTACTO·sem dono,INTACTO,Imóveis Enquadrados Como Z8-200 - Anexo I - Item 130,"Rua da Quitanda, 126",Sé,,BIR/tombado,municipal,,,,2020-02-24,0010810012
INTACTO·sem dono,INTACTO,Imóveis Enquadrados Como Z8-200 - Anexo I - Item 131,"Rua da Quitanda, 127, 129, 133, 137",Sé,,BIR/tombado,municipal,,,,2022-02-23,0010840003
INTACTO·sem dono,INTACTO,Imóveis Enquadrados Como Z8-200 - Anexo I - Item 175 / Área do Centro Velho / Área de Interesse Arqueológico,"Praça da Sé, 42, 46, 48, 54",Sé,,BIR/tombado,municipal,,,,2022-04-20,0050120011
INTACTO·sem dono,INTACTO,Imóveis Enquadrados Como Z8-200 - Anexo I - Item 193,"Vila Suíça, 2A",Sé,,BIR/tombado,municipal,,,,2017-08-17,0050460096
INTACTO·sem dono,INTACTO,Imóveis Enquadrados Como Z8-200 - Anexo I - Item 2,"Rua Comendador Abdo Schahin, 230, 232, 236",Sé,,BIR/tombado,municipal,,,,2023-06-13,0010670022
INTACTO·sem dono,INTACTO,Imóveis Enquadrados Como Z8-200 - Anexo I - Item 217,"Rua Vinte e Cinco de Março, 864, 872, 878",Sé,,BIR/tombado,municipal,,,,2021-01-06,0010650008
INTACTO·sem dono,INTACTO,Imóveis Enquadrados Como Z8-200 - Anexo I - Item 217 / Área  do Centro Velho - Anexo 1 - Edificações - Item 15,"Rua Vinte e Cinco de Março, 820",Sé,,BIR/tombado,municipal,,,,2018-11-14,0010650002
INTACTO·sem dono,INTACTO,Imóveis Enquadrados Como Z8-200 - Anexo I - Item 90,"Praça Dr Mário Margarido, 34",Sé,,BIR/tombado,municipal,,,,2017-08-17,0050460099
INTACTO·sem dono,INTACTO,Imóveis Enquadrados Como Z8-200 - Anexo I - Item 97,"Rua Florêncio de Abreu, 714, 720, 726",Sé,,BIR/tombado,municipal,,,,2025-06-02,0010230001
INTACTO·sem dono,INTACTO,Vila Inglesa / Vila dos Ingleses,"Rua Mauá, 892",Sé,,BIR/tombado,municipal+estadual+federal,,,,2023-05-22,0010230149
INTACTO·sem dono,INTACTO,Vila Inglesa / Vila dos Ingleses,"Rua Mauá, 886",Sé,,BIR/tombado,municipal+estadual+federal,,,,2023-05-22,0010230150
INTACTO·sem dono,INTACTO,Vila Inglesa / Vila dos Ingleses,"Rua Mauá, 878",Sé,,BIR/tombado,municipal+estadual+federal,,,,2023-05-22,0010230151
INTACTO·sem dono,INTACTO,Vila Inglesa / Vila dos Ingleses,"Rua Mauá, 872",Sé,,BIR/tombado,municipal+estadual+federal,,,,2023-05-22,0010230152
INTACTO·sem dono,INTACTO,Vila Inglesa / Vila dos Ingleses,"Rua Mauá, 866",Sé,,BIR/tombado,municipal+estadual+federal,,,,2023-05-22,0010230153
INTACTO·sem dono,INTACTO,Vila Inglesa / Vila dos Ingleses,"Rua Mauá, 836, 10",Sé,,BIR/tombado,municipal+estadual+federal,,,,2023-05-22,0010230162
INTACTO·sem dono,INTACTO,Vila Inglesa / Vila dos Ingleses,"Rua Mauá, 842, 19",Sé,,BIR/tombado,municipal+estadual+federal,,,,2023-05-22,0010230163
INTACTO·sem dono,INTACTO,Vila Inglesa / Vila dos Ingleses,"Rua Mauá, 842, 23",Sé,,BIR/tombado,municipal+estadual+federal,,,,2023-05-22,0010230165
INTACTO·sem dono,INTACTO,Vila Inglesa / Vila dos Ingleses,"Rua Mauá, 842, 25",Sé,,BIR/tombado,municipal+estadual+federal,,,,2024-10-14,0010230166
INTACTO·sem dono,INTACTO,Vila Inglesa / Vila dos Ingleses,"Rua Mauá, 836, 842, 27",Sé,,BIR/tombado,municipal+estadual+federal,,,,2023-05-22,0010230167
INTACTO·sem dono,INTACTO,Vila Inglesa / Vila dos Ingleses,"Rua Mauá, 836, 842, 29A",Sé,,BIR/tombado,municipal+estadual+federal,,,,2023-05-22,0010230169
INTACTO·sem dono,INTACTO,Vila Inglesa / Vila dos Ingleses,"Rua Mauá, 842, 31",Sé,,BIR/tombado,municipal+estadual+federal,,,,2023-05-22,0010230170
INTACTO·sem dono,INTACTO,Vila Inglesa / Vila dos Ingleses,"Rua Mauá, 842, 33",Sé,,BIR/tombado,municipal+estadual+federal,,,,2023-05-22,0010230171
INTACTO·sem dono,INTACTO,Vila Inglesa / Vila dos Ingleses,"Rua Mauá, 842, 35",Sé,,BIR/tombado,municipal+estadual+federal,,,,2023-05-22,0010230172
INTACTO·sem dono,INTACTO,Vila Inglesa / Vila dos Ingleses,"Rua Mauá, 842, 37",Sé,,BIR/tombado,municipal+estadual+federal,,,,2023-05-22,0010230173
INTACTO·sem dono,INTACTO,Vila Inglesa / Vila dos Ingleses,"Rua Mauá, 842, 39",Sé,,BIR/tombado,municipal+estadual+federal,,,,2023-05-22,0010230174
INTACTO·sem dono,INTACTO,Vila Inglesa / Vila dos Ingleses,"Rua Mauá, 842, 41",Sé,,BIR/tombado,municipal+estadual+federal,,,,2023-05-22,0010230175
INTACTO·sem dono,INTACTO,Vila Inglesa / Vila dos Ingleses,"Rua Mauá, 842, 43",Sé,,BIR/tombado,municipal+estadual+federal,,,,2023-05-22,0010230176
INTACTO·sem dono,INTACTO,Vila Inglesa / Vila dos Ingleses,"Rua Mauá, 842, 26",Sé,,BIR/tombado,municipal+estadual+federal,,,,2028-06-19,0010230154
INTACTO·sem dono,INTACTO,Vila Inglesa / Vila dos Ingleses,"Rua Mauá, 842, 24",Sé,,BIR/tombado,municipal+estadual+federal,,,,2024-06-19,0010230155
INTACTO·sem dono,INTACTO,Vila Inglesa / Vila dos Ingleses,"Rua Mauá, 842, 22",Sé,,BIR/tombado,municipal+estadual+federal,,,,2024-06-19,0010230156
INTACTO·sem dono,INTACTO,Vila Inglesa / Vila dos Ingleses,"Rua Mauá, 842, 20",Sé,,BIR/tombado,municipal+estadual+federal,,,,2024-06-19,0010230157
INTACTO·sem dono,INTACTO,Vila Inglesa / Vila dos Ingleses,"Rua Mauá, 842, 18",Sé,,BIR/tombado,municipal+estadual+federal,,,,2024-06-19,0010230158
INTACTO·sem dono,INTACTO,Vila Inglesa / Vila dos Ingleses,"Rua Mauá, 842, 16",Sé,,BIR/tombado,municipal+estadual+federal,,,,2024-06-19,0010230159
INTACTO·sem dono,INTACTO,Vila Inglesa / Vila dos Ingleses,"Rua Mauá, 842, 14",Sé,,BIR/tombado,municipal+estadual+federal,,,,2024-06-19,0010230160
INTACTO·sem dono,INTACTO,Vila Inglesa / Vila dos Ingleses,"Rua Mauá, 842, 12",Sé,,BIR/tombado,municipal+estadual+federal,,,,2024-06-19,0010230161
INTACTO·sem dono,INTACTO,Vila Inglesa / Vila dos Ingleses,"Rua Mauá, 842, 21",Sé,,BIR/tombado,municipal+estadual+federal,,,,2024-06-19,0010230164
INTACTO·sem dono,INTACTO,Vila Inglesa / Vila dos Ingleses,"Rua Mauá, 842, 29",Sé,,BIR/tombado,municipal+estadual+federal,,,,2024-06-19,0010230168
INTACTO·sem dono,INTACTO,Área do Anhangabaú,"Rua Florêncio de Abreu, 328",Sé,,BIR/tombado,municipal,,,,2024-05-14,0010500029
INTACTO·sem dono,INTACTO,Área do Anhangabaú,"Praça do Patriarca, 66, 70, 74",Sé,,BIR/tombado,municipal,,,,2024-08-23,0010800012
INTACTO·sem dono,INTACTO,Área do Anhangabaú,"Rua Líbero Badaró, 306, 310",Sé,,BIR/tombado,municipal,,,,2024-04-26,0010800016
INTACTO·sem dono,INTACTO,Área do Anhangabaú,"Rua João Brícola, 59, 67",Sé,,BIR/tombado,municipal,,,,2024-06-07,0010630030
INTACTO·sem dono,INTACTO,Área do Anhangabaú,"Rua Florêncio de Abreu, 78, 80",Sé,,BIR/tombado,municipal,,,,2025-01-20,0010640012
INTACTO·sem dono,INTACTO,Área do Anhangabaú,"Rua São Bento, 260, 264",Sé,,BIR/tombado,municipal,,,,2019-11-19,0010810024
INTACTO·sem dono,INTACTO,Área do Anhangabaú,"Rua Florêncio de Abreu, 140, 144",Sé,,BIR/tombado,municipal,,,,2023-10-06,0010500006
INTACTO·sem dono,INTACTO,Área do Anhangabaú,"Rua Líbero Badaró, 274, 282, 284",Sé,,BIR/tombado,municipal,,,,2024-04-16,0010800014
INTACTO·sem dono,INTACTO,Área do Anhangabaú,"Rua Florêncio de Abreu, 314",Sé,,BIR/tombado,municipal,,,,2020-01-09,0010500026
INTACTO·sem dono,INTACTO,Área do Anhangabaú,"Rua Florêncio de Abreu, 296",Sé,,BIR/tombado,municipal,,,,2020-02-05,0010500023
INTACTO·sem dono,INTACTO,Área do Anhangabaú,"Rua Florêncio de Abreu, 112, 116",Sé,,BIR/tombado,municipal,,,,2020-02-15,0010500002
INTACTO·sem dono,INTACTO,Área do Anhangabaú,"Rua Florêncio de Abreu, 304",Sé,,BIR/tombado,municipal,,,,2020-03-17,0010500024
INTACTO·sem dono,INTACTO,Área do Anhangabaú,"Avenida São João, 102, 104",Sé,,BIR/tombado,municipal,,,,2020-02-19,0010610009
INTACTO·sem dono,INTACTO,Área do Anhangabaú,"Rua Vinte e Cinco de Março, 739",Sé,,BIR/tombado,municipal,,,,2020-02-05,0010500113
INTACTO·sem dono,INTACTO,Área do Anhangabaú,"Rua Florêncio de Abreu, 106, 110",Sé,,BIR/tombado,municipal,,,,2020-02-14,0010500001
INTACTO·sem dono,INTACTO,Área do Anhangabaú,"Rua Florêncio de Abreu, 470, 472",Sé,,BIR/tombado,municipal,,,,2020-03-12,0010410014
INTACTO·sem dono,INTACTO,Área do Anhangabaú,"Rua São Bento, 67",Sé,,BIR/tombado,municipal,,,,2023-10-20,0050030009
INTACTO·sem dono,INTACTO,Área do Anhangabaú,"Rua Libero Badaró, 438, 58",Sé,,BIR/tombado,municipal,,,,2020-11-10,0010720098
INTACTO·sem dono,INTACTO,Área do Anhangabaú,"Rua São Bento, 45, 51",Sé,,BIR/tombado,municipal,,,,2023-07-24,0050030011
INTACTO·sem dono,INTACTO,Área do Anhangabaú,"Rua José Bonifácio, 124, 128",Sé,,BIR/tombado,municipal,,,,2020-07-22,0050040019
INTACTO·sem dono,INTACTO,Área do Anhangabaú,"Rua São Bento, 201, 203, 207",Sé,,BIR/tombado,municipal,,,,2020-12-17,0010800009
INTACTO·sem dono,INTACTO,Área do Anhangabaú,"Rua Florêncio de Abreu, 220, 222, 226",Sé,,BIR/tombado,municipal,,,,2021-02-06,0010500014
INTACTO·sem dono,INTACTO,Área do Anhangabaú,"Avenida São João, 108",Sé,,BIR/tombado,municipal,,,,2021-02-06,0010610010
INTACTO·sem dono,INTACTO,Área do Anhangabaú,"Rua Florêncio de Abreu, 449, 455, 459",Sé,,BIR/tombado,municipal,,,,2021-05-20,0010400004
INTACTO·sem dono,INTACTO,Área do Anhangabaú,"Rua Florêncio de Abreu, 501",Sé,,BIR/tombado,municipal,,,,2022-05-20,0010400009
INTACTO·sem dono,INTACTO,Área do Anhangabaú,"Rua Florêncio de Abreu, 134, 136",Sé,,BIR/tombado,municipal,,,,2024-06-07,0010500005
INTACTO·sem dono,INTACTO,Área do Anhangabaú / Antigo Othon Palace Hotel,"Rua Líbero Badaró, 190",Sé,,BIR/tombado,municipal,,,,2001-12-11,0050030048
INTACTO·sem dono,INTACTO,Área do Anhangabaú / Casa da Bóia,"Rua Florêncio de Abreu, 119, 123",Sé,,BIR/tombado,municipal,,,,2009-12-21,0010490055
INTACTO·sem dono,INTACTO,Área do Anhangabaú / Ecap - Escola de Comércio Álvares Penteado,"Largo São Francisco, 19",Sé,,BIR/tombado,municipal,,,,2023-10-09,0050140030
INTACTO·sem dono,INTACTO,Área do Anhangabaú / Edifício Frei Sant'ana Galvão,"Largo São Francisco, 173, 175, 181, 187",Sé,,BIR/tombado,municipal,,,,2017-03-18,0050130004
INTACTO·sem dono,INTACTO,Área do Anhangabaú / Hotel São Jorge,"Avenida Rio Branco, 52, 54",Sé,,BIR/tombado,municipal,,,,2021-08-26,0010530030
INTACTO·sem dono,INTACTO,Área do Anhangabaú / Irmandade da Santa Casa de Misericórdia / Edifício José Moreira / Edifício Baraúna,"Avenida São João, 126, 128",Sé,,BIR/tombado,municipal,,,,2019-07-03,0010610012
INTACTO·sem dono,INTACTO,Área do Anhangabaú / Projeto Júlio Micheli / 1912,"Rua Florêncio de Abreu, 203, 209",Sé,,BIR/tombado,municipal,,,,2025-01-20,0010490049
INTACTO·sem dono,INTACTO,Área do Centro Velho,"Rua Vinte e Cinco de Março, 830",Sé,,BIR/tombado,municipal,,,,2018-11-23,0010650003
INTACTO·sem dono,INTACTO,Área do Centro Velho,"Rua Boa Vista, 208, 228",Sé,,BIR/tombado,municipal,,,,2019-11-08,0010750656
INTACTO·sem dono,INTACTO,Área do Centro Velho,"Rua da Quitanda, 107",Sé,,BIR/tombado,municipal,,,,2019-06-26,0010840006
INTACTO·sem dono,INTACTO,Área do Centro Velho,"Praça da Sé, 403, 411",Sé,,BIR/tombado,municipal,,,,2019-07-12,0050280021
INTACTO·sem dono,INTACTO,Área do Centro Velho,"Rua da Quitanda, 89, 93",Sé,,BIR/tombado,municipal,,,,2025-06-02,0010840008
INTACTO·sem dono,INTACTO,Área do Centro Velho,"Rua Riachuelo, 33, 39, 43",Sé,,BIR/tombado,municipal,,,,2023-07-05,0050250008
INTACTO·sem dono,INTACTO,Área do Centro Velho,"Rua Boa Vista 43 a 47, 51, 57",Sé,,BIR/tombado,municipal,,,,2023-10-09,0010830004
INTACTO·sem dono,INTACTO,Área do Centro Velho,"Rua Senador Feijó, 140",Sé,,BIR/tombado,municipal,,,,2020-03-10,0050140003
INTACTO·sem dono,INTACTO,Área do Centro Velho,"Rua Vinte e Cinco de Março, 230, 236",Sé,,BIR/tombado,municipal,,,,2020-03-10,0020660004
INTACTO·sem dono,INTACTO,Área do Centro Velho,"Rua do Carmo, 81",Sé,,BIR/tombado,municipal,,,,2020-06-02,0030030048
INTACTO·sem dono,INTACTO,Área do Centro Velho,"Rua Vinte e Cinco de Março, 850",Sé,,BIR/tombado,municipal,,,,2020-09-04,0010650006
INTACTO·sem dono,INTACTO,Área do Centro Velho,"Rua Vinte e Cinco de Março, 858, 860",Sé,,BIR/tombado,municipal,,,,2020-09-04,0010650007
INTACTO·sem dono,INTACTO,Área do Centro Velho,"Rua Vinte e Cinco de Março, 846",Sé,,BIR/tombado,municipal,,,,2021-01-06,0010650005
INTACTO·sem dono,INTACTO,Área do Centro Velho,"Rua Vinte e Cinco de Março, 836",Sé,,BIR/tombado,municipal,,,,2021-01-06,0010650004
INTACTO·sem dono,INTACTO,Área do Centro Velho,"Rua Direita, 203, 207, 213",Sé,,BIR/tombado,municipal,,,,2020-06-26,0050040080
INTACTO·sem dono,INTACTO,Área do Centro Velho,"Rua dos Carmelitas, 150",Sé,,BIR/tombado,municipal,,,,2020-06-09,0030060019
INTACTO·sem dono,INTACTO,Área do Centro Velho,"Rua Vinte e Cinco de Março, 330",Sé,,BIR/tombado,municipal,,,,2021-06-30,0020660017
INTACTO·sem dono,INTACTO,Área do Centro Velho,"Rua Carlos de Sousa Nazaré, 250, 256",Sé,,BIR/tombado,municipal,,,,2021-05-06,0010510028
INTACTO·sem dono,INTACTO,Área do Centro Velho,"Rua do Tesouro, 27, 29",Sé,,BIR/tombado,municipal,,,,2024-08-07,0010860003
INTACTO·sem dono,INTACTO,Área do Centro Velho,"Praça Dr. João Mendes, 149, 151, 155, 157, 161",Sé,,BIR/tombado,municipal,,,,2024-08-23,0050280018
INTACTO·sem dono,INTACTO,Área do Centro Velho - Anexo 1 - Edificações - Item 15,"Rua Vinte e Cinco de Março, 816",Sé,,BIR/tombado,municipal,,,,2018-11-23,0010650001
INTACTO·sem dono,INTACTO,Área do Centro Velho / Edifício Rolim / Área de Interesse Arqueológico,"Praça da Sé, 79, 87, 89",Sé,,BIR/tombado,municipal,,,,2023-04-27,0020680002
INTACTO·sem dono,INTACTO,Área do Centro Velho / Governador Hotel / Área de Interesse Arqueológico,"Rua Venceslau Brás, 12, 14",Sé,,BIR/tombado,municipal,,,,2020-02-18,0020720006
INTACTO·sem dono,INTACTO,Área do Centro Velho / Área de Interesse Arqueológico,"Praça da Sé, 31, 33, 39",Sé,,BIR/tombado,municipal,,,,2023-10-06,0020610006
INTACTO·sem dono,INTACTO,Área do Pátio do Colégio / Área do Centro Velho / Casa Nº 1 / Área de Interesse Arqueológico,"Rua Roberto Simonsen, 94, 98",Sé,,BIR/tombado,municipal,,,,2023-10-06,0020590047
INTACTO·sem dono,INTACTO,Residência Na Zona Norte,"Avenida Nova Cantareira, 5816",Tremembé,,BIR/tombado,municipal,,,,2024-04-17,1090630002
INTACTO·sem dono,INTACTO,Casarões Domingos de Morais / Eixo Domingos de Morais - Vila Mariana,"Rua Domingos de Morais, 2463",Vila Mariana,,BIR/tombado,municipal,,,,2024-06-07,0420770011
INTACTO·sem dono,INTACTO,Casas Na Rua Correia Dias / Imóveis do Eixo Domingos de Morais-vila Mariana,"Rua Correia Dias, 195",Vila Mariana,,BIR/tombado,municipal,,,,2019-06-12,0370060036
INTACTO·sem dono,INTACTO,Casas Rua Capitão Cavalcanti  / Imóveis do Eixo Domingos de Morais-vila Mariana,Rua Capitão Calvacanti 38,Vila Mariana,,BIR/tombado,municipal,,,,2020-10-02,0370640015
INTACTO·sem dono,INTACTO,Casas Rua Capitão Cavalcanti / Imóveis do Eixo Domingos de Morais-vila Mariana,"Rua Domingos de Morais 1410, 1412, 1414, 1416",Vila Mariana,,BIR/tombado,municipal,,,,2020-10-02,0370640014
INTACTO·sem dono,INTACTO,Colégio Benjamin Constant / Imóveis do Eixo Domingos de Morais-vila Mariana,"Rua Eça de Queiroz, 57, 75",Vila Mariana,,BIR/tombado,municipal,,,,2022-01-21,0370150129
INTACTO·sem dono,INTACTO,Residência Na Rua Domingos de Moraes / Imóveis do Eixo Domingos de Morais-vila Mariana,"Rua Domingos de Morais 1410, 1412, 1414, 1416",Vila Mariana,,BIR/tombado,municipal,,,,2020-10-02,0370640013
TEM_SALDO·com dono,TEM_SALDO,Hospital e Maternidade Humberto Primo / Antiga Maternidade Filomena Matarazzo,"Alameda Rio Claro, 190",Bela Vista,BM EMPREENDIMENTOS E PARTICIPACOES SPE SA,BIR/tombado,municipal+estadual,,,,2024-07-04,0090150032
TEM_SALDO·com dono,TEM_SALDO,Avenida Higienópolis18 (residência Dona Veridiana Prado)/bairro de Higienópolis,"Avenida Higienópolis, 18",Consolação,IATE CLUBE DE SANTOS,BIR/tombado,municipal+estadual,17611.02,,,2019-12-14,0070540001
TEM_SALDO·com dono,TEM_SALDO,Conjunto de Imóveis No Bairro do Ipiranga,"Rua Agostinho Gomes, 1941",Ipiranga,MITRA ARQUIDIOCESANA DE SAO PAULO,BIR/tombado,municipal,,,,2023-01-25,0400900218
TEM_SALDO·com dono,TEM_SALDO,Instituto Cristóvão Colombo / Seminário João Xxiii,"Rua Dr Mário Vicente, 1108",Ipiranga,INSTITUTO CRISTOVAO COLOMBO,BIR/tombado,municipal,45945.53,,,2022-08-16,0401990208
TEM_SALDO·com dono,TEM_SALDO,,"Avenida Brigadeiro Faria Lima, 3477",Itaim Bibi,COND.PATIO VICTOR MALZONI,BIR,,46098.0,,,2000-09-20,2990140177
TEM_SALDO·com dono,TEM_SALDO,"Edifício da Sociedade Harmonia de Tênis / Obra de Fábio Penteado, Alfredo Paesani, Teru","Rua Canadá, 644, 658",Jardim Paulista,SOCIEDADE HARMONIA DE TENIS,BIR/tombado,municipal+estadual,8413.02,,,2019-01-16,0160090028
TEM_SALDO·com dono,TEM_SALDO,Estádio Conde Rodolfo Crespi (juventus),"Rua Javari, 101, 107, 117, 169, 183, 586, 93",Mooca,CLUBE ATLETICO JUVENTUS,BIR/tombado,municipal,4671.98,,,2023-03-24,0280220286
TEM_SALDO·com dono,TEM_SALDO,Conjunto Arquitetonico da Puc,"Rua Monte Alegre, 984",Perdizes,FUNDACAO SAO PAULO,BIR/tombado,municipal+estadual,17112.83,,,2021-03-09,0210640001
TEM_SALDO·com dono,TEM_SALDO,Conjunto Edificado dos Dominicanos/igreja São Domingos/ Obra de Adolf Franz Heep / 1953 - Item 33 / Novo Convento Santo Alberto Magno / Pacaembu e Perdizes,"Rua Caiubi, 126, 164, 420",Perdizes,INSTITUTO PENTAGONO DE EDUCACAO,BIR/tombado,municipal+estadual,5485.83,,,2021-02-27,0110230013
TEM_SALDO·com dono,TEM_SALDO,Santuário do Sagrado Coração de Jesus e Liceu / Bairro dos Campos Elíseos,"Largo Coração de Jesus, 140, 154, 275",Santa Cecília,LICEU CORACAO DE JESUS,BIR/tombado,municipal+estadual,15444.26,,,2019-01-12,0080260001
TEM_SALDO·com dono,TEM_SALDO,Santuário do Sagrado Coração de Jesus e Liceu / Bairro dos Campos Elíseos,"Largo Coração de Jesus, 140, 154",Santa Cecília,LICEU CORACAO DE JESUS,BIR/tombado,municipal+estadual,,,,2019-01-12,0080260002
TEM_SALDO·com dono,TEM_SALDO,Edifício Banco do Brasil / Área do Centro Velho / Centro Cultural Banco do Brasil,"Rua Alvares Penteado, 112",Sé,BANCO DO BRASIL S/A,BIR/tombado,municipal+estadual,2090.3,,,2023-06-20,0010820014
TEM_SALDO·sem dono,TEM_SALDO,Bairro de Perdizes / Edificação Na Rua Ministro Godói 81,"Avenida Francisco Matarazzo, 385",Barra Funda,,BIR/tombado,municipal,3533.76,,,2023-08-16,0210140004
TEM_SALDO·sem dono,TEM_SALDO,Edificio do Instituto Rogacionista,"Avenida Santa Marina, 518, 534",Barra Funda,,BIR/tombado,municipal,5733.01,,,2020-04-03,1970330070
TEM_SALDO·sem dono,TEM_SALDO,,"Alameda Joaquim Eugênio de Lima, 159",Bela Vista,,BIR,,1252.64,,,2013-05-08,0090510021
TEM_SALDO·sem dono,TEM_SALDO,,"Rua Cincinato Braga, 434",Bela Vista,,BIR,,,,,2023-03-24,0090660667
TEM_SALDO·sem dono,TEM_SALDO,Bairro da Bela Vista,"Rua dos Franceses, 296",Bela Vista,,BIR/tombado,municipal,3317.87,,,2008-08-16,0090190034
TEM_SALDO·sem dono,TEM_SALDO,Bairro da Bela Vista,"Rua dos Franceses, 350",Bela Vista,,BIR/tombado,municipal,4180.01,,,2018-06-19,0090190092
TEM_SALDO·sem dono,TEM_SALDO,Bairro da Bela Vista,"Rua Martiniano de Carvalho, 60, 114, 156, 170",Bela Vista,,BIR/tombado,municipal,5216.18,,,2024-02-01,0090320149
TEM_SALDO·sem dono,TEM_SALDO,Bairro da Bela Vista,"Rua Martiniano de Carvalho, 60, 114, 156, 170",Bela Vista,,BIR/tombado,municipal,,,,2024-02-01,0090320446
TEM_SALDO·sem dono,TEM_SALDO,Bairro da Bela Vista,"Rua dos Ingleses, 78",Bela Vista,,BIR/tombado,municipal,245.52,Transferido em Julho de 2025,nao,2025-07-07,0090200034
TEM_SALDO·sem dono,TEM_SALDO,Bairro da Bela Vista,"Rua dos Ingleses, 86",Bela Vista,,BIR/tombado,municipal,601.77,Transferido em Julho de 2025,nao,2025-07-07,0090200033
TEM_SALDO·sem dono,TEM_SALDO,Bairro da Bela Vista,"Rua dos Ingleses, 92",Bela Vista,,BIR/tombado,municipal,324.0,Transferido em Julho de 2025,nao,2025-07-07,0090200032
TEM_SALDO·sem dono,TEM_SALDO,Bairro da Bela Vista,"Avenida Brigadeiro Luis Antônio, 1573",Bela Vista,,BIR/tombado,municipal,1169.16,,,2018-01-10,0090540012
TEM_SALDO·sem dono,TEM_SALDO,Bairro da Bela Vista,"Avenida Brigadeiro Luis Antônio, 1300",Bela Vista,,BIR/tombado,municipal,1230.0,,,2017-10-18,0090420023
TEM_SALDO·sem dono,TEM_SALDO,Bairro da Bela Vista,"Avenida Brigadeiro Luis Antônio, 1308",Bela Vista,,BIR/tombado,municipal,300.0,,,2019-01-10,0090420022
TEM_SALDO·sem dono,TEM_SALDO,Bairro da Bela Vista,"Rua Major Diogo, 784",Bela Vista,,BIR/tombado,municipal,166.42,,,2020-02-05,0090250058
TEM_SALDO·sem dono,TEM_SALDO,Bairro da Bela Vista,"Rua dos Franceses, 124",Bela Vista,,BIR/tombado,municipal,207.43,,,2021-10-15,0090190046
TEM_SALDO·sem dono,TEM_SALDO,Bairro da Bela Vista,"Rua dos Franceses, 132",Bela Vista,,BIR/tombado,municipal,207.43,,,2021-10-09,0090190045
TEM_SALDO·sem dono,TEM_SALDO,Hospital e Maternidade Humberto Primo / Antiga Maternidade Filomena Matarazzo,"Alameda Rio Claro, 190",Bela Vista,,BIR/tombado,municipal+estadual,1728.71,,,2024-07-04,0090150031
TEM_SALDO·sem dono,TEM_SALDO,Imóvel Rua São Carlos do Pinhal 376 / Residência Daphnis de Freitas Valle / Neocolonial,"Rua São Carlos do Pinhal, 376",Bela Vista,,BIR/tombado,municipal,1275.0,,,2017-07-05,0090490026
TEM_SALDO·sem dono,TEM_SALDO,Imóvel à Rua Cincinato Braga 434 / Proj. Arquiteto Francisco Beck,"Rua Cincinato Braga, 434",Bela Vista,,BIR/tombado,municipal,1772.45,,,2023-03-24,0090660007
TEM_SALDO·sem dono,TEM_SALDO,Residência do Arquiteto Paulo Mendes da Rocha / Obra de Paulo Mendes da Rocha e João Eduardo de Gennaro/1964 - Item 77,"Rua Engenheiro João de Ulhoa Cintra, 26",Butantã,,BIR/tombado,municipal,760.0,,,2021-06-29,2000060024
TEM_SALDO·sem dono,TEM_SALDO,Residência do Arquiteto João Vilanova Artigas / Obra de João Vilanova Artigas / 1949 - Item 21,"Rua Barão de Jaceguai, 1149, 1151",Campo Belo,,BIR/tombado,municipal+estadual,2174.19,,,2019-03-23,0860910003
TEM_SALDO·sem dono,TEM_SALDO,,"Estrada do Itapecerica, 5859",Capão Redondo,,BIR,,8361.79,,,2019-09-13,1672260527
TEM_SALDO·sem dono,TEM_SALDO,Universidade Adventista de São Paulo / Antigo Colégio Adventista Brasileiro,"Estrada do Itapecerica, 5859",Capão Redondo,,BIR/tombado,municipal,19371.41,,,2021-08-26,1672260004
TEM_SALDO·sem dono,TEM_SALDO,Sítio Santa Luzia,"Rua Sóror Angélica, 364",Casa Verde,,BIR/tombado,municipal+estadual,1663.14,,,2010-03-02,3060280040
TEM_SALDO·sem dono,TEM_SALDO,,"Avenida Higienópolis, 720",Consolação,,BIR,,1122.0,,,2019-03-21,0200950527
TEM_SALDO·sem dono,TEM_SALDO,,"Avenida Higienópolis, 720",Consolação,,BIR,,,,,2019-03-21,0200950528
TEM_SALDO·sem dono,TEM_SALDO,,"Avenida Higienópolis, 720",Consolação,,BIR,,,,,2019-03-21,0200950529
TEM_SALDO·sem dono,TEM_SALDO,,"Avenida Higienópolis, 720",Consolação,,BIR,,,,,2019-03-21,0200950530
TEM_SALDO·sem dono,TEM_SALDO,,"Avenida Higienópolis, 720",Consolação,,BIR,,,,,2019-03-21,0200950531
TEM_SALDO·sem dono,TEM_SALDO,,"Avenida Higienópolis, 720",Consolação,,BIR,,,,,2019-03-21,0200950532
TEM_SALDO·sem dono,TEM_SALDO,,"Avenida Higienópolis, 720",Consolação,,BIR,,,,,2019-03-21,0200950533
TEM_SALDO·sem dono,TEM_SALDO,,"Avenida Higienópolis, 720",Consolação,,BIR,,,,,2019-03-21,0200950534
TEM_SALDO·sem dono,TEM_SALDO,,"Avenida Higienópolis, 901",Consolação,,BIR,,,,,2021-02-09,0110920276
TEM_SALDO·sem dono,TEM_SALDO,Bairro de Higienópolis / Residência Na Avenida Angélica 1212 / Bank Boston,"Avenida Angélica, 1212",Consolação,,BIR/tombado,municipal+estadual,2139.39,,,2018-03-17,0200950021
TEM_SALDO·sem dono,TEM_SALDO,Colégio Nossa Senhora do Sion / Colégio Sion,"Avenida Higienópolis, 901",Consolação,,BIR/tombado,municipal+estadual,5988.38,,,2021-02-09,0110920275
TEM_SALDO·sem dono,TEM_SALDO,Imóvel à Rua Piauí 874 (residência Família Gustavo Stahl/ Bairro de Higienópolis,"Rua Piauí, 874",Consolação,,BIR/tombado,municipal,1214.95,,,2024-09-17,0111010018
TEM_SALDO·sem dono,TEM_SALDO,Pacaembu e Perdizes / Casa da Rua Bahia / Residência Luiz da Silva Prado / Obra de Gregori Warchavchik / 1930 - Item 3,"Rua Bahia, 1126",Consolação,,BIR/tombado,municipal+estadual+federal,765.0,,,2018-12-04,0111290011
TEM_SALDO·sem dono,TEM_SALDO,Pacaembu e Perdizes / Conjunto Arquitetônico da Faap / Antiga Residência Art-deco da Família Álvares Penteado,"Rua Ceará, 02",Consolação,,BIR/tombado,municipal+estadual,6315.4,,,2021-07-22,0110970001
TEM_SALDO·sem dono,TEM_SALDO,Capela Cristo Operário / Casa do Capelão e Anexos,"Rua Vergueiro, 7290, 7326",Cursino,,BIR/tombado,municipal+estadual,2700.0,,,2021-02-25,0431790030
TEM_SALDO·sem dono,TEM_SALDO,,"Avenida Nazaré, 993",Ipiranga,,BIR,,25036.04,,,2020-11-28,0401290070
TEM_SALDO·sem dono,TEM_SALDO,,"Rua Agostinho Gomes, 1941",Ipiranga,,BIR,,2828.33,,,2022-07-06,0400900013
TEM_SALDO·sem dono,TEM_SALDO,,"Rua Xavier Curado, 42",Ipiranga,,BIR,,1725.0,,,2022-11-22,0400740093
TEM_SALDO·sem dono,TEM_SALDO,,"Rua Labatut, 781",Ipiranga,,BIR,,3870.0,Transferido em Julho de 2025,nao,2025-07-07,0500084586
TEM_SALDO·sem dono,TEM_SALDO,Antiga Residência do Maestro Furio Franceschini,"Avenida Nazaré, 366",Ipiranga,,BIR/tombado,municipal,1383.27,,,2013-09-25,0400840051
TEM_SALDO·sem dono,TEM_SALDO,Antigo Grupo Escolar São José,"Rua Moreira de Godói, 312",Ipiranga,,BIR/tombado,municipal,18235.04,,,2018-08-18,0401250058
TEM_SALDO·sem dono,TEM_SALDO,Clinica Infantil do Ipiranga,"Avenida Nazaré, 1361",Ipiranga,,BIR/tombado,municipal,50000.0,,,2020-09-30,0430470002
TEM_SALDO·sem dono,TEM_SALDO,Conjunto de Imóveis No Bairro do Ipiranga,"Rua Agostinho Gomes, 1941",Ipiranga,,BIR/tombado,municipal,3759.71,,,2023-01-25,0400900012
TEM_SALDO·sem dono,TEM_SALDO,Educandário Sagrada Família / Congregação das Irmãzinhas de Imaculada Conceição,"Avenida Nazaré, 470",Ipiranga,,BIR/tombado,municipal,4831.92,,,2020-02-07,0400850011
TEM_SALDO·sem dono,TEM_SALDO,Educandário Sagrada Família / Congregação das Irmãzinhas de Imaculada Conceição,"Avenida Nazaré, 470",Ipiranga,,BIR/tombado,municipal,,,,2020-02-07,0400850012
TEM_SALDO·sem dono,TEM_SALDO,Educandário Sagrada Família / Congregação das Irmãzinhas de Imaculada Conceição,"Avenida Nazaré, 470",Ipiranga,,BIR/tombado,municipal,,,,2020-02-07,0400850013
TEM_SALDO·sem dono,TEM_SALDO,Instituto Maria Imaculada/ Congregação das Irmãs Filhas de Maria Imaculada,"Avenida Nazaré, 711",Ipiranga,,BIR/tombado,municipal,5822.76,,,2018-05-10,0401060026
TEM_SALDO·sem dono,TEM_SALDO,Instituto Padre Chico/companhia das Irmãs da Caridade de São Vicente de Paulo,"Avenida Nazaré, 943, 718, 456",Ipiranga,,BIR/tombado,municipal,9527.55,,,2022-01-27,0401290001
TEM_SALDO·sem dono,TEM_SALDO,Internato Nossa Senhora Auxiliadora/congregação das Filhas de Nossa Senhora do Sagrado Coração,"Rua Dom Luiz Lasanha, 300",Ipiranga,,BIR/tombado,municipal,26055.77,,,2018-07-06,0401150019
TEM_SALDO·sem dono,TEM_SALDO,Residências à Rua Bom Pastor e Costa Aguiar / Edificações da Família Jafet,"Rua Costa Aguiar, 1055",Ipiranga,,BIR/tombado,municipal,5134.65,,,2018-04-14,0400510007
TEM_SALDO·sem dono,TEM_SALDO,,"Rua Canadá, 644, 658",Jardim Paulista,,BIR,,4698.87,,,2018-07-06,0160090006
TEM_SALDO·sem dono,TEM_SALDO,,"Rua Canadá, 644, 658",Jardim Paulista,,BIR,,,,,2018-07-06,0160090026
TEM_SALDO·sem dono,TEM_SALDO,Edifício Sede da Sociedade Beneficente União Fraterna,"Rua Guaicurus, 1, 59",Lapa,,BIR/tombado,municipal,673.8,,,2018-12-04,0220100023
TEM_SALDO·sem dono,TEM_SALDO,Residências de Ramos de Azevedo à Rua Pirapitingui,"Rua Pirapitingui, 111",Liberdade,,BIR/tombado,municipal+estadual,7774.75,,,2010-03-18,0330170013
TEM_SALDO·sem dono,TEM_SALDO,Residência Paulo Bittencourt Filho / Projeto de Ruy Ohtake / 1972 - Item 158 / Jardim Lusitânia / Residências Projetadas Pelo Arquiteto Ruy Ohtake e Colaboradores,"Rua Dom Henrique, 507",Moema,,BIR/tombado,municipal,,,,2024-05-14,0410420010
TEM_SALDO·sem dono,TEM_SALDO,Antigo Conjunto Sociedade Técnica Bremensis e Schmidt Trost,"Rua Borges de Figueiredo, 1294, 1358",Mooca,,BIR/tombado,municipal,7500.0,,,2018-09-19,0280460070
TEM_SALDO·sem dono,TEM_SALDO,Casa de Vidro / Residência de Pietro Maria Bardi e Lina Bo Bardi / 1949 - Item 20,"Rua Gal Almério de Moura, 300",Morumbi,,BIR/tombado,municipal+estadual+federal,3263.55,,,2017-09-26,3000750007
TEM_SALDO·sem dono,TEM_SALDO,Residência João Marino / Obra de Sylvio Barros Sawaya e Edmilson Tinoco Júnior / 1969 - Item 119 / Edificações Modernas Indicadas Como Zepec,"Avenida Lopes de Azevedo, 265",Morumbi,,BIR/tombado,municipal,260.43,,,2019-05-30,0840030017
TEM_SALDO·sem dono,TEM_SALDO,Residência Oscar Americano / Fundação Maria Luísa e Oscar Americano / Projeto Oswaldo Arthur Bratke,"Avenida Morumbi, 4077",Morumbi,,BIR/tombado,municipal,19387.0,,,2023-10-06,3000320012
TEM_SALDO·sem dono,TEM_SALDO,"Bairro de Perdizes / Edificação Na Rua Turiaçu 99, 117","Rua Turiassu, 99",Perdizes,,BIR/tombado,municipal,1300.0,,,2023-08-16,0200690007
TEM_SALDO·sem dono,TEM_SALDO,Casa dos Triângulos (casa Rubens de Mendonça) / Conjunto de Obras do Arq. Vilanova Artigas,"Rua Guaçu, 176",Perdizes,,BIR/tombado,municipal,457.2,,,2021-05-28,0121230007
TEM_SALDO·sem dono,TEM_SALDO,Antiga Residência da Família Vicente de Azevedo / Casa Rua Padre João Manoel,"Rua Padre Manuel, 109",Pinheiros,,BIR/tombado,municipal,2152.5,,,2020-11-14,0100691220
TEM_SALDO·sem dono,TEM_SALDO,Bairro da Bela Vista,"Rua Jardim Francisco Marcos, 91",República,,BIR/tombado,municipal,1030.96,,,2019-04-02,0060490020
TEM_SALDO·sem dono,TEM_SALDO,Casas de Aluguel à Rua Santa Isabel,"Rua Bento Freitas, 76, 86, 88",República,,BIR/tombado,municipal+estadual,2657.56,,,2017-05-31,0070500009
TEM_SALDO·sem dono,TEM_SALDO,Casas de Aluguel à Rua Santa Isabel,"Rua Bento Freitas, 76, 86, 88",República,,BIR/tombado,municipal+estadual,,,,2017-05-31,0070500010
TEM_SALDO·sem dono,TEM_SALDO,Casas de Aluguel à Rua Santa Isabel,"Rua Bento Freitas, 76, 86, 88",República,,BIR/tombado,municipal+estadual,,,,2017-05-31,0070500011
TEM_SALDO·sem dono,TEM_SALDO,,"Rua Major Quedinho, 28, 44, 76",Santa Cecília,,BIR,,3367.14,,,2003-04-15,0080210843
TEM_SALDO·sem dono,TEM_SALDO,,"Rua Major Quedinho, 28, 44, 76",Santa Cecília,,BIR,,,,,2003-04-15,0080210842
TEM_SALDO·sem dono,TEM_SALDO,,"Rua Major Quedinho, 28, 44, 76",Santa Cecília,,BIR,,,,,2003-04-15,0080210844
TEM_SALDO·sem dono,TEM_SALDO,Colégio São Vicente de Paulo e Antiga Sede da Casa Pia / Engenheiro-arquiteto Maximiliano Hehl,"Alameda Barros, 539",Santa Cecília,,BIR/tombado,municipal,4120.87,,,2023-06-07,0200790028
TEM_SALDO·sem dono,TEM_SALDO,,"Rua Angra dos Reis, 300",Santo Amaro,,BIR,,2270.65,,,2021-05-28,0904790108
TEM_SALDO·sem dono,TEM_SALDO,Mosteiro de Santa Teresa de Avila,"Avenida Jabaquara, 244",Saúde,,BIR/tombado,municipal,6465.14,,,2025-01-17,0450440064
TEM_SALDO·sem dono,TEM_SALDO,Igreja de Santo Antônio,"Praça do Patriarca, 49",Sé,,BIR/tombado,municipal+estadual,1632.8,,,2018-11-23,0050030003
TEM_SALDO·sem dono,TEM_SALDO,Área do Anhangabaú / Mosteiro de São Bento,Largo São Bento,Sé,,BIR/tombado,municipal,25984.46,,,2024-07-04,0010490235
SO_ELEGIVEL·com dono,SO_ELEGIVEL,Igreja de São Geraldo,Largo Padre Pericles,Barra Funda,MITRA ARQUIDIOCESANA DE SAO PAULO - PAROQUIA SAO GERALDO,tombado,municipal,,,,2013-10-08,0200530001
SO_ELEGIVEL·com dono,SO_ELEGIVEL,Memorial da America Latina,"Avenida Auro Soares de Moura Andrade, 664",Barra Funda,HYPE PRODUÇÕES CULTURAIS LTDA,tombado,municipal+estadual,,,,2012-07-26,0211150001
SO_ELEGIVEL·com dono,SO_ELEGIVEL,Memorial da America Latina,Avenida Auro Soares de Moura Andrade,Barra Funda,ASSOCIACAO LATINO AMERICANA DE ARTE E CULTURA - ALAC,tombado,municipal+estadual,,,,2012-07-26,0211170002
SO_ELEGIVEL·com dono,SO_ELEGIVEL,Nacional Atletico Clube / Estadio Nicolau Alayon,"Avenida Marques de Sao Vicente, 2477",Barra Funda,NACIONAL ATLÉTICO CLUBE,tombado,municipal,,,,2017-11-29,1970340026
SO_ELEGIVEL·com dono,SO_ELEGIVEL,Piscina Coberta Adhemar de Barros / Edificações Modernas Indicadas Como Zepec,"Rua Dona Germaine Burchard, 451",Barra Funda,REJANNE NASCIMENTO SILVEIRA,tombado,municipal,,,,2019-05-30,0210120120
SO_ELEGIVEL·com dono,SO_ELEGIVEL,Masp,"Avenida Paulista, 1578",Bela Vista,MUSEU DE ARTE DE SAO PAULO ASSIS CHATEAUBRIAND - MASP,tombado,municipal+estadual+federal,,,,1991-04-10,0090960003
SO_ELEGIVEL·com dono,SO_ELEGIVEL,Imóveis Enquadrados Como Z8-200 - Anexo I - Item 211 / Escola Estadual Prudente de Morais,"Rua Ribeiro de Lima, 57, 63, 273",Bom Retiro,"OCASULO SERVIÇOS DE ORGANIZAÇÃO, PROMOÇÃO E EXECUÇÃO DE EVEN",tombado,municipal,,,,2017-08-17,0010870002
SO_ELEGIVEL·com dono,SO_ELEGIVEL,Cine Belas Artes / Antigo Cine Trianon,"Rua da Consolação, 2423",Consolação,CINEMA BELAS ARTES EPP LTDA,tombado,municipal+estadual,,,,2016-10-29,0100500050
SO_ELEGIVEL·com dono,SO_ELEGIVEL,Estádio Municipal Paulo Machado de Carvalho / Estádio do Pacaembu,Praça Charles Miller,Consolação,"IDBRASIL CULTURA, EDUCACAO E ESPORTE",tombado,municipal+estadual,,,,1988-11-19,0111080001
SO_ELEGIVEL·com dono,SO_ELEGIVEL,Instituto Mackenzie - Muro de Arrimo,"Rua Piauí, 100, 188, 192, 212, 295, 307, 403, 45, 185, 1074",Consolação,INSTITUTO PRESBITERIANO MACKENZIE,tombado,municipal+estadual,,,,2017-05-31,0100070714
SO_ELEGIVEL·com dono,SO_ELEGIVEL,Moradia Abastada do Início do Século Xx / Imoveis Na Subprefeitura da Sé,"Rua Piauí, 527",Consolação,HESA 214 - INVESTIMENTOS IMOBILIÁRIOS LTDA,tombado,municipal,,,,2012-03-28,0100090006
SO_ELEGIVEL·com dono,SO_ELEGIVEL,Shopping Higienopolis - Casa 1,"Avenida Higienópolis, 698",Consolação,CINEMARK BRASIL S/A - SHOPPING HIGIENOPOLIS,tombado,municipal+estadual,,,,2014-02-27,0200951381
SO_ELEGIVEL·com dono,SO_ELEGIVEL,Igreja São João Maria Vianney/mitra Arquidiocesana de São Paulo,Praça Cornélia,Lapa,PAROQUIA SAO JOAO MARIA VIANNEY,tombado,municipal,,,,2009-09-16,0230490007
SO_ELEGIVEL·com dono,SO_ELEGIVEL,Imóveis Indicados Como Zepec Na Subprefeitura da Lapa / Igreja Nossa Senhora da Lapa,"Rua Nossa Senhora da Lapa, 292",Lapa,MITRA ARQUIDIOCESANA DE SAO PAULO,tombado,municipal,,,,2009-09-16,0230120297
SO_ELEGIVEL·com dono,SO_ELEGIVEL,Eixo Liberdade-vergueiro / Igepac Liberdade / Colégio Santo Agostinho,"Praça Santo Agostinho, 79, 178",Liberdade,ASSOCIAÇÃO PROJETO ABRAÇO,tombado,municipal,,,,2019-09-25,0380050022
SO_ELEGIVEL·com dono,SO_ELEGIVEL,Museu Florestal Octávio Vecchi (incluindo Acervo Museológico),"Rua do Horto, 931",Mandaqui,ARLETE DE SOUZA CARDOSO,tombado,estadual,,,,,1273120001
SO_ELEGIVEL·com dono,SO_ELEGIVEL,"Assembléia Legislativa / Integra Quadro 6 / Obra de Adolpho Rubio Morales, Ricardo Sievers, Rubens Carneiro Vianna/1961 / Edificações Modernas Indicadas Como Zepec","Avenida Sargento Mário Kozel Filho, 161, 201, 1814",Moema,PARTIDO DO MOVIMENTO DEMOCRATICO BRASILEIRO,tombado,municipal,,,,2019-05-30,0360550002
SO_ELEGIVEL·com dono,SO_ELEGIVEL,Conjunto Desportivo Constâncio Vaz Guimarães,"Rua Manuel da Nóbrega, 1111, 1361",Moema,DOANJO PRODUÇOES LTDA,tombado,municipal+federal,,,,2023-04-13,0361380154
SO_ELEGIVEL·com dono,SO_ELEGIVEL,Clube Paineiras do Morumby / Projeto Carlos Barjas Millan e Paulo de Mello Bastos (sede Social),"Avenida Doutor Alberto Penteado, 605",Morumbi,CLUBE PAINEIRAS DO MORUMBY,tombado,municipal,,,,2018-04-11,3000090033
SO_ELEGIVEL·com dono,SO_ELEGIVEL,"Colégio Visconde de Porto Seguro / Arquitetos Plínio Croce, Roberto Aflalo e Giancarlo Gasperini / 1970 / Edificações Modernas Indicadas Como Zepec","Rua Clementine Brenne, 30, 55",Morumbi,FUNDACAO VISCONDE DE PORTO SEGURO,tombado,municipal,,,,2019-05-30,1231640062
SO_ELEGIVEL·com dono,SO_ELEGIVEL,Estádio Cícero Pompeu de Toledo / Estádio do São Paulo Futebol Clube / Obra de João Vilanova Artigas / 1952 - Item 32,"Praça Roberto Gomes Pedrosa, 1",Morumbi,LIVE NATION BRASIL ENTRETENIMENTO LTDA,tombado,municipal,,,,2019-03-23,1231280001
SO_ELEGIVEL·com dono,SO_ELEGIVEL,Hospedaria dos Imigrantes,"Rua Visconde de Parnaíba, 1316",Móoca,INSTITUTO DE PRESERVAÇÃO E DIFUSÃO DA HISTÓRIA DO CAFÉ E DA,tombado,municipal+estadual,,,,1991-04-10,0270850001
SO_ELEGIVEL·com dono,SO_ELEGIVEL,Mube - Museu Brasileiro de Escultura /  Projeto Paulo Mendes da Rocha,"Avenida Europa, 218",Pinheiros,MUSEU BRASILEIRO DA ESCULTURA E ECOLOGIA-MUBE,tombado,municipal,,,,2019-02-26,0150890022
SO_ELEGIVEL·com dono,SO_ELEGIVEL,Área do Anhangabaú / Antigo Cine Dom José,"Rua Dom José de Barros, 288, 296, 298",República,F.J.CINES LTDA,tombado,municipal,,,,1992-12-09,0060170015
SO_ELEGIVEL·com dono,SO_ELEGIVEL,Área do Anhangabaú / Edifício Thomas Edison,"Rua Bráulio Gomes, 22, 36, 44, 201",República,G5 JOMAFIL FUNDO DE INVESTIMENTO IMOBILIARIO FII,tombado,municipal,,,,1992-12-09,0060070413
SO_ELEGIVEL·com dono,SO_ELEGIVEL,Clube Esperia,"Avenida Santos Dumont, 1313, 65",Santana,AGENCIA PLAY PRODUCOES DE EVENTOS EIRELI,tombado,municipal,,,,2018-05-23,0732850001
SO_ELEGIVEL·com dono,SO_ELEGIVEL,Conjunto da Penitenciaria do Estado de Sao Paulo,"Avenida General Ataliba Leonel, 656",Santana,ASSOCIACAO PAULISTA DOS AMIGOS DA ARTE,tombado,municipal,,,,2019-11-01,3040090002
SO_ELEGIVEL·com dono,SO_ELEGIVEL,Catedral da Sé / Catedral Metropolitana da Sé,Praça da Sé,Sé,MITRA ARQUIDIOCESANA DE SAO PAULO,tombado,municipal+estadual,,,,2007-07-25,0050260001
SO_ELEGIVEL·com dono,SO_ELEGIVEL,Faculdade de Direito da Usp / Tribuna Livre / Passarela /área do Anhangabaú / Túmulo Júlio Frank,"Rua do Riachuelo, 194, 95",Sé,ASSOCIACAO ATLETICA ACADEMICA XI DE AGOSTO,tombado,municipal+estadual,,,,1992-12-09,0050130007
SO_ELEGIVEL·com dono,SO_ELEGIVEL,Palácio das Indústrias / Pavilhão das Indùstrias,Parque Dom Pedro Ii,Sé,FUNDAÇÃO CATAVENTO CULTURAL EDUCACIONAL,tombado,municipal+estadual,,,,1991-04-10,0020520001
SO_ELEGIVEL·com dono,SO_ELEGIVEL,Área do Anhangabaú,"Ld Porto Geral, 98, 106, 614",Sé,GIOPAR EMPREENDIMENTOS IMOBILIARIOS LTDA E OUTROS,tombado,municipal,,,,1992-12-09,0010750021
SO_ELEGIVEL·com dono,SO_ELEGIVEL,Área do Anhangabaú / Edifício Sede do Banco do Brasil,"Rua Líbero Badaró, 568, 465, 32",Sé,BANCO DO BRASIL SA,tombado,municipal,,,,1992-12-09,0010620009
SO_ELEGIVEL·com dono,SO_ELEGIVEL,Área do Centro Velho,"Rua Onze de Agosto, 64, 68",Sé,ABIB MALDAUN NETO,tombado,municipal,,,,2007-07-25,0050280017
SO_ELEGIVEL·com dono,SO_ELEGIVEL,Colégio Madre Cabrini / Imóveis do Eixo Domingos de Morais-vila Mariana,"Rua Madre Cabrini, 36",Vila Mariana,ASSOCIACAO MAD CABRINI DAS IR MIS DO SAG COR D,tombado,municipal,,,,2018-03-09,0370830441
SO_ELEGIVEL·com dono,SO_ELEGIVEL,Matadouro de Vila Mariana,"Largo Senador Raul Cardoso, 207, 1112, 1124",Vila Mariana,TM1 AGENCIA DE MARKETING PROMOCIONAL LTDA,tombado,municipal+estadual,,,,1991-04-10,0370480028
SO_ELEGIVEL·sem dono,SO_ELEGIVEL,Residência Roberto Millan / Obra de Carlos Barjas Millan / 1960 - Item 54 / Edificações Modernas Indicadas Como Zepec,"Rua Alberto Faria, 646",Alto de Pinheiros,,tombado,municipal,,,,2019-05-30,0830250015
SO_ELEGIVEL·sem dono,SO_ELEGIVEL,Cava de Ouro I,,Anhanguera,,tombado,municipal+estadual,,,,2014-01-24,2070000000
SO_ELEGIVEL·sem dono,SO_ELEGIVEL,Cava de Ouro Iii,,Anhanguera,,tombado,municipal+estadual,,,,2014-01-24,2020000000
SO_ELEGIVEL·sem dono,SO_ELEGIVEL,Cava de Ouro Iv,,Anhanguera,,tombado,municipal+estadual,,,,2014-01-24,2030000000
SO_ELEGIVEL·sem dono,SO_ELEGIVEL,Antigo Asilo Na Rua Turiassu,"Rua Turiassu, 966",Barra Funda,,tombado,municipal,,,,2009-09-16,0210120069
SO_ELEGIVEL·sem dono,SO_ELEGIVEL,Casa do Eletricista da Fabrica Matarazzo,"Avenida Francisco Matarazzo, 1500",Barra Funda,,tombado,municipal+estadual,,,,1991-04-10,0220060000
SO_ELEGIVEL·sem dono,SO_ELEGIVEL,"Edificios Remanescentes da Antiga Serraria Americana, Galpões Lindeiros e Chaminé","Rua Tagipuru, 711",Barra Funda,,tombado,municipal,,,,2019-04-10,0210040072
SO_ELEGIVEL·sem dono,SO_ELEGIVEL,Eepg Dom Pedro Ii / Escolas Primeira República,"Rua Marta, 33",Barra Funda,,tombado,municipal+estadual,,,,2014-12-24,0210080001
SO_ELEGIVEL·sem dono,SO_ELEGIVEL,Fabrica Matarazzo / Casa das Caldeiras,"Avenida Francisco Matarazzo, 1096",Barra Funda,,tombado,municipal+estadual,,,,1991-04-10,0220060134
SO_ELEGIVEL·sem dono,SO_ELEGIVEL,Galpão Industrial a Av. Santa Marina,"Avenida Sta Marina, 394",Barra Funda,,tombado,municipal,,,,2009-09-16,1970330113
SO_ELEGIVEL·sem dono,SO_ELEGIVEL,Residência Telmo Porto / Obra de João Vilanova Artigas / 1968 - Item 110,"Rua Doutor Costa Júnior, 238",Barra Funda,,tombado,municipal,,,,2019-03-23,0210100027
SO_ELEGIVEL·sem dono,SO_ELEGIVEL,Antiga Residência de Herbet James Singleton Boyes,"Rua Carlos Comenale, 22, 32, 700",Bela Vista,,tombado,municipal,,,,2024-07-26,0090140003
SO_ELEGIVEL·sem dono,SO_ELEGIVEL,Banco América do Sul / Obra do Engenheiro Ernest Robert Carvalho Mange e Arquiteto Ariaki Kato / 1965,"Avenida Brigadeiro Luis Antonio, 2020",Bela Vista,,tombado,municipal,,,,2023-11-30,0090650000
SO_ELEGIVEL·sem dono,SO_ELEGIVEL,Castelinho da Brigadeiro Luís Antônio / Antiga Residência de Cláudio de Souza,"Avenida Brigadeiro Luís Antônio, 826",Bela Vista,,tombado,municipal+estadual,,,,1991-04-10,0090950001
SO_ELEGIVEL·sem dono,SO_ELEGIVEL,Edifício Palácio Quinta Avenida / Obra de Pedro Paulo de Melo Saraiva e Miguel Juliano e Silva / 1959,"Avenida Paulista, 726",Bela Vista,,tombado,municipal,,,,2023-11-30,0090640000
SO_ELEGIVEL·sem dono,SO_ELEGIVEL,Edifício Paulicéia e Edifício São Carlos do Pinhal,"Avenida Paulista, 960, 345, 389",Bela Vista,,tombado,municipal+estadual,,,,2017-11-15,0090480000
SO_ELEGIVEL·sem dono,SO_ELEGIVEL,Edifício do Antigo Banco Sul Americano do Brasil/banco Itaú/rino Levi/roberto Cerqueira César/luís Roberto Carvalho Fra,"Avenida Paulista, 1938, 1948, 1431",Bela Vista,,tombado,municipal+estadual,,,,2017-08-29,0100990000
SO_ELEGIVEL·sem dono,SO_ELEGIVEL,Escola de Administração de Empresas Getúlio Vargas / Edificações Modernas Indicadas Como Zepec,"Avenida Nove de Julho, 2029",Bela Vista,,tombado,municipal,,,,2019-05-30,0090140096
SO_ELEGIVEL·sem dono,SO_ELEGIVEL,Escola de Administração de Empresas Getúlio Vargas / Edificações Modernas Indicadas Como Zepec,"Avenida Nove de Julho, 2029",Bela Vista,,tombado,municipal,,,,2019-05-30,0090140076
SO_ELEGIVEL·sem dono,SO_ELEGIVEL,Casarão à Avenida Celso Garcia 849,"Avenida Celso Garcia, 849",Belém,,tombado,municipal,,,,2019-04-10,0260280281
SO_ELEGIVEL·sem dono,SO_ELEGIVEL,Conjuntos Residenciais Mooca /  Vila Raphael Parente,"Rua Marcos Arruda, 164, 6",Belém,,tombado,municipal,,,,2023-10-09,0260250069
SO_ELEGIVEL·sem dono,SO_ELEGIVEL,Conjuntos Residenciais Mooca /  Vila Raphael Parente,"Rua Marcos Arruda, 164, 4",Belém,,tombado,municipal,,,,2023-10-09,0260250068
SO_ELEGIVEL·sem dono,SO_ELEGIVEL,Conjuntos Residenciais Mooca /  Vila Raphael Parente,"Rua Marcos Arruda, 150, 162",Belém,,tombado,municipal,,,,2023-10-09,0260250073
SO_ELEGIVEL·sem dono,SO_ELEGIVEL,Conjuntos Residenciais Mooca /  Vila Raphael Parente,"Rua Marcos Arruda, 170",Belém,,tombado,municipal,,,,2023-10-09,0260250066
SO_ELEGIVEL·sem dono,SO_ELEGIVEL,Conjuntos Residenciais Mooca /  Vila Raphael Parente,"Rua Marcos Arruda, 172",Belém,,tombado,municipal,,,,2023-10-09,0260250065
SO_ELEGIVEL·sem dono,SO_ELEGIVEL,Conjuntos Residenciais Mooca /  Vila Raphael Parente,"Rua Marcos Arruda, 164, 10",Belém,,tombado,municipal,,,,2023-10-09,0260250071
SO_ELEGIVEL·sem dono,SO_ELEGIVEL,Conjuntos Residenciais Mooca /  Vila Raphael Parente,"Rua Marcos Arruda, 164, 12",Belém,,tombado,municipal,,,,2023-10-09,0260250072
SO_ELEGIVEL·sem dono,SO_ELEGIVEL,Conjuntos Residenciais Mooca /  Vila Raphael Parente,"Rua Marcos Arruda, 164, 8",Belém,,tombado,municipal,,,,2023-10-09,0260250070
SO_ELEGIVEL·sem dono,SO_ELEGIVEL,Conjuntos Residenciais Mooca /  Vila Raphael Parente,"Rua Marcos Arruda, 164, 2",Belém,,tombado,municipal,,,,2023-10-09,0260250067
SO_ELEGIVEL·sem dono,SO_ELEGIVEL,Conjuntos Residenciais Mooca /  Vila Raphael Parente,"Rua Marcos Arruda, 164",Belém,,tombado,municipal,,,,2023-10-09,0260250002
SO_ELEGIVEL·sem dono,SO_ELEGIVEL,Conjuntos Residenciais Mooca / Vila Maria Parente Migliari,"Travessa Maria Parente Migliari, 11",Belém,,tombado,municipal,,,,2023-10-09,0260150193
SO_ELEGIVEL·sem dono,SO_ELEGIVEL,Conjuntos Residenciais Mooca / Vila Maria Parente Migliari,"Travessa Maria Parente Migliari, 8",Belém,,tombado,municipal,,,,2023-10-09,0260150204
SO_ELEGIVEL·sem dono,SO_ELEGIVEL,Conjuntos Residenciais Mooca / Vila Maria Parente Migliari,"Rua Paulo Andrighetti, 125",Belém,,tombado,municipal,,,,2023-10-09,0260150110
SO_ELEGIVEL·sem dono,SO_ELEGIVEL,Conjuntos Residenciais Mooca / Vila Maria Parente Migliari,"Rua Paulo Andrighetti, 1319",Belém,,tombado,municipal,,,,2023-10-09,0260150114
SO_ELEGIVEL·sem dono,SO_ELEGIVEL,Conjuntos Residenciais Mooca / Vila Maria Parente Migliari,"Travessa Maria Parente Migliari, 1",Belém,,tombado,municipal,,,,2023-10-09,0260150209
SO_ELEGIVEL·sem dono,SO_ELEGIVEL,Conjuntos Residenciais Mooca / Vila Maria Parente Migliari,"Travessa Maria Parente Migliari, 10",Belém,,tombado,municipal,,,,2023-10-09,0260150203
SO_ELEGIVEL·sem dono,SO_ELEGIVEL,Conjuntos Residenciais Mooca / Vila Maria Parente Migliari,"Travessa Maria Parente Migliari, 4",Belém,,tombado,municipal,,,,2023-10-09,0260150206
SO_ELEGIVEL·sem dono,SO_ELEGIVEL,Conjuntos Residenciais Mooca / Vila Maria Parente Migliari,"Travessa Maria Parente Migliari, 6",Belém,,tombado,municipal,,,,2023-10-09,0260150205
SO_ELEGIVEL·sem dono,SO_ELEGIVEL,Conjuntos Residenciais Mooca / Vila Maria Parente Migliari,"Travessa Maria Parente Migliari, 7",Belém,,tombado,municipal,,,,2023-10-09,0260150191
SO_ELEGIVEL·sem dono,SO_ELEGIVEL,Conjuntos Residenciais Mooca / Vila Maria Parente Migliari,"Travessa Maria Parente Migliari, 9",Belém,,tombado,municipal,,,,2023-10-09,0260150192
SO_ELEGIVEL·sem dono,SO_ELEGIVEL,Conjuntos Residenciais Mooca / Vila Maria Parente Migliari,"Travessa Maria Parente Migliari, 5",Belém,,tombado,municipal,,,,2023-10-09,0260150211
SO_ELEGIVEL·sem dono,SO_ELEGIVEL,Conjuntos Residenciais Mooca / Vila Maria Parente Migliari,"Rua Paulo Andrighetti, 119",Belém,,tombado,municipal,,,,2023-10-09,0260150208
SO_ELEGIVEL·sem dono,SO_ELEGIVEL,Conjuntos Residenciais Mooca / Vila Maria Parente Migliari,"Travessa Maria Parente Migliari, 16",Belém,,tombado,municipal,,,,2023-10-09,0260150200
SO_ELEGIVEL·sem dono,SO_ELEGIVEL,Conjuntos Residenciais Mooca / Vila Maria Parente Migliari,"Rua Paulo Andrighetti, 119",Belém,,tombado,municipal,,,,2023-10-09,0260150109
SO_ELEGIVEL·sem dono,SO_ELEGIVEL,Conjuntos Residenciais Mooca / Vila Maria Parente Migliari,"Travessa Maria Parente Migliari, 14",Belém,,tombado,municipal,,,,2023-10-09,0260150201
SO_ELEGIVEL·sem dono,SO_ELEGIVEL,Conjuntos Residenciais Mooca / Vila Maria Parente Migliari,"Rua Paulo Andrighetti, 129, 131",Belém,,tombado,municipal,,,,2023-10-09,0260150112
SO_ELEGIVEL·sem dono,SO_ELEGIVEL,Conjuntos Residenciais Mooca / Vila Maria Parente Migliari,"Rua Paulo Andrighetti, 137",Belém,,tombado,municipal,,,,2023-10-09,0260150113
SO_ELEGIVEL·sem dono,SO_ELEGIVEL,Conjuntos Residenciais Mooca / Vila Maria Parente Migliari,"Travessa Maria Parente Migliari, 2",Belém,,tombado,municipal,,,,2023-10-09,0260150207
SO_ELEGIVEL·sem dono,SO_ELEGIVEL,Conjuntos Residenciais Mooca / Vila Maria Parente Migliari,"Travessa Maria Parente Migliari, 12",Belém,,tombado,municipal,,,,2023-10-09,0260150202
SO_ELEGIVEL·sem dono,SO_ELEGIVEL,Conjuntos Residenciais Mooca / Vila Maria Parente Migliari,"Travessa Maria Parente Migliari, 13",Belém,,tombado,municipal,,,,2023-10-09,0260150194
SO_ELEGIVEL·sem dono,SO_ELEGIVEL,Conjuntos Residenciais Mooca / Vila Maria Parente Migliari,"Travessa Maria Parente Migliari, 15",Belém,,tombado,municipal,,,,2023-10-09,0260150195
SO_ELEGIVEL·sem dono,SO_ELEGIVEL,Conjuntos Residenciais Mooca / Vila Maria Parente Migliari,"Travessa Maria Parente Migliari, 19",Belém,,tombado,municipal,,,,2023-10-09,0260150197
SO_ELEGIVEL·sem dono,SO_ELEGIVEL,Conjuntos Residenciais Mooca / Vila Maria Parente Migliari,"Travessa Maria Parente Migliari, 17",Belém,,tombado,municipal,,,,2023-10-09,0260150196
SO_ELEGIVEL·sem dono,SO_ELEGIVEL,Conjuntos Residenciais Mooca / Vila Maria Parente Migliari,"Rua Paulo Andrighetti, 109",Belém,,tombado,municipal,,,,2023-10-09,0260150107
SO_ELEGIVEL·sem dono,SO_ELEGIVEL,Conjuntos Residenciais Mooca / Vila Maria Parente Migliari,"Travessa Maria Parente Migliari, 20",Belém,,tombado,municipal,,,,2023-10-09,0260150198
SO_ELEGIVEL·sem dono,SO_ELEGIVEL,Conjuntos Residenciais Mooca / Vila Maria Parente Migliari,"Travessa Maria Parente Migliari, 3",Belém,,tombado,municipal,,,,2023-10-09,0260150210
SO_ELEGIVEL·sem dono,SO_ELEGIVEL,Conjuntos Residenciais Mooca / Vila Maria Parente Migliari,"Travessa Maria Parente Migliari, 18",Belém,,tombado,municipal,,,,2023-10-09,0260150199
SO_ELEGIVEL·sem dono,SO_ELEGIVEL,Conjuntos Residenciais Mooca / Vila Maria Parente Migliari,"Rua Paulo Andrighetti, 109",Belém,,tombado,municipal,,,,2023-10-09,0260150108
SO_ELEGIVEL·sem dono,SO_ELEGIVEL,Ee Dr. Antonio de Queiroz Telles,"Rua Itaqueri, 372",Belém,,tombado,municipal,,,,2018-05-25,0310340080
SO_ELEGIVEL·sem dono,SO_ELEGIVEL,Eepg Amadeu Amaral / Escolas Primeira República,"Largo São José do Belém, 66, 599",Belém,,tombado,municipal+estadual,,,,2014-12-24,0270290009
SO_ELEGIVEL·sem dono,SO_ELEGIVEL,Fabrica Orion,"Rua Joaquim Carlos, 71",Belém,,tombado,municipal,,,,2019-04-10,0260180001
SO_ELEGIVEL·sem dono,SO_ELEGIVEL,Vila e Antiga Fábrica Maria Zélia,"Rua Adílson Farias Claro, 126",Belém,,tombado,municipal+estadual,,,,1992-12-09,1960310009
SO_ELEGIVEL·sem dono,SO_ELEGIVEL,Vila e Antiga Fábrica Maria Zélia,"Rua Irmã Paula Loebenstein, 107",Belém,,tombado,municipal+estadual,,,,1992-12-09,1960260012
SO_ELEGIVEL·sem dono,SO_ELEGIVEL,Vila e Antiga Fábrica Maria Zélia,"Rua Adílson Farias Claro, 28",Belém,,tombado,municipal+estadual,,,,1992-12-09,1960360008
SO_ELEGIVEL·sem dono,SO_ELEGIVEL,Vila e Antiga Fábrica Maria Zélia,"Rua Otávio Paris, 71",Belém,,tombado,municipal+estadual,,,,1992-12-09,1960230010
SO_ELEGIVEL·sem dono,SO_ELEGIVEL,Vila e Antiga Fábrica Maria Zélia,Rua Vítor Siqueira Mingrono,Belém,,tombado,municipal+estadual,,,,1992-12-09,1960220001
SO_ELEGIVEL·sem dono,SO_ELEGIVEL,Vila e Antiga Fábrica Maria Zélia,"Rua Otávio Paris, 165",Belém,,tombado,municipal+estadual,,,,1992-12-09,1960220002
SO_ELEGIVEL·sem dono,SO_ELEGIVEL,Vila e Antiga Fábrica Maria Zélia,Rua Mores Miguel,Belém,,tombado,municipal+estadual,,,,1992-12-09,1960340001
SO_ELEGIVEL·sem dono,SO_ELEGIVEL,Vila e Antiga Fábrica Maria Zélia,"Rua Irmã Paula Loebenstein, 174",Belém,,tombado,municipal+estadual,,,,1992-12-09,1960270016
SO_ELEGIVEL·sem dono,SO_ELEGIVEL,Vila e Antiga Fábrica Maria Zélia,"Rua Adílson Farias Claro, 175",Belém,,tombado,municipal+estadual,,,,1992-12-09,1960270001
SO_ELEGIVEL·sem dono,SO_ELEGIVEL,Vila e Antiga Fábrica Maria Zélia,"Rua Otávio Paris, 47",Belém,,tombado,municipal+estadual,,,,1992-12-09,1960250001
SO_ELEGIVEL·sem dono,SO_ELEGIVEL,Vila e Antiga Fábrica Maria Zélia,"Rua Irmã Paula Loebenstein, 47",Belém,,tombado,municipal+estadual,,,,1992-12-09,1960290001
SO_ELEGIVEL·sem dono,SO_ELEGIVEL,Vila e Antiga Fábrica Maria Zélia,"Rua Irmã Paula Loebenstein, 37",Belém,,tombado,municipal+estadual,,,,1992-12-09,1960290002
SO_ELEGIVEL·sem dono,SO_ELEGIVEL,Vila e Antiga Fábrica Maria Zélia,"Rua Otávio Paris, 38",Belém,,tombado,municipal+estadual,,,,1992-12-09,1960290007
SO_ELEGIVEL·sem dono,SO_ELEGIVEL,Vila e Antiga Fábrica Maria Zélia,"Rua Irmã Paula Loebenstein, 135",Belém,,tombado,municipal+estadual,,,,1992-12-09,1960240006
SO_ELEGIVEL·sem dono,SO_ELEGIVEL,Vila e Antiga Fábrica Maria Zélia,"Rua Mores Miguel, 173",Belém,,tombado,municipal+estadual,,,,1992-12-09,1960180400
SO_ELEGIVEL·sem dono,SO_ELEGIVEL,Vila e Antiga Fábrica Maria Zélia,"Rua José Alves de Oliveira, 110",Belém,,tombado,municipal+estadual,,,,1992-12-09,1960230001
SO_ELEGIVEL·sem dono,SO_ELEGIVEL,Vila e Antiga Fábrica Maria Zélia,"Rua Irmã Paula Loebenstein, 40",Belém,,tombado,municipal+estadual,,,,1992-12-09,1960330007
SO_ELEGIVEL·sem dono,SO_ELEGIVEL,Vila e Antiga Fábrica Maria Zélia,"Rua José Alves de Oliveira, 142",Belém,,tombado,municipal+estadual,,,,1992-12-09,1960220011
SO_ELEGIVEL·sem dono,SO_ELEGIVEL,Vila e Antiga Fábrica Maria Zélia,"Rua José Alves de Oliveira, 195",Belém,,tombado,municipal+estadual,,,,1992-12-09,1960180525
SO_ELEGIVEL·sem dono,SO_ELEGIVEL,Vila e Antiga Fábrica Maria Zélia,"Rua Otávio Paris, 36",Belém,,tombado,municipal+estadual,,,,1992-12-09,1960290006
SO_ELEGIVEL·sem dono,SO_ELEGIVEL,Vila e Antiga Fábrica Maria Zélia,"Rua Adílson Farias Claro, 125",Belém,,tombado,municipal+estadual,,,,1992-12-09,1960270008
SO_ELEGIVEL·sem dono,SO_ELEGIVEL,Vila e Antiga Fábrica Maria Zélia,"Rua José Alves de Oliveira, 130",Belém,,tombado,municipal+estadual,,,,1992-12-09,1960220010
SO_ELEGIVEL·sem dono,SO_ELEGIVEL,Vila e Antiga Fábrica Maria Zélia,"Rua José Alves de Oliveira, 152",Belém,,tombado,municipal+estadual,,,,1992-12-09,1960220013
SO_ELEGIVEL·sem dono,SO_ELEGIVEL,Vila e Antiga Fábrica Maria Zélia,"Rua José Alves de Oliveira, 173",Belém,,tombado,municipal+estadual,,,,1992-12-09,1960180527
SO_ELEGIVEL·sem dono,SO_ELEGIVEL,Vila e Antiga Fábrica Maria Zélia,"Rua Otávio Paris, 61",Belém,,tombado,municipal+estadual,,,,1992-12-09,1960230009
SO_ELEGIVEL·sem dono,SO_ELEGIVEL,Vila e Antiga Fábrica Maria Zélia,"Rua José Alves de Oliveira, 146",Belém,,tombado,municipal+estadual,,,,1992-12-09,1960220012
SO_ELEGIVEL·sem dono,SO_ELEGIVEL,Vila e Antiga Fábrica Maria Zélia,"Rua José Alves de Oliveira, 137",Belém,,tombado,municipal+estadual,,,,1992-12-09,1960180532
SO_ELEGIVEL·sem dono,SO_ELEGIVEL,Vila e Antiga Fábrica Maria Zélia,"Avenida Celso Garcia, 1717, 91, 106, 284",Belém,,tombado,municipal+estadual,,,,1992-12-09,1960180631
SO_ELEGIVEL·sem dono,SO_ELEGIVEL,Vila e Antiga Fábrica Maria Zélia,"Rua Mores Miguel, 107",Belém,,tombado,municipal+estadual,,,,1992-12-09,1960310014
SO_ELEGIVEL·sem dono,SO_ELEGIVEL,Vila e Antiga Fábrica Maria Zélia,"Rua José Alves de Oliveira, 235",Belém,,tombado,municipal+estadual,,,,1992-12-09,1960180519
SO_ELEGIVEL·sem dono,SO_ELEGIVEL,Vila e Antiga Fábrica Maria Zélia,"Rua José Alves de Oliveira, 227",Belém,,tombado,municipal+estadual,,,,1992-12-09,1960180520
SO_ELEGIVEL·sem dono,SO_ELEGIVEL,Vila e Antiga Fábrica Maria Zélia,"Rua Adílson Farias Claro, 50",Belém,,tombado,municipal+estadual,,,,1992-12-09,1960360005
SO_ELEGIVEL·sem dono,SO_ELEGIVEL,Vila e Antiga Fábrica Maria Zélia,"Rua Irmã Paula Loebenstein, 204",Belém,,tombado,municipal+estadual,,,,1992-12-09,1960180406
SO_ELEGIVEL·sem dono,SO_ELEGIVEL,Vila e Antiga Fábrica Maria Zélia,"Rua Mário Costa, 18, 20",Belém,,tombado,municipal+estadual,,,,1992-12-09,1960350001
SO_ELEGIVEL·sem dono,SO_ELEGIVEL,Vila e Antiga Fábrica Maria Zélia,"Rua José Alves de Oliveira, 125",Belém,,tombado,municipal+estadual,,,,1992-12-09,1960180534
SO_ELEGIVEL·sem dono,SO_ELEGIVEL,Vila e Antiga Fábrica Maria Zélia,"Rua José Alves de Oliveira, 165",Belém,,tombado,municipal+estadual,,,,1992-12-09,1960180528
SO_ELEGIVEL·sem dono,SO_ELEGIVEL,Vila e Antiga Fábrica Maria Zélia,"Rua Otávio Paris, 188",Belém,,tombado,municipal+estadual,,,,1992-12-09,1960180439
SO_ELEGIVEL·sem dono,SO_ELEGIVEL,Vila e Antiga Fábrica Maria Zélia,"Rua Otávio Paris, 90",Belém,,tombado,municipal+estadual,,,,1992-12-09,1960230003
SO_ELEGIVEL·sem dono,SO_ELEGIVEL,Vila e Antiga Fábrica Maria Zélia,"Rua Mário Costa, 16",Belém,,tombado,municipal+estadual,,,,1992-12-09,1960320001
SO_ELEGIVEL·sem dono,SO_ELEGIVEL,Vila e Antiga Fábrica Maria Zélia,"Rua José Alves de Oliveira, 45",Belém,,tombado,municipal+estadual,,,,1992-12-09,1960180543
SO_ELEGIVEL·sem dono,SO_ELEGIVEL,Vila e Antiga Fábrica Maria Zélia,"Rua José Alves de Oliveira, 34",Belém,,tombado,municipal+estadual,,,,1992-12-09,1960250006
SO_ELEGIVEL·sem dono,SO_ELEGIVEL,Vila e Antiga Fábrica Maria Zélia,"Rua José Alves de Oliveira, 159",Belém,,tombado,municipal+estadual,,,,1992-12-09,1960180529
SO_ELEGIVEL·sem dono,SO_ELEGIVEL,Vila e Antiga Fábrica Maria Zélia,"Rua Adílson Farias Claro, 195",Belém,,tombado,municipal+estadual,,,,1992-12-09,1960180404
SO_ELEGIVEL·sem dono,SO_ELEGIVEL,Vila e Antiga Fábrica Maria Zélia,"Rua Irmã Paula Loebenstein, 196",Belém,,tombado,municipal+estadual,,,,1992-12-09,1960180407
SO_ELEGIVEL·sem dono,SO_ELEGIVEL,Vila e Antiga Fábrica Maria Zélia,"Rua Mores Miguel, 135",Belém,,tombado,municipal+estadual,,,,1992-12-09,1960310002
SO_ELEGIVEL·sem dono,SO_ELEGIVEL,Vila e Antiga Fábrica Maria Zélia,"Rua Adílson Farias Claro, 166",Belém,,tombado,municipal+estadual,,,,1992-12-09,1960310006
SO_ELEGIVEL·sem dono,SO_ELEGIVEL,Vila e Antiga Fábrica Maria Zélia,"Rua Adílson Farias Claro, 147",Belém,,tombado,municipal+estadual,,,,1992-12-09,1960270005
SO_ELEGIVEL·sem dono,SO_ELEGIVEL,Vila e Antiga Fábrica Maria Zélia,"Rua Mores Miguel, 29",Belém,,tombado,municipal+estadual,,,,1992-12-09,1960360004
SO_ELEGIVEL·sem dono,SO_ELEGIVEL,Vila e Antiga Fábrica Maria Zélia,"Rua José Alves de Oliveira, 65",Belém,,tombado,municipal+estadual,,,,1992-12-09,1960180542
SO_ELEGIVEL·sem dono,SO_ELEGIVEL,Vila e Antiga Fábrica Maria Zélia,"Rua Otávio Paris, 37",Belém,,tombado,municipal+estadual,,,,1992-12-09,1960250002
SO_ELEGIVEL·sem dono,SO_ELEGIVEL,Vila e Antiga Fábrica Maria Zélia,"Rua Otávio Paris, 99",Belém,,tombado,municipal+estadual,,,,1992-12-09,1960230014
SO_ELEGIVEL·sem dono,SO_ELEGIVEL,Vila e Antiga Fábrica Maria Zélia,"Rua Otávio Paris, 134",Belém,,tombado,municipal+estadual,,,,1992-12-09,1960240015
SO_ELEGIVEL·sem dono,SO_ELEGIVEL,Vila e Antiga Fábrica Maria Zélia,"Rua Otávio Paris, 128",Belém,,tombado,municipal+estadual,,,,1992-12-09,1960240016
SO_ELEGIVEL·sem dono,SO_ELEGIVEL,Vila e Antiga Fábrica Maria Zélia,"Rua Irmã Paula Loebenstein, 150",Belém,,tombado,municipal+estadual,,,,1992-12-09,1960270013
SO_ELEGIVEL·sem dono,SO_ELEGIVEL,Vila e Antiga Fábrica Maria Zélia,"Rua Mores Miguel, 143",Belém,,tombado,municipal+estadual,,,,1992-12-09,1960310003
SO_ELEGIVEL·sem dono,SO_ELEGIVEL,Vila e Antiga Fábrica Maria Zélia,"Rua Irmã Paula Loebenstein, 159",Belém,,tombado,municipal+estadual,,,,1992-12-09,1960240003
SO_ELEGIVEL·sem dono,SO_ELEGIVEL,Vila e Antiga Fábrica Maria Zélia,"Rua Irmã Paula Loebenstein, 161",Belém,,tombado,municipal+estadual,,,,1992-12-09,1960240002
SO_ELEGIVEL·sem dono,SO_ELEGIVEL,Vila e Antiga Fábrica Maria Zélia,"Rua Adílson Farias Claro, 148",Belém,,tombado,municipal+estadual,,,,1992-12-09,1960310011
SO_ELEGIVEL·sem dono,SO_ELEGIVEL,Vila e Antiga Fábrica Maria Zélia,"Rua Adílson Farias Claro, 135",Belém,,tombado,municipal+estadual,,,,1992-12-09,1960270007
SO_ELEGIVEL·sem dono,SO_ELEGIVEL,Vila e Antiga Fábrica Maria Zélia,"Rua José Alves de Oliveira, 29",Belém,,tombado,municipal+estadual,,,,1992-12-09,1960180546
SO_ELEGIVEL·sem dono,SO_ELEGIVEL,Vila e Antiga Fábrica Maria Zélia,"Rua José Alves de Oliveira, 77",Belém,,tombado,municipal+estadual,,,,1992-12-09,1960180540
SO_ELEGIVEL·sem dono,SO_ELEGIVEL,Vila e Antiga Fábrica Maria Zélia,"Rua José Alves de Oliveira, 131",Belém,,tombado,municipal+estadual,,,,1992-12-09,1960180533
SO_ELEGIVEL·sem dono,SO_ELEGIVEL,Vila e Antiga Fábrica Maria Zélia,"Rua José Alves de Oliveira, 41",Belém,,tombado,municipal+estadual,,,,1992-12-09,1960180544
SO_ELEGIVEL·sem dono,SO_ELEGIVEL,Vila e Antiga Fábrica Maria Zélia,"Rua José Alves de Oliveira, 71",Belém,,tombado,municipal+estadual,,,,1992-12-09,1960180541
SO_ELEGIVEL·sem dono,SO_ELEGIVEL,Vila e Antiga Fábrica Maria Zélia,"Rua José Alves de Oliveira, 50",Belém,,tombado,municipal+estadual,,,,1992-12-09,1960250008
SO_ELEGIVEL·sem dono,SO_ELEGIVEL,Vila e Antiga Fábrica Maria Zélia,"Rua José Alves de Oliveira, 44",Belém,,tombado,municipal+estadual,,,,1992-12-09,1960250007
SO_ELEGIVEL·sem dono,SO_ELEGIVEL,Vila e Antiga Fábrica Maria Zélia,"Rua Otávio Paris, 172",Belém,,tombado,municipal+estadual,,,,1992-12-09,1960240009
SO_ELEGIVEL·sem dono,SO_ELEGIVEL,Vila e Antiga Fábrica Maria Zélia,"Rua José Alves de Oliveira, 104",Belém,,tombado,municipal+estadual,,,,1992-12-09,1960230002
SO_ELEGIVEL·sem dono,SO_ELEGIVEL,Vila e Antiga Fábrica Maria Zélia,"Rua Otávio Paris, 161",Belém,,tombado,municipal+estadual,,,,1992-12-09,1960220003
SO_ELEGIVEL·sem dono,SO_ELEGIVEL,Vila e Antiga Fábrica Maria Zélia,"Rua José Alves de Oliveira, 97",Belém,,tombado,municipal+estadual,,,,1992-12-09,1960180537
SO_ELEGIVEL·sem dono,SO_ELEGIVEL,Vila e Antiga Fábrica Maria Zélia,"Rua Adílson Farias Claro, 141",Belém,,tombado,municipal+estadual,,,,1992-12-09,1960270006
SO_ELEGIVEL·sem dono,SO_ELEGIVEL,Vila e Antiga Fábrica Maria Zélia,"Rua José Alves de Oliveira, 90",Belém,,tombado,municipal+estadual,,,,1992-12-09,1960230004
SO_ELEGIVEL·sem dono,SO_ELEGIVEL,Vila e Antiga Fábrica Maria Zélia,"Rua Adílson Farias Claro, 161",Belém,,tombado,municipal+estadual,,,,1992-12-09,1960270003
SO_ELEGIVEL·sem dono,SO_ELEGIVEL,Vila e Antiga Fábrica Maria Zélia,"Rua Irmã Paula Loebenstein, 164",Belém,,tombado,municipal+estadual,,,,1992-12-09,1960270015
SO_ELEGIVEL·sem dono,SO_ELEGIVEL,Vila e Antiga Fábrica Maria Zélia,"Rua Otávio Paris, 147",Belém,,tombado,municipal+estadual,,,,1992-12-09,1960220005
SO_ELEGIVEL·sem dono,SO_ELEGIVEL,Vila e Antiga Fábrica Maria Zélia,Rua Sebastião Pereira de Sousa,Belém,,tombado,municipal+estadual,,,,1992-12-09,1960250005
SO_ELEGIVEL·sem dono,SO_ELEGIVEL,Vila e Antiga Fábrica Maria Zélia,"Rua Otávio Paris, 83",Belém,,tombado,municipal+estadual,,,,1992-12-09,1960230012
SO_ELEGIVEL·sem dono,SO_ELEGIVEL,Vila e Antiga Fábrica Maria Zélia,"Rua Otávio Paris, 73",Belém,,tombado,municipal+estadual,,,,1992-12-09,1960230011
SO_ELEGIVEL·sem dono,SO_ELEGIVEL,Vila e Antiga Fábrica Maria Zélia,"Rua Irmã Paula Loebenstein, 173",Belém,,tombado,municipal+estadual,,,,1992-12-09,1960240001
SO_ELEGIVEL·sem dono,SO_ELEGIVEL,Vila e Antiga Fábrica Maria Zélia,"Rua Otávio Paris, 162, 168",Belém,,tombado,municipal+estadual,,,,1992-12-09,1960240010
SO_ELEGIVEL·sem dono,SO_ELEGIVEL,Vila e Antiga Fábrica Maria Zélia,"Rua Otávio Paris, 66",Belém,,tombado,municipal+estadual,,,,1992-12-09,1960260006
SO_ELEGIVEL·sem dono,SO_ELEGIVEL,Vila e Antiga Fábrica Maria Zélia,"Rua Otávio Paris, 68",Belém,,tombado,municipal+estadual,,,,1992-12-09,1960260005
SO_ELEGIVEL·sem dono,SO_ELEGIVEL,Vila e Antiga Fábrica Maria Zélia,"Rua Adílson Farias Claro, 36",Belém,,tombado,municipal+estadual,,,,1992-12-09,1960360007
SO_ELEGIVEL·sem dono,SO_ELEGIVEL,Vila e Antiga Fábrica Maria Zélia,"Rua Mores Miguel, 19",Belém,,tombado,municipal+estadual,,,,1992-12-09,1960360003
SO_ELEGIVEL·sem dono,SO_ELEGIVEL,Vila e Antiga Fábrica Maria Zélia,"Rua Mores Miguel, 17",Belém,,tombado,municipal+estadual,,,,1992-12-09,1960360002
SO_ELEGIVEL·sem dono,SO_ELEGIVEL,Vila e Antiga Fábrica Maria Zélia,"Rua Irmã Paula Loebenstein, 101",Belém,,tombado,municipal+estadual,,,,1992-12-09,1960260011
SO_ELEGIVEL·sem dono,SO_ELEGIVEL,Vila e Antiga Fábrica Maria Zélia,"Rua José Alves de Oliveira, 91",Belém,,tombado,municipal+estadual,,,,1992-12-09,1960180538
SO_ELEGIVEL·sem dono,SO_ELEGIVEL,Vila e Antiga Fábrica Maria Zélia,"Rua Irmã Paula Loebenstein, 197",Belém,,tombado,municipal+estadual,,,,1992-12-09,1960180437
SO_ELEGIVEL·sem dono,SO_ELEGIVEL,Vila e Antiga Fábrica Maria Zélia,"Rua Otávio Paris, 194",Belém,,tombado,municipal+estadual,,,,1992-12-09,1960180440
SO_ELEGIVEL·sem dono,SO_ELEGIVEL,Vila e Antiga Fábrica Maria Zélia,"Rua José Alves de Oliveira, 215",Belém,,tombado,municipal+estadual,,,,1992-12-09,1960180522
SO_ELEGIVEL·sem dono,SO_ELEGIVEL,Vila e Antiga Fábrica Maria Zélia,"Rua José Alves de Oliveira, 207",Belém,,tombado,municipal+estadual,,,,1992-12-09,1960180523
SO_ELEGIVEL·sem dono,SO_ELEGIVEL,Vila e Antiga Fábrica Maria Zélia,"Rua Adílson Farias Claro, 43",Belém,,tombado,municipal+estadual,,,,1992-12-09,1960330002
SO_ELEGIVEL·sem dono,SO_ELEGIVEL,Vila e Antiga Fábrica Maria Zélia,"Rua Adílson Farias Claro, 190",Belém,,tombado,municipal+estadual,,,,1992-12-09,1960180402
SO_ELEGIVEL·sem dono,SO_ELEGIVEL,Vila e Antiga Fábrica Maria Zélia,"Rua José Alves de Oliveira, 126",Belém,,tombado,municipal+estadual,,,,1992-12-09,1960220009
SO_ELEGIVEL·sem dono,SO_ELEGIVEL,Vila e Antiga Fábrica Maria Zélia,"Rua Irmã Paula Loebenstein, 35",Belém,,tombado,municipal+estadual,,,,1992-12-09,1960290003
SO_ELEGIVEL·sem dono,SO_ELEGIVEL,Vila e Antiga Fábrica Maria Zélia,"Rua Adílson Farias Claro, 201",Belém,,tombado,municipal+estadual,,,,1992-12-09,1960180405
SO_ELEGIVEL·sem dono,SO_ELEGIVEL,Vila e Antiga Fábrica Maria Zélia,"Rua Adílson Farias Claro, 167",Belém,,tombado,municipal+estadual,,,,1992-12-09,1960270002
SO_ELEGIVEL·sem dono,SO_ELEGIVEL,Vila e Antiga Fábrica Maria Zélia,"Rua José Alves de Oliveira, 187",Belém,,tombado,municipal+estadual,,,,1992-12-09,1960180526
SO_ELEGIVEL·sem dono,SO_ELEGIVEL,Vila e Antiga Fábrica Maria Zélia,"Rua Otávio Paris, 35",Belém,,tombado,municipal+estadual,,,,1992-12-09,1960250003
SO_ELEGIVEL·sem dono,SO_ELEGIVEL,Vila e Antiga Fábrica Maria Zélia,"Rua Irmã Paula Loebenstein, 26",Belém,,tombado,municipal+estadual,,,,1992-12-09,1960330005
SO_ELEGIVEL·sem dono,SO_ELEGIVEL,Vila e Antiga Fábrica Maria Zélia,"Rua Adílson Farias Claro, 152",Belém,,tombado,municipal+estadual,,,,1992-12-09,1960310008
SO_ELEGIVEL·sem dono,SO_ELEGIVEL,Vila e Antiga Fábrica Maria Zélia,"Rua Irmã Paula Loebenstein, 25",Belém,,tombado,municipal+estadual,,,,1992-12-09,1960290004
SO_ELEGIVEL·sem dono,SO_ELEGIVEL,Vila e Antiga Fábrica Maria Zélia,"Rua José Alves de Oliveira, 111",Belém,,tombado,municipal+estadual,,,,1992-12-09,1960180535
SO_ELEGIVEL·sem dono,SO_ELEGIVEL,Vila e Antiga Fábrica Maria Zélia,"Rua Otávio Paris, 123",Belém,,tombado,municipal+estadual,,,,1992-12-09,1960220008
SO_ELEGIVEL·sem dono,SO_ELEGIVEL,Vila e Antiga Fábrica Maria Zélia,"Rua Otávio Paris, 135",Belém,,tombado,municipal+estadual,,,,1992-12-09,1960220007
SO_ELEGIVEL·sem dono,SO_ELEGIVEL,Vila e Antiga Fábrica Maria Zélia,"Rua Irmã Paula Loebenstein, 65",Belém,,tombado,municipal+estadual,,,,1992-12-09,1960260007
SO_ELEGIVEL·sem dono,SO_ELEGIVEL,Vila e Antiga Fábrica Maria Zélia,"Rua José Alves de Oliveira, 84",Belém,,tombado,municipal+estadual,,,,1992-12-09,1960230005
SO_ELEGIVEL·sem dono,SO_ELEGIVEL,Vila e Antiga Fábrica Maria Zélia,"Rua Otávio Paris, 48",Belém,,tombado,municipal+estadual,,,,1992-12-09,1960290008
SO_ELEGIVEL·sem dono,SO_ELEGIVEL,Vila e Antiga Fábrica Maria Zélia,"Rua Adílson Farias Claro, 42",Belém,,tombado,municipal+estadual,,,,1992-12-09,1960360006
SO_ELEGIVEL·sem dono,SO_ELEGIVEL,Vila e Antiga Fábrica Maria Zélia,"Rua Mores Miguel, 117, 5",Belém,,tombado,municipal+estadual,,,,1992-12-09,1960310019
SO_ELEGIVEL·sem dono,SO_ELEGIVEL,Vila e Antiga Fábrica Maria Zélia,"Rua Mores Miguel, 131",Belém,,tombado,municipal+estadual,,,,1992-12-09,1960310001
SO_ELEGIVEL·sem dono,SO_ELEGIVEL,Vila e Antiga Fábrica Maria Zélia,"Rua Irmã Paula Loebenstein, 190",Belém,,tombado,municipal+estadual,,,,1992-12-09,1960180408
SO_ELEGIVEL·sem dono,SO_ELEGIVEL,Vila e Antiga Fábrica Maria Zélia,"Rua Otávio Paris, 148",Belém,,tombado,municipal+estadual,,,,1992-12-09,1960240013
SO_ELEGIVEL·sem dono,SO_ELEGIVEL,Vila e Antiga Fábrica Maria Zélia,"Rua Mores Miguel, 165",Belém,,tombado,municipal+estadual,,,,1992-12-09,1960180399
SO_ELEGIVEL·sem dono,SO_ELEGIVEL,Vila e Antiga Fábrica Maria Zélia,"Rua José Alves de Oliveira, 64",Belém,,tombado,municipal+estadual,,,,1992-12-09,1960230008
SO_ELEGIVEL·sem dono,SO_ELEGIVEL,Vila e Antiga Fábrica Maria Zélia,"Rua Otávio Paris, 150",Belém,,tombado,municipal+estadual,,,,1992-12-09,1960240012
SO_ELEGIVEL·sem dono,SO_ELEGIVEL,Vila e Antiga Fábrica Maria Zélia,"Rua José Alves de Oliveira, 105",Belém,,tombado,municipal+estadual,,,,1992-12-09,1960180536
SO_ELEGIVEL·sem dono,SO_ELEGIVEL,Vila e Antiga Fábrica Maria Zélia,"Rua Irmã Paula Loebenstein, 36",Belém,,tombado,municipal+estadual,,,,1992-12-09,1960330006
SO_ELEGIVEL·sem dono,SO_ELEGIVEL,Vila e Antiga Fábrica Maria Zélia,"Rua Adílson Farias Claro, 37",Belém,,tombado,municipal+estadual,,,,1992-12-09,1960330003
SO_ELEGIVEL·sem dono,SO_ELEGIVEL,Vila e Antiga Fábrica Maria Zélia,"Rua Irmã Paula Loebenstein, 89",Belém,,tombado,municipal+estadual,,,,1992-12-09,1960260010
SO_ELEGIVEL·sem dono,SO_ELEGIVEL,Vila e Antiga Fábrica Maria Zélia,"Rua José Alves de Oliveira, 5",Belém,,tombado,municipal+estadual,,,,1992-12-09,1960180289
SO_ELEGIVEL·sem dono,SO_ELEGIVEL,Vila e Antiga Fábrica Maria Zélia,Rua Otávio Paris,Belém,,tombado,municipal+estadual,,,,1992-12-09,1960280001
SO_ELEGIVEL·sem dono,SO_ELEGIVEL,Vila e Antiga Fábrica Maria Zélia,"Rua Irmã Paula Loebenstein, 85",Belém,,tombado,municipal+estadual,,,,1992-12-09,1960260009
SO_ELEGIVEL·sem dono,SO_ELEGIVEL,Vila e Antiga Fábrica Maria Zélia,"Rua Irmã Paula Loebenstein, 67",Belém,,tombado,municipal+estadual,,,,1992-12-09,1960260008
SO_ELEGIVEL·sem dono,SO_ELEGIVEL,Vila e Antiga Fábrica Maria Zélia,"Rua Adílson Farias Claro, 189",Belém,,tombado,municipal+estadual,,,,1992-12-09,1960180403
SO_ELEGIVEL·sem dono,SO_ELEGIVEL,Vila e Antiga Fábrica Maria Zélia,"Rua José Alves de Oliveira, 201",Belém,,tombado,municipal+estadual,,,,1992-12-09,1960180524
SO_ELEGIVEL·sem dono,SO_ELEGIVEL,Vila e Antiga Fábrica Maria Zélia,"Rua Irmã Paula Loebenstein, 48",Belém,,tombado,municipal+estadual,,,,1992-12-09,1960330008
SO_ELEGIVEL·sem dono,SO_ELEGIVEL,Vila e Antiga Fábrica Maria Zélia,"Rua Otávio Paris, 106",Belém,,tombado,municipal+estadual,,,,1992-12-09,1960260001
SO_ELEGIVEL·sem dono,SO_ELEGIVEL,Vila e Antiga Fábrica Maria Zélia,"Rua Otávio Paris, 84",Belém,,tombado,municipal+estadual,,,,1992-12-09,1960260004
SO_ELEGIVEL·sem dono,SO_ELEGIVEL,Vila e Antiga Fábrica Maria Zélia,"Rua José Alves de Oliveira, 31",Belém,,tombado,municipal+estadual,,,,1992-12-09,1960180545
SO_ELEGIVEL·sem dono,SO_ELEGIVEL,Vila e Antiga Fábrica Maria Zélia,"Rua Adílson Farias Claro, 29",Belém,,tombado,municipal+estadual,,,,1992-12-09,1960330004
SO_ELEGIVEL·sem dono,SO_ELEGIVEL,Vila e Antiga Fábrica Maria Zélia,"Rua Adílson Farias Claro, 174",Belém,,tombado,municipal+estadual,,,,1992-12-09,1960310005
SO_ELEGIVEL·sem dono,SO_ELEGIVEL,Vila e Antiga Fábrica Maria Zélia,Rua Vítor Siqueira Mingrono,Belém,,tombado,municipal+estadual,,,,1992-12-09,1960310004
SO_ELEGIVEL·sem dono,SO_ELEGIVEL,Vila e Antiga Fábrica Maria Zélia,"Rua Otávio Paris, 85",Belém,,tombado,municipal+estadual,,,,1992-12-09,1960230013
SO_ELEGIVEL·sem dono,SO_ELEGIVEL,Vila e Antiga Fábrica Maria Zélia,"Rua José Alves de Oliveira, 166",Belém,,tombado,municipal+estadual,,,,1992-12-09,1960220015
SO_ELEGIVEL·sem dono,SO_ELEGIVEL,Vila e Antiga Fábrica Maria Zélia,"Rua José Alves de Oliveira, 174",Belém,,tombado,municipal+estadual,,,,1992-12-09,1960220016
SO_ELEGIVEL·sem dono,SO_ELEGIVEL,Vila e Antiga Fábrica Maria Zélia,"Rua Irmã Paula Loebenstein, 185",Belém,,tombado,municipal+estadual,,,,1992-12-09,1960180438
SO_ELEGIVEL·sem dono,SO_ELEGIVEL,Vila e Antiga Fábrica Maria Zélia,"Rua Otávio Paris, 149",Belém,,tombado,municipal+estadual,,,,1992-12-09,1960220004
SO_ELEGIVEL·sem dono,SO_ELEGIVEL,Vila e Antiga Fábrica Maria Zélia,"Rua Irmã Paula Loebenstein, 149",Belém,,tombado,municipal+estadual,,,,1992-12-09,1960240004
SO_ELEGIVEL·sem dono,SO_ELEGIVEL,Vila e Antiga Fábrica Maria Zélia,"Rua Otávio Paris, 160",Belém,,tombado,municipal+estadual,,,,1992-12-09,1960240011
SO_ELEGIVEL·sem dono,SO_ELEGIVEL,Vila e Antiga Fábrica Maria Zélia,"Rua Adílson Farias Claro, 46",Belém,,tombado,municipal+estadual,,,,1992-12-09,1960300001
SO_ELEGIVEL·sem dono,SO_ELEGIVEL,Vila e Antiga Fábrica Maria Zélia,"Rua Adílson Farias Claro, 153",Belém,,tombado,municipal+estadual,,,,1992-12-09,1960270004
SO_ELEGIVEL·sem dono,SO_ELEGIVEL,Vila e Antiga Fábrica Maria Zélia,"Rua José Alves de Oliveira, 147",Belém,,tombado,municipal+estadual,,,,1992-12-09,1960180531
SO_ELEGIVEL·sem dono,SO_ELEGIVEL,Vila e Antiga Fábrica Maria Zélia,"Rua Irmã Paula Loebenstein, 132",Belém,,tombado,municipal+estadual,,,,1992-12-09,1960270010
SO_ELEGIVEL·sem dono,SO_ELEGIVEL,Vila e Antiga Fábrica Maria Zélia,"Rua Irmã Paula Loebenstein, 126",Belém,,tombado,municipal+estadual,,,,1992-12-09,1960270009
SO_ELEGIVEL·sem dono,SO_ELEGIVEL,Vila e Antiga Fábrica Maria Zélia,"Rua Otávio Paris, 26",Belém,,tombado,municipal+estadual,,,,1992-12-09,1960290005
SO_ELEGIVEL·sem dono,SO_ELEGIVEL,Vila e Antiga Fábrica Maria Zélia,"Rua Irmã Paula Loebenstein, 136",Belém,,tombado,municipal+estadual,,,,1992-12-09,1960270011
SO_ELEGIVEL·sem dono,SO_ELEGIVEL,Vila e Antiga Fábrica Maria Zélia,"Rua Otávio Paris, 137",Belém,,tombado,municipal+estadual,,,,1992-12-09,1960220006
SO_ELEGIVEL·sem dono,SO_ELEGIVEL,Vila e Antiga Fábrica Maria Zélia,"Rua Irmã Paula Loebenstein, 148",Belém,,tombado,municipal+estadual,,,,1992-12-09,1960270012
SO_ELEGIVEL·sem dono,SO_ELEGIVEL,Vila e Antiga Fábrica Maria Zélia,"Rua José Alves de Oliveira, 70",Belém,,tombado,municipal+estadual,,,,1992-12-09,1960230007
SO_ELEGIVEL·sem dono,SO_ELEGIVEL,Vila e Antiga Fábrica Maria Zélia,"Rua José Alves de Oliveira, 78",Belém,,tombado,municipal+estadual,,,,1992-12-09,1960230006
SO_ELEGIVEL·sem dono,SO_ELEGIVEL,Vila e Antiga Fábrica Maria Zélia,"Rua José Alves de Oliveira, 153",Belém,,tombado,municipal+estadual,,,,1992-12-09,1960180530
SO_ELEGIVEL·sem dono,SO_ELEGIVEL,Vila e Antiga Fábrica Maria Zélia,"Rua Mores Miguel, 5",Belém,,tombado,municipal+estadual,,,,1992-12-09,1960360001
SO_ELEGIVEL·sem dono,SO_ELEGIVEL,Vila e Antiga Fábrica Maria Zélia,"Rua Otávio Paris, 210",Belém,,tombado,municipal+estadual,,,,1992-12-09,1960180442
SO_ELEGIVEL·sem dono,SO_ELEGIVEL,Vila e Antiga Fábrica Maria Zélia,"Rua Otávio Paris, 198",Belém,,tombado,municipal+estadual,,,,1992-12-09,1960180441
SO_ELEGIVEL·sem dono,SO_ELEGIVEL,Vila e Antiga Fábrica Maria Zélia,"Rua Irmã Paula Loebenstein, 147",Belém,,tombado,municipal+estadual,,,,1992-12-09,1960240005
SO_ELEGIVEL·sem dono,SO_ELEGIVEL,Vila e Antiga Fábrica Maria Zélia,"Rua Irmã Paula Loebenstein, 123",Belém,,tombado,municipal+estadual,,,,1992-12-09,1960240008
SO_ELEGIVEL·sem dono,SO_ELEGIVEL,Vila e Antiga Fábrica Maria Zélia,"Rua Adílson Farias Claro, 51",Belém,,tombado,municipal+estadual,,,,1992-12-09,1960330001
SO_ELEGIVEL·sem dono,SO_ELEGIVEL,Vila e Antiga Fábrica Maria Zélia,"Rua Irmã Paula Loebenstein, 209",Belém,,tombado,municipal+estadual,,,,1992-12-09,1960180435
SO_ELEGIVEL·sem dono,SO_ELEGIVEL,Vila e Antiga Fábrica Maria Zélia,"Rua Irmã Paula Loebenstein, 199",Belém,,tombado,municipal+estadual,,,,1992-12-09,1960180436
SO_ELEGIVEL·sem dono,SO_ELEGIVEL,Vila e Antiga Fábrica Maria Zélia,"Rua José Alves de Oliveira, 158",Belém,,tombado,municipal+estadual,,,,1992-12-09,1960220014
SO_ELEGIVEL·sem dono,SO_ELEGIVEL,Vila e Antiga Fábrica Maria Zélia,"Rua Adílson Farias Claro, 196",Belém,,tombado,municipal+estadual,,,,1992-12-09,1960180401
SO_ELEGIVEL·sem dono,SO_ELEGIVEL,Vila e Antiga Fábrica Maria Zélia,"Rua Otávio Paris, 136",Belém,,tombado,municipal+estadual,,,,1992-12-09,1960240014
SO_ELEGIVEL·sem dono,SO_ELEGIVEL,Vila e Antiga Fábrica Maria Zélia,"Rua Otávio Paris, 111",Belém,,tombado,municipal+estadual,,,,1992-12-09,1960230016
SO_ELEGIVEL·sem dono,SO_ELEGIVEL,Vila e Antiga Fábrica Maria Zélia,"Rua Irmã Paula Loebenstein, 133",Belém,,tombado,municipal+estadual,,,,1992-12-09,1960240007
SO_ELEGIVEL·sem dono,SO_ELEGIVEL,Vila e Antiga Fábrica Maria Zélia,"Rua Otávio Paris, 101",Belém,,tombado,municipal+estadual,,,,1992-12-09,1960230015
SO_ELEGIVEL·sem dono,SO_ELEGIVEL,Vila e Antiga Fábrica Maria Zélia,"Rua Otávio Paris, 25",Belém,,tombado,municipal+estadual,,,,1992-12-09,1960250004
SO_ELEGIVEL·sem dono,SO_ELEGIVEL,Vila e Antiga Fábrica Maria Zélia,"Rua José Alves de Oliveira, 219",Belém,,tombado,municipal+estadual,,,,1992-12-09,1960180521
SO_ELEGIVEL·sem dono,SO_ELEGIVEL,Vila e Antiga Fábrica Maria Zélia,"Rua Irmã Paula Loebenstein, 160",Belém,,tombado,municipal+estadual,,,,1992-12-09,1960270014
SO_ELEGIVEL·sem dono,SO_ELEGIVEL,Vila e Antiga Fábrica Maria Zélia,"Rua Adílson Farias Claro, 160",Belém,,tombado,municipal+estadual,,,,1992-12-09,1960310007
SO_ELEGIVEL·sem dono,SO_ELEGIVEL,Vila e Antiga Fábrica Maria Zélia,"Rua José Alves de Oliveira, 83",Belém,,tombado,municipal+estadual,,,,1992-12-09,1960180539
SO_ELEGIVEL·sem dono,SO_ELEGIVEL,Área do Belém / Indicações de Zepec Pela Lei Nº 13.885/2004,"Avenida Celso Garcia, 1260, 1264, 1268",Belém,,tombado,municipal,,,,2016-05-18,0260350000
SO_ELEGIVEL·sem dono,SO_ELEGIVEL,Área do Belém / Indicações de Zepec Pela Lei Nº 13.885/2004,"Rua Lopes Coutinho, 74",Belém,,tombado,municipal,,,,2016-05-18,0260430030
SO_ELEGIVEL·sem dono,SO_ELEGIVEL,Área do Belém / Indicações de Zepec Pela Lei Nº 13.885/2004,"Rua São Leopoldo, 217",Belém,,tombado,municipal,,,,2016-05-18,0260470091
SO_ELEGIVEL·sem dono,SO_ELEGIVEL,Área do Belém / Indicações de Zepec Pela Lei Nº 13.885/2004,"Rua São Leopoldo, 219",Belém,,tombado,municipal,,,,2016-05-18,0260470090
SO_ELEGIVEL·sem dono,SO_ELEGIVEL,Área do Belém / Indicações de Zepec Pela Lei Nº 13.885/2004,"Rua Saldanha Marinho, 134, 202, 204",Belém,,tombado,municipal,,,,2016-05-18,0260470035
SO_ELEGIVEL·sem dono,SO_ELEGIVEL,Área do Belém / Indicações de Zepec Pela Lei Nº 13.885/2004,"Rua São Leopoldo, 201",Belém,,tombado,municipal,,,,2016-05-18,0260470094
SO_ELEGIVEL·sem dono,SO_ELEGIVEL,Área do Belém / Indicações de Zepec Pela Lei Nº 13.885/2004,"Rua São Leopoldo, 207",Belém,,tombado,municipal,,,,2016-05-18,0260470092
SO_ELEGIVEL·sem dono,SO_ELEGIVEL,Área do Belém / Indicações de Zepec Pela Lei Nº 13.885/2004,"Rua Doutor Silva Leme, 80",Belém,,tombado,municipal,,,,2016-05-18,0260380044
SO_ELEGIVEL·sem dono,SO_ELEGIVEL,Área do Belém / Indicações de Zepec Pela Lei Nº 13.885/2004,"Rua São Leopoldo, 205",Belém,,tombado,municipal,,,,2016-05-18,0260470093
SO_ELEGIVEL·sem dono,SO_ELEGIVEL,Área do Belém / Indicações de Zepec Pela Lei Nº 13.885/2004,"Rua Saldanha Marinho, 138, 142",Belém,,tombado,municipal,,,,2016-05-18,0260470036
SO_ELEGIVEL·sem dono,SO_ELEGIVEL,Antiga Faculdade de Farmácia e Odontologia da Usp,"Rua Correia dos Santos, 64, 363",Bom Retiro,,tombado,municipal+estadual,,,,1991-04-10,0180440020
SO_ELEGIVEL·sem dono,SO_ELEGIVEL,Antiga Sede do Desinfectório Central,"Rua Tenente Pena, 78, 100, 110, 400, 406, 69, 107",Bom Retiro,,tombado,municipal+estadual,,,,1991-04-10,0190730001
SO_ELEGIVEL·sem dono,SO_ELEGIVEL,Antigas Instalacoes da Escola Politecnica,"Rua dos Bandeirantes, 169",Bom Retiro,,tombado,municipal+estadual,,,,2016-11-02,0180500271
SO_ELEGIVEL·sem dono,SO_ELEGIVEL,Antigo Hospital Militar da Força Pública / Igreja de Santo Expedito,"Rua João Teodoro, 566",Bom Retiro,,tombado,municipal+federal,,,,2017-08-31,0180810005
SO_ELEGIVEL·sem dono,SO_ELEGIVEL,Antigo Hospital Militar da Força Pública / Igreja de Santo Expedito,"Rua Doutor Jorge Miranda, 264, 346",Bom Retiro,,tombado,municipal,,,,2017-08-31,0180810006
SO_ELEGIVEL·sem dono,SO_ELEGIVEL,Antigo Seminário Episcopal / Seminário da Luz,"Rua São Caetano, 18, 28, 32, 36, 92, 98, 104, 108, 112, 114, 118, 126",Bom Retiro,,tombado,municipal+estadual+federal,,,,1992-12-16,0010110002
SO_ELEGIVEL·sem dono,SO_ELEGIVEL,Antigo Seminário Episcopal / Seminário da Luz,"Rua São Caetano, 40, 46, 50, 56, 62",Bom Retiro,,tombado,municipal+estadual+federal,,,,1992-12-16,0010110003
SO_ELEGIVEL·sem dono,SO_ELEGIVEL,Antigo Seminário Episcopal / Seminário da Luz,"Rua Vinte e Cinco de Janeiro, 59",Bom Retiro,,tombado,municipal+estadual+federal,,,,1992-12-16,0010110067
SO_ELEGIVEL·sem dono,SO_ELEGIVEL,Conjunto das Antigas Instalações da Escola Politécnica - Usp / Edifício Ramos de Azevedo e Antigo Laboratório de Hidromecânica,"Rua Afonso Pena, 258",Bom Retiro,,tombado,municipal+estadual+federal,,,,2016-11-02,0180500269
SO_ELEGIVEL·sem dono,SO_ELEGIVEL,Conjunto das Antigas Instalações da Escola Politécnica / Edifício Hipólito Pujol e Edifício Oscar Machado / Edifício Ary Torres e Edifício Francisco Maffei (apt),"Praça Coronel Fernando Prestes, 110",Bom Retiro,,tombado,municipal+estadual,,,,2016-11-02,0180500268
SO_ELEGIVEL·sem dono,SO_ELEGIVEL,Conjunto das Antigas Instalações da Escola Politécnica / Edifício Paula Souza / Edifício Rodolfo Santiago,"Praça Coronel Fernando Prestes, 74",Bom Retiro,,tombado,municipal+estadual+federal,,,,2016-11-02,0180500267
SO_ELEGIVEL·sem dono,SO_ELEGIVEL,Eepg Marechal Deodoro / Escolas Primeira República,"Rua dos Italianos, 405",Bom Retiro,,tombado,municipal+estadual,,,,2014-12-24,0190700029
SO_ELEGIVEL·sem dono,SO_ELEGIVEL,Igreja Armenia do Rito Oriental Catolico,"Avenida Tiradentes, 718, 180",Bom Retiro,,tombado,municipal,,,,2017-08-17,0180640049
SO_ELEGIVEL·sem dono,SO_ELEGIVEL,Igreja de São Cristóvão,"Avenida Tiradentes, 84",Bom Retiro,,tombado,municipal+estadual+federal,,,,1991-04-10,0010110001
SO_ELEGIVEL·sem dono,SO_ELEGIVEL,Imóveis Enquadrados Como Z8-200 - Anexo I - Item 133,"Rua Doutor Rodrigo de Barros, 40, 42",Bom Retiro,,tombado,municipal,,,,2017-08-17,0180640014
SO_ELEGIVEL·sem dono,SO_ELEGIVEL,Imóveis Enquadrados Como Z8-200 - Anexo I - Item 134,"Rua Doutor Rodrigo de Barros, 56",Bom Retiro,,tombado,municipal,,,,2017-08-17,0180640015
SO_ELEGIVEL·sem dono,SO_ELEGIVEL,Imóveis Enquadrados Como Z8-200 - Anexo I - Item 135,"Rua Doutor Rodrigo de Barros, 62, 64",Bom Retiro,,tombado,municipal,,,,2017-08-17,0180640016
SO_ELEGIVEL·sem dono,SO_ELEGIVEL,Imóveis Enquadrados Como Z8-200 - Anexo I - Item 136,"Rua Doutor Rodrigo de Barros, 66",Bom Retiro,,tombado,municipal,,,,2017-08-17,0180640017
SO_ELEGIVEL·sem dono,SO_ELEGIVEL,Imóveis Enquadrados Como Z8-200 - Anexo I - Item 137,"Rua Doutor Rodrigo de Barros, 74",Bom Retiro,,tombado,municipal,,,,2017-08-17,0180640018
SO_ELEGIVEL·sem dono,SO_ELEGIVEL,Imóveis Enquadrados Como Z8-200 - Anexo I - Item 138,"Rua Doutor Rodrigo de Barros, 78",Bom Retiro,,tombado,municipal,,,,2017-08-17,0180640019
SO_ELEGIVEL·sem dono,SO_ELEGIVEL,Imóveis Enquadrados Como Z8-200 - Anexo I - Item 139,"Rua Doutor Rodrigo de Barros, 88",Bom Retiro,,tombado,municipal,,,,2017-08-17,0180640020
SO_ELEGIVEL·sem dono,SO_ELEGIVEL,Imóveis Enquadrados Como Z8-200 - Anexo I - Item 140,"Rua Doutor Rodrigo de Barros, 90",Bom Retiro,,tombado,municipal,,,,2017-08-17,0180640021
SO_ELEGIVEL·sem dono,SO_ELEGIVEL,Imóveis Enquadrados Como Z8-200 - Anexo I - Item 141,"Rua Doutor Rodrigo de Barros, 100",Bom Retiro,,tombado,municipal,,,,2017-08-17,0180640022
SO_ELEGIVEL·sem dono,SO_ELEGIVEL,Imóveis Enquadrados Como Z8-200 - Anexo I - Item 142,"Rua Doutor Rodrigo de Barros, 102",Bom Retiro,,tombado,municipal,,,,2017-08-17,0180640023
SO_ELEGIVEL·sem dono,SO_ELEGIVEL,Imóveis Enquadrados Como Z8-200 - Anexo I - Item 143,"Rua Doutor Rodrigo de Barros, 112",Bom Retiro,,tombado,municipal,,,,2017-08-17,0180640024
SO_ELEGIVEL·sem dono,SO_ELEGIVEL,Imóveis Enquadrados Como Z8-200 - Anexo I - Item 144,"Rua Doutor Rodrigo de Barros, 114",Bom Retiro,,tombado,municipal,,,,2017-08-17,0180640025
SO_ELEGIVEL·sem dono,SO_ELEGIVEL,Imóveis Enquadrados Como Z8-200 - Anexo I - Item 145,"Rua Doutor Rodrigo de Barros, 124",Bom Retiro,,tombado,municipal,,,,2017-08-17,0180640026
SO_ELEGIVEL·sem dono,SO_ELEGIVEL,Imóveis Enquadrados Como Z8-200 - Anexo I - Item 146,"Rua Doutor Rodrigo de Barros, 126",Bom Retiro,,tombado,municipal,,,,2017-08-17,0180640027
SO_ELEGIVEL·sem dono,SO_ELEGIVEL,Imóveis Enquadrados Como Z8-200 - Anexo I - Item 147,"Rua Doutor Rodrigo de Barros, 136",Bom Retiro,,tombado,municipal,,,,2017-08-17,0180640028
SO_ELEGIVEL·sem dono,SO_ELEGIVEL,Imóveis Enquadrados Como Z8-200 - Anexo I - Item 148,"Rua Doutor Rodrigo de Barros, 142",Bom Retiro,,tombado,municipal,,,,2017-08-17,0180640029
SO_ELEGIVEL·sem dono,SO_ELEGIVEL,Imóveis Enquadrados Como Z8-200 - Anexo I - Item 149,"Rua Doutor Rodrigo de Barros, 144",Bom Retiro,,tombado,municipal,,,,2017-08-17,0180640030
SO_ELEGIVEL·sem dono,SO_ELEGIVEL,Imóveis Enquadrados Como Z8-200 - Anexo I - Item 150,"Rua Doutor Rodrigo de Barros, 154",Bom Retiro,,tombado,municipal,,,,2017-08-17,0180640031
SO_ELEGIVEL·sem dono,SO_ELEGIVEL,Imóveis Enquadrados Como Z8-200 - Anexo I - Item 151,"Rua Doutor Rodrigo de Barros, 156",Bom Retiro,,tombado,municipal,,,,2017-08-17,0180640032
SO_ELEGIVEL·sem dono,SO_ELEGIVEL,Imóveis Enquadrados Como Z8-200 - Anexo I - Item 152,"Rua Doutor Rodrigo de Barros, 166",Bom Retiro,,tombado,municipal,,,,2017-08-17,0180640033
SO_ELEGIVEL·sem dono,SO_ELEGIVEL,Imóveis Enquadrados Como Z8-200 - Anexo I - Item 153,"Rua Doutor Rodrigo de Barros, 168",Bom Retiro,,tombado,municipal,,,,2017-08-17,0180640034
SO_ELEGIVEL·sem dono,SO_ELEGIVEL,Imóveis Enquadrados Como Z8-200 - Anexo I - Item 212,"Avenida Tiradentes, 692, 696, 698, 702",Bom Retiro,,tombado,municipal,,,,2017-08-17,0180640045
SO_ELEGIVEL·sem dono,SO_ELEGIVEL,Imóveis Enquadrados Como Z8-200 - Anexo I - Item 214,"Avenida Tiradentes, 728",Bom Retiro,,tombado,municipal,,,,2017-08-17,0180640047
SO_ELEGIVEL·sem dono,SO_ELEGIVEL,Imóveis Enquadrados Como Z8-200 - Anexo I - Item ?,"Rua Doutor Jorge Miranda, 65",Bom Retiro,,tombado,municipal,,,,2017-08-17,0180640051
SO_ELEGIVEL·sem dono,SO_ELEGIVEL,Imóveis Enquadrados Como Z8-200 - Anexo I - Item ?,"Avenida Tiradentes, 688, 212",Bom Retiro,,tombado,municipal,,,,2017-08-17,0180640050
SO_ELEGIVEL·sem dono,SO_ELEGIVEL,Mosteiro da Imaculada Conceição da Luz / Museu de Arte Sacra / Igreja Nossa Senhora da Luz / Coleção de Arte Religiosa do Museu de Arte Sacra,"Avenida Tiradentes, 676",Bom Retiro,,tombado,municipal+estadual+federal,,,,1991-04-10,0180640052
SO_ELEGIVEL·sem dono,SO_ELEGIVEL,Painel de Azulejos do Artista Alfredo Volpi / Edifício Eldorado,"Rua Afonso Pena, 379",Bom Retiro,,tombado,municipal,,,,2016-10-01,0180310000
SO_ELEGIVEL·sem dono,SO_ELEGIVEL,Pinacoteca do Estado / Antigo Liceu de Artes e Ofícios,"Praça da Luz, 2, 141, 173",Bom Retiro,,tombado,municipal+estadual+federal,,,,1991-04-10,0010870001
SO_ELEGIVEL·sem dono,SO_ELEGIVEL,Portal de Pedra do Antigo Presídio Tiradentes,"Avenida Tiradentes, 391, 441, 451",Bom Retiro,,tombado,municipal+estadual+federal,,,,1991-04-10,0180630003
SO_ELEGIVEL·sem dono,SO_ELEGIVEL,Posto de Gasolina Avenida Tiradentes / Postos de Gasolina Shell / Década de 30,"Avenida Tiradentes, 1565",Bom Retiro,,tombado,municipal,,,,2017-09-16,0180050019
SO_ELEGIVEL·sem dono,SO_ELEGIVEL,Quartel do 1º Batalhão de Choque Tobias de Aguiar / Antigo Quartel da Luz,"Avenida Tiradentes, 440, 74, 238, 81",Bom Retiro,,tombado,municipal+estadual+federal,,,,1991-04-10,0180800001
SO_ELEGIVEL·sem dono,SO_ELEGIVEL,Remanescentes da Antiga Garagem e Almoxarifado Municipais / Rua Afonso Pena C/ Rua Ribeiro de Lima,"Rua Afonso Pena, 130, 152, 158, 186",Bom Retiro,,tombado,municipal,,,,2018-04-11,0180630001
SO_ELEGIVEL·sem dono,SO_ELEGIVEL,Vila Economizadora,"Rua Dr Claudio de Sousa, 3",Bom Retiro,,tombado,municipal+estadual,,,,1991-04-10,0020110048
SO_ELEGIVEL·sem dono,SO_ELEGIVEL,Vila Economizadora,"Rua da Cantareira 864, 868, 874",Bom Retiro,,tombado,municipal+estadual,,,,1991-04-10,0020160000
SO_ELEGIVEL·sem dono,SO_ELEGIVEL,Vila Economizadora,Rua Maua,Bom Retiro,,tombado,municipal+estadual,,,,1991-04-10,0020160019
SO_ELEGIVEL·sem dono,SO_ELEGIVEL,Vila Economizadora,"Rua Economizadora, 29",Bom Retiro,,tombado,municipal+estadual,,,,1991-04-10,0020110037
SO_ELEGIVEL·sem dono,SO_ELEGIVEL,Vila Economizadora,"Rua São Caetano, 656",Bom Retiro,,tombado,municipal+estadual,,,,1991-04-10,0020120017
SO_ELEGIVEL·sem dono,SO_ELEGIVEL,Vila Economizadora,"Rua Euricles Félix de Matos, 5",Bom Retiro,,tombado,municipal+estadual,,,,1991-04-10,0020130017
SO_ELEGIVEL·sem dono,SO_ELEGIVEL,Vila Economizadora,"Rua Economizadora, 27",Bom Retiro,,tombado,municipal+estadual,,,,1991-04-10,0020110036
SO_ELEGIVEL·sem dono,SO_ELEGIVEL,Vila Economizadora,"Rua Doutor Cláudio de Souza, 2",Bom Retiro,,tombado,municipal+estadual,,,,1991-04-10,0020160002
SO_ELEGIVEL·sem dono,SO_ELEGIVEL,Vila Economizadora,"Rua Euricles Félix de Matos, 12",Bom Retiro,,tombado,municipal+estadual,,,,1991-04-10,0020140007
SO_ELEGIVEL·sem dono,SO_ELEGIVEL,Vila Economizadora,"Rua Euricles Félix de Matos, 14",Bom Retiro,,tombado,municipal+estadual,,,,1991-04-10,0020140006
SO_ELEGIVEL·sem dono,SO_ELEGIVEL,Vila Economizadora,"Rua Doutor Luís Pisa, 16",Bom Retiro,,tombado,municipal+estadual,,,,1991-04-10,0020130005
SO_ELEGIVEL·sem dono,SO_ELEGIVEL,Vila Economizadora,"Rua Doutor Luís Pisa, 18",Bom Retiro,,tombado,municipal+estadual,,,,1991-04-10,0020130004
SO_ELEGIVEL·sem dono,SO_ELEGIVEL,Vila Economizadora,"Rua Doutor Luís Pisa, 5",Bom Retiro,,tombado,municipal+estadual,,,,1991-04-10,0020120021
SO_ELEGIVEL·sem dono,SO_ELEGIVEL,Vila Economizadora,"Rua Economizadora, 23",Bom Retiro,,tombado,municipal+estadual,,,,1991-04-10,0020110034
SO_ELEGIVEL·sem dono,SO_ELEGIVEL,Vila Economizadora,"Rua Euricles Félix de Matos, 13",Bom Retiro,,tombado,municipal+estadual,,,,1991-04-10,0020130021
SO_ELEGIVEL·sem dono,SO_ELEGIVEL,Vila Economizadora,"Rua Euricles Félix de Matos, 6",Bom Retiro,,tombado,municipal+estadual,,,,1991-04-10,0020140010
SO_ELEGIVEL·sem dono,SO_ELEGIVEL,Vila Economizadora,"Rua Doutor Cláudio de Souza, 13",Bom Retiro,,tombado,municipal+estadual,,,,1991-04-10,0020150015
SO_ELEGIVEL·sem dono,SO_ELEGIVEL,Vila Economizadora,"Rua dos Cantores, 14",Bom Retiro,,tombado,municipal+estadual,,,,1991-04-10,0020150006
SO_ELEGIVEL·sem dono,SO_ELEGIVEL,Vila Economizadora,"Rua São Caetano, 602",Bom Retiro,,tombado,municipal+estadual,,,,1991-04-10,0020110015
SO_ELEGIVEL·sem dono,SO_ELEGIVEL,Vila Economizadora,"Rua São Caetano, 678",Bom Retiro,,tombado,municipal+estadual,,,,1991-04-10,0020120013
SO_ELEGIVEL·sem dono,SO_ELEGIVEL,Vila Economizadora,"Rua Euricles Félix de Matos, 10",Bom Retiro,,tombado,municipal+estadual,,,,1991-04-10,0020140008
SO_ELEGIVEL·sem dono,SO_ELEGIVEL,Vila Economizadora,"Rua São Caetano, 612",Bom Retiro,,tombado,municipal+estadual,,,,1991-04-10,0020110017
SO_ELEGIVEL·sem dono,SO_ELEGIVEL,Vila Economizadora,"Rua Euricles Félix de Matos, 8",Bom Retiro,,tombado,municipal+estadual,,,,1991-04-10,0020140009
SO_ELEGIVEL·sem dono,SO_ELEGIVEL,Vila Economizadora,"Rua Economizadora, 5",Bom Retiro,,tombado,municipal+estadual,,,,1991-04-10,0020110025
SO_ELEGIVEL·sem dono,SO_ELEGIVEL,Vila Economizadora,"Rua Doutor Cláudio de Souza, 27",Bom Retiro,,tombado,municipal+estadual,,,,1991-04-10,0020150022
SO_ELEGIVEL·sem dono,SO_ELEGIVEL,Vila Economizadora,"Rua Economizadora, 4",Bom Retiro,,tombado,municipal+estadual,,,,1991-04-10,0020120018
SO_ELEGIVEL·sem dono,SO_ELEGIVEL,Vila Economizadora,"Rua Doutor Cláudio de Souza, 15",Bom Retiro,,tombado,municipal+estadual,,,,1991-04-10,0020150016
SO_ELEGIVEL·sem dono,SO_ELEGIVEL,Vila Economizadora,"Rua Doutor Cláudio de Souza, 30",Bom Retiro,,tombado,municipal+estadual,,,,1991-04-10,0020160016
SO_ELEGIVEL·sem dono,SO_ELEGIVEL,Vila Economizadora,"Avenida do Estado, 2436",Bom Retiro,,tombado,municipal+estadual,,,,1991-04-10,0020120003
SO_ELEGIVEL·sem dono,SO_ELEGIVEL,Vila Economizadora,"Rua Doutor Cláudio de Souza, 17",Bom Retiro,,tombado,municipal+estadual,,,,1991-04-10,0020150017
SO_ELEGIVEL·sem dono,SO_ELEGIVEL,Vila Economizadora,"Rua dos Cantores, 11",Bom Retiro,,tombado,municipal+estadual,,,,1991-04-10,0020140020
SO_ELEGIVEL·sem dono,SO_ELEGIVEL,Vila Economizadora,"Avenida do Estado, 2472",Bom Retiro,,tombado,municipal+estadual,,,,1991-04-10,0020130003
SO_ELEGIVEL·sem dono,SO_ELEGIVEL,Vila Economizadora,"Rua Doutor Cláudio de Souza, 25",Bom Retiro,,tombado,municipal+estadual,,,,1991-04-10,0020150021
SO_ELEGIVEL·sem dono,SO_ELEGIVEL,Vila Economizadora,"Rua dos Cantores, 15",Bom Retiro,,tombado,municipal+estadual,,,,1991-04-10,0020140022
SO_ELEGIVEL·sem dono,SO_ELEGIVEL,Vila Economizadora,"Rua Doutor Luís Pisa, 7",Bom Retiro,,tombado,municipal+estadual,,,,1991-04-10,0020120022
SO_ELEGIVEL·sem dono,SO_ELEGIVEL,Vila Economizadora,"Rua Doutor Cláudio de Souza, 6",Bom Retiro,,tombado,municipal+estadual,,,,1991-04-10,0020160004
SO_ELEGIVEL·sem dono,SO_ELEGIVEL,Vila Economizadora,"Rua Doutor Luís Pisa, 4",Bom Retiro,,tombado,municipal+estadual,,,,1991-04-10,0020130011
SO_ELEGIVEL·sem dono,SO_ELEGIVEL,Vila Economizadora,"Rua Economizadora, 17",Bom Retiro,,tombado,municipal+estadual,,,,1991-04-10,0020110031
SO_ELEGIVEL·sem dono,SO_ELEGIVEL,Vila Economizadora,"Rua Economizadora, 1",Bom Retiro,,tombado,municipal+estadual,,,,1991-04-10,0020110023
SO_ELEGIVEL·sem dono,SO_ELEGIVEL,Vila Economizadora,"Rua São Caetano, 638, 640",Bom Retiro,,tombado,municipal+estadual,,,,1991-04-10,0020110021
SO_ELEGIVEL·sem dono,SO_ELEGIVEL,Vila Economizadora,"Rua São Caetano, 666",Bom Retiro,,tombado,municipal+estadual,,,,1991-04-10,0020120015
SO_ELEGIVEL·sem dono,SO_ELEGIVEL,Vila Economizadora,"Rua São Caetano, 674",Bom Retiro,,tombado,municipal+estadual,,,,1991-04-10,0020120014
SO_ELEGIVEL·sem dono,SO_ELEGIVEL,Vila Economizadora,"Rua Euricles Félix de Matos, 17",Bom Retiro,,tombado,municipal+estadual,,,,1991-04-10,0020130023
SO_ELEGIVEL·sem dono,SO_ELEGIVEL,Vila Economizadora,"Rua dos Cantores, 12",Bom Retiro,,tombado,municipal+estadual,,,,1991-04-10,0020150007
SO_ELEGIVEL·sem dono,SO_ELEGIVEL,Vila Economizadora,"Rua dos Cantores, 13",Bom Retiro,,tombado,municipal+estadual,,,,1991-04-10,0020140021
SO_ELEGIVEL·sem dono,SO_ELEGIVEL,Vila Economizadora,"Rua Doutor Cláudio de Souza, 28",Bom Retiro,,tombado,municipal+estadual,,,,1991-04-10,0020160015
SO_ELEGIVEL·sem dono,SO_ELEGIVEL,Vila Economizadora,"Rua Doutor Cláudio de Souza, 21",Bom Retiro,,tombado,municipal+estadual,,,,1991-04-10,0020150019
SO_ELEGIVEL·sem dono,SO_ELEGIVEL,Vila Economizadora,"Rua São Caetano, 700",Bom Retiro,,tombado,municipal+estadual,,,,1991-04-10,0020120009
SO_ELEGIVEL·sem dono,SO_ELEGIVEL,Vila Economizadora,"Rua Doutor Luís Pisa, 3",Bom Retiro,,tombado,municipal+estadual,,,,1991-04-10,0020120020
SO_ELEGIVEL·sem dono,SO_ELEGIVEL,Vila Economizadora,"Rua Economizadora, 39",Bom Retiro,,tombado,municipal+estadual,,,,1991-04-10,0020110042
SO_ELEGIVEL·sem dono,SO_ELEGIVEL,Vila Economizadora,"Rua da Cantareira, 906, 1",Bom Retiro,,tombado,municipal+estadual,,,,1991-04-10,0020110049
SO_ELEGIVEL·sem dono,SO_ELEGIVEL,Vila Economizadora,"Rua Euricles Félix de Matos, 4",Bom Retiro,,tombado,municipal+estadual,,,,1991-04-10,0020140011
SO_ELEGIVEL·sem dono,SO_ELEGIVEL,Vila Economizadora,"Rua Economizadora, 37",Bom Retiro,,tombado,municipal+estadual,,,,1991-04-10,0020110041
SO_ELEGIVEL·sem dono,SO_ELEGIVEL,Vila Economizadora,"Rua Doutor Luís Pisa, 12",Bom Retiro,,tombado,municipal+estadual,,,,1991-04-10,0020130007
SO_ELEGIVEL·sem dono,SO_ELEGIVEL,Vila Economizadora,"Rua São Caetano, 706",Bom Retiro,,tombado,municipal+estadual,,,,1991-04-10,0020120007
SO_ELEGIVEL·sem dono,SO_ELEGIVEL,Vila Economizadora,"Rua Economizadora, 9",Bom Retiro,,tombado,municipal+estadual,,,,1991-04-10,0020110027
SO_ELEGIVEL·sem dono,SO_ELEGIVEL,Vila Economizadora,"Rua São Caetano, 692",Bom Retiro,,tombado,municipal+estadual,,,,1991-04-10,0020120010
SO_ELEGIVEL·sem dono,SO_ELEGIVEL,Vila Economizadora,"Rua dos Cantores, 8",Bom Retiro,,tombado,municipal+estadual,,,,1991-04-10,0020150009
SO_ELEGIVEL·sem dono,SO_ELEGIVEL,Vila Economizadora,"Rua São Caetano, 682",Bom Retiro,,tombado,municipal+estadual,,,,1991-04-10,0020120012
SO_ELEGIVEL·sem dono,SO_ELEGIVEL,Vila Economizadora,"Rua Doutor Cláudio de Souza, 12",Bom Retiro,,tombado,municipal+estadual,,,,1991-04-10,0020160007
SO_ELEGIVEL·sem dono,SO_ELEGIVEL,Vila Economizadora,"Rua Doutor Cláudio de Souza, 8",Bom Retiro,,tombado,municipal+estadual,,,,1991-04-10,0020160005
SO_ELEGIVEL·sem dono,SO_ELEGIVEL,Vila Economizadora,"Rua Economizadora, 19",Bom Retiro,,tombado,municipal+estadual,,,,1991-04-10,0020110032
SO_ELEGIVEL·sem dono,SO_ELEGIVEL,Vila Economizadora,"Rua Economizadora, 21",Bom Retiro,,tombado,municipal+estadual,,,,1991-04-10,0020110033
SO_ELEGIVEL·sem dono,SO_ELEGIVEL,Vila Economizadora,"Rua São Caetano, 624",Bom Retiro,,tombado,municipal+estadual,,,,1991-04-10,0020110019
SO_ELEGIVEL·sem dono,SO_ELEGIVEL,Vila Economizadora,"Rua São Caetano, 630",Bom Retiro,,tombado,municipal+estadual,,,,1991-04-10,0020110020
SO_ELEGIVEL·sem dono,SO_ELEGIVEL,Vila Economizadora,"Rua dos Cantores, 10",Bom Retiro,,tombado,municipal+estadual,,,,1991-04-10,0020150008
SO_ELEGIVEL·sem dono,SO_ELEGIVEL,Vila Economizadora,"Rua Doutor Cláudio de Souza, 23",Bom Retiro,,tombado,municipal+estadual,,,,1991-04-10,0020150020
SO_ELEGIVEL·sem dono,SO_ELEGIVEL,Vila Economizadora,"Rua Economizadora, 12",Bom Retiro,,tombado,municipal+estadual,,,,1991-04-10,0020140014
SO_ELEGIVEL·sem dono,SO_ELEGIVEL,Vila Economizadora,"Rua Economizadora, 1",Bom Retiro,,tombado,municipal+estadual,,,,1991-04-10,0020140015
SO_ELEGIVEL·sem dono,SO_ELEGIVEL,Vila Economizadora,"Rua Economizadora, 41",Bom Retiro,,tombado,municipal+estadual,,,,1991-04-10,0020110043
SO_ELEGIVEL·sem dono,SO_ELEGIVEL,Vila Economizadora,"Rua dos Cantores, 16",Bom Retiro,,tombado,municipal+estadual,,,,1991-04-10,0020150005
SO_ELEGIVEL·sem dono,SO_ELEGIVEL,Vila Economizadora,"Rua dos Cantores, 2",Bom Retiro,,tombado,municipal+estadual,,,,1991-04-10,0020150012
SO_ELEGIVEL·sem dono,SO_ELEGIVEL,Vila Economizadora,"Rua Doutor Cláudio de Souza, 9",Bom Retiro,,tombado,municipal+estadual,,,,1991-04-10,0020110045
SO_ELEGIVEL·sem dono,SO_ELEGIVEL,Vila Economizadora,"Rua Doutor Cláudio de Souza, 3, 618",Bom Retiro,,tombado,municipal+estadual,,,,1991-04-10,0020110018
SO_ELEGIVEL·sem dono,SO_ELEGIVEL,Vila Economizadora,"Rua dos Cantores, 5",Bom Retiro,,tombado,municipal+estadual,,,,1991-04-10,0020140017
SO_ELEGIVEL·sem dono,SO_ELEGIVEL,Vila Economizadora,"Rua Doutor Luís Pisa, 1",Bom Retiro,,tombado,municipal+estadual,,,,1991-04-10,0020120019
SO_ELEGIVEL·sem dono,SO_ELEGIVEL,Vila Economizadora,"Avenida do Estado, 2434",Bom Retiro,,tombado,municipal+estadual,,,,1991-04-10,0020120004
SO_ELEGIVEL·sem dono,SO_ELEGIVEL,Vila Economizadora,"Rua Euricles Félix de Matos, 11",Bom Retiro,,tombado,municipal+estadual,,,,1991-04-10,0020130020
SO_ELEGIVEL·sem dono,SO_ELEGIVEL,Vila Economizadora,"Rua Doutor Cláudio de Souza, 26",Bom Retiro,,tombado,municipal+estadual,,,,1991-04-10,0020160014
SO_ELEGIVEL·sem dono,SO_ELEGIVEL,Vila Economizadora,"Rua São Caetano, 686",Bom Retiro,,tombado,municipal+estadual,,,,1991-04-10,0020120011
SO_ELEGIVEL·sem dono,SO_ELEGIVEL,Vila Economizadora,"Rua Economizadora, 6",Bom Retiro,,tombado,municipal+estadual,,,,1991-04-10,0020130013
SO_ELEGIVEL·sem dono,SO_ELEGIVEL,Vila Economizadora,"Rua Economizadora, 11",Bom Retiro,,tombado,municipal+estadual,,,,1991-04-10,0020110028
SO_ELEGIVEL·sem dono,SO_ELEGIVEL,Vila Economizadora,"Rua Doutor Luís Pisa, 13",Bom Retiro,,tombado,municipal+estadual,,,,1991-04-10,0020120025
SO_ELEGIVEL·sem dono,SO_ELEGIVEL,Vila Economizadora,"Rua Doutor Luís Pisa, 15",Bom Retiro,,tombado,municipal+estadual,,,,1991-04-10,0020120026
SO_ELEGIVEL·sem dono,SO_ELEGIVEL,Vila Economizadora,"Rua Doutor Luís Pisa, 9",Bom Retiro,,tombado,municipal+estadual,,,,1991-04-10,0020120023
SO_ELEGIVEL·sem dono,SO_ELEGIVEL,Vila Economizadora,"Avenida do Estado, 2450",Bom Retiro,,tombado,municipal+estadual,,,,1991-04-10,0020120001
SO_ELEGIVEL·sem dono,SO_ELEGIVEL,Vila Economizadora,"Rua São Caetano, 664",Bom Retiro,,tombado,municipal+estadual,,,,1991-04-10,0020120016
SO_ELEGIVEL·sem dono,SO_ELEGIVEL,Vila Economizadora,"Rua Euricles Félix de Matos, 9",Bom Retiro,,tombado,municipal+estadual,,,,1991-04-10,0020130019
SO_ELEGIVEL·sem dono,SO_ELEGIVEL,Vila Economizadora,"Avenida do Estado, 2476",Bom Retiro,,tombado,municipal+estadual,,,,1991-04-10,0020130002
SO_ELEGIVEL·sem dono,SO_ELEGIVEL,Vila Economizadora,"Rua Doutor Luís Pisa, 2",Bom Retiro,,tombado,municipal+estadual,,,,1991-04-10,0020130012
SO_ELEGIVEL·sem dono,SO_ELEGIVEL,Vila Economizadora,"Rua Economizadora, 8",Bom Retiro,,tombado,municipal+estadual,,,,1991-04-10,0020130014
SO_ELEGIVEL·sem dono,SO_ELEGIVEL,Vila Economizadora,"Rua Doutor Luís Pisa, 14",Bom Retiro,,tombado,municipal+estadual,,,,1991-04-10,0020130006
SO_ELEGIVEL·sem dono,SO_ELEGIVEL,Vila Economizadora,"Rua Doutor Cláudio de Souza, 5",Bom Retiro,,tombado,municipal+estadual,,,,1991-04-10,0020110047
SO_ELEGIVEL·sem dono,SO_ELEGIVEL,Vila Economizadora,"Rua São Caetano, 702",Bom Retiro,,tombado,municipal+estadual,,,,1991-04-10,0020120008
SO_ELEGIVEL·sem dono,SO_ELEGIVEL,Vila Economizadora,"Rua Economizadora, 7",Bom Retiro,,tombado,municipal+estadual,,,,1991-04-10,0020110026
SO_ELEGIVEL·sem dono,SO_ELEGIVEL,Vila Economizadora,"Rua Economizadora, 14",Bom Retiro,,tombado,municipal+estadual,,,,1991-04-10,0020150013
SO_ELEGIVEL·sem dono,SO_ELEGIVEL,Vila Economizadora,"Avenida do Estado, 2448",Bom Retiro,,tombado,municipal+estadual,,,,1991-04-10,0020120002
SO_ELEGIVEL·sem dono,SO_ELEGIVEL,Vila Economizadora,"Rua Doutor Cláudio de Souza, 11",Bom Retiro,,tombado,municipal+estadual,,,,1991-04-10,0020110044
SO_ELEGIVEL·sem dono,SO_ELEGIVEL,Vila Economizadora,"Rua Economizadora, 25",Bom Retiro,,tombado,municipal+estadual,,,,1991-04-10,0020110035
SO_ELEGIVEL·sem dono,SO_ELEGIVEL,Vila Economizadora,"Rua Doutor Luís Pisa, 8",Bom Retiro,,tombado,municipal+estadual,,,,1991-04-10,0020130009
SO_ELEGIVEL·sem dono,SO_ELEGIVEL,Vila Economizadora,"Rua Doutor Cláudio de Souza, 10",Bom Retiro,,tombado,municipal+estadual,,,,1991-04-10,0020160006
SO_ELEGIVEL·sem dono,SO_ELEGIVEL,Vila Economizadora,"Rua Economizadora, 31",Bom Retiro,,tombado,municipal+estadual,,,,1991-04-10,0020110038
SO_ELEGIVEL·sem dono,SO_ELEGIVEL,Vila Economizadora,"Rua Euricles Félix de Matos, 3",Bom Retiro,,tombado,municipal+estadual,,,,1991-04-10,0020130016
SO_ELEGIVEL·sem dono,SO_ELEGIVEL,Vila Economizadora,"Rua Doutor Luís Pisa, 6",Bom Retiro,,tombado,municipal+estadual,,,,1991-04-10,0020130010
SO_ELEGIVEL·sem dono,SO_ELEGIVEL,Vila Economizadora,"Rua Economizadora, 3",Bom Retiro,,tombado,municipal+estadual,,,,1991-04-10,0020110024
SO_ELEGIVEL·sem dono,SO_ELEGIVEL,Vila Economizadora,"Rua dos Cantores, 4",Bom Retiro,,tombado,municipal+estadual,,,,1991-04-10,0020150011
SO_ELEGIVEL·sem dono,SO_ELEGIVEL,Vila Economizadora,"Rua Euricles Félix de Matos, 2",Bom Retiro,,tombado,municipal+estadual,,,,1991-04-10,0020140012
SO_ELEGIVEL·sem dono,SO_ELEGIVEL,Vila Economizadora,"Rua Economizadora, 10",Bom Retiro,,tombado,municipal+estadual,,,,1991-04-10,0020140013
SO_ELEGIVEL·sem dono,SO_ELEGIVEL,Vila Economizadora,"Rua Doutor Cláudio de Souza, 20",Bom Retiro,,tombado,municipal+estadual,,,,1991-04-10,0020160011
SO_ELEGIVEL·sem dono,SO_ELEGIVEL,Vila Economizadora,"Rua dos Cantores, 9",Bom Retiro,,tombado,municipal+estadual,,,,1991-04-10,0020140019
SO_ELEGIVEL·sem dono,SO_ELEGIVEL,Vila Economizadora,"Rua dos Cantores, 6",Bom Retiro,,tombado,municipal+estadual,,,,1991-04-10,0020150010
SO_ELEGIVEL·sem dono,SO_ELEGIVEL,Vila Economizadora,"Rua Doutor Cláudio de Souza, 7",Bom Retiro,,tombado,municipal+estadual,,,,1991-04-10,0020110046
SO_ELEGIVEL·sem dono,SO_ELEGIVEL,Vila Economizadora,"Rua Economizadora, 13",Bom Retiro,,tombado,municipal+estadual,,,,1991-04-10,0020110029
SO_ELEGIVEL·sem dono,SO_ELEGIVEL,Vila Economizadora,"Rua Economizadora, 15",Bom Retiro,,tombado,municipal+estadual,,,,1991-04-10,0020110030
SO_ELEGIVEL·sem dono,SO_ELEGIVEL,Vila Economizadora,"Rua Doutor Luís Pisa, 11",Bom Retiro,,tombado,municipal+estadual,,,,1991-04-10,0020120024
SO_ELEGIVEL·sem dono,SO_ELEGIVEL,Vila Economizadora,"Rua Economizadora, 16",Bom Retiro,,tombado,municipal+estadual,,,,1991-04-10,0020150014
SO_ELEGIVEL·sem dono,SO_ELEGIVEL,Vila Economizadora,"Rua Doutor Cláudio de Souza, 19",Bom Retiro,,tombado,municipal+estadual,,,,1991-04-10,0020150018
SO_ELEGIVEL·sem dono,SO_ELEGIVEL,Vila Economizadora,"Rua Doutor Cláudio de Souza, 4",Bom Retiro,,tombado,municipal+estadual,,,,1991-04-10,0020160003
SO_ELEGIVEL·sem dono,SO_ELEGIVEL,Vila Economizadora,"Rua Doutor Cláudio de Souza, 14",Bom Retiro,,tombado,municipal+estadual,,,,1991-04-10,0020160008
SO_ELEGIVEL·sem dono,SO_ELEGIVEL,Vila Economizadora,"Avenida do Estado, 2482",Bom Retiro,,tombado,municipal+estadual,,,,1991-04-10,0020130001
SO_ELEGIVEL·sem dono,SO_ELEGIVEL,Vila Economizadora,"Rua dos Cantores, 7",Bom Retiro,,tombado,municipal+estadual,,,,1991-04-10,0020140018
SO_ELEGIVEL·sem dono,SO_ELEGIVEL,Vila Economizadora,"Rua São Caetano, 720",Bom Retiro,,tombado,municipal+estadual,,,,1991-04-10,0020120005
SO_ELEGIVEL·sem dono,SO_ELEGIVEL,Vila Economizadora,"Rua Economizadora, 33",Bom Retiro,,tombado,municipal+estadual,,,,1991-04-10,0020110039
SO_ELEGIVEL·sem dono,SO_ELEGIVEL,Vila Economizadora,"Rua Euricles Félix de Matos, 1, 1",Bom Retiro,,tombado,municipal+estadual,,,,1991-04-10,0020130015
SO_ELEGIVEL·sem dono,SO_ELEGIVEL,Vila Economizadora,"Rua Euricles Félix de Matos, 15",Bom Retiro,,tombado,municipal+estadual,,,,1991-04-10,0020130022
SO_ELEGIVEL·sem dono,SO_ELEGIVEL,Vila Economizadora,"Rua dos Cantores, 3",Bom Retiro,,tombado,municipal+estadual,,,,1991-04-10,0020140016
SO_ELEGIVEL·sem dono,SO_ELEGIVEL,Vila Economizadora,"Rua Doutor Cláudio de Souza, 18",Bom Retiro,,tombado,municipal+estadual,,,,1991-04-10,0020160010
SO_ELEGIVEL·sem dono,SO_ELEGIVEL,Vila Economizadora,"Rua Economizadora, 35",Bom Retiro,,tombado,municipal+estadual,,,,1991-04-10,0020110040
SO_ELEGIVEL·sem dono,SO_ELEGIVEL,Vila Economizadora,"Rua São Caetano, 608",Bom Retiro,,tombado,municipal+estadual,,,,1991-04-10,0020110016
SO_ELEGIVEL·sem dono,SO_ELEGIVEL,Vila Economizadora,"Rua Doutor Cláudio de Souza, 16",Bom Retiro,,tombado,municipal+estadual,,,,1991-04-10,0020160009
SO_ELEGIVEL·sem dono,SO_ELEGIVEL,Vila Economizadora,"Rua Euricles Félix de Matos, 7",Bom Retiro,,tombado,municipal+estadual,,,,1991-04-10,0020130018
SO_ELEGIVEL·sem dono,SO_ELEGIVEL,Vila Economizadora,"Rua São Caetano, 712",Bom Retiro,,tombado,municipal+estadual,,,,1991-04-10,0020120006
SO_ELEGIVEL·sem dono,SO_ELEGIVEL,Vila Economizadora,"Rua Euricles Félix de Matos, 16",Bom Retiro,,tombado,municipal+estadual,,,,1991-04-10,0020140005
SO_ELEGIVEL·sem dono,SO_ELEGIVEL,Vila Economizadora,"Rua Doutor Cláudio de Souza, 24",Bom Retiro,,tombado,municipal+estadual,,,,1991-04-10,0020160013
SO_ELEGIVEL·sem dono,SO_ELEGIVEL,Vila Economizadora,"Rua Economizadora, 1",Bom Retiro,,tombado,municipal+estadual,,,,1991-04-10,0020110022
SO_ELEGIVEL·sem dono,SO_ELEGIVEL,Vila Economizadora,"Rua Doutor Luís Pisa, 10",Bom Retiro,,tombado,municipal+estadual,,,,1991-04-10,0020130008
SO_ELEGIVEL·sem dono,SO_ELEGIVEL,Vila Economizadora,"Rua Doutor Cláudio de Souza, 22",Bom Retiro,,tombado,municipal+estadual,,,,1991-04-10,0020160012
SO_ELEGIVEL·sem dono,SO_ELEGIVEL,Travessia Sobre Estrada de Ferro Perto da Antiga Hospedaria dos Imigrantes,,Bras / Móoca,,tombado,municipal,,,,2019-04-10,0270850000
SO_ELEGIVEL·sem dono,SO_ELEGIVEL,Terreiro de Candomblé Santa Bárbara,"Rua Ruiva, 90",Brasilândia,,tombado,estadual,,,,,1070620037
SO_ELEGIVEL·sem dono,SO_ELEGIVEL,Antiga Garagem de Bondes do Brás / Garagem de Tróleibus,"Avenida Celso Garcia, 142",Brás,,tombado,municipal+estadual,,,,2014-04-15,0250550002
SO_ELEGIVEL·sem dono,SO_ELEGIVEL,Antiga Garagem de Bondes do Brás / Garagem de Tróleibus,Rua Doutor João Alves de Lima,Brás,,tombado,municipal+estadual,,,,2014-04-15,0250550044
SO_ELEGIVEL·sem dono,SO_ELEGIVEL,Antigos Armazéns Ernesto de Castro e Co. / Autoria Escritório Ramos de Azevedo,"Rua André de Leão, 3, 43, 81, 91, 93, 95, 99",Brás,,tombado,municipal,,,,2016-10-01,0030600105
SO_ELEGIVEL·sem dono,SO_ELEGIVEL,Armazens Gerais Piratininga,"Rua da Mooca, 1415, 1483, 1487",Brás,,tombado,municipal,,,,2019-06-12,0030610002
SO_ELEGIVEL·sem dono,SO_ELEGIVEL,Armazens Gerais e Deposito do Patio do Pari,"Largo do Pari, 1",Brás,,tombado,municipal,,,,2019-04-10,0020170080
SO_ELEGIVEL·sem dono,SO_ELEGIVEL,Casa das Retortas / Complexo do Antigo Gasômetro,"Rua da Figueira, 79",Brás,,tombado,municipal+estadual,,,,2012-06-01,0020760076
SO_ELEGIVEL·sem dono,SO_ELEGIVEL,Casa das Retortas / Complexo do Antigo Gasômetro,"Rua do Gasômetro, 100",Brás,,tombado,municipal+estadual,,,,2012-06-01,0020760077
SO_ELEGIVEL·sem dono,SO_ELEGIVEL,Cie Carlos de Campos / Escolas Primeira República,"Rua Monsenhor Andrade, 798, 818",Brás,,tombado,municipal+estadual,,,,2014-12-24,0250800075
SO_ELEGIVEL·sem dono,SO_ELEGIVEL,Congregação Pequenas Irmas Divina Providencia - Antiga Casa da Roda,"Rua Wandenkolk, 514",Brás,,tombado,municipal,,,,2019-04-10,0030340024
SO_ELEGIVEL·sem dono,SO_ELEGIVEL,Congregação Pequenas Irmas Divina Providencia - Antiga Casa da Roda,"Rua da Mooca, 93",Brás,,tombado,municipal,,,,2019-04-10,0030340001
SO_ELEGIVEL·sem dono,SO_ELEGIVEL,Edificio Na Rua Joli,"Rua Doutor Manuel Vitorino, 343, 143, 142, 146",Brás,,tombado,municipal,,,,2019-04-10,0250370018
SO_ELEGIVEL·sem dono,SO_ELEGIVEL,Edifício Na Rua Joli / Tecelagem de Seda Ítalo-brasileira,"Rua Joli, 294",Brás,,tombado,municipal+estadual,,,,2019-04-10,0250380072
SO_ELEGIVEL·sem dono,SO_ELEGIVEL,Edifício Na Rua Joli / Tecelagem de Seda Ítalo-brasileira,"Rua Joli, 179, 273, 232, 280, 322",Brás,,tombado,municipal+estadual,,,,2019-04-10,0250440031
SO_ELEGIVEL·sem dono,SO_ELEGIVEL,Eepg Romão Puiggari / Escolas Primeira República,"Avenida Rangel Pestana, 1482",Brás,,tombado,municipal+estadual,,,,2014-12-24,0030150002
SO_ELEGIVEL·sem dono,SO_ELEGIVEL,Eepsg Padre Anchieta / Antiga Escola Normal do Brás,"Rua Visconde de Abaeté, 154, 2401",Brás,,tombado,municipal+estadual,,,,1991-04-10,0250410018
SO_ELEGIVEL·sem dono,SO_ELEGIVEL,Escola Profissional Masculina do Brás,"Rua Piratininga, 105",Brás,,tombado,municipal,,,,2016-11-04,0030150062
SO_ELEGIVEL·sem dono,SO_ELEGIVEL,Garagem de Trolebus da Cmtc / Antiga Garagem de Bondes da Light,"Avenida Celso Garcia 142, 158, 314, 326, 153",Brás,,tombado,municipal+estadual,,,,2014-04-15,0250550043
SO_ELEGIVEL·sem dono,SO_ELEGIVEL,Igreja da Paróquia do Bom Jesus do Brás / Igreja do Senhor Bom Jesus de Matosinhos do Brás,"Avenida Rangel Pestana, 1419, 1421",Brás,,tombado,municipal+estadual,,,,2015-02-03,0020830001
SO_ELEGIVEL·sem dono,SO_ELEGIVEL,Imóveis Enquadrados Como Z8-200 - Anexo I - Item 101,"Travessa Queiroga, 1",Brás,,tombado,municipal,,,,2017-08-17,0020780013
SO_ELEGIVEL·sem dono,SO_ELEGIVEL,Imóveis Enquadrados Como Z8-200 - Anexo I - Item 102,"Travessa Queiroga, 3",Brás,,tombado,municipal,,,,2017-08-17,0020780012
SO_ELEGIVEL·sem dono,SO_ELEGIVEL,Imóveis Enquadrados Como Z8-200 - Anexo I - Item 103,"Travessa Queiroga, 5, 5",Brás,,tombado,municipal,,,,2017-08-17,0020780011
SO_ELEGIVEL·sem dono,SO_ELEGIVEL,Imóveis Enquadrados Como Z8-200 - Anexo I - Item 104,"Travessa Queiroga, 7",Brás,,tombado,municipal,,,,2017-08-17,0020780010
SO_ELEGIVEL·sem dono,SO_ELEGIVEL,Imóveis Enquadrados Como Z8-200 - Anexo I - Item 105,"Travessa Queiroga, 9",Brás,,tombado,municipal,,,,2017-08-17,0020780009
SO_ELEGIVEL·sem dono,SO_ELEGIVEL,Imóveis Enquadrados Como Z8-200 - Anexo I - Item 106,"Travessa Queiroga, 11",Brás,,tombado,municipal,,,,2017-08-17,0020780008
SO_ELEGIVEL·sem dono,SO_ELEGIVEL,Imóveis Enquadrados Como Z8-200 - Anexo I - Item 107,"Travessa Queiroga, 13",Brás,,tombado,municipal,,,,2017-08-17,0020780007
SO_ELEGIVEL·sem dono,SO_ELEGIVEL,Imóveis Enquadrados Como Z8-200 - Anexo I - Item 108,"Travessa Queiroga, 15",Brás,,tombado,municipal,,,,2017-08-17,0020780006
SO_ELEGIVEL·sem dono,SO_ELEGIVEL,Imóveis Enquadrados Como Z8-200 - Anexo I - Item 109,"Travessa Queiroga, 17",Brás,,tombado,municipal,,,,2017-08-17,0020780005
SO_ELEGIVEL·sem dono,SO_ELEGIVEL,Imóveis Enquadrados Como Z8-200 - Anexo I - Item 110,"Travessa Queiroga, 19",Brás,,tombado,municipal,,,,2017-08-17,0020780004
SO_ELEGIVEL·sem dono,SO_ELEGIVEL,Imóveis Enquadrados Como Z8-200 - Anexo I - Item 111,"Travessa Queiroga, 21",Brás,,tombado,municipal,,,,2017-08-17,0020780003
SO_ELEGIVEL·sem dono,SO_ELEGIVEL,Imóveis Enquadrados Como Z8-200 - Anexo I - Item 112,"Travessa Queiroga, 2",Brás,,tombado,municipal,,,,2017-08-17,0020790022
SO_ELEGIVEL·sem dono,SO_ELEGIVEL,Imóveis Enquadrados Como Z8-200 - Anexo I - Item 113,"Travessa Queiroga, 4",Brás,,tombado,municipal,,,,2017-08-17,0020790023
SO_ELEGIVEL·sem dono,SO_ELEGIVEL,Imóveis Enquadrados Como Z8-200 - Anexo I - Item 114,"Travessa Queiroga, 6",Brás,,tombado,municipal,,,,2017-08-17,0020790024
SO_ELEGIVEL·sem dono,SO_ELEGIVEL,Imóveis Enquadrados Como Z8-200 - Anexo I - Item 115,"Travessa Queiroga, 8",Brás,,tombado,municipal,,,,2017-08-17,0020790025
SO_ELEGIVEL·sem dono,SO_ELEGIVEL,Imóveis Enquadrados Como Z8-200 - Anexo I - Item 116,"Travessa Queiroga, 10",Brás,,tombado,municipal,,,,2017-08-17,0020790026
SO_ELEGIVEL·sem dono,SO_ELEGIVEL,Imóveis Enquadrados Como Z8-200 - Anexo I - Item 117,"Travessa Queiroga, 12",Brás,,tombado,municipal,,,,2017-08-17,0020790027
SO_ELEGIVEL·sem dono,SO_ELEGIVEL,Imóveis Enquadrados Como Z8-200 - Anexo I - Item 118,"Travessa Queiroga, 14",Brás,,tombado,municipal,,,,2017-08-17,0020790028
SO_ELEGIVEL·sem dono,SO_ELEGIVEL,Imóveis Enquadrados Como Z8-200 - Anexo I - Item 119,"Travessa Queiroga, 16",Brás,,tombado,municipal,,,,2017-08-17,0020790029
SO_ELEGIVEL·sem dono,SO_ELEGIVEL,Imóveis Enquadrados Como Z8-200 - Anexo I - Item 120,"Travessa Queiroga, 18",Brás,,tombado,municipal,,,,2017-08-17,0020790030
SO_ELEGIVEL·sem dono,SO_ELEGIVEL,Imóveis Enquadrados Como Z8-200 - Anexo I - Item 121,"Travessa Queiroga, 20",Brás,,tombado,municipal,,,,2017-08-17,0020790031
SO_ELEGIVEL·sem dono,SO_ELEGIVEL,Imóveis Enquadrados Como Z8-200 - Anexo I - Item 122,"Travessa Queiroga, 22",Brás,,tombado,municipal,,,,2017-08-17,0020790032
SO_ELEGIVEL·sem dono,SO_ELEGIVEL,Imóvel Na Rua Uruguaiana,"Rua Uruguaiana, 359, 363, 369, 375, 279, 283",Brás,,tombado,municipal,,,,2019-02-26,0250610053
SO_ELEGIVEL·sem dono,SO_ELEGIVEL,Moinho Matarazzo e Tecelagem Mariangela,"Rua Correia de Andrade, 167",Brás,,tombado,municipal,,,,1992-12-09,0020570031
SO_ELEGIVEL·sem dono,SO_ELEGIVEL,Moinho Matarazzo e Tecelagem Mariangela,"Rua do Gasômetro, 665, 683, 151, 155",Brás,,tombado,municipal,,,,1992-12-09,0020570025
SO_ELEGIVEL·sem dono,SO_ELEGIVEL,Moinho Matarazzo e Tecelagem Mariangela,"Rua Correia de Andrade, 157",Brás,,tombado,municipal,,,,1992-12-09,0020570026
SO_ELEGIVEL·sem dono,SO_ELEGIVEL,Moinho Matarazzo e Tecelagem Mariangela,"Rua Correia de Andrade, 163",Brás,,tombado,municipal,,,,1992-12-09,0020570028
SO_ELEGIVEL·sem dono,SO_ELEGIVEL,Moinho Matarazzo e Tecelagem Mariangela,"Rua Correia de Andrade, 169",Brás,,tombado,municipal,,,,1992-12-09,0020570030
SO_ELEGIVEL·sem dono,SO_ELEGIVEL,Moinho Matarazzo e Tecelagem Mariangela,"Rua Correia de Andrade, 167",Brás,,tombado,municipal,,,,1992-12-09,0020570029
SO_ELEGIVEL·sem dono,SO_ELEGIVEL,Moinho Matarazzo e Tecelagem Mariangela,"Rua Correia de Andrade, 161",Brás,,tombado,municipal,,,,1992-12-09,0020570027
SO_ELEGIVEL·sem dono,SO_ELEGIVEL,Moinho Matarazzo e Tecelagem Mariângela,"Rua Monsenhor Andrade, 318",Brás,,tombado,municipal+estadual,,,,1992-12-09,0020480043
SO_ELEGIVEL·sem dono,SO_ELEGIVEL,Moinho Matarazzo e Tecelagem Mariângela,"Rua Monsenhor Andrade, 51",Brás,,tombado,municipal+estadual,,,,1992-12-09,0020480044
SO_ELEGIVEL·sem dono,SO_ELEGIVEL,Moinho Matarazzo e Tecelagem Mariângela,"Rua Monsenhor Andrade, 370, 63",Brás,,tombado,municipal+estadual,,,,1992-12-09,0020480045
SO_ELEGIVEL·sem dono,SO_ELEGIVEL,Moinho Matarazzo e Tecelagem Mariângela,"Rua Sampaio Moreira, 111",Brás,,tombado,municipal+estadual,,,,1992-12-09,0020480047
SO_ELEGIVEL·sem dono,SO_ELEGIVEL,Moinho Matarazzo e Tecelagem Mariângela,"Rua Monsenhor Andrade, 382",Brás,,tombado,municipal+estadual,,,,1992-12-09,0020480042
SO_ELEGIVEL·sem dono,SO_ELEGIVEL,Moinho Matarazzo e Tecelagem Mariângela,"Rua Sampaio Moreira, 79, 91",Brás,,tombado,municipal+estadual,,,,1992-12-09,0020480046
SO_ELEGIVEL·sem dono,SO_ELEGIVEL,Moinho Matarazzo e Tecelagem Mariângela,"Rua Sampaio Moreira, 117",Brás,,tombado,municipal+estadual,,,,1992-12-09,0020480048
SO_ELEGIVEL·sem dono,SO_ELEGIVEL,Moinho Matarazzo e Tecelagem Mariângela,"Rua Sampaio Moreira, 127",Brás,,tombado,municipal+estadual,,,,1992-12-09,0020480049
SO_ELEGIVEL·sem dono,SO_ELEGIVEL,Moinho Matarazzo e Tecelagem Mariângela,"Rua do Bucolismo, 82",Brás,,tombado,municipal+estadual,,,,1992-12-09,0020480027
SO_ELEGIVEL·sem dono,SO_ELEGIVEL,Moinho Matarazzo e Tecelagem Mariângela,"Rua do Bucolismo, 74",Brás,,tombado,municipal+estadual,,,,1992-12-09,0020480028
SO_ELEGIVEL·sem dono,SO_ELEGIVEL,Moinho Matarazzo e Tecelagem Mariângela,"Rua do Bucolismo, 54",Brás,,tombado,municipal+estadual,,,,1992-12-09,0020480029
SO_ELEGIVEL·sem dono,SO_ELEGIVEL,Moinho Matarazzo e Tecelagem Mariângela,"Rua do Bucolismo, 32, 40, 48",Brás,,tombado,municipal+estadual,,,,1992-12-09,0020480030
SO_ELEGIVEL·sem dono,SO_ELEGIVEL,Moinho Matarazzo e Tecelagem Mariângela,"Rua do Bucolismo, 22",Brás,,tombado,municipal+estadual,,,,1992-12-09,0020480031
SO_ELEGIVEL·sem dono,SO_ELEGIVEL,Sobrados à Rua Jairo Góis / Imóveis Indicados Como Zepec Lei Nº 13.885,"Rua Jairo Góis, 46",Brás,,tombado,municipal,,,,2019-02-26,0020830004
SO_ELEGIVEL·sem dono,SO_ELEGIVEL,Sobrados à Rua Jairo Góis / Imóveis Indicados Como Zepec Lei Nº 13.885,"Rua Jairo Góis, 42",Brás,,tombado,municipal,,,,2019-02-26,0020830003
SO_ELEGIVEL·sem dono,SO_ELEGIVEL,Sobrados à Rua Jairo Góis / Imóveis Indicados Como Zepec Lei Nº 13.885,"Rua Jairo Góis, 50",Brás,,tombado,municipal,,,,2019-02-26,0020830005
SO_ELEGIVEL·sem dono,SO_ELEGIVEL,Sobrados à Rua Jairo Góis / Imóveis Indicados Como Zepec Lei Nº 13.885,"Rua Jairo Góis, 38, 1415",Brás,,tombado,municipal,,,,2019-02-26,0020830002
SO_ELEGIVEL·sem dono,SO_ELEGIVEL,Sobrados à Rua Jairo Góis / Imóveis Indicados Como Zepec Lei Nº 13.885,"Rua Jairo Gois, 58",Brás,,tombado,municipal,,,,2019-02-26,0020830007
SO_ELEGIVEL·sem dono,SO_ELEGIVEL,Sobrados à Rua Jairo Góis / Imóveis Indicados Como Zepec Lei Nº 13.885,"Rua Jairo Góis, 72",Brás,,tombado,municipal,,,,2019-02-26,0020830010
SO_ELEGIVEL·sem dono,SO_ELEGIVEL,Sobrados à Rua Jairo Góis / Imóveis Indicados Como Zepec Lei Nº 13.885,"Rua Jairo Góis, 76",Brás,,tombado,municipal,,,,2019-02-26,0020830011
SO_ELEGIVEL·sem dono,SO_ELEGIVEL,Sobrados à Rua Jairo Góis / Imóveis Indicados Como Zepec Lei Nº 13.885,"Rua Jairo Góis, 80",Brás,,tombado,municipal,,,,2019-02-26,0020830012
SO_ELEGIVEL·sem dono,SO_ELEGIVEL,Sobrados à Rua Jairo Góis / Imóveis Indicados Como Zepec Lei Nº 13.885,"Rua Jairo Góis, 54",Brás,,tombado,municipal,,,,2019-02-26,0020830006
SO_ELEGIVEL·sem dono,SO_ELEGIVEL,Sobrados à Rua Jairo Góis / Imóveis Indicados Como Zepec Lei Nº 13.885,"Rua Jairo Góis, 66",Brás,,tombado,municipal,,,,2019-02-26,0020830009
SO_ELEGIVEL·sem dono,SO_ELEGIVEL,Sobrados à Rua Jairo Góis / Imóveis Indicados Como Zepec Lei Nº 13.885,"Rua Jairo Góis, 62",Brás,,tombado,municipal,,,,2019-02-26,0020830008
SO_ELEGIVEL·sem dono,SO_ELEGIVEL,Travessia Sobre Estrada de Ferro Na Altura do Moinho Matarazzo,,Brás,,tombado,municipal,,,,2019-04-10,0250800000
SO_ELEGIVEL·sem dono,SO_ELEGIVEL,Casa do Sertanista,Praça Doutor Ênnio Barbato,Butantã,,tombado,municipal+estadual,,,,1991-04-10,1010190001
SO_ELEGIVEL·sem dono,SO_ELEGIVEL,Conjunto de Edifícios do Instituto Butantã / Instituto Butantan,"Avenida Vital Brasil, 1500",Butantã,,tombado,municipal+estadual,,,,1991-04-10,0825170012
SO_ELEGIVEL·sem dono,SO_ELEGIVEL,"Faculdade de Arquitetura e Urbanismo da Usp / Fauusp / Obra de João Vilanova Artigas, Carlos Cascaldi/ 1961","Rua do Lago, 876",Butantã,,tombado,municipal+estadual,,,,1991-04-10,0825170000
SO_ELEGIVEL·sem dono,SO_ELEGIVEL,Faculdade de História e Geografia da Usp / Cidade Universitária Armando Salles de Oliveira / Eduardo Corona / 1961,"Avenida Professor Lineu Prestes, 338",Butantã,,tombado,municipal,,,,2018-09-29,0825170014
SO_ELEGIVEL·sem dono,SO_ELEGIVEL,Residência Dino Zamataro / Obra de Rodrigo Léfèvre e Colaboração de Féliz Alves de Araújo e Ronaldo Duschenes / 1970 - Item 126,"Rua Professor Hilário Magro Junior, 70",Butantã,,tombado,municipal,,,,2018-08-14,2000170003
SO_ELEGIVEL·sem dono,SO_ELEGIVEL,Maternidade e Posto de Saúde Vila Nova Cachoeirinha / Obra de Siegbert Zanettini / 1968 - Item 100 / Edificações Modernas Indicadas Como Zepec,"Avenida Deputado Emílio Carlos, 3100",Cachoeirinha,,tombado,municipal,,,,2019-05-30,0763010006
SO_ELEGIVEL·sem dono,SO_ELEGIVEL,Antiga Capela Dom Bosco - Mooca,"Rua Dom Bosco, 441",Cambuci,,tombado,municipal,,,,2023-11-01,0040080129
SO_ELEGIVEL·sem dono,SO_ELEGIVEL,Antigo Posto de Atendimento do Inps - Várzea do Carmo / Secretária de Gestão Pública / Edificações Modernas Indicadas Como Zepec,"Rua Leopoldo Miguez, 259, 367, 150, 192",Cambuci,,tombado,municipal,,,,2019-05-30,0040240001
SO_ELEGIVEL·sem dono,SO_ELEGIVEL,Companhia de Bebidas das Américas Ambev / Companhia Antártica Paulista,"Avenida Presidente Wilson, 251, 307, 367",Cambuci,,tombado,municipal,,,,2016-09-13,0280460075
SO_ELEGIVEL·sem dono,SO_ELEGIVEL,Conjunto Paisagístico do Outeiro da Glória / Espaço Público,Praça Helio Ansaldo,Cambuci,,tombado,municipal,,,,2009-01-06,0340000000
SO_ELEGIVEL·sem dono,SO_ELEGIVEL,Conjunto Paisagístico do Outeiro da Igreja da Glória / Igreja N. Sra. da Glória e Capela N. Sra. de Lourdes,"Rua Nossa Senhora de Lurdes, 31, 2",Cambuci,,tombado,municipal,,,,2009-01-06,0340020024
SO_ELEGIVEL·sem dono,SO_ELEGIVEL,Conjunto de Armazéns da Antiga São Paulo Railway,"Avenida Presidente Wilson, 1009",Cambuci,,tombado,municipal,,,,2007-07-21,0280460074
SO_ELEGIVEL·sem dono,SO_ELEGIVEL,Conjunto de Casas Na Rua Barão de Jaguara / Projeto Gregori Warchavchik,"Rua Barão de Jaguara, 386",Cambuci,,tombado,municipal,,,,2018-11-06,0040170003
SO_ELEGIVEL·sem dono,SO_ELEGIVEL,Conjunto de Casas Na Rua Barão de Jaguara / Projeto Gregori Warchavchik,"Rua Barão de Jaguara, 312",Cambuci,,tombado,municipal,,,,2018-11-06,0040170020
SO_ELEGIVEL·sem dono,SO_ELEGIVEL,Conjunto de Casas Na Rua Barão de Jaguara / Projeto Gregori Warchavchik,"Rua Barão de Jaguara, 326",Cambuci,,tombado,municipal,,,,2018-11-06,0040170017
SO_ELEGIVEL·sem dono,SO_ELEGIVEL,Conjunto de Casas Na Rua Barão de Jaguara / Projeto Gregori Warchavchik,"Rua Barão de Jaguara, 372",Cambuci,,tombado,municipal,,,,2018-11-06,0040170006
SO_ELEGIVEL·sem dono,SO_ELEGIVEL,Conjunto de Casas Na Rua Barão de Jaguara / Projeto Gregori Warchavchik,"Rua Barão de Jaguara, 370",Cambuci,,tombado,municipal,,,,2018-11-06,0040170007
SO_ELEGIVEL·sem dono,SO_ELEGIVEL,Conjunto de Casas Na Rua Barão de Jaguara / Projeto Gregori Warchavchik,"Rua Barão de Jaguara, 394",Cambuci,,tombado,municipal,,,,2018-11-06,0040170001
SO_ELEGIVEL·sem dono,SO_ELEGIVEL,Conjunto de Casas Na Rua Barão de Jaguara / Projeto Gregori Warchavchik,"Rua Barão de Jaguara, 352",Cambuci,,tombado,municipal,,,,2018-11-06,0040170011
SO_ELEGIVEL·sem dono,SO_ELEGIVEL,Conjunto de Casas Na Rua Barão de Jaguara / Projeto Gregori Warchavchik,"Rua Barão de Jaguara, 344",Cambuci,,tombado,municipal,,,,2018-11-06,0040170013
SO_ELEGIVEL·sem dono,SO_ELEGIVEL,Conjunto de Casas Na Rua Barão de Jaguara / Projeto Gregori Warchavchik,"Rua Barão de Jaguara, 318",Cambuci,,tombado,municipal,,,,2018-11-06,0040170019
SO_ELEGIVEL·sem dono,SO_ELEGIVEL,Conjunto de Casas Na Rua Barão de Jaguara / Projeto Gregori Warchavchik,"Rua Barão de Jaguara, 354",Cambuci,,tombado,municipal,,,,2018-11-06,0040170010
SO_ELEGIVEL·sem dono,SO_ELEGIVEL,Conjunto de Casas Na Rua Barão de Jaguara / Projeto Gregori Warchavchik,"Rua Barão de Jaguara, 378",Cambuci,,tombado,municipal,,,,2018-11-06,0040170005
SO_ELEGIVEL·sem dono,SO_ELEGIVEL,Conjunto de Casas Na Rua Barão de Jaguara / Projeto Gregori Warchavchik,"Rua Barão de Jaguara, 338",Cambuci,,tombado,municipal,,,,2018-11-06,0040170014
SO_ELEGIVEL·sem dono,SO_ELEGIVEL,Conjunto de Casas Na Rua Barão de Jaguara / Projeto Gregori Warchavchik,"Rua Barão de Jaguara, 360",Cambuci,,tombado,municipal,,,,2018-11-06,0040170009
SO_ELEGIVEL·sem dono,SO_ELEGIVEL,Conjunto de Casas Na Rua Barão de Jaguara / Projeto Gregori Warchavchik,"Rua Barão de Jaguara, 320",Cambuci,,tombado,municipal,,,,2018-11-06,0040170018
SO_ELEGIVEL·sem dono,SO_ELEGIVEL,Conjunto de Casas Na Rua Barão de Jaguara / Projeto Gregori Warchavchik,"Rua Barão de Jaguara, 362",Cambuci,,tombado,municipal,,,,2018-11-06,0040170008
SO_ELEGIVEL·sem dono,SO_ELEGIVEL,Conjunto de Casas Na Rua Barão de Jaguara / Projeto Gregori Warchavchik,"Rua Barão de Jaguara, 336",Cambuci,,tombado,municipal,,,,2018-11-06,0040170015
SO_ELEGIVEL·sem dono,SO_ELEGIVEL,Conjunto de Casas Na Rua Barão de Jaguara / Projeto Gregori Warchavchik,"Rua Barão de Jaguara, 328",Cambuci,,tombado,municipal,,,,2018-11-06,0040170016
SO_ELEGIVEL·sem dono,SO_ELEGIVEL,Conjunto de Casas Na Rua Barão de Jaguara / Projeto Gregori Warchavchik,"Rua Barão de Jaguara, 388",Cambuci,,tombado,municipal,,,,2018-11-06,0040170002
SO_ELEGIVEL·sem dono,SO_ELEGIVEL,Conjunto de Casas Na Rua Barão de Jaguara / Projeto Gregori Warchavchik,"Rua Barão de Jaguara, 346",Cambuci,,tombado,municipal,,,,2018-11-06,0040170012
SO_ELEGIVEL·sem dono,SO_ELEGIVEL,Conjunto de Casas Na Rua Barão de Jaguara / Projeto Gregori Warchavchik,"Rua Barão de Jaguara, 380",Cambuci,,tombado,municipal,,,,2018-11-06,0040170004
SO_ELEGIVEL·sem dono,SO_ELEGIVEL,Ee Gomes Cardim / Projeto de José Maria da Silva Neves,"Avenida Lacerda Franco, 1641",Cambuci,,tombado,municipal,,,,2018-05-25,0340680002
SO_ELEGIVEL·sem dono,SO_ELEGIVEL,Igepac Cambuci / Antiga Mesbla S.a. /  Igreja Pentecostal Deus É Amor,"Avenida do Estado, 4952, 5138",Cambuci,,tombado,municipal,,,,2018-03-29,0040480027
SO_ELEGIVEL·sem dono,SO_ELEGIVEL,Igepac Cambuci / Conjunto Habitacional Varzea do Carmo,"Rua Leopoldo Miguez, 448",Cambuci,,tombado,municipal,,,,2018-03-29,0040340000
SO_ELEGIVEL·sem dono,SO_ELEGIVEL,Igepac Cambuci / Conjunto Habitacional Varzea do Carmo,"Rua Professor Demóstenes Batista Figueira Marques, 9",Cambuci,,tombado,municipal,,,,2018-03-29,0040330000
SO_ELEGIVEL·sem dono,SO_ELEGIVEL,Igepac Cambuci / Conjunto Habitacional Varzea do Carmo,"Rua Doutor Romualdo de Seixas, 7",Cambuci,,tombado,municipal,,,,2018-03-29,0040350000
SO_ELEGIVEL·sem dono,SO_ELEGIVEL,Igepac Cambuci / Conjunto Habitacional Varzea do Carmo,"Rua Luiz Gama, 500",Cambuci,,tombado,municipal,,,,2018-03-29,0040380001
SO_ELEGIVEL·sem dono,SO_ELEGIVEL,Igepac Cambuci / Conjunto Habitacional Varzea do Carmo,"Rua Professor Demóstenes Batista Figueira Marques, 18, 20, 315",Cambuci,,tombado,municipal,,,,2018-03-29,0040540000
SO_ELEGIVEL·sem dono,SO_ELEGIVEL,Igepac Cambuci / Incubadora de Projetos (antiga Gráfica Municipal),"Rua Teixeira Mendes, 262, 270",Cambuci,,tombado,municipal,,,,2018-03-29,0040530001
SO_ELEGIVEL·sem dono,SO_ELEGIVEL,Igepac Cambuci / Mesquita / Sociedade Beneficente Muçulmana de São Paulo,"Avenida do Estado, 5382",Cambuci,,tombado,municipal,,,,2018-03-29,0040500103
SO_ELEGIVEL·sem dono,SO_ELEGIVEL,Igepac Cambuci/ Agência da Previdência Social,Praça Nina Rodrigues,Cambuci,,tombado,municipal,,,,2018-03-29,0040330008
SO_ELEGIVEL·sem dono,SO_ELEGIVEL,Residência Chiyo Hama / Projeto de Ruy Ohtake / Residências Projetadas Pelo Arquiteto Ruy Ohtake e Colaboradores,"Rua dos Emboabas, 628",Campo Belo,,tombado,municipal,,,,2014-02-08,0862860017
SO_ELEGIVEL·sem dono,SO_ELEGIVEL,Residência Tomie Ohtake / Projeto de Ruy Ohtake / 1968 - Item 108 / Residências Projetadas Pelo Arquiteto Ruy Ohtake e Colaboradores,"Rua Antônio de Macedo Soares, 1800",Campo Belo,,tombado,municipal,,,,2014-02-08,0861280041
SO_ELEGIVEL·sem dono,SO_ELEGIVEL,Terreiro de Candomblé Abassá Oxum Oxóssi,Rua Lucio Paim 124,Cangaiba,,tombado,municipal,,,,2024-06-25,0602620011
SO_ELEGIVEL·sem dono,SO_ELEGIVEL,Igreja Santa Isabel / Paróquia Santa Isabel Rainha,"Alameda Rainha Santa, 268, 322, 334, 340, 351, 373, 387",Carrão,,tombado,municipal,,,,2019-04-10,0551460090
SO_ELEGIVEL·sem dono,SO_ELEGIVEL,Sítio Morrinhos / Casa da Chácara de São Bento,"Rua Santo Anselmo, 102",Casa Verde,,tombado,municipal+estadual+federal,,,,1991-04-10,3060600013
SO_ELEGIVEL·sem dono,SO_ELEGIVEL,Área da Antiga Sede da Fazenda Santa Etelvina e Casa da Senzala/casa de Cultura Cidade Tiradentes,Rua Sara Kubtscheck,Cidade Tiradentes,,tombado,municipal,,,,2019-04-10,2371260001
SO_ELEGIVEL·sem dono,SO_ELEGIVEL,Antiga Casa de Sergio Buarque de Holanda,"Rua Buri, 35",Consolação,,tombado,municipal,,,,2012-03-28,0111330016
SO_ELEGIVEL·sem dono,SO_ELEGIVEL,Asilo dos Expostos / Unidade Sampaio Viana da Febem / Fundação Faculdade de Medicina / Pacaembu e Perdizes,"Rua Angatuba, 756",Consolação,,tombado,municipal+estadual,,,,1992-12-16,0111440038
SO_ELEGIVEL·sem dono,SO_ELEGIVEL,Casa da Rua Itápolis (casa Modernista) / Bairros Pacaembu e Perdizes / Obra de Gregori Warchavchik / 1927 - Item 2,"Rua Itápolis, 961",Consolação,,tombado,municipal+estadual+federal,,,,1991-04-10,0111090018
SO_ELEGIVEL·sem dono,SO_ELEGIVEL,Chácara Lane / Emei Gabriel Prestes,"Rua da Consolação, 1012, 1024",Consolação,,tombado,municipal,,,,2004-12-24,0100070060
SO_ELEGIVEL·sem dono,SO_ELEGIVEL,Edifício Abaeté / Projeto Abrahão Sanovicz - 1963 / Edificações Modernas Indicadas Como Zepec,"Rua Pará, 222",Consolação,,tombado,municipal+estadual,,,,2019-05-30,0111230000
SO_ELEGIVEL·sem dono,SO_ELEGIVEL,Edifício Anchieta / Obra de Marcelo Roberto e Milton Roberto  / 1941,"Avenida Paulista, 2584, 2665, 2430, 2450",Consolação,,tombado,municipal,,,,2023-11-30,0100370000
SO_ELEGIVEL·sem dono,SO_ELEGIVEL,Edifício Dom Pedro Ii,"Avenida Higienópolis, 720",Consolação,,tombado,municipal+estadual,,,,1994-07-26,0200950000
SO_ELEGIVEL·sem dono,SO_ELEGIVEL,Edifício Itacolomi / Projeto Victor Reif - 1961 / Edificações Modernas Indicadas Como Zepec / Quadro 6,"Rua Itacolomi, 465, 328",Consolação,,tombado,municipal,,,,2019-05-30,0100160000
SO_ELEGIVEL·sem dono,SO_ELEGIVEL,Edifício da Faculdade de Filosofia da Usp,"Rua Maria Antônia, 294, 310",Consolação,,tombado,municipal+estadual,,,,1991-04-10,0070760510
SO_ELEGIVEL·sem dono,SO_ELEGIVEL,Ee Marina Cintra (1939) / Projeto de José Maria da Silva Neves,"Rua da Consolação, 1289",Consolação,,tombado,municipal,,,,2018-05-25,0100120014
SO_ELEGIVEL·sem dono,SO_ELEGIVEL,Escola Panamericana de Artes,"Avenida Angélica, 1900",Consolação,,tombado,municipal,,,,2024-09-12,0111220020
SO_ELEGIVEL·sem dono,SO_ELEGIVEL,Igreja do Imaculado Coração de Maria e Colégio Claretiano,"Rua Jaguaribe, 735",Consolação,,tombado,municipal+estadual,,,,,0070310044
SO_ELEGIVEL·sem dono,SO_ELEGIVEL,Igreja do Imaculado Coração de Maria e Colégio Claretiano,"Rua Martim Francisco, 636",Consolação,,tombado,municipal+estadual,,,,,0070310214
SO_ELEGIVEL·sem dono,SO_ELEGIVEL,"Imóveis a Rua da Consolação 1047, 1059, 1075","Rua da Consolação, 1075",Consolação,,tombado,municipal,,,,2006-11-22,0100130192
SO_ELEGIVEL·sem dono,SO_ELEGIVEL,Imóvel Na Avenida Angélica,"Avenida Angelica, 1647",Consolação,,tombado,municipal+estadual,,,,2018-02-24,0100150002
SO_ELEGIVEL·sem dono,SO_ELEGIVEL,Imóvel Na Rua Caio Prado 211,"Rua Caio Prado, 211",Consolação,,tombado,municipal,,,,2016-09-13,0060110017
SO_ELEGIVEL·sem dono,SO_ELEGIVEL,Imóvel Na Rua Caio Prado 225,"Rua Caio Prado, 225",Consolação,,tombado,municipal,,,,2016-09-13,0060110018
SO_ELEGIVEL·sem dono,SO_ELEGIVEL,Imóvel Na Rua Caio Prado 79,"Rua Caio Prado, 79",Consolação,,tombado,municipal,,,,2016-09-13,0060010015
SO_ELEGIVEL·sem dono,SO_ELEGIVEL,"Imóvel Situado à Rua Visconde de Ouro Preto, Nº 118 e 124","Rua Visconde de Ouro Preto, 118, 124",Consolação,,tombado,municipal,,,,2020-10-22,0100130015
SO_ELEGIVEL·sem dono,SO_ELEGIVEL,Imóvel à Rua Marquês de Paranaguá 124,"Rua Marquês de Paranaguá, 124",Consolação,,tombado,municipal,,,,1995-08-19,0100130024
SO_ELEGIVEL·sem dono,SO_ELEGIVEL,Instituto Clemente Ferreira,"Rua da Consolação, 717",Consolação,,tombado,estadual,,,,,0060010002
SO_ELEGIVEL·sem dono,SO_ELEGIVEL,Pacaembu e Perdizes / Residência Antônio Carlos Cunha Lima / Obra de Joaquim Guedes / 1958 - Item 48 / Edificações Modernas Indicadas Como Zepec,"Rua Doutor Sílvio Portugal, 193",Consolação,,tombado,municipal,,,,2019-05-30,0111430027
SO_ELEGIVEL·sem dono,SO_ELEGIVEL,Residência Hermsdorf / Imóvel Na Avenida Angélica 2435,"Avenida Angélica, 2435",Consolação,,tombado,municipal,,,,2008-07-15,0100370015
SO_ELEGIVEL·sem dono,SO_ELEGIVEL,Residência Na Avenida Angélica 1596,"Avenida Angélica, 1596",Consolação,,tombado,municipal+estadual,,,,2014-02-14,0111240072
SO_ELEGIVEL·sem dono,SO_ELEGIVEL,Vila Na Travessa Dona Paula,"Rua Coronel José Eusébio, 95, 09",Consolação,,tombado,municipal,,,,2012-03-28,0100300063
SO_ELEGIVEL·sem dono,SO_ELEGIVEL,Vila Na Travessa Dona Paula,"Rua Coronel José Eusébio, 95, 17",Consolação,,tombado,municipal,,,,2012-03-28,0100300067
SO_ELEGIVEL·sem dono,SO_ELEGIVEL,Vila Na Travessa Dona Paula,"Travessa Dona Paula, 100, 1, 8, 95",Consolação,,tombado,municipal,,,,2012-03-28,0100300231
SO_ELEGIVEL·sem dono,SO_ELEGIVEL,Vila Na Travessa Dona Paula,"Rua Coronel José Eusébio, 95, 15",Consolação,,tombado,municipal,,,,2012-03-28,0100300066
SO_ELEGIVEL·sem dono,SO_ELEGIVEL,Vila Na Travessa Dona Paula,"Rua Coronel José Eusébio, 95, 29",Consolação,,tombado,municipal,,,,2012-03-28,0100300073
SO_ELEGIVEL·sem dono,SO_ELEGIVEL,Vila Na Travessa Dona Paula,"Rua Coronel José Eusébio, 95, 102, 104",Consolação,,tombado,municipal,,,,2012-03-28,0100300230
SO_ELEGIVEL·sem dono,SO_ELEGIVEL,Vila Na Travessa Dona Paula,"Rua Coronel José Eusébio, 95, 07",Consolação,,tombado,municipal,,,,2012-03-28,0100300062
SO_ELEGIVEL·sem dono,SO_ELEGIVEL,Vila Na Travessa Dona Paula,"Rua Coronel José Eusébio, 95, 118, 120",Consolação,,tombado,municipal,,,,2012-03-28,0100300226
SO_ELEGIVEL·sem dono,SO_ELEGIVEL,Vila Na Travessa Dona Paula,"Rua Coronel José Eusébio, 95, 13",Consolação,,tombado,municipal,,,,2012-03-28,0100300065
SO_ELEGIVEL·sem dono,SO_ELEGIVEL,Vila Na Travessa Dona Paula,"Rua Coronel José Eusébio, 95, 23",Consolação,,tombado,municipal,,,,2012-03-28,0100300070
SO_ELEGIVEL·sem dono,SO_ELEGIVEL,Vila Na Travessa Dona Paula,"Rua Coronel José Eusébio, 95, 35",Consolação,,tombado,municipal,,,,2012-03-28,0100300076
SO_ELEGIVEL·sem dono,SO_ELEGIVEL,Vila Na Travessa Dona Paula,"Rua Coronel José Eusébio, 95, 114, 116",Consolação,,tombado,municipal,,,,2012-03-28,0100300227
SO_ELEGIVEL·sem dono,SO_ELEGIVEL,Vila Na Travessa Dona Paula,"Rua Coronel José Eusébio, 95, 31",Consolação,,tombado,municipal,,,,2012-03-28,0100300074
SO_ELEGIVEL·sem dono,SO_ELEGIVEL,Vila Na Travessa Dona Paula,"Rua Coronel José Eusébio, 95, 122, 124",Consolação,,tombado,municipal,,,,2012-03-28,0100300084
SO_ELEGIVEL·sem dono,SO_ELEGIVEL,Vila Na Travessa Dona Paula,"Rua Coronel José Eusébio, 95, 126, 128",Consolação,,tombado,municipal,,,,2012-03-28,0100300083
SO_ELEGIVEL·sem dono,SO_ELEGIVEL,Vila Na Travessa Dona Paula,"Rua Coronel José Eusébio, 95, 11",Consolação,,tombado,municipal,,,,2012-03-28,0100300064
SO_ELEGIVEL·sem dono,SO_ELEGIVEL,Vila Na Travessa Dona Paula,"Rua Coronel José Eusébio, 95, 110, 112",Consolação,,tombado,municipal,,,,2012-03-28,0100300228
SO_ELEGIVEL·sem dono,SO_ELEGIVEL,Vila Na Travessa Dona Paula,"Rua Coronel José Eusébio, 95, 106, 108",Consolação,,tombado,municipal,,,,2012-03-28,0100300229
SO_ELEGIVEL·sem dono,SO_ELEGIVEL,Vila Na Travessa Dona Paula,"Rua Coronel José Eusébio, 95, 25",Consolação,,tombado,municipal,,,,2012-03-28,0100300071
SO_ELEGIVEL·sem dono,SO_ELEGIVEL,Vila Na Travessa Dona Paula,"Rua Coronel José Eusébio, 95, 21",Consolação,,tombado,municipal,,,,2012-03-28,0100300069
SO_ELEGIVEL·sem dono,SO_ELEGIVEL,Vila Na Travessa Dona Paula,"Rua Coronel José Eusébio, 95, 130, 132",Consolação,,tombado,municipal,,,,2012-03-28,0100300082
SO_ELEGIVEL·sem dono,SO_ELEGIVEL,Vila Na Travessa Dona Paula,"Rua Coronel José Eusébio, 95, 134, 136",Consolação,,tombado,municipal,,,,2012-03-28,0100300081
SO_ELEGIVEL·sem dono,SO_ELEGIVEL,Vila Na Travessa Dona Paula,"Rua Coronel José Eusébio, 95, 05",Consolação,,tombado,municipal,,,,2012-03-28,0100300061
SO_ELEGIVEL·sem dono,SO_ELEGIVEL,Vila Na Travessa Dona Paula,"Rua Coronel José Eusébio, 95, 140",Consolação,,tombado,municipal,,,,2012-03-28,0100300080
SO_ELEGIVEL·sem dono,SO_ELEGIVEL,Vila Na Travessa Dona Paula,"Rua Coronel José Eusébio, 95, 27",Consolação,,tombado,municipal,,,,2012-03-28,0100300072
SO_ELEGIVEL·sem dono,SO_ELEGIVEL,Ee Princesa Isabel / Projeto de José Maria da Silva Neves,"Rua Ibirarema, 341",Cursino,,tombado,municipal,,,,2018-05-25,0462320001
SO_ELEGIVEL·sem dono,SO_ELEGIVEL,Conjunto de Residências Operárias do Jardim Matarazzo,"Rua José Lopes Rodrigues, 36",Ermelino Matarazzo,,tombado,municipal,,,,2019-04-10,1113540044
SO_ELEGIVEL·sem dono,SO_ELEGIVEL,Conjunto de Residências Operárias do Jardim Matarazzo,"Rua Manuel Teles Vitancos, 1",Ermelino Matarazzo,,tombado,municipal,,,,2019-04-10,1113540008
SO_ELEGIVEL·sem dono,SO_ELEGIVEL,Conjunto de Residências Operárias do Jardim Matarazzo,"Rua Roberto Augusto Collin, 12",Ermelino Matarazzo,,tombado,municipal,,,,2019-04-10,1113540028
SO_ELEGIVEL·sem dono,SO_ELEGIVEL,Conjunto de Residências Operárias do Jardim Matarazzo,"Rua Roberto Augusto Collin, 8",Ermelino Matarazzo,,tombado,municipal,,,,2019-04-10,1113540026
SO_ELEGIVEL·sem dono,SO_ELEGIVEL,Conjunto de Residências Operárias do Jardim Matarazzo,Rua José Lopes Rodrigues,Ermelino Matarazzo,,tombado,municipal,,,,2019-04-10,1113540064
SO_ELEGIVEL·sem dono,SO_ELEGIVEL,Conjunto de Residências Operárias do Jardim Matarazzo,"Rua Reverendo João Euclides Pereira, 449",Ermelino Matarazzo,,tombado,municipal,,,,2019-04-10,1113540068
SO_ELEGIVEL·sem dono,SO_ELEGIVEL,Conjunto de Residências Operárias do Jardim Matarazzo,"Rua Reverendo João Euclides Pereira, 343",Ermelino Matarazzo,,tombado,municipal,,,,2019-04-10,1113540057
SO_ELEGIVEL·sem dono,SO_ELEGIVEL,Conjunto de Residências Operárias do Jardim Matarazzo,"Rua Roberto Augusto Collin, 36",Ermelino Matarazzo,,tombado,municipal,,,,2019-04-10,1113540040
SO_ELEGIVEL·sem dono,SO_ELEGIVEL,Conjunto de Residências Operárias do Jardim Matarazzo,Rua José Lopes Rodrigues,Ermelino Matarazzo,,tombado,municipal,,,,2019-04-10,1113540063
SO_ELEGIVEL·sem dono,SO_ELEGIVEL,Conjunto de Residências Operárias do Jardim Matarazzo,"Rua Manuel Teles Vitancos, 19",Ermelino Matarazzo,,tombado,municipal,,,,2019-04-10,1113540017
SO_ELEGIVEL·sem dono,SO_ELEGIVEL,Conjunto de Residências Operárias do Jardim Matarazzo,"Rua Manuel Teles Vitancos, 21",Ermelino Matarazzo,,tombado,municipal,,,,2019-04-10,1113540018
SO_ELEGIVEL·sem dono,SO_ELEGIVEL,Conjunto de Residências Operárias do Jardim Matarazzo,"Rua Roberto Augusto Collin, 10",Ermelino Matarazzo,,tombado,municipal,,,,2019-04-10,1113540027
SO_ELEGIVEL·sem dono,SO_ELEGIVEL,Conjunto de Residências Operárias do Jardim Matarazzo,"Rua Ilha do Campeche, 5",Ermelino Matarazzo,,tombado,municipal,,,,2019-04-10,1113540005
SO_ELEGIVEL·sem dono,SO_ELEGIVEL,Conjunto de Residências Operárias do Jardim Matarazzo,"Rua Ilha do Campeche, 7",Ermelino Matarazzo,,tombado,municipal,,,,2019-04-10,1113540004
SO_ELEGIVEL·sem dono,SO_ELEGIVEL,Conjunto de Residências Operárias do Jardim Matarazzo,Rua José Lopes Rodrigues,Ermelino Matarazzo,,tombado,municipal,,,,2019-04-10,1113540066
SO_ELEGIVEL·sem dono,SO_ELEGIVEL,Conjunto de Residências Operárias do Jardim Matarazzo,"Rua José Lopes Rodrigues, 4",Ermelino Matarazzo,,tombado,municipal,,,,2019-04-10,1113540065
SO_ELEGIVEL·sem dono,SO_ELEGIVEL,Conjunto de Residências Operárias do Jardim Matarazzo,"Rua Roberto Augusto Collin, 4",Ermelino Matarazzo,,tombado,municipal,,,,2019-04-10,1113540024
SO_ELEGIVEL·sem dono,SO_ELEGIVEL,Conjunto de Residências Operárias do Jardim Matarazzo,"Rua Roberto Augusto Collin, 6",Ermelino Matarazzo,,tombado,municipal,,,,2019-04-10,1113540025
SO_ELEGIVEL·sem dono,SO_ELEGIVEL,Conjunto de Residências Operárias do Jardim Matarazzo,"Rua Manuel Teles Vitancos, 27",Ermelino Matarazzo,,tombado,municipal,,,,2019-04-10,1113540021
SO_ELEGIVEL·sem dono,SO_ELEGIVEL,Conjunto de Residências Operárias do Jardim Matarazzo,"Rua Manuel Teles Vitancos, 29",Ermelino Matarazzo,,tombado,municipal,,,,2019-04-10,1113540022
SO_ELEGIVEL·sem dono,SO_ELEGIVEL,Conjunto de Residências Operárias do Jardim Matarazzo,"Rua Roberto Augusto Collin, 30",Ermelino Matarazzo,,tombado,municipal,,,,2019-04-10,1113540037
SO_ELEGIVEL·sem dono,SO_ELEGIVEL,Conjunto de Residências Operárias do Jardim Matarazzo,"Rua Roberto Augusto Collin, 28",Ermelino Matarazzo,,tombado,municipal,,,,2019-04-10,1113540036
SO_ELEGIVEL·sem dono,SO_ELEGIVEL,Conjunto de Residências Operárias do Jardim Matarazzo,"Rua Reverendo João Euclides Pereira, 345",Ermelino Matarazzo,,tombado,municipal,,,,2019-04-10,1113540046
SO_ELEGIVEL·sem dono,SO_ELEGIVEL,Conjunto de Residências Operárias do Jardim Matarazzo,"Rua Roberto Augusto Collin, 26",Ermelino Matarazzo,,tombado,municipal,,,,2019-04-10,1113540035
SO_ELEGIVEL·sem dono,SO_ELEGIVEL,Conjunto de Residências Operárias do Jardim Matarazzo,"Rua Manuel Teles Vitancos, 7",Ermelino Matarazzo,,tombado,municipal,,,,2019-04-10,1113540011
SO_ELEGIVEL·sem dono,SO_ELEGIVEL,Conjunto de Residências Operárias do Jardim Matarazzo,"Rua Reverendo João Euclides Pereira, 349",Ermelino Matarazzo,,tombado,municipal,,,,2019-04-10,1113540056
SO_ELEGIVEL·sem dono,SO_ELEGIVEL,Conjunto de Residências Operárias do Jardim Matarazzo,"Rua Manuel Teles Vitancos, 15",Ermelino Matarazzo,,tombado,municipal,,,,2019-04-10,1113540015
SO_ELEGIVEL·sem dono,SO_ELEGIVEL,Conjunto de Residências Operárias do Jardim Matarazzo,Rua José Lopes Rodrigues,Ermelino Matarazzo,,tombado,municipal,,,,2019-04-10,1113540067
SO_ELEGIVEL·sem dono,SO_ELEGIVEL,Conjunto de Residências Operárias do Jardim Matarazzo,"Rua Manuel Teles Vitancos, 17",Ermelino Matarazzo,,tombado,municipal,,,,2019-04-10,1113540016
SO_ELEGIVEL·sem dono,SO_ELEGIVEL,Conjunto de Residências Operárias do Jardim Matarazzo,"Rua Roberto Augusto Collin, 2",Ermelino Matarazzo,,tombado,municipal,,,,2019-04-10,1113540023
SO_ELEGIVEL·sem dono,SO_ELEGIVEL,Conjunto de Residências Operárias do Jardim Matarazzo,"Rua Manuel Teles Vitancos, 13",Ermelino Matarazzo,,tombado,municipal,,,,2019-04-10,1113540014
SO_ELEGIVEL·sem dono,SO_ELEGIVEL,Conjunto de Residências Operárias do Jardim Matarazzo,"Rua Manuel Teles Vitancos, 11",Ermelino Matarazzo,,tombado,municipal,,,,2019-04-10,1113540013
SO_ELEGIVEL·sem dono,SO_ELEGIVEL,Conjunto de Residências Operárias do Jardim Matarazzo,"Rua Roberto Augusto Collin, 34",Ermelino Matarazzo,,tombado,municipal,,,,2019-04-10,1113540039
SO_ELEGIVEL·sem dono,SO_ELEGIVEL,Conjunto de Residências Operárias do Jardim Matarazzo,"Rua Manuel Teles Vitancos, 9",Ermelino Matarazzo,,tombado,municipal,,,,2019-04-10,1113540012
SO_ELEGIVEL·sem dono,SO_ELEGIVEL,Conjunto de Residências Operárias do Jardim Matarazzo,"Rua Ilha do Campeche, 1",Ermelino Matarazzo,,tombado,municipal,,,,2019-04-10,1113540007
SO_ELEGIVEL·sem dono,SO_ELEGIVEL,Conjunto de Residências Operárias do Jardim Matarazzo,"Rua Roberto Augusto Collin, 40",Ermelino Matarazzo,,tombado,municipal,,,,2019-04-10,1113540042
SO_ELEGIVEL·sem dono,SO_ELEGIVEL,Conjunto de Residências Operárias do Jardim Matarazzo,"Rua Dezesseis, 34",Ermelino Matarazzo,,tombado,municipal,,,,2019-04-10,1113540055
SO_ELEGIVEL·sem dono,SO_ELEGIVEL,Conjunto de Residências Operárias do Jardim Matarazzo,"Rua Reverendo João Euclides Pereira, 335",Ermelino Matarazzo,,tombado,municipal,,,,2019-04-10,1113540059
SO_ELEGIVEL·sem dono,SO_ELEGIVEL,Conjunto de Residências Operárias do Jardim Matarazzo,"Rua José Lopes Rodrigues, 37",Ermelino Matarazzo,,tombado,municipal,,,,2019-04-10,1113540043
SO_ELEGIVEL·sem dono,SO_ELEGIVEL,Conjunto de Residências Operárias do Jardim Matarazzo,"Rua Reverendo João Euclides Pereira, 353",Ermelino Matarazzo,,tombado,municipal,,,,2019-04-10,1113540060
SO_ELEGIVEL·sem dono,SO_ELEGIVEL,Conjunto de Residências Operárias do Jardim Matarazzo,Rua Ilha do Campeche,Ermelino Matarazzo,,tombado,municipal,,,,2019-04-10,1113540001
SO_ELEGIVEL·sem dono,SO_ELEGIVEL,Conjunto de Residências Operárias do Jardim Matarazzo,"Rua Manuel Teles Vitancos, 23",Ermelino Matarazzo,,tombado,municipal,,,,2019-04-10,1113540019
SO_ELEGIVEL·sem dono,SO_ELEGIVEL,Conjunto de Residências Operárias do Jardim Matarazzo,"Rua Ilha do Campeche, 11",Ermelino Matarazzo,,tombado,municipal,,,,2019-04-10,1113540002
SO_ELEGIVEL·sem dono,SO_ELEGIVEL,Conjunto de Residências Operárias do Jardim Matarazzo,"Rua Roberto Augusto Collin, 14",Ermelino Matarazzo,,tombado,municipal,,,,2019-04-10,1113540029
SO_ELEGIVEL·sem dono,SO_ELEGIVEL,Conjunto de Residências Operárias do Jardim Matarazzo,"Rua Roberto Augusto Collin, 38",Ermelino Matarazzo,,tombado,municipal,,,,2019-04-10,1113540041
SO_ELEGIVEL·sem dono,SO_ELEGIVEL,Conjunto de Residências Operárias do Jardim Matarazzo,"Rua Ilha do Campeche, 3",Ermelino Matarazzo,,tombado,municipal,,,,2019-04-10,1113540006
SO_ELEGIVEL·sem dono,SO_ELEGIVEL,Conjunto de Residências Operárias do Jardim Matarazzo,"Rua Roberto Augusto Collin, 16",Ermelino Matarazzo,,tombado,municipal,,,,2019-04-10,1113540030
SO_ELEGIVEL·sem dono,SO_ELEGIVEL,Conjunto de Residências Operárias do Jardim Matarazzo,"Rua Ilha do Campeche, 9",Ermelino Matarazzo,,tombado,municipal,,,,2019-04-10,1113540003
SO_ELEGIVEL·sem dono,SO_ELEGIVEL,Conjunto de Residências Operárias do Jardim Matarazzo,"Rua Manuel Teles Vitancos, 25",Ermelino Matarazzo,,tombado,municipal,,,,2019-04-10,1113540020
SO_ELEGIVEL·sem dono,SO_ELEGIVEL,Conjunto de Residências Operárias do Jardim Matarazzo,"Rua Roberto Augusto Collin, 24",Ermelino Matarazzo,,tombado,municipal,,,,2019-04-10,1113540034
SO_ELEGIVEL·sem dono,SO_ELEGIVEL,Conjunto de Residências Operárias do Jardim Matarazzo,"Rua Manuel Teles Vitancos, 5",Ermelino Matarazzo,,tombado,municipal,,,,2019-04-10,1113540010
SO_ELEGIVEL·sem dono,SO_ELEGIVEL,Conjunto de Residências Operárias do Jardim Matarazzo,"Rua Roberto Augusto Collin, 22",Ermelino Matarazzo,,tombado,municipal,,,,2019-04-10,1113540033
SO_ELEGIVEL·sem dono,SO_ELEGIVEL,Conjunto de Residências Operárias do Jardim Matarazzo,"Rua Manuel Teles Vitancos, 3",Ermelino Matarazzo,,tombado,municipal,,,,2019-04-10,1113540009
SO_ELEGIVEL·sem dono,SO_ELEGIVEL,Conjunto de Residências Operárias do Jardim Matarazzo,"Rua Roberto Augusto Collin, 20",Ermelino Matarazzo,,tombado,municipal,,,,2019-04-10,1113540032
SO_ELEGIVEL·sem dono,SO_ELEGIVEL,Conjunto de Residências Operárias do Jardim Matarazzo,"Rua Dezesseis, 35",Ermelino Matarazzo,,tombado,municipal,,,,2019-04-10,1113540054
SO_ELEGIVEL·sem dono,SO_ELEGIVEL,Conjunto de Residências Operárias do Jardim Matarazzo,"Rua Roberto Augusto Collin, 18",Ermelino Matarazzo,,tombado,municipal,,,,2019-04-10,1113540031
SO_ELEGIVEL·sem dono,SO_ELEGIVEL,Conjunto de Residências Operárias do Jardim Matarazzo,"Rua Reverendo João Euclides Pereira, 341",Ermelino Matarazzo,,tombado,municipal,,,,2019-04-10,1113540058
SO_ELEGIVEL·sem dono,SO_ELEGIVEL,Conjunto de Residências Operárias do Jardim Matarazzo,"Rua José Lopes Rodrigues, 22",Ermelino Matarazzo,,tombado,municipal,,,,2019-04-10,1113540047
SO_ELEGIVEL·sem dono,SO_ELEGIVEL,Conjunto de Residências Operárias do Jardim Matarazzo,Rua José Lopes Rodrigues,Ermelino Matarazzo,,tombado,municipal,,,,2019-04-10,1113540062
SO_ELEGIVEL·sem dono,SO_ELEGIVEL,Conjunto de Residências Operárias do Jardim Matarazzo,"Rua Roberto Augusto Collin, 32",Ermelino Matarazzo,,tombado,municipal,,,,2019-04-10,1113540038
SO_ELEGIVEL·sem dono,SO_ELEGIVEL,Fábrica Celosul,Avenida Doutor Assis Ribeiro,Ermelino Matarazzo,,tombado,municipal,,,,2016-10-01,1113900012
SO_ELEGIVEL·sem dono,SO_ELEGIVEL,Terreiro de Candomblé Ile Ase Omo Igbo Omi,Rua Boaventura Rodrigues da Silva 643,Ermelino Matarazzo,,tombado,municipal,,,,2024-06-25,1112480113
SO_ELEGIVEL·sem dono,SO_ELEGIVEL,Centro Histórico da Freguesia do Ó,"Largo da Matriz Velha, 27",Freguesia do Ó,,tombado,municipal,,,,1992-12-16,1041360051
SO_ELEGIVEL·sem dono,SO_ELEGIVEL,Centro Histórico da Freguesia do Ó,"Largo da Matriz Velha, 133, 12",Freguesia do Ó,,tombado,municipal,,,,1992-12-16,1041270003
SO_ELEGIVEL·sem dono,SO_ELEGIVEL,Centro Histórico da Freguesia do Ó,"Rua Coronel Tristão, 64",Freguesia do Ó,,tombado,municipal,,,,1992-12-16,1041270020
SO_ELEGIVEL·sem dono,SO_ELEGIVEL,Centro Histórico da Freguesia do Ó,"Largo da Matriz de Nossa Senhora do Ó, 168",Freguesia do Ó,,tombado,municipal,,,,1992-12-16,1041250017
SO_ELEGIVEL·sem dono,SO_ELEGIVEL,Centro Histórico da Freguesia do Ó,"Largo da Matriz Velha, 15",Freguesia do Ó,,tombado,municipal,,,,1992-12-16,1041360049
SO_ELEGIVEL·sem dono,SO_ELEGIVEL,Centro Histórico da Freguesia do Ó,"Largo da Matriz Velha, 17",Freguesia do Ó,,tombado,municipal,,,,1992-12-16,1041360050
SO_ELEGIVEL·sem dono,SO_ELEGIVEL,Centro Histórico da Freguesia do Ó,"Largo da Matriz de Nossa Senhora do Ó, 128, 31",Freguesia do Ó,,tombado,municipal,,,,1992-12-16,1041250023
SO_ELEGIVEL·sem dono,SO_ELEGIVEL,Centro Histórico da Freguesia do Ó,"Avenida Itaberaba, 29",Freguesia do Ó,,tombado,municipal,,,,1992-12-16,1041270026
SO_ELEGIVEL·sem dono,SO_ELEGIVEL,Centro Histórico da Freguesia do Ó,"Avenida Itaberaba, 26",Freguesia do Ó,,tombado,municipal,,,,1992-12-16,1041280004
SO_ELEGIVEL·sem dono,SO_ELEGIVEL,Centro Histórico da Freguesia do Ó,"Largo da Matriz de Nossa Senhora do Ó, 152",Freguesia do Ó,,tombado,municipal,,,,1992-12-16,1041250021
SO_ELEGIVEL·sem dono,SO_ELEGIVEL,Centro Histórico da Freguesia do Ó,"Rua Coronel Tristão, 34, 23",Freguesia do Ó,,tombado,municipal,,,,1992-12-16,1041270006
SO_ELEGIVEL·sem dono,SO_ELEGIVEL,Centro Histórico da Freguesia do Ó,"Largo da Matriz de Nossa Senhora do Ó, 134",Freguesia do Ó,,tombado,municipal,,,,1992-12-16,1041250009
SO_ELEGIVEL·sem dono,SO_ELEGIVEL,Centro Histórico da Freguesia do Ó,"Largo da Matriz de Nossa Senhora do Ó, 144",Freguesia do Ó,,tombado,municipal,,,,1992-12-16,1041250025
SO_ELEGIVEL·sem dono,SO_ELEGIVEL,Centro Histórico da Freguesia do Ó,"Avenida Itaberaba, 30",Freguesia do Ó,,tombado,municipal,,,,1992-12-16,1041280003
SO_ELEGIVEL·sem dono,SO_ELEGIVEL,Centro Histórico da Freguesia do Ó / Escola Estadual Padre Manuel da Nobrega,"Avenida Itaberaba, 135, 145",Freguesia do Ó,,tombado,municipal,,,,1992-12-16,1041190009
SO_ELEGIVEL·sem dono,SO_ELEGIVEL,Centro Histórico da Freguesia do Ó / Igreja Matriz de Nossa Senhora do Ó,Largo da Matriz de Nossa Senhora do Ó,Freguesia do Ó,,tombado,municipal,,,,1992-12-16,1041330001
SO_ELEGIVEL·sem dono,SO_ELEGIVEL,Centro Histórico da Freguesia do Ó / Reservatorio da Sabesp,"Avenida Itaberaba, 185, 197",Freguesia do Ó,,tombado,municipal,,,,1992-12-16,1041190008
SO_ELEGIVEL·sem dono,SO_ELEGIVEL,Casa de Taipa João Frederico Glasser,"Avenida Kayo Okamoto, 159",Grajaú,,tombado,municipal,,,,2018-06-21,2790000000
SO_ELEGIVEL·sem dono,SO_ELEGIVEL,Cruzeiro de Borore,Estrada Itaquaquecetuba,Grajaú,,tombado,municipal,,,,2013-10-24,2699970000
SO_ELEGIVEL·sem dono,SO_ELEGIVEL,Igreja São Sebastião do Bororé e Cruzeiro,"Estrada Velha do Borore, 917",Grajaú,,tombado,municipal,,,,2016-10-01,2690000000
SO_ELEGIVEL·sem dono,SO_ELEGIVEL,Imóvel à Avenida Angélica 626 / Família Souza Queirós / Antiga Sudene / Sede do Iphan/sp,"Avenida Angélica, 626",Higienópolis,,tombado,municipal,,,,2015-08-15,0200800008
SO_ELEGIVEL·sem dono,SO_ELEGIVEL,Antigo Juvenato Santíssimo Sacramento / Unesp,"Rua Dom Luís Lasanha, 400",Ipiranga,,tombado,municipal,,,,2018-05-10,0401160001
SO_ELEGIVEL·sem dono,SO_ELEGIVEL,Antigo Noviciado Nossa Senhora das Graças / Irmãs Salesianas,"Rua Clóvis Bueno de Azevedo, 176",Ipiranga,,tombado,municipal,,,,2018-05-10,0401040002
SO_ELEGIVEL·sem dono,SO_ELEGIVEL,Capela Santa Luzia,"Rua Gaspar Fernandes, 479, 497",Ipiranga,,tombado,municipal,,,,2016-10-01,0350570171
SO_ELEGIVEL·sem dono,SO_ELEGIVEL,Capela do Bom Jesus do Horto,"Rua dos Sorocabanos, 150",Ipiranga,,tombado,municipal,,,,1994-09-15,0400370013
SO_ELEGIVEL·sem dono,SO_ELEGIVEL,Ee Professor José Escobar / Projeto de José Maria da Silva Neves / Ipiranga - Ipi 15,"Rua Greenfeld, 140, 164, 17",Ipiranga,,tombado,municipal,,,,2018-05-25,0501130007
SO_ELEGIVEL·sem dono,SO_ELEGIVEL,Internato Nossa Senhora Auxiliadora / Congregação das Filhas de Nossa Senhora do Sagrado Coração,"Rua Moreira de Godói, 245, 255, 325, 300",Ipiranga,,tombado,municipal,,,,2018-05-10,0401150013
SO_ELEGIVEL·sem dono,SO_ELEGIVEL,Residências à Rua Bom Pastor e Costa Aguiar / Edificações da Família Jafet,"Rua Bom Pastor, 798",Ipiranga,,tombado,municipal,,,,2005-07-02,0400370006
SO_ELEGIVEL·sem dono,SO_ELEGIVEL,Residências à Rua Bom Pastor e Costa Aguiar / Edificações da Família Jafet,"Rua Bom Pastor, 730",Ipiranga,,tombado,municipal,,,,2005-07-02,0400370008
SO_ELEGIVEL·sem dono,SO_ELEGIVEL,Seminário Central Imaculada Conceição do Ipiranga,"Avenida Nazare, 993",Ipiranga,,tombado,municipal,,,,2018-05-10,0401290064
SO_ELEGIVEL·sem dono,SO_ELEGIVEL,Seminário Central Imaculada Conceição do Ipiranga,"Avenida Nazaré, 993, 818",Ipiranga,,tombado,municipal,,,,2018-05-10,0401290000
SO_ELEGIVEL·sem dono,SO_ELEGIVEL,Biblioteca Anne Frank e Edifício do Teatro Décio de Almeida Prado,"Rua Cojubá, 45",Itaim Bibi,,tombado,municipal+estadual,,,,2017-08-29,2990130028
SO_ELEGIVEL·sem dono,SO_ELEGIVEL,Sede do Sítio Itaim / Antiga Sede do Sítio Itaim / Edifício Pátio Victor Malzoni,"Rua Aspásia, 9",Itaim Bibi,,tombado,municipal+estadual,,,,1991-04-10,2990140000
SO_ELEGIVEL·sem dono,SO_ELEGIVEL,Chalé / Antigo Casarão Na Rua Victorio Santim / Biblioteca Sérgio Buarque de Holanda,"Rua Victorio Santim, 44, 103, 45",Itaquera,,tombado,municipal,,,,2019-06-12,1140800005
SO_ELEGIVEL·sem dono,SO_ELEGIVEL,Chalé Em Itaquera,"Rua Victorio Santim, 60, 541",Itaquera,,tombado,municipal,,,,2019-06-12,1140800015
SO_ELEGIVEL·sem dono,SO_ELEGIVEL,Chácara Sabbado D'angelo (casarão e Área Verde),"Rua Sabbado D'angelo, 657",Itaquera,,tombado,municipal+estadual,,,,2018-03-06,1140560001
SO_ELEGIVEL·sem dono,SO_ELEGIVEL,Paróquia Nossa Senhora do Carmo de Itaquera,Largo da Matriz,Itaquera,,tombado,municipal,,,,2019-02-26,1140130001
SO_ELEGIVEL·sem dono,SO_ELEGIVEL,Casa do Sítio da Ressaca,"Rua Arsênio Tavolieri, 45",Jabaquara,,tombado,municipal+estadual,,,,1991-04-10,0915830001
SO_ELEGIVEL·sem dono,SO_ELEGIVEL,Terreiro de Candomblé Achê Ilé Obá,"Rua Azor Silva, 77",Jabaquara,,tombado,municipal+estadual,,,,1992-12-02,1723120963
SO_ELEGIVEL·sem dono,SO_ELEGIVEL,Imóveis Indicados Como Zepec Na Subprefeitura da Lapa / Casarão de Henrique Dumont Vilares,"Rua Marselha, 45",Jaguaré,,tombado,municipal,,,,2009-09-16,0821650001
SO_ELEGIVEL·sem dono,SO_ELEGIVEL,Imóveis Indicados Como Zepec Na Subprefeitura da Lapa / Cooperativa Agricola de Cotia,"Avenida Torres de Oliveira, 966",Jaguaré,,tombado,municipal,,,,2009-09-16,0822220000
SO_ELEGIVEL·sem dono,SO_ELEGIVEL,Mirante do Jaguaré / Torre do Relógio,Rua Salatiel de Campos,Jaguaré,,tombado,municipal,,,,2002-03-09,0821700000
SO_ELEGIVEL·sem dono,SO_ELEGIVEL,Remanescentes das Estruturas de Pedreira No Jaraguá,"Avenida Chica Luiza, 1000",Jaraguá,,tombado,municipal,,,,2019-07-12,2079980000
SO_ELEGIVEL·sem dono,SO_ELEGIVEL,"Edifício Sede da Chácara dos Fontoura / Escultura ""bartira""","Estrada da Biacica, 756",Jardim Helena,,tombado,municipal,,,,1994-11-26,1330310001
SO_ELEGIVEL·sem dono,SO_ELEGIVEL,"Antigo Hospital de Isolamento / Edifício da Biblioteca do Hospital Emílio Ribas, Casa Rosada e Portão","Avenida Doutor Enéas Carvalho de Aguiar, 165",Jardim Paulista,,tombado,municipal+estadual,,,,2005-07-16,0130050001
SO_ELEGIVEL·sem dono,SO_ELEGIVEL,Associação Atlética Oswaldo Cruz / Área da Aaoc,"Rua Artur de Azevedo, 1, 279, 281",Jardim Paulista,,tombado,municipal+estadual,,,,2017-06-08,0130090136
SO_ELEGIVEL·sem dono,SO_ELEGIVEL,Casa 1919 da Avenida Paulista,"Avenida Paulista, 1919, 1940",Jardim Paulista,,tombado,municipal+estadual,,,,1992-12-16,0100690011
SO_ELEGIVEL·sem dono,SO_ELEGIVEL,Conjunto Nacional / Obra de David Libeskind / 1955 - Item 37,"Rua Augusta, 1771, 1849, 10, 100, 2021, 2125, 2512",Jardim Paulista,,tombado,municipal+estadual,,,,2015-04-09,0100680000
SO_ELEGIVEL·sem dono,SO_ELEGIVEL,"Conjunto da Escadaria da Rua Alves Guimarães (""escadaria das Bailarinas"")","Rua Alves Guimarães, 784",Jardim Paulista,,tombado,municipal,,,,2024-10-11,0130140082
SO_ELEGIVEL·sem dono,SO_ELEGIVEL,"Conjunto da Escadaria da Rua Alves Guimarães (""escadaria das Bailarinas"")","Rua Alves Guimarães, 734",Jardim Paulista,,tombado,municipal,,,,2024-10-11,0130140039
SO_ELEGIVEL·sem dono,SO_ELEGIVEL,"Conjunto da Escadaria da Rua Alves Guimarães (""escadaria das Bailarinas"")","Rua Alves Guimarães, 736",Jardim Paulista,,tombado,municipal,,,,2024-10-11,0130140038
SO_ELEGIVEL·sem dono,SO_ELEGIVEL,Edificação à Rua Peixoto Gomide / Mural de Autoria John Graz,"Rua Peixoto Gomide, 1066",Jardim Paulista,,tombado,estadual,,,,,0100800019
SO_ELEGIVEL·sem dono,SO_ELEGIVEL,Edifício Lagoinha / Projeto Carlos Millan - 1927 / Quadro 6 / Edificações Modernas Indicadas Como Zepec,"Rua Artur de Azevedo, 32",Jardim Paulista,,tombado,municipal,,,,2019-05-30,0130090000
SO_ELEGIVEL·sem dono,SO_ELEGIVEL,"Edifício Três Marias (edifíco Maria Regina, Edifício Maria Cristina e Edifício Maria Júlia)","Avenida Paulista, 2233, 2239, 547, 571",Jardim Paulista,,tombado,municipal,,,,2023-11-30,0100670000
SO_ELEGIVEL·sem dono,SO_ELEGIVEL,Ee Godofredo Furtado (1939) / Projeto de José Maria da Silva Neves,"Rua João Moura, 727",Jardim Paulista,,tombado,municipal,,,,2018-05-25,0130370021
SO_ELEGIVEL·sem dono,SO_ELEGIVEL,Escola de Enfermagem da Usp / Obra de Peter Pfisterer / 1943 - Item 11,"Rua Enéas de Carvalho Aguiar, 419",Jardim Paulista,,tombado,estadual,,,,,0130090082
SO_ELEGIVEL·sem dono,SO_ELEGIVEL,Faculdade de Higiene e Saúde Pública,"Avenida Doutor Arnaldo, 715",Jardim Paulista,,tombado,estadual,,,,,0130040035
SO_ELEGIVEL·sem dono,SO_ELEGIVEL,Instituto Adolfo Lutz,"Avenida Doutor Arnaldo, 355",Jardim Paulista,,tombado,municipal+estadual,,,,2003-11-01,0130050003
SO_ELEGIVEL·sem dono,SO_ELEGIVEL,Instituto Oscar Freire / Edifício do Iml / Faculdade de Medicina da Universidade de São Paulo,"Rua Teodoro Sampaio, 115",Jardim Paulista,,tombado,municipal+estadual,,,,1991-04-10,0130050002
SO_ELEGIVEL·sem dono,SO_ELEGIVEL,"Jardins: Paulista, Paulistano, América e Europa / Residência João Arnstein / Jardim América / Edificações Modernas Indicadas Como Zepec","Rua Canadá, 714",Jardim Paulista,,tombado,municipal,,,,2019-05-30,0160090009
SO_ELEGIVEL·sem dono,SO_ELEGIVEL,Residência de Alfredo Becker / Projeto Arquiteto Alfredo Becker / Jardim Paulista / Edificações Modernas Indicadas Como Zepec,"Rua Conselheiro Zacarias, 491",Jardim Paulista,,tombado,municipal,,,,2019-05-30,0140800020
SO_ELEGIVEL·sem dono,SO_ELEGIVEL,Vila Cerqueira César / Bens Individuais / Templo Espiritualista de Umbanda São Benedito,"Rua Alves Guimarães, 940",Jardim Paulista,,tombado,municipal,,,,2023-10-05,0130130215
SO_ELEGIVEL·sem dono,SO_ELEGIVEL,Vila Cerqueira César / Manchas Urbanas Heterogêneas / Mancha Benedito Calixto (i) / Antigo Mosteiro de Santa Gema e Capela (atual Instituto Goethe),"Rua Lisboa, 974",Jardim Paulista,,tombado,municipal,,,,2023-10-05,0811800039
SO_ELEGIVEL·sem dono,SO_ELEGIVEL,Vila Cerqueira César / Manchas Urbanas Heterogêneas / Mancha Benedito Calixto (i) / Paróquia São Paulo da Cruz (igreja do Calvário),"Rua Cardeal Arcoverde, 950",Jardim Paulista,,tombado,municipal,,,,2023-10-05,0811790001
SO_ELEGIVEL·sem dono,SO_ELEGIVEL,Vila Cerqueira César / Manchas Urbanas Heterogêneas / Mancha Vila Cândida (j),"Rua João Moura, 942",Jardim Paulista,,tombado,municipal,,,,2023-10-05,0130290000
SO_ELEGIVEL·sem dono,SO_ELEGIVEL,Vila Cerqueira César / Manchas Urbanas Heterogêneas / Mancha Vila Cândida (j) / Vila Cândida,"Rua Teodoro Sampaio, 972, 1",Jardim Paulista,,tombado,municipal,,,,2023-10-05,0130360011
SO_ELEGIVEL·sem dono,SO_ELEGIVEL,Vila Cerqueira César / Manchas Urbanas Heterogêneas / Mancha Vila Cândida (j) / Vila Cândida,"Rua Teodoro Sampaio, 972, 28",Jardim Paulista,,tombado,municipal,,,,2023-10-05,0130360023
SO_ELEGIVEL·sem dono,SO_ELEGIVEL,Vila Cerqueira César / Manchas Urbanas Heterogêneas / Mancha Vila Cândida (j) / Vila Cândida,"Rua Teodoro Sampaio, 972, 24",Jardim Paulista,,tombado,municipal,,,,2023-10-05,0130360025
SO_ELEGIVEL·sem dono,SO_ELEGIVEL,Vila Cerqueira César / Manchas Urbanas Heterogêneas / Mancha Vila Cândida (j) / Vila Cândida,"Rua Teodoro Sampaio, 972, 20",Jardim Paulista,,tombado,municipal,,,,2023-10-05,0130360027
SO_ELEGIVEL·sem dono,SO_ELEGIVEL,Vila Cerqueira César / Manchas Urbanas Heterogêneas / Mancha Vila Cândida (j) / Vila Cândida,"Rua Teodoro Sampaio, 972, 5",Jardim Paulista,,tombado,municipal,,,,2023-10-05,0130360013
SO_ELEGIVEL·sem dono,SO_ELEGIVEL,Vila Cerqueira César / Manchas Urbanas Heterogêneas / Mancha Vila Cândida (j) / Vila Cândida,"Rua Teodoro Sampaio, 972, 14",Jardim Paulista,,tombado,municipal,,,,2023-10-05,0130360030
SO_ELEGIVEL·sem dono,SO_ELEGIVEL,Vila Cerqueira César / Manchas Urbanas Heterogêneas / Mancha Vila Cândida (j) / Vila Cândida,"Rua Teodoro Sampaio, 972, 16",Jardim Paulista,,tombado,municipal,,,,2023-10-05,0130360029
SO_ELEGIVEL·sem dono,SO_ELEGIVEL,Vila Cerqueira César / Manchas Urbanas Heterogêneas / Mancha Vila Cândida (j) / Vila Cândida,"Rua Teodoro Sampaio, 972, 21",Jardim Paulista,,tombado,municipal,,,,2023-10-05,0130360021
SO_ELEGIVEL·sem dono,SO_ELEGIVEL,Vila Cerqueira César / Manchas Urbanas Heterogêneas / Mancha Vila Cândida (j) / Vila Cândida,"Rua Teodoro Sampaio, 972, 19",Jardim Paulista,,tombado,municipal,,,,2023-10-05,0130360020
SO_ELEGIVEL·sem dono,SO_ELEGIVEL,Vila Cerqueira César / Manchas Urbanas Heterogêneas / Mancha Vila Cândida (j) / Vila Cândida,"Rua Teodoro Sampaio, 972, 17",Jardim Paulista,,tombado,municipal,,,,2023-10-05,0130360019
SO_ELEGIVEL·sem dono,SO_ELEGIVEL,Vila Cerqueira César / Manchas Urbanas Heterogêneas / Mancha Vila Cândida (j) / Vila Cândida,"Rua Teodoro Sampaio, 972, 15",Jardim Paulista,,tombado,municipal,,,,2023-10-05,0130360018
SO_ELEGIVEL·sem dono,SO_ELEGIVEL,Vila Cerqueira César / Manchas Urbanas Heterogêneas / Mancha Vila Cândida (j) / Vila Cândida,"Rua Teodoro Sampaio, 972, 18",Jardim Paulista,,tombado,municipal,,,,2023-10-05,0130360028
SO_ELEGIVEL·sem dono,SO_ELEGIVEL,Vila Cerqueira César / Manchas Urbanas Heterogêneas / Mancha Vila Cândida (j) / Vila Cândida,"Rua Teodoro Sampaio, 972, 3",Jardim Paulista,,tombado,municipal,,,,2023-10-05,0130360012
SO_ELEGIVEL·sem dono,SO_ELEGIVEL,Vila Cerqueira César / Manchas Urbanas Heterogêneas / Mancha Vila Cândida (j) / Vila Cândida,"Rua Teodoro Sampaio, 972, 22",Jardim Paulista,,tombado,municipal,,,,2023-10-05,0130360026
SO_ELEGIVEL·sem dono,SO_ELEGIVEL,Vila Cerqueira César / Manchas Urbanas Heterogêneas / Mancha Vila Cândida (j) / Vila Cândida,"Rua Teodoro Sampaio, 972, 26",Jardim Paulista,,tombado,municipal,,,,2023-10-05,0130360024
SO_ELEGIVEL·sem dono,SO_ELEGIVEL,Vila Cerqueira César / Manchas Urbanas Heterogêneas / Mancha Vila Cândida (j) / Vila Cândida,"Rua Teodoro Sampaio, 972, 11",Jardim Paulista,,tombado,municipal,,,,2023-10-05,0130360016
SO_ELEGIVEL·sem dono,SO_ELEGIVEL,Vila Cerqueira César / Manchas Urbanas Heterogêneas / Mancha Vila Cândida (j) / Vila Cândida,"Rua João Moura, 887",Jardim Paulista,,tombado,municipal,,,,2023-10-05,0130360049
SO_ELEGIVEL·sem dono,SO_ELEGIVEL,Vila Cerqueira César / Manchas Urbanas Heterogêneas / Mancha Vila Cândida (j) / Vila Cândida,"Rua Teodoro Sampaio, 972, 10",Jardim Paulista,,tombado,municipal,,,,2023-10-05,0130360032
SO_ELEGIVEL·sem dono,SO_ELEGIVEL,Vila Cerqueira César / Manchas Urbanas Heterogêneas / Mancha Vila Cândida (j) / Vila Cândida,"Rua Teodoro Sampaio, 972, 23",Jardim Paulista,,tombado,municipal,,,,2023-10-05,0130360022
SO_ELEGIVEL·sem dono,SO_ELEGIVEL,Vila Cerqueira César / Manchas Urbanas Heterogêneas / Mancha Vila Cândida (j) / Vila Cândida,"Rua Teodoro Sampaio, 972, 13",Jardim Paulista,,tombado,municipal,,,,2023-10-05,0130360017
SO_ELEGIVEL·sem dono,SO_ELEGIVEL,Vila Cerqueira César / Manchas Urbanas Heterogêneas / Mancha Vila Cândida (j) / Vila Cândida,Via Interna da Vila Cândida,Jardim Paulista,,tombado,municipal,,,,2023-10-05,0130360001
SO_ELEGIVEL·sem dono,SO_ELEGIVEL,Vila Cerqueira César / Manchas Urbanas Heterogêneas / Mancha Vila Cândida (j) / Vila Cândida,"Rua Teodoro Sampaio, 972, 8",Jardim Paulista,,tombado,municipal,,,,2023-10-05,0130360033
SO_ELEGIVEL·sem dono,SO_ELEGIVEL,Vila Cerqueira César / Manchas Urbanas Heterogêneas / Mancha Vila Cândida (j) / Vila Cândida,"Rua Teodoro Sampaio, 972, 7",Jardim Paulista,,tombado,municipal,,,,2023-10-05,0130360014
SO_ELEGIVEL·sem dono,SO_ELEGIVEL,Vila Cerqueira César / Manchas Urbanas Heterogêneas / Mancha Vila Cândida (j) / Vila Cândida,"Rua Teodoro Sampaio, 972, 12",Jardim Paulista,,tombado,municipal,,,,2023-10-05,0130360031
SO_ELEGIVEL·sem dono,SO_ELEGIVEL,Vila Cerqueira César / Manchas Urbanas Heterogêneas / Mancha Vila Cândida (j) / Vila Cândida,"Rua João Moura, 885",Jardim Paulista,,tombado,municipal,,,,2023-10-05,0130360048
SO_ELEGIVEL·sem dono,SO_ELEGIVEL,Vila Cerqueira César / Manchas Urbanas Heterogêneas / Mancha Vila Cândida (j) / Vila Cândida,"Rua Teodoro Sampaio, 972, 9",Jardim Paulista,,tombado,municipal,,,,2023-10-05,0130360015
SO_ELEGIVEL·sem dono,SO_ELEGIVEL,Antiga Metalurgica Martins Ferreira / Editora Tres,"Avenida William Speers, 1180, 1202, 1212",Lapa,,tombado,municipal,,,,2009-09-16,0990280083
SO_ELEGIVEL·sem dono,SO_ELEGIVEL,Antiga Metalurgica Martins Ferreira / Editora Tres,"Avenida William Speers, 1180, 1202, 1212",Lapa,,tombado,municipal,,,,2009-09-16,0990280082
SO_ELEGIVEL·sem dono,SO_ELEGIVEL,Antiga Metalurgica Martins Ferreira / Editora Tres,"Avenida William Speers, 1180, 1202, 1212",Lapa,,tombado,municipal,,,,2009-09-16,0990280084
SO_ELEGIVEL·sem dono,SO_ELEGIVEL,Antiga Vidraria Santa Marina / Imóveis Indicados Como Zepec Na Subprefeitura da Lapa,"Avenida Santa Marina, 405, 833",Lapa,,tombado,municipal,,,,2009-09-16,0990460092
SO_ELEGIVEL·sem dono,SO_ELEGIVEL,Casa Amarela da Vila Romana,"Rua Camilo, 955, 957",Lapa,,tombado,municipal,,,,2022-02-18,0240180001
SO_ELEGIVEL·sem dono,SO_ELEGIVEL,Casario a Rua Coriolano,"Rua Caio Graco, 345",Lapa,,tombado,municipal,,,,2019-04-10,0230470000
SO_ELEGIVEL·sem dono,SO_ELEGIVEL,Casario à Rua Coriolano,"Rua Coriolano, 874",Lapa,,tombado,municipal,,,,2019-04-10,0230470018
SO_ELEGIVEL·sem dono,SO_ELEGIVEL,Casario à Rua Coriolano,"Rua Coriolano, 884",Lapa,,tombado,municipal,,,,2019-04-10,0230470016
SO_ELEGIVEL·sem dono,SO_ELEGIVEL,Casario à Rua Coriolano,"Rua Coriolano, 876",Lapa,,tombado,municipal,,,,2019-04-10,0230470017
SO_ELEGIVEL·sem dono,SO_ELEGIVEL,Casario à Rua Coriolano,"Rua Coriolano, 886",Lapa,,tombado,municipal,,,,2019-04-10,0230470015
SO_ELEGIVEL·sem dono,SO_ELEGIVEL,Casario à Rua Coriolano,"Rua Coriolano, 866",Lapa,,tombado,municipal,,,,2019-04-10,0230470019
SO_ELEGIVEL·sem dono,SO_ELEGIVEL,Casarão à Rua Engenheiro Fox,"Rua Engenheiro Fox, 392",Lapa,,tombado,municipal,,,,2019-04-10,0990020198
SO_ELEGIVEL·sem dono,SO_ELEGIVEL,Edifício Romi S.a. / Edificações Modernas Indicadas Como Zepec,"Rua Clélia, 985, 666, 670, 710",Lapa,,tombado,municipal,,,,2019-05-30,0230480099
SO_ELEGIVEL·sem dono,SO_ELEGIVEL,Eepsg - Colégio Anhangüera / Escolas Primeira República / Imóveis Indicados Como Zepec Na Subprefeitura da Lapa,"Rua Antônio Raposo, 87, 186",Lapa,,tombado,municipal+estadual,,,,2009-09-16,0980710082
SO_ELEGIVEL·sem dono,SO_ELEGIVEL,Imóveis Indicados Como Zepec Na Subprefeitura da Lapa / Casa Sede da Corporação Operaria Musical da Lapa,"Rua Joaquim Machado, 99",Lapa,,tombado,municipal,,,,2009-09-16,0230170037
SO_ELEGIVEL·sem dono,SO_ELEGIVEL,Imóveis Indicados Como Zepec Na Subprefeitura da Lapa / Colégio Guilherme Kuhlmann,"Largo da Lapa, 124",Lapa,,tombado,municipal,,,,2009-09-16,0990260019
SO_ELEGIVEL·sem dono,SO_ELEGIVEL,Imóveis Indicados Como Zepec Na Subprefeitura da Lapa / Escola Estadual Pereira Barreto,"Rua Nossa Senhora da Lapa, 615",Lapa,,tombado,municipal,,,,2009-09-16,0230390034
SO_ELEGIVEL·sem dono,SO_ELEGIVEL,Oficinas da Antiga São Paulo Railway (spr),"Avenida Raimundo Pereira de Magalhaes, 1000",Lapa,,tombado,municipal+estadual,,,,2018-05-14,0980470002
SO_ELEGIVEL·sem dono,SO_ELEGIVEL,Tendal da Lapa,"Rua Constança, 68, 72, 102, 1016",Lapa,,tombado,municipal,,,,2007-07-21,0230100011
SO_ELEGIVEL·sem dono,SO_ELEGIVEL,Venerável Irmandade de São Pedro dos Clérigos,"Praça Cornélia, 77",Lapa,,tombado,municipal,,,,2009-09-16,0230490002
SO_ELEGIVEL·sem dono,SO_ELEGIVEL,Venerável Irmandade de São Pedro dos Clérigos,"Praça Cornélia, 87",Lapa,,tombado,municipal,,,,2009-09-16,0230490003
SO_ELEGIVEL·sem dono,SO_ELEGIVEL,Venerável Irmandade de São Pedro dos Clérigos,"Praça Cornélia, 135",Lapa,,tombado,municipal,,,,2009-09-16,0230490008
SO_ELEGIVEL·sem dono,SO_ELEGIVEL,Venerável Irmandade de São Pedro dos Clérigos,"Praça Cornélia, 155",Lapa,,tombado,municipal,,,,2009-09-16,0230490012
SO_ELEGIVEL·sem dono,SO_ELEGIVEL,Venerável Irmandade de São Pedro dos Clérigos,"Praça Cornélia, 153",Lapa,,tombado,municipal,,,,2009-09-16,0230490011
SO_ELEGIVEL·sem dono,SO_ELEGIVEL,Venerável Irmandade de São Pedro dos Clérigos,"Praça Cornélia, 143",Lapa,,tombado,municipal,,,,2009-09-16,0230490009
SO_ELEGIVEL·sem dono,SO_ELEGIVEL,Venerável Irmandade de São Pedro dos Clérigos,"Praça Cornélia, 99",Lapa,,tombado,municipal,,,,2009-09-16,0230490005
SO_ELEGIVEL·sem dono,SO_ELEGIVEL,Venerável Irmandade de São Pedro dos Clérigos,"Praça Cornélia, 145",Lapa,,tombado,municipal,,,,2009-09-16,0230490010
SO_ELEGIVEL·sem dono,SO_ELEGIVEL,Venerável Irmandade de São Pedro dos Clérigos,"Praça Cornélia, 75",Lapa,,tombado,municipal,,,,2009-09-16,0230490001
SO_ELEGIVEL·sem dono,SO_ELEGIVEL,Venerável Irmandade de São Pedro dos Clérigos,"Praça Cornélia, 161",Lapa,,tombado,municipal,,,,2009-09-16,0230490013
SO_ELEGIVEL·sem dono,SO_ELEGIVEL,Venerável Irmandade de São Pedro dos Clérigos,"Praça Cornélia, 89",Lapa,,tombado,municipal,,,,2009-09-16,0230490004
SO_ELEGIVEL·sem dono,SO_ELEGIVEL,Venerável Irmandade de São Pedro dos Clérigos,"Praça Cornélia, 101",Lapa,,tombado,municipal,,,,2009-09-16,0230490006
SO_ELEGIVEL·sem dono,SO_ELEGIVEL,Caminho Histórico Glória-lavapés,"Rua do Lavapés, 344, 346, 175",Liberdade,,tombado,municipal,,,,2019-07-23,0330390480
SO_ELEGIVEL·sem dono,SO_ELEGIVEL,Caminho Histórico Glória-lavapés / Igepac Liberdade 2,"Rua do Glicério, 861",Liberdade,,tombado,municipal,,,,2019-07-23,0040430090
SO_ELEGIVEL·sem dono,SO_ELEGIVEL,Caminho Histórico Glória-lavapés / Igepac Liberdade 2,"Rua do Lavapés, 15, 23, 863, 865, 867, 871, 877",Liberdade,,tombado,municipal,,,,2019-07-23,0040430001
SO_ELEGIVEL·sem dono,SO_ELEGIVEL,Caminho Histórico Glória-lavapés / Igepac Liberdade 2,"Rua do Lavapés, 27",Liberdade,,tombado,municipal,,,,2019-07-23,0040430002
SO_ELEGIVEL·sem dono,SO_ELEGIVEL,Caminho Histórico Glória-lavapés / Igepac Liberdade 2,"Rua São Joaquim, 577",Liberdade,,tombado,municipal,,,,2019-07-23,0050690025
SO_ELEGIVEL·sem dono,SO_ELEGIVEL,Caminho Histórico Glória-lavapés / Igepac Liberdade 2,"Rua da Glória, 901, 905",Liberdade,,tombado,municipal,,,,2019-07-23,0050710008
SO_ELEGIVEL·sem dono,SO_ELEGIVEL,Caminho Histórico Glória-lavapés / Igepac Liberdade 2,"Rua Sinimbu, 189, 191",Liberdade,,tombado,municipal,,,,2019-07-23,0050730010
SO_ELEGIVEL·sem dono,SO_ELEGIVEL,Caminho Histórico Glória-lavapés / Igepac Liberdade 2,"Rua Doutor Tomaz de Lima, 647, 673, 927",Liberdade,,tombado,municipal,,,,2019-07-23,0050720001
SO_ELEGIVEL·sem dono,SO_ELEGIVEL,Caminho Histórico Glória-lavapés / Igepac Liberdade 2,"Rua Diogo Vaz, 214, 218",Liberdade,,tombado,municipal,,,,2019-07-23,0330390000
SO_ELEGIVEL·sem dono,SO_ELEGIVEL,Caminho Histórico Glória-lavapés / Igepac Liberdade 2,"Rua do Lavapés, 380, 382",Liberdade,,tombado,municipal,,,,2019-07-23,0330390042
SO_ELEGIVEL·sem dono,SO_ELEGIVEL,Caminho Histórico Glória-lavapés / Igepac Liberdade 2,"Rua da Glória, 410, 161, 147",Liberdade,,tombado,municipal,,,,2019-07-23,0050580004
SO_ELEGIVEL·sem dono,SO_ELEGIVEL,Caminho Histórico Glória-lavapés / Igepac Liberdade 2,"Rua Mituto Mizumoto, 285",Liberdade,,tombado,municipal,,,,2019-07-23,0050720052
SO_ELEGIVEL·sem dono,SO_ELEGIVEL,Caminho Histórico Glória-lavapés / Igepac Liberdade 2,"Rua Barão de Iguape, 456, 466",Liberdade,,tombado,municipal,,,,2019-07-23,0050710483
SO_ELEGIVEL·sem dono,SO_ELEGIVEL,Caminho Histórico Glória-lavapés / Igepac Liberdade 2,"Rua do Lavapés, 356",Liberdade,,tombado,municipal,,,,2019-07-23,0330390039
SO_ELEGIVEL·sem dono,SO_ELEGIVEL,Caminho Histórico Glória-lavapés / Igepac Liberdade 2,"Rua Diogo Vaz, 21",Liberdade,,tombado,municipal,,,,2019-07-23,0330360106
SO_ELEGIVEL·sem dono,SO_ELEGIVEL,Caminho Histórico Glória-lavapés / Igepac Liberdade 2,"Rua Sinimbu, 237, 237, 243",Liberdade,,tombado,municipal,,,,2019-07-23,0050730019
SO_ELEGIVEL·sem dono,SO_ELEGIVEL,Caminho Histórico Glória-lavapés / Igepac Liberdade 2,"Rua Mituto Mizumoto, 275",Liberdade,,tombado,municipal,,,,2019-07-23,0050720051
SO_ELEGIVEL·sem dono,SO_ELEGIVEL,Caminho Histórico Glória-lavapés / Igepac Liberdade 2,"Rua do Lavapés, 582, 606",Liberdade,,tombado,municipal,,,,2019-07-23,0330390353
SO_ELEGIVEL·sem dono,SO_ELEGIVEL,Caminho Histórico Glória-lavapés / Igepac Liberdade 2,"Rua Diogo Vaz, 208, 212",Liberdade,,tombado,municipal,,,,2019-07-23,0330390128
SO_ELEGIVEL·sem dono,SO_ELEGIVEL,Caminho Histórico Glória-lavapés / Igepac Liberdade 2,"Rua do Lavapés, 318, 320",Liberdade,,tombado,municipal,,,,2019-07-23,0330390033
SO_ELEGIVEL·sem dono,SO_ELEGIVEL,Caminho Histórico Glória-lavapés / Igepac Liberdade 2,"Rua da Glória, 955, 961",Liberdade,,tombado,municipal,,,,2019-07-23,0050720005
SO_ELEGIVEL·sem dono,SO_ELEGIVEL,Caminho Histórico Glória-lavapés / Igepac Liberdade 2,"Rua Galvão Bueno, 555, 557",Liberdade,,tombado,municipal,,,,2019-07-23,0050690047
SO_ELEGIVEL·sem dono,SO_ELEGIVEL,Caminho Histórico Glória-lavapés / Igepac Liberdade 2,"Rua Mituto Mizumoto, 656",Liberdade,,tombado,municipal,,,,2019-07-23,0050710010
SO_ELEGIVEL·sem dono,SO_ELEGIVEL,Caminho Histórico Glória-lavapés / Igepac Liberdade 2,"Rua Mituto Mizumoto, 664",Liberdade,,tombado,municipal,,,,2019-07-23,0050710009
SO_ELEGIVEL·sem dono,SO_ELEGIVEL,Caminho Histórico Glória-lavapés / Igepac Liberdade 2,"Rua Sinimbu, 195",Liberdade,,tombado,municipal,,,,2019-07-23,0050730011
SO_ELEGIVEL·sem dono,SO_ELEGIVEL,Caminho Histórico Glória-lavapés / Igepac Liberdade 2,"Praça Almeida Júnior, 86, 86",Liberdade,,tombado,municipal,,,,2019-07-23,0050630046
SO_ELEGIVEL·sem dono,SO_ELEGIVEL,Caminho Histórico Glória-lavapés / Igepac Liberdade 2,"Rua Espírita, 16, 76",Liberdade,,tombado,municipal,,,,2019-07-23,0330370111
SO_ELEGIVEL·sem dono,SO_ELEGIVEL,Caminho Histórico Glória-lavapés / Igepac Liberdade 2,"Rua do Lavapés, 72, 76",Liberdade,,tombado,municipal,,,,2019-07-23,0330370113
SO_ELEGIVEL·sem dono,SO_ELEGIVEL,Caminho Histórico Glória-lavapés / Igepac Liberdade 2,"Rua Diogo Vaz, 196, 198, 200",Liberdade,,tombado,municipal,,,,2019-07-23,0330390125
SO_ELEGIVEL·sem dono,SO_ELEGIVEL,Caminho Histórico Glória-lavapés / Igepac Liberdade 2,"Rua do Lavapés, 374, 376",Liberdade,,tombado,municipal,,,,2019-07-23,0330390041
SO_ELEGIVEL·sem dono,SO_ELEGIVEL,Caminho Histórico Glória-lavapés / Igepac Liberdade 2,"Rua Galvão Bueno, 541, 543",Liberdade,,tombado,municipal,,,,2019-07-23,0050690048
SO_ELEGIVEL·sem dono,SO_ELEGIVEL,Caminho Histórico Glória-lavapés / Igepac Liberdade 2,"Rua do Lavapés, 68",Liberdade,,tombado,municipal,,,,2019-07-23,0330370114
SO_ELEGIVEL·sem dono,SO_ELEGIVEL,Caminho Histórico Glória-lavapés / Igepac Liberdade 2,"Rua Barão de Iguape, 428, 440, 446, 450, 613, 617",Liberdade,,tombado,municipal,,,,2019-07-23,0050710045
SO_ELEGIVEL·sem dono,SO_ELEGIVEL,Caminho Histórico Glória-lavapés / Igepac Liberdade 2,"Rua Barão de Iguape, 664",Liberdade,,tombado,municipal,,,,2019-07-23,0050730050
SO_ELEGIVEL·sem dono,SO_ELEGIVEL,Conjunto São Joaquim – Pirapitingui / Igepac Liberdade,"Rua São Joaquim, 262, 264, 266",Liberdade,,tombado,municipal,,,,2019-11-09,0330220052
SO_ELEGIVEL·sem dono,SO_ELEGIVEL,Conjunto São Joaquim – Pirapitingui / Igepac Liberdade,"Rua Doutor Siqueira Campos, 42",Liberdade,,tombado,municipal,,,,2019-11-09,0330150080
SO_ELEGIVEL·sem dono,SO_ELEGIVEL,Conjunto São Joaquim – Pirapitingui / Igepac Liberdade,"Rua Doutor Siqueira Campos, 54",Liberdade,,tombado,municipal,,,,2019-11-09,0330150079
SO_ELEGIVEL·sem dono,SO_ELEGIVEL,Conjunto São Joaquim – Pirapitingui / Igepac Liberdade,"Rua Doutor Siqueira Campos, 238, 246",Liberdade,,tombado,municipal,,,,2019-11-09,0330150053
SO_ELEGIVEL·sem dono,SO_ELEGIVEL,Conjunto São Joaquim – Pirapitingui / Igepac Liberdade,"Rua Doutor Siqueira Campos, 252, 254",Liberdade,,tombado,municipal,,,,2019-11-09,0330150052
SO_ELEGIVEL·sem dono,SO_ELEGIVEL,Conjunto São Joaquim – Pirapitingui / Igepac Liberdade,"Rua Pirapitingui, 179",Liberdade,,tombado,municipal,,,,2019-11-09,0330170000
SO_ELEGIVEL·sem dono,SO_ELEGIVEL,Conjunto São Joaquim – Pirapitingui / Igepac Liberdade,"Rua São Joaquim, 250, 256",Liberdade,,tombado,municipal,,,,2019-11-09,0330220054
SO_ELEGIVEL·sem dono,SO_ELEGIVEL,Conjunto São Joaquim – Pirapitingui / Igepac Liberdade,"Rua Pirapitingui, 75",Liberdade,,tombado,municipal,,,,2019-11-09,0330170009
SO_ELEGIVEL·sem dono,SO_ELEGIVEL,Conjunto São Joaquim – Pirapitingui / Igepac Liberdade,"Rua Doutor Siqueira Campos, 112, 114, 116",Liberdade,,tombado,municipal,,,,2019-11-09,0330150000
SO_ELEGIVEL·sem dono,SO_ELEGIVEL,Conjunto São Joaquim – Pirapitingui / Igepac Liberdade,"Rua Pirapitingui, 34",Liberdade,,tombado,municipal,,,,2019-11-09,0330160034
SO_ELEGIVEL·sem dono,SO_ELEGIVEL,Conjunto São Joaquim – Pirapitingui / Igepac Liberdade,"Rua São Joaquim, 329",Liberdade,,tombado,municipal,,,,2019-11-09,0330210012
SO_ELEGIVEL·sem dono,SO_ELEGIVEL,Conjunto São Joaquim – Pirapitingui / Igepac Liberdade,"Rua São Joaquim, 248",Liberdade,,tombado,municipal,,,,2019-11-09,0330220055
SO_ELEGIVEL·sem dono,SO_ELEGIVEL,Conjunto São Joaquim – Pirapitingui / Igepac Liberdade,"Rua São Joaquim, 260",Liberdade,,tombado,municipal,,,,2019-11-09,0330220053
SO_ELEGIVEL·sem dono,SO_ELEGIVEL,Conjunto São Joaquim – Pirapitingui / Igepac Liberdade,"Rua Pirapitingui, 152",Liberdade,,tombado,municipal,,,,2019-11-09,0330160000
SO_ELEGIVEL·sem dono,SO_ELEGIVEL,Conjunto São Joaquim – Pirapitingui / Igepac Liberdade,"Rua Pirapitingui, 36",Liberdade,,tombado,municipal,,,,2019-11-09,0330160033
SO_ELEGIVEL·sem dono,SO_ELEGIVEL,Conjunto São Joaquim – Pirapitingui / Igepac Liberdade,"Rua Pirapitingui, 44",Liberdade,,tombado,municipal,,,,2019-11-09,0330160032
SO_ELEGIVEL·sem dono,SO_ELEGIVEL,Conjunto São Joaquim – Pirapitingui / Igepac Liberdade,"Rua Galvão Bueno, 516",Liberdade,,tombado,municipal,,,,2019-11-09,0330210415
SO_ELEGIVEL·sem dono,SO_ELEGIVEL,Conjunto São Joaquim – Pirapitingui / Igepac Liberdade,"Rua Taguá, 209, 235",Liberdade,,tombado,municipal,,,,2019-11-09,0330210001
SO_ELEGIVEL·sem dono,SO_ELEGIVEL,Conjunto São Joaquim – Pirapitingui / Igepac Liberdade,"Rua Taguá, 364",Liberdade,,tombado,municipal,,,,2019-11-09,0330170020
SO_ELEGIVEL·sem dono,SO_ELEGIVEL,Conjunto São Joaquim – Pirapitingui / Igepac Liberdade,"Rua Pirapitingui, 72",Liberdade,,tombado,municipal,,,,2019-11-09,0330160028
SO_ELEGIVEL·sem dono,SO_ELEGIVEL,E.e.p.s.g. Presidente Roosevelt / Obra de Paulo Mendes da Rocha / 1968 - Item 113 / Eepg Campos Sales,"Rua São Joaquim, 320",Liberdade,,tombado,municipal,,,,2019-02-26,0330220135
SO_ELEGIVEL·sem dono,SO_ELEGIVEL,Eepg Campos Sales  / Escolas Primeira República,"Rua São Joaquim, 288",Liberdade,,tombado,municipal+estadual,,,,2014-12-24,0330220051
SO_ELEGIVEL·sem dono,SO_ELEGIVEL,Eixo Liberdade-vergueiro / Igepac Liberdade,"Rua Castro Alves, 15, 17",Liberdade,,tombado,municipal,,,,2019-09-25,0330140011
SO_ELEGIVEL·sem dono,SO_ELEGIVEL,Eixo Liberdade-vergueiro / Igepac Liberdade,"Rua Santana do Paraíso, 48",Liberdade,,tombado,municipal,,,,2019-09-25,0330130126
SO_ELEGIVEL·sem dono,SO_ELEGIVEL,Eixo Liberdade-vergueiro / Igepac Liberdade,"Rua Castro Alves, 9, 11",Liberdade,,tombado,municipal,,,,2019-09-25,0330140010
SO_ELEGIVEL·sem dono,SO_ELEGIVEL,Eixo Liberdade-vergueiro / Igepac Liberdade,"Rua Castro Alves, 19, 21",Liberdade,,tombado,municipal,,,,2019-09-25,0330140012
SO_ELEGIVEL·sem dono,SO_ELEGIVEL,Eixo Liberdade-vergueiro / Igepac Liberdade,"Rua Barão de Iguape, 113",Liberdade,,tombado,municipal,,,,2019-09-25,0050670017
SO_ELEGIVEL·sem dono,SO_ELEGIVEL,Eixo Liberdade-vergueiro / Igepac Liberdade,"Rua Santana do Paraíso, 52",Liberdade,,tombado,municipal,,,,2019-09-25,0330130127
SO_ELEGIVEL·sem dono,SO_ELEGIVEL,Eixo Liberdade-vergueiro / Igepac Liberdade,"Rua Santana do Paraíso, 38",Liberdade,,tombado,municipal,,,,2019-09-25,0330130124
SO_ELEGIVEL·sem dono,SO_ELEGIVEL,Eixo Liberdade-vergueiro / Igepac Liberdade,"Rua Santana do Paraíso, 42",Liberdade,,tombado,municipal,,,,2019-09-25,0330130125
SO_ELEGIVEL·sem dono,SO_ELEGIVEL,Eixo Liberdade-vergueiro / Igepac Liberdade,"Rua Castro Alves, 25, 27",Liberdade,,tombado,municipal,,,,2019-09-25,0330140013
SO_ELEGIVEL·sem dono,SO_ELEGIVEL,Eixo Liberdade-vergueiro / Igepac Liberdade / Centro Cultural São Paulo,"Rua Vergueiro, 1000",Liberdade,,tombado,municipal,,,,2019-09-25,0381160001
SO_ELEGIVEL·sem dono,SO_ELEGIVEL,Eixo Liberdade-vergueiro / Igepac Liberdade / Condomínio Edifício Jahu,"Largo da Pólvora, 96",Liberdade,,tombado,municipal,,,,2019-09-25,0050610000
SO_ELEGIVEL·sem dono,SO_ELEGIVEL,Eixo Liberdade-vergueiro / Igepac Liberdade / Igreja Santo Agostinho,"Praça Santo Agostinho, 37",Liberdade,,tombado,municipal,,,,2019-09-25,0380050038
SO_ELEGIVEL·sem dono,SO_ELEGIVEL,Eixo Tamandare / Igepac Liberdade,"Rua Galvão Bueno, 859, 875, 514",Liberdade,,tombado,municipal,,,,2025-07-17,0330230000
SO_ELEGIVEL·sem dono,SO_ELEGIVEL,Eixo Tamandare / Igepac Liberdade,"Rua Castro Alves, 203, 1062, 1066",Liberdade,,tombado,municipal,,,,2025-07-17,0330140035
SO_ELEGIVEL·sem dono,SO_ELEGIVEL,Eixo Tamandare / Igepac Liberdade,"Rua Castro Alves, 189, 191, 197, 199",Liberdade,,tombado,municipal,,,,2025-07-17,0330141006
SO_ELEGIVEL·sem dono,SO_ELEGIVEL,Eixo Tamandare / Igepac Liberdade,"Rua Tamandaré, 304",Liberdade,,tombado,municipal,,,,2025-07-17,0330230450
SO_ELEGIVEL·sem dono,SO_ELEGIVEL,Eixo Tamandare / Igepac Liberdade,"Rua Tamandaré, 174, 188, 893, 903, 907, 911, 921",Liberdade,,tombado,municipal,,,,2025-07-17,0330240000
SO_ELEGIVEL·sem dono,SO_ELEGIVEL,Eixo Tamandare / Igepac Liberdade,"Rua Castro Alves, 163",Liberdade,,tombado,municipal,,,,2025-07-17,0330140095
SO_ELEGIVEL·sem dono,SO_ELEGIVEL,Eixo Tamandare / Igepac Liberdade,"Rua Castro Alves, 177, 177",Liberdade,,tombado,municipal,,,,2025-07-17,0330140031
SO_ELEGIVEL·sem dono,SO_ELEGIVEL,Eixo Tamandare / Igepac Liberdade,"Rua Tamandaré, 1008",Liberdade,,tombado,municipal,,,,2025-07-17,0330141014
SO_ELEGIVEL·sem dono,SO_ELEGIVEL,Escola Municipal de Educação Bilíngue Para Surdos Helen Keller,"Rua Pedra Azul, 314",Liberdade,,tombado,municipal,,,,2019-04-10,0340460085
SO_ELEGIVEL·sem dono,SO_ELEGIVEL,Hospital A. C. Camargo / Hospital Central do Câncer / Obra de Rino Levi e Roberto Cerqueira César - 1947 / Item 18,"Rua Professor Antônio Prudente, 211, 764, 842, 874, 876",Liberdade,,tombado,municipal,,,,2018-09-14,0330151462
SO_ELEGIVEL·sem dono,SO_ELEGIVEL,Igepac Cambuci / Antigo Almoxarifado do Inss,"Praça Nina Rodriguez, 62",Liberdade,,tombado,municipal,,,,2018-03-29,0040310001
SO_ELEGIVEL·sem dono,SO_ELEGIVEL,Igepac Liberdade / Largo Nossa Senhora da Conceição,Largo da Conceição,Liberdade,,tombado,municipal,,,,2016-09-20,0330020001
SO_ELEGIVEL·sem dono,SO_ELEGIVEL,Igepac Liberdade / Largo do Redentor,Largo do Redentor,Liberdade,,tombado,municipal,,,,2016-09-20,0330050002
SO_ELEGIVEL·sem dono,SO_ELEGIVEL,Igepac Liberdade 2 /  Anexo I - Item 42,"Rua Bueno de Andrade, 594, 598, 245, 249",Liberdade,,tombado,municipal,,,,2016-09-20,0330470065
SO_ELEGIVEL·sem dono,SO_ELEGIVEL,Igepac Liberdade 2 / Anexo I -  Item 60,"Rua Bueno de Andrade, 887",Liberdade,,tombado,municipal,,,,2016-09-20,0330460002
SO_ELEGIVEL·sem dono,SO_ELEGIVEL,Igepac Liberdade 2 / Anexo I -  Item 62,"Rua Tenente Azevedo, 244",Liberdade,,tombado,municipal,,,,2016-09-20,0330460115
SO_ELEGIVEL·sem dono,SO_ELEGIVEL,Igepac Liberdade 2 / Anexo I -  Item 62,"Rua Tenente Azevedo, 270",Liberdade,,tombado,municipal,,,,2016-09-20,0330460132
SO_ELEGIVEL·sem dono,SO_ELEGIVEL,Igepac Liberdade 2 / Anexo I -  Item 62,"Rua Tenente Azevedo, 256, 12",Liberdade,,tombado,municipal,,,,2016-09-20,0330460123
SO_ELEGIVEL·sem dono,SO_ELEGIVEL,Igepac Liberdade 2 / Anexo I -  Item 62,"Rua Tenente Azevedo, 272",Liberdade,,tombado,municipal,,,,2016-09-20,0330460133
SO_ELEGIVEL·sem dono,SO_ELEGIVEL,Igepac Liberdade 2 / Anexo I -  Item 62,"Rua Tenente Azevedo, 256, 10",Liberdade,,tombado,municipal,,,,2016-09-20,0330460122
SO_ELEGIVEL·sem dono,SO_ELEGIVEL,Igepac Liberdade 2 / Anexo I -  Item 62,"Rua Tenente Azevedo, 256, 2",Liberdade,,tombado,municipal,,,,2016-09-20,0330460118
SO_ELEGIVEL·sem dono,SO_ELEGIVEL,Igepac Liberdade 2 / Anexo I -  Item 62,"Rua Tenente Azevedo, 256, 8",Liberdade,,tombado,municipal,,,,2016-09-20,0330460121
SO_ELEGIVEL·sem dono,SO_ELEGIVEL,Igepac Liberdade 2 / Anexo I -  Item 62,"Rua Tenente Azevedo, 256, 5",Liberdade,,tombado,municipal,,,,2016-09-20,0330460127
SO_ELEGIVEL·sem dono,SO_ELEGIVEL,Igepac Liberdade 2 / Anexo I -  Item 62,"Rua Tenente Azevedo, 256, 1",Liberdade,,tombado,municipal,,,,2016-09-20,0330460129
SO_ELEGIVEL·sem dono,SO_ELEGIVEL,Igepac Liberdade 2 / Anexo I -  Item 62,"Rua Tenente Azevedo, 256, 11",Liberdade,,tombado,municipal,,,,2016-09-20,0330460124
SO_ELEGIVEL·sem dono,SO_ELEGIVEL,Igepac Liberdade 2 / Anexo I -  Item 62,"Rua Tenente Azevedo, 256, 4",Liberdade,,tombado,municipal,,,,2016-09-20,0330460119
SO_ELEGIVEL·sem dono,SO_ELEGIVEL,Igepac Liberdade 2 / Anexo I -  Item 62,"Rua Tenente Azevedo, 278",Liberdade,,tombado,municipal,,,,2016-09-20,0330460134
SO_ELEGIVEL·sem dono,SO_ELEGIVEL,Igepac Liberdade 2 / Anexo I -  Item 62,"Rua Tenente Azevedo, 252",Liberdade,,tombado,municipal,,,,2016-09-20,0330460117
SO_ELEGIVEL·sem dono,SO_ELEGIVEL,Igepac Liberdade 2 / Anexo I -  Item 62,"Rua Tenente Azevedo, 242",Liberdade,,tombado,municipal,,,,2016-09-20,0330460114
SO_ELEGIVEL·sem dono,SO_ELEGIVEL,Igepac Liberdade 2 / Anexo I -  Item 62,"Rua Tenente Azevedo, 250",Liberdade,,tombado,municipal,,,,2016-09-20,0330460116
SO_ELEGIVEL·sem dono,SO_ELEGIVEL,Igepac Liberdade 2 / Anexo I -  Item 62,"Rua Tenente Azevedo, 264",Liberdade,,tombado,municipal,,,,2016-09-20,0330460131
SO_ELEGIVEL·sem dono,SO_ELEGIVEL,Igepac Liberdade 2 / Anexo I -  Item 62,"Rua Tenente Azevedo, 262",Liberdade,,tombado,municipal,,,,2016-09-20,0330460130
SO_ELEGIVEL·sem dono,SO_ELEGIVEL,Igepac Liberdade 2 / Anexo I -  Item 62,"Rua Tenente Azevedo, 234",Liberdade,,tombado,municipal,,,,2016-09-20,0330460113
SO_ELEGIVEL·sem dono,SO_ELEGIVEL,Igepac Liberdade 2 / Anexo I -  Item 62,"Rua Tenente Azevedo, 256, 6",Liberdade,,tombado,municipal,,,,2016-09-20,0330460120
SO_ELEGIVEL·sem dono,SO_ELEGIVEL,Igepac Liberdade 2 / Anexo I -  Item 62,"Rua Tenente Azevedo, 256, 7",Liberdade,,tombado,municipal,,,,2016-09-20,0330460126
SO_ELEGIVEL·sem dono,SO_ELEGIVEL,Igepac Liberdade 2 / Anexo I -  Item 62,"Rua Tenente Azevedo, 256, 9",Liberdade,,tombado,municipal,,,,2016-09-20,0330460973
SO_ELEGIVEL·sem dono,SO_ELEGIVEL,Igepac Liberdade 2 / Anexo I - Item 38,"Rua Pires da Mota, 288, 290",Liberdade,,tombado,municipal,,,,2016-09-20,0330320054
SO_ELEGIVEL·sem dono,SO_ELEGIVEL,Igepac Liberdade 2 / Anexo I - Item 38,"Rua Pires da Mota, 266, 274",Liberdade,,tombado,municipal,,,,2016-09-20,0330320055
SO_ELEGIVEL·sem dono,SO_ELEGIVEL,Igepac Liberdade 2 / Anexo I - Item 38,"Rua Pires da Mota, 274",Liberdade,,tombado,municipal,,,,2016-09-20,0330320056
SO_ELEGIVEL·sem dono,SO_ELEGIVEL,Igepac Liberdade 2 / Anexo I - Item 38,"Rua Pires da Mota, 266",Liberdade,,tombado,municipal,,,,2016-09-20,0330320057
SO_ELEGIVEL·sem dono,SO_ELEGIVEL,Igepac Liberdade 2 / Anexo I - Item 39,"Rua Pires, 254, 574",Liberdade,,tombado,municipal,,,,2016-09-20,0330320059
SO_ELEGIVEL·sem dono,SO_ELEGIVEL,Igepac Liberdade 2 / Anexo I - Item 40,"Rua Bueno de Andrade, 565, 200, 202, 206",Liberdade,,tombado,municipal,,,,2016-09-20,0330330015
SO_ELEGIVEL·sem dono,SO_ELEGIVEL,Igepac Liberdade 2 / Anexo I - Item 41-a,"Rua Pires da Mota, 215",Liberdade,,tombado,municipal,,,,2016-09-20,0330460053
SO_ELEGIVEL·sem dono,SO_ELEGIVEL,Igepac Liberdade 2 / Anexo I - Item 41-b,"Rua Bueno de Andrade, 601, 603",Liberdade,,tombado,municipal,,,,2016-09-20,0330460971
SO_ELEGIVEL·sem dono,SO_ELEGIVEL,Igepac Liberdade 2 / Anexo I - Item 43,"Rua Bueno de Andrade, 467",Liberdade,,tombado,municipal,,,,2016-09-20,0330330001
SO_ELEGIVEL·sem dono,SO_ELEGIVEL,Igepac Liberdade 2 / Anexo I - Item 44,"Rua Pires da Mota, 110",Liberdade,,tombado,municipal,,,,2016-09-20,0330330024
SO_ELEGIVEL·sem dono,SO_ELEGIVEL,Igepac Liberdade 2 / Anexo I - Item 45,"Rua Jenner, 34",Liberdade,,tombado,municipal,,,,2016-09-20,0330330029
SO_ELEGIVEL·sem dono,SO_ELEGIVEL,Igepac Liberdade 2 / Anexo I - Item 46,"Largo Nossa Senhora da Conceição, 85",Liberdade,,tombado,municipal,,,,2016-09-20,0330350013
SO_ELEGIVEL·sem dono,SO_ELEGIVEL,Igepac Liberdade 2 / Anexo I - Item 47,"Rua dos Parecis, 115",Liberdade,,tombado,municipal,,,,2016-09-20,0330350032
SO_ELEGIVEL·sem dono,SO_ELEGIVEL,Igepac Liberdade 2 / Anexo I - Item 47,"Rua dos Parecis, 127, 131, 135",Liberdade,,tombado,municipal,,,,2016-09-20,0330350000
SO_ELEGIVEL·sem dono,SO_ELEGIVEL,Igepac Liberdade 2 / Anexo I - Item 48,"Rua Scuvero, 224",Liberdade,,tombado,municipal,,,,2016-09-20,0330350048
SO_ELEGIVEL·sem dono,SO_ELEGIVEL,Igepac Liberdade 2 / Anexo I - Item 49,"Rua Scuvero, 133",Liberdade,,tombado,municipal,,,,2016-09-20,0330400005
SO_ELEGIVEL·sem dono,SO_ELEGIVEL,Igepac Liberdade 2 / Anexo I - Item 49,"Rua Scuvero, 11",Liberdade,,tombado,municipal,,,,2016-09-20,0330400006
SO_ELEGIVEL·sem dono,SO_ELEGIVEL,Igepac Liberdade 2 / Anexo I - Item 50,"Rua Mazzini, 213, 215",Liberdade,,tombado,municipal,,,,2016-09-20,0330400040
SO_ELEGIVEL·sem dono,SO_ELEGIVEL,Igepac Liberdade 2 / Anexo I - Item 50,"Rua Mazzini, 211",Liberdade,,tombado,municipal,,,,2016-09-20,0330400039
SO_ELEGIVEL·sem dono,SO_ELEGIVEL,Igepac Liberdade 2 / Anexo I - Item 51,"Rua Mazzini, 183, 185, 187, 191",Liberdade,,tombado,municipal,,,,2016-09-20,0330400199
SO_ELEGIVEL·sem dono,SO_ELEGIVEL,Igepac Liberdade 2 / Anexo I - Item 52,"Rua Scuvero, 257",Liberdade,,tombado,municipal,,,,2016-09-20,0330410024
SO_ELEGIVEL·sem dono,SO_ELEGIVEL,Igepac Liberdade 2 / Anexo I - Item 52,"Rua Scuvero, 277",Liberdade,,tombado,municipal,,,,2016-09-20,0330410026
SO_ELEGIVEL·sem dono,SO_ELEGIVEL,Igepac Liberdade 2 / Anexo I - Item 52,"Rua Scuvero, 279",Liberdade,,tombado,municipal,,,,2016-09-20,0330410027
SO_ELEGIVEL·sem dono,SO_ELEGIVEL,Igepac Liberdade 2 / Anexo I - Item 52,"Rua Scuvero, 267",Liberdade,,tombado,municipal,,,,2016-09-20,0330410025
SO_ELEGIVEL·sem dono,SO_ELEGIVEL,Igepac Liberdade 2 / Anexo I - Item 53,"Rua Mazzini, 216",Liberdade,,tombado,municipal,,,,2016-09-20,0330420026
SO_ELEGIVEL·sem dono,SO_ELEGIVEL,Igepac Liberdade 2 / Anexo I - Item 53,"Rua Mazzini, 238",Liberdade,,tombado,municipal,,,,2016-09-20,0330420025
SO_ELEGIVEL·sem dono,SO_ELEGIVEL,Igepac Liberdade 2 / Anexo I - Item 54,"Rua Vitorio Emanuel, 237, 239",Liberdade,,tombado,municipal,,,,2016-09-20,0330420079
SO_ELEGIVEL·sem dono,SO_ELEGIVEL,Igepac Liberdade 2 / Anexo I - Item 54,"Rua Vitorio Emanuel, 241, 245",Liberdade,,tombado,municipal,,,,2016-09-20,0330420080
SO_ELEGIVEL·sem dono,SO_ELEGIVEL,Igepac Liberdade 2 / Anexo I - Item 55,"Rua Joaquim Piza, 262",Liberdade,,tombado,municipal,,,,2016-09-20,0330440031
SO_ELEGIVEL·sem dono,SO_ELEGIVEL,Igepac Liberdade 2 / Anexo I - Item 56,"Largo Nossa Senhora da Conceição, 173",Liberdade,,tombado,municipal,,,,2016-09-20,0330440052
SO_ELEGIVEL·sem dono,SO_ELEGIVEL,Igepac Liberdade 2 / Anexo I - Item 56,"Rua Vitorio Emanuel, 32",Liberdade,,tombado,municipal,,,,2016-09-20,0330440049
SO_ELEGIVEL·sem dono,SO_ELEGIVEL,Igepac Liberdade 2 / Anexo I - Item 56,"Largo Nossa Senhora da Conceição, 163",Liberdade,,tombado,municipal,,,,2016-09-20,0330440050
SO_ELEGIVEL·sem dono,SO_ELEGIVEL,Igepac Liberdade 2 / Anexo I - Item 56,"Largo Nossa Senhora da Conceição, 181",Liberdade,,tombado,municipal,,,,2016-09-20,0330440053
SO_ELEGIVEL·sem dono,SO_ELEGIVEL,Igepac Liberdade 2 / Anexo I - Item 56,"Largo Nossa Senhora da Conceição, 185",Liberdade,,tombado,municipal,,,,2016-09-20,0330440054
SO_ELEGIVEL·sem dono,SO_ELEGIVEL,Igepac Liberdade 2 / Anexo I - Item 56,"Largo Nossa Senhora da Conceição, 171",Liberdade,,tombado,municipal,,,,2016-09-20,0330440051
SO_ELEGIVEL·sem dono,SO_ELEGIVEL,Igepac Liberdade 2 / Anexo I - Item 57,"Rua Mazzini, 440",Liberdade,,tombado,municipal,,,,2016-09-20,0330450022
SO_ELEGIVEL·sem dono,SO_ELEGIVEL,Igepac Liberdade 2 / Anexo I - Item 59,"Rua Joaquim Piza, 311",Liberdade,,tombado,municipal,,,,2016-09-20,0330450045
SO_ELEGIVEL·sem dono,SO_ELEGIVEL,Igepac Liberdade 2 / Anexo I - Item 60,"Rua Bueno de Andrade, 883",Liberdade,,tombado,municipal,,,,2016-09-20,0330460001
SO_ELEGIVEL·sem dono,SO_ELEGIVEL,Igepac Liberdade 2 / Anexo I - Item 62,"Rua Tenente Azevedo, 232",Liberdade,,tombado,municipal,,,,2016-09-20,0330460112
SO_ELEGIVEL·sem dono,SO_ELEGIVEL,Igepac Liberdade 2 / Anexo I - Item 66 / Instituto de Educaçao Caetano de Campos,"Rua Pires da Mota, 99, 159",Liberdade,,tombado,municipal,,,,2016-09-20,0330460969
SO_ELEGIVEL·sem dono,SO_ELEGIVEL,Igepac Liberdade 2 / Artigo 5º - Item 2a,"Rua Galvão Bueno, 678",Liberdade,,tombado,municipal,,,,2016-09-20,0330220035
SO_ELEGIVEL·sem dono,SO_ELEGIVEL,Igepac Liberdade 2 / Artigo 5º - Item 2a,"Rua Galvão Bueno, 680, 686, 1, 2",Liberdade,,tombado,municipal,,,,2016-09-20,0330220698
SO_ELEGIVEL·sem dono,SO_ELEGIVEL,Igepac Liberdade 2 / Artigo 5º - Item 2a,"Rua Galvão Bueno, 686, 5",Liberdade,,tombado,municipal,,,,2016-09-20,0330220032
SO_ELEGIVEL·sem dono,SO_ELEGIVEL,Igepac Liberdade 2 / Artigo 5º - Item 2a,"Rua São Joaquim, 382",Liberdade,,tombado,municipal,,,,2016-09-20,0330220040
SO_ELEGIVEL·sem dono,SO_ELEGIVEL,Igepac Liberdade 2 / Artigo 5º - Item 2a,"Rua São Joaquim, 378",Liberdade,,tombado,municipal,,,,2016-09-20,0330220041
SO_ELEGIVEL·sem dono,SO_ELEGIVEL,Igepac Liberdade 2 / Artigo 5º - Item 2a,"Rua São Joaquim, 362, 364",Liberdade,,tombado,municipal,,,,2016-09-20,0330220044
SO_ELEGIVEL·sem dono,SO_ELEGIVEL,Igepac Liberdade 2 / Artigo 5º - Item 2a,"Rua Galvão Bueno, 388, 394",Liberdade,,tombado,municipal,,,,2016-09-20,0330220039
SO_ELEGIVEL·sem dono,SO_ELEGIVEL,Igepac Liberdade 2 / Artigo 5º - Item 2a,"Rua Galvão Bueno, 686, 3",Liberdade,,tombado,municipal,,,,2016-09-20,0330220030
SO_ELEGIVEL·sem dono,SO_ELEGIVEL,Igepac Liberdade 2 / Artigo 5º - Item 2a,"Rua São Joaquim, 352, 356",Liberdade,,tombado,municipal,,,,2016-09-20,0330220737
SO_ELEGIVEL·sem dono,SO_ELEGIVEL,Igepac Liberdade 2 / Artigo 5º - Item 2a,"Rua São Joaquim, 372",Liberdade,,tombado,municipal,,,,2016-09-20,0330220042
SO_ELEGIVEL·sem dono,SO_ELEGIVEL,Igepac Liberdade 2 / Artigo 5º - Item 2a,"Rua Galvão Bueno, 686, 4",Liberdade,,tombado,municipal,,,,2016-09-20,0330220031
SO_ELEGIVEL·sem dono,SO_ELEGIVEL,Igepac Liberdade 2 / Artigo 5º - Item 2a - Proteçao Ambiental / Item 2b (area Non Edificandi),"Rua Doutor Siqueira Campos, 282, 312, 314, 316",Liberdade,,tombado,municipal,,,,2016-09-20,0330150050
SO_ELEGIVEL·sem dono,SO_ELEGIVEL,Igepac Liberdade 2 / Artigo 5º - Item 2a / Item 2b (area Non Edificandi),"Rua Tamandaré, 616",Liberdade,,tombado,municipal,,,,2016-09-20,0330220002
SO_ELEGIVEL·sem dono,SO_ELEGIVEL,Igepac Liberdade 2 / Item 56 - Anexo I,"Rua Joaquim Piza, 281, 283",Liberdade,,tombado,municipal,,,,2016-09-20,0330450041
SO_ELEGIVEL·sem dono,SO_ELEGIVEL,Igepac Liberdade 2 / Item 62 - Anexo I,"Rua Mazzini, 277, 283",Liberdade,,tombado,municipal,,,,2016-09-20,0330460172
SO_ELEGIVEL·sem dono,SO_ELEGIVEL,Igepac Liberdade 2 / Item 62 - Anexo I,"Rua Mazzini, 285",Liberdade,,tombado,municipal,,,,2016-09-20,0330460171
SO_ELEGIVEL·sem dono,SO_ELEGIVEL,Igepac Liberdade 2 / Item 62 - Anexo I,"Rua Mazzini, 269",Liberdade,,tombado,municipal,,,,2016-09-20,0330460173
SO_ELEGIVEL·sem dono,SO_ELEGIVEL,Igepac Liberdade 2 / Item 62 - Anexo I,"Rua Mazzini, 481",Liberdade,,tombado,municipal,,,,2016-09-20,0330460144
SO_ELEGIVEL·sem dono,SO_ELEGIVEL,Igepac Liberdade 2 / Item 63 - Anexo I,"Rua Mazzini, 311",Liberdade,,tombado,municipal,,,,2016-09-20,0330460316
SO_ELEGIVEL·sem dono,SO_ELEGIVEL,Igepac Liberdade 2 /anexo I -  Item 59 / Igreja,"Rua Tenente Azevedo, 108",Liberdade,,tombado,municipal,,,,2016-09-20,0330460108
SO_ELEGIVEL·sem dono,SO_ELEGIVEL,Imóveis Enquadrados Como Z8-200 - Anexo I - Item 80,"Avenida da Liberdade, 450, 452",Liberdade,,tombado,municipal,,,,2017-08-17,0050870001
SO_ELEGIVEL·sem dono,SO_ELEGIVEL,Imóveis Enquadrados Como Z8-200 - Anexo I - Item 81,"Avenida da Liberdade, 454, 456",Liberdade,,tombado,municipal,,,,2017-08-17,0050870002
SO_ELEGIVEL·sem dono,SO_ELEGIVEL,Imóveis Enquadrados Como Z8-200 - Anexo I - Item 82,"Avenida da Liberdade, 462, 464, 468",Liberdade,,tombado,municipal,,,,2017-08-17,0050870003
SO_ELEGIVEL·sem dono,SO_ELEGIVEL,Imóveis Enquadrados Como Z8-200 - Anexo I - Item 83,"Avenida da Liberdade, 470, 472",Liberdade,,tombado,municipal,,,,2017-08-17,0050870004
SO_ELEGIVEL·sem dono,SO_ELEGIVEL,Posto de Gasolina Avenida da Aclimação / Igepac Liberdade / Postos de Gasolina Shell / Década de 30 / Posto de Gasolina da Antiga Anglo Mexican Petroleum Company Limited,"Avenida da Aclimação, 11",Liberdade,,tombado,municipal+estadual,,,,2017-09-16,0330490001
SO_ELEGIVEL·sem dono,SO_ELEGIVEL,Residências de Ramos de Azevedo à Rua Pirapitingui,"Rua Pirapitingui, 159",Liberdade,,tombado,municipal+estadual,,,,1991-04-10,0330170015
SO_ELEGIVEL·sem dono,SO_ELEGIVEL,Residências de Ramos de Azevedo à Rua Pirapitingui,"Rua Pirapitingui, 141",Liberdade,,tombado,municipal+estadual,,,,1991-04-10,0330170014
SO_ELEGIVEL·sem dono,SO_ELEGIVEL,Vila da Rua José Ferreira Rocha e Rua Taguá / Liberdade,"Rua José Ferreira Rocha, 51",Liberdade,,tombado,municipal,,,,2012-03-28,0330200006
SO_ELEGIVEL·sem dono,SO_ELEGIVEL,Vila da Rua José Ferreira Rocha e Rua Taguá / Liberdade,"Rua José Ferreira Rocha, 49",Liberdade,,tombado,municipal,,,,2012-03-28,0330200005
SO_ELEGIVEL·sem dono,SO_ELEGIVEL,Vila da Rua José Ferreira Rocha e Rua Taguá / Liberdade,"Rua José Ferreira Rocha, 17",Liberdade,,tombado,municipal,,,,2012-03-28,0330210047
SO_ELEGIVEL·sem dono,SO_ELEGIVEL,Vila da Rua José Ferreira Rocha e Rua Taguá / Liberdade,"Rua José Ferreira Rocha, 29",Liberdade,,tombado,municipal,,,,2012-03-28,0330210053
SO_ELEGIVEL·sem dono,SO_ELEGIVEL,Vila da Rua José Ferreira Rocha e Rua Taguá / Liberdade,"Rua José Ferreira Rocha, 5",Liberdade,,tombado,municipal,,,,2012-03-28,0330210041
SO_ELEGIVEL·sem dono,SO_ELEGIVEL,Vila da Rua José Ferreira Rocha e Rua Taguá / Liberdade,"Rua Taguá, 103",Liberdade,,tombado,municipal,,,,2012-03-28,0330210066
SO_ELEGIVEL·sem dono,SO_ELEGIVEL,Vila da Rua José Ferreira Rocha e Rua Taguá / Liberdade,"Rua José Ferreira Rocha, 19",Liberdade,,tombado,municipal,,,,2012-03-28,0330210048
SO_ELEGIVEL·sem dono,SO_ELEGIVEL,Vila da Rua José Ferreira Rocha e Rua Taguá / Liberdade,"Rua José Ferreira Rocha, 31",Liberdade,,tombado,municipal,,,,2012-03-28,0330210054
SO_ELEGIVEL·sem dono,SO_ELEGIVEL,Vila da Rua José Ferreira Rocha e Rua Taguá / Liberdade,"Rua José Ferreira Rocha, 43",Liberdade,,tombado,municipal,,,,2012-03-28,0330200002
SO_ELEGIVEL·sem dono,SO_ELEGIVEL,Vila da Rua José Ferreira Rocha e Rua Taguá / Liberdade,"Rua Taguá, 179",Liberdade,,tombado,municipal,,,,2012-03-28,0330210080
SO_ELEGIVEL·sem dono,SO_ELEGIVEL,Vila da Rua José Ferreira Rocha e Rua Taguá / Liberdade,"Rua José Ferreira Rocha, 1, 220",Liberdade,,tombado,municipal,,,,2012-03-28,0330210039
SO_ELEGIVEL·sem dono,SO_ELEGIVEL,Vila da Rua José Ferreira Rocha e Rua Taguá / Liberdade,"Rua Taguá, 147",Liberdade,,tombado,municipal,,,,2012-03-28,0330210074
SO_ELEGIVEL·sem dono,SO_ELEGIVEL,Vila da Rua José Ferreira Rocha e Rua Taguá / Liberdade,"Rua Taguá, 173",Liberdade,,tombado,municipal,,,,2012-03-28,0330210079
SO_ELEGIVEL·sem dono,SO_ELEGIVEL,Vila da Rua José Ferreira Rocha e Rua Taguá / Liberdade,"Rua Fagundes, 200",Liberdade,,tombado,municipal,,,,2012-03-28,0330190003
SO_ELEGIVEL·sem dono,SO_ELEGIVEL,Vila da Rua José Ferreira Rocha e Rua Taguá / Liberdade,"Rua José Ferreira Rocha, 39",Liberdade,,tombado,municipal,,,,2012-03-28,0330210059
SO_ELEGIVEL·sem dono,SO_ELEGIVEL,Vila da Rua José Ferreira Rocha e Rua Taguá / Liberdade,"Rua José Ferreira Rocha, 39",Liberdade,,tombado,municipal,,,,2012-03-28,0330210058
SO_ELEGIVEL·sem dono,SO_ELEGIVEL,Vila da Rua José Ferreira Rocha e Rua Taguá / Liberdade,"Rua Taguá, 149",Liberdade,,tombado,municipal,,,,2012-03-28,0330210075
SO_ELEGIVEL·sem dono,SO_ELEGIVEL,Vila da Rua José Ferreira Rocha e Rua Taguá / Liberdade,"Rua José Ferreira Rocha, 28",Liberdade,,tombado,municipal,,,,2012-03-28,0330200012
SO_ELEGIVEL·sem dono,SO_ELEGIVEL,Vila da Rua José Ferreira Rocha e Rua Taguá / Liberdade,"Rua José Ferreira Rocha, 21",Liberdade,,tombado,municipal,,,,2012-03-28,0330210049
SO_ELEGIVEL·sem dono,SO_ELEGIVEL,Vila da Rua José Ferreira Rocha e Rua Taguá / Liberdade,"Rua José Ferreira Rocha, 24",Liberdade,,tombado,municipal,,,,2012-03-28,0330190022
SO_ELEGIVEL·sem dono,SO_ELEGIVEL,Vila da Rua José Ferreira Rocha e Rua Taguá / Liberdade,"Rua José Ferreira Rocha, 33",Liberdade,,tombado,municipal,,,,2012-03-28,0330210055
SO_ELEGIVEL·sem dono,SO_ELEGIVEL,Vila da Rua José Ferreira Rocha e Rua Taguá / Liberdade,"Rua Taguá, 183",Liberdade,,tombado,municipal,,,,2012-03-28,0330210081
SO_ELEGIVEL·sem dono,SO_ELEGIVEL,Vila da Rua José Ferreira Rocha e Rua Taguá / Liberdade,"Rua José Ferreira Rocha, 23",Liberdade,,tombado,municipal,,,,2012-03-28,0330210050
SO_ELEGIVEL·sem dono,SO_ELEGIVEL,Vila da Rua José Ferreira Rocha e Rua Taguá / Liberdade,"Rua José Ferreira Rocha, 15",Liberdade,,tombado,municipal,,,,2012-03-28,0330210083
SO_ELEGIVEL·sem dono,SO_ELEGIVEL,Vila da Rua José Ferreira Rocha e Rua Taguá / Liberdade,"Rua Fagundes, 206",Liberdade,,tombado,municipal,,,,2012-03-28,0330190002
SO_ELEGIVEL·sem dono,SO_ELEGIVEL,Vila da Rua José Ferreira Rocha e Rua Taguá / Liberdade,"Rua Taguá, 67",Liberdade,,tombado,municipal,,,,2012-03-28,0330190018
SO_ELEGIVEL·sem dono,SO_ELEGIVEL,Vila da Rua José Ferreira Rocha e Rua Taguá / Liberdade,"Rua Taguá, 65",Liberdade,,tombado,municipal,,,,2012-03-28,0330190017
SO_ELEGIVEL·sem dono,SO_ELEGIVEL,Vila da Rua José Ferreira Rocha e Rua Taguá / Liberdade,"Rua José Ferreira Rocha, 45",Liberdade,,tombado,municipal,,,,2012-03-28,0330200003
SO_ELEGIVEL·sem dono,SO_ELEGIVEL,Vila da Rua José Ferreira Rocha e Rua Taguá / Liberdade,"Rua Taguá, 115",Liberdade,,tombado,municipal,,,,2012-03-28,0330210068
SO_ELEGIVEL·sem dono,SO_ELEGIVEL,Vila da Rua José Ferreira Rocha e Rua Taguá / Liberdade,"Rua Taguá, 107",Liberdade,,tombado,municipal,,,,2012-03-28,0330210067
SO_ELEGIVEL·sem dono,SO_ELEGIVEL,Vila da Rua José Ferreira Rocha e Rua Taguá / Liberdade,"Rua Taguá, 117",Liberdade,,tombado,municipal,,,,2012-03-28,0330210069
SO_ELEGIVEL·sem dono,SO_ELEGIVEL,Vila da Rua José Ferreira Rocha e Rua Taguá / Liberdade,"Rua Taguá, 161",Liberdade,,tombado,municipal,,,,2012-03-28,0330210077
SO_ELEGIVEL·sem dono,SO_ELEGIVEL,Vila da Rua José Ferreira Rocha e Rua Taguá / Liberdade,"Rua José Ferreira Rocha, 26",Liberdade,,tombado,municipal,,,,2012-03-28,0330190021
SO_ELEGIVEL·sem dono,SO_ELEGIVEL,Vila da Rua José Ferreira Rocha e Rua Taguá / Liberdade,"Rua José Ferreira Rocha, 34",Liberdade,,tombado,municipal,,,,2012-03-28,0330200009
SO_ELEGIVEL·sem dono,SO_ELEGIVEL,Vila da Rua José Ferreira Rocha e Rua Taguá / Liberdade,"Rua Taguá, 95",Liberdade,,tombado,municipal,,,,2012-03-28,0330210065
SO_ELEGIVEL·sem dono,SO_ELEGIVEL,Vila da Rua José Ferreira Rocha e Rua Taguá / Liberdade,"Rua Taguá, 93",Liberdade,,tombado,municipal,,,,2012-03-28,0330210064
SO_ELEGIVEL·sem dono,SO_ELEGIVEL,Vila da Rua José Ferreira Rocha e Rua Taguá / Liberdade,"Rua José Ferreira Rocha, 06",Liberdade,,tombado,municipal,,,,2012-03-28,0330190031
SO_ELEGIVEL·sem dono,SO_ELEGIVEL,Vila da Rua José Ferreira Rocha e Rua Taguá / Liberdade,"Rua José Ferreira Rocha, 13",Liberdade,,tombado,municipal,,,,2012-03-28,0330210045
SO_ELEGIVEL·sem dono,SO_ELEGIVEL,Vila da Rua José Ferreira Rocha e Rua Taguá / Liberdade,"Rua José Ferreira Rocha, 39",Liberdade,,tombado,municipal,,,,2012-03-28,0330210061
SO_ELEGIVEL·sem dono,SO_ELEGIVEL,Vila da Rua José Ferreira Rocha e Rua Taguá / Liberdade,"Rua José Ferreira Rocha, 41",Liberdade,,tombado,municipal,,,,2012-03-28,0330200001
SO_ELEGIVEL·sem dono,SO_ELEGIVEL,Vila da Rua José Ferreira Rocha e Rua Taguá / Liberdade,"Rua José Ferreira Rocha, 20",Liberdade,,tombado,municipal,,,,2012-03-28,0330190024
SO_ELEGIVEL·sem dono,SO_ELEGIVEL,Vila da Rua José Ferreira Rocha e Rua Taguá / Liberdade,"Rua José Ferreira Rocha, 02, 212",Liberdade,,tombado,municipal,,,,2012-03-28,0330190001
SO_ELEGIVEL·sem dono,SO_ELEGIVEL,Vila da Rua José Ferreira Rocha e Rua Taguá / Liberdade,"Rua José Ferreira Rocha, 18",Liberdade,,tombado,municipal,,,,2012-03-28,0330190025
SO_ELEGIVEL·sem dono,SO_ELEGIVEL,Vila da Rua José Ferreira Rocha e Rua Taguá / Liberdade,"Rua José Ferreira Rocha, 16",Liberdade,,tombado,municipal,,,,2012-03-28,0330190026
SO_ELEGIVEL·sem dono,SO_ELEGIVEL,Vila da Rua José Ferreira Rocha e Rua Taguá / Liberdade,"Rua José Ferreira Rocha, 26",Liberdade,,tombado,municipal,,,,2012-03-28,0330190020
SO_ELEGIVEL·sem dono,SO_ELEGIVEL,Vila da Rua José Ferreira Rocha e Rua Taguá / Liberdade,"Rua José Ferreira Rocha, 3",Liberdade,,tombado,municipal,,,,2012-03-28,0330210040
SO_ELEGIVEL·sem dono,SO_ELEGIVEL,Vila da Rua José Ferreira Rocha e Rua Taguá / Liberdade,Rua José Ferreira Rocha,Liberdade,,tombado,municipal,,,,2012-03-28,0330210084
SO_ELEGIVEL·sem dono,SO_ELEGIVEL,Vila da Rua José Ferreira Rocha e Rua Taguá / Liberdade,"Rua Taguá, 55",Liberdade,,tombado,municipal,,,,2012-03-28,0330190015
SO_ELEGIVEL·sem dono,SO_ELEGIVEL,Vila da Rua José Ferreira Rocha e Rua Taguá / Liberdade,"Rua José Ferreira Rocha, 7",Liberdade,,tombado,municipal,,,,2012-03-28,0330210042
SO_ELEGIVEL·sem dono,SO_ELEGIVEL,Vila da Rua José Ferreira Rocha e Rua Taguá / Liberdade,"Rua Taguá, 169",Liberdade,,tombado,municipal,,,,2012-03-28,0330210078
SO_ELEGIVEL·sem dono,SO_ELEGIVEL,Vila da Rua José Ferreira Rocha e Rua Taguá / Liberdade,"Rua José Ferreira Rocha, 30",Liberdade,,tombado,municipal,,,,2012-03-28,0330200011
SO_ELEGIVEL·sem dono,SO_ELEGIVEL,Vila da Rua José Ferreira Rocha e Rua Taguá / Liberdade,"Rua José Ferreira Rocha, 04",Liberdade,,tombado,municipal,,,,2012-03-28,0330190032
SO_ELEGIVEL·sem dono,SO_ELEGIVEL,Vila da Rua José Ferreira Rocha e Rua Taguá / Liberdade,"Rua José Ferreira Rocha, 27",Liberdade,,tombado,municipal,,,,2012-03-28,0330210052
SO_ELEGIVEL·sem dono,SO_ELEGIVEL,Vila da Rua José Ferreira Rocha e Rua Taguá / Liberdade,"Rua José Ferreira Rocha, 25",Liberdade,,tombado,municipal,,,,2012-03-28,0330210051
SO_ELEGIVEL·sem dono,SO_ELEGIVEL,Vila da Rua José Ferreira Rocha e Rua Taguá / Liberdade,"Rua José Ferreira Rocha, 47",Liberdade,,tombado,municipal,,,,2012-03-28,0330200004
SO_ELEGIVEL·sem dono,SO_ELEGIVEL,Vila da Rua José Ferreira Rocha e Rua Taguá / Liberdade,"Rua Taguá, 139",Liberdade,,tombado,municipal,,,,2012-03-28,0330210073
SO_ELEGIVEL·sem dono,SO_ELEGIVEL,Vila da Rua José Ferreira Rocha e Rua Taguá / Liberdade,"Rua Fagundes, 178",Liberdade,,tombado,municipal,,,,2012-03-28,0330190005
SO_ELEGIVEL·sem dono,SO_ELEGIVEL,Vila da Rua José Ferreira Rocha e Rua Taguá / Liberdade,"Rua Taguá, 39",Liberdade,,tombado,municipal,,,,2012-03-28,0330190012
SO_ELEGIVEL·sem dono,SO_ELEGIVEL,Vila da Rua José Ferreira Rocha e Rua Taguá / Liberdade,"Rua Fagundes, 110",Liberdade,,tombado,municipal,,,,2012-03-28,0330190011
SO_ELEGIVEL·sem dono,SO_ELEGIVEL,Vila da Rua José Ferreira Rocha e Rua Taguá / Liberdade,"Rua Taguá, 125",Liberdade,,tombado,municipal,,,,2012-03-28,0330210070
SO_ELEGIVEL·sem dono,SO_ELEGIVEL,Vila da Rua José Ferreira Rocha e Rua Taguá / Liberdade,"Rua Taguá, 83",Liberdade,,tombado,municipal,,,,2012-03-28,0330210062
SO_ELEGIVEL·sem dono,SO_ELEGIVEL,Vila da Rua José Ferreira Rocha e Rua Taguá / Liberdade,"Rua Taguá, 85",Liberdade,,tombado,municipal,,,,2012-03-28,0330210063
SO_ELEGIVEL·sem dono,SO_ELEGIVEL,Vila da Rua José Ferreira Rocha e Rua Taguá / Liberdade,"Rua José Ferreira Rocha, 11",Liberdade,,tombado,municipal,,,,2012-03-28,0330210044
SO_ELEGIVEL·sem dono,SO_ELEGIVEL,Vila da Rua José Ferreira Rocha e Rua Taguá / Liberdade,"Rua José Ferreira Rocha, 9",Liberdade,,tombado,municipal,,,,2012-03-28,0330210043
SO_ELEGIVEL·sem dono,SO_ELEGIVEL,Vila da Rua José Ferreira Rocha e Rua Taguá / Liberdade,"Rua Taguá, 51",Liberdade,,tombado,municipal,,,,2012-03-28,0330190014
SO_ELEGIVEL·sem dono,SO_ELEGIVEL,Vila da Rua José Ferreira Rocha e Rua Taguá / Liberdade,"Rua José Ferreira Rocha, 26",Liberdade,,tombado,municipal,,,,2012-03-28,0330190019
SO_ELEGIVEL·sem dono,SO_ELEGIVEL,Vila da Rua José Ferreira Rocha e Rua Taguá / Liberdade,"Rua José Ferreira Rocha, 14",Liberdade,,tombado,municipal,,,,2012-03-28,0330190027
SO_ELEGIVEL·sem dono,SO_ELEGIVEL,Vila da Rua José Ferreira Rocha e Rua Taguá / Liberdade,"Rua Taguá, 41",Liberdade,,tombado,municipal,,,,2012-03-28,0330190013
SO_ELEGIVEL·sem dono,SO_ELEGIVEL,Vila da Rua José Ferreira Rocha e Rua Taguá / Liberdade,"Rua José Ferreira Rocha, 32",Liberdade,,tombado,municipal,,,,2012-03-28,0330200010
SO_ELEGIVEL·sem dono,SO_ELEGIVEL,Vila da Rua José Ferreira Rocha e Rua Taguá / Liberdade,"Rua Taguá, 57",Liberdade,,tombado,municipal,,,,2012-03-28,0330190016
SO_ELEGIVEL·sem dono,SO_ELEGIVEL,Vila da Rua José Ferreira Rocha e Rua Taguá / Liberdade,"Rua Taguá, 129",Liberdade,,tombado,municipal,,,,2012-03-28,0330210071
SO_ELEGIVEL·sem dono,SO_ELEGIVEL,Vila da Rua José Ferreira Rocha e Rua Taguá / Liberdade,"Rua Taguá, 137",Liberdade,,tombado,municipal,,,,2012-03-28,0330210072
SO_ELEGIVEL·sem dono,SO_ELEGIVEL,Vila da Rua José Ferreira Rocha e Rua Taguá / Liberdade,"Rua José Ferreira Rocha, 35",Liberdade,,tombado,municipal,,,,2012-03-28,0330210056
SO_ELEGIVEL·sem dono,SO_ELEGIVEL,Vila da Rua José Ferreira Rocha e Rua Taguá / Liberdade,"Rua José Ferreira Rocha, 08",Liberdade,,tombado,municipal,,,,2012-03-28,0330190030
SO_ELEGIVEL·sem dono,SO_ELEGIVEL,Vila da Rua José Ferreira Rocha e Rua Taguá / Liberdade,"Rua José Ferreira Rocha, 37",Liberdade,,tombado,municipal,,,,2012-03-28,0330210057
SO_ELEGIVEL·sem dono,SO_ELEGIVEL,Vila da Rua José Ferreira Rocha e Rua Taguá / Liberdade,"Rua José Ferreira Rocha, 10",Liberdade,,tombado,municipal,,,,2012-03-28,0330190029
SO_ELEGIVEL·sem dono,SO_ELEGIVEL,Vila da Rua José Ferreira Rocha e Rua Taguá / Liberdade,"Rua Taguá, 157",Liberdade,,tombado,municipal,,,,2012-03-28,0330210076
SO_ELEGIVEL·sem dono,SO_ELEGIVEL,Vila da Rua José Ferreira Rocha e Rua Taguá / Liberdade,"Rua José Ferreira Rocha, 53",Liberdade,,tombado,municipal,,,,2012-03-28,0330200007
SO_ELEGIVEL·sem dono,SO_ELEGIVEL,Vila da Rua José Ferreira Rocha e Rua Taguá / Liberdade,"Rua José Ferreira Rocha, 36",Liberdade,,tombado,municipal,,,,2012-03-28,0330200008
SO_ELEGIVEL·sem dono,SO_ELEGIVEL,Vila da Rua José Ferreira Rocha e Rua Taguá / Liberdade,"Rua José Ferreira Rocha, 39",Liberdade,,tombado,municipal,,,,2012-03-28,0330210060
SO_ELEGIVEL·sem dono,SO_ELEGIVEL,Vila da Rua José Ferreira Rocha e Rua Taguá / Liberdade,"Rua José Ferreira Rocha, 22",Liberdade,,tombado,municipal,,,,2012-03-28,0330190023
SO_ELEGIVEL·sem dono,SO_ELEGIVEL,Vila da Rua José Ferreira Rocha e Rua Taguá / Liberdade,"Rua José Ferreira Rocha, 12",Liberdade,,tombado,municipal,,,,2012-03-28,0330190028
SO_ELEGIVEL·sem dono,SO_ELEGIVEL,Vila da Rua José Ferreira Rocha e Rua Taguá / Liberdade,"Rua Fagundes, 196",Liberdade,,tombado,municipal,,,,2012-03-28,0330190004
SO_ELEGIVEL·sem dono,SO_ELEGIVEL,Área do Glicério - Item 10 / Igepac Liberdade,"Rua Mituto Mizumoto, 339, 101",Liberdade,,tombado,municipal,,,,2019-11-22,0050920001
SO_ELEGIVEL·sem dono,SO_ELEGIVEL,Área do Glicério - Item 11 / Igepac Liberdade,"Rua São Paulo, 263",Liberdade,,tombado,municipal,,,,2019-11-22,0050920019
SO_ELEGIVEL·sem dono,SO_ELEGIVEL,Área do Glicério - Item 8 / Igepac Liberdade,"Rua Sinimbu, 41",Liberdade,,tombado,municipal,,,,2019-11-22,0050660007
SO_ELEGIVEL·sem dono,SO_ELEGIVEL,Área do Glicério - Item 8 / Igepac Liberdade,"Rua Lins, 15",Liberdade,,tombado,municipal,,,,2019-11-22,0050660016
SO_ELEGIVEL·sem dono,SO_ELEGIVEL,Área do Glicério - Item 8 / Igepac Liberdade,"Rua Lins, 1",Liberdade,,tombado,municipal,,,,2019-11-22,0050660009
SO_ELEGIVEL·sem dono,SO_ELEGIVEL,Área do Glicério - Item 8 / Igepac Liberdade,"Rua Conselheiro Furtado, 445",Liberdade,,tombado,municipal,,,,2019-11-22,0050840001
SO_ELEGIVEL·sem dono,SO_ELEGIVEL,Área do Glicério - Item 8 / Igepac Liberdade,"Rua Lins, 13",Liberdade,,tombado,municipal,,,,2019-11-22,0050660015
SO_ELEGIVEL·sem dono,SO_ELEGIVEL,Área do Glicério - Item 8 / Igepac Liberdade,"Rua Sinimbu, 13",Liberdade,,tombado,municipal,,,,2019-11-22,0050660002
SO_ELEGIVEL·sem dono,SO_ELEGIVEL,Área do Glicério - Item 8 / Igepac Liberdade,"Rua Sinimbu, 5, 7, 158, 168",Liberdade,,tombado,municipal,,,,2019-11-22,0050660001
SO_ELEGIVEL·sem dono,SO_ELEGIVEL,Área do Glicério - Item 8 / Igepac Liberdade,"Rua Sinimbu, 47",Liberdade,,tombado,municipal,,,,2019-11-22,0050660008
SO_ELEGIVEL·sem dono,SO_ELEGIVEL,Área do Glicério - Item 8 / Igepac Liberdade,"Rua Sinimbu, 29",Liberdade,,tombado,municipal,,,,2019-11-22,0050660005
SO_ELEGIVEL·sem dono,SO_ELEGIVEL,Área do Glicério - Item 8 / Igepac Liberdade,"Rua Lins, 3",Liberdade,,tombado,municipal,,,,2019-11-22,0050660010
SO_ELEGIVEL·sem dono,SO_ELEGIVEL,Área do Glicério - Item 8 / Igepac Liberdade,"Rua Lins, 11",Liberdade,,tombado,municipal,,,,2019-11-22,0050660014
SO_ELEGIVEL·sem dono,SO_ELEGIVEL,Área do Glicério - Item 8 / Igepac Liberdade,"Rua Sinimbu, 15",Liberdade,,tombado,municipal,,,,2019-11-22,0050660003
SO_ELEGIVEL·sem dono,SO_ELEGIVEL,Área do Glicério - Item 8 / Igepac Liberdade,"Rua Lins, 9",Liberdade,,tombado,municipal,,,,2019-11-22,0050660013
SO_ELEGIVEL·sem dono,SO_ELEGIVEL,Área do Glicério - Item 8 / Igepac Liberdade,"Rua Sinimbu, 39",Liberdade,,tombado,municipal,,,,2019-11-22,0050660006
SO_ELEGIVEL·sem dono,SO_ELEGIVEL,Área do Glicério - Item 8 / Igepac Liberdade,"Rua Lins, 7",Liberdade,,tombado,municipal,,,,2019-11-22,0050660012
SO_ELEGIVEL·sem dono,SO_ELEGIVEL,Área do Glicério - Item 8 / Igepac Liberdade,"Rua Lins, 17",Liberdade,,tombado,municipal,,,,2019-11-22,0050660017
SO_ELEGIVEL·sem dono,SO_ELEGIVEL,Área do Glicério - Item 8 / Igepac Liberdade,"Rua Lins, 5",Liberdade,,tombado,municipal,,,,2019-11-22,0050660011
SO_ELEGIVEL·sem dono,SO_ELEGIVEL,Área do Glicério - Item 8 / Igepac Liberdade,"Rua Sinimbu, 27",Liberdade,,tombado,municipal,,,,2019-11-22,0050660004
SO_ELEGIVEL·sem dono,SO_ELEGIVEL,Área do Glicério - Item 9 / Igepac Liberdade,"Rua São Paulo, 59, 63",Liberdade,,tombado,municipal,,,,2019-11-22,0050840006
SO_ELEGIVEL·sem dono,SO_ELEGIVEL,Conjunto de Imóveis da Vila Embura (residência Adao Guerra),Estrada Eng Marsilac,Marsilac,,tombado,municipal,,,,2018-06-21,2869990000
SO_ELEGIVEL·sem dono,SO_ELEGIVEL,Conjunto de Imóveis da Vila Embura (residência Jacob Reimberg Filho),Estrada Eng Marsilac,Marsilac,,tombado,municipal,,,,2018-06-21,2859870000
SO_ELEGIVEL·sem dono,SO_ELEGIVEL,Vila Ferroviária Evangelista de Souza (casa de Comando),,Marsilac,,tombado,municipal,,,,2018-06-21,2979990000
SO_ELEGIVEL·sem dono,SO_ELEGIVEL,Vila Ferroviária Evangelista de Souza (conjunto de Casas),,Marsilac,,tombado,municipal,,,,2018-06-21,2989990000
SO_ELEGIVEL·sem dono,SO_ELEGIVEL,Assembléia Legislativa de São Paulo / Quadro 6 / Edificações Modernas Indicadas Como Zepec,"Rua Pedro Álvares Cabral, 201, 161",Moema,,tombado,municipal,,,,2019-05-30,0360550003
SO_ELEGIVEL·sem dono,SO_ELEGIVEL,Casas a Rua Normandia e Rua Gaivota / Projeto Roberto Frade Monte / 1953,"Rua Gaivota, 1447",Moema,,tombado,municipal,,,,2014-12-19,0412720038
SO_ELEGIVEL·sem dono,SO_ELEGIVEL,Casas a Rua Normandia e Rua Gaivota / Projeto Roberto Frade Monte / 1953,"Rua Normandia, 41",Moema,,tombado,municipal,,,,2014-12-19,0412730030
SO_ELEGIVEL·sem dono,SO_ELEGIVEL,Casas a Rua Normandia e Rua Gaivota / Projeto Roberto Frade Monte / 1953,"Rua Normandia, 51",Moema,,tombado,municipal,,,,2014-12-19,0412730008
SO_ELEGIVEL·sem dono,SO_ELEGIVEL,Casas a Rua Normandia e Rua Gaivota / Projeto Roberto Frade Monte / 1953,"Rua Normandia, 61",Moema,,tombado,municipal,,,,2014-12-19,0412730010
SO_ELEGIVEL·sem dono,SO_ELEGIVEL,Casas a Rua Normandia e Rua Gaivota / Projeto Roberto Frade Monte / 1953,"Rua Normandia, 70",Moema,,tombado,municipal,,,,2014-12-19,0412720025
SO_ELEGIVEL·sem dono,SO_ELEGIVEL,Casas a Rua Normandia e Rua Gaivota / Projeto Roberto Frade Monte / 1953,"Rua Normandia, 26",Moema,,tombado,municipal,,,,2014-12-19,0412720033
SO_ELEGIVEL·sem dono,SO_ELEGIVEL,Edifício da Antiga Repartição de Águas e Esgotos,"Avenida Ibirapuera, 1494",Moema,,tombado,municipal+estadual,,,,2014-10-10,0360790001
SO_ELEGIVEL·sem dono,SO_ELEGIVEL,Escola Estadual Martim Francisco - Antigo Grupo Escolar Vila Olímpia / Ubs Vila Olímpia Max Perlman (antigo Ambulatório,"Rua Domingos Fernandes, 583, 499",Moema,,tombado,municipal,,,,2016-09-13,0410040001
SO_ELEGIVEL·sem dono,SO_ELEGIVEL,Monumento as Bandeiras,Praça Armando de Sales Oliveira,Moema,,tombado,municipal+estadual,,,,,0360000000
SO_ELEGIVEL·sem dono,SO_ELEGIVEL,Museu Educativo / Instituto Biológico,"Rua Doutor Amâncio de Carvalho, 448, 546",Moema,,tombado,municipal,,,,2014-10-10,0360780000
SO_ELEGIVEL·sem dono,SO_ELEGIVEL,Predio do Detran / Mac,"Avenida Pedro Alvares Cabral, 1301",Moema,,tombado,municipal+estadual+federal,,,,2014-10-10,0360790004
SO_ELEGIVEL·sem dono,SO_ELEGIVEL,Capela do Morumbi,"Avenida Morumbi, 5387",Morumbi,,tombado,municipal,,,,2005-12-23,3000750001
SO_ELEGIVEL·sem dono,SO_ELEGIVEL,Igreja de Sao Pedro e São Paulo / Edificações Modernas Indicadas Como Zepec,"Avenida Circular do Bosque, 31",Morumbi,,tombado,municipal,,,,2019-05-30,0842590001
SO_ELEGIVEL·sem dono,SO_ELEGIVEL,Instituto Lina Bo Bardi e Pietro Maria Bardi,"Rua General Almério de Moura, 200",Morumbi,,tombado,municipal+estadual+federal,,,,1991-04-10,3000750004
SO_ELEGIVEL·sem dono,SO_ELEGIVEL,Palácio dos Bandeirantes / Acervo,"Avenida Morumbi, 4500",Morumbi,,tombado,municipal,,,,2019-04-10,1231480004
SO_ELEGIVEL·sem dono,SO_ELEGIVEL,Residência José Roberto Filipeli/projeto Ruy Ohtake,"Rua Marechal do Ar Antônio Appel Neto, 35",Morumbi,,tombado,municipal,,,,2014-02-08,1231330027
SO_ELEGIVEL·sem dono,SO_ELEGIVEL,Residência Nadir Zacharias / Projeto de Rui Ohtake e Ana Regina D' Andreatta / 1970 / Jardim Guedala / Residências Projetadas Pelo Arquiteto Ruy Ohtake e Colaboradores,"Rua Sanharó, 471",Morumbi,,tombado,municipal,,,,2014-02-08,1014700039
SO_ELEGIVEL·sem dono,SO_ELEGIVEL,Residência Nadir de Oliveira / Projeto Carlos Barja Millan / 1960 / Edificações Modernas Indicadas Como Zepec,"Rua das Açucenas, 10",Morumbi,,tombado,municipal,,,,2019-05-30,0840460019
SO_ELEGIVEL·sem dono,SO_ELEGIVEL,"Antiga Fabrica de Papel Gordinho, Braune & Companhia","Rua Hipodromo, 1057",Móoca,,tombado,municipal,,,,2016-10-01,0270220004
SO_ELEGIVEL·sem dono,SO_ELEGIVEL,Antigas Officinas da Sociedade Anônima Casa Vanorden,"Rua Monsenhor Joao Felipo, 1",Móoca,,tombado,municipal,,,,2007-07-21,0280460049
SO_ELEGIVEL·sem dono,SO_ELEGIVEL,Antigo Conjunto Grandes Moinhos Minetti Gamba,"Rua Borges de Figueiredo, 300",Móoca,,tombado,municipal+estadual,,,,2007-07-21,0280460134
SO_ELEGIVEL·sem dono,SO_ELEGIVEL,Antigo Conjunto de Galpões e Armazéns Na Rua Borges de Figueiredo,"Rua Borges de Figueiredo, 1030, 1084",Móoca,,tombado,municipal,,,,2007-07-21,0280460130
SO_ELEGIVEL·sem dono,SO_ELEGIVEL,Antigo Conjunto de Galpões e Armazéns Na Rua Borges de Figueiredo,"Rua Borges de Figueiredo, 964, 1004",Móoca,,tombado,municipal,,,,2007-07-21,0280460129
SO_ELEGIVEL·sem dono,SO_ELEGIVEL,Chamine da Uniao,"Rua Borges de Figueiredo, 303",Móoca,,tombado,municipal,,,,2010-08-27,0280370000
SO_ELEGIVEL·sem dono,SO_ELEGIVEL,Conjunto Habitacional do Iapi / Móoca / Bloco B 13,"Rua Padre Benedito Maria Cardoso, 20",Móoca,,tombado,municipal,,,,2018-05-10,0311020000
SO_ELEGIVEL·sem dono,SO_ELEGIVEL,Conjunto Habitacional do Iapi / Móoca / Bloco F 10,"Rua Padre Benedito Maria Cardoso, 87",Móoca,,tombado,municipal,,,,2018-05-10,0310620000
SO_ELEGIVEL·sem dono,SO_ELEGIVEL,Conjunto Habitacional do Iapi / Móoca / Bloco a 5,"Rua Jerônimo de Mendonça, 137",Móoca,,tombado,municipal,,,,2018-05-10,0311080000
SO_ELEGIVEL·sem dono,SO_ELEGIVEL,Ee Oswaldo Cruz  / Escolas Primeira República,"Rua da Mooca, 2183",Móoca,,tombado,municipal+estadual,,,,2014-12-24,0280230029
SO_ELEGIVEL·sem dono,SO_ELEGIVEL,Grupo Escolar Pandiá Calogeras,"Avenida Paes de Barros, 1025",Móoca,,tombado,municipal,,,,2019-04-10,0320430102
SO_ELEGIVEL·sem dono,SO_ELEGIVEL,Imóvel Industrial / Rua Ipanema 634,"Rua Ipanema, 634",Móoca,,tombado,municipal,,,,2016-10-01,0270220036
SO_ELEGIVEL·sem dono,SO_ELEGIVEL,Imóvel Industrial / Rua Ipanema 636,"Rua Ipanema, 636",Móoca,,tombado,municipal,,,,2016-10-01,0270220037
SO_ELEGIVEL·sem dono,SO_ELEGIVEL,Nido Bambino Condessa Marina Regoli Crespi / Antiga Creche Marina Crespi / Projeto Giovanni Batista Bianchi,"Rua João Antônio de Oliveira, 59, 428, 438",Móoca,,tombado,municipal,,,,2017-12-15,0280220101
SO_ELEGIVEL·sem dono,SO_ELEGIVEL,Parte do Conjunto Industrial da São Paulo Alpargatas S.a. / Ampliação da Empresa de 1919,"Rua Doutor Almeida Lima, 993",Móoca,,tombado,municipal,,,,2016-10-01,0270190039
SO_ELEGIVEL·sem dono,SO_ELEGIVEL,"Remanescentes das Antigas Indústrias Reunidas Francisco Matarazzo, Societé Anonyme Anciens Établissements Duchen e Companhia Fiat Lux","Rua Borges de Figueiredo, 696, 826",Móoca,,tombado,municipal,,,,2012-03-01,0280460320
SO_ELEGIVEL·sem dono,SO_ELEGIVEL,São Paulo Alpargatas / Faculdades Anhembi Morumbi,"Rua Doutor Almeida Lima, 1134, 1176",Móoca,,tombado,municipal,,,,2016-10-01,0270850002
SO_ELEGIVEL·sem dono,SO_ELEGIVEL,Teatro Arthur de Azevedo,"Avenida Paes de Barros, 995",Móoca,,tombado,municipal,,,,1992-11-25,0320430101
SO_ELEGIVEL·sem dono,SO_ELEGIVEL,Antiga Residência de Joseph Roschel (casarão do Jusa),"Rua do Jusa, 1841",Parelheiros,,tombado,municipal,,,,2018-06-21,2769920000
SO_ELEGIVEL·sem dono,SO_ELEGIVEL,Antiga Residência de Pedro Geraldo Schunck,"Estrada Ecoturistica de Parelheiros, 6291",Parelheiros,,tombado,municipal,,,,2018-06-21,2779780000
SO_ELEGIVEL·sem dono,SO_ELEGIVEL,Capelinha de Santa Cruz (capelinha Azul),Rua Henrique Hessel C/ Est Ecoturistica de Parelheiros,Parelheiros,,tombado,municipal,,,,2018-06-21,2749980000
SO_ELEGIVEL·sem dono,SO_ELEGIVEL,Casa da Barragem e Comporta da Emae,"Estrada Curucutu, 48",Parelheiros,,tombado,municipal,,,,2018-06-21,2919980000
SO_ELEGIVEL·sem dono,SO_ELEGIVEL,Igreja de Colonia Paulista (paroquia Nossa Senhora Aparecida),"Rua N Sra Aparecida, 1",Parelheiros,,tombado,municipal,,,,2018-06-21,2879980000
SO_ELEGIVEL·sem dono,SO_ELEGIVEL,Igreja de Parelheiros (igreja Santa Cruz de Parelheiros),"Praça Prof Julio Cesar de Campos, 15",Parelheiros,,tombado,municipal,,,,2018-06-21,2820060000
SO_ELEGIVEL·sem dono,SO_ELEGIVEL,Antiga Fabrica de Juta,"Rua Hanemann, 335, 349, 359, 371, 385, 550",Pari,,tombado,municipal,,,,2019-04-10,0170660087
SO_ELEGIVEL·sem dono,SO_ELEGIVEL,Capela de Nossa Senhora Aparecida / Traçado Urbano e Casario do Alto do Pari,"Rua Sacramento, 1",Pari,,tombado,municipal,,,,2018-06-21,0171020034
SO_ELEGIVEL·sem dono,SO_ELEGIVEL,Edifício Industrial / Companhia Brasileira de Juta,"Rua Hanemann, 335, 349, 359, 371, 385, 550",Pari,,tombado,municipal,,,,2019-04-10,0170660035
SO_ELEGIVEL·sem dono,SO_ELEGIVEL,Edifício Industrial / Companhia Brasileira de Juta,"Rua Hanemann, 335, 349, 359, 371, 385, 550",Pari,,tombado,municipal,,,,2019-04-10,0170660034
SO_ELEGIVEL·sem dono,SO_ELEGIVEL,Paróquia Santo Antônio do Pari,"Rua Hanemann, 352, 368, 392, 394, 831",Pari,,tombado,municipal,,,,2019-04-10,0170760043
SO_ELEGIVEL·sem dono,SO_ELEGIVEL,Tracado Urbano do Alto do Pari,,Pari,,tombado,municipal,,,,2018-06-21,0170000000
SO_ELEGIVEL·sem dono,SO_ELEGIVEL,Centro Historico da Penha,"Rua General Sócrates, 412",Penha,,tombado,municipal,,,,2018-11-30,0610880111
SO_ELEGIVEL·sem dono,SO_ELEGIVEL,Centro Historico da Penha,"Rua Recife, 95, 11",Penha,,tombado,municipal,,,,2018-11-30,0610750034
SO_ELEGIVEL·sem dono,SO_ELEGIVEL,Centro Historico da Penha,"Rua Recife, 95, 10",Penha,,tombado,municipal,,,,2018-11-30,0610750032
SO_ELEGIVEL·sem dono,SO_ELEGIVEL,Centro Historico da Penha,"Rua Betari, 560",Penha,,tombado,municipal,,,,2018-11-30,0611420008
SO_ELEGIVEL·sem dono,SO_ELEGIVEL,Centro Historico da Penha,"Praça Nossa Senhora da Penha, 54",Penha,,tombado,municipal,,,,2018-11-30,0611500016
SO_ELEGIVEL·sem dono,SO_ELEGIVEL,Centro Historico da Penha,"Rua Recife, 95, 9",Penha,,tombado,municipal,,,,2018-11-30,0610750035
SO_ELEGIVEL·sem dono,SO_ELEGIVEL,Centro Historico da Penha,"Rua Guaiauna, 307",Penha,,tombado,municipal,,,,2018-11-30,0610750003
SO_ELEGIVEL·sem dono,SO_ELEGIVEL,Centro Historico da Penha,"Rua Recife, 95, 8",Penha,,tombado,municipal,,,,2018-11-30,0610750031
SO_ELEGIVEL·sem dono,SO_ELEGIVEL,Centro Historico da Penha,"Rua Recife, 95, 12",Penha,,tombado,municipal,,,,2018-11-30,0610750033
SO_ELEGIVEL·sem dono,SO_ELEGIVEL,Centro Historico da Penha,"Rua Recife, 95, 2",Penha,,tombado,municipal,,,,2018-11-30,0610750075
SO_ELEGIVEL·sem dono,SO_ELEGIVEL,Centro Historico da Penha,"Rua Arnaldo Vallardi Portilho, 103",Penha,,tombado,municipal,,,,2018-11-30,0611270016
SO_ELEGIVEL·sem dono,SO_ELEGIVEL,Centro Historico da Penha,"Rua Recife, 95, 2",Penha,,tombado,municipal,,,,2018-11-30,0610750076
SO_ELEGIVEL·sem dono,SO_ELEGIVEL,Centro Historico da Penha,"Rua Recife, 95, 4, 4",Penha,,tombado,municipal,,,,2018-11-30,0610750029
SO_ELEGIVEL·sem dono,SO_ELEGIVEL,Centro Historico da Penha,"Rua Recife, 95, 3",Penha,,tombado,municipal,,,,2018-11-30,0610750038
SO_ELEGIVEL·sem dono,SO_ELEGIVEL,Centro Historico da Penha,"Rua Aquilino Vidal, 91",Penha,,tombado,municipal,,,,2018-11-30,0610910001
SO_ELEGIVEL·sem dono,SO_ELEGIVEL,Centro Historico da Penha,"Travessa Nossa Senhora da Penha, 26, 308",Penha,,tombado,municipal,,,,2018-11-30,0611430053
SO_ELEGIVEL·sem dono,SO_ELEGIVEL,Centro Historico da Penha,"Rua General Sócrates, 350",Penha,,tombado,municipal,,,,2018-11-30,0610880063
SO_ELEGIVEL·sem dono,SO_ELEGIVEL,Centro Historico da Penha,"Rua Recife, 95, 5",Penha,,tombado,municipal,,,,2018-11-30,0610750037
SO_ELEGIVEL·sem dono,SO_ELEGIVEL,Centro Historico da Penha,"Rua Recife, 95, 7",Penha,,tombado,municipal,,,,2018-11-30,0610750036
SO_ELEGIVEL·sem dono,SO_ELEGIVEL,Centro Historico da Penha,"Rua Recife, 95, 1A",Penha,,tombado,municipal,,,,2018-11-30,0610750078
SO_ELEGIVEL·sem dono,SO_ELEGIVEL,Centro Historico da Penha,"Rua Ângelo Zanchi, 383, 383",Penha,,tombado,municipal,,,,2018-11-30,0611410096
SO_ELEGIVEL·sem dono,SO_ELEGIVEL,Centro Historico da Penha,"Rua Recife, 95, 1",Penha,,tombado,municipal,,,,2018-11-30,0610750077
SO_ELEGIVEL·sem dono,SO_ELEGIVEL,Centro Historico da Penha,"Rua Doutor João Ribeiro, 80",Penha,,tombado,municipal,,,,2018-11-30,0611490014
SO_ELEGIVEL·sem dono,SO_ELEGIVEL,Centro Historico da Penha,"Praça Nossa Senhora da Penha, 87, 91, 95",Penha,,tombado,municipal,,,,2018-11-30,0610520004
SO_ELEGIVEL·sem dono,SO_ELEGIVEL,Centro Historico da Penha,"Rua Guaiauna, 297",Penha,,tombado,municipal,,,,2018-11-30,0610750005
SO_ELEGIVEL·sem dono,SO_ELEGIVEL,Centro Historico da Penha,"Rua Guaiauna, 301",Penha,,tombado,municipal,,,,2018-11-30,0610750004
SO_ELEGIVEL·sem dono,SO_ELEGIVEL,Centro Historico da Penha,"Rua Recife, 95, 6",Penha,,tombado,municipal,,,,2018-11-30,0610750030
SO_ELEGIVEL·sem dono,SO_ELEGIVEL,Centro Historico da Penha / Antigo Cine São Geraldo,"Rua Arnaldo Vallardi Portilho, 10, 24",Penha,,tombado,municipal,,,,2018-11-30,0611430052
SO_ELEGIVEL·sem dono,SO_ELEGIVEL,Centro Historico da Penha / Antigo Hospital Nossa Senhora da Penha,"Rua General Sócrates, 72, 76",Penha,,tombado,municipal,,,,2018-11-30,0610730198
SO_ELEGIVEL·sem dono,SO_ELEGIVEL,Centro Historico da Penha / Antigo Posto do Ministerio da Agricultura,"Rua Vera Cruz, 228",Penha,,tombado,municipal,,,,2018-11-30,0611560015
SO_ELEGIVEL·sem dono,SO_ELEGIVEL,Centro Historico da Penha / Basilica Nossa Senhora da Penha de Franca,"Rua Santo Afonso, 199",Penha,,tombado,municipal,,,,2018-11-30,0611490054
SO_ELEGIVEL·sem dono,SO_ELEGIVEL,Centro Historico da Penha / Conjunto Habitacional dos Bancarios,"Rua Padre Benedito de Camargo, 615, 637",Penha,,tombado,municipal,,,,2018-11-30,0610140034
SO_ELEGIVEL·sem dono,SO_ELEGIVEL,Centro Historico da Penha / Igreja Nossa Senhora da Penha,Praça Nossa Senhora da Penha,Penha,,tombado,municipal,,,,2018-11-30,0610530001
SO_ELEGIVEL·sem dono,SO_ELEGIVEL,Ee Santos Dumont / Escolas Primeira República,"Praça Oito de Setembro, 73",Penha,,tombado,municipal+estadual,,,,2014-12-24,0610240013
SO_ELEGIVEL·sem dono,SO_ELEGIVEL,Escadaria e Muro de Arrimo Na Rua Coronel Rodovalho,,Penha,,tombado,municipal,,,,2018-11-30,0611430000
SO_ELEGIVEL·sem dono,SO_ELEGIVEL,Escola Estadual Nossa Senhora da Penha,"Rua Padre Benedito de Camargo, 762, 101",Penha,,tombado,municipal+estadual,,,,2015-05-05,0610070001
SO_ELEGIVEL·sem dono,SO_ELEGIVEL,Largo do Rosario / Igreja de Nossa Senhora do Rosario dos Homens Pretos,"Largo do Rosário, 4",Penha,,tombado,municipal+estadual,,,,1991-04-10,0610550001
SO_ELEGIVEL·sem dono,SO_ELEGIVEL,Malha Viaria Original - Centro Historico da Penha,,Penha,,tombado,municipal,,,,2018-11-30,0610000000
SO_ELEGIVEL·sem dono,SO_ELEGIVEL,Residência Antiga Na Rua Ismael Dias,"Rua Ismael Dias, 334, 334",Penha,,tombado,municipal,,,,2018-11-30,0560480106
SO_ELEGIVEL·sem dono,SO_ELEGIVEL,Casa Onde Morou Guilherme de Almeida,"Rua Macapá, 187",Perdizes,,tombado,municipal+estadual,,,,2009-09-16,0110360035
SO_ELEGIVEL·sem dono,SO_ELEGIVEL,Colégio Batista Brasileiro,"Rua Doutor Homem de Melo, 537",Perdizes,,tombado,municipal,,,,2013-05-29,0210540013
SO_ELEGIVEL·sem dono,SO_ELEGIVEL,Conjunto Residencial Banco Hipotecário Lar Brasileiro  / Edificações Modernas Indicadas Como Zepec,"Rua Doutor Homem de Melo, 717",Perdizes,,tombado,municipal,,,,2019-05-30,0210530000
SO_ELEGIVEL·sem dono,SO_ELEGIVEL,Conjunto de Residências,"Rua Coronel Mello de Oliveira, 464",Perdizes,,tombado,municipal,,,,2019-02-26,0220650025
SO_ELEGIVEL·sem dono,SO_ELEGIVEL,Conjunto de Residências,"Rua Coronel Mello de Oliveira, 456",Perdizes,,tombado,municipal,,,,2019-02-26,0220650024
SO_ELEGIVEL·sem dono,SO_ELEGIVEL,Conjunto de Residências,"Rua Coronel Mello de Oliveira, 450",Perdizes,,tombado,municipal,,,,2019-02-26,0220650023
SO_ELEGIVEL·sem dono,SO_ELEGIVEL,Edificio Sigma I / Projeto Abrahao Sanovicz / Edificações Modernas Indicadas Como Zepec,"Rua Caiubi, 313, 321, 329",Perdizes,,tombado,municipal,,,,2019-05-30,0210820000
SO_ELEGIVEL·sem dono,SO_ELEGIVEL,Imóveis Indicados Como Zepec Na Subprefeitura da Lapa / Predio a Rua Raul Pompeia,"Rua Padre Chico, 780, 144",Perdizes,,tombado,municipal,,,,2009-09-16,0220260022
SO_ELEGIVEL·sem dono,SO_ELEGIVEL,Pacaembu e Perdizes / Residência Antônio D'elboux / Obra de Carlos Millan / 1962 - Item 70 / Edificações Modernas Indicadas Como Zepec,"Rua Ministro Godói, 1610",Perdizes,,tombado,municipal,,,,2019-05-30,0110050045
SO_ELEGIVEL·sem dono,SO_ELEGIVEL,Residência Isolada,"Avenida Pompeia, 925, 929",Perdizes,,tombado,municipal,,,,2019-02-26,0220650022
SO_ELEGIVEL·sem dono,SO_ELEGIVEL,Residência José Mário Taques Bittencourt / Projeto do Arquiteto João Batista Vilanova Artigas,"Rua Votuporanga, 225",Perdizes,,tombado,municipal+estadual,,,,2017-08-29,0121260007
SO_ELEGIVEL·sem dono,SO_ELEGIVEL,Residência Mário Masetti / Obra de Paulo Mendes da Rocha / 1968 - Item 106 / Quadro 6,"Rua Doutor Manoel Maria Tourinho, 701",Perdizes,,tombado,municipal,,,,2019-02-26,0110640016
SO_ELEGIVEL·sem dono,SO_ELEGIVEL,Residência Neocolonial Na Rua Cardoso de Almeida,"Rua Cardoso de Almeida, 716",Perdizes,,tombado,municipal,,,,2011-02-25,0210440042
SO_ELEGIVEL·sem dono,SO_ELEGIVEL,Residência Rio Branco Paranhos / Obra de João Vilanova Artigas / 1942 - Item 10,"Rua Heitor de Morais, 120",Perdizes,,tombado,municipal,,,,2019-03-23,0110620010
SO_ELEGIVEL·sem dono,SO_ELEGIVEL,Residência à Rua São Bartolomeu / Antiga Residência - Casa de Taipa / Pacaembu e Perdizes,"Rua São Bartolomeu, 78, 84",Perdizes,,tombado,municipal,,,,2019-04-10,0110070004
SO_ELEGIVEL·sem dono,SO_ELEGIVEL,Antiga Companhia Brasileira de Cimento Portland Perus / Sede To Sindicato dos Trabalhadores da Indústria de Cimento e Gesso de São Paulo,"Rua Padre Manuel Campello, 182",Perus,,tombado,municipal,,,,1992-09-15,1870070030
SO_ELEGIVEL·sem dono,SO_ELEGIVEL,Casarão da Fazendinha,Rua Antonio de Padua Dias,Perus,,tombado,municipal,,,,2005-12-23,2110000000
SO_ELEGIVEL·sem dono,SO_ELEGIVEL,Estrada de Ferro Perus-pirapora,,Perus,,tombado,municipal+estadual,,,,1992-09-15,2059990000
SO_ELEGIVEL·sem dono,SO_ELEGIVEL,Vila Triângulo e Fábrica de Cimento Perus,Vila Triângulo,Perus,,tombado,municipal,,,,1992-09-15,1870070001
SO_ELEGIVEL·sem dono,SO_ELEGIVEL,Antigo Colégio Sacré-coeur de Marie,"Avenida Nove de Julho, 5520, 159, 163, 399, 52, 46",Pinheiros,,tombado,municipal+estadual,,,,2018-01-24,0160330018
SO_ELEGIVEL·sem dono,SO_ELEGIVEL,Colégio Fernão Dias Paes,"Avenida Pedroso de Morais, 420",Pinheiros,,tombado,municipal,,,,2019-04-10,0150290001
SO_ELEGIVEL·sem dono,SO_ELEGIVEL,Residência Castor Delgado Perez / Projeto do Arquiteto Rino Levi,"Avenida Nove de Julho, 5162, 5170",Pinheiros,,tombado,municipal+estadual,,,,2017-08-29,0160310028
SO_ELEGIVEL·sem dono,SO_ELEGIVEL,Sobrado Moderno do Artigas / Conjunto de Obras do Arq. Vilanova Artigas,"Rua Sampaio Vidal, 578",Pinheiros,,tombado,municipal,,,,2019-03-23,0150490019
SO_ELEGIVEL·sem dono,SO_ELEGIVEL,Sobrado Moderno do Artigas / Conjunto de Obras do Arq. Vilanova Artigas,"Rua Sampaio Vidal, 570",Pinheiros,,tombado,municipal,,,,2019-03-23,0150490020
SO_ELEGIVEL·sem dono,SO_ELEGIVEL,Solar Fábio Prado,"Avenida Brigadeiro Faria Lima, 2705",Pinheiros,,tombado,municipal,,,,2023-12-15,0151320078
SO_ELEGIVEL·sem dono,SO_ELEGIVEL,Vila Cerqueira César / Bens Individuais,"Rua Fradique Coutinho, 297",Pinheiros,,tombado,municipal,,,,2023-10-05,0150080053
SO_ELEGIVEL·sem dono,SO_ELEGIVEL,Vila Cerqueira César / Bens Individuais,"Rua Joaquim Antunes, 513, 515",Pinheiros,,tombado,municipal,,,,2023-10-05,0150150000
SO_ELEGIVEL·sem dono,SO_ELEGIVEL,Vila Cerqueira César / Bens Individuais / Edifício La Rocque Almeida,"Rua dos Pinheiros, 481",Pinheiros,,tombado,municipal,,,,2023-10-05,0150420000
SO_ELEGIVEL·sem dono,SO_ELEGIVEL,Vila Cerqueira César / Bens Individuais / Mercado de Pinheiros,"Rua Pedro Cristi, 89",Pinheiros,,tombado,municipal,,,,2023-10-05,0150560174
SO_ELEGIVEL·sem dono,SO_ELEGIVEL,Vila Cerqueira César / Manchas Urbanas Heterogêneas / Mancha Benedito Calixto (i) / Biblioteca Alceu Amoroso Lima,"Rua Henrique Schaumann, 777",Pinheiros,,tombado,municipal,,,,2023-10-05,0130530121
SO_ELEGIVEL·sem dono,SO_ELEGIVEL,Vila Cerqueira César / Manchas Urbanas Heterogêneas / Mancha Benedito Calixto (i) / Edifício do Colégio Stella Maris,"Rua Cardeal Arcoverde, 1097",Pinheiros,,tombado,municipal,,,,2023-10-05,0130530123
SO_ELEGIVEL·sem dono,SO_ELEGIVEL,Vila Cerqueira César / Manchas Urbanas de Casario / Mancha Pascoal del Gaizo (d),"Rua Doutor Phidias de Barros Monteiro, 41",Pinheiros,,tombado,municipal,,,,2023-10-05,0150110057
SO_ELEGIVEL·sem dono,SO_ELEGIVEL,Vila Cerqueira César / Manchas Urbanas de Casario / Mancha Pascoal del Gaizo (d),"Rua Doutor Phidias de Barros Monteiro, 47",Pinheiros,,tombado,municipal,,,,2023-10-05,0150110058
SO_ELEGIVEL·sem dono,SO_ELEGIVEL,Vila Cerqueira César / Manchas Urbanas de Casario / Mancha Pascoal del Gaizo (d),"Rua Pascoal del Gaizo, 40",Pinheiros,,tombado,municipal,,,,2023-10-05,0150110021
SO_ELEGIVEL·sem dono,SO_ELEGIVEL,Vila Cerqueira César / Manchas Urbanas de Casario / Mancha Pascoal del Gaizo (d),"Rua Pascoal del Gaizo, 46",Pinheiros,,tombado,municipal,,,,2023-10-05,0150110020
SO_ELEGIVEL·sem dono,SO_ELEGIVEL,Vila Cerqueira César / Manchas Urbanas de Casario / Mancha Pascoal del Gaizo (d),"Rua Doutor Phidias de Barros Monteiro, 64",Pinheiros,,tombado,municipal,,,,2023-10-05,0150100023
SO_ELEGIVEL·sem dono,SO_ELEGIVEL,Vila Cerqueira César / Manchas Urbanas de Casario / Mancha Pascoal del Gaizo (d),"Rua Doutor Phidias de Barros Monteiro, 72",Pinheiros,,tombado,municipal,,,,2023-10-05,0150100022
SO_ELEGIVEL·sem dono,SO_ELEGIVEL,Vila Cerqueira César / Manchas Urbanas de Casario / Mancha Pascoal del Gaizo (d),"Rua Pascoal del Gaizo, 73",Pinheiros,,tombado,municipal,,,,2023-10-05,0150120011
SO_ELEGIVEL·sem dono,SO_ELEGIVEL,Vila Cerqueira César / Manchas Urbanas de Casario / Mancha Pascoal del Gaizo (d),"Rua Doutor Phidias de Barros Monteiro, 83",Pinheiros,,tombado,municipal,,,,2023-10-05,0150110017
SO_ELEGIVEL·sem dono,SO_ELEGIVEL,Vila Cerqueira César / Manchas Urbanas de Casario / Mancha Pascoal del Gaizo (d),"Rua Pascoal del Gaizo, 31",Pinheiros,,tombado,municipal,,,,2023-10-05,0150120018
SO_ELEGIVEL·sem dono,SO_ELEGIVEL,Vila Cerqueira César / Manchas Urbanas de Casario / Mancha Pascoal del Gaizo (d),"Rua Pascoal del Gaizo, 28",Pinheiros,,tombado,municipal,,,,2023-10-05,0150110023
SO_ELEGIVEL·sem dono,SO_ELEGIVEL,Vila Cerqueira César / Manchas Urbanas de Casario / Mancha Pascoal del Gaizo (d),"Rua Pascoal del Gaizo, 83",Pinheiros,,tombado,municipal,,,,2023-10-05,0150120009
SO_ELEGIVEL·sem dono,SO_ELEGIVEL,Vila Cerqueira César / Manchas Urbanas de Casario / Mancha Pascoal del Gaizo (d),"Rua Estela Sezefreda, 32",Pinheiros,,tombado,municipal,,,,2023-10-05,0150120035
SO_ELEGIVEL·sem dono,SO_ELEGIVEL,Vila Cerqueira César / Manchas Urbanas de Casario / Mancha Pascoal del Gaizo (d),"Rua Pascoal del Gaizo, 53",Pinheiros,,tombado,municipal,,,,2023-10-05,0150120044
SO_ELEGIVEL·sem dono,SO_ELEGIVEL,Vila Cerqueira César / Manchas Urbanas de Casario / Mancha Pascoal del Gaizo (d),"Rua Doutor Phidias de Barros Monteiro, 58",Pinheiros,,tombado,municipal,,,,2023-10-05,0150100024
SO_ELEGIVEL·sem dono,SO_ELEGIVEL,Vila Cerqueira César / Manchas Urbanas de Casario / Mancha Pascoal del Gaizo (d),"Rua Doutor Phidias de Barros Monteiro, 40",Pinheiros,,tombado,municipal,,,,2023-10-05,0150100027
SO_ELEGIVEL·sem dono,SO_ELEGIVEL,Vila Cerqueira César / Manchas Urbanas de Casario / Mancha Pascoal del Gaizo (d),"Rua Estela Sezefreda, 42",Pinheiros,,tombado,municipal,,,,2023-10-05,0150120034
SO_ELEGIVEL·sem dono,SO_ELEGIVEL,Vila Cerqueira César / Manchas Urbanas de Casario / Mancha Pascoal del Gaizo (d),"Rua Doutor Phidias de Barros Monteiro, 90",Pinheiros,,tombado,municipal,,,,2023-10-05,0150100019
SO_ELEGIVEL·sem dono,SO_ELEGIVEL,Vila Cerqueira César / Manchas Urbanas de Casario / Mancha Pascoal del Gaizo (d),"Rua Mateus Grou, 120",Pinheiros,,tombado,municipal,,,,2023-10-05,0150100018
SO_ELEGIVEL·sem dono,SO_ELEGIVEL,Vila Cerqueira César / Manchas Urbanas de Casario / Mancha Pascoal del Gaizo (d),"Rua Doutor Phidias de Barros Monteiro, 32",Pinheiros,,tombado,municipal,,,,2023-10-05,0150100028
SO_ELEGIVEL·sem dono,SO_ELEGIVEL,Vila Cerqueira César / Manchas Urbanas de Casario / Mancha Pascoal del Gaizo (d),"Rua Doutor Phidias de Barros Monteiro, 91",Pinheiros,,tombado,municipal,,,,2023-10-05,0150110018
SO_ELEGIVEL·sem dono,SO_ELEGIVEL,Vila Cerqueira César / Manchas Urbanas de Casario / Mancha Pascoal del Gaizo (d),"Rua Pascoal del Gaizo, 46",Pinheiros,,tombado,municipal,,,,2023-10-05,0150110019
SO_ELEGIVEL·sem dono,SO_ELEGIVEL,Vila Cerqueira César / Manchas Urbanas de Casario / Mancha Pascoal del Gaizo (d),"Rua Doutor Phidias de Barros Monteiro, 79",Pinheiros,,tombado,municipal,,,,2023-10-05,0150110016
SO_ELEGIVEL·sem dono,SO_ELEGIVEL,Vila Cerqueira César / Manchas Urbanas de Casario / Mancha Pascoal del Gaizo (d),"Rua Doutor Phidias de Barros Monteiro, 78",Pinheiros,,tombado,municipal,,,,2023-10-05,0150100021
SO_ELEGIVEL·sem dono,SO_ELEGIVEL,Vila Cerqueira César / Manchas Urbanas de Casario / Mancha Pascoal del Gaizo (d),"Rua Doutor Phidias de Barros Monteiro, 46",Pinheiros,,tombado,municipal,,,,2023-10-05,0150100026
SO_ELEGIVEL·sem dono,SO_ELEGIVEL,Vila Cerqueira César / Manchas Urbanas de Casario / Mancha Pascoal del Gaizo (d),"Rua Pascoal del Gaizo, 34",Pinheiros,,tombado,municipal,,,,2023-10-05,0150110022
SO_ELEGIVEL·sem dono,SO_ELEGIVEL,Vila Cerqueira César / Manchas Urbanas de Casario / Mancha Pascoal del Gaizo (d),"Rua Pascoal del Gaizo, 35",Pinheiros,,tombado,municipal,,,,2023-10-05,0150120017
SO_ELEGIVEL·sem dono,SO_ELEGIVEL,Vila Cerqueira César / Manchas Urbanas de Casario / Mancha Pascoal del Gaizo (d),"Rua Estela Sezefreda, 43",Pinheiros,,tombado,municipal,,,,2023-10-05,0150130036
SO_ELEGIVEL·sem dono,SO_ELEGIVEL,Vila Cerqueira César / Manchas Urbanas de Casario / Mancha Pascoal del Gaizo (d),"Rua Doutor Phidias de Barros Monteiro, 52",Pinheiros,,tombado,municipal,,,,2023-10-05,0150100025
SO_ELEGIVEL·sem dono,SO_ELEGIVEL,Vila Cerqueira César / Manchas Urbanas de Casario / Mancha Pascoal del Gaizo (d),"Rua Pascoal del Gaizo, 77",Pinheiros,,tombado,municipal,,,,2023-10-05,0150120010
SO_ELEGIVEL·sem dono,SO_ELEGIVEL,Vila Cerqueira César / Manchas Urbanas de Casario / Mancha Pascoal del Gaizo (d),"Rua Pascoal del Gaizo, 47",Pinheiros,,tombado,municipal,,,,2023-10-05,0150120015
SO_ELEGIVEL·sem dono,SO_ELEGIVEL,Vila Cerqueira César / Manchas Urbanas de Casario / Mancha Pascoal del Gaizo (d),"Rua Doutor Phidias de Barros Monteiro, 53",Pinheiros,,tombado,municipal,,,,2023-10-05,0150110011
SO_ELEGIVEL·sem dono,SO_ELEGIVEL,Vila Cerqueira César / Manchas Urbanas de Casario / Mancha Pascoal del Gaizo (d),"Rua Doutor Phidias de Barros Monteiro, 35",Pinheiros,,tombado,municipal,,,,2023-10-05,0150110008
SO_ELEGIVEL·sem dono,SO_ELEGIVEL,Vila Cerqueira César / Manchas Urbanas de Casario / Mancha Pascoal del Gaizo (d),"Rua Estela Sezefreda, 49",Pinheiros,,tombado,municipal,,,,2023-10-05,0150130037
SO_ELEGIVEL·sem dono,SO_ELEGIVEL,Vila Cerqueira César / Manchas Urbanas de Casario / Mancha Pascoal del Gaizo (d),"Rua Estela Sezefreda, 59",Pinheiros,,tombado,municipal,,,,2023-10-05,0150130038
SO_ELEGIVEL·sem dono,SO_ELEGIVEL,Vila Cerqueira César / Manchas Urbanas de Casario / Mancha Pascoal del Gaizo (d),"Rua Pascoal del Gaizo, 41",Pinheiros,,tombado,municipal,,,,2023-10-05,0150120016
SO_ELEGIVEL·sem dono,SO_ELEGIVEL,Vila Cerqueira César / Manchas Urbanas de Casario / Mancha Pascoal del Gaizo (d),"Rua Doutor Phidias de Barros Monteiro, 73",Pinheiros,,tombado,municipal,,,,2023-10-05,0150110015
SO_ELEGIVEL·sem dono,SO_ELEGIVEL,Vila Cerqueira César / Manchas Urbanas de Casario / Mancha Pascoal del Gaizo (d),"Rua Mateus Grou, 164",Pinheiros,,tombado,municipal,,,,2023-10-05,0150100009
SO_ELEGIVEL·sem dono,SO_ELEGIVEL,Vila Cerqueira César / Manchas Urbanas de Casario / Mancha Pascoal del Gaizo (d),"Rua Doutor Phidias de Barros Monteiro, 82",Pinheiros,,tombado,municipal,,,,2023-10-05,0150100020
SO_ELEGIVEL·sem dono,SO_ELEGIVEL,Vila Cerqueira César / Manchas Urbanas de Casario / Mancha Pascoal del Gaizo (d),"Rua Pascoal del Gaizo, 67",Pinheiros,,tombado,municipal,,,,2023-10-05,0150120012
SO_ELEGIVEL·sem dono,SO_ELEGIVEL,Vila Cerqueira César / Manchas Urbanas de Casario / Mancha Pascoal del Gaizo (d),"Rua Estela Sezefreda, 76, 82",Pinheiros,,tombado,municipal,,,,2023-10-05,0150120045
SO_ELEGIVEL·sem dono,SO_ELEGIVEL,Vila Cerqueira César / Manchas Urbanas de Casario / Mancha Pascoal del Gaizo (d),"Rua Doutor Virgílio de Carvalho Pinto, 180",Pinheiros,,tombado,municipal,,,,2023-10-05,0150140466
SO_ELEGIVEL·sem dono,SO_ELEGIVEL,Vila Cerqueira César / Manchas Urbanas de Casario / Mancha Pascoal del Gaizo (d),"Rua Mateus Grou, 142",Pinheiros,,tombado,municipal,,,,2023-10-05,0150100013
SO_ELEGIVEL·sem dono,SO_ELEGIVEL,Vila Cerqueira César / Manchas Urbanas de Casario / Mancha Pascoal del Gaizo (d),"Rua Mateus Grou, 152",Pinheiros,,tombado,municipal,,,,2023-10-05,0150100012
SO_ELEGIVEL·sem dono,SO_ELEGIVEL,Vila Cerqueira César / Manchas Urbanas de Casario / Mancha Pascoal del Gaizo (d),"Rua Dr Virgílio de Carvalho Pinto, 195",Pinheiros,,tombado,municipal,,,,2023-10-05,0150110037
SO_ELEGIVEL·sem dono,SO_ELEGIVEL,Vila Cerqueira César / Manchas Urbanas de Casario / Mancha Pascoal del Gaizo (d),"Rua dos Pinheiros, 464",Pinheiros,,tombado,municipal,,,,2023-10-05,0150130031
SO_ELEGIVEL·sem dono,SO_ELEGIVEL,Vila Cerqueira César / Manchas Urbanas de Casario / Mancha Pascoal del Gaizo (d),"Rua Dr Virgílio de Carvalho Pinto, 187",Pinheiros,,tombado,municipal,,,,2023-10-05,0150110035
SO_ELEGIVEL·sem dono,SO_ELEGIVEL,Vila Cerqueira César / Manchas Urbanas de Casario / Mancha Pascoal del Gaizo (d),"Rua Estela Sezefreda, 72",Pinheiros,,tombado,municipal,,,,2023-10-05,0150120037
SO_ELEGIVEL·sem dono,SO_ELEGIVEL,Vila Cerqueira César / Manchas Urbanas de Casario / Mancha Pascoal del Gaizo (d),"Rua Mateus Grou, 90, 92",Pinheiros,,tombado,municipal,,,,2023-10-05,0150120006
SO_ELEGIVEL·sem dono,SO_ELEGIVEL,Vila Cerqueira César / Manchas Urbanas de Casario / Mancha Pascoal del Gaizo (d),"Rua Artur de Azevedo, 1339, 1341",Pinheiros,,tombado,municipal,,,,2023-10-05,0150100001
SO_ELEGIVEL·sem dono,SO_ELEGIVEL,Vila Cerqueira César / Manchas Urbanas de Casario / Mancha Pascoal del Gaizo (d),"Rua Dr Virgílio de Carvalho Pinto, 185",Pinheiros,,tombado,municipal,,,,2023-10-05,0150110034
SO_ELEGIVEL·sem dono,SO_ELEGIVEL,Vila Cerqueira César / Manchas Urbanas de Casario / Mancha Pascoal del Gaizo (d),"Rua Artur de Azevedo, 1295, 1297",Pinheiros,,tombado,municipal,,,,2023-10-05,0150110001
SO_ELEGIVEL·sem dono,SO_ELEGIVEL,Vila Cerqueira César / Manchas Urbanas de Casario / Mancha Pascoal del Gaizo (d),"Rua Estela Sezefreda, 70",Pinheiros,,tombado,municipal,,,,2023-10-05,0150120036
SO_ELEGIVEL·sem dono,SO_ELEGIVEL,Vila Cerqueira César / Manchas Urbanas de Casario / Mancha Pascoal del Gaizo (d),"Rua Artur de Azevedo, 1313, 1315",Pinheiros,,tombado,municipal,,,,2023-10-05,0150110004
SO_ELEGIVEL·sem dono,SO_ELEGIVEL,Vila Cerqueira César / Manchas Urbanas de Casario / Mancha Pascoal del Gaizo (d),"Rua dos Pinheiros, 526, 534",Pinheiros,,tombado,municipal,,,,2023-10-05,0150130006
SO_ELEGIVEL·sem dono,SO_ELEGIVEL,Vila Cerqueira César / Manchas Urbanas de Casario / Mancha Pascoal del Gaizo (d),"Rua Mateus Grou, 100, 102",Pinheiros,,tombado,municipal,,,,2023-10-05,0150120007
SO_ELEGIVEL·sem dono,SO_ELEGIVEL,Vila Cerqueira César / Manchas Urbanas de Casario / Mancha Pascoal del Gaizo (d),"Rua Mateus Grou, 132",Pinheiros,,tombado,municipal,,,,2023-10-05,0150100015
SO_ELEGIVEL·sem dono,SO_ELEGIVEL,Vila Cerqueira César / Manchas Urbanas de Casario / Mancha Pascoal del Gaizo (d),"Rua Artur de Azevedo, 1355",Pinheiros,,tombado,municipal,,,,2023-10-05,0150100029
SO_ELEGIVEL·sem dono,SO_ELEGIVEL,Vila Cerqueira César / Manchas Urbanas de Casario / Mancha Pascoal del Gaizo (d),"Rua Mateus Grou, 88",Pinheiros,,tombado,municipal,,,,2023-10-05,0150120005
SO_ELEGIVEL·sem dono,SO_ELEGIVEL,Vila Cerqueira César / Manchas Urbanas de Casario / Mancha Pascoal del Gaizo (d),"Rua Doutor Virgílio de Carvalho Pinto, 69",Pinheiros,,tombado,municipal,,,,2023-10-05,0150130027
SO_ELEGIVEL·sem dono,SO_ELEGIVEL,Vila Cerqueira César / Manchas Urbanas de Casario / Mancha Pascoal del Gaizo (d),"Rua Mateus Grou, 82",Pinheiros,,tombado,municipal,,,,2023-10-05,0150120004
SO_ELEGIVEL·sem dono,SO_ELEGIVEL,Vila Cerqueira César / Manchas Urbanas de Casario / Mancha Pascoal del Gaizo (d),"Rua dos Pinheiros, 448",Pinheiros,,tombado,municipal,,,,2023-10-05,0150130017
SO_ELEGIVEL·sem dono,SO_ELEGIVEL,Vila Cerqueira César / Manchas Urbanas de Casario / Mancha Pascoal del Gaizo (d),"Rua Doutor Virgílio de Carvalho Pinto, 61",Pinheiros,,tombado,municipal,,,,2023-10-05,0150130026
SO_ELEGIVEL·sem dono,SO_ELEGIVEL,Vila Cerqueira César / Manchas Urbanas de Casario / Mancha Pascoal del Gaizo (d),"Rua Doutor Virgílio de Carvalho Pinto, 115, 115, 119, 121",Pinheiros,,tombado,municipal,,,,2023-10-05,0150120000
SO_ELEGIVEL·sem dono,SO_ELEGIVEL,Vila Cerqueira César / Manchas Urbanas de Casario / Mancha Pascoal del Gaizo (d),"Rua Mateus Grou, 172",Pinheiros,,tombado,municipal,,,,2023-10-05,0150100008
SO_ELEGIVEL·sem dono,SO_ELEGIVEL,Vila Cerqueira César / Manchas Urbanas de Casario / Mancha Pascoal del Gaizo (d),"Rua Doutor Virgílio de Carvalho Pinto, 49",Pinheiros,,tombado,municipal,,,,2023-10-05,0150130023
SO_ELEGIVEL·sem dono,SO_ELEGIVEL,Vila Cerqueira César / Manchas Urbanas de Casario / Mancha Pascoal del Gaizo (d),"Rua Artur de Azevedo, 1299, 1301",Pinheiros,,tombado,municipal,,,,2023-10-05,0150110002
SO_ELEGIVEL·sem dono,SO_ELEGIVEL,Vila Cerqueira César / Manchas Urbanas de Casario / Mancha Pascoal del Gaizo (d),"Rua Doutor Virgílio de Carvalho Pinto, 174",Pinheiros,,tombado,municipal,,,,2023-10-05,0150140039
SO_ELEGIVEL·sem dono,SO_ELEGIVEL,Vila Cerqueira César / Manchas Urbanas de Casario / Mancha Pascoal del Gaizo (d),"Rua Doutor Virgílio de Carvalho Pinto, 170",Pinheiros,,tombado,municipal,,,,2023-10-05,0150140040
SO_ELEGIVEL·sem dono,SO_ELEGIVEL,Vila Cerqueira César / Manchas Urbanas de Casario / Mancha Pascoal del Gaizo (d),"Rua Mateus Grou, 122",Pinheiros,,tombado,municipal,,,,2023-10-05,0150100017
SO_ELEGIVEL·sem dono,SO_ELEGIVEL,Vila Cerqueira César / Manchas Urbanas de Casario / Mancha Pascoal del Gaizo (d),"Rua Doutor Virgílio de Carvalho Pinto, 196",Pinheiros,,tombado,municipal,,,,2023-10-05,0150140035
SO_ELEGIVEL·sem dono,SO_ELEGIVEL,Vila Cerqueira César / Manchas Urbanas de Casario / Mancha Pascoal del Gaizo (d),"Rua Doutor Virgílio de Carvalho Pinto, 204, 208, 210",Pinheiros,,tombado,municipal,,,,2023-10-05,0150140034
SO_ELEGIVEL·sem dono,SO_ELEGIVEL,Vila Cerqueira César / Manchas Urbanas de Casario / Mancha Pascoal del Gaizo (d),"Rua dos Pinheiros, 456",Pinheiros,,tombado,municipal,,,,2023-10-05,0150130016
SO_ELEGIVEL·sem dono,SO_ELEGIVEL,Vila Cerqueira César / Manchas Urbanas de Casario / Mancha Pascoal del Gaizo (d),"Rua Artur de Azevedo, 1325",Pinheiros,,tombado,municipal,,,,2023-10-05,0150110006
SO_ELEGIVEL·sem dono,SO_ELEGIVEL,Vila Cerqueira César / Manchas Urbanas de Casario / Mancha Pascoal del Gaizo (d),"Rua Artur de Azevedo, 1327",Pinheiros,,tombado,municipal,,,,2023-10-05,0150110007
SO_ELEGIVEL·sem dono,SO_ELEGIVEL,Vila Cerqueira César / Manchas Urbanas de Casario / Mancha Pascoal del Gaizo (d),"Rua Dr Virgílio de Carvalho Pinto, 163",Pinheiros,,tombado,municipal,,,,2023-10-05,0150110029
SO_ELEGIVEL·sem dono,SO_ELEGIVEL,Vila Cerqueira César / Manchas Urbanas de Casario / Mancha Pascoal del Gaizo (d),"Rua Mateus Grou, 50",Pinheiros,,tombado,municipal,,,,2023-10-05,0150130002
SO_ELEGIVEL·sem dono,SO_ELEGIVEL,Vila Cerqueira César / Manchas Urbanas de Casario / Mancha Pascoal del Gaizo (d),"Rua Doutor Virgílio de Carvalho Pinto, 81",Pinheiros,,tombado,municipal,,,,2023-10-05,0150120025
SO_ELEGIVEL·sem dono,SO_ELEGIVEL,Vila Cerqueira César / Manchas Urbanas de Casario / Mancha Pascoal del Gaizo (d),"Rua Doutor Virgílio de Carvalho Pinto, 91",Pinheiros,,tombado,municipal,,,,2023-10-05,0150120024
SO_ELEGIVEL·sem dono,SO_ELEGIVEL,Vila Cerqueira César / Manchas Urbanas de Casario / Mancha Pascoal del Gaizo (d),"Rua Artur de Azevedo, 1343, 1347",Pinheiros,,tombado,municipal,,,,2023-10-05,0150100002
SO_ELEGIVEL·sem dono,SO_ELEGIVEL,Vila Cerqueira César / Manchas Urbanas de Casario / Mancha Pascoal del Gaizo (d),"Rua Doutor Virgílio de Carvalho Pinto, 45",Pinheiros,,tombado,municipal,,,,2023-10-05,0150130021
SO_ELEGIVEL·sem dono,SO_ELEGIVEL,Vila Cerqueira César / Manchas Urbanas de Casario / Mancha Pascoal del Gaizo (d),"Rua Dr Virgílio de Carvalho Pinto, 193",Pinheiros,,tombado,municipal,,,,2023-10-05,0150110036
SO_ELEGIVEL·sem dono,SO_ELEGIVEL,Vila Cerqueira César / Manchas Urbanas de Casario / Mancha Pascoal del Gaizo (d),"Rua Mateus Grou, 174",Pinheiros,,tombado,municipal,,,,2023-10-05,0150100007
SO_ELEGIVEL·sem dono,SO_ELEGIVEL,Vila Cerqueira César / Manchas Urbanas de Casario / Mancha Pascoal del Gaizo (d),"Rua Artur de Azevedo, 1359, 1361",Pinheiros,,tombado,municipal,,,,2023-10-05,0150100005
SO_ELEGIVEL·sem dono,SO_ELEGIVEL,Vila Cerqueira César / Manchas Urbanas de Casario / Mancha Pascoal del Gaizo (d),"Rua dos Pinheiros, 436",Pinheiros,,tombado,municipal,,,,2023-10-05,0150130019
SO_ELEGIVEL·sem dono,SO_ELEGIVEL,Vila Cerqueira César / Manchas Urbanas de Casario / Mancha Pascoal del Gaizo (d),"Rua Mateus Grou, 42",Pinheiros,,tombado,municipal,,,,2023-10-05,0150130003
SO_ELEGIVEL·sem dono,SO_ELEGIVEL,Vila Cerqueira César / Manchas Urbanas de Casario / Mancha Pascoal del Gaizo (d),"Rua Doutor Virgílio de Carvalho Pinto, 107",Pinheiros,,tombado,municipal,,,,2023-10-05,0150120021
SO_ELEGIVEL·sem dono,SO_ELEGIVEL,Vila Cerqueira César / Manchas Urbanas de Casario / Mancha Pascoal del Gaizo (d),"Rua Mateus Grou, 56",Pinheiros,,tombado,municipal,,,,2023-10-05,0150130001
SO_ELEGIVEL·sem dono,SO_ELEGIVEL,Vila Cerqueira César / Manchas Urbanas de Casario / Mancha Pascoal del Gaizo (d),"Rua dos Pinheiros, 434",Pinheiros,,tombado,municipal,,,,2023-10-05,0150130020
SO_ELEGIVEL·sem dono,SO_ELEGIVEL,Vila Cerqueira César / Manchas Urbanas de Casario / Mancha Pascoal del Gaizo (d),"Rua dos Pinheiros, 444, 446",Pinheiros,,tombado,municipal,,,,2023-10-05,0150130018
SO_ELEGIVEL·sem dono,SO_ELEGIVEL,Vila Cerqueira César / Manchas Urbanas de Casario / Mancha Pascoal del Gaizo (d),"Rua Mateus Grou, 80",Pinheiros,,tombado,municipal,,,,2023-10-05,0150120003
SO_ELEGIVEL·sem dono,SO_ELEGIVEL,Vila Cerqueira César / Manchas Urbanas de Casario / Mancha Pascoal del Gaizo (d),"Rua Mateus Grou, 72",Pinheiros,,tombado,municipal,,,,2023-10-05,0150120002
SO_ELEGIVEL·sem dono,SO_ELEGIVEL,Vila Cerqueira César / Manchas Urbanas de Casario / Mancha Pascoal del Gaizo (d),"Rua dos Pinheiros, 518",Pinheiros,,tombado,municipal,,,,2023-10-05,0150130007
SO_ELEGIVEL·sem dono,SO_ELEGIVEL,Vila Cerqueira César / Manchas Urbanas de Casario / Mancha Pascoal del Gaizo (d),"Rua Mateus Grou, 140",Pinheiros,,tombado,municipal,,,,2023-10-05,0150100014
SO_ELEGIVEL·sem dono,SO_ELEGIVEL,Vila Cerqueira César / Manchas Urbanas de Casario / Mancha Pascoal del Gaizo (d),"Rua Estela Sezefreda, 46",Pinheiros,,tombado,municipal,,,,2023-10-05,0150120033
SO_ELEGIVEL·sem dono,SO_ELEGIVEL,Vila Cerqueira César / Manchas Urbanas de Casario / Mancha Pascoal del Gaizo (d),"Rua dos Pinheiros, 516",Pinheiros,,tombado,municipal,,,,2023-10-05,0150130008
SO_ELEGIVEL·sem dono,SO_ELEGIVEL,Vila Cerqueira César / Manchas Urbanas de Casario / Mancha Pascoal del Gaizo (d),"Rua Mateus Grou, 32",Pinheiros,,tombado,municipal,,,,2023-10-05,0150130005
SO_ELEGIVEL·sem dono,SO_ELEGIVEL,Vila Cerqueira César / Manchas Urbanas de Casario / Mancha Pascoal del Gaizo (d),"Rua Mateus Grou, 40",Pinheiros,,tombado,municipal,,,,2023-10-05,0150130004
SO_ELEGIVEL·sem dono,SO_ELEGIVEL,Vila Cerqueira César / Manchas Urbanas de Casario / Mancha Pascoal del Gaizo (d),"Rua Estela Sezefreda, 37",Pinheiros,,tombado,municipal,,,,2023-10-05,0150130035
SO_ELEGIVEL·sem dono,SO_ELEGIVEL,Vila Cerqueira César / Manchas Urbanas de Casario / Mancha Pascoal del Gaizo (d),"Rua dos Pinheiros, 466",Pinheiros,,tombado,municipal,,,,2023-10-05,0150130032
SO_ELEGIVEL·sem dono,SO_ELEGIVEL,Vila Cerqueira César / Manchas Urbanas de Casario / Mancha Pascoal del Gaizo (d),"Rua Mateus Grou, 66",Pinheiros,,tombado,municipal,,,,2023-10-05,0150120001
SO_ELEGIVEL·sem dono,SO_ELEGIVEL,Vila Cerqueira César / Manchas Urbanas de Casario / Mancha Pascoal del Gaizo (d),"Rua Dr Virgílio de Carvalho Pinto, 137",Pinheiros,,tombado,municipal,,,,2023-10-05,0150110024
SO_ELEGIVEL·sem dono,SO_ELEGIVEL,Vila Cerqueira César / Manchas Urbanas de Casario / Mancha Pascoal del Gaizo (d),"Rua Dr Virgílio de Carvalho Pinto, 171",Pinheiros,,tombado,municipal,,,,2023-10-05,0150110031
SO_ELEGIVEL·sem dono,SO_ELEGIVEL,Vila Cerqueira César / Manchas Urbanas de Casario / Mancha Pascoal del Gaizo (d),"Rua Dr Virgílio de Carvalho Pinto, 177",Pinheiros,,tombado,municipal,,,,2023-10-05,0150110032
SO_ELEGIVEL·sem dono,SO_ELEGIVEL,Vila Cerqueira César / Manchas Urbanas de Casario / Mancha Pascoal del Gaizo (d),"Rua Doutor Virgílio de Carvalho Pinto, 47",Pinheiros,,tombado,municipal,,,,2023-10-05,0150130022
SO_ELEGIVEL·sem dono,SO_ELEGIVEL,Vila Cerqueira César / Manchas Urbanas de Casario / Mancha Pascoal del Gaizo (d),"Rua Dr Virgílio de Carvalho Pinto, 179",Pinheiros,,tombado,municipal,,,,2023-10-05,0150110033
SO_ELEGIVEL·sem dono,SO_ELEGIVEL,Vila Cerqueira César / Manchas Urbanas de Casario / Mancha Pascoal del Gaizo (d),"Rua Artur de Azevedo, 1367",Pinheiros,,tombado,municipal,,,,2023-10-05,0150100006
SO_ELEGIVEL·sem dono,SO_ELEGIVEL,Vila Cerqueira César / Manchas Urbanas de Casario / Mancha Pascoal del Gaizo (d),"Rua Doutor Virgílio de Carvalho Pinto, 57",Pinheiros,,tombado,municipal,,,,2023-10-05,0150130025
SO_ELEGIVEL·sem dono,SO_ELEGIVEL,Vila Cerqueira César / Manchas Urbanas de Casario / Mancha Pascoal del Gaizo (d),"Rua Doutor Virgílio de Carvalho Pinto, 53",Pinheiros,,tombado,municipal,,,,2023-10-05,0150130024
SO_ELEGIVEL·sem dono,SO_ELEGIVEL,Vila Cerqueira César / Manchas Urbanas de Casario / Mancha Pascoal del Gaizo (d),"Rua Mateus Grou, 106",Pinheiros,,tombado,municipal,,,,2023-10-05,0150120008
SO_ELEGIVEL·sem dono,SO_ELEGIVEL,Vila Cerqueira César / Manchas Urbanas de Casario / Mancha Pascoal del Gaizo (d),"Rua Artur de Azevedo, 1317",Pinheiros,,tombado,municipal,,,,2023-10-05,0150110005
SO_ELEGIVEL·sem dono,SO_ELEGIVEL,Vila Cerqueira César / Manchas Urbanas de Casario / Mancha Pascoal del Gaizo (d),"Rua Doutor Virgílio de Carvalho Pinto, 99",Pinheiros,,tombado,municipal,,,,2023-10-05,0150120022
SO_ELEGIVEL·sem dono,SO_ELEGIVEL,Vila Cerqueira César / Manchas Urbanas de Casario / Mancha Pascoal del Gaizo (d),"Rua Doutor Virgílio de Carvalho Pinto, 97",Pinheiros,,tombado,municipal,,,,2023-10-05,0150120023
SO_ELEGIVEL·sem dono,SO_ELEGIVEL,Vila Cerqueira César / Manchas Urbanas de Casario / Mancha Pascoal del Gaizo (d),"Rua Dr Virgílio de Carvalho Pinto, 169",Pinheiros,,tombado,municipal,,,,2023-10-05,0150110030
SO_ELEGIVEL·sem dono,SO_ELEGIVEL,Vila Cerqueira César / Manchas Urbanas de Casario / Mancha Pascoal del Gaizo (d),"Rua Estela Sezefreda, 64",Pinheiros,,tombado,municipal,,,,2023-10-05,0150120032
SO_ELEGIVEL·sem dono,SO_ELEGIVEL,Vila Cerqueira César / Manchas Urbanas de Casario / Mancha Pascoal del Gaizo (d),"Rua Doutor Virgílio de Carvalho Pinto, 186",Pinheiros,,tombado,municipal,,,,2023-10-05,0150140465
SO_ELEGIVEL·sem dono,SO_ELEGIVEL,Vila Cerqueira César / Manchas Urbanas de Casario / Mancha Pascoal del Gaizo (d),"Rua dos Pinheiros, 458",Pinheiros,,tombado,municipal,,,,2023-10-05,0150130015
SO_ELEGIVEL·sem dono,SO_ELEGIVEL,Vila Cerqueira César / Manchas Urbanas de Casario / Mancha Pascoal del Gaizo (d),"Rua Mateus Grou, 130",Pinheiros,,tombado,municipal,,,,2023-10-05,0150100016
SO_ELEGIVEL·sem dono,SO_ELEGIVEL,Vila Cerqueira César / Manchas Urbanas de Casario / Mancha Pascoal del Gaizo (d),"Rua Mateus Grou, 154",Pinheiros,,tombado,municipal,,,,2023-10-05,0150100011
SO_ELEGIVEL·sem dono,SO_ELEGIVEL,Vila Cerqueira César / Manchas Urbanas de Casario / Mancha Pascoal del Gaizo (d),"Rua Mateus Grou, 162",Pinheiros,,tombado,municipal,,,,2023-10-05,0150100010
SO_ELEGIVEL·sem dono,SO_ELEGIVEL,Vila Cerqueira César / Manchas Urbanas de Casario / Mancha Pascoal del Gaizo (d),"Rua Doutor Virgílio de Carvalho Pinto, 190",Pinheiros,,tombado,municipal,,,,2023-10-05,0150140036
SO_ELEGIVEL·sem dono,SO_ELEGIVEL,Campo dos Engenheiros,"Avenida Mutinga, 12",Pirituba,,tombado,municipal,,,,2025-08-21,1250200047
SO_ELEGIVEL·sem dono,SO_ELEGIVEL,Hospital Psiquiátrico Philipe Pinel,"Avenida Raimundo Pereira de Magalhães, 5214, 5218",Pirituba,,tombado,municipal+estadual,,,,2019-04-19,0770030001
SO_ELEGIVEL·sem dono,SO_ELEGIVEL,Imóvel à Rua Maestro Arturo de Angelis 190 / Castelinho de Pirituba / Torres do Castelo Condomínio Clube (edifício Maria Eleonora e Edifício Maria Pia),"Rua Maestro Arturo de Angelis, 190",Pirituba,,tombado,municipal+estadual,,,,2017-08-31,0782490000
SO_ELEGIVEL·sem dono,SO_ELEGIVEL,Sociedade Holandesa de São Paulo Casa de Nassau / Clube Holandês,"Avenida Raimundo Pereira de Magalhães, 4123",Pirituba,,tombado,municipal,,,,2016-06-17,0780050000
SO_ELEGIVEL·sem dono,SO_ELEGIVEL,Educandario Dom Duarte,"Avenida Eng Heitor Antonio Eiras Garcia, 5985",Raposo Tavares,,tombado,municipal,,,,2019-04-10,2010000000
SO_ELEGIVEL·sem dono,SO_ELEGIVEL,Academia Paulista de Letras / Projeto Arquiteto Jacques Pilon - 1948 / Acervo da Academia Paulista de Letras,"Largo do Arouche, 302, 312, 324",República,,tombado,municipal+estadual,,,,2017-08-29,0070510053
SO_ELEGIVEL·sem dono,SO_ELEGIVEL,Antigo Instituto de Educação Caetano de Campos / Secretaria de Educação,"Praça da República, 53",República,,tombado,municipal+estadual,,,,1991-04-10,0070880001
SO_ELEGIVEL·sem dono,SO_ELEGIVEL,Arcos da Jandaia / Arcos do Bixiga,Rua Jandaia,República,,tombado,municipal,,,,2007-07-25,0050000000
SO_ELEGIVEL·sem dono,SO_ELEGIVEL,Castelinho da Rua Apa,"Rua Apa, 236",República,,tombado,municipal,,,,2004-12-10,0070020027
SO_ELEGIVEL·sem dono,SO_ELEGIVEL,Cine Ipiranga / Hotel Excelsior / Obra de Rino Levi / 1941,"Avenida Ipiranga, 770, 786",República,,tombado,municipal+estadual,,,,1992-12-09,0060100000
SO_ELEGIVEL·sem dono,SO_ELEGIVEL,Condominio Edificio Aicas,"Praça das Bandeiras, 137",República,,tombado,municipal,,,,2002-12-14,0050160000
SO_ELEGIVEL·sem dono,SO_ELEGIVEL,Congregação Israelita Templo Beth-el / Projeto Arquiteto Samuel Roder,"Rua Martinho Prado, 128, 137",República,,tombado,municipal+estadual,,,,2013-09-13,0060201095
SO_ELEGIVEL·sem dono,SO_ELEGIVEL,Edifício Arlinda / Projeto Franz Heep - 1959 / Condomínio 02 / Quadro 6,"Largo do Arouche, 76, 96",República,,tombado,municipal,,,,2019-05-30,0070520000
SO_ELEGIVEL·sem dono,SO_ELEGIVEL,Edifício Esther / Obra de Álvaro Vital Brazil e Adhemar Marinho / 1935,"Rua Gabus Mendes, 24, 64, 76, 80, 415, 425, 25, 29",República,,tombado,municipal+estadual,,,,1992-12-02,0060060000
SO_ELEGIVEL·sem dono,SO_ELEGIVEL,Edifício do Banco Brasileiro de Descontos / Bradesco,"Avenida Ipiranga, 210, 282",República,,tombado,municipal,,,,2013-06-07,0060640047
SO_ELEGIVEL·sem dono,SO_ELEGIVEL,"Edifícios Bratke, Gibraltar e Major / Arquiteto Oswaldo Arthur Bratke 1950","Rua Major Sertório, 92, 96",República,,tombado,municipal,,,,2013-06-07,0070860016
SO_ELEGIVEL·sem dono,SO_ELEGIVEL,"Edifícios Bratke, Gibraltar e Major / Arquiteto Oswaldo Arthur Bratke 1950","Rua Major Sertório, 106, 110",República,,tombado,municipal,,,,2013-06-07,0070860015
SO_ELEGIVEL·sem dono,SO_ELEGIVEL,"Edifícios Bratke, Gibraltar e Major / Arquiteto Oswaldo Arthur Bratke 1950","Rua Major Sertório, 82, 88, 176",República,,tombado,municipal,,,,2013-06-07,0070860000
SO_ELEGIVEL·sem dono,SO_ELEGIVEL,Edifícios No Largo do Arouche / Edifício Santa Elisa,"Largo do Arouche, 91, 95, 99, 103, 109, 115, 194, 206, 210, 220",República,,tombado,municipal,,,,2020-02-28,0070620000
SO_ELEGIVEL·sem dono,SO_ELEGIVEL,"Edifícios No Largo do Arouche / Hotel ""jóia Rara"" / Antiga Casa Triângulo","Rua Bento Freitas, 33, 35, 37, 41, 45, 53, 57, 181, 183, 189, 211",República,,tombado,municipal,,,,2020-02-28,0070610578
SO_ELEGIVEL·sem dono,SO_ELEGIVEL,Edifícios No Largo do Arouche / Prédio Tupy,"Rua do Arouche, 49",República,,tombado,municipal,,,,2020-02-28,0070700000
SO_ELEGIVEL·sem dono,SO_ELEGIVEL,Hotel Queluz,"Rua Mauá 438, 440, 442, 446, 651, 653, 659, 661, 663, 667, 669, 673, 675",República,,tombado,estadual+federal,,,,,0010190023
SO_ELEGIVEL·sem dono,SO_ELEGIVEL,Igreja da Consolação / Igreja Nossa Senhora da Consolação,"Rua da Consolação, 585",República,,tombado,municipal,,,,2016-10-01,0060020001
SO_ELEGIVEL·sem dono,SO_ELEGIVEL,Imóveis Enquadrados Como Z8-200 - Anexo I - Item 155,"Rua Barão de Campinas, 121, 127, 141, 147, 1240, 1248, 1254, 1258",República,,tombado,municipal,,,,2017-08-17,0080530000
SO_ELEGIVEL·sem dono,SO_ELEGIVEL,Imóveis Enquadrados Como Z8-200 - Anexo I - Item 84,"Alameda Barão de Limeira, 133, 135, 145, 663, 671",República,,tombado,municipal,,,,2018-09-14,0080610000
SO_ELEGIVEL·sem dono,SO_ELEGIVEL,Imóveis Enquadrados Como Z8-200 - Anexo I - Item 85,"Alameda Barão de Limeira, 10, 14, 20",República,,tombado,municipal,,,,2017-08-17,0080700037
SO_ELEGIVEL·sem dono,SO_ELEGIVEL,Imóveis Enquadrados Como Z8-200 - Anexo I - Item 86,"Alameda Barão de Limeira, 26, 30, 34",República,,tombado,municipal,,,,2017-08-17,0080700038
SO_ELEGIVEL·sem dono,SO_ELEGIVEL,Imóveis Enquadrados Como Z8-200 - Anexo I - Item 96,"Rua General Osório, 436, 438",República,,tombado,municipal,,,,2017-08-17,0080570008
SO_ELEGIVEL·sem dono,SO_ELEGIVEL,Largo do Paissandu,Largo do Paiçandú,República,,tombado,municipal,,,,1992-12-09,0010060001
SO_ELEGIVEL·sem dono,SO_ELEGIVEL,Sede do Iab / Edifício Sede do Instituto dos Arqutetos do Brasil / Obras de Arte do Iab,"Rua Bento Freitas, 306, 314, 124",República,,tombado,municipal+estadual+federal,,,,2015-04-23,0070690000
SO_ELEGIVEL·sem dono,SO_ELEGIVEL,Área do Anhangabau,"Rua Dom José de Barros, 10, 48",República,,tombado,municipal,,,,2016-10-01,0060150000
SO_ELEGIVEL·sem dono,SO_ELEGIVEL,Área do Anhangabau / Cine Marabá (np-1) / Edifício (np-3),"Avenida Ipiranga, 757, 767, 621, 631",República,,tombado,municipal,,,,1992-12-09,0070750176
SO_ELEGIVEL·sem dono,SO_ELEGIVEL,Área do Anhangabau / Prédio Broggi,"Rua Dom José de Barros, 158, 162, 168, 172",República,,tombado,municipal,,,,1992-12-09,0060160011
SO_ELEGIVEL·sem dono,SO_ELEGIVEL,Área do Anhangabaú,"Rua Coronel Xavier de Toledo, 88, 90, 98",República,,tombado,municipal,,,,1992-12-09,0060250000
SO_ELEGIVEL·sem dono,SO_ELEGIVEL,Área do Anhangabaú,"Rua Álvaro de Carvalho, 97, 103",República,,tombado,municipal,,,,1992-12-09,0060320005
SO_ELEGIVEL·sem dono,SO_ELEGIVEL,Área do Anhangabaú,"Avenida São João, 393, 393, 399, 401, 403",República,,tombado,municipal,,,,1992-12-09,0060170045
SO_ELEGIVEL·sem dono,SO_ELEGIVEL,Área do Anhangabaú,"Rua Basílio da Gama, 86, 106, 59, 83",República,,tombado,municipal,,,,1992-12-09,0060070000
SO_ELEGIVEL·sem dono,SO_ELEGIVEL,Área do Anhangabaú,"Rua Dom José de Barros, 99",República,,tombado,municipal,,,,1992-12-09,0060080032
SO_ELEGIVEL·sem dono,SO_ELEGIVEL,Área do Anhangabaú,"Rua Vinte e Quatro de Maio, 233, 237",República,,tombado,municipal,,,,1992-12-09,0060090006
SO_ELEGIVEL·sem dono,SO_ELEGIVEL,Área do Anhangabaú,"Rua Álvaro de Carvalho, 75, 77, 79",República,,tombado,municipal,,,,1992-12-09,0060320000
SO_ELEGIVEL·sem dono,SO_ELEGIVEL,Área do Anhangabaú,"Praça da República, 176, 186",República,,tombado,municipal,,,,1992-12-09,0060080000
SO_ELEGIVEL·sem dono,SO_ELEGIVEL,Área do Anhangabaú,"Rua Vinte e Quatro de Maio, 53, 57",República,,tombado,municipal,,,,1992-12-09,0060160005
SO_ELEGIVEL·sem dono,SO_ELEGIVEL,Área do Anhangabaú,"Praça da República, 250, 256",República,,tombado,municipal,,,,1992-12-09,0060090016
SO_ELEGIVEL·sem dono,SO_ELEGIVEL,Área do Anhangabaú,"Praça da República, 95, 107",República,,tombado,municipal,,,,2013-06-07,0070870000
SO_ELEGIVEL·sem dono,SO_ELEGIVEL,Área do Anhangabaú,"Rua Dom José de Barros, 278, 282",República,,tombado,municipal,,,,1992-12-09,0060170016
SO_ELEGIVEL·sem dono,SO_ELEGIVEL,Área do Anhangabaú,"Rua Coronel Xavier de Toledo, 150, 156",República,,tombado,municipal,,,,1992-12-09,0060250015
SO_ELEGIVEL·sem dono,SO_ELEGIVEL,Área do Anhangabaú,"Avenida São João, 514, 518, 518",República,,tombado,municipal,,,,1992-12-09,0010550007
SO_ELEGIVEL·sem dono,SO_ELEGIVEL,Área do Anhangabaú,"Rua Sete de Abril, 360, 364, 368",República,,tombado,municipal,,,,1992-12-09,0060080014
SO_ELEGIVEL·sem dono,SO_ELEGIVEL,Área do Anhangabaú,"Avenida Ipiranga, 741, 747, 370",República,,tombado,municipal,,,,1992-12-09,0070750029
SO_ELEGIVEL·sem dono,SO_ELEGIVEL,Área do Anhangabaú,"Rua Conselheiro Crispiniano, 329, 333",República,,tombado,municipal,,,,1992-12-09,0060170039
SO_ELEGIVEL·sem dono,SO_ELEGIVEL,Área do Anhangabaú,"Avenida Casper Líbero, 22, 48",República,,tombado,municipal,,,,1992-12-09,0010460007
SO_ELEGIVEL·sem dono,SO_ELEGIVEL,Área do Anhangabaú,"Rua Basílio da Gama, 114, 126, 91, 99, 115",República,,tombado,municipal,,,,1992-12-09,0060070318
SO_ELEGIVEL·sem dono,SO_ELEGIVEL,Área do Anhangabaú,"Avenida Prestes Maia, 297, 50",República,,tombado,municipal,,,,1992-12-09,0010480000
SO_ELEGIVEL·sem dono,SO_ELEGIVEL,Área do Anhangabaú,"Avenida São João, 345, 347",República,,tombado,municipal,,,,1992-12-09,0060270021
SO_ELEGIVEL·sem dono,SO_ELEGIVEL,Área do Anhangabaú,"Rua Capitão Salomão, 77, 79, 83",República,,tombado,municipal,,,,1992-12-09,0010580033
SO_ELEGIVEL·sem dono,SO_ELEGIVEL,Área do Anhangabaú,"Avenida Ipiranga, 866, 620, 628",República,,tombado,municipal,,,,1992-12-09,0010550161
SO_ELEGIVEL·sem dono,SO_ELEGIVEL,Área do Anhangabaú,"Rua Coronel Xavier de Toledo, 266, 272",República,,tombado,municipal,,,,1992-12-09,0060230018
SO_ELEGIVEL·sem dono,SO_ELEGIVEL,Área do Anhangabaú,"Rua Sete de Abril, 223, 235, 241",República,,tombado,municipal,,,,1992-12-09,0060070010
SO_ELEGIVEL·sem dono,SO_ELEGIVEL,Área do Anhangabaú,"Rua Coronel Xavier de Toledo, 65, 71",República,,tombado,municipal,,,,1992-12-09,0060360000
SO_ELEGIVEL·sem dono,SO_ELEGIVEL,Área do Anhangabaú,"Rua Coronel Xavier de Toledo, 78, 84",República,,tombado,municipal,,,,1992-12-09,0060250019
SO_ELEGIVEL·sem dono,SO_ELEGIVEL,Área do Anhangabaú,"Rua Barão de Itapetininga, 234, 236, 242",República,,tombado,municipal,,,,1992-12-09,0060090022
SO_ELEGIVEL·sem dono,SO_ELEGIVEL,Área do Anhangabaú,"Rua Coronel Xavier de Toledo, 280, 290, 300",República,,tombado,municipal,,,,1992-12-09,0060230019
SO_ELEGIVEL·sem dono,SO_ELEGIVEL,Área do Anhangabaú /  Edifício Eiffel,"Praça da República, 167, 203, 14",República,,tombado,municipal,,,,1992-12-09,0070850000
SO_ELEGIVEL·sem dono,SO_ELEGIVEL,Área do Anhangabaú / Antigo Conservatório Dramático e Musical de São Paulo,"Avenida São João, 269",República,,tombado,municipal+estadual,,,,1992-12-09,0060270010
SO_ELEGIVEL·sem dono,SO_ELEGIVEL,Área do Anhangabaú / Cine Art Palácio (np-1) / Projeto Rino Levi,"Avenida São João, 407, 419",República,,tombado,municipal,,,,1992-12-09,0060170822
SO_ELEGIVEL·sem dono,SO_ELEGIVEL,Área do Anhangabaú / Cine Marrocos (np-1) / Edifício (np-3),"Rua Conselheiro Crispiniano, 344, 352",República,,tombado,municipal,,,,1992-12-09,0060270025
SO_ELEGIVEL·sem dono,SO_ELEGIVEL,Área do Anhangabaú / Condominio Edificio Sete de Abril,"Rua Sete de Abril, 118, 120, 126",República,,tombado,municipal,,,,1992-12-09,0060240000
SO_ELEGIVEL·sem dono,SO_ELEGIVEL,Área do Anhangabaú / Condomínio Dona Paula Barros,"Praça da República, 419, 11, 19",República,,tombado,municipal,,,,1992-12-09,0070710000
SO_ELEGIVEL·sem dono,SO_ELEGIVEL,Área do Anhangabaú / Condomínio Edifício Lorenzo Sarti,"Praça da República, 465, 10, 16",República,,tombado,municipal,,,,1992-12-09,0070720000
SO_ELEGIVEL·sem dono,SO_ELEGIVEL,Área do Anhangabaú / Condomínio Edifício Porto Feliz,"Praça da República, 376",República,,tombado,municipal,,,,1992-12-09,0070750000
SO_ELEGIVEL·sem dono,SO_ELEGIVEL,Área do Anhangabaú / Edifício Amália,"Rua Coronel Xavier de Toledo, 246, 250, 254",República,,tombado,municipal,,,,1992-12-09,0060230016
SO_ELEGIVEL·sem dono,SO_ELEGIVEL,Área do Anhangabaú / Edifício Cadete Galvão,"Rua Vinte e Quatro de Maio, 221, 229",República,,tombado,municipal,,,,1992-12-09,0060090000
SO_ELEGIVEL·sem dono,SO_ELEGIVEL,Área do Anhangabaú / Edifício Cbi Esplanada,"Rua Formosa, 357, 373",República,,tombado,municipal,,,,1992-12-09,0060270000
SO_ELEGIVEL·sem dono,SO_ELEGIVEL,Área do Anhangabaú / Edifício Cineasta,"Avenida São João, 605, 609, 613, 617",República,,tombado,municipal,,,,1992-12-09,0060100048
SO_ELEGIVEL·sem dono,SO_ELEGIVEL,Área do Anhangabaú / Edifício Glória,"Rua Barão de Itapetininga, 26, 209, 219",República,,tombado,municipal,,,,1992-12-09,0060160000
SO_ELEGIVEL·sem dono,SO_ELEGIVEL,Área do Anhangabaú / Edifício Grupo Votorantin,"Praça Ramos de Azevedo, 254",República,,tombado,municipal,,,,1992-12-09,0060270027
SO_ELEGIVEL·sem dono,SO_ELEGIVEL,Área do Anhangabaú / Edifício Independência Ii / Bar Brahma,"Avenida Ipiranga, 785, 787, 795, 799, 665, 687",República,,tombado,municipal,,,,1992-12-09,0070750031
SO_ELEGIVEL·sem dono,SO_ELEGIVEL,Área do Anhangabaú / Edifício Itália,"Avenida Ipiranga, 336, 344, 354, 360, 364, 376, 30, 34, 50, 60, 68, 72",República,,tombado,municipal,,,,2018-08-15,0060640000
SO_ELEGIVEL·sem dono,SO_ELEGIVEL,Área do Anhangabaú / Edifício Jaraguá,"Rua Barão de Itapetininga, 87, 93, 99",República,,tombado,municipal,,,,1992-12-09,0060150001
SO_ELEGIVEL·sem dono,SO_ELEGIVEL,Área do Anhangabaú / Edifício Mercedes,"Rua Marconi, 106, 124",República,,tombado,municipal,,,,1992-12-09,0060240004
SO_ELEGIVEL·sem dono,SO_ELEGIVEL,Área do Anhangabaú / Edifício Nova República,"Rua Barão de Itapetininga, 288, 298",República,,tombado,municipal,,,,1992-12-09,0060090018
SO_ELEGIVEL·sem dono,SO_ELEGIVEL,Área do Anhangabaú / Edifício Vicentina,"Rua Sete de Abril, 167, 177, 25, 65",República,,tombado,municipal,,,,1992-12-09,0060230000
SO_ELEGIVEL·sem dono,SO_ELEGIVEL,Área do Anhangabaú / Edifício dos Correios e Telégrafos / Projeto Domiziano Rossi / Felisberto Ranzini/escritório Ramos de Azevedo/1922,"Rua Abelardo Pinto, 250, 31",República,,tombado,municipal,,,,1992-12-09,0010580001
SO_ELEGIVEL·sem dono,SO_ELEGIVEL,Área do Anhangabaú / Grande Galeria,"Rua Vinte Quatro de Maio, 62, 439",República,,tombado,municipal,,,,1992-12-09,0060170000
SO_ELEGIVEL·sem dono,SO_ELEGIVEL,Área do Anhangabaú / Igreja Nossa Senhora do Rosário dos Homens Pretos,"Largo do Paiçandu, 1",República,,tombado,municipal+estadual,,,,1992-12-09,0010560001
SO_ELEGIVEL·sem dono,SO_ELEGIVEL,Arvore das Lagrimas,"Estrada das Lagrimas, 537",Sacomã,,tombado,municipal,,,,2019-04-10,0502160000
SO_ELEGIVEL·sem dono,SO_ELEGIVEL,Casa de Mário de Andrade,"Rua Lopes Chaves, 546",Santa Cecília,,tombado,municipal+estadual,,,,1991-04-10,0200370017
SO_ELEGIVEL·sem dono,SO_ELEGIVEL,Conjunto de Edificações Na Rua Doutor Gabriel dos Santos,"Rua Gabriel dos Santos, 124",Santa Cecília,,tombado,municipal,,,,2006-10-07,0200620048
SO_ELEGIVEL·sem dono,SO_ELEGIVEL,Conjunto de Edificações Na Rua Doutor Gabriel dos Santos,"Rua Gabriel dos Santos, 142",Santa Cecília,,tombado,municipal,,,,2006-10-07,0200620046
SO_ELEGIVEL·sem dono,SO_ELEGIVEL,Conjunto de Edificações Na Rua Doutor Gabriel dos Santos,"Rua Gabriel dos Santos, 88",Santa Cecília,,tombado,municipal,,,,2006-10-07,0200620049
SO_ELEGIVEL·sem dono,SO_ELEGIVEL,Conjunto de Edificações Na Rua Doutor Gabriel dos Santos,"Rua Gabriel dos Santos, 81",Santa Cecília,,tombado,municipal,,,,2006-10-07,0200630011
SO_ELEGIVEL·sem dono,SO_ELEGIVEL,Conjunto de Edificações Na Rua Doutor Gabriel dos Santos,"Rua Gabriel dos Santos, 91",Santa Cecília,,tombado,municipal,,,,2006-10-07,0200630012
SO_ELEGIVEL·sem dono,SO_ELEGIVEL,Conjunto de Edificações Na Rua Doutor Gabriel dos Santos,"Rua Gabriel dos Santos, 167",Santa Cecília,,tombado,municipal,,,,2006-10-07,0200630019
SO_ELEGIVEL·sem dono,SO_ELEGIVEL,Conjunto de Edificações Na Rua Gabriel dos Santos,"Rua Doutor Gabriel dos Santos 196, 200, 214",Santa Cecília,,tombado,municipal,,,,2006-10-07,0200620043
SO_ELEGIVEL·sem dono,SO_ELEGIVEL,Conjunto de Imóveis Integrantes da Z8-200,"Alameda Glete, 234, 238",Santa Cecília,,tombado,municipal,,,,2017-08-17,0080250002
SO_ELEGIVEL·sem dono,SO_ELEGIVEL,Conjunto de Imóveis Integrantes da Z8-200,"Alameda Glete, 218, 222",Santa Cecília,,tombado,municipal,,,,2017-08-17,0080250004
SO_ELEGIVEL·sem dono,SO_ELEGIVEL,Conjunto de Imóveis Integrantes da Z8-200,"Alameda Barão de Piracicaba, 389, 399, 401, 403",Santa Cecília,,tombado,municipal,,,,2017-08-17,0080250005
SO_ELEGIVEL·sem dono,SO_ELEGIVEL,Conjunto de Imóveis Integrantes da Z8-200 - Item 65,"Alameda Glete, 224, 226",Santa Cecília,,tombado,municipal,,,,2017-08-17,0080250003
SO_ELEGIVEL·sem dono,SO_ELEGIVEL,Conjunto de Imóveis Integrantes da Z8-200 - Item 92,"Alameda Nothmann, 463, 485",Santa Cecília,,tombado,municipal,,,,2017-08-17,0080240021
SO_ELEGIVEL·sem dono,SO_ELEGIVEL,Edifício Mina Warchavchik / Edifício Warchavchik / Quadro 6,"Alameda Barão de Limeira, 1003",Santa Cecília,,tombado,municipal,,,,2018-11-06,0080130000
SO_ELEGIVEL·sem dono,SO_ELEGIVEL,Edifício à Alameda Cleveland 374 / Edifício da Caixa A.p. Santos Jundiaí,"Alameda Cleveland, 374",Santa Cecília,,tombado,municipal,,,,2004-10-28,0080390002
SO_ELEGIVEL·sem dono,SO_ELEGIVEL,Escola Técnica Conselheiro Antônio Prado / Escolas Primeira República,"Rua Vitorino Carmilo, 621, 9",Santa Cecília,,tombado,municipal+estadual,,,,2014-12-24,0200420006
SO_ELEGIVEL·sem dono,SO_ELEGIVEL,Imóveis Enquadrados Como Z8-200 - Anexo I - Item 100,"Alameda Barão de Piracicaba, 429, 431, 240",Santa Cecília,,tombado,municipal,,,,2017-08-17,0080250111
SO_ELEGIVEL·sem dono,SO_ELEGIVEL,Imóveis Enquadrados Como Z8-200 - Anexo I - Item 44 /,"Largo Coração de Jesus, 50",Santa Cecília,,tombado,municipal,,,,2017-08-17,0080380024
SO_ELEGIVEL·sem dono,SO_ELEGIVEL,Imóveis Enquadrados Como Z8-200 - Anexo I - Item 45 /,"Alameda Dino Bueno, 95, 97, 99, 111, 112",Santa Cecília,,tombado,municipal,,,,2017-08-17,0080370007
SO_ELEGIVEL·sem dono,SO_ELEGIVEL,Imóveis Enquadrados Como Z8-200 - Anexo I - Item 46 /,"Alameda Dino Bueno, 96, 96, 102, 104, 114, 96",Santa Cecília,,tombado,municipal,,,,2017-08-17,0080380032
SO_ELEGIVEL·sem dono,SO_ELEGIVEL,Imóveis Enquadrados Como Z8-200 - Anexo I - Item 47 /,"Alameda Dino Bueno, 138",Santa Cecília,,tombado,municipal,,,,2017-08-17,0080380030
SO_ELEGIVEL·sem dono,SO_ELEGIVEL,Imóveis Enquadrados Como Z8-200 - Anexo I - Item 63 /,"Alameda Glete, 263, 267, 273, 279, 281, 289, 1170",Santa Cecília,,tombado,municipal,,,,2017-08-17,0080360049
SO_ELEGIVEL·sem dono,SO_ELEGIVEL,Imóveis Enquadrados Como Z8-200 - Anexo I - Item 63 / Área do Centro Velho,"Avenida Rio Branco, 1160, 1162, 1168",Santa Cecília,,tombado,municipal,,,,2017-08-17,0080360027
SO_ELEGIVEL·sem dono,SO_ELEGIVEL,Imóveis Enquadrados Como Z8-200 - Anexo I - Item 68 /,"Rua Helvétia, 120",Santa Cecília,,tombado,municipal,,,,2017-08-17,0080370006
SO_ELEGIVEL·sem dono,SO_ELEGIVEL,Imóveis Enquadrados Como Z8-200 - Anexo I - Item 69 /,"Rua Helvetia, 122",Santa Cecília,,tombado,municipal,,,,2017-08-17,0080370005
SO_ELEGIVEL·sem dono,SO_ELEGIVEL,Imóveis Enquadrados Como Z8-200 - Anexo I - Item 70 /,"Rua Helvétia, 134",Santa Cecília,,tombado,municipal,,,,2017-08-17,0080370004
SO_ELEGIVEL·sem dono,SO_ELEGIVEL,Imóveis Enquadrados Como Z8-200 - Anexo I - Item 71 /,"Rua Helvétia, 136",Santa Cecília,,tombado,municipal,,,,2017-08-17,0080370003
SO_ELEGIVEL·sem dono,SO_ELEGIVEL,Imóveis Na Alameda Cleveland 601 e 617 / Casa de Santos Dumont,"Alameda Cleveland, 601, 182",Santa Cecília,,tombado,municipal+estadual,,,,2003-12-24,0080190001
SO_ELEGIVEL·sem dono,SO_ELEGIVEL,Imóvel Na Avenida Angelica 955,"Avenida Angélica, 955",Santa Cecília,,tombado,municipal,,,,2018-02-24,0070220028
SO_ELEGIVEL·sem dono,SO_ELEGIVEL,Imóvel Na Avenida Angélica,"Avenida Angelica, 954",Santa Cecília,,tombado,municipal,,,,2018-02-24,0200910009
SO_ELEGIVEL·sem dono,SO_ELEGIVEL,Palacio dos Campos Eliseos,"Avenida Rio Branco 1269, 1289, 1042",Santa Cecília,,tombado,municipal+estadual,,,,1991-04-10,0080240001
SO_ELEGIVEL·sem dono,SO_ELEGIVEL,Teatro São Pedro / Projeto Augusto Bernadelli Marchesini / Construção Antônio Villares da Silva / 1917,"Rua Barra Funda 149, 151, 171",Santa Cecília,,tombado,municipal+estadual,,,,,0200510045
SO_ELEGIVEL·sem dono,SO_ELEGIVEL,Teatro São Pedro / Projeto Augusto Bernadelli Marchesini / Construção Antônio Villares da Silva / 1917,"Rua Albuquerque Lins, 171, 171",Santa Cecília,,tombado,municipal+estadual,,,,1991-04-10,0200510044
SO_ELEGIVEL·sem dono,SO_ELEGIVEL,Arquitetura Moderna / Residência Unifamiliar,"Rua Casa Forte, 166",Santana,,tombado,municipal,,,,2018-05-16,0701500031
SO_ELEGIVEL·sem dono,SO_ELEGIVEL,Capela do Colégio Santana,"Rua Voluntários da Pátria, 2678",Santana,,tombado,municipal,,,,2019-02-26,0691630002
SO_ELEGIVEL·sem dono,SO_ELEGIVEL,Clube Esperia,"Avenida Santos Dumont, 1313, 65",Santana,,tombado,municipal,,,,2018-05-23,0732850002
SO_ELEGIVEL·sem dono,SO_ELEGIVEL,Conjunto da Aes-eletropaulo - Santana,"Rua Voluntários da Patria, 1068",Santana,,tombado,municipal,,,,2016-10-01,0730320002
SO_ELEGIVEL·sem dono,SO_ELEGIVEL,Conjunto da Penitenciaria do Estado de Sao Paulo,"Avenida General Ataliba Leonel, 656",Santana,,tombado,municipal,,,,2019-11-01,3040090001
SO_ELEGIVEL·sem dono,SO_ELEGIVEL,Edifício Sede da Ericson do Brasil / Obra de Charles Bosworth / 1968 - Item 115 / Edificações Modernas Indicadas Como Zepec,"Rua da Coroa, 500, 300",Santana,,tombado,municipal,,,,2019-05-30,3041250009
SO_ELEGIVEL·sem dono,SO_ELEGIVEL,Ee Frontino Guimarães / Projeto de José Maria da Silva Neves,"Rua Paulo Gonçalves, 55",Santana,,tombado,municipal,,,,2018-05-25,0721060034
SO_ELEGIVEL·sem dono,SO_ELEGIVEL,Eepg Padre Antônio Vieira / Escolas Primeira República,"Avenida Cruzeiro do Sul, 3301",Santana,,tombado,municipal+estadual,,,,2014-12-24,0730400021
SO_ELEGIVEL·sem dono,SO_ELEGIVEL,Ponte das Bandeiras,Ponte das Bandeiras Sen. Romeu Tuma,Santana,,tombado,municipal,,,,2018-05-04,0180000000
SO_ELEGIVEL·sem dono,SO_ELEGIVEL,Vila dos Holandeses,"Rua Marechal Hermes da Fonseca, 404, 3",Santana,,tombado,municipal,,,,2019-02-26,0721400051
SO_ELEGIVEL·sem dono,SO_ELEGIVEL,Vila dos Holandeses,"Rua Marechal Hermes da Fonseca, 404, 9",Santana,,tombado,municipal,,,,2019-02-26,0721400045
SO_ELEGIVEL·sem dono,SO_ELEGIVEL,Vila dos Holandeses,"Rua Marechal Hermes da Fonseca, 404, 10",Santana,,tombado,municipal,,,,2019-02-26,0721400044
SO_ELEGIVEL·sem dono,SO_ELEGIVEL,Vila dos Holandeses,"Rua Marechal Hermes da Fonseca, 404, 1",Santana,,tombado,municipal,,,,2019-02-26,0721400053
SO_ELEGIVEL·sem dono,SO_ELEGIVEL,Vila dos Holandeses,"Rua Marechal Hermes da Fonseca, 410",Santana,,tombado,municipal,,,,2019-02-26,0721400057
SO_ELEGIVEL·sem dono,SO_ELEGIVEL,Vila dos Holandeses,"Rua Marechal Hermes da Fonseca, 414",Santana,,tombado,municipal,,,,2019-02-26,0721400055
SO_ELEGIVEL·sem dono,SO_ELEGIVEL,Vila dos Holandeses,"Rua Marechal Hermes da Fonseca, 392, 396",Santana,,tombado,municipal,,,,2019-02-26,0721400107
SO_ELEGIVEL·sem dono,SO_ELEGIVEL,Vila dos Holandeses,"Rua Marechal Hermes da Fonseca, 404, 2",Santana,,tombado,municipal,,,,2019-02-26,0721400052
SO_ELEGIVEL·sem dono,SO_ELEGIVEL,Vila dos Holandeses,"Rua Marechal Hermes da Fonseca, 404, 12",Santana,,tombado,municipal,,,,2019-02-26,0721400041
SO_ELEGIVEL·sem dono,SO_ELEGIVEL,Vila dos Holandeses,"Rua Marechal Hermes da Fonseca, 404, 1",Santana,,tombado,municipal,,,,2019-02-26,0721400054
SO_ELEGIVEL·sem dono,SO_ELEGIVEL,Vila dos Holandeses,"Rua Marechal Hermes da Fonseca, 404, 388, 390",Santana,,tombado,municipal,,,,2019-02-26,0721400108
SO_ELEGIVEL·sem dono,SO_ELEGIVEL,Vila dos Holandeses,"Rua Marechal Hermes da Fonseca, 404, 11",Santana,,tombado,municipal,,,,2019-02-26,0721400040
SO_ELEGIVEL·sem dono,SO_ELEGIVEL,Vila dos Holandeses,"Rua Marechal Hermes da Fonseca, 404, 8",Santana,,tombado,municipal,,,,2019-02-26,0721400046
SO_ELEGIVEL·sem dono,SO_ELEGIVEL,Vila dos Holandeses,"Rua Marechal Hermes da Fonseca, 404, 12",Santana,,tombado,municipal,,,,2019-02-26,0721400043
SO_ELEGIVEL·sem dono,SO_ELEGIVEL,Vila dos Holandeses,"Rua Marechal Hermes da Fonseca, 404, 6",Santana,,tombado,municipal,,,,2019-02-26,0721400048
SO_ELEGIVEL·sem dono,SO_ELEGIVEL,Vila dos Holandeses,"Rua Marechal Hermes da Fonseca, 404, 5",Santana,,tombado,municipal,,,,2019-02-26,0721400047
SO_ELEGIVEL·sem dono,SO_ELEGIVEL,Vila dos Holandeses,"Rua Marechal Hermes da Fonseca, 404, 7",Santana,,tombado,municipal,,,,2019-02-26,0721400049
SO_ELEGIVEL·sem dono,SO_ELEGIVEL,Vila dos Holandeses,"Rua Marechal Hermes da Fonseca, 400, 404",Santana,,tombado,municipal,,,,2019-02-26,0721400106
SO_ELEGIVEL·sem dono,SO_ELEGIVEL,Vila dos Holandeses,"Rua Marechal Hermes da Fonseca, 404, 4",Santana,,tombado,municipal,,,,2019-02-26,0721400050
SO_ELEGIVEL·sem dono,SO_ELEGIVEL,Vila dos Holandeses,"Rua Marechal Hermes da Fonseca, 412",Santana,,tombado,municipal,,,,2019-02-26,0721400056
SO_ELEGIVEL·sem dono,SO_ELEGIVEL,Casa Pery Campos / Projeto Rodrigo Brotero Léfèvre e Nestor Goulart dos Reis Filho,"Rua Comendador Elias Zarzur, 895",Santo Amaro,,tombado,municipal,,,,2018-08-14,0880900007
SO_ELEGIVEL·sem dono,SO_ELEGIVEL,Centro de Processamento de Dados do Banco do Brasil/ Obra de Maurício Roberto e Márcio Roberto / 1970 - Item 120 / Edificações Modernas Indicadas Como Zepec,"Avenida das Nações Unidas, 1830",Santo Amaro,,tombado,municipal,,,,2019-05-30,0874800008
SO_ELEGIVEL·sem dono,SO_ELEGIVEL,Colégio 12 de Outubro / Conjunto de Obras do Arq. Vilanova Artigas,"Rua Comendador Elias Zarzur, 301",Santo Amaro,,tombado,municipal,,,,2019-03-23,0880930069
SO_ELEGIVEL·sem dono,SO_ELEGIVEL,Ee Professor Alberto Conte,"Avenida Mário Lopes Leão, 120",Santo Amaro,,tombado,municipal,,,,2014-10-10,0870640020
SO_ELEGIVEL·sem dono,SO_ELEGIVEL,Eixo Histórico de Santo Amaro / Biblioteca Pública Prestes Maia / Antiga Biblioteca Pública Presidente Kennedy,"Avenida João Dias, 822",Santo Amaro,,tombado,municipal,,,,2002-08-17,0873400001
SO_ELEGIVEL·sem dono,SO_ELEGIVEL,Eixo Histórico de Santo Amaro / Igreja Matriz de Santo Amaro / Mitra Diocesana de Santo Amaro,Largo Treze de Maio,Santo Amaro,,tombado,municipal,,,,2002-08-17,0880190001
SO_ELEGIVEL·sem dono,SO_ELEGIVEL,Eixo Histórico de Santo Amaro / Largo Treze de Maio,Largo Treze de Maio,Santo Amaro,,tombado,municipal,,,,2002-08-17,0880000000
SO_ELEGIVEL·sem dono,SO_ELEGIVEL,Jardim Alfomares,Rua Visconde de Porto Seguro,Santo Amaro,,tombado,municipal,,,,2020-12-09,0882590197
SO_ELEGIVEL·sem dono,SO_ELEGIVEL,Jardim Alfomares,Rua Visconde de Porto Seguro,Santo Amaro,,tombado,municipal,,,,2020-12-09,0882590198
SO_ELEGIVEL·sem dono,SO_ELEGIVEL,Jardim Alfomares,Rua Visconde de Porto Seguro,Santo Amaro,,tombado,municipal,,,,2020-12-09,0882590199
SO_ELEGIVEL·sem dono,SO_ELEGIVEL,Jardim Alfomares,Rua da Fraternidade,Santo Amaro,,tombado,municipal,,,,2020-12-09,0882590200
SO_ELEGIVEL·sem dono,SO_ELEGIVEL,Jardim Alfomares,Rua Visconde de Porto Seguro,Santo Amaro,,tombado,municipal,,,,2020-12-09,0882590201
SO_ELEGIVEL·sem dono,SO_ELEGIVEL,Jardim Alfomares,Rua Visconde de Porto Seguro,Santo Amaro,,tombado,municipal,,,,2020-12-09,0882590001
SO_ELEGIVEL·sem dono,SO_ELEGIVEL,Palacete da Família Almeida / Granja Julieta,"Rua Maestro Jordão Bernardino de Sene, 385",Santo Amaro,,tombado,municipal,,,,2019-02-26,0872480001
SO_ELEGIVEL·sem dono,SO_ELEGIVEL,Residência Elza Berquó / Obra de João Vilanova Artigas / 1967 - Item 87,"Rua Paulo Roberto Paes de Almeida, 51",Santo Amaro,,tombado,municipal,,,,2019-03-23,0904810003
SO_ELEGIVEL·sem dono,SO_ELEGIVEL,Residência James Francis King / Obra de Paulo Mendes da Rocha / 1972 - Item 146 / Chácara Flora,"Rua Angra dos Reis, 300",Santo Amaro,,tombado,municipal+estadual,,,,2019-02-26,0900130015
SO_ELEGIVEL·sem dono,SO_ELEGIVEL,Residência e Estúdio do Artista Plástico Santamerense Júlio Guerra,"Avenida João Dias, 750",Santo Amaro,,tombado,municipal,,,,2014-10-18,0873790188
SO_ELEGIVEL·sem dono,SO_ELEGIVEL,Residência e Estúdio do Artista Plástico Santamerense Júlio Guerra,"Avenida João Dias, 754",Santo Amaro,,tombado,municipal,,,,2014-10-18,0873790187
SO_ELEGIVEL·sem dono,SO_ELEGIVEL,Seminário Verbo Divino / Colégio Pueri Domus / Vegetação Arbórea,"Rua Verbo Divino, 993",Santo Amaro,,tombado,municipal,,,,2010-06-11,0873740004
SO_ELEGIVEL·sem dono,SO_ELEGIVEL,Teatro Paulo Eiro,"Avenida Adolfo Pinheiro, 765, 951",Santo Amaro,,tombado,municipal,,,,1992-11-25,0872510001
SO_ELEGIVEL·sem dono,SO_ELEGIVEL,Terreiro de Candomblé Ilé Dara Asé Osun Eyin,"Rua José Domingues de Pontes, 7",Sapopemba,,tombado,municipal,,,,2024-08-22,1551930016
SO_ELEGIVEL·sem dono,SO_ELEGIVEL,Casarão do Anastacio,Avenida Otaviano Alves de Lima,São Domingos,,tombado,municipal,,,,2013-06-08,0785190101
SO_ELEGIVEL·sem dono,SO_ELEGIVEL,"Casarão Neocolonial da Oratório, 172 / Sede da Subprefeitura da Vila Prudente","Avenida do Oratório, 172",São Lucas,,tombado,municipal,,,,2017-09-27,1185410001
SO_ELEGIVEL·sem dono,SO_ELEGIVEL,Companhia Nitro Química Brasileira,"Avenida Doutor José Artur da Nova, 951, 1, 1, 3, 5, 7, 9, 11, 13, 15, 17, 19, 21, 23, 25",São Miguel,,tombado,municipal,,,,2012-06-07,1128490001
SO_ELEGIVEL·sem dono,SO_ELEGIVEL,Antigo Banco de São Paulo / Área do Anhangabaú,"Praça Antônio Prado, 9, 347, 380, 398",Sé,,tombado,municipal+estadual,,,,1992-12-09,0010730002
SO_ELEGIVEL·sem dono,SO_ELEGIVEL,Associação Auxiliadora das Classes Laboriosas / Área do Centro Velho / Área de Interesse Arqueológico,"Rua Roberto Simonsen 16, 20, 22",Sé,,tombado,municipal+estadual,,,,2002-03-09,0020740007
SO_ELEGIVEL·sem dono,SO_ELEGIVEL,Caminho Histórico Glória-lavapés / Igepac Liberdade 2,"Rua da Glória, 38, 52",Sé,,tombado,municipal,,,,2019-07-23,0050390000
SO_ELEGIVEL·sem dono,SO_ELEGIVEL,Caminho Histórico Glória-lavapés / Igepac Liberdade 2,"Rua da Glória, 141, 145",Sé,,tombado,municipal,,,,2019-07-23,0050400047
SO_ELEGIVEL·sem dono,SO_ELEGIVEL,Capela do Menino Jesus e Santa Luzia,"Rua Tabatingüera, 104, 114",Sé,,tombado,municipal+estadual,,,,2002-11-15,0050761684
SO_ELEGIVEL·sem dono,SO_ELEGIVEL,Capela dos Aflitos,"Bc dos Aflitos, 70",Sé,,tombado,municipal+estadual,,,,1991-04-10,0050510039
SO_ELEGIVEL·sem dono,SO_ELEGIVEL,Casa Juisi Phosphorus,"Rua Roberto Simonsen, 106, 108",Sé,,tombado,municipal,,,,2015-05-19,0020590048
SO_ELEGIVEL·sem dono,SO_ELEGIVEL,Casa da Marquesa de Santos (antigo Solar da Marquesa) / Área do Centro Velho / Área de Interesse Arqueológico,"Rua Doutor Bitencourt Rodrigues, 187, 126, 136, 136",Sé,,tombado,municipal+estadual,,,,1991-04-10,0020590051
SO_ELEGIVEL·sem dono,SO_ELEGIVEL,Conjunto de Imóveis Enquadrados Como Z8-200,"Praça da Se, 58",Sé,,tombado,municipal,,,,2017-08-17,0050120000
SO_ELEGIVEL·sem dono,SO_ELEGIVEL,Conjunto de Imóveis Enquadrados Como Z8-200,"Praça da Sé 88, 92, 25, 29, 33, 37, 41, 47, 51",Sé,,tombado,municipal,,,,2017-08-17,0050150000
SO_ELEGIVEL·sem dono,SO_ELEGIVEL,Edificio Itatiaia,"Rua Senador Feijó, 25, 29, 37, 41, 230",Sé,,tombado,municipal,,,,2007-07-25,0050220021
SO_ELEGIVEL·sem dono,SO_ELEGIVEL,Edificio Ivahy,"Rua Quintino Bocaiúva, 215, 219, 225, 231, 237, 57, 63, 69, 73, 79",Sé,,tombado,municipal,,,,2007-07-25,0050220000
SO_ELEGIVEL·sem dono,SO_ELEGIVEL,Edifício Banco Paulista / Área do Anhangabaú,"Ld Porto Geral, 35, 55, 304, 314",Sé,,tombado,municipal,,,,1992-12-09,0010640000
SO_ELEGIVEL·sem dono,SO_ELEGIVEL,Edifício Garagem América / Edifício Central Riachuelo,"Avenida Vinte e Três de Maio, 163, 209",Sé,,tombado,municipal+estadual,,,,2017-08-29,0050190014
SO_ELEGIVEL·sem dono,SO_ELEGIVEL,Edifício Gastão Vidigal (antiga Bolsa de Valores) / Área do Centro Velho,"Rua Álvares Penteado, 151, 165",Sé,,tombado,municipal,,,,2007-07-25,0010810005
SO_ELEGIVEL·sem dono,SO_ELEGIVEL,Edifício Saldanha Marinho,"Rua Líbero Badaró, 39, 52",Sé,,tombado,municipal+estadual,,,,1991-04-10,0050080001
SO_ELEGIVEL·sem dono,SO_ELEGIVEL,Eixo Liberdade-vergueiro / Igepac Liberdade /  Igreja dos Enforcados de Santa Cruz das Almas,"Praça da Liberdade, 238",Sé,,tombado,municipal,,,,2019-09-25,0050790015
SO_ELEGIVEL·sem dono,SO_ELEGIVEL,Igepac Liberdade / Área do Glicério / Tabela I - Item 4,"Rua Conde de Sarzedas, 230, 232",Sé,,tombado,municipal,,,,2019-11-22,0050460132
SO_ELEGIVEL·sem dono,SO_ELEGIVEL,Igepac Liberdade / Área do Glicério / Tabela I - Item 4,"Rua Anita Ferraz, 22",Sé,,tombado,municipal,,,,2019-11-22,0050460158
SO_ELEGIVEL·sem dono,SO_ELEGIVEL,Igepac Liberdade / Área do Glicério / Tabela I - Item 4,"Rua Conde de Sarzedas, 222, 224",Sé,,tombado,municipal,,,,2019-11-22,0050460133
SO_ELEGIVEL·sem dono,SO_ELEGIVEL,Igepac Liberdade / Área do Glicério / Tabela I - Item 4,"Rua Anita Ferraz, 18",Sé,,tombado,municipal,,,,2019-11-22,0050460159
SO_ELEGIVEL·sem dono,SO_ELEGIVEL,Igreja da Irmandade de Nossa Senhora da Boa Morte / Casa Paroquial / Área do Centro Velho / Imóveis Enquadrados Como Z8-200 - Anexo I - Item,"Rua do Carmo, 202, 285, 301, 317",Sé,,tombado,municipal+estadual,,,,1991-04-10,0030020015
SO_ELEGIVEL·sem dono,SO_ELEGIVEL,Igreja da Venerável Ordem Terceira de Nossa Senhora do Carmo / Área do Centro Velho,"Rua do Carmo, 230",Sé,,tombado,municipal+estadual+federal,,,,1992-12-16,0030030001
SO_ELEGIVEL·sem dono,SO_ELEGIVEL,Igreja de São Gonçalo / Caminho Histórico Glória-lavapés /área de Interesse Arqueológico,"Praça Doutor João Mendes, 108, 45, 77",Sé,,tombado,municipal+estadual,,,,1991-04-10,0050300065
SO_ELEGIVEL·sem dono,SO_ELEGIVEL,"Imovel à Rua do Carmo, 107","Rua do Carmo, 107",Sé,,tombado,municipal,,,,2021-12-08,0030030045
SO_ELEGIVEL·sem dono,SO_ELEGIVEL,Imóveis Enquadrados Como Z8-200 - Anexo I - Item,"Rua Quinze de Novembro, 251",Sé,,tombado,municipal,,,,2017-08-17,0010820007
SO_ELEGIVEL·sem dono,SO_ELEGIVEL,Imóveis Enquadrados Como Z8-200 - Anexo I - Item,"Rua Quinze de Novembro, 194",Sé,,tombado,municipal,,,,2017-08-17,0010830016
SO_ELEGIVEL·sem dono,SO_ELEGIVEL,Imóveis Enquadrados Como Z8-200 - Anexo I - Item 1,"Rua Comendador Abdo Schahin, 224",Sé,,tombado,municipal,,,,2017-08-17,0010670021
SO_ELEGIVEL·sem dono,SO_ELEGIVEL,Imóveis Enquadrados Como Z8-200 - Anexo I - Item 11,"Rua Álvares Penteado, 177, 185",Sé,,tombado,municipal,,,,2017-08-17,0010810004
SO_ELEGIVEL·sem dono,SO_ELEGIVEL,Imóveis Enquadrados Como Z8-200 - Anexo I - Item 132 / Área do Centro Velho / Área de Interesse Arqueológico,"Rua Roberto Simonsen, 13, 17, 25, 31",Sé,,tombado,municipal,,,,2017-08-17,0020730002
SO_ELEGIVEL·sem dono,SO_ELEGIVEL,Imóveis Enquadrados Como Z8-200 - Anexo I - Item 157,"Rua Conde de Sarzedas, 255",Sé,,tombado,municipal,,,,2017-08-17,0050430008
SO_ELEGIVEL·sem dono,SO_ELEGIVEL,Imóveis Enquadrados Como Z8-200 - Anexo I - Item 158,"Rua Conde de Sarzedas, 257, 257",Sé,,tombado,municipal,,,,2017-08-17,0050430009
SO_ELEGIVEL·sem dono,SO_ELEGIVEL,Imóveis Enquadrados Como Z8-200 - Anexo I - Item 159,"Rua Conde de Sarzedas, 265",Sé,,tombado,municipal,,,,2017-08-17,0050430010
SO_ELEGIVEL·sem dono,SO_ELEGIVEL,Imóveis Enquadrados Como Z8-200 - Anexo I - Item 16 / Palacete São Jorge,"Rua Carlos de Sousa Nazaré, 258, 260, 264, 268, 272, 276, 280, 284, 286, 290, 294, 298, 302, 308, 314, 316, 320",Sé,,tombado,municipal,,,,2017-08-17,0010510000
SO_ELEGIVEL·sem dono,SO_ELEGIVEL,Imóveis Enquadrados Como Z8-200 - Anexo I - Item 160,"Rua Conde de Sarzedas, 267, 267",Sé,,tombado,municipal,,,,2017-08-17,0050430011
SO_ELEGIVEL·sem dono,SO_ELEGIVEL,Imóveis Enquadrados Como Z8-200 - Anexo I - Item 161,"Rua Conde de Sarzedas, 275",Sé,,tombado,municipal,,,,2017-08-17,0050430012
SO_ELEGIVEL·sem dono,SO_ELEGIVEL,Imóveis Enquadrados Como Z8-200 - Anexo I - Item 162,"Rua Conde de Sarzedas, 277",Sé,,tombado,municipal,,,,2017-08-17,0050430013
SO_ELEGIVEL·sem dono,SO_ELEGIVEL,Imóveis Enquadrados Como Z8-200 - Anexo I - Item 163,"Rua Conde de Sarzedas, 285",Sé,,tombado,municipal,,,,2017-08-17,0050430014
SO_ELEGIVEL·sem dono,SO_ELEGIVEL,Imóveis Enquadrados Como Z8-200 - Anexo I - Item 164,"Rua João de Carvalho, 287",Sé,,tombado,municipal,,,,2017-08-17,0050430032
SO_ELEGIVEL·sem dono,SO_ELEGIVEL,Imóveis Enquadrados Como Z8-200 - Anexo I - Item 165,"Rua Conde de Sarzedas, 354",Sé,,tombado,municipal,,,,2017-08-17,0050460112
SO_ELEGIVEL·sem dono,SO_ELEGIVEL,Imóveis Enquadrados Como Z8-200 - Anexo I - Item 166,"Rua Conde de Sarzedas, 362",Sé,,tombado,municipal,,,,2017-08-17,0050460111
SO_ELEGIVEL·sem dono,SO_ELEGIVEL,Imóveis Enquadrados Como Z8-200 - Anexo I - Item 167,"Rua Conde de Sarzedas, 364",Sé,,tombado,municipal,,,,2017-08-17,0050460110
SO_ELEGIVEL·sem dono,SO_ELEGIVEL,Imóveis Enquadrados Como Z8-200 - Anexo I - Item 168,"Rua Conde de Sarzedas, 368, 372",Sé,,tombado,municipal,,,,2017-08-17,0050460109
SO_ELEGIVEL·sem dono,SO_ELEGIVEL,Imóveis Enquadrados Como Z8-200 - Anexo I - Item 169,"Rua Conde de Sarzedas, 374",Sé,,tombado,municipal,,,,2017-08-17,0050460108
SO_ELEGIVEL·sem dono,SO_ELEGIVEL,Imóveis Enquadrados Como Z8-200 - Anexo I - Item 17,"Rua do Carmo, 239",Sé,,tombado,municipal,,,,2017-08-17,0030060002
SO_ELEGIVEL·sem dono,SO_ELEGIVEL,Imóveis Enquadrados Como Z8-200 - Anexo I - Item 170,"Rua Conde de Sarzedas, 382",Sé,,tombado,municipal,,,,2017-08-17,0050460107
SO_ELEGIVEL·sem dono,SO_ELEGIVEL,Imóveis Enquadrados Como Z8-200 - Anexo I - Item 171,"Rua Conde de Sarzedas, 384",Sé,,tombado,municipal,,,,2017-08-17,0050460106
SO_ELEGIVEL·sem dono,SO_ELEGIVEL,Imóveis Enquadrados Como Z8-200 - Anexo I - Item 173,"Rua Conde de Sarzedas, 396, 398",Sé,,tombado,municipal,,,,2017-08-17,0050460104
SO_ELEGIVEL·sem dono,SO_ELEGIVEL,Imóveis Enquadrados Como Z8-200 - Anexo I - Item 174,"Rua Conde de Sarzedas, 400, 402, 404, 408, 412",Sé,,tombado,municipal,,,,2017-08-17,0050460103
SO_ELEGIVEL·sem dono,SO_ELEGIVEL,Imóveis Enquadrados Como Z8-200 - Anexo I - Item 179 / Área do Centro Velho / Área de Interesse Arqueológico,"Praça da Sé, 96, 100, 104",Sé,,tombado,municipal,,,,2017-08-17,0050150007
SO_ELEGIVEL·sem dono,SO_ELEGIVEL,Imóveis Enquadrados Como Z8-200 - Anexo I - Item 18 / Antigo Grupo Escolar Miss Brown,"Rua do Carmo, 88",Sé,,tombado,municipal,,,,2017-08-17,0030020001
SO_ELEGIVEL·sem dono,SO_ELEGIVEL,Imóveis Enquadrados Como Z8-200 - Anexo I - Item 180 / Área do Centro Velho / Área de Interesse Arqueológico,"Rua Benjamim Constant, 18, 26, 30, 32, 36, 108, 118",Sé,,tombado,municipal,,,,2017-08-17,0050150008
SO_ELEGIVEL·sem dono,SO_ELEGIVEL,Imóveis Enquadrados Como Z8-200 - Anexo I - Item 181,"Rua Benjamim Constant, 23, 25, 27, 29, 29A, 142, 146",Sé,,tombado,municipal,,,,2017-08-17,0050210007
SO_ELEGIVEL·sem dono,SO_ELEGIVEL,Imóveis Enquadrados Como Z8-200 - Anexo I - Item 182,"Rua Silveira Martins, 119, 123",Sé,,tombado,municipal,,,,2017-08-17,0030020026
SO_ELEGIVEL·sem dono,SO_ELEGIVEL,Imóveis Enquadrados Como Z8-200 - Anexo I - Item 183,"Rua Silveira Martins, 127, 131",Sé,,tombado,municipal,,,,2017-08-17,0030020025
SO_ELEGIVEL·sem dono,SO_ELEGIVEL,Imóveis Enquadrados Como Z8-200 - Anexo I - Item 184,"Rua Silveira Martins, 133, 137",Sé,,tombado,municipal,,,,2017-08-17,0030020024
SO_ELEGIVEL·sem dono,SO_ELEGIVEL,Imóveis Enquadrados Como Z8-200 - Anexo I - Item 185,"Rua Silveira Martins, 141, 145",Sé,,tombado,municipal,,,,2017-08-17,0030020023
SO_ELEGIVEL·sem dono,SO_ELEGIVEL,Imóveis Enquadrados Como Z8-200 - Anexo I - Item 186,"Rua Silveira Martins, 147, 149, 151",Sé,,tombado,municipal,,,,2017-08-17,0030020022
SO_ELEGIVEL·sem dono,SO_ELEGIVEL,Imóveis Enquadrados Como Z8-200 - Anexo I - Item 187,"Rua Silveira Martins, 153, 157",Sé,,tombado,municipal,,,,2017-08-17,0030020021
SO_ELEGIVEL·sem dono,SO_ELEGIVEL,Imóveis Enquadrados Como Z8-200 - Anexo I - Item 188,"Rua Silveira Martins, 161, 165",Sé,,tombado,municipal,,,,2017-08-17,0030020020
SO_ELEGIVEL·sem dono,SO_ELEGIVEL,Imóveis Enquadrados Como Z8-200 - Anexo I - Item 189,"Rua Silveira Martins, 167, 171",Sé,,tombado,municipal,,,,2017-08-17,0030020019
SO_ELEGIVEL·sem dono,SO_ELEGIVEL,Imóveis Enquadrados Como Z8-200 - Anexo I - Item 19,"Rua do Carmo, 114, 122",Sé,,tombado,municipal,,,,2017-08-17,0030020003
SO_ELEGIVEL·sem dono,SO_ELEGIVEL,Imóveis Enquadrados Como Z8-200 - Anexo I - Item 190,"Rua Silveira Martins, 177, 179",Sé,,tombado,municipal,,,,2017-08-17,0030020018
SO_ELEGIVEL·sem dono,SO_ELEGIVEL,Imóveis Enquadrados Como Z8-200 - Anexo I - Item 191,"Rua Silveira Martins, 183, 185, 189, 193",Sé,,tombado,municipal,,,,2017-08-17,0030020017
SO_ELEGIVEL·sem dono,SO_ELEGIVEL,Imóveis Enquadrados Como Z8-200 - Anexo I - Item 192,"Vila Suíça, 2",Sé,,tombado,municipal,,,,2017-08-17,0050460097
SO_ELEGIVEL·sem dono,SO_ELEGIVEL,Imóveis Enquadrados Como Z8-200 - Anexo I - Item 194,"Vila Suíça, 2",Sé,,tombado,municipal,,,,2017-08-17,0050460095
SO_ELEGIVEL·sem dono,SO_ELEGIVEL,Imóveis Enquadrados Como Z8-200 - Anexo I - Item 195,"Vila Suíça, 4",Sé,,tombado,municipal,,,,2017-08-17,0050460093
SO_ELEGIVEL·sem dono,SO_ELEGIVEL,Imóveis Enquadrados Como Z8-200 - Anexo I - Item 196,"Vila Suíça, 10",Sé,,tombado,municipal,,,,2017-08-17,0050460090
SO_ELEGIVEL·sem dono,SO_ELEGIVEL,Imóveis Enquadrados Como Z8-200 - Anexo I - Item 197,"Vila Suíça, 12",Sé,,tombado,municipal,,,,2017-08-17,0050460089
SO_ELEGIVEL·sem dono,SO_ELEGIVEL,Imóveis Enquadrados Como Z8-200 - Anexo I - Item 198,"Vila Suíça, 14",Sé,,tombado,municipal,,,,2017-08-17,0050460088
SO_ELEGIVEL·sem dono,SO_ELEGIVEL,Imóveis Enquadrados Como Z8-200 - Anexo I - Item 199,"Vila Suíça, 16",Sé,,tombado,municipal,,,,2017-08-17,0050460087
SO_ELEGIVEL·sem dono,SO_ELEGIVEL,Imóveis Enquadrados Como Z8-200 - Anexo I - Item 20,"Rua do Carmo, 124, 128",Sé,,tombado,municipal,,,,2017-08-17,0030020004
SO_ELEGIVEL·sem dono,SO_ELEGIVEL,Imóveis Enquadrados Como Z8-200 - Anexo I - Item 200,"Vila Suíça, 18",Sé,,tombado,municipal,,,,2017-08-17,0050460086
SO_ELEGIVEL·sem dono,SO_ELEGIVEL,Imóveis Enquadrados Como Z8-200 - Anexo I - Item 201,"Vila Suíça, 20",Sé,,tombado,municipal,,,,2017-08-17,0050460085
SO_ELEGIVEL·sem dono,SO_ELEGIVEL,Imóveis Enquadrados Como Z8-200 - Anexo I - Item 202,"Vila Suíça, 22",Sé,,tombado,municipal,,,,2017-08-17,0050460084
SO_ELEGIVEL·sem dono,SO_ELEGIVEL,Imóveis Enquadrados Como Z8-200 - Anexo I - Item 203,"Vila Suíça, 24",Sé,,tombado,municipal,,,,2017-08-17,0050460083
SO_ELEGIVEL·sem dono,SO_ELEGIVEL,Imóveis Enquadrados Como Z8-200 - Anexo I - Item 204,"Vila Suíça, 26",Sé,,tombado,municipal,,,,2017-08-17,0050460082
SO_ELEGIVEL·sem dono,SO_ELEGIVEL,Imóveis Enquadrados Como Z8-200 - Anexo I - Item 205,"Vila Suíça, 28",Sé,,tombado,municipal,,,,2017-08-17,0050460080
SO_ELEGIVEL·sem dono,SO_ELEGIVEL,Imóveis Enquadrados Como Z8-200 - Anexo I - Item 205,"Vila Suíça, 28",Sé,,tombado,municipal,,,,2017-08-17,0050460081
SO_ELEGIVEL·sem dono,SO_ELEGIVEL,Imóveis Enquadrados Como Z8-200 - Anexo I - Item 206,"Vila Suíça, 30",Sé,,tombado,municipal,,,,2017-08-17,0050460079
SO_ELEGIVEL·sem dono,SO_ELEGIVEL,Imóveis Enquadrados Como Z8-200 - Anexo I - Item 207,"Vila Suíça, 32",Sé,,tombado,municipal,,,,2017-08-17,0050460078
SO_ELEGIVEL·sem dono,SO_ELEGIVEL,Imóveis Enquadrados Como Z8-200 - Anexo I - Item 208,"Rua do Carmo, 249, 369, 375",Sé,,tombado,municipal,,,,2017-08-17,0030060001
SO_ELEGIVEL·sem dono,SO_ELEGIVEL,Imóveis Enquadrados Como Z8-200 - Anexo I - Item 209 / Área do Centro Velho,"Rua Tabatingüera, 385",Sé,,tombado,municipal,,,,2017-08-17,0030060029
SO_ELEGIVEL·sem dono,SO_ELEGIVEL,Imóveis Enquadrados Como Z8-200 - Anexo I - Item 21 / Área  do Centro Velho - Anexo 1 - Edificações - Item 15,"Rua do Carmo, 132, 136",Sé,,tombado,municipal,,,,2017-08-17,0030020005
SO_ELEGIVEL·sem dono,SO_ELEGIVEL,Imóveis Enquadrados Como Z8-200 - Anexo I - Item 210 / Área do Centro Velho,"Rua dos Carmelitas, 206, 210, 389",Sé,,tombado,municipal,,,,2017-08-17,0030060028
SO_ELEGIVEL·sem dono,SO_ELEGIVEL,Imóveis Enquadrados Como Z8-200 - Anexo I - Item 216 / Área do Centro Velho / Área de Interesse Arqueológico,"Rua Roberto Simonsen, 35, 50, 54, 54, 62, 66, 70, 74, 78, 82, 86, 92, 96, 100, 104",Sé,,tombado,municipal,,,,2017-08-17,0020730001
SO_ELEGIVEL·sem dono,SO_ELEGIVEL,Imóveis Enquadrados Como Z8-200 - Anexo I - Item 217,"Rua Comendador Abdo Schahin, 235, 237, 872",Sé,,tombado,municipal,,,,2017-08-17,0010650009
SO_ELEGIVEL·sem dono,SO_ELEGIVEL,Imóveis Enquadrados Como Z8-200 - Anexo I - Item 22,"Rua do Carmo, 138, 142",Sé,,tombado,municipal,,,,2017-08-17,0030020006
SO_ELEGIVEL·sem dono,SO_ELEGIVEL,Imóveis Enquadrados Como Z8-200 - Anexo I - Item 23,"Rua do Carmo, 146, 150",Sé,,tombado,municipal,,,,2017-08-17,0030020007
SO_ELEGIVEL·sem dono,SO_ELEGIVEL,Imóveis Enquadrados Como Z8-200 - Anexo I - Item 24,"Rua do Carmo, 152, 156",Sé,,tombado,municipal,,,,2017-08-17,0030020008
SO_ELEGIVEL·sem dono,SO_ELEGIVEL,Imóveis Enquadrados Como Z8-200 - Anexo I - Item 25,"Rua do Carmo, 160, 164",Sé,,tombado,municipal,,,,2017-08-17,0030020009
SO_ELEGIVEL·sem dono,SO_ELEGIVEL,Imóveis Enquadrados Como Z8-200 - Anexo I - Item 26,"Rua do Carmo, 166, 170",Sé,,tombado,municipal,,,,2017-08-17,0030020010
SO_ELEGIVEL·sem dono,SO_ELEGIVEL,Imóveis Enquadrados Como Z8-200 - Anexo I - Item 27,"Rua do Carmo, 176, 178",Sé,,tombado,municipal,,,,2017-08-17,0030020011
SO_ELEGIVEL·sem dono,SO_ELEGIVEL,Imóveis Enquadrados Como Z8-200 - Anexo I - Item 28,"Rua do Carmo, 198",Sé,,tombado,municipal,,,,2017-08-17,0030020014
SO_ELEGIVEL·sem dono,SO_ELEGIVEL,Imóveis Enquadrados Como Z8-200 - Anexo I - Item 29,"Rua Carolina Augusta, 27",Sé,,tombado,municipal,,,,2017-08-17,0050430021
SO_ELEGIVEL·sem dono,SO_ELEGIVEL,Imóveis Enquadrados Como Z8-200 - Anexo I - Item 3,"Rua Comendador Abdo Schahin, 238, 240",Sé,,tombado,municipal,,,,2017-08-17,0010670023
SO_ELEGIVEL·sem dono,SO_ELEGIVEL,Imóveis Enquadrados Como Z8-200 - Anexo I - Item 30,"Rua Carolina Augusta, 33",Sé,,tombado,municipal,,,,2017-08-17,0050430022
SO_ELEGIVEL·sem dono,SO_ELEGIVEL,Imóveis Enquadrados Como Z8-200 - Anexo I - Item 31,"Rua Carolina Augusta, 39",Sé,,tombado,municipal,,,,2017-08-17,0050430023
SO_ELEGIVEL·sem dono,SO_ELEGIVEL,Imóveis Enquadrados Como Z8-200 - Anexo I - Item 32,"Rua Carolina Augusta, 45",Sé,,tombado,municipal,,,,2017-08-17,0050430024
SO_ELEGIVEL·sem dono,SO_ELEGIVEL,Imóveis Enquadrados Como Z8-200 - Anexo I - Item 33,"Rua Carolina Augusta, 49",Sé,,tombado,municipal,,,,2017-08-17,0050430025
SO_ELEGIVEL·sem dono,SO_ELEGIVEL,Imóveis Enquadrados Como Z8-200 - Anexo I - Item 34,"Rua Carolina Augusta, 55",Sé,,tombado,municipal,,,,2017-08-17,0050430026
SO_ELEGIVEL·sem dono,SO_ELEGIVEL,Imóveis Enquadrados Como Z8-200 - Anexo I - Item 35 / Área do Centro Velho,"Rua Carolina Augusta, 95",Sé,,tombado,municipal,,,,2017-08-17,0050760082
SO_ELEGIVEL·sem dono,SO_ELEGIVEL,Imóveis Enquadrados Como Z8-200 - Anexo I - Item 36 / Área do Centro Velho,"Rua Carolina Augusta, 24",Sé,,tombado,municipal,,,,2017-08-17,0050760105
SO_ELEGIVEL·sem dono,SO_ELEGIVEL,Imóveis Enquadrados Como Z8-200 - Anexo I - Item 37 / Área do Centro Velho,"Rua Carolina Augusta, 26",Sé,,tombado,municipal,,,,2017-08-17,0050760104
SO_ELEGIVEL·sem dono,SO_ELEGIVEL,Imóveis Enquadrados Como Z8-200 - Anexo I - Item 38 / Área do Centro Velho,"Rua Carolina Augusta, 32",Sé,,tombado,municipal,,,,2017-08-17,0050760103
SO_ELEGIVEL·sem dono,SO_ELEGIVEL,Imóveis Enquadrados Como Z8-200 - Anexo I - Item 39 / Área do Centro Velho,"Rua Carolina Augusta, 36",Sé,,tombado,municipal,,,,2017-08-17,0050760102
SO_ELEGIVEL·sem dono,SO_ELEGIVEL,Imóveis Enquadrados Como Z8-200 - Anexo I - Item 40 / Área do Centro Velho,"Rua Carolina Augusta, 42",Sé,,tombado,municipal,,,,2017-08-17,0050760101
SO_ELEGIVEL·sem dono,SO_ELEGIVEL,Imóveis Enquadrados Como Z8-200 - Anexo I - Item 41 / Área do Centro Velho,"Rua Carolina Augusta, 46",Sé,,tombado,municipal,,,,2017-08-17,0050760100
SO_ELEGIVEL·sem dono,SO_ELEGIVEL,Imóveis Enquadrados Como Z8-200 - Anexo I - Item 42 / Área do Centro Velho,"Rua Carolina Augusta, 52",Sé,,tombado,municipal,,,,2017-08-17,0050760099
SO_ELEGIVEL·sem dono,SO_ELEGIVEL,Imóveis Enquadrados Como Z8-200 - Anexo I - Item 48,"Rua dos Estudantes, 539",Sé,,tombado,municipal,,,,2017-08-17,0050460065
SO_ELEGIVEL·sem dono,SO_ELEGIVEL,Imóveis Enquadrados Como Z8-200 - Anexo I - Item 49,"Rua dos Estudantes, 547",Sé,,tombado,municipal,,,,2017-08-17,0050460066
SO_ELEGIVEL·sem dono,SO_ELEGIVEL,Imóveis Enquadrados Como Z8-200 - Anexo I - Item 4a / Área do Centro Velho,"Rua Comendador Afonso Kherlakian, 63, 67",Sé,,tombado,municipal,,,,2017-08-17,0010510053
SO_ELEGIVEL·sem dono,SO_ELEGIVEL,Imóveis Enquadrados Como Z8-200 - Anexo I - Item 4b / Área do Centro Velho,"Rua Comendador Afonso Kherlakian, 57",Sé,,tombado,municipal,,,,2017-08-17,0010510054
SO_ELEGIVEL·sem dono,SO_ELEGIVEL,Imóveis Enquadrados Como Z8-200 - Anexo I - Item 4c / Área do Centro Velho,"Rua Comendador Afonso Kherlakian, 49, 51",Sé,,tombado,municipal,,,,2017-08-17,0010510055
SO_ELEGIVEL·sem dono,SO_ELEGIVEL,Imóveis Enquadrados Como Z8-200 - Anexo I - Item 50,"Rua dos Estudantes, 549",Sé,,tombado,municipal,,,,2017-08-17,0050460067
SO_ELEGIVEL·sem dono,SO_ELEGIVEL,Imóveis Enquadrados Como Z8-200 - Anexo I - Item 51,"Rua dos Estudantes, 559",Sé,,tombado,municipal,,,,2017-08-17,0050460068
SO_ELEGIVEL·sem dono,SO_ELEGIVEL,Imóveis Enquadrados Como Z8-200 - Anexo I - Item 52,"Rua dos Estudantes, 561",Sé,,tombado,municipal,,,,2017-08-17,0050460069
SO_ELEGIVEL·sem dono,SO_ELEGIVEL,Imóveis Enquadrados Como Z8-200 - Anexo I - Item 53,"Rua dos Estudantes, 569",Sé,,tombado,municipal,,,,2017-08-17,0050460070
SO_ELEGIVEL·sem dono,SO_ELEGIVEL,Imóveis Enquadrados Como Z8-200 - Anexo I - Item 54,"Rua dos Estudantes, 571",Sé,,tombado,municipal,,,,2017-08-17,0050460071
SO_ELEGIVEL·sem dono,SO_ELEGIVEL,Imóveis Enquadrados Como Z8-200 - Anexo I - Item 55,"Rua dos Estudantes, 591",Sé,,tombado,municipal,,,,2017-08-17,0050460072
SO_ELEGIVEL·sem dono,SO_ELEGIVEL,Imóveis Enquadrados Como Z8-200 - Anexo I - Item 56,"Rua dos Estudantes, 595",Sé,,tombado,municipal,,,,2017-08-17,0050460073
SO_ELEGIVEL·sem dono,SO_ELEGIVEL,Imóveis Enquadrados Como Z8-200 - Anexo I - Item 57,"Rua dos Estudantes, 601",Sé,,tombado,municipal,,,,2017-08-17,0050460074
SO_ELEGIVEL·sem dono,SO_ELEGIVEL,Imóveis Enquadrados Como Z8-200 - Anexo I - Item 58,"Rua dos Estudantes, 603",Sé,,tombado,municipal,,,,2017-08-17,0050460075
SO_ELEGIVEL·sem dono,SO_ELEGIVEL,Imóveis Enquadrados Como Z8-200 - Anexo I - Item 59a,"Rua dos Estudantes, 609",Sé,,tombado,municipal,,,,2017-08-17,0050460076
SO_ELEGIVEL·sem dono,SO_ELEGIVEL,Imóveis Enquadrados Como Z8-200 - Anexo I - Item 59b,"Vila Suíça, 34, 619",Sé,,tombado,municipal,,,,2017-08-17,0050460077
SO_ELEGIVEL·sem dono,SO_ELEGIVEL,Imóveis Enquadrados Como Z8-200 - Anexo I - Item 5a / Área do Centro Velho,"Rua Comendador Abdo Schahin, 244, 248, 256",Sé,,tombado,municipal,,,,2017-08-17,0010670245
SO_ELEGIVEL·sem dono,SO_ELEGIVEL,Imóveis Enquadrados Como Z8-200 - Anexo I - Item 6,"Rua Comendador Afonso Kherlakian, 92, 94, 98",Sé,,tombado,municipal,,,,2017-08-17,0010670027
SO_ELEGIVEL·sem dono,SO_ELEGIVEL,Imóveis Enquadrados Como Z8-200 - Anexo I - Item 60,"Rua dos Estudantes, 438",Sé,,tombado,municipal,,,,2017-08-17,0050930001
SO_ELEGIVEL·sem dono,SO_ELEGIVEL,Imóveis Enquadrados Como Z8-200 - Anexo I - Item 61,"Rua dos Estudantes, 446, 454",Sé,,tombado,municipal,,,,2017-08-17,0050900021
SO_ELEGIVEL·sem dono,SO_ELEGIVEL,Imóveis Enquadrados Como Z8-200 - Anexo I - Item 62,"Rua dos Estudantes, 456",Sé,,tombado,municipal,,,,2017-08-17,0050900020
SO_ELEGIVEL·sem dono,SO_ELEGIVEL,Imóveis Enquadrados Como Z8-200 - Anexo I - Item 7,"Rua Comendador Afonso Kherlakian, 100, 102, 106",Sé,,tombado,municipal,,,,2017-08-17,0010670028
SO_ELEGIVEL·sem dono,SO_ELEGIVEL,Imóveis Enquadrados Como Z8-200 - Anexo I - Item 72,"Rua João de Carvalho, 65",Sé,,tombado,municipal,,,,2017-08-17,0050760106
SO_ELEGIVEL·sem dono,SO_ELEGIVEL,Imóveis Enquadrados Como Z8-200 - Anexo I - Item 73,"Rua João de Carvalho, 73",Sé,,tombado,municipal,,,,2017-08-17,0050760107
SO_ELEGIVEL·sem dono,SO_ELEGIVEL,Imóveis Enquadrados Como Z8-200 - Anexo I - Item 74,"Rua João de Carvalho, 75",Sé,,tombado,municipal,,,,2017-08-17,0050760108
SO_ELEGIVEL·sem dono,SO_ELEGIVEL,Imóveis Enquadrados Como Z8-200 - Anexo I - Item 75,"Rua João de Carvalho, 83",Sé,,tombado,municipal,,,,2017-08-17,0050760109
SO_ELEGIVEL·sem dono,SO_ELEGIVEL,Imóveis Enquadrados Como Z8-200 - Anexo I - Item 76,"Rua João de Carvalho, 85",Sé,,tombado,municipal,,,,2017-08-17,0050760110
SO_ELEGIVEL·sem dono,SO_ELEGIVEL,Imóveis Enquadrados Como Z8-200 - Anexo I - Item 8,"Rua Comendador Afonso Kherlakian, 108, 112, 114",Sé,,tombado,municipal,,,,2017-08-17,0010670029
SO_ELEGIVEL·sem dono,SO_ELEGIVEL,Imóveis Enquadrados Como Z8-200 - Anexo I - Item 9,"Rua Comendador Afonso Kherlakian, 118, 120, 126, 253",Sé,,tombado,municipal,,,,2017-08-17,0010670030
SO_ELEGIVEL·sem dono,SO_ELEGIVEL,Imóveis Enquadrados Como Z8-200 - Anexo I - Item 91,"Praça Doutor Mário Margarido, 36",Sé,,tombado,municipal,,,,2017-08-17,0050460098
SO_ELEGIVEL·sem dono,SO_ELEGIVEL,Imóveis Enquadrados Como Z8-200 - Anexo I - Item 93,"Rua Oliveira Monteiro, 24",Sé,,tombado,municipal,,,,2017-08-17,0050760079
SO_ELEGIVEL·sem dono,SO_ELEGIVEL,Imóveis Enquadrados Como Z8-200 - Anexo I - Item 94,"Rua Oliveira Monteiro, 18",Sé,,tombado,municipal,,,,2017-08-17,0050760080
SO_ELEGIVEL·sem dono,SO_ELEGIVEL,Imóveis Enquadrados Como Z8-200 - Anexo I - Item 95,"Rua Oliveira Monteiro, 14",Sé,,tombado,municipal,,,,2017-08-17,0050760081
SO_ELEGIVEL·sem dono,SO_ELEGIVEL,Imóveis Enquadrados Como Z8-200 - Anexo I - Item 98,"Rua Paula Souza, 358, 364, 368, 370",Sé,,tombado,municipal,,,,2017-08-17,0010340024
SO_ELEGIVEL·sem dono,SO_ELEGIVEL,Imóveis No Entorno da Igreja São Gonçalo / Igepac Liberdade,"Rua Álvares Machado, 32, 38",Sé,,tombado,municipal,,,,2020-02-12,0050300022
SO_ELEGIVEL·sem dono,SO_ELEGIVEL,Imóveis No Entorno da Igreja São Gonçalo / Igepac Liberdade,"Praça Carlos Gomes, 107, 109, 86",Sé,,tombado,municipal,,,,2020-02-12,0050380008
SO_ELEGIVEL·sem dono,SO_ELEGIVEL,Imóveis No Entorno da Igreja São Gonçalo / Igepac Liberdade,"Rua Alvares Machado, 60, 97, 107",Sé,,tombado,municipal,,,,2020-02-12,0050300018
SO_ELEGIVEL·sem dono,SO_ELEGIVEL,Imóveis No Entorno da Igreja São Gonçalo / Igepac Liberdade,"Praça Carlos Gomes, 146, 150, 152, 156",Sé,,tombado,municipal,,,,2020-02-12,0050820018
SO_ELEGIVEL·sem dono,SO_ELEGIVEL,Imóveis No Entorno da Igreja São Gonçalo / Igepac Liberdade,"Praça Carlos Gomes, 100, 104, 108",Sé,,tombado,municipal,,,,2020-02-12,0050820014
SO_ELEGIVEL·sem dono,SO_ELEGIVEL,Imóveis No Entorno da Igreja São Gonçalo / Igepac Liberdade,"Avenida da Liberdade, 100, 118, 125, 139",Sé,,tombado,municipal,,,,2020-02-12,0050380285
SO_ELEGIVEL·sem dono,SO_ELEGIVEL,Imóveis No Entorno da Igreja São Gonçalo / Igepac Liberdade / Antigo Cine Joia,"Praça Carlos Gomes, 82",Sé,,tombado,municipal,,,,2020-02-12,0050820013
SO_ELEGIVEL·sem dono,SO_ELEGIVEL,Imóveis No Entorno da Igreja São Gonçalo / Igepac Liberdade / Conjunto de Sobrados Na Avenida Liberdade,"Avenida da Liberdade, 52, 54",Sé,,tombado,municipal,,,,2020-02-12,0050380004
SO_ELEGIVEL·sem dono,SO_ELEGIVEL,Imóveis No Entorno da Igreja São Gonçalo / Igepac Liberdade / Conjunto de Sobrados Na Avenida Liberdade,"Avenida da Liberdade, 58, 60",Sé,,tombado,municipal,,,,2020-02-12,0050380005
SO_ELEGIVEL·sem dono,SO_ELEGIVEL,Imóveis No Entorno da Igreja São Gonçalo / Igepac Liberdade / Conjunto de Sobrados Na Avenida Liberdade,"Avenida da Liberdade, 48, 50",Sé,,tombado,municipal,,,,2020-02-12,0050380003
SO_ELEGIVEL·sem dono,SO_ELEGIVEL,Imóveis No Entorno da Igreja São Gonçalo / Igepac Liberdade / Conjunto de Sobrados Na Avenida Liberdade,"Avenida da Liberdade, 44, 46",Sé,,tombado,municipal,,,,2020-02-12,0050380002
SO_ELEGIVEL·sem dono,SO_ELEGIVEL,Imóveis No Entorno da Igreja São Gonçalo / Igepac Liberdade / Edifício São José,"Praça Carlos Gomes, 52, 60",Sé,,tombado,municipal,,,,2020-02-12,0050820000
SO_ELEGIVEL·sem dono,SO_ELEGIVEL,Imóveis No Entorno da Igreja São Gonçalo / Igepac Liberdade / Edifício São Roberto,"Rua Alvares Machado, 50, 54",Sé,,tombado,municipal,,,,2020-02-12,0050300000
SO_ELEGIVEL·sem dono,SO_ELEGIVEL,Imóveis No Entorno da Igreja São Gonçalo / Igepac Liberdade / Loja Ikesaki,"Avenida da Liberdade, 132, 136, 140, 144, 152, 156, 153, 161",Sé,,tombado,municipal,,,,2020-02-12,0050380013
SO_ELEGIVEL·sem dono,SO_ELEGIVEL,Livraria Pensamento / Círculo Esotérico da Comunhão do Pensamento / Caminho Histórico Glória-lavapés /área de Interesse Arqueológico,"Rua Doutor Rodrigo Silva, 85, 87",Sé,,tombado,municipal+estadual,,,,2017-08-29,0050300016
SO_ELEGIVEL·sem dono,SO_ELEGIVEL,Palacete Conde de Sarzedas,"Rua Conde de Sarzedas, 38, 100",Sé,,tombado,municipal,,,,2002-08-30,0050440122
SO_ELEGIVEL·sem dono,SO_ELEGIVEL,Palácio da Justiça,Rua Annita Garibaldi,Sé,,tombado,municipal+estadual,,,,1991-04-10,0050320001
SO_ELEGIVEL·sem dono,SO_ELEGIVEL,Passarela da Faculdade de Direito,"Rua Riachuelo, 185",Sé,,tombado,municipal+estadual,,,,2017-08-29,0050191050
SO_ELEGIVEL·sem dono,SO_ELEGIVEL,Patio do Colégio,Praça Fernando Costa,Sé,,tombado,municipal,,,,2007-07-25,0020590000
SO_ELEGIVEL·sem dono,SO_ELEGIVEL,Prédio Felipe Jabur / Área do Centro Velho,"Avenida Senador Queirós, 450, 460, 1112, 1134",Sé,,tombado,municipal,,,,2017-08-17,0010420000
SO_ELEGIVEL·sem dono,SO_ELEGIVEL,Quartel do 2º Batalhão de Guardas,Parque Dom Pedro Ii,Sé,,tombado,municipal+estadual,,,,1991-04-10,0030090001
SO_ELEGIVEL·sem dono,SO_ELEGIVEL,Residência Elias Pacheco Chaves,"Rua São Bento, 189, 195, 197",Sé,,tombado,municipal+estadual,,,,1991-04-10,0010800010
SO_ELEGIVEL·sem dono,SO_ELEGIVEL,Subestação Paula Souza / Antiga Subestação da Light / Eletropaulo,"Rua Paula Souza, 529, 1298, 794, 796, 804, 808",Sé,,tombado,municipal,,,,2016-10-01,0020220094
SO_ELEGIVEL·sem dono,SO_ELEGIVEL,Área do Anhangabau,"Rua Florêncio de Abreu, 161, 167",Sé,,tombado,municipal,,,,1992-12-09,0010490824
SO_ELEGIVEL·sem dono,SO_ELEGIVEL,Área do Anhangabau,"Rua Florêncio de Abreu, 333, 337, 54",Sé,,tombado,municipal,,,,1992-12-09,0010490670
SO_ELEGIVEL·sem dono,SO_ELEGIVEL,Área do Anhangabaú,"Rua Florêncio de Abreu, 444, 446",Sé,,tombado,municipal,,,,1992-12-09,0010410017
SO_ELEGIVEL·sem dono,SO_ELEGIVEL,Área do Anhangabaú,"Rua José Bonifácio, 237, 241, 245",Sé,,tombado,municipal,,,,1992-12-09,0050100002
SO_ELEGIVEL·sem dono,SO_ELEGIVEL,Área do Anhangabaú,"Rua Florêncio de Abreu, 276",Sé,,tombado,municipal,,,,1992-12-09,0010500020
SO_ELEGIVEL·sem dono,SO_ELEGIVEL,Área do Anhangabaú,"Avenida São João, 114, 118, 122",Sé,,tombado,municipal,,,,1992-12-09,0010610011
SO_ELEGIVEL·sem dono,SO_ELEGIVEL,Área do Anhangabaú,"Rua Florêncio de Abreu, 120, 124",Sé,,tombado,municipal,,,,1992-12-09,0010500003
SO_ELEGIVEL·sem dono,SO_ELEGIVEL,Área do Anhangabaú,"Rua São Bento, 87, 93, 95, 101, 103",Sé,,tombado,municipal,,,,1992-12-09,0050030006
SO_ELEGIVEL·sem dono,SO_ELEGIVEL,Área do Anhangabaú,"Rua Vinte e Cinco de Março, 793, 795, 799",Sé,,tombado,municipal,,,,1992-12-09,0010500077
SO_ELEGIVEL·sem dono,SO_ELEGIVEL,Área do Anhangabaú,"Rua Florêncio de Abreu, 156, 160",Sé,,tombado,municipal,,,,1992-12-09,0010500008
SO_ELEGIVEL·sem dono,SO_ELEGIVEL,Área do Anhangabaú,"Rua Doutor Falcão Filho, 99, 119",Sé,,tombado,municipal,,,,1992-12-09,0050020002
SO_ELEGIVEL·sem dono,SO_ELEGIVEL,Área do Anhangabaú,"Rua Carlos de Sousa Nazaré, 80, 94, 357, 359, 367",Sé,,tombado,municipal,,,,1992-12-09,0010490030
SO_ELEGIVEL·sem dono,SO_ELEGIVEL,Área do Anhangabaú,"Rua Florêncio de Abreu, 464",Sé,,tombado,municipal,,,,1992-12-09,0010410015
SO_ELEGIVEL·sem dono,SO_ELEGIVEL,Área do Anhangabaú,"Rua Líbero Badaró, 624, 628",Sé,,tombado,municipal,,,,1992-12-09,0010620011
SO_ELEGIVEL·sem dono,SO_ELEGIVEL,Área do Anhangabaú,"Rua São Bento, 216, 220",Sé,,tombado,municipal,,,,1992-12-09,0010810019
SO_ELEGIVEL·sem dono,SO_ELEGIVEL,Área do Anhangabaú,"Rua Florêncio de Abreu, 318, 322",Sé,,tombado,municipal,,,,1992-12-09,0010500097
SO_ELEGIVEL·sem dono,SO_ELEGIVEL,Área do Anhangabaú,"Rua Florêncio de Abreu, 484, 494",Sé,,tombado,municipal,,,,1992-12-09,0010410012
SO_ELEGIVEL·sem dono,SO_ELEGIVEL,Área do Anhangabaú,"Rua Augusto Severo, 70, 435, 441",Sé,,tombado,municipal,,,,1992-12-09,0010400003
SO_ELEGIVEL·sem dono,SO_ELEGIVEL,Área do Anhangabaú,"Rua São Bento, 272, 276",Sé,,tombado,municipal,,,,1992-12-09,0010810025
SO_ELEGIVEL·sem dono,SO_ELEGIVEL,Área do Anhangabaú,"Rua São Bento, 293",Sé,,tombado,municipal,,,,1992-12-09,0010800002
SO_ELEGIVEL·sem dono,SO_ELEGIVEL,Área do Anhangabaú,"Rua Augusto Severo, 108, 475, 479",Sé,,tombado,municipal,,,,1992-12-09,0010400006
SO_ELEGIVEL·sem dono,SO_ELEGIVEL,Área do Anhangabaú,"Rua José Bonifácio, 181, 185, 22",Sé,,tombado,municipal,,,,1992-12-09,0050100005
SO_ELEGIVEL·sem dono,SO_ELEGIVEL,Área do Anhangabaú,"Rua São Bento, 238, 244",Sé,,tombado,municipal,,,,1992-12-09,0010810021
SO_ELEGIVEL·sem dono,SO_ELEGIVEL,Área do Anhangabaú,"Rua Florêncio de Abreu, 60",Sé,,tombado,municipal,,,,1992-12-09,0010640403
SO_ELEGIVEL·sem dono,SO_ELEGIVEL,Área do Anhangabaú,"Rua Boa Vista, 293, 315, 81",Sé,,tombado,municipal,,,,1992-12-09,0010630005
SO_ELEGIVEL·sem dono,SO_ELEGIVEL,Área do Anhangabaú,"Rua Líbero Badaró, 89",Sé,,tombado,municipal,,,,1992-12-09,0050050005
SO_ELEGIVEL·sem dono,SO_ELEGIVEL,Área do Anhangabaú,"Rua Augusto Severo, 50, 58, 421, 427, 429",Sé,,tombado,municipal,,,,1992-12-09,0010400002
SO_ELEGIVEL·sem dono,SO_ELEGIVEL,Área do Anhangabaú,"Rua José Bonifácio, 227, 233",Sé,,tombado,municipal,,,,1992-12-09,0050100003
SO_ELEGIVEL·sem dono,SO_ELEGIVEL,Área do Anhangabaú,"Rua Vinte e Cinco de Março, 717, 719",Sé,,tombado,municipal,,,,1992-12-09,0010500087
SO_ELEGIVEL·sem dono,SO_ELEGIVEL,Área do Anhangabaú,"Rua Líbero Badaró, 561, 569, 98",Sé,,tombado,municipal,,,,1992-12-09,0010610008
SO_ELEGIVEL·sem dono,SO_ELEGIVEL,Área do Anhangabaú,"Rua Florêncio de Abreu, 325, 327",Sé,,tombado,municipal,,,,1992-12-09,0010490034
SO_ELEGIVEL·sem dono,SO_ELEGIVEL,Área do Anhangabaú,"Rua Florêncio de Abreu, 438, 442",Sé,,tombado,municipal,,,,1992-12-09,0010410018
SO_ELEGIVEL·sem dono,SO_ELEGIVEL,Área do Anhangabaú,"Rua Augusto Severo, 96, 465, 469",Sé,,tombado,municipal,,,,1992-12-09,0010400005
SO_ELEGIVEL·sem dono,SO_ELEGIVEL,Área do Anhangabaú,"Rua do Comércio, 40, 42, 44, 48, 50",Sé,,tombado,municipal,,,,1992-12-09,0010730006
SO_ELEGIVEL·sem dono,SO_ELEGIVEL,Área do Anhangabaú,"Rua Vinte e Cinco de Março, 729",Sé,,tombado,municipal,,,,1992-12-09,0010500086
SO_ELEGIVEL·sem dono,SO_ELEGIVEL,Área do Anhangabaú,"Rua Florêncio de Abreu, 258, 260",Sé,,tombado,municipal,,,,1992-12-09,0010490018
SO_ELEGIVEL·sem dono,SO_ELEGIVEL,Área do Anhangabaú,"Rua do Comércio, 14, 18, 22, 26, 30, 34, 307, 313",Sé,,tombado,municipal,,,,1992-12-09,0010730005
SO_ELEGIVEL·sem dono,SO_ELEGIVEL,Área do Anhangabaú,"Rua Doutor Falcão Filho, 73, 77, 81, 87, 127, 133, 137, 141",Sé,,tombado,municipal,,,,1992-12-09,0050020000
SO_ELEGIVEL·sem dono,SO_ELEGIVEL,Área do Anhangabaú,"Rua Augusto Severo, 120, 491, 495",Sé,,tombado,municipal,,,,1992-12-09,0010400008
SO_ELEGIVEL·sem dono,SO_ELEGIVEL,Área do Anhangabaú,"Rua Vinte e Cinco de Março, 733",Sé,,tombado,municipal,,,,1992-12-09,0010500085
SO_ELEGIVEL·sem dono,SO_ELEGIVEL,Área do Anhangabaú,"Praça do Patriarca, 9",Sé,,tombado,municipal,,,,1992-12-09,0050030005
SO_ELEGIVEL·sem dono,SO_ELEGIVEL,Área do Anhangabaú,"Rua José Bonifácio, 376, 380, 73, 77",Sé,,tombado,municipal,,,,1992-12-09,0050020144
SO_ELEGIVEL·sem dono,SO_ELEGIVEL,Área do Anhangabaú,"Rua Florêncio de Abreu, 150",Sé,,tombado,municipal,,,,1992-12-09,0010500007
SO_ELEGIVEL·sem dono,SO_ELEGIVEL,Área do Anhangabaú,"Rua Benjamim Constant, 208, 210, 61",Sé,,tombado,municipal,,,,1992-12-09,0050110022
SO_ELEGIVEL·sem dono,SO_ELEGIVEL,Área do Anhangabaú,"Rua Augusto Severo, 14, 24, 30, 34, 38, 42, 101, 113, 117, 123, 129, 397, 407, 411, 417",Sé,,tombado,municipal,,,,1992-12-09,0010400000
SO_ELEGIVEL·sem dono,SO_ELEGIVEL,Área do Anhangabaú,"Rua Florêncio de Abreu, 308",Sé,,tombado,municipal,,,,1992-12-09,0010500025
SO_ELEGIVEL·sem dono,SO_ELEGIVEL,Área do Anhangabaú,"Rua Líbero Badaró, 446, 452, 456",Sé,,tombado,municipal,,,,1992-12-09,0010720099
SO_ELEGIVEL·sem dono,SO_ELEGIVEL,Área do Anhangabaú,"Rua Florêncio de Abreu, 271, 279, 285",Sé,,tombado,municipal,,,,1992-12-09,0010490000
SO_ELEGIVEL·sem dono,SO_ELEGIVEL,Área do Anhangabaú,"Rua Florêncio de Abreu, 251, 255",Sé,,tombado,municipal,,,,1992-12-09,0010490045
SO_ELEGIVEL·sem dono,SO_ELEGIVEL,Área do Anhangabaú,"Rua Florêncio de Abreu, 230, 234",Sé,,tombado,municipal,,,,1992-12-09,0010500408
SO_ELEGIVEL·sem dono,SO_ELEGIVEL,Área do Anhangabaú,"Rua Vinte e Cinco de Março, 761, 767, 771",Sé,,tombado,municipal,,,,1992-12-09,0010500081
SO_ELEGIVEL·sem dono,SO_ELEGIVEL,Área do Anhangabaú,"Rua Florêncio de Abreu, 241, 245",Sé,,tombado,municipal,,,,1992-12-09,0010490046
SO_ELEGIVEL·sem dono,SO_ELEGIVEL,Área do Anhangabaú,"Rua São Bento, 56",Sé,,tombado,municipal,,,,1992-12-09,0010810023
SO_ELEGIVEL·sem dono,SO_ELEGIVEL,Área do Anhangabaú,"Rua São Bento, 250",Sé,,tombado,municipal,,,,1992-12-09,0010810022
SO_ELEGIVEL·sem dono,SO_ELEGIVEL,Área do Anhangabaú,"Rua Florêncio de Abreu, 217, 223",Sé,,tombado,municipal,,,,1992-12-09,0010490048
SO_ELEGIVEL·sem dono,SO_ELEGIVEL,Área do Anhangabaú,"Ld da Constituição, 711",Sé,,tombado,municipal,,,,1992-12-09,0010500088
SO_ELEGIVEL·sem dono,SO_ELEGIVEL,Área do Anhangabaú,"Rua São Bento, 81, 83",Sé,,tombado,municipal,,,,1992-12-09,0050030007
SO_ELEGIVEL·sem dono,SO_ELEGIVEL,Área do Anhangabaú,"Rua Florêncio de Abreu, 65, 67, 69",Sé,,tombado,municipal,,,,1992-12-09,0010490059
SO_ELEGIVEL·sem dono,SO_ELEGIVEL,Área do Anhangabaú,"Rua São Bento, 241",Sé,,tombado,municipal,,,,1992-12-09,0010800181
SO_ELEGIVEL·sem dono,SO_ELEGIVEL,Área do Anhangabaú,"Rua Florêncio de Abreu, 334, 338",Sé,,tombado,municipal,,,,1992-12-09,0010500030
SO_ELEGIVEL·sem dono,SO_ELEGIVEL,Área do Anhangabaú,"Rua São Bento, 351, 355",Sé,,tombado,municipal,,,,1992-12-09,0010720093
SO_ELEGIVEL·sem dono,SO_ELEGIVEL,Área do Anhangabaú,"Rua Carlos de Sousa Nazaré, 98, 371, 373",Sé,,tombado,municipal,,,,1992-12-09,0010490029
SO_ELEGIVEL·sem dono,SO_ELEGIVEL,Área do Anhangabaú,"Rua Florêncio de Abreu, 474",Sé,,tombado,municipal,,,,1992-12-09,0010410013
SO_ELEGIVEL·sem dono,SO_ELEGIVEL,Área do Anhangabaú,"Rua São Bento, 75",Sé,,tombado,municipal,,,,1992-12-09,0050030008
SO_ELEGIVEL·sem dono,SO_ELEGIVEL,Área do Anhangabaú,"Rua José Bonifácio, 198, 204, 214, 222, 2, 16, 24, 28, 34",Sé,,tombado,municipal,,,,1992-12-09,0050040026
SO_ELEGIVEL·sem dono,SO_ELEGIVEL,Área do Anhangabaú,"Rua São Bento, 245",Sé,,tombado,municipal,,,,1992-12-09,0010800183
SO_ELEGIVEL·sem dono,SO_ELEGIVEL,Área do Anhangabaú,"Rua Boa Vista, 368, 372, 10, 16, 20, 26, 32, 40, 48, 54",Sé,,tombado,municipal,,,,1992-12-09,0010640402
SO_ELEGIVEL·sem dono,SO_ELEGIVEL,Área do Anhangabaú,"Rua São Bento, 243",Sé,,tombado,municipal,,,,1992-12-09,0010800182
SO_ELEGIVEL·sem dono,SO_ELEGIVEL,Área do Anhangabaú / Antiga Casa Fretin,"Rua São Bento, 176, 162",Sé,,tombado,municipal,,,,1992-12-09,0010810014
SO_ELEGIVEL·sem dono,SO_ELEGIVEL,Área do Anhangabaú / Antiga Secretaria de Viação e Obras Públicas,"Avenida Brigadeiro Luís Antônio, 35, 115",Sé,,tombado,municipal,,,,1992-12-09,0050250403
SO_ELEGIVEL·sem dono,SO_ELEGIVEL,Área do Anhangabaú / Antigo Edifício Unibanco,"Rua Direita, 250, 256, 30, 157",Sé,,tombado,municipal,,,,1992-12-09,0010840000
SO_ELEGIVEL·sem dono,SO_ELEGIVEL,Área do Anhangabaú / Antigo Grande Hotel / Edifício Alhambra,"Largo do Café, 4, 8, 12, 14, 18, 54, 58, 344, 348, 352",Sé,,tombado,municipal,,,,1992-12-09,0010730000
SO_ELEGIVEL·sem dono,SO_ELEGIVEL,Área do Anhangabaú / Condominio Edificio Cristóvão Colombo,"Rua Cristóvão Colombo, 59, 63, 140",Sé,,tombado,municipal,,,,1992-12-09,0050200000
SO_ELEGIVEL·sem dono,SO_ELEGIVEL,Área do Anhangabaú / Condomínio Edifício Conde Prates,"Parque Anhangabaú, 206, 226, 20, 32, 40, 283, 293, 297, 309",Sé,,tombado,municipal,,,,1992-12-09,0010790000
SO_ELEGIVEL·sem dono,SO_ELEGIVEL,Área do Anhangabaú / Edifício,"Praça do Patriarca, 84, 90, 96",Sé,,tombado,municipal,,,,1993-01-28,0010800000
SO_ELEGIVEL·sem dono,SO_ELEGIVEL,Área do Anhangabaú / Edifício Brasília,"Rua José Bonifácio, 203, 209, 215",Sé,,tombado,municipal,,,,1992-12-09,0050100000
SO_ELEGIVEL·sem dono,SO_ELEGIVEL,Área do Anhangabaú / Edifício Frizzo,"Rua Quinze de Novembro, 296, 9, 17",Sé,,tombado,municipal,,,,1992-12-09,0010740019
SO_ELEGIVEL·sem dono,SO_ELEGIVEL,Área do Anhangabaú / Edifício Martinelli - Antigo Edifício América,"Rua Líbero Badaró, 504, 508, 512, 11, 23, 33, 35, 41, 45, 51, 53, 61, 65, 397, 405, 413",Sé,,tombado,municipal,,,,1992-12-09,0010720000
SO_ELEGIVEL·sem dono,SO_ELEGIVEL,Área do Anhangabaú / Edifício Riachuelo,"Rua Riachuelo, 275, 289, 85, 97, 101, 111, 113, 115",Sé,,tombado,municipal,,,,1992-12-09,0050190000
SO_ELEGIVEL·sem dono,SO_ELEGIVEL,Área do Anhangabaú / Edifício Sampaio Moreira / Casa Godinho,"Rua Líbero Badaró, 340, 346, 350",Sé,,tombado,municipal,,,,1992-12-09,0010800019
SO_ELEGIVEL·sem dono,SO_ELEGIVEL,Área do Anhangabaú / Edifício York,"Rua Álvares Penteado, 215, 221, 284, 288, 290, 294, 298, 302",Sé,,tombado,municipal,,,,1992-12-09,0010810000
SO_ELEGIVEL·sem dono,SO_ELEGIVEL,Área do Anhangabaú / Edifício do London & River Plate Bank,"Rua Boa Vista, 175, 185, 191, 306, 324, 330, 336",Sé,,tombado,municipal,,,,1992-12-09,0010740025
SO_ELEGIVEL·sem dono,SO_ELEGIVEL,Área do Anhangabaú / Projeto Samuel das Neves / 1908,"Largo São Bento, 56, 58",Sé,,tombado,municipal,,,,1992-12-09,0010640003
SO_ELEGIVEL·sem dono,SO_ELEGIVEL,Área do Anhangabaú / Prédio José Bonifácio,"Rua José Bonifácio, 187, 195, 34, 38, 42, 46",Sé,,tombado,municipal,,,,1992-12-09,0050100006
SO_ELEGIVEL·sem dono,SO_ELEGIVEL,Área do Anhangabaú / Prédio São Francisco,"Rua José Bonifácio, 147, 15, 29",Sé,,tombado,municipal,,,,2007-07-25,0050110000
SO_ELEGIVEL·sem dono,SO_ELEGIVEL,Área do Anhangabaú/ Condomínio Edifício Grande São Paulo,"Parque Anhangabaú, 360, 425, 461, 465",Sé,,tombado,municipal,,,,1992-12-09,0010710000
SO_ELEGIVEL·sem dono,SO_ELEGIVEL,Área do Centro Velho,"Rua Comendador Abdo Schahin, 116, 118, 122, 126",Sé,,tombado,municipal,,,,2007-07-25,0010670246
SO_ELEGIVEL·sem dono,SO_ELEGIVEL,Área do Centro Velho,"Rua Senador Feijó, 18, 22, 26, 28, 30, 204, 208",Sé,,tombado,municipal,,,,2007-07-25,0050210000
SO_ELEGIVEL·sem dono,SO_ELEGIVEL,Área do Centro Velho,"Rua Vinte e Cinco de Março, 224, 226",Sé,,tombado,municipal,,,,2007-07-25,0020660037
SO_ELEGIVEL·sem dono,SO_ELEGIVEL,Área do Centro Velho,"Rua Boa Vista, 236, 242",Sé,,tombado,municipal,,,,2007-07-25,0010750010
SO_ELEGIVEL·sem dono,SO_ELEGIVEL,Área do Centro Velho,"Rua Vinte e Cinco de Março, 587, 595",Sé,,tombado,municipal,,,,2007-07-25,0010750023
SO_ELEGIVEL·sem dono,SO_ELEGIVEL,Área do Centro Velho,"Rua Jorge Azém, 18, 24, 346, 350",Sé,,tombado,municipal,,,,2007-07-25,0010770003
SO_ELEGIVEL·sem dono,SO_ELEGIVEL,Área do Centro Velho,"Rua Doutor Bitencourt Rodrigues, 36, 315, 29",Sé,,tombado,municipal,,,,2007-07-25,0020700699
SO_ELEGIVEL·sem dono,SO_ELEGIVEL,Área do Centro Velho,"Rua Roberto Simonsen, 72, 78",Sé,,tombado,municipal,,,,2007-07-25,0020590045
SO_ELEGIVEL·sem dono,SO_ELEGIVEL,Área do Centro Velho,"Parque Dom Pedro Ii, 698, 700, 340",Sé,,tombado,municipal,,,,2007-07-25,0020660018
SO_ELEGIVEL·sem dono,SO_ELEGIVEL,Área do Centro Velho,"Rua Doutor Itapura de Miranda, 94, 110",Sé,,tombado,municipal,,,,2007-07-25,0020320026
SO_ELEGIVEL·sem dono,SO_ELEGIVEL,Área do Centro Velho,"Rua Vinte e Cinco de Março, 553, 555",Sé,,tombado,municipal,,,,2007-07-25,0010750028
SO_ELEGIVEL·sem dono,SO_ELEGIVEL,Área do Centro Velho,"Rua Doutor Bitencourt Rodrigues, 200, 205",Sé,,tombado,municipal,,,,2007-07-25,0020670002
SO_ELEGIVEL·sem dono,SO_ELEGIVEL,Área do Centro Velho,"Rua do Carmo, 71, 77",Sé,,tombado,municipal,,,,2007-07-25,0030030049
SO_ELEGIVEL·sem dono,SO_ELEGIVEL,Área do Centro Velho,"Rua Três de Dezembro, 37, 51",Sé,,tombado,municipal,,,,2007-07-25,0010740021
SO_ELEGIVEL·sem dono,SO_ELEGIVEL,Área do Centro Velho,"Rua Três de Dezembro, 23, 33",Sé,,tombado,municipal,,,,2007-07-25,0010740020
SO_ELEGIVEL·sem dono,SO_ELEGIVEL,Área do Centro Velho,"Rua Três de Dezembro, 48, 50",Sé,,tombado,municipal,,,,2007-07-25,0010830031
SO_ELEGIVEL·sem dono,SO_ELEGIVEL,Área do Centro Velho,"Rua Álvares Penteado, 70, 111",Sé,,tombado,municipal,,,,2007-07-25,0010850003
SO_ELEGIVEL·sem dono,SO_ELEGIVEL,Área do Centro Velho,"Rua Senador Feijó, 120, 132",Sé,,tombado,municipal,,,,2007-07-25,0050140000
SO_ELEGIVEL·sem dono,SO_ELEGIVEL,Área do Centro Velho,"Rua Carlos de Sousa Nazaré, 229, 249, 1060, 1078",Sé,,tombado,municipal,,,,2007-07-25,0010420001
SO_ELEGIVEL·sem dono,SO_ELEGIVEL,Área do Centro Velho,"Rua Álvares Penteado, 165",Sé,,tombado,municipal,,,,2007-07-25,0010850001
SO_ELEGIVEL·sem dono,SO_ELEGIVEL,Área do Centro Velho,"Rua Vinte e Cinco de Março, 954, 960",Sé,,tombado,municipal,,,,2007-07-25,0010510008
SO_ELEGIVEL·sem dono,SO_ELEGIVEL,Área do Centro Velho,"Rua Vinte e Cinco de Março, 607",Sé,,tombado,municipal,,,,2007-07-25,0010750022
SO_ELEGIVEL·sem dono,SO_ELEGIVEL,Área do Centro Velho,"Rua Quinze de Novembro, 212, 228, 87, 99",Sé,,tombado,municipal,,,,2007-07-25,0010830018
SO_ELEGIVEL·sem dono,SO_ELEGIVEL,Área do Centro Velho,"Rua dos Carmelitas, 160",Sé,,tombado,municipal,,,,2007-07-25,0030060020
SO_ELEGIVEL·sem dono,SO_ELEGIVEL,Área do Centro Velho,"Parque Dom Pedro Ii, 1092, 5, 37",Sé,,tombado,municipal,,,,2007-07-25,0030040000
SO_ELEGIVEL·sem dono,SO_ELEGIVEL,Área do Centro Velho,"Rua Vinte e Cinco de Março, 1008, 1012",Sé,,tombado,municipal,,,,2007-07-25,0010510025
SO_ELEGIVEL·sem dono,SO_ELEGIVEL,Área do Centro Velho,"Rua Quintino Bocaiúva, 254, 262",Sé,,tombado,municipal,,,,2007-07-25,0050200038
SO_ELEGIVEL·sem dono,SO_ELEGIVEL,Área do Centro Velho,"Rua Senador Feijó, 102, 110, 196, 208",Sé,,tombado,municipal,,,,2007-07-25,0050140005
SO_ELEGIVEL·sem dono,SO_ELEGIVEL,Área do Centro Velho,"Carneiro, 291",Sé,,tombado,municipal,,,,2007-07-25,0010750051
SO_ELEGIVEL·sem dono,SO_ELEGIVEL,Área do Centro Velho,"Benjamim Constant, 187, 164, 176",Sé,,tombado,municipal,,,,2007-07-25,0050140001
SO_ELEGIVEL·sem dono,SO_ELEGIVEL,Área do Centro Velho,"Direita, 193",Sé,,tombado,municipal,,,,2007-07-25,0050040006
SO_ELEGIVEL·sem dono,SO_ELEGIVEL,Área do Centro Velho,"Cantareira, 301, 305",Sé,,tombado,municipal,,,,2007-07-25,0010520024
SO_ELEGIVEL·sem dono,SO_ELEGIVEL,Área do Centro Velho,"Rua José Bonifácio, 35, 39",Sé,,tombado,municipal,,,,2007-07-25,0050120001
SO_ELEGIVEL·sem dono,SO_ELEGIVEL,Área do Centro Velho,"Rua José Bonifácio, 162, 166",Sé,,tombado,municipal,,,,2007-07-25,0050040023
SO_ELEGIVEL·sem dono,SO_ELEGIVEL,Área do Centro Velho,"Rua Direita, 162",Sé,,tombado,municipal,,,,2007-07-25,0010840021
SO_ELEGIVEL·sem dono,SO_ELEGIVEL,Área do Centro Velho,"Rua Onze de Agosto, 26, 38",Sé,,tombado,municipal,,,,2007-07-25,0050280004
SO_ELEGIVEL·sem dono,SO_ELEGIVEL,Área do Centro Velho,"Rua Vinte e Cinco de Março, 529, 533",Sé,,tombado,municipal,,,,2007-07-25,0010750523
SO_ELEGIVEL·sem dono,SO_ELEGIVEL,Área do Centro Velho,"Rua Quintino Bocaiúva, 247, 251",Sé,,tombado,municipal,,,,2007-07-25,0050220018
SO_ELEGIVEL·sem dono,SO_ELEGIVEL,Área do Centro Velho,"Rua Doutor Bitencourt Rodrigues, 168, 180, 18, 26",Sé,,tombado,municipal,,,,2007-07-25,0020700000
SO_ELEGIVEL·sem dono,SO_ELEGIVEL,Área do Centro Velho,"Parque Dom Pedro Ii, 696, 348",Sé,,tombado,municipal,,,,2007-07-25,0020660019
SO_ELEGIVEL·sem dono,SO_ELEGIVEL,Área do Centro Velho,"Praça Doutor João Mendes, 31, 39",Sé,,tombado,municipal,,,,2007-07-25,0050220005
SO_ELEGIVEL·sem dono,SO_ELEGIVEL,Área do Centro Velho,"Praça da Sé, 385, 389",Sé,,tombado,municipal,,,,2007-07-25,0050280023
SO_ELEGIVEL·sem dono,SO_ELEGIVEL,Área do Centro Velho,"Rua Vinte e Cinco de Março, 1000, 1002",Sé,,tombado,municipal,,,,2007-07-25,0010510024
SO_ELEGIVEL·sem dono,SO_ELEGIVEL,Área do Centro Velho,"Rua da Cantareira, 287, 289",Sé,,tombado,municipal,,,,2007-07-25,0010520026
SO_ELEGIVEL·sem dono,SO_ELEGIVEL,Área do Centro Velho,"Rua Quintino Bocaiúva, 94",Sé,,tombado,municipal,,,,2007-07-25,0050110011
SO_ELEGIVEL·sem dono,SO_ELEGIVEL,Área do Centro Velho,"Rua Vinte e Cinco de Março, 547, 551",Sé,,tombado,municipal,,,,2007-07-25,0010750029
SO_ELEGIVEL·sem dono,SO_ELEGIVEL,Área do Centro Velho,"Rua Quintino Bocaiúva, 106",Sé,,tombado,municipal,,,,2007-07-25,0050110013
SO_ELEGIVEL·sem dono,SO_ELEGIVEL,Área do Centro Velho,"Rua Quintino Bocaiúva, 102",Sé,,tombado,municipal,,,,2007-07-25,0050110012
SO_ELEGIVEL·sem dono,SO_ELEGIVEL,Área do Centro Velho,"Rua Boa Vista, 127, 155, 56, 64",Sé,,tombado,municipal,,,,2007-07-25,0010830000
SO_ELEGIVEL·sem dono,SO_ELEGIVEL,Área do Centro Velho,"Rua Boa Vista, 103, 107",Sé,,tombado,municipal,,,,2007-07-25,0010830002
SO_ELEGIVEL·sem dono,SO_ELEGIVEL,Área do Centro Velho,"Rua Barão de Duprat, 129, 131",Sé,,tombado,municipal,,,,2007-07-25,0010670043
SO_ELEGIVEL·sem dono,SO_ELEGIVEL,Área do Centro Velho,"Rua Boa Vista, 254, 274",Sé,,tombado,municipal,,,,2007-07-25,0010750000
SO_ELEGIVEL·sem dono,SO_ELEGIVEL,Área do Centro Velho,"Avenida Rangel Pestana, 300",Sé,,tombado,municipal,,,,2007-07-25,0030030002
SO_ELEGIVEL·sem dono,SO_ELEGIVEL,Área do Centro Velho,"Rua General Carneiro, 47",Sé,,tombado,municipal,,,,2007-07-25,0010830007
SO_ELEGIVEL·sem dono,SO_ELEGIVEL,Área do Centro Velho,"Rua Comendador Abdo Schahin, 251, 30, 32, 878",Sé,,tombado,municipal,,,,2007-07-25,0010650010
SO_ELEGIVEL·sem dono,SO_ELEGIVEL,Área do Centro Velho,"Rua Barão de Duprat, 133, 137, 141, 145",Sé,,tombado,municipal,,,,2007-07-25,0010670243
SO_ELEGIVEL·sem dono,SO_ELEGIVEL,Área do Centro Velho,"Rua Quinze de Novembro, 132, 136",Sé,,tombado,municipal,,,,2007-07-25,0010830011
SO_ELEGIVEL·sem dono,SO_ELEGIVEL,Área do Centro Velho,"Rua General Carneiro, 301, 447",Sé,,tombado,municipal,,,,2007-07-25,0010750135
SO_ELEGIVEL·sem dono,SO_ELEGIVEL,Área do Centro Velho,"Rua General Carneiro, 295",Sé,,tombado,municipal,,,,2007-07-25,0010750136
SO_ELEGIVEL·sem dono,SO_ELEGIVEL,Área do Centro Velho,"Rua José Bonifácio, 104, 114",Sé,,tombado,municipal,,,,2007-07-25,0050040018
SO_ELEGIVEL·sem dono,SO_ELEGIVEL,Área do Centro Velho,"Rua Barão de Paranapiacaba, 64, 84",Sé,,tombado,municipal,,,,2007-07-25,0050120016
SO_ELEGIVEL·sem dono,SO_ELEGIVEL,Área do Centro Velho,"Praça Doutor João Mendes, 137",Sé,,tombado,municipal,,,,2007-07-25,0050280019
SO_ELEGIVEL·sem dono,SO_ELEGIVEL,Área do Centro Velho,"Rua Onze de Agosto, 46, 56",Sé,,tombado,municipal,,,,2007-07-25,0050280000
SO_ELEGIVEL·sem dono,SO_ELEGIVEL,Área do Centro Velho,"Rua General Carneiro, 273, 285",Sé,,tombado,municipal,,,,2007-07-25,0010750505
SO_ELEGIVEL·sem dono,SO_ELEGIVEL,Área do Centro Velho,"Praça da Sé, 282, 288",Sé,,tombado,municipal,,,,2007-07-25,0050220003
SO_ELEGIVEL·sem dono,SO_ELEGIVEL,Área do Centro Velho,"Rua Direita, 196",Sé,,tombado,municipal,,,,2007-07-25,0010840023
SO_ELEGIVEL·sem dono,SO_ELEGIVEL,Área do Centro Velho,"Rua da Cantareira, 295, 299",Sé,,tombado,municipal,,,,2007-07-25,0010520025
SO_ELEGIVEL·sem dono,SO_ELEGIVEL,Área do Centro Velho,"Rua Barão de Duprat, 105, 109, 111",Sé,,tombado,municipal,,,,2007-07-25,0010670046
SO_ELEGIVEL·sem dono,SO_ELEGIVEL,Área do Centro Velho,"Rua Cavalheiro Basílio Jafet, 194, 202, 266, 334",Sé,,tombado,municipal,,,,2007-07-25,0010770000
SO_ELEGIVEL·sem dono,SO_ELEGIVEL,Área do Centro Velho,"Rua Vinte e Cinco de Março, 1084, 1108",Sé,,tombado,municipal,,,,2007-07-25,0010420013
SO_ELEGIVEL·sem dono,SO_ELEGIVEL,Área do Centro Velho,"Rua Quinze de Novembro, 49, 53",Sé,,tombado,municipal,,,,2007-07-25,0010860009
SO_ELEGIVEL·sem dono,SO_ELEGIVEL,Área do Centro Velho,"Rua Quinze de Novembro, 89, 23",Sé,,tombado,municipal,,,,2007-07-25,0010860004
SO_ELEGIVEL·sem dono,SO_ELEGIVEL,Área do Centro Velho,"Rua Vinte e Cinco de Março, 537, 543",Sé,,tombado,municipal,,,,2007-07-25,0010750524
SO_ELEGIVEL·sem dono,SO_ELEGIVEL,Área do Centro Velho,"Rua Quintino Bocaiúva, 242, 248",Sé,,tombado,municipal,,,,2007-07-25,0050200037
SO_ELEGIVEL·sem dono,SO_ELEGIVEL,Área do Centro Velho,"Praça Doutor João Mendes, 43, 292, 308",Sé,,tombado,municipal,,,,2007-07-25,0050220004
SO_ELEGIVEL·sem dono,SO_ELEGIVEL,Área do Centro Velho,"Rua Direita, 176, 190",Sé,,tombado,municipal,,,,2007-07-25,0010840022
SO_ELEGIVEL·sem dono,SO_ELEGIVEL,Área do Centro Velho,"Rua Benjamim Constant, 39, 41",Sé,,tombado,municipal,,,,2007-07-25,0050210006
SO_ELEGIVEL·sem dono,SO_ELEGIVEL,Área do Centro Velho,"Rua da Cantareira, 323, 333",Sé,,tombado,municipal,,,,2007-07-25,0010520022
SO_ELEGIVEL·sem dono,SO_ELEGIVEL,Área do Centro Velho,"Rua Barão de Duprat, 146, 148, 137",Sé,,tombado,municipal,,,,2007-07-25,0010690005
SO_ELEGIVEL·sem dono,SO_ELEGIVEL,Área do Centro Velho,"Rua Cavalheiro Basílio Jafet, 144, 176",Sé,,tombado,municipal,,,,2007-07-25,0010770009
SO_ELEGIVEL·sem dono,SO_ELEGIVEL,Área do Centro Velho,"Rua Barão de Duprat, 115, 119",Sé,,tombado,municipal,,,,2007-07-25,0010670045
SO_ELEGIVEL·sem dono,SO_ELEGIVEL,Área do Centro Velho,"Rua do Riachuelo, 75, 85",Sé,,tombado,municipal,,,,2007-07-25,0050250002
SO_ELEGIVEL·sem dono,SO_ELEGIVEL,Área do Centro Velho,"Rua Quinze de Novembro, 175, 16",Sé,,tombado,municipal,,,,2007-07-25,0010820001
SO_ELEGIVEL·sem dono,SO_ELEGIVEL,Área do Centro Velho,"Rua Direita, 223, 231",Sé,,tombado,municipal,,,,2007-07-25,0050040003
SO_ELEGIVEL·sem dono,SO_ELEGIVEL,Área do Centro Velho,"Rua Frederico Alvarenga, 121",Sé,,tombado,municipal,,,,2007-07-25,0030050001
SO_ELEGIVEL·sem dono,SO_ELEGIVEL,Área do Centro Velho,"Rua Vinte e Cinco de Março, 216, 218",Sé,,tombado,municipal,,,,2007-07-25,0020660002
SO_ELEGIVEL·sem dono,SO_ELEGIVEL,Área do Centro Velho,"Rua Hércules Florence, 17, 23, 27, 198, 214",Sé,,tombado,municipal,,,,2007-07-25,0020660001
SO_ELEGIVEL·sem dono,SO_ELEGIVEL,Área do Centro Velho,"Rua José Bonifácio, 67, 79, 58, 66",Sé,,tombado,municipal,,,,2007-07-25,0050110384
SO_ELEGIVEL·sem dono,SO_ELEGIVEL,Área do Centro Velho /  Edifício P. Fongaro / Área de Interesse Arqueológico,"Rua Roberto Simonsen, 34, 40, 134, 166",Sé,,tombado,municipal,,,,2007-07-25,0020740006
SO_ELEGIVEL·sem dono,SO_ELEGIVEL,Área do Centro Velho / Antiga Bolsa de Mercadorias / Área de Interesse Arqueológico,"Largo Pateo do Colegio, 73, 40",Sé,,tombado,municipal,,,,2015-05-19,0020600003
SO_ELEGIVEL·sem dono,SO_ELEGIVEL,Área do Centro Velho / Caixa Econômica Federal / Área de Interesse Arqueológico,"Rua Venceslau Brás, 16, 111",Sé,,tombado,municipal,,,,2007-07-25,0020680013
SO_ELEGIVEL·sem dono,SO_ELEGIVEL,Área do Centro Velho / Cúria Metropolitana de São Paulo / Área de Interesse Arqueológico,"Praça Clóvis Beviláqua, 45, 49, 57, 61, 67",Sé,,tombado,municipal,,,,2007-07-25,0020730004
SO_ELEGIVEL·sem dono,SO_ELEGIVEL,Área do Centro Velho / Edifício Guinle / Área de Interesse Arqueológico,"Rua Direita, 37, 47, 49",Sé,,tombado,municipal,,,,2007-07-25,0050120006
SO_ELEGIVEL·sem dono,SO_ELEGIVEL,Área do Centro Velho / Edifício Policlínica / Imóveis Enquadrados Como Z8-200 - Anexo I - Item ? / Área de Interesse Arqueológico,"Rua Roberto Simonsen, 85, 89",Sé,,tombado,municipal,,,,2015-05-19,0020680007
SO_ELEGIVEL·sem dono,SO_ELEGIVEL,Área do Centro Velho / Edifício R. Monteiro / Área de Interesse Arqueológico,"Rua Quintino Bocaiúva, 61, 71, 79",Sé,,tombado,municipal,,,,2007-07-25,0050120019
SO_ELEGIVEL·sem dono,SO_ELEGIVEL,Área do Centro Velho / Edifício Stella Maris / Área de Interesse Arqueológico,"Praça da Sé, 266, 270, 276",Sé,,tombado,municipal,,,,2007-07-25,0050220002
SO_ELEGIVEL·sem dono,SO_ELEGIVEL,Área do Centro Velho / Edifício Triângulo / Painéis de di Cavalcanti / Proeto de Oscar Niemeyer e Carlos Lemos / 1955 / Área de Interesse Arqueológico,"Rua Direita, 73, 79, 85, 89, 8, 16, 24, 32, 11, 23",Sé,,tombado,municipal,,,,2007-07-25,0050050000
SO_ELEGIVEL·sem dono,SO_ELEGIVEL,"Área do Centro Velho / Edifícios Pepi, Minerva e Mirador / Área de Interesse Arqueológico","Rua Doutor Bitencourt Rodrigues, 37, 51, 210",Sé,,tombado,municipal,,,,2007-07-25,0020740000
SO_ELEGIVEL·sem dono,SO_ELEGIVEL,Área do Centro Velho / Hotel Flor do Mercado,"Rua da Cantareira, 353",Sé,,tombado,municipal,,,,2007-07-25,0010520019
SO_ELEGIVEL·sem dono,SO_ELEGIVEL,Área do Centro Velho / Hotel Santa Tereza / Área de Interesse Arqueológico,"Praça Clóvis Beviláqua, 75, 93, 5, 9",Sé,,tombado,municipal,,,,2007-07-25,0020730003
SO_ELEGIVEL·sem dono,SO_ELEGIVEL,Área do Centro Velho / Igreja Ortodoxa Antioquina da Anunciação a Nossa Senhora,"Rua Cavalheiro Basilio Jafet, 115",Sé,,tombado,municipal,,,,2017-08-17,0010670000
SO_ELEGIVEL·sem dono,SO_ELEGIVEL,Área do Centro Velho / Prédio Kahtalian,"Rua Barão de Duprat, 218, 224, 228, 234, 240",Sé,,tombado,municipal,,,,2007-07-25,0010680000
SO_ELEGIVEL·sem dono,SO_ELEGIVEL,Área do Centro Velho / Prédio Moinho Magalhães,"Praça Padre Manuel da Nóbrega, 16, 22, 70, 80",Sé,,tombado,municipal,,,,2007-07-25,0020600000
SO_ELEGIVEL·sem dono,SO_ELEGIVEL,Área do Centro Velho / Rede Povão de Alimentação,"Rua Carlos de Sousa Nazaré, 434, 436",Sé,,tombado,municipal,,,,2007-07-25,0010520009
SO_ELEGIVEL·sem dono,SO_ELEGIVEL,Área do Centro Velho / Secretaria dos Negócios Jurídicos / Cejur / Área de Interesse Arqueológico,"Largo Pateo do Colegio, 9, 13, 15, 50, 54",Sé,,tombado,municipal,,,,2015-05-19,0020610002
SO_ELEGIVEL·sem dono,SO_ELEGIVEL,Área do Centro Velho / União dos Nordestinos / Área de Interesse Arqueológico,"Rua Benjamim Constant, 56, 60, 62",Sé,,tombado,municipal,,,,2007-07-25,0050150010
SO_ELEGIVEL·sem dono,SO_ELEGIVEL,Área do Centro Velho / Área de Interesse Arqueológico,"Rua Roberto Simonsen, 71, 75, 79",Sé,,tombado,municipal,,,,2015-05-19,0020680008
SO_ELEGIVEL·sem dono,SO_ELEGIVEL,Área do Centro Velho / Área de Interesse Arqueológico,"Rua Anchieta, 35, 46, 66",Sé,,tombado,municipal,,,,2007-07-25,0020600004
SO_ELEGIVEL·sem dono,SO_ELEGIVEL,Área do Centro Velho / Área de Interesse Arqueológico,"Praça da Sé, 57, 67, 1",Sé,,tombado,municipal,,,,2015-05-19,0020610004
SO_ELEGIVEL·sem dono,SO_ELEGIVEL,Área do Centro Velho / Área de Interesse Arqueológico,"Rua Direita, 25, 30, 32, 38",Sé,,tombado,municipal,,,,2007-07-25,0050120092
SO_ELEGIVEL·sem dono,SO_ELEGIVEL,Área do Centro Velho / Área de Interesse Arqueológico,"José Bonifácio, 13, 15, 19",Sé,,tombado,municipal,,,,2007-07-25,0050120003
SO_ELEGIVEL·sem dono,SO_ELEGIVEL,Área do Centro Velho / Área de Interesse Arqueológico,"Largo da Misericórdia, 34, 36",Sé,,tombado,municipal,,,,2007-07-25,0010860015
SO_ELEGIVEL·sem dono,SO_ELEGIVEL,Área do Centro Velho / Área de Interesse Arqueológico,"Rua Direita, 61, 65",Sé,,tombado,municipal,,,,2007-07-25,0050120004
SO_ELEGIVEL·sem dono,SO_ELEGIVEL,Área do Centro Velho / Área de Interesse Arqueológico,"Rua Doutor Bitencourt Rodrigues, 31, 33",Sé,,tombado,municipal,,,,2007-07-25,0020740019
SO_ELEGIVEL·sem dono,SO_ELEGIVEL,Área do Glicério - Item 6 / Igepac Liberdade 2 / Anexo I - Item 16,"Rua dos Estudantes, 252",Sé,,tombado,municipal,,,,2019-11-22,0050530030
SO_ELEGIVEL·sem dono,SO_ELEGIVEL,Área do Glicério - Item 8 / Igepac Liberdade,"Rua Conde de Sarzedas, 134, 136, 146, 148, 19, 31",Sé,,tombado,municipal,,,,2019-11-22,0050460167
SO_ELEGIVEL·sem dono,SO_ELEGIVEL,Área do Glicério - Item 8 / Igepac Liberdade,"Rua dos Estudantes, 451, 469",Sé,,tombado,municipal,,,,2019-11-22,0050460056
SO_ELEGIVEL·sem dono,SO_ELEGIVEL,Área do Glicério / Igepac Liberdade,"Rua Santa Luzia, 81, 93",Sé,,tombado,municipal,,,,2019-11-22,0050440000
SO_ELEGIVEL·sem dono,SO_ELEGIVEL,Área do Glicério / Igepac Liberdade,"Rua Doutor Tomaz de Lima, 35, 41",Sé,,tombado,municipal,,,,2019-11-22,0050460001
SO_ELEGIVEL·sem dono,SO_ELEGIVEL,Área do Glicério / Igepac Liberdade,"Rua Doutor Tomaz de Lima, 43, 47",Sé,,tombado,municipal,,,,2019-11-22,0050460002
SO_ELEGIVEL·sem dono,SO_ELEGIVEL,Área do Glicério / Igepac Liberdade,"Rua Doutor Tomaz de Lima, 49, 53",Sé,,tombado,municipal,,,,2019-11-22,0050460003
SO_ELEGIVEL·sem dono,SO_ELEGIVEL,Área do Pátio do Colégio,"Praça Padre Manuel da Nóbrega, 28, 36",Sé,,tombado,municipal,,,,2015-05-19,0020600002
SO_ELEGIVEL·sem dono,SO_ELEGIVEL,Área do Pátio do Colégio,"Largo Páteo do Colégio, 1",Sé,,tombado,municipal,,,,2015-05-19,0020590052
SO_ELEGIVEL·sem dono,SO_ELEGIVEL,Área do Pátio do Colégio / Tribunal de Alçada Civil / Área de Interesse Arqueológico,"Largo Pateo do Colegio, 184",Sé,,tombado,municipal,,,,2015-05-19,0020620001
SO_ELEGIVEL·sem dono,SO_ELEGIVEL,Área do Pátio do Colégio / Área do Centro Velho / Secretaria de Justiça / Antiga Secretaria de Agricultura / Área de Interesse Arqueológico,"Largo Pateo do Colegio, 148",Sé,,tombado,municipal,,,,2015-05-19,0020630001
SO_ELEGIVEL·sem dono,SO_ELEGIVEL,Área do Pátio do Colégio / Área do Centro Velho / Área de Interesse Arqueológico,"Rua Roberto Simonsen, 112, 114",Sé,,tombado,municipal,,,,2015-05-19,0020590049
SO_ELEGIVEL·sem dono,SO_ELEGIVEL,Casa do Sítio do Tatuapé,"Rua Guabijú, 49",Tatuapé,,tombado,municipal+estadual+federal,,,,1991-04-10,0621620023
SO_ELEGIVEL·sem dono,SO_ELEGIVEL,Conjuntos Residenciais Mooca / Sobrados Remanescentes da Vila João Migliari,"Rua Padre Estevão Pernet, 669",Tatuapé,,tombado,municipal,,,,2023-10-09,0542090001
SO_ELEGIVEL·sem dono,SO_ELEGIVEL,Conjuntos Residenciais Mooca / Sobrados Remanescentes da Vila João Migliari,"Rua Padre Estevão Pernet, 705",Tatuapé,,tombado,municipal,,,,2023-10-09,0542090003
SO_ELEGIVEL·sem dono,SO_ELEGIVEL,Conjuntos Residenciais Mooca / Sobrados Remanescentes da Vila João Migliari,"Rua Padre Estevão Pernet, 701",Tatuapé,,tombado,municipal,,,,2023-10-09,0542090002
SO_ELEGIVEL·sem dono,SO_ELEGIVEL,Conjuntos Residenciais Mooca / Sobrados Remanescentes da Vila João Migliari,"Rua Padre Estevão Pernet, 709",Tatuapé,,tombado,municipal,,,,2023-10-09,0542090004
SO_ELEGIVEL·sem dono,SO_ELEGIVEL,Conjuntos Residenciais Mooca / Sobrados Remanescentes da Vila João Migliari,"Rua Padre Estevão Pernet, 713",Tatuapé,,tombado,municipal,,,,2023-10-09,0542090005
SO_ELEGIVEL·sem dono,SO_ELEGIVEL,Ee Visconde de Congonhas do Campo (1936) / Projeto de José Maria da Silva Neves,"Rua Tuiuti, 2051",Tatuapé,,tombado,municipal,,,,2018-05-25,0300720001
SO_ELEGIVEL·sem dono,SO_ELEGIVEL,Emei Presidente Dutra,"Rua Santo Elias, 146, 180, 344",Tatuapé,,tombado,municipal,,,,1990-10-20,0621290001
SO_ELEGIVEL·sem dono,SO_ELEGIVEL,Abadia de Santa Maria / Projeto Hans Broos,"Avenida Coronel Sezefredo Fagundes, 4650",Tremembé,,tombado,municipal,,,,2018-03-15,2229880000
SO_ELEGIVEL·sem dono,SO_ELEGIVEL,Casa de Cultura Tremembé / Casa de Cora Coralina,"Avenida Amália Lopes de Azevedo, 190",Tremembé,,tombado,municipal,,,,2016-10-01,0700240107
SO_ELEGIVEL·sem dono,SO_ELEGIVEL,Marco Rodoviário Entre São Paulo e Juquery (atual Mairiporã),Avenida Senador José Ermírio de Moraes,Tremembé,,tombado,municipal,,,,2017-04-27,2209990000
SO_ELEGIVEL·sem dono,SO_ELEGIVEL,Residência Na Zona Norte,"Avenida Nova Cantareira, 5631",Tremembé,,tombado,municipal,,,,2018-05-16,1091940108
SO_ELEGIVEL·sem dono,SO_ELEGIVEL,Capela de São Sebastião do Barro Branco,"Avenida Nova Cantareira, 3267",Tucuruvi,,tombado,municipal,,,,2003-04-10,0702420013
SO_ELEGIVEL·sem dono,SO_ELEGIVEL,Ee Silva Jardim / Projeto de José Maria da Silva Neves,"Avenida Tucuruvi, 724",Tucuruvi,,tombado,municipal,,,,2018-05-25,0690160016
SO_ELEGIVEL·sem dono,SO_ELEGIVEL,Geometria da Rua do Tramway,Rua Pedro Cacunda,Tucuruvi,,tombado,municipal,,,,2018-03-15,0690000000
SO_ELEGIVEL·sem dono,SO_ELEGIVEL,Invernada da Força Pública do Barro Branco,"Avenida Nova Cantareira, 2109",Tucuruvi,,tombado,municipal,,,,2014-03-22,0700400005
SO_ELEGIVEL·sem dono,SO_ELEGIVEL,Casa-escritorio do Arquiteto Hans Broos,"Rua Viriato Correa, 99, 486",Vila Andrade,,tombado,municipal,,,,2019-03-29,1231990002
SO_ELEGIVEL·sem dono,SO_ELEGIVEL,Antigo Edifício Sede da Associação Feminina Beneficente e Instructiva,"Avenida Regente Feijo, 1295",Vila Formosa,,tombado,municipal,,,,2023-01-19,0542600501
SO_ELEGIVEL·sem dono,SO_ELEGIVEL,Antigo Seminário Sagrado Coração,"Avenida João Xxiii, 1071, 96",Vila Formosa,,tombado,municipal+federal,,,,2014-07-09,1161780001
SO_ELEGIVEL·sem dono,SO_ELEGIVEL,Igreja Sagrado Coração de Jesus e Seminário Sagrado Coração,"Avenida Renata, 01, 372, 918, 938, 962, 994, 1006",Vila Formosa,,tombado,municipal,,,,2019-04-10,0530330085
SO_ELEGIVEL·sem dono,SO_ELEGIVEL,Sede do Antigo Sítio do Capão / Casa do Regente Feijó,Rua Antônio Alves Barril,Vila Formosa,,tombado,municipal+estadual,,,,1991-04-10,0542600601
SO_ELEGIVEL·sem dono,SO_ELEGIVEL,Edifício Sede da Ar.mg - Antigo Grupo Escolar de Vila Guilherme / Afrânio Peixoto,"Praça Oscar Silva, 110, 112",Vila Guilherme,,tombado,municipal,,,,2013-10-03,3040560001
SO_ELEGIVEL·sem dono,SO_ELEGIVEL,"Laboratório Paulista de Biologia / Rino Levi, Roberto Cerqueira César, Luís Roberto Carvalho Franco-1956 - Item 42","Rua Maria Cândida, 1789, 1813",Vila Guilherme,,tombado,municipal,,,,2018-07-27,0684790257
SO_ELEGIVEL·sem dono,SO_ELEGIVEL,Sítio Mirim,Avenida Doutor Assis Ribeiro,Vila Jacui,,tombado,municipal+estadual+federal,,,,1991-04-10,1310000000
SO_ELEGIVEL·sem dono,SO_ELEGIVEL,Antigo Sítio Bela Vista,"Rua Nova Prata, 48",Vila Maria,,tombado,municipal,,,,2009-10-10,0641920000
SO_ELEGIVEL·sem dono,SO_ELEGIVEL,Ee João Vieira de Almeida / Projeto de José Maria da Silva Neves,"Avenida Guilherme Cotching, 1272, 819",Vila Maria,,tombado,municipal,,,,2018-05-25,0641400063
SO_ELEGIVEL·sem dono,SO_ELEGIVEL,Antigo Hospital Psiquiátrico / Centro de Atenção Integrada à Saúde Mental Vila Mariana - Santa Casa de Misericórdia / Imóveis do Eixo Domingos de Morais - Vila Mariana,"Rua Major Maragliano, 241, 287",Vila Mariana,,tombado,municipal,,,,2018-03-09,0370990029
SO_ELEGIVEL·sem dono,SO_ELEGIVEL,Capela da Colônia Francesa / Jerônimo Bonilha Esteves / Israel Sancovski / 1963 / Liceu Pasteur / Liceu Franco Brasileiro de São Paulo / Proj. Ramos de Azevedo / Eixo Domingos de Morais - Vila Mari,"Rua Mairinque, 256",Vila Mariana,,tombado,municipal,,,,2018-03-09,0420080149
SO_ELEGIVEL·sem dono,SO_ELEGIVEL,Casa Modernista / Residência Gregori Warchavchik / Área da Antiga Chácara Klabin,"Rua Santa Cruz, 325",Vila Mariana,,tombado,municipal+estadual+federal,,,,1991-04-10,0420290021
SO_ELEGIVEL·sem dono,SO_ELEGIVEL,Casa das Rosas / Residência de Ernesto Dias de Castro / Espaço Haroldo de Campos de Poesia e Literatura,"Avenida Paulista, 37, 74",Vila Mariana,,tombado,municipal+estadual,,,,1991-04-10,0360100000
SO_ELEGIVEL·sem dono,SO_ELEGIVEL,Casarões Domingos de Morais / Centro de Memória do Corpo de Bombeiros / Eixo Domingos de Morais - Vila Mariana,"Rua Santa Cruz, 81, 2329",Vila Mariana,,tombado,municipal,,,,2018-03-09,0420530001
SO_ELEGIVEL·sem dono,SO_ELEGIVEL,Casarões Domingos de Morais / Eixo Domingos de Morais - Vila Mariana,"Rua Domingos de Morais, 2267",Vila Mariana,,tombado,municipal,,,,2018-03-09,0420530003
SO_ELEGIVEL·sem dono,SO_ELEGIVEL,Casarões Domingos de Morais / Imóveis do Eixo Domingos de Morais-vila Mariana,"Rua Domingos de Morais, 775",Vila Mariana,,tombado,municipal,,,,2018-03-09,0380700040
SO_ELEGIVEL·sem dono,SO_ELEGIVEL,Casarões Domingos de Morais / Imóveis do Eixo Domingos de Morais-vila Mariana,"Rua Domingos de Morais, 787",Vila Mariana,,tombado,municipal,,,,2018-03-09,0380700039
SO_ELEGIVEL·sem dono,SO_ELEGIVEL,Casarões Domingos de Morais / Imóveis do Eixo Domingos de Morais-vila Mariana,"Rua Domingos de Morais, 799",Vila Mariana,,tombado,municipal,,,,2018-03-09,0380700038
SO_ELEGIVEL·sem dono,SO_ELEGIVEL,Chácara das Jabuticabeiras / Aue - Área de Urbanização Especial,"Rua Benito Juarez, 122",Vila Mariana,,tombado,municipal,,,,2022-11-11,0370340049
SO_ELEGIVEL·sem dono,SO_ELEGIVEL,Chácara das Jabuticabeiras / Aue - Área de Urbanização Especial,"Rua Doutor Fabrício Vampré, 302",Vila Mariana,,tombado,municipal,,,,2022-11-11,0370350017
SO_ELEGIVEL·sem dono,SO_ELEGIVEL,Chácara das Jabuticabeiras / Aue - Área de Urbanização Especial,"Rua Coronel Artur Godoi, 31",Vila Mariana,,tombado,municipal,,,,2022-11-11,0370360647
SO_ELEGIVEL·sem dono,SO_ELEGIVEL,Chácara das Jabuticabeiras / Aue - Área de Urbanização Especial,"Rua Coronel Artur Godoi, 170",Vila Mariana,,tombado,municipal,,,,2022-11-11,0370340019
SO_ELEGIVEL·sem dono,SO_ELEGIVEL,Chácara das Jabuticabeiras / Aue - Área de Urbanização Especial,"Rua Doutor Fabrício Vampré, 59",Vila Mariana,,tombado,municipal,,,,2022-11-11,0370360114
SO_ELEGIVEL·sem dono,SO_ELEGIVEL,Chácara das Jabuticabeiras / Aue - Área de Urbanização Especial,"Rua Benito Juarez, 154",Vila Mariana,,tombado,municipal,,,,2022-11-11,0370340054
SO_ELEGIVEL·sem dono,SO_ELEGIVEL,Chácara das Jabuticabeiras / Aue - Área de Urbanização Especial,"Rua Benito Juarez, 145",Vila Mariana,,tombado,municipal,,,,2022-11-11,0370260020
SO_ELEGIVEL·sem dono,SO_ELEGIVEL,Chácara das Jabuticabeiras / Aue - Área de Urbanização Especial,"Rua Coronel Artur Godoi, 164",Vila Mariana,,tombado,municipal,,,,2022-11-11,0370340018
SO_ELEGIVEL·sem dono,SO_ELEGIVEL,Chácara das Jabuticabeiras / Aue - Área de Urbanização Especial,"Rua Coronel Artur Godoi, 79",Vila Mariana,,tombado,municipal,,,,2022-11-11,0370360084
SO_ELEGIVEL·sem dono,SO_ELEGIVEL,Chácara das Jabuticabeiras / Aue - Área de Urbanização Especial,"Rua Benito Juarez, 121",Vila Mariana,,tombado,municipal,,,,2022-11-11,0370260024
SO_ELEGIVEL·sem dono,SO_ELEGIVEL,Chácara das Jabuticabeiras / Aue - Área de Urbanização Especial,"Rua Benito Juarez, 131",Vila Mariana,,tombado,municipal,,,,2022-11-11,0370260022
SO_ELEGIVEL·sem dono,SO_ELEGIVEL,Chácara das Jabuticabeiras / Aue - Área de Urbanização Especial,"Rua Benito Juarez, 139",Vila Mariana,,tombado,municipal,,,,2022-11-11,0370260021
SO_ELEGIVEL·sem dono,SO_ELEGIVEL,Chácara das Jabuticabeiras / Aue - Área de Urbanização Especial,"Rua Coronel Artur Godoi, 241",Vila Mariana,,tombado,municipal,,,,2022-11-11,0370360061
SO_ELEGIVEL·sem dono,SO_ELEGIVEL,Chácara das Jabuticabeiras / Aue - Área de Urbanização Especial,"Rua Coronel Artur Godoi, 72",Vila Mariana,,tombado,municipal,,,,2022-11-11,0370340007
SO_ELEGIVEL·sem dono,SO_ELEGIVEL,Chácara das Jabuticabeiras / Aue - Área de Urbanização Especial,"Rua Coronel Artur Godoi, 51",Vila Mariana,,tombado,municipal,,,,2022-11-11,0370360087
SO_ELEGIVEL·sem dono,SO_ELEGIVEL,Chácara das Jabuticabeiras / Aue - Área de Urbanização Especial,"Rua Coronel Artur Godoi, 45",Vila Mariana,,tombado,municipal,,,,2022-11-11,0370360088
SO_ELEGIVEL·sem dono,SO_ELEGIVEL,Chácara das Jabuticabeiras / Aue - Área de Urbanização Especial,"Rua Coronel Artur Godoi, 31, 5",Vila Mariana,,tombado,municipal,,,,2022-11-11,0370360144
SO_ELEGIVEL·sem dono,SO_ELEGIVEL,Chácara das Jabuticabeiras / Aue - Área de Urbanização Especial,"Rua Benito Juarez, 162",Vila Mariana,,tombado,municipal,,,,2022-11-11,0370340056
SO_ELEGIVEL·sem dono,SO_ELEGIVEL,Chácara das Jabuticabeiras / Aue - Área de Urbanização Especial,"Rua Doutor Fabrício Vampré, 38",Vila Mariana,,tombado,municipal,,,,2022-11-11,0370350022
SO_ELEGIVEL·sem dono,SO_ELEGIVEL,Chácara das Jabuticabeiras / Aue - Área de Urbanização Especial,"Rua Coronel Artur Godoi, 31, 12",Vila Mariana,,tombado,municipal,,,,2022-11-11,0370360090
SO_ELEGIVEL·sem dono,SO_ELEGIVEL,Chácara das Jabuticabeiras / Aue - Área de Urbanização Especial,"Rua Benito Juarez, 52",Vila Mariana,,tombado,municipal,,,,2022-11-11,0370340036
SO_ELEGIVEL·sem dono,SO_ELEGIVEL,Chácara das Jabuticabeiras / Aue - Área de Urbanização Especial,"Rua Doutor Fabrício Vampré, 277",Vila Mariana,,tombado,municipal,,,,2022-11-11,0370340060
SO_ELEGIVEL·sem dono,SO_ELEGIVEL,Chácara das Jabuticabeiras / Aue - Área de Urbanização Especial,"Rua Benito Juarez, 61",Vila Mariana,,tombado,municipal,,,,2022-11-11,0370260032
SO_ELEGIVEL·sem dono,SO_ELEGIVEL,Chácara das Jabuticabeiras / Aue - Área de Urbanização Especial,"Rua Benito Juarez, 51",Vila Mariana,,tombado,municipal,,,,2022-11-11,0370260033
SO_ELEGIVEL·sem dono,SO_ELEGIVEL,Chácara das Jabuticabeiras / Aue - Área de Urbanização Especial,"Rua Doutor Fabrício Vampré, 257",Vila Mariana,,tombado,municipal,,,,2022-11-11,0370360100
SO_ELEGIVEL·sem dono,SO_ELEGIVEL,Chácara das Jabuticabeiras / Aue - Área de Urbanização Especial,"Rua Coronel Artur Godoi, 31, 10",Vila Mariana,,tombado,municipal,,,,2022-11-11,0370360091
SO_ELEGIVEL·sem dono,SO_ELEGIVEL,Chácara das Jabuticabeiras / Aue - Área de Urbanização Especial,"Rua Coronel Artur Godoi, 141",Vila Mariana,,tombado,municipal,,,,2022-11-11,0370360080
SO_ELEGIVEL·sem dono,SO_ELEGIVEL,Chácara das Jabuticabeiras / Aue - Área de Urbanização Especial,"Rua Benito Juarez, 68",Vila Mariana,,tombado,municipal,,,,2022-11-11,0370340039
SO_ELEGIVEL·sem dono,SO_ELEGIVEL,Chácara das Jabuticabeiras / Aue - Área de Urbanização Especial,"Rua Doutor Fabrício Vampré, 201",Vila Mariana,,tombado,municipal,,,,2022-11-11,0370360105
SO_ELEGIVEL·sem dono,SO_ELEGIVEL,Chácara das Jabuticabeiras / Aue - Área de Urbanização Especial,"Rua Benito Juarez, 156",Vila Mariana,,tombado,municipal,,,,2022-11-11,0370340055
SO_ELEGIVEL·sem dono,SO_ELEGIVEL,Chácara das Jabuticabeiras / Aue - Área de Urbanização Especial,"Rua Doutor Fabrício Vampré, 116, 118",Vila Mariana,,tombado,municipal,,,,2022-11-11,0370350004
SO_ELEGIVEL·sem dono,SO_ELEGIVEL,Chácara das Jabuticabeiras / Aue - Área de Urbanização Especial,"Rua Doutor Fabrício Vampré, 102",Vila Mariana,,tombado,municipal,,,,2022-11-11,0370350003
SO_ELEGIVEL·sem dono,SO_ELEGIVEL,Chácara das Jabuticabeiras / Aue - Área de Urbanização Especial,"Rua Coronel Artur Godoi, 31, 7",Vila Mariana,,tombado,municipal,,,,2022-11-11,0370360145
SO_ELEGIVEL·sem dono,SO_ELEGIVEL,Chácara das Jabuticabeiras / Aue - Área de Urbanização Especial,"Rua Coronel Artur Godoi, 83",Vila Mariana,,tombado,municipal,,,,2022-11-11,0370360083
SO_ELEGIVEL·sem dono,SO_ELEGIVEL,Chácara das Jabuticabeiras / Aue - Área de Urbanização Especial,"Rua Coronel Artur Godoi, 114, 116",Vila Mariana,,tombado,municipal,,,,2022-11-11,0370340000
SO_ELEGIVEL·sem dono,SO_ELEGIVEL,Chácara das Jabuticabeiras / Aue - Área de Urbanização Especial,"Rua Coronel Artur Godoi, 182",Vila Mariana,,tombado,municipal,,,,2022-11-11,0370340020
SO_ELEGIVEL·sem dono,SO_ELEGIVEL,Chácara das Jabuticabeiras / Aue - Área de Urbanização Especial,"Rua Coronel Artur Godoi, 71",Vila Mariana,,tombado,municipal,,,,2022-11-11,0370360085
SO_ELEGIVEL·sem dono,SO_ELEGIVEL,Chácara das Jabuticabeiras / Aue - Área de Urbanização Especial,"Rua Coronel Artur Godoi, 220",Vila Mariana,,tombado,municipal,,,,2022-11-11,0370340026
SO_ELEGIVEL·sem dono,SO_ELEGIVEL,Chácara das Jabuticabeiras / Aue - Área de Urbanização Especial,"Rua Humberto I, 513",Vila Mariana,,tombado,municipal,,,,2022-11-11,0370260037
SO_ELEGIVEL·sem dono,SO_ELEGIVEL,Chácara das Jabuticabeiras / Aue - Área de Urbanização Especial,"Rua Coronel Artur Godoi, 86",Vila Mariana,,tombado,municipal,,,,2022-11-11,0370340008
SO_ELEGIVEL·sem dono,SO_ELEGIVEL,Chácara das Jabuticabeiras / Aue - Área de Urbanização Especial,"Rua Coronel Artur Godoi, 163",Vila Mariana,,tombado,municipal,,,,2022-11-11,0370360074
SO_ELEGIVEL·sem dono,SO_ELEGIVEL,Chácara das Jabuticabeiras / Aue - Área de Urbanização Especial,"Rua Coronel Artur Godoi, 149",Vila Mariana,,tombado,municipal,,,,2022-11-11,0370360078
SO_ELEGIVEL·sem dono,SO_ELEGIVEL,Chácara das Jabuticabeiras / Aue - Área de Urbanização Especial,"Rua Doutor Fabrício Vampré, 259",Vila Mariana,,tombado,municipal,,,,2022-11-11,0370360099
SO_ELEGIVEL·sem dono,SO_ELEGIVEL,Chácara das Jabuticabeiras / Aue - Área de Urbanização Especial,"Rua Coronel Artur Godoi, 146",Vila Mariana,,tombado,municipal,,,,2022-11-11,0370340016
SO_ELEGIVEL·sem dono,SO_ELEGIVEL,Chácara das Jabuticabeiras / Aue - Área de Urbanização Especial,"Rua Humberto I, 545",Vila Mariana,,tombado,municipal,,,,2022-11-11,0370340079
SO_ELEGIVEL·sem dono,SO_ELEGIVEL,Chácara das Jabuticabeiras / Aue - Área de Urbanização Especial,"Rua Coronel Artur Godoi, 218",Vila Mariana,,tombado,municipal,,,,2022-11-11,0370340025
SO_ELEGIVEL·sem dono,SO_ELEGIVEL,Chácara das Jabuticabeiras / Aue - Área de Urbanização Especial,"Rua Coronel Artur Godoi, 7",Vila Mariana,,tombado,municipal,,,,2022-11-11,0370360098
SO_ELEGIVEL·sem dono,SO_ELEGIVEL,Chácara das Jabuticabeiras / Aue - Área de Urbanização Especial,"Rua Coronel Artur Godoi, 143",Vila Mariana,,tombado,municipal,,,,2022-11-11,0370360079
SO_ELEGIVEL·sem dono,SO_ELEGIVEL,Chácara das Jabuticabeiras / Aue - Área de Urbanização Especial,"Rua Coronel Artur Godoi, 167, 9",Vila Mariana,,tombado,municipal,,,,2022-11-11,0370360072
SO_ELEGIVEL·sem dono,SO_ELEGIVEL,Chácara das Jabuticabeiras / Aue - Área de Urbanização Especial,"Rua Doutor Fabrício Vampré, 263",Vila Mariana,,tombado,municipal,,,,2022-11-11,0370340063
SO_ELEGIVEL·sem dono,SO_ELEGIVEL,Chácara das Jabuticabeiras / Aue - Área de Urbanização Especial,"Rua Doutor Fabrício Vampré, 267",Vila Mariana,,tombado,municipal,,,,2022-11-11,0370340062
SO_ELEGIVEL·sem dono,SO_ELEGIVEL,Chácara das Jabuticabeiras / Aue - Área de Urbanização Especial,"Rua Benito Juarez, 128",Vila Mariana,,tombado,municipal,,,,2022-11-11,0370340050
SO_ELEGIVEL·sem dono,SO_ELEGIVEL,Chácara das Jabuticabeiras / Aue - Área de Urbanização Especial,"Praça Arquimedes da Silva, 182",Vila Mariana,,tombado,municipal,,,,2022-11-11,0370350011
SO_ELEGIVEL·sem dono,SO_ELEGIVEL,Chácara das Jabuticabeiras / Aue - Área de Urbanização Especial,"Rua Benito Juarez, 54",Vila Mariana,,tombado,municipal,,,,2022-11-11,0370340037
SO_ELEGIVEL·sem dono,SO_ELEGIVEL,Chácara das Jabuticabeiras / Aue - Área de Urbanização Especial,"Rua Doutor Fabrício Vampré, 148",Vila Mariana,,tombado,municipal,,,,2022-11-11,0370350008
SO_ELEGIVEL·sem dono,SO_ELEGIVEL,Chácara das Jabuticabeiras / Aue - Área de Urbanização Especial,"Rua Doutor Fabrício Vampré, 36",Vila Mariana,,tombado,municipal,,,,2022-11-11,0370350021
SO_ELEGIVEL·sem dono,SO_ELEGIVEL,Chácara das Jabuticabeiras / Aue - Área de Urbanização Especial,"Rua Benito Juarez, 113",Vila Mariana,,tombado,municipal,,,,2022-11-11,0370260025
SO_ELEGIVEL·sem dono,SO_ELEGIVEL,Chácara das Jabuticabeiras / Aue - Área de Urbanização Especial,"Rua Humberto I, 503",Vila Mariana,,tombado,municipal,,,,2022-11-11,0370260039
SO_ELEGIVEL·sem dono,SO_ELEGIVEL,Chácara das Jabuticabeiras / Aue - Área de Urbanização Especial,"Rua Coronel Artur Godoi, 52",Vila Mariana,,tombado,municipal,,,,2022-11-11,0370340005
SO_ELEGIVEL·sem dono,SO_ELEGIVEL,Chácara das Jabuticabeiras / Aue - Área de Urbanização Especial,"Rua Benito Juarez, 44",Vila Mariana,,tombado,municipal,,,,2022-11-11,0370340035
SO_ELEGIVEL·sem dono,SO_ELEGIVEL,Chácara das Jabuticabeiras / Aue - Área de Urbanização Especial,"Rua Coronel Artur Godoi, 65",Vila Mariana,,tombado,municipal,,,,2022-11-11,0370360086
SO_ELEGIVEL·sem dono,SO_ELEGIVEL,Chácara das Jabuticabeiras / Aue - Área de Urbanização Especial,"Rua Doutor Fabrício Vampré, 42",Vila Mariana,,tombado,municipal,,,,2022-11-11,0370350024
SO_ELEGIVEL·sem dono,SO_ELEGIVEL,Chácara das Jabuticabeiras / Aue - Área de Urbanização Especial,"Rua Doutor Fabrício Vampré, 275",Vila Mariana,,tombado,municipal,,,,2022-11-11,0370340061
SO_ELEGIVEL·sem dono,SO_ELEGIVEL,Chácara das Jabuticabeiras / Aue - Área de Urbanização Especial,"Rua Doutor Fabrício Vampré, 120",Vila Mariana,,tombado,municipal,,,,2022-11-11,0370350005
SO_ELEGIVEL·sem dono,SO_ELEGIVEL,Chácara das Jabuticabeiras / Aue - Área de Urbanização Especial,"Rua Benito Juarez, 107",Vila Mariana,,tombado,municipal,,,,2022-11-11,0370260026
SO_ELEGIVEL·sem dono,SO_ELEGIVEL,Chácara das Jabuticabeiras / Aue - Área de Urbanização Especial,"Rua Coronel Artur de Godoi, 21",Vila Mariana,,tombado,municipal,,,,2022-11-11,0370360097
SO_ELEGIVEL·sem dono,SO_ELEGIVEL,Chácara das Jabuticabeiras / Aue - Área de Urbanização Especial,"Rua Humberto I, 511",Vila Mariana,,tombado,municipal,,,,2022-11-11,0370260038
SO_ELEGIVEL·sem dono,SO_ELEGIVEL,Chácara das Jabuticabeiras / Aue - Área de Urbanização Especial,"Rua Coronel Artur Godoi, 198",Vila Mariana,,tombado,municipal,,,,2022-11-11,0370340023
SO_ELEGIVEL·sem dono,SO_ELEGIVEL,Chácara das Jabuticabeiras / Aue - Área de Urbanização Especial,"Rua Coronel Artur Godoi, 192",Vila Mariana,,tombado,municipal,,,,2022-11-11,0370340022
SO_ELEGIVEL·sem dono,SO_ELEGIVEL,Chácara das Jabuticabeiras / Aue - Área de Urbanização Especial,"Rua Benito Juarez, 86",Vila Mariana,,tombado,municipal,,,,2022-11-11,0370340043
SO_ELEGIVEL·sem dono,SO_ELEGIVEL,Chácara das Jabuticabeiras / Aue - Área de Urbanização Especial,"Rua Coronel Artur Godoi, 158",Vila Mariana,,tombado,municipal,,,,2022-11-11,0370340017
SO_ELEGIVEL·sem dono,SO_ELEGIVEL,Chácara das Jabuticabeiras / Aue - Área de Urbanização Especial,"Rua Coronel Artur Godoi, 16",Vila Mariana,,tombado,municipal,,,,2022-11-11,0370340002
SO_ELEGIVEL·sem dono,SO_ELEGIVEL,Chácara das Jabuticabeiras / Aue - Área de Urbanização Especial,"Rua Doutor Fabrício Vampré, 31",Vila Mariana,,tombado,municipal,,,,2022-11-11,0370360115
SO_ELEGIVEL·sem dono,SO_ELEGIVEL,Chácara das Jabuticabeiras / Aue - Área de Urbanização Especial,"Rua Benito Juarez, 102",Vila Mariana,,tombado,municipal,,,,2022-11-11,0370340045
SO_ELEGIVEL·sem dono,SO_ELEGIVEL,Chácara das Jabuticabeiras / Aue - Área de Urbanização Especial,"Rua Benito Juarez, 78",Vila Mariana,,tombado,municipal,,,,2022-11-11,0370340041
SO_ELEGIVEL·sem dono,SO_ELEGIVEL,Chácara das Jabuticabeiras / Aue - Área de Urbanização Especial,"Rua Coronel Artur Godoi, 188",Vila Mariana,,tombado,municipal,,,,2022-11-11,0370340021
SO_ELEGIVEL·sem dono,SO_ELEGIVEL,Chácara das Jabuticabeiras / Aue - Área de Urbanização Especial,"Rua Coronel Artur Godoi, 238",Vila Mariana,,tombado,municipal,,,,2022-11-11,0370340029
SO_ELEGIVEL·sem dono,SO_ELEGIVEL,Chácara das Jabuticabeiras / Aue - Área de Urbanização Especial,"Rua Coronel Artur Godoi, 31",Vila Mariana,,tombado,municipal,,,,2022-11-11,0370360089
SO_ELEGIVEL·sem dono,SO_ELEGIVEL,Chácara das Jabuticabeiras / Aue - Área de Urbanização Especial,"Rua Coronel Artur Godoi, 125",Vila Mariana,,tombado,municipal,,,,2022-11-11,0370360000
SO_ELEGIVEL·sem dono,SO_ELEGIVEL,Chácara das Jabuticabeiras / Aue - Área de Urbanização Especial,"Rua Doutor Fabrício Vampré, 213",Vila Mariana,,tombado,municipal,,,,2022-11-11,0370360104
SO_ELEGIVEL·sem dono,SO_ELEGIVEL,Chácara das Jabuticabeiras / Aue - Área de Urbanização Especial,"Rua Coronel Artur Godoi, 151",Vila Mariana,,tombado,municipal,,,,2022-11-11,0370360077
SO_ELEGIVEL·sem dono,SO_ELEGIVEL,Chácara das Jabuticabeiras / Aue - Área de Urbanização Especial,"Rua Doutor Fabrício Vampré, 40",Vila Mariana,,tombado,municipal,,,,2022-11-11,0370350023
SO_ELEGIVEL·sem dono,SO_ELEGIVEL,Chácara das Jabuticabeiras / Aue - Área de Urbanização Especial,"Rua Coronel Artur Godoi, 155",Vila Mariana,,tombado,municipal,,,,2022-11-11,0370360076
SO_ELEGIVEL·sem dono,SO_ELEGIVEL,Chácara das Jabuticabeiras / Aue - Área de Urbanização Especial,"Rua Doutor Fabrício Vampré, 146",Vila Mariana,,tombado,municipal,,,,2022-11-11,0370350007
SO_ELEGIVEL·sem dono,SO_ELEGIVEL,Chácara das Jabuticabeiras / Aue - Área de Urbanização Especial,"Rua Doutor Fabrício Vampré, 142",Vila Mariana,,tombado,municipal,,,,2022-11-11,0370350006
SO_ELEGIVEL·sem dono,SO_ELEGIVEL,Chácara das Jabuticabeiras / Aue - Área de Urbanização Especial,"Rua Doutor Fabrício Vampré, 90",Vila Mariana,,tombado,municipal,,,,2022-11-11,0370350002
SO_ELEGIVEL·sem dono,SO_ELEGIVEL,Chácara das Jabuticabeiras / Aue - Área de Urbanização Especial,"Rua Doutor Fabrício Vampré, 44",Vila Mariana,,tombado,municipal,,,,2022-11-11,0370350025
SO_ELEGIVEL·sem dono,SO_ELEGIVEL,Chácara das Jabuticabeiras / Aue - Área de Urbanização Especial,"Rua Doutor Fabrício Vampré, 160",Vila Mariana,,tombado,municipal,,,,2022-11-11,0370350010
SO_ELEGIVEL·sem dono,SO_ELEGIVEL,Chácara das Jabuticabeiras / Aue - Área de Urbanização Especial,"Rua Benito Juarez, 71",Vila Mariana,,tombado,municipal,,,,2022-11-11,0370260031
SO_ELEGIVEL·sem dono,SO_ELEGIVEL,Chácara das Jabuticabeiras / Aue - Área de Urbanização Especial,"Rua Doutor Fabrício Vampré, 156",Vila Mariana,,tombado,municipal,,,,2022-11-11,0370350009
SO_ELEGIVEL·sem dono,SO_ELEGIVEL,Chácara das Jabuticabeiras / Aue - Área de Urbanização Especial,"Rua Coronel Artur Godoi, 140",Vila Mariana,,tombado,municipal,,,,2022-11-11,0370340073
SO_ELEGIVEL·sem dono,SO_ELEGIVEL,Chácara das Jabuticabeiras / Aue - Área de Urbanização Especial,"Rua Benito Juarez, 39",Vila Mariana,,tombado,municipal,,,,2022-11-11,0370260035
SO_ELEGIVEL·sem dono,SO_ELEGIVEL,Chácara das Jabuticabeiras / Aue - Área de Urbanização Especial,"Rua Coronel Artur Godoi, 31, 8",Vila Mariana,,tombado,municipal,,,,2022-11-11,0370360092
SO_ELEGIVEL·sem dono,SO_ELEGIVEL,Chácara das Jabuticabeiras / Aue - Área de Urbanização Especial,"Rua Benito Juarez, 118",Vila Mariana,,tombado,municipal,,,,2022-11-11,0370340048
SO_ELEGIVEL·sem dono,SO_ELEGIVEL,Chácara das Jabuticabeiras / Aue - Área de Urbanização Especial,"Rua Coronel Artur Godoi, 210",Vila Mariana,,tombado,municipal,,,,2022-11-11,0370340024
SO_ELEGIVEL·sem dono,SO_ELEGIVEL,Chácara das Jabuticabeiras / Aue - Área de Urbanização Especial,"Rua Benito Juarez, 170",Vila Mariana,,tombado,municipal,,,,2022-11-11,0370340057
SO_ELEGIVEL·sem dono,SO_ELEGIVEL,Chácara das Jabuticabeiras / Aue - Área de Urbanização Especial,"Rua Doutor Fabrício Vampré, 34",Vila Mariana,,tombado,municipal,,,,2022-11-11,0370350020
SO_ELEGIVEL·sem dono,SO_ELEGIVEL,Chácara das Jabuticabeiras / Aue - Área de Urbanização Especial,"Rua Benito Juarez, 94",Vila Mariana,,tombado,municipal,,,,2022-11-11,0370340044
SO_ELEGIVEL·sem dono,SO_ELEGIVEL,Chácara das Jabuticabeiras / Aue - Área de Urbanização Especial,"Rua Benito Juarez, 70",Vila Mariana,,tombado,municipal,,,,2022-11-11,0370340040
SO_ELEGIVEL·sem dono,SO_ELEGIVEL,Chácara das Jabuticabeiras / Aue - Área de Urbanização Especial,"Rua Doutor Fabrício Vampré, 32",Vila Mariana,,tombado,municipal,,,,2022-11-11,0370350019
SO_ELEGIVEL·sem dono,SO_ELEGIVEL,Chácara das Jabuticabeiras / Aue - Área de Urbanização Especial,"Rua Benito Juarez, 149",Vila Mariana,,tombado,municipal,,,,2022-11-11,0370260019
SO_ELEGIVEL·sem dono,SO_ELEGIVEL,Chácara das Jabuticabeiras / Aue - Área de Urbanização Especial,"Rua Doutor Fabrício Vampré, 262",Vila Mariana,,tombado,municipal,,,,2022-11-11,0370350015
SO_ELEGIVEL·sem dono,SO_ELEGIVEL,Chácara das Jabuticabeiras / Aue - Área de Urbanização Especial,"Rua Coronel Artur Godoi, 62",Vila Mariana,,tombado,municipal,,,,2022-11-11,0370340006
SO_ELEGIVEL·sem dono,SO_ELEGIVEL,Chácara das Jabuticabeiras / Aue - Área de Urbanização Especial,"Rua Benito Juarez, 129",Vila Mariana,,tombado,municipal,,,,2022-11-11,0370260023
SO_ELEGIVEL·sem dono,SO_ELEGIVEL,Chácara das Jabuticabeiras / Aue - Área de Urbanização Especial,"Rua Coronel Artur Godoi, 128",Vila Mariana,,tombado,municipal,,,,2022-11-11,0370340071
SO_ELEGIVEL·sem dono,SO_ELEGIVEL,Chácara das Jabuticabeiras / Aue - Área de Urbanização Especial,"Rua Humberto I, 521",Vila Mariana,,tombado,municipal,,,,2022-11-11,0370260036
SO_ELEGIVEL·sem dono,SO_ELEGIVEL,Chácara das Jabuticabeiras / Aue - Área de Urbanização Especial,"Rua Coronel Artur Godoi, 136",Vila Mariana,,tombado,municipal,,,,2022-11-11,0370340074
SO_ELEGIVEL·sem dono,SO_ELEGIVEL,Chácara das Jabuticabeiras / Aue - Área de Urbanização Especial,"Rua Coronel Artur Godoi, 203",Vila Mariana,,tombado,municipal,,,,2022-11-11,0370360062
SO_ELEGIVEL·sem dono,SO_ELEGIVEL,Chácara das Jabuticabeiras / Aue - Área de Urbanização Especial,"Rua Coronel Artur Godoi, 167, 3",Vila Mariana,,tombado,municipal,,,,2022-11-11,0370360066
SO_ELEGIVEL·sem dono,SO_ELEGIVEL,Chácara das Jabuticabeiras / Aue - Área de Urbanização Especial,"Rua Benito Juarez, 104",Vila Mariana,,tombado,municipal,,,,2022-11-11,0370340046
SO_ELEGIVEL·sem dono,SO_ELEGIVEL,Chácara das Jabuticabeiras / Aue - Área de Urbanização Especial,"Rua Benito Juarez, 112",Vila Mariana,,tombado,municipal,,,,2022-11-11,0370340047
SO_ELEGIVEL·sem dono,SO_ELEGIVEL,Chácara das Jabuticabeiras / Aue - Área de Urbanização Especial,"Rua Coronel Artur Godoi, 246",Vila Mariana,,tombado,municipal,,,,2022-11-11,0370340064
SO_ELEGIVEL·sem dono,SO_ELEGIVEL,Chácara das Jabuticabeiras / Aue - Área de Urbanização Especial,"Rua Coronel Artur Godoi, 23",Vila Mariana,,tombado,municipal,,,,2022-11-11,0370360096
SO_ELEGIVEL·sem dono,SO_ELEGIVEL,Chácara das Jabuticabeiras / Aue - Área de Urbanização Especial,"Rua Benito Juarez, 146",Vila Mariana,,tombado,municipal,,,,2022-11-11,0370340053
SO_ELEGIVEL·sem dono,SO_ELEGIVEL,Chácara das Jabuticabeiras / Aue - Área de Urbanização Especial,"Rua Coronel Artur Godoi, 92",Vila Mariana,,tombado,municipal,,,,2022-11-11,0370340009
SO_ELEGIVEL·sem dono,SO_ELEGIVEL,Chácara das Jabuticabeiras / Aue - Área de Urbanização Especial,"Rua Benito Juarez, 138",Vila Mariana,,tombado,municipal,,,,2022-11-11,0370340052
SO_ELEGIVEL·sem dono,SO_ELEGIVEL,Chácara das Jabuticabeiras / Aue - Área de Urbanização Especial,"Rua Benito Juarez, 85",Vila Mariana,,tombado,municipal,,,,2022-11-11,0370260029
SO_ELEGIVEL·sem dono,SO_ELEGIVEL,Chácara das Jabuticabeiras / Aue - Área de Urbanização Especial,"Praça Arquimedes da Silva, 224",Vila Mariana,,tombado,municipal,,,,2022-11-11,0370350013
SO_ELEGIVEL·sem dono,SO_ELEGIVEL,Chácara das Jabuticabeiras / Aue - Área de Urbanização Especial,"Rua Coronel Artur Godoi, 93",Vila Mariana,,tombado,municipal,,,,2022-11-11,0370260028
SO_ELEGIVEL·sem dono,SO_ELEGIVEL,Chácara das Jabuticabeiras / Aue - Área de Urbanização Especial,"Rua Coronel Artur Godoi, 230",Vila Mariana,,tombado,municipal,,,,2022-11-11,0370340028
SO_ELEGIVEL·sem dono,SO_ELEGIVEL,Chácara das Jabuticabeiras / Aue - Área de Urbanização Especial,"Praça Arquimedes da Silva, 218",Vila Mariana,,tombado,municipal,,,,2022-11-11,0370350012
SO_ELEGIVEL·sem dono,SO_ELEGIVEL,Chácara das Jabuticabeiras / Aue - Área de Urbanização Especial,"Rua Coronel Artur Godoi, 38, 46",Vila Mariana,,tombado,municipal,,,,2022-11-11,0370340004
SO_ELEGIVEL·sem dono,SO_ELEGIVEL,Chácara das Jabuticabeiras / Aue - Área de Urbanização Especial,"Rua Coronel Artur Godoi, 120",Vila Mariana,,tombado,municipal,,,,2022-11-11,0370340013
SO_ELEGIVEL·sem dono,SO_ELEGIVEL,Chácara das Jabuticabeiras / Aue - Área de Urbanização Especial,"Rua Coronel Artur Godoi, 228",Vila Mariana,,tombado,municipal,,,,2022-11-11,0370340027
SO_ELEGIVEL·sem dono,SO_ELEGIVEL,Chácara das Jabuticabeiras / Aue - Área de Urbanização Especial,"Rua Doutor Fabrício Vampré, 41",Vila Mariana,,tombado,municipal,,,,2022-11-11,0370260018
SO_ELEGIVEL·sem dono,SO_ELEGIVEL,Chácara das Jabuticabeiras / Aue - Área de Urbanização Especial,"Rua Doutor Fabrício Vampré, 67",Vila Mariana,,tombado,municipal,,,,2022-11-11,0370360113
SO_ELEGIVEL·sem dono,SO_ELEGIVEL,Chácara das Jabuticabeiras / Aue - Área de Urbanização Especial,"Rua Coronel Artur Godoi, 167, 4",Vila Mariana,,tombado,municipal,,,,2022-11-11,0370360067
SO_ELEGIVEL·sem dono,SO_ELEGIVEL,Chácara das Jabuticabeiras / Aue - Área de Urbanização Especial,"Rua Coronel Artur Godoi, 157",Vila Mariana,,tombado,municipal,,,,2022-11-11,0370360075
SO_ELEGIVEL·sem dono,SO_ELEGIVEL,Chácara das Jabuticabeiras / Aue - Área de Urbanização Especial,"Rua Doutor Fabrício Vampré, 291",Vila Mariana,,tombado,municipal,,,,2022-11-11,0370340058
SO_ELEGIVEL·sem dono,SO_ELEGIVEL,Chácara das Jabuticabeiras / Aue - Área de Urbanização Especial,"Rua Doutor Fabrício Vampré, 45",Vila Mariana,,tombado,municipal,,,,2022-11-11,0370260000
SO_ELEGIVEL·sem dono,SO_ELEGIVEL,Chácara das Jabuticabeiras / Aue - Área de Urbanização Especial,"Rua Doutor Fabrício Vampré, 52",Vila Mariana,,tombado,municipal,,,,2022-11-11,0370350000
SO_ELEGIVEL·sem dono,SO_ELEGIVEL,Chácara das Jabuticabeiras / Aue - Área de Urbanização Especial,"Rua Coronel Artur Godoi, 12, 14",Vila Mariana,,tombado,municipal,,,,2022-11-11,0370340001
SO_ELEGIVEL·sem dono,SO_ELEGIVEL,Chácara das Jabuticabeiras / Aue - Área de Urbanização Especial,"Rua Doutor Fabrício Vampré, 111",Vila Mariana,,tombado,municipal,,,,2022-11-11,0370360110
SO_ELEGIVEL·sem dono,SO_ELEGIVEL,Chácara das Jabuticabeiras / Aue - Área de Urbanização Especial,"Rua Benito Juarez, 97",Vila Mariana,,tombado,municipal,,,,2022-11-11,0370260027
SO_ELEGIVEL·sem dono,SO_ELEGIVEL,Chácara das Jabuticabeiras / Aue - Área de Urbanização Especial,"Rua Benito Juarez, 84",Vila Mariana,,tombado,municipal,,,,2022-11-11,0370340042
SO_ELEGIVEL·sem dono,SO_ELEGIVEL,Chácara das Jabuticabeiras / Aue - Área de Urbanização Especial,"Rua Coronel Artur Godoi, 28",Vila Mariana,,tombado,municipal,,,,2022-11-11,0370340003
SO_ELEGIVEL·sem dono,SO_ELEGIVEL,Chácara das Jabuticabeiras / Aue - Área de Urbanização Especial,"Rua Benito Juarez, 38",Vila Mariana,,tombado,municipal,,,,2022-11-11,0370340034
SO_ELEGIVEL·sem dono,SO_ELEGIVEL,Chácara das Jabuticabeiras / Aue - Área de Urbanização Especial,"Rua Doutor Fabrício Vampré, 289",Vila Mariana,,tombado,municipal,,,,2022-11-11,0370340059
SO_ELEGIVEL·sem dono,SO_ELEGIVEL,Chácara das Jabuticabeiras / Aue - Área de Urbanização Especial,"Rua Doutor Fabrício Vampré, 97",Vila Mariana,,tombado,municipal,,,,2022-11-11,0370360111
SO_ELEGIVEL·sem dono,SO_ELEGIVEL,Chácara das Jabuticabeiras / Aue - Área de Urbanização Especial,"Rua Coronel Artur Godoi, 31, 1",Vila Mariana,,tombado,municipal,,,,2022-11-11,0370360142
SO_ELEGIVEL·sem dono,SO_ELEGIVEL,Chácara das Jabuticabeiras / Aue - Área de Urbanização Especial,"Rua Coronel Artur Godoi, 106, 108",Vila Mariana,,tombado,municipal,,,,2022-11-11,0370340011
SO_ELEGIVEL·sem dono,SO_ELEGIVEL,Chácara das Jabuticabeiras / Aue - Área de Urbanização Especial,"Rua Doutor Fabrício Vampré, 81, 89",Vila Mariana,,tombado,municipal,,,,2022-11-11,0370360112
SO_ELEGIVEL·sem dono,SO_ELEGIVEL,Chácara das Jabuticabeiras / Aue - Área de Urbanização Especial,"Praça Arquimedes da Silva, 232",Vila Mariana,,tombado,municipal,,,,2022-11-11,0370350014
SO_ELEGIVEL·sem dono,SO_ELEGIVEL,Chácara das Jabuticabeiras / Aue - Área de Urbanização Especial,"Rua Benito Juarez, 136",Vila Mariana,,tombado,municipal,,,,2022-11-11,0370340051
SO_ELEGIVEL·sem dono,SO_ELEGIVEL,Chácara das Jabuticabeiras / Aue - Área de Urbanização Especial,"Rua Coronel Artur Godoi, 31, 3",Vila Mariana,,tombado,municipal,,,,2022-11-11,0370360143
SO_ELEGIVEL·sem dono,SO_ELEGIVEL,Chácara das Jabuticabeiras / Aue - Área de Urbanização Especial,"Avenida Conselheiro Rodrigues Alves, 297",Vila Mariana,,tombado,municipal,,,,2022-11-11,0370260016
SO_ELEGIVEL·sem dono,SO_ELEGIVEL,Chácara das Jabuticabeiras / Aue - Área de Urbanização Especial,"Rua Coronel Artur Godoi, 167, 2",Vila Mariana,,tombado,municipal,,,,2022-11-11,0370360065
SO_ELEGIVEL·sem dono,SO_ELEGIVEL,Chácara das Jabuticabeiras / Aue - Área de Urbanização Especial,"Rua Benito Juarez, 81",Vila Mariana,,tombado,municipal,,,,2022-11-11,0370260030
SO_ELEGIVEL·sem dono,SO_ELEGIVEL,Chácara das Jabuticabeiras / Aue - Área de Urbanização Especial,"Rua Humberto I, 553, 559, 561",Vila Mariana,,tombado,municipal,,,,2022-11-11,0370340065
SO_ELEGIVEL·sem dono,SO_ELEGIVEL,Chácara das Jabuticabeiras / Aue - Área de Urbanização Especial,"Rua Humberto I, 569",Vila Mariana,,tombado,municipal,,,,2022-11-11,0370340068
SO_ELEGIVEL·sem dono,SO_ELEGIVEL,Chácara das Jabuticabeiras / Aue - Área de Urbanização Especial,"Rua Coronel Artur Godoi, 167, 10",Vila Mariana,,tombado,municipal,,,,2022-11-11,0370360073
SO_ELEGIVEL·sem dono,SO_ELEGIVEL,Chácara das Jabuticabeiras / Aue - Área de Urbanização Especial,"Rua Doutor Fabrício Vampré, 276",Vila Mariana,,tombado,municipal,,,,2022-11-11,0370350016
SO_ELEGIVEL·sem dono,SO_ELEGIVEL,Chácara das Jabuticabeiras / Aue - Área de Urbanização Especial,"Rua Coronel Artur Godoi, 97",Vila Mariana,,tombado,municipal,,,,2022-11-11,0370360082
SO_ELEGIVEL·sem dono,SO_ELEGIVEL,Chácara das Jabuticabeiras / Aue - Área de Urbanização Especial,"Rua Benito Juarez, 45",Vila Mariana,,tombado,municipal,,,,2022-11-11,0370260034
SO_ELEGIVEL·sem dono,SO_ELEGIVEL,Chácara das Jabuticabeiras / Aue - Área de Urbanização Especial,"Rua Coronel Artur Godoi, 167, 1",Vila Mariana,,tombado,municipal,,,,2022-11-11,0370360064
SO_ELEGIVEL·sem dono,SO_ELEGIVEL,Chácara das Jabuticabeiras / Aue - Área de Urbanização Especial,"Rua Doutor Fabrício Vampré, 70",Vila Mariana,,tombado,municipal,,,,2022-11-11,0370350001
SO_ELEGIVEL·sem dono,SO_ELEGIVEL,Chácara das Jabuticabeiras / Aue - Área de Urbanização Especial,"Rua Benito Juarez, 60",Vila Mariana,,tombado,municipal,,,,2022-11-11,0370340038
SO_ELEGIVEL·sem dono,SO_ELEGIVEL,Chácara das Jabuticabeiras / Aue - Área de Urbanização Especial,"Rua Doutor Fabrício Vampré, 318",Vila Mariana,,tombado,municipal,,,,2022-11-11,0370350018
SO_ELEGIVEL·sem dono,SO_ELEGIVEL,Chácara das Jabuticabeiras / Aue - Área de Urbanização Especial,,Vila Mariana,,tombado,municipal,,,,2022-11-11,0370360002
SO_ELEGIVEL·sem dono,SO_ELEGIVEL,Chácara das Jabuticabeiras / Aue - Área de Urbanização Especial,,Vila Mariana,,tombado,municipal,,,,2022-11-11,0370360001
SO_ELEGIVEL·sem dono,SO_ELEGIVEL,Colégio Marista Arquidiocesano / Eixo Domingos de Morais - Vila Mariana,"Rua Domingos de Morais, 2565",Vila Mariana,,tombado,municipal,,,,2018-03-09,0420770021
SO_ELEGIVEL·sem dono,SO_ELEGIVEL,Conjunto Habitacional dos Bancários /  Condomínio Santa Cruz,"Rua Ramona, 69",Vila Mariana,,tombado,municipal,,,,2019-05-01,0421690000
SO_ELEGIVEL·sem dono,SO_ELEGIVEL,Conjunto Habitacional dos Bancários / Condomínio Santa Cruz,"Rua Jose Braz de Queiroz, 57, 12",Vila Mariana,,tombado,municipal,,,,2019-05-01,0421670000
SO_ELEGIVEL·sem dono,SO_ELEGIVEL,Conjunto Habitacional dos Bancários / Rua Embuaçu (imigrantes),"Rua Agostinho Asquini, 61",Vila Mariana,,tombado,municipal,,,,2016-10-01,0421740000
SO_ELEGIVEL·sem dono,SO_ELEGIVEL,Conjunto Habitacional dos Bancários / Rua Embuaçu (imigrantes),"Rua Benedito Caim, 19",Vila Mariana,,tombado,municipal,,,,2016-10-01,0421750000
SO_ELEGIVEL·sem dono,SO_ELEGIVEL,Conjunto Habitacional dos Bancários / Rua Embuaçu (imigrantes),"Rua Guilherme Soncini, 93",Vila Mariana,,tombado,municipal,,,,2016-10-01,0421710000
SO_ELEGIVEL·sem dono,SO_ELEGIVEL,Conjunto Habitacional dos Bancários / Rua Embuaçu (imigrantes),"Rua Benedito Caim, 24",Vila Mariana,,tombado,municipal,,,,2016-10-01,0421760000
SO_ELEGIVEL·sem dono,SO_ELEGIVEL,Conjunto Habitacional dos Bancários / Rua Embuaçu (imigrantes),"Rua Carlos Gerôlomo Mônaco, 172",Vila Mariana,,tombado,municipal,,,,2016-10-01,0422090001
SO_ELEGIVEL·sem dono,SO_ELEGIVEL,Conjunto Habitacional dos Bancários / Rua Embuaçu (imigrantes),"Rua Altino Rosa de Moraes, 92",Vila Mariana,,tombado,municipal,,,,2016-10-01,0421700000
SO_ELEGIVEL·sem dono,SO_ELEGIVEL,Conjunto Habitacional dos Bancários / Rua Embuaçu (imigrantes),"Rua Santa Cruz, 1183, 1191, 23",Vila Mariana,,tombado,municipal,,,,2016-10-01,0421680001
SO_ELEGIVEL·sem dono,SO_ELEGIVEL,Conjunto Habitacional dos Bancários / Rua Embuaçu (imigrantes),"Rua João Baptistussi, 55",Vila Mariana,,tombado,municipal,,,,2016-10-01,0421720001
SO_ELEGIVEL·sem dono,SO_ELEGIVEL,Conjunto Habitacional dos Bancários / Rua Embuaçu (imigrantes),"Rua Jose Bras de Queiroz, 8",Vila Mariana,,tombado,municipal,,,,2016-10-01,0421680000
SO_ELEGIVEL·sem dono,SO_ELEGIVEL,Edifício Ana Rosa / Jardim Ana Rosa,"Rua Vergueiro, 2137, 2143, 2149, 2161, 2167",Vila Mariana,,tombado,municipal,,,,2015-02-03,0381030000
SO_ELEGIVEL·sem dono,SO_ELEGIVEL,Edifício Doi-codi-ii Exército / Conjunto das Antigas Instalações da Oban e Doi-codi,"Rua Tutóia, 921",Vila Mariana,,tombado,municipal+estadual,,,,2017-06-10,0360450175
SO_ELEGIVEL·sem dono,SO_ELEGIVEL,Edifício Gregório Serrão / Edifício Gaspar Lourenço / Jardim Ana Rosa,"Rua Doutor José de Queirós Aranha, 245, 267, 289, 313, 337, 75, 93, 103",Vila Mariana,,tombado,municipal,,,,2015-02-03,0381040000
SO_ELEGIVEL·sem dono,SO_ELEGIVEL,Eepg Marechal Floriano / Escolas Primeira República,"Rua Dona Júlia, 17",Vila Mariana,,tombado,municipal+estadual,,,,2014-12-24,0390730019
SO_ELEGIVEL·sem dono,SO_ELEGIVEL,Eepg Rodrigues Alves,"Avenida Paulista, 227, 209",Vila Mariana,,tombado,municipal+estadual,,,,1991-04-10,0360090001
SO_ELEGIVEL·sem dono,SO_ELEGIVEL,Eesg Brasílio Machado / Colégio do Convênio Escolar / Área da Antiga Chácara Klabin,"Rua Afonso Celso, 311, 245",Vila Mariana,,tombado,municipal,,,,2019-04-10,0420260007
SO_ELEGIVEL·sem dono,SO_ELEGIVEL,Igreja Sanctus Bonifatius / Projeto Hans Broos,"Rua Humberto I, 298",Vila Mariana,,tombado,municipal,,,,2019-03-29,0371000188
SO_ELEGIVEL·sem dono,SO_ELEGIVEL,Igreja de Santa Rita de Cássia / Imóveis do Eixo Domingos de Morais-vila Mariana,"Rua Dona Inácia Uchôa, 106",Vila Mariana,,tombado,municipal,,,,2018-03-09,0380980147
SO_ELEGIVEL·sem dono,SO_ELEGIVEL,Imóveis à Rua Dona Inácia Uchôa / Imóveis do Eixo Domingos de Morais-vila Mariana,"Rua Dona Inácia Uchôa, 195",Vila Mariana,,tombado,municipal,,,,2018-03-09,0380950022
SO_ELEGIVEL·sem dono,SO_ELEGIVEL,Imóveis à Rua Dona Inácia Uchôa / Imóveis do Eixo Domingos de Morais-vila Mariana,"Rua Dona Inácia Uchôa, 189",Vila Mariana,,tombado,municipal,,,,2018-03-09,0380950021
SO_ELEGIVEL·sem dono,SO_ELEGIVEL,Instituto Pasteur,"Avenida Paulista, 393",Vila Mariana,,tombado,municipal,,,,2019-02-26,0360020008
SO_ELEGIVEL·sem dono,SO_ELEGIVEL,Largo da Caixa D'agua,"Rua Vergueiro, 2713",Vila Mariana,,tombado,municipal,,,,2018-03-09,0380920000
SO_ELEGIVEL·sem dono,SO_ELEGIVEL,Marcos Quilométricos / Marcos Rodoviários - Rua Domingos de Morais,Rua França Pinto C/ R Domingos de Morais,Vila Mariana,,tombado,municipal,,,,2013-09-13,0370400000
SO_ELEGIVEL·sem dono,SO_ELEGIVEL,Mosteiro da Visitação de Nossa Senhora / Imóveis do Eixo Domingos de Morais-vila Mariana,"Rua Dona Inácia Uchôa, 200, 208, 165",Vila Mariana,,tombado,municipal,,,,2018-03-09,0380980000
SO_ELEGIVEL·sem dono,SO_ELEGIVEL,Paróquia Nossa Senhora da Saúde/ Eixo Domingos de Morais - Vila Mariana,"Rua Domingos de Morais, 2387, 44, 48",Vila Mariana,,tombado,municipal,,,,2018-03-09,0420770269
SO_ELEGIVEL·sem dono,SO_ELEGIVEL,Prédio Rodrigues Alves / Jardim Ana Rosa,"Rua Doutor José de Queirós Aranha, 10, 56, 2209, 2235",Vila Mariana,,tombado,municipal,,,,2015-02-03,0381050000
SO_ELEGIVEL·sem dono,SO_ELEGIVEL,Prédio Vergueiro / Jardim Ana Rosa,"Rua Vergueiro, 2097, 2101, 2107, 2111, 2117, 9, 37",Vila Mariana,,tombado,municipal,,,,2015-02-03,0380690000
SO_ELEGIVEL·sem dono,SO_ELEGIVEL,Reservatório de Água da Vila Mariana / Imóveis do Eixo Domingos de Morais-vila Mariana,"Rua Vergueiro, 2713",Vila Mariana,,tombado,municipal,,,,2018-03-09,0380920001
SO_ELEGIVEL·sem dono,SO_ELEGIVEL,Residência Manoel Mendes André / Arquiteto João Vilanova Artigas / 1968,"Rua Coronel Artur de Godói, 185",Vila Mariana,,tombado,municipal,,,,2019-03-23,0370360063
SO_ELEGIVEL·sem dono,SO_ELEGIVEL,Residência Rosa Okubo / Projeto Ruy Ohtake e Adolfo Sato / 1964 / Residências Projetadas Pelo Arquiteto Ruy Ohtake e Colaboradores,"Rua Mário Cardim, 204",Vila Mariana,,tombado,municipal,,,,2014-02-08,0370780018
SO_ELEGIVEL·sem dono,SO_ELEGIVEL,Residências à Rua Berta / Projeto Gregori Warchavchik,"Rua Berta, 94",Vila Mariana,,tombado,municipal,,,,1991-04-10,0420250023
SO_ELEGIVEL·sem dono,SO_ELEGIVEL,Residências à Rua Berta / Projeto Gregori Warchavchik,"Rua Berta, 84",Vila Mariana,,tombado,municipal,,,,1991-04-10,0420250024
SO_ELEGIVEL·sem dono,SO_ELEGIVEL,Residências à Rua Berta / Projeto Gregori Warchavchik,"Rua Berta, 82",Vila Mariana,,tombado,municipal,,,,1991-04-10,0420250025
SO_ELEGIVEL·sem dono,SO_ELEGIVEL,Residências à Rua Berta / Projeto Gregori Warchavchik,"Rua Berta, 118",Vila Mariana,,tombado,municipal,,,,1991-04-10,0420250019
SO_ELEGIVEL·sem dono,SO_ELEGIVEL,Residências à Rua Berta / Projeto Gregori Warchavchik,"Rua Berta, 108",Vila Mariana,,tombado,municipal,,,,1991-04-10,0420250020
SO_ELEGIVEL·sem dono,SO_ELEGIVEL,Residências à Rua Berta / Projeto Gregori Warchavchik,"Rua Berta, 120",Vila Mariana,,tombado,municipal,,,,1991-04-10,0420250018
SO_ELEGIVEL·sem dono,SO_ELEGIVEL,Residências à Rua Berta / Projeto Gregori Warchavchik,"Rua Berta, 106",Vila Mariana,,tombado,municipal,,,,1991-04-10,0420250021
SO_ELEGIVEL·sem dono,SO_ELEGIVEL,Residências à Rua Berta / Projeto Gregori Warchavchik,"Rua Berta, 96",Vila Mariana,,tombado,municipal,,,,1991-04-10,0420250022
SO_ELEGIVEL·sem dono,SO_ELEGIVEL,Sede do Museu Lasar Segall,"Rua Berta 111 C/ R Afonso Celso, 362, 388",Vila Mariana,,tombado,municipal,,,,2016-09-03,0420240088
SO_ELEGIVEL·sem dono,SO_ELEGIVEL,Subestação Vila Mariana / Antiga Subestação da Light / Eletropaulo / Eixo Domingos de Morais - Vila Mariana,"Rua Domingos de Morais, 1669, 48",Vila Mariana,,tombado,municipal,,,,2018-03-09,0420120155
SO_ELEGIVEL·sem dono,SO_ELEGIVEL,Teatro João Caetano,"Rua Borges Lagoa, 650",Vila Mariana,,tombado,municipal,,,,1992-11-25,0420470012
SO_ELEGIVEL·sem dono,SO_ELEGIVEL,Casa Madre Assunta Marchetti / Instituto Cristóvão Colombo,"Rua do Orfanato, 883, 889",Vila Prudente,,tombado,municipal,,,,2018-03-23,1000370023
SO_ELEGIVEL·sem dono,SO_ELEGIVEL,Crematório Dr. Jayme Augusto Lopes (crematório da Vila Alpina),"Avenida Francisco Falconi, 437",Vila Prudente,,tombado,municipal,,,,2023-02-02,0513190002
SO_ELEGIVEL·sem dono,SO_ELEGIVEL,Marcos Quilométricos / Marcos Rodoviários - Avenida Francisco Morato,Avenida Francisco Morato,Vila Sônia,,tombado,municipal,,,,2013-09-13,1230010000
SO_ELEGIVEL·sem dono,SO_ELEGIVEL,Vila Andrea Raucci,"Rua Valentim Magalhaes, 19",Água Rasa,,tombado,municipal,,,,2016-12-20,0320210217
SO_ELEGIVEL·sem dono,SO_ELEGIVEL,Vila Andrea Raucci,"Rua Cuiaba, 1068, 16",Água Rasa,,tombado,municipal,,,,2016-12-20,0320210212
SO_ELEGIVEL·sem dono,SO_ELEGIVEL,Vila Andrea Raucci,"Rua Cuiaba, 1080",Água Rasa,,tombado,municipal,,,,2016-12-20,0320210199
SO_ELEGIVEL·sem dono,SO_ELEGIVEL,Vila Andrea Raucci,"Rua Cuiaba, 1068, 20",Água Rasa,,tombado,municipal,,,,2016-12-20,0320210214
SO_ELEGIVEL·sem dono,SO_ELEGIVEL,Vila Andrea Raucci,"Rua Cuiaba, 1076",Água Rasa,,tombado,municipal,,,,2016-12-20,0320210201
SO_ELEGIVEL·sem dono,SO_ELEGIVEL,Vila Andrea Raucci,"Rua Valentim Magalhaes, 33",Água Rasa,,tombado,municipal,,,,2016-12-20,0320210220
SO_ELEGIVEL·sem dono,SO_ELEGIVEL,Vila Andrea Raucci,"Rua Cuiaba, 1068, 8",Água Rasa,,tombado,municipal,,,,2016-12-20,0320210208
SO_ELEGIVEL·sem dono,SO_ELEGIVEL,Vila Andrea Raucci,"Rua Cuiaba, 1088",Água Rasa,,tombado,municipal,,,,2016-12-20,0320210197
SO_ELEGIVEL·sem dono,SO_ELEGIVEL,Vila Andrea Raucci,"Rua Valentim Magalhaes, 17",Água Rasa,,tombado,municipal,,,,2016-12-20,0320210216
SO_ELEGIVEL·sem dono,SO_ELEGIVEL,Vila Andrea Raucci,"Rua Cuiaba, 1092",Água Rasa,,tombado,municipal,,,,2016-12-20,0320210195
SO_ELEGIVEL·sem dono,SO_ELEGIVEL,Vila Andrea Raucci,"Rua Valentim Magalhaes, 47",Água Rasa,,tombado,municipal,,,,2016-12-20,0320210224
SO_ELEGIVEL·sem dono,SO_ELEGIVEL,Vila Andrea Raucci,"Rua Valentim Magalhaes, 27",Água Rasa,,tombado,municipal,,,,2016-12-20,0320210219
SO_ELEGIVEL·sem dono,SO_ELEGIVEL,Vila Andrea Raucci,"Rua Valentim Magalhaes, 41",Água Rasa,,tombado,municipal,,,,2016-12-20,0320210222
SO_ELEGIVEL·sem dono,SO_ELEGIVEL,Vila Andrea Raucci,"Rua Valentim Magalhaes, 49",Água Rasa,,tombado,municipal,,,,2016-12-20,0320210225
SO_ELEGIVEL·sem dono,SO_ELEGIVEL,Vila Andrea Raucci,"Rua Valentim Magalhaes, 25",Água Rasa,,tombado,municipal,,,,2016-12-20,0320210218
SO_ELEGIVEL·sem dono,SO_ELEGIVEL,Vila Andrea Raucci,"Rua Valentim Magalhaes, 43",Água Rasa,,tombado,municipal,,,,2016-12-20,0320210223
SO_ELEGIVEL·sem dono,SO_ELEGIVEL,Vila Andrea Raucci,"Rua Valentim Magalhaes, 55",Água Rasa,,tombado,municipal,,,,2016-12-20,0320210226
SO_ELEGIVEL·sem dono,SO_ELEGIVEL,Vila Andrea Raucci,"Rua Valentim Magalhaes, 35",Água Rasa,,tombado,municipal,,,,2016-12-20,0320210221
SO_ELEGIVEL·sem dono,SO_ELEGIVEL,Vila Andrea Raucci,"Rua Cuiaba, 1068, 12",Água Rasa,,tombado,municipal,,,,2016-12-20,0320210210
SO_ELEGIVEL·sem dono,SO_ELEGIVEL,Vila Andrea Raucci,"Rua Cuiaba, 1066",Água Rasa,,tombado,municipal,,,,2016-12-20,0320210203
SO_ELEGIVEL·sem dono,SO_ELEGIVEL,Vila Andrea Raucci,"Rua Cuiaba, 1068, 2",Água Rasa,,tombado,municipal,,,,2016-12-20,0320210205
SO_ELEGIVEL·sem dono,SO_ELEGIVEL,Vila Andrea Raucci,"Rua Cuiaba, 1062, 1068, 1092",Água Rasa,,tombado,municipal,,,,2016-12-20,0320210000
