ID                                   ** (proposta/lei/ano emissão alvará aprovação) **,PROPOSTA,PROCESSO Nº,PROCESSO MODIFICATIVO,COORDENADA E,COORDENADA N,SETOR,QUADRA,LOTE (CADASTRADO NO ALVARÁ DE APROVAÇÃO),LOTE ATUALIZADO / CONDOMÍNIO,COD LOG,"ENDEREÇO - TIPO (RUA, AVENIDA, ESTRADA, etc)","ENDEREÇO - TÍTULO (DR, DEPUTADO, CORONEL, etc)",ENDEREÇO - NOME,ENDEREÇO - NÚMERO,"ENDEREÇO 2- TIPO (RUA, AVENIDA, ESTRADA, etc)","ENDEREÇO 2 - TÍTULO (DR, DEPUTADO, CORONEL, etc)",ENDEREÇO - NOME,ENDEREÇO - NÚMERO,PROPRIETÁRIO OU INTERESSADO,DISTRITO,SUBPREFEITURA,MACROZONA,MACROÁREA,SUBSETOR,ZONA DE USO 1 - 18.081/24,ZONA DE USO 2 - 17.975/23,ZONA DE USO 3 - 16.402/16,ZONA DE USO 4 - 16.050/14,ZONA DE USO 5 - 13.885/04,Tipologia de Uso Incidente de OODC,R,,,nR,,,,,Fp - USO R,Fp - USO nR,Fs - USO R,Fs - USO nR,USO R - ÁREA OBJETO DE OUTORGA (m²),USO NR - ÁREA OBJETO DE OUTORGA (m²),ÁREA TOTAL OBJETO DE OUTORGA (m²),ÁREA CONSTRUÍDA NÃO COMPUTÁVEL (m²),ÁREA CONSTRUÍDA NÃO COMPUTÁVEL - INCENTIVO nR  (m²),ÁREA CONSTRUÍDA NÃO COMPUTÁVEL - FACHADA ATIVA (m²),% FACHADA ATIVA EM RELAÇÃO ÁREA NÃO COMPUTÁVEL,ÁREA COMPUTÁVEL TOTAL (m²),ÁREA CONSTRUÍDA TOTAL (m²),USO R - VALOR DA CONTRAPARTIDA (R$),USO nR - VALOR DA CONTRAPARTIDA (R$),VALOR TOTAL DA CONTRAPARTIDA (R$),REAPROVEITAMENTO DE OODC,C. A.       BÁSICO,C. A. UTILIZADO,ÁREA TERRENO (menor área),VALOR M² (Q 14),ÁREA AVERBADA PARA FRUIÇÃO PÚBLICA (m²),ÁREA DE DOAÇÃO PARA MELHORAMENTO PÚBLICO (m²),ÁREA DE DOAÇÃO DE CALÇADA (m²),"COTA PARTE MÁXIMA DE TERRENO POR UNIDADE
Art. 79 §§ 9º 10º (m²)",ÁREA DE TRANSFERÊNCIA (m²),ÁREA À DESTINAR PARA HABITAÇÃO SOCIAL (m²),INCIDÊNCIA DE COTA DE SOLIDARIEDADE,COTA DE SOLIDARIEDADE OPCIONAL OU OBRIGATÓRIA,SITUAÇÃO DO PGTO OODC,ORIGEM,N° ALVARÁ,TIPO DE ALVARÁ,DATA DE EXPEDIÇÃO DO ALVARÁ,N° ALVARÁ,TIPO DE ALVARÁ,DATA DE EXPEDIÇÃO DO ALVARÁ,N° ALVARÁ,TIPO DE ALVARÁ,DATA DE EXPEDIÇÃO DO ALVARÁ,DATA INFORMAÇÃO DMUS,DATA
,,,,Coordenada plana x ,Coordenada plana y,,,,,,ENDEREÇO 1,,,,ENDEREÇO 2,,,,,,,,,,,,,,,,SUBCATEGORIA DE USO,,,,,,,,,,,,,,,,,,,,,,,,,,,,,,,,,,,,,,,ALVARÁ DE APROVAÇÃO / APROVAÇÃO E EXECUÇÃO                                                         (APOSTILAMENTOS E/OU MODIFICATIVOS),,,ALVARÁ DE EXECUÇÃO                                                                                                     (APOSTILAMENTOS E/OU MODIFICATIVOS),,,CERTIFICADO DE CONCLUSÃO,,,,
2043/16050/2023,2043,2020-0.010.956-6,,323742.40122779,7390523.118413,101,279,0006-2,-,191744,RUA,-,TRISTÃO DE CAMPOS,175,-,-,-,-,"BURGMAN EMPREENDIMENTOS IMOBILIÁRIOS, INCORP. E PART. LTDA",VILA SÔNIA,BUTANTÂ,ESTRUTURAÇÃO E QUALIFICAÇÃO URBANA,QUALIFICAÇÃO DA URBANIZAÇÃO,NA,-,-,ZEU,EETU,-,R,-,E-HMP,-,-,-,-,-,-,0.6,-,"0,4/0,8",-,-,-,1190.76,270.85000000000002,-,-,-%,1531.01,1801.86,-,-,146207.17000000001,NÃO,1,4.4983000000000004,340.35,1919.23,-,-,-,-,-,-,NÃO,-,QUITADO,SISACOE,2023/07648-00,APROVAÇÃO E EXECUÇÃO DE EDIFICAÇÃO NOVA,45246,,,,,,,45293,2024
2044/16050/2023,2044,1010.2023/0001757-6,,329145.75159046,7396730.1574935,021,028,0016-4/0017-2/0018-0/0019-9/0025-3/0045-8/0046-6/0047-4/0048-2/0049-0,-,079278,RUA,DONA,GERMAINE BURCHARD,584,-,-,-,-,TDSP - COSTA JUNIOR EMPREENDIMENTOS IMOBILIÁRIOS LTDA,BARRA FUNDA,LAPA,ESTRUTURAÇÃO E QUALIFICAÇÃO URBANA,QUALIFICAÇÃO DA URBANIZAÇÃO,NA,-,-,ZEU,EETU,-,R,R2v-3,-,-,-,-,-,-,-,0.7,-,"0,8/1,0",-,-,-,9226.89,13009.95,-,-,-%,12907.69,25917.64,-,-,6072371.2000000002,NÃO,1,3.9996,3227.26,3900.58,-,-,151.18,-,-,-,NÃO,-,QUITADO,SEI,2023/08296-00,APROVAÇÃO DE EDIFICAÇÃO NOVA,45282,,,,,,,45300,2024
2045/16050/2023,2045,1010.2022/0001643-8,,339652.56249923,7395994.1588626,030,034,0005-3,-,152927,PRAÇA,-,PADUA DIAS,147,-,-,-  ,-,MELO PEIXOTO II DIALOGO EMPREENDIMENTOS IMOBILIARIO SPE LTDA,TATUAPÉ,MOOCA,ESTRUTURAÇÃO E QUALIFICAÇÃO URBANA,QUALIFICAÇÃO DA URBANIZAÇÃO,NA,-,-,ZEU,EETU,-,R,R2v-3,-,-,nR1-3,nR1-12,-,-,-,0.6,-,"0,8/0,9/1,0",-,-,-,9744.64,16712.61,2794.89,1333.32,7.9779280435551353E-2,14074.94,30787.55,-,-,4119603.57,NÃO,1,3.9990000000000001,3519.58,2920.62,-,-,270.24,-,-,-,NÃO,-,QUITADO,SEI,2023/02287-00,APROVAÇÃO DE EDIFICAÇÃO NOVA,45030,,,,,,,45295,2024
2046/16050/2023,2046,6068.2022/0004355-9,6068.2022/0004355-9,326069.51948038, 7399331.555727,104,178,0021/4,-,151882,RUA,-,BALSA,1301,-,-,-,-,ALDEN IVESTIMENTOS IMOBILIÁRIOS LTDA,FREGUESIA DO Ó,FREGUESIA/BRASILÂNDIA,ESTRUTURAÇÃO E QUALIFICAÇÃO URBANA,URBANIZAÇÃO CONSOLIDADA,NA,-,-,-,-,ZCPa/002,R,R2v,-,-,nR2,-,-,-,-,"0,6/0,65",-,1,-,-,-,-,28829.35,-,-,-%,36297.910000000003,65127.26,-,-,0,NÃO,1,1.9965999999999999,18179.54,2196,-,-,-,-,-,-,NÃO,-,QUITADO,SEI,2021/03323-01,PROJ. MODIFICATIVO - APROVAÇÃO E EXECUÇÃO DE EDIFICAÇÃO NOVA,45218,,,,,,,45302,2024
2047/16050/2023,2047,1010.2023/0000049-5,,331181.34029529,7391952.7648681,036,031,0006-9/0007-7/0009-3/0010-7/0011-5/0012-3/0013-1/0014-1/0015-8/0063-8/0066-2/0067-0/0075-1/0076-1/0408-0/0468-4,-,121657,RUA,-,MANUEL DA NOBREGA,"948,928",RUA,-,DOS BOMBEIROS ,"51,71,97,107",RUIRU EMPREENDIMENTOS IMOBILIARIOS LTDA,MOEMA,VILA MARIANA,ESTRUTURAÇÃO E QUALIFICAÇÃO URBANA,URBANIZAÇÃO CONSOLIDADA,NA,-,-,ZC,ZC,-,R,R2v-3,-,-,nR1-2,nR1-3,nR1-6,nR1-9,nR1-12,0.7,-,1,-,-,-,5040.3599999999997,13601.07,2181.5100000000002,1373.7,0.10099940666432862,10909.4,28065.68,-,-,19461679.02,NÃO,1,1.9995000000000001,5456.06,11029.16,-,-,412.98,-,-,- ,NÃO,-,QUITADO,SEI,2023/06360-00,APROVAÇÃO DE EDIFICAÇÃO NOVA,45197,,,,,,,45302,2024
2048/16050/2023,2048,1010.2022/0007934-0,,335089.6566311, 7388810.4835638,046,023,0015-4/0016-2/0017-0/0027-8/0028-6/0031-6,-,177555,RUA,-,SANTA CRUZ,2328,-,-,-,-,SANTA CRUZ II DIALOGO EMPREENDIMENTOS IMOBILIARIOS SPE LTDA,CURSINO,IPIRANGA,ESTRUTURAÇÃO E QUALIFICAÇÃO URBANA,QUALIFICAÇÃO DA URBANIZAÇÃO,NA,-,-,ZEU,EETU,-,R,R2v-2,-,-,nR1-3,nR1-12,-,-,-,0.6,-,"0,8/0,6/1,0",-,-,-,4307.88,6612.88,1105.25,89.81,1.3581072089619046E-2,6332.27,12945.15,-,-,1325246.27,NÃO,1,3.9986999999999999,1583.57,2468.66,-,-,146.94,-,-,-,NÃO,-,QUITADO,SEI,2023/04571-00,APROVAÇÃO DE EDIFICAÇÃO NOVA,45125,,,,,,,45302,2024
2049/16050/2023,2049,1020.2022/0001001-9,,342291.22035227,7393234.2234581,055,197,0068-0,-,165948,RUA,-,PRETORIA,1175,-,-,-,-,PRETÓRIA EMPREENDIMENTO IMOBILIARIO SPE LTDA /  THIAGO SAMPIETRO,VILA FORMOSA,ARICANDUVA/FORMOSA/CARRÃO,ESTRUTURAÇÃO E QUALIFICAÇÃO URBANA,QUALIFICAÇÃO DA URBANIZAÇÃO,NA,-,-,ZM,ZM,-,R,-,E-HMP,-,-,-,-,-,-,0.6,-,0.4,-,-,-,224.23,308.64,-,-,-%,480.43,789.07,-,-,53510.87,NÃO,1,1.8752,256.2,1864.61,-,-,-,-,-,-,NÃO,-,ARRECADADO AD,APROVA DIGITAL,9643-21-SP-ALV,APROVAÇÃO DE EDIFICAÇÃO NOVA,45268,,,,,,,45306,2024
2050/16050/2023,2050,1020.2022/0001890-7,,342733.47010748,7398170.3755252,060,147,0035-8,-,158704,RUA,-,PEDRO ALEGRETTI,339,-,-,-,-,MDR CONSTRUÇÕES LTDA,PENHA,PENHA,PROTEÇÃO E RECUPERAÇÃO AMBIENTAL,ESTRUTURAÇÃO METROPOLITANA,ARCO LESTE,-,-,ZM,ZM,-,R,-,E-HMP,-,-,-,-,-,-,"0,3",-,"0,4/0,6",-,-,-,80.98,334.14,-,-,-%,480.98,815.12,-,-,11381.34,NÃO,1,"1,2025",400,1043.1500000000001,-,-,-,-,-,-,NÃO,-,ARRECADADO AD,APROVA DIGITAL,10772-22-SP-ALV,APROVAÇÃO E EXECUÇÃO DE EDIFICAÇÃO NOVA,45257,,,,,,,45306,2024
2051/16050/2023,2051,1020.2022/0015333-2,,329498.5948648, 7388574.557521,041,135,0036-3/0046-0/0071-1/0072-1/0290-0,-,157970,RUA,-,INHAMBU,"1177,1185,1197,1213",RUA,-,PAVÃO,464,ONE INNHAMBU EMPREENDIMENTO IMOBILIÁRIO SPE LTDA,MOEMA,VILA MARIANA,ESTRUTURAÇÃO E QUALIFICAÇÃO URBANA,URBANIZAÇÃO CONSOLIDADA,NA,-,-,ZM,ZM,-,R,R2v-2,-,-,nR1-3,-,-,-,-,"0,7",-,"1,0",-,-,-,1686.72,4688.6000000000004,-,240,5.1187987885509531E-2,3386.72,8075.32,-,-,3612974.4,NÃO,1,"1,9922",1700,6096.13,-,-,-,-,-,-,NÃO,-,ARRECADADO AD,APROVA DIGITAL,17562-22-SP-ALV,APROVAÇÃO DE EDIFICAÇÃO NOVA,45107,,,,,,,45306,2024
2052/16050/2023,2052,1020.2022/0000049-8,,329482.3848648,7387456.987521,086,067,0018-5/0021-5/0022-3/0023-1/0024-1/0025-8/0026-6,-,159867,RUA,-,CONSTANTINO DE SOUSA,182,-,-,-,-,M.A.R SOFIA DESENVOLVIMENTO IMOBILIÁRIO SPE LTDA,CAMPO BELO,SANTO AMARO,ESTRUTURAÇÃO E QUALIFICAÇÃO URBANA,URBANIZAÇÃO CONSOLIDADA,NA,-,-,ZEU,EETU,-,R,R2v-1,E-HMP,-,nR1-3,nR1-12,-,-,-,0.7,-,"0,4/0,8/0,9/1,0",-,-,-,6388.11,5655.04,1290.06,185.79,3.2853879017655047E-2,7988.11,13643.15,-,-,1228035.27,NÃO,1,4.9926000000000004,1600,2793.17,-,-,-,-,-,-,NÃO,-,ARRECADADO AD,APROVA DIGITAL,9661-21-SP-ALV,APROVAÇÃO DE EDIFICAÇÃO NOVA,44641,,,,,,,45306,2024
2053/16050/2023,2053,1020.2021/0011149-2,,329066.04023797,7391156.3497596,016,079,0746-1,-,16011-3,RUA,-,PEDROSO ALVARENGA,"461,469",-,-,-,-,HBR61 INVESTIMENTOS IMOBILIÁRIOS LTDA,ITAIM BIBI,PINHEIROS,ESTRUTURAÇÃO E QUALIFICAÇÃO URBANA,URBANIZAÇÃO CONSOLIDADA,NA,-,-,ZM,ZM,-,nR,-,-,-,nR1-6,nR2-2,-,-,-,-,"1,3",-,"1,0",-,-,993.5,3677.21,-,227.99,6.2000810397012954E-2,2279.87,5957.08,-,-,5039469.87,NÃO,1,"1,9999",1140,7803.31,-,-,146.37,-,-,-,NÃO,-,ARRECADADO AD,APROVA DIGITAL,4663-21-SP-ALV,APROVAÇÃO DE EDIFICAÇÃO NOVA,44986,,,,,,,45306,2024
2054/16050/2023,2054,1020.2022/0019424-1,,329661.4525094,  7393165.470171,013,027,001-4/0263-7/0068-5/0069-3,-,151149,RUA,-,OSCAR FREIRE,"900,902,908,916,920,924,926",RUA,-,BELA CINTRA,"2108,2130",RFM & CANVA - 0F900 EMPREMDIMENTO IMOBILIÁRIO LTDA,JARDIM PAULISTA,PINHEIROS,ESTRUTURAÇÃO E QUALIFICAÇÃO URBANA,URBANIZAÇÃO CONSOLIDADA,NA,-,-,ZEU,EETU,-,R,R2v-2,-,-,nR1-2,nR1-3,-,-,-,"0,7",-,"0,8/1,0",-,-,-,2960.54,5530.48,858.88,536.79,9.7060291330951384E-2,4294.3900000000003,9824.8700000000008,-,-,6443766.0899999999,NÃO,1,"3,9990",1073.5999999999999,13167.95,-,-,86.75,-,-,-,NÃO,-,ARRECADADO AD,APROVA DIGITAL,21185-22-SP-ALV,APROVAÇÃO DE EDIFICAÇÃO NOVA,45167,,,,,,,45306,2024
2055/16050/2023,2055,1020.2023/0010721-9,,332764.63627951,7388150.8392844,045,084,0006-1/0007-8,-,174556,RUA,-,DAS ROSAS,"139,143",-,-,-,-,ANTILHAS ROSAS ICORPORADORA SPE LTDA,SAÚDE,VILA MARIANA,ESTRUTURAÇÃO E QUALIFICAÇÃO URBANA,URBANIZAÇÃO CONSOLIDADA,NA,-,-,ZEU,EETU,-,R,R2v-2,-,-,-,-,-,-,-,"0,7",-,"0,9",-,-,-,2689.47,2632.56,-,-,-%,3591.35,6223.91,-,-,1087323.74,NÃO,1,"3,9821",901.88,2555.41,-,-,-,-,-,-,NÃO,-,ARRECADADO AD,APROVA DIGITAL,29017-SP-ALV,APROVAÇÃO DE EDIFICAÇÃO NOVA,45286,,,,,,,45307,2024
2056/16050/2023,2056,1020.2022/0009681-9,,329698.224883,7387626.1536817,041,253,0036-4,-,048534,RUA,-,DOS CHANÉS,"142,125,160",RUA,-,DOS PAMARIS ,S/N,SANAY 73 EMPREENDIMENTO IMOBILIÁRIO SPE LTDA,MOEMA,VILA MARIANA,ESTRUTURAÇÃO E QUALIFICAÇÃO URBANA,URBANIZAÇÃO CONSOLIDADA,NA,-,-,ZEU,EETU,-,R,R2v-2,-,-,nR1-3,nR1-12,-,-,-,"0,7",-,"0,8",-,-,-,1920.02,1774.22,511.68,276.02,0.1555725896450271,2560.0500000000002,4334.2700000000004,-,-,1148018.26,NÃO,1,"4,0000",640.03,4270.74,-,-,-,-,-,-,NÃO,-,ARRECADADO AD,APROVA DIGITAL,13694-22-SP-ALV,APROVAÇÃO DE EDIFICAÇÃO NOVA,44915,,,,,,,45307,2024
2057/16050/2023,2057,6068.2023/0004919-2,2020/03183-01,332902.74182652,7393789.162646,005,087,0008-6,-,118184,AVENIDA,-,DA LIBERDADE,"554, 574",-,-,-,-,PARTIFIB PROJETOS IMOBILIÁRIOS LIBERDADE LTDA,LIBERDADE,SÉ,ESTRUTURAÇÃO E QUALIFICAÇÃO URBANA,URBANIZAÇÃO CONSOLIDADA,NA,-,-,ZEU,EETU,-,R,R2v-2,-,-,nR1-3,nR1-12,-,-,-,"0,7",-,"0,8/0,9",-,-,-,4521.3100000000004,7584.54,466.77,1200.73,0.15831283110116104,6238.44,13822.98,-,-,350471.97,NÃO,1,"3,9999",1559.66,8331.31,-,-,52.49,-,-,-,NÃO,-,QUITADO,SEI,2020/03183-00,APOSTILAMENTO DE  ALV. DE APROVAÇÃO DE EDIFICAÇÃO NOVA,43776,2021/03371-01,APOSTILAMENTO DE  ALV. DE EXECUÇÃO DE EDIFICAÇÃO NOVA,44791,2024/80021-00,EDIFICAÇÃO NOVA,45308,45302,2024
2058/16050/2023,2058,1020.2022/0015881-4,,343563.8969546,7396281.8875135,057,040,0073-8/0044-4/0045-2,-,129445,AVENIDA,-,MARCONDES DE BRITO,"711,709,697",-,-,-,-,FLOOR INCORPORADORA E EMPREENDIMENTOS LTDA / REV 3 INCORPORAÇÕES E PARTICIPAÇÕES S/A,VILA MATILDE,PENHA,ESTRUTURAÇÃO E QUALIFICAÇÃO URBANA,QUALIFICAÇÃO DA URBANIZAÇÃO,NA,-,-,ZEU,EETU,-,R,R2v-2,E-HMP,-,nR1-3,nR1-12,-,-,-,"0,6",-,"0,4/0,8",-,-,-,6594.68,3643.34,235.34,49.63,1.3622115970510575E-2,8224.68,11888.02,-,-,434792.65,NÃO,1,"4,9967",1650,1144.9000000000001,-,-,-,-,-,-,NÃO,-,ARRECADADO AD,APROVA DIGITAL,18801-22-SP-ALV,APROVAÇÃO DE EDIFICAÇÃO NOVA,45012,,,,,,,45314,2024
2059/16050/2023,2059,1020.2021/0007790-1,,328176.7719916,7388043.2623996,085,139,0009-5,-,170640,RUA,-,RIBEIRO DO VALE,922,-,-,-,-,ASSOCIAÇÃO BENEFICIENTE CULTURAL RELIGIOSA CENTRO JUDAICO DO BROOKLIN,ITAIM BIBI,PINHEIROS,ESTRUTURAÇÃO E QUALIFICAÇÃO URBANA,URBANIZAÇÃO CONSOLIDADA,NA,-,-,ZER,ZER,-,nR,-,-,-,nR1-8,-,-,-,-,-,"0,5",-,"0,3",-,-,381.39,573.47,-,-,-%,1179.3699999999999,1752.84,-,-,112958.46,NÃO,1,"1,4780",797.97,2918.22,-,-,-,-,-,-,NÃO,-,ARRECADADO AD,APROVA DIGITAL,1756-21-SP-SAO,APROVAÇÃO E EXECUÇÃO DE EDIFICAÇÃO NOVA,45111,,,,,,,45314,2024
2060/16050/2023,2060,1020.2021/0018414-7,,329951.5407815,7387476.4407017,041,242,0023-4/0024-2/0026-9/0030-7/0031-5/0032-3/0048-1,-,128473,ALAMEDA,-,DOS MARACATINS,"1691,1693,1703",RUA,-,CHANES,"397,409,425,437",ARC FUNDO DE INVESTIMENTO IMOBILIÁRIOS III - FII,MOEMA,VILA MARIANA,ESTRUTURAÇÃO E QUALIFICAÇÃO URBANA,URBANIZAÇÃO CONSOLIDADA,NA,-,-,ZEU,EETU,-,R,R2v-2,-,-,nR1-3,nR1-12,-,-,-,"0,7",-,"1,0",-,-,-,6163.82,8742.93,1755.4,467.98,5.3526678127355475E-2,8777.26,17520.189999999999,-,-,5263545.26,NÃO,1,"3,9998",2194.4,4879.4799999999996,-,-,139.68,-,-,-,NÃO,-,ARRECADADO AD,APROVA DIGITAL,7862-21-SP-ALV,APROVAÇÃO DE EDIFICAÇÃO NOVA,45001,,,,,,,45315,2024
2061/16050/2023,2061,1020.2022/0020135-3,,330955.18807071,7388825.3595198,041,129,0005-8,-,091596,ALAMEDA,-,DOS MARACATINS,62,-,-,-,-,INDIANÓPOLIS EMPREENDIMENTOS IMOBILIÁRIOS SPE LTDA,MOEMA,VILA MARIANA,ESTRUTURAÇÃO E QUALIFICAÇÃO URBANA,URBANIZAÇÃO CONSOLIDADA,NA,-,-,ZC,-,-,R,R2v-2,-,-,-,-,-,-,-,"0,7",-,"1,0",-,-,-,2846.68,8786.41,-,-,-%,6106.24,14892.65,-,-,6218971.3499999996,NÃO,1,"1,9990",3054.71,6238.58,-,-,204.85,-,-,-,NÃO,-,ARRECADADO AD,APROVA DIGITAL,21385-22-SP-ALV,APROVAÇÃO DE EDIFICAÇÃO NOVA,45006,,,,,,,45315,2024
2062/16050/2023,2062,1020.2022/0016829-1,,328344.21537795, 7393099.640484,013,066,0003-0/0002-2/0006-5/0007-3/0670-5/0671-3/0089-8,-,162639,RUA,-,CÔNEGO EUGÊNIO LEITE,"507,505,513,515,523,529,539,543,553",RUA,-,DOS PINHEIROS ,250,IZP CÔNEGO EUGÊNIO EMPREENDIMENTOS IMOBILIÁRIOS LTDA,PINHEIROS,PINHEIROS,ESTRUTURAÇÃO E QUALIFICAÇÃO URBANA,URBANIZAÇÃO CONSOLIDADA,NA,-,-,ZER,ZER,-,R,R2v-1,-,-,nR1-3,nR1-6,nR2-1,-,-,"0,7/1,3",-,"0,8/0,9/1,0",-,-,-,0,11063.93,1517.95,948.72,8.5748915620398894E-2,7589.91,18653.84,-,-,0,NÃO,1,"3,9999",1897.49,6819.06,-,-,102.67,-,5384.41,-,NÃO,-,ARRECADADO AD,APROVA DIGITAL,19369-22-SP-ALV,APROVAÇÃO DE EDIFICAÇÃO NOVA,45196,,,,,,,45322,2024
2063/16050/2024,2063,1020.2022/0016917-4,,324927.48894636,7389083.0593405,123,141,0019-1/0020-3/0021/0041-6,-,004588,AVENIDA,-,ALBERT EINSTEIN,"684,686,716",RUA,-,ENRICO DE MARTINO,475,JLAE EMPREENDIMENTOS SPE LTDA / RCN E GODOI CONSTRUTORA EIRELI,MORUMBI,BUTANTÂ,ESTRUTURAÇÃO E QUALIFICAÇÃO URBANA,URBANIZAÇÃO CONSOLIDADA,NA,-,-,-,-,-,nR,-,-,-,nR1-5,-,-,-,-,"1,3",-,"1,0",-,-,-,694.47,3023.53,-,-,-%,3914.47,6938,-,-,1714820,NÃO,1,"1,2200",3220,2309.08,-,-,-,-,-,-,NÃO,-,ARRECADADO AD,APROVA DIGITAL,19139-22-SP-ALV,APROVAÇÃO DE EDIFICAÇÃO NOVA,45198,,,,,,,45324,2024
2064/16050/2023,2064,1010.2022/0007925-1,,323706.61173059,7401230.3114165,078,171,0013-6/0016-0/0017-9/0020-9/0021-7/0024-1/0025-1/0027-6/0028-4/0029-2/0034-9,-,217654,RUA,-,GENESIO ARRUDA,200,RUA,-,CARLOS DA CUNHA MATTOS,132 A 282,PIRITUBA DIALOGO EMPREENDIMENTOS IMOBILIARIOS SPE,PIRITUBA,PIRITUBA/JARAGUÁ,ESTRUTURAÇÃO E QUALIFICAÇÃO URBANA,ESTRUTURAÇÃO METROPOLITANA,NOROESTE,-,-,ZEU,EETU,-,R,R2v-4,-,HIS - 2,-,-,-,-,-,"0,3",-,"0,8/0,9/1,0",-,-,-,17658.52,23766.38,-,-,-%,25536.73,49303.11,-,-,1573204.3,NÃO,1,"4,4000",5803.83,1407.29,-,-,691.46,-,-,2553.67,SIM,OBRIGATÓRIO,QUITADO,SISACOE,2023/02936-00,APROVAÇÃO DE EDIFICAÇÃO NOVA,45058,,,,,,,45324,2024
2065/16050/2024,2065,1010.2022/0006343-6,,330809.77355059, 7392721.8072259,009,088,0045-2/0046-0/0047-9,-,073067,ALAMEDA,-,FRANCA,253,-,-,-,-,URBIC 05 EMPREENDIMENTO IMOBILIÁRIO LTDA,JARDIM PAULISTA,PINHEIROS,ESTRUTURAÇÃO E QUALIFICAÇÃO URBANA,URBANIZAÇÃO CONSOLIDADA,NA,-,-,ZEU,EETU,-,R,R2v-2,-,-,nR1-3,nR1-12,-,-,-,"0,7",-,"0,8/1,0",-,-,-,2028.93,3910.12,541.32000000000005,231.61,5.9233476210448791E-2,2706.73,6616.85,-,-,3879041.3,NÃO,1,"3,9934",677.8,11667.47,-,-,-,-,-,-,NÃO,-,ARRECADADO AD,APROVA DIGITAL,2023/01294-00,APROVAÇÃO DE EDIFICAÇÃO NOVA,44998,,,,,,,45328,2024
2066/16050/2024,2066,1020.2023/0001100-9,,328536.90886887,7396339.9419606,022,060,0039-3/0040-7/0041-5/0072-5/0119-5/0334-1/0335-1/0336-8/0337-6/0338-4/0339-2/0340-6/0341-4/0342-2/0343-0/0344-9/0345-7/0346-5/0347-3/0348-1/0349-1/0350-3/0351-1/0352-1/0353-8/0354-6/0355-4/0356-2,-,003964,RUA,-,AIMBERE,"426,436,448",RUA,-,CAYWAA,"571,573,565",ONE AIMBERE EMPREENDIMENTOS IMOBILIÁRIOS SPE LTDA,PERDIZES,LAPA,ESTRUTURAÇÃO E QUALIFICAÇÃO URBANA,URBANIZAÇÃO CONSOLIDADA,NA,-,-,ZEU,EETU,-,R,R2v-1,HMP,-,nR1-3,nR1-12,-,-,-,"0,7",-,"1,0/0,8/0,4",-,-,-,7862.15,7012.11,1381.59,556.03,7.9295675624027576E-2,9829.39,16841.5,-,-,2589210.63,NÃO,1,"4,9965",1967.24,4561.3900000000003,-,-,-,-,-,-,NÃO,-,ARRECADADO AD,APROVA DIGITAL,24565-23-SP-ALV,APROVAÇÃO DE EDIFICAÇÃO NOVA,45019,,,,,,,45328,2024
2067/16050/2023,2067,1010.2023/0003253-2,,326919.93615504,7385149.0632413,087,117,0007-6/0008-4/0009-2/0010-6/0011-4/0012-2/0013-0/0015-7/0016-5/0017-3/0018-1/0019-1/0020-3,-,010855,RUA,-,FERNANDES MOREIRA,146,-,-,-,-,TDSP 19 EMPREENDIMENTOS IMOBILIÁRIOS LTDA,SANTO AMARO,SANTO AMARO,ESTRUTURAÇÃO E QUALIFICAÇÃO URBANA,QUALIFICAÇÃO DA URBANIZAÇÃO,NA,-,-,ZEU,EETU,-,R,R2v-3,-,-,nR1-3,-,-,-,-,"0,6",-,"0,8/1,0",-,-,-,10626.25,14385.44,-,437.17,3.0389755196921331E-2,16602.689999999999,30988.13,-,-,4843089.43,NÃO,1,"3,9997",4151.03,3114.47,-,-,608.47,-,-,-,NÃO,-,QUITADO,SEI,2023/06245-00,APROVAÇÃO DE EDIFICAÇÃO NOVA,45194,,,,,,,45351,2024
2068/16050/2024,2068,2019-0.045.819-1,,353166.26757643,7400490.9697067,112,492,0041-4,-,131709,RUA,-,MARIA BRANCA,233,RUA,-,TENENTE MIGUEL DELIA,S/N,BM7 EMPREENDIMENTOS IMOBILIÁRIOS EIRELI,SÃO MIGUEL,SÃO MIGUEL PAULISTA,ESTRUTURAÇÃO E QUALIFICAÇÃO URBANA,REDUÇÃO DA VULNERABILIDADE URBANA,NA,-,-,-,ZM,-,R,R2v-1,HMP,-,-,-,-,-,-,"0,3",-,"0,4/0,6/0,9",-,-,-,734.08,829.47,-,-,-%,1264.77,2094.2399999999998,-,-,29995.27,NÃO,1,"2,3800",530.69000000000005,638.32000000000005,-,-,-,-,-,-,NÃO,-,QUITADO,SISACOE,2023/02413-00,APROVAÇÃO DE EDIFICAÇÃO NOVA,45036,,,,,,,45328,2024
2069/16050/2024,2069,2018-0.092.484-0,,334727.67025557,7400558.1486521,069,174,0009-2,-,181609,RUA,CONDESSA,SILICIANO,482,-,-,-,-,CORPOTEC CONSTRUTORA E EMPREENDIMENTOS IMOB,SANTANA,SANTANA/TUCURUVI,ESTRUTURAÇÃO E QUALIFICAÇÃO URBANA,QUALIFICAÇÃO DA URBANIZAÇÃO,NA,-,-,ZM,ZM,-,R,R2v-1,-,-,-,-,-,-,-,"0,6",-,"0,8",-,-,-,236.87,801.68,-,-,-%,768.22,1569.9,-,-,199358.44,NÃO,1,"1,4458",531.35,2535.06,-,-,-,-,-,-,NÃO,-,QUITADO,SISACOE,2024/00322-00,APROVAÇÃO E EXECUÇÃO DE EDIFICAÇÃO NOVA,45310,,,,,,,45329,2024
2070/16050/2023,2070,1020.2022/0003590-9,,329727.95173059,7388149.6614165,041,179,0021-8/0022-6/0023-4/0037-4/0025-0/0036-6,-,020591,ALAMEDA,-,DOS ARAPANES,"1354,1364,1376,1384 (FDS), 1388",AVENIDA,-,COTOVIA,"749,759",EUCALIPTOS EMPREENDIMENTO IMOBILIÁRIO SPE LTDA,MOEMA,VILA MARIANA,ESTRUTURAÇÃO E QUALIFICAÇÃO URBANA,URBANIZAÇÃO CONSOLIDADA,NA,-,-,ZEU,EETU,-,R,R2v-2,-,-,nR1-2,nR1-5,nR1-12,-,-,"0,7",-,"0,8/1,0",-,-,-,5760.18,8555.2999999999993,1615.3,692.59,8.0954496043388322E-2,8430.5,16985.8,-,-,5681421.9500000002,NÃO,1,"3,9947",2110.4,5869.08,-,-,186.64,-,-,-,NÃO,-,ARRECADADO AD,APROVA DIGITAL,11209-22-SP-ALV,APROVAÇÃO DE EDIFICAÇÃO NOVA,45041,,,,,,,45336,2024
2071/16050/2023,2071,1020.2023/0000041-4,,333773.27556441,7392241.668093,033,068,0001-5/0002-3,-,153028,RUA,-,PAES DE ANDRADE ,"719, S/N",-,-,-,-,ROBERTO VICENTE FRIZZO/ ELIANA ARMIDA TOGNINI FRIZZO,LIBERDADE,SÉ,ESTRUTURAÇÃO E QUALIFICAÇÃO URBANA,URBANIZAÇÃO CONSOLIDADA,NA,-,-,ZM,ZM,-,R,R2h-3,-,-,-,-,-,-,-,"0,7",-,"1,0",-,-,-,275.77,477.82,-,-,-%,912.79,1390.61,-,-,330665.90000000002,NÃO,1,"1,5375",593.70000000000005,2633.59,-,-,43.32,-,-,-,NÃO,-,ARRECADADO AD,APROVA DIGITAL,24192-22-SP-ALV,APROVAÇÃO DE EDIFICAÇÃO NOVA,45261,,,,,,,45336,2024
2072/16050/2023,2072,1020.2022/0012664-5,,331708.28795526,7389061.8153353,042,199,0001-2/0002-0/0003-9/0004-7/0005-5,-,212970,RUA,DOUTOR,AFONSO BACCARI ,"98,100,106,108,118,122",-,-,-,-,MARIA EUGENIA SIMÕES BANDIERA/ MARIA DE FÁTIMA MARQUES DOS SANTOS MENDES/ JOÃO FERREIRA DE OLIVEIRA/ LUCYDELIA FERNANDES ROCHA FERREIRA DE OLIVEIRA/ JOÃO ANTONIO BANDEIRA FILHO/ JOSÉ LOPES MENDES,SAÚDE,VILA MARIANA,ESTRUTURAÇÃO E QUALIFICAÇÃO URBANA,URBANIZAÇÃO CONSOLIDADA,NA,-,-,ZEU,EETU,-,R,R2v-1,E-HMP,-,nR1-3,nR1-12,-,-,-,"0,7",-,"0,4/0,8",-,-,-,2875.37,1129.77,375.08,79.34,7.0226683307221829E-2,3596.47,4726.24,-,-,654823.73,NÃO,1,"4,9875",721.1,3411.14,-,-,-,-,-,-,NÃO,-,ARRECADADO AD,APROVA DIGITAL,16475-22-SP-ALV,APROVAÇÃO DE EDIFICAÇÃO NOVA,45019,,,,,,,45336,2024
2073/16050/2023,2073,1020.2022/0017809-2,,330098.90361146,7399945.6677474,075,132,0092-0,-,189480,AVENIDA,-,JOSE DE BRITO DE FREITAS,251,-,-,-,-,PROJETO IMOBILIARIO DI5 LTDA,CASA VERDE,CASA VERDE,ESTRUTURAÇÃO E QUALIFICAÇÃO URBANA,QUALIFICAÇÃO DA URBANIZAÇÃO,NA,-,-,ZM,ZM,-,R,R2v-3,HMP,-,-,-,-,-,-,"0,6",-,"0,6/0,9",-,-,-,8809.43,16355.95,-,-,-%,17625.759999999998,33981.71,-,-,2211302.85,NÃO,1,"2,0000",8816.33,1114.9100000000001,-,-,-,-,-,-,NÃO,-,ARRECADADO AD,APROVA DIGITAL,20161-22-SP-ALV,APROVAÇÃO DE EDIFICAÇÃO NOVA,45092,,,,,,,45337,2024
2074/16050/2023,2074,1020.2023/0002127-6,,333918.14173408,7400300.6275421,072,134,0001-0,-,178438,RUA,CONSELHEIRO,SARAIVA ,48,RUA,-,AMARAL GAMA,S/N,VIATELLUS INCORPORADORA E EMPREENDIMENTOS LTDA,SANTANA,SANTANA/TUCURUVI,ESTRUTURAÇÃO E QUALIFICAÇÃO URBANA,ESTRUTURAÇÃO METROPOLITANA,ARCO TIETÊ,-,-,ZEM,ZEM,-,R,R2v-1,E-HMP,-,nR1-3,nR1-12,-,-,-,"2,0",-,"0,4/0,8",-,-,-,2374.89,2385.06,500.76,302,0.1266215524976311,2981.33,5366.3899999999994,-,-,1208753.3500000001,NÃO,1,"4,9161",606.44000000000005,2867.07,-,-,-,-,-,-,NÃO,-,ARRECADADO AD,APROVA DIGITAL,25067-23-SP-ALV,APROVAÇÃO DE EDIFICAÇÃO NOVA,45008,,,,,,,45337,2024
2075/16050/2024,2075,1020.2023/0004384-9,,342446.87904073,7398439.7035534,060,313,0006-0,-,133558,RUA,-,MARIA TERESA ASSUNÇÃO,"297,305",-,-,-,-,MDR EMPREENDIMENTOS IMOBILIÁRIOS LTDA,PENHA,PENHA,ESTRUTURAÇÃO E QUALIFICAÇÃO URBANA,ESTRUTURAÇÃO METROPOLITANA,ARCO LESTE,-,-,ZM,ZM,-,R,-,E-HMP,-,-,-,-,-,-,"0,3",-,"0,4/0,6",-,-,-,83.6,329.53,-,-,-%,483.6,813.13,-,-,11189.57,NÃO,1,"1,2090",400,1000.31,-,-,-,-,-,-,NÃO,-,ARRECADADO AD,APROVA DIGITAL,26402-23-SP-ALV,APROVAÇÃO E EXECUÇÃO DE EDIFICAÇÃO NOVA,45307,,,,,,,45337,2024
2075/16050/2023,2076,1020.2022/0005886-0,,333786.00658612,7400824.2122443,072,086,0075-9/0076-7/0077-5/0078-3,-,073270,RUA,-,FRANCISCA JULIA,"177,179,181,183,191,201,205",-,-,-,-,FRANCISCA JULIA II EMPREENDIMENTOS IMOBILIÁRIOS SPE,SANTANA,SANTANA/TUCURUVI,ESTRUTURAÇÃO E QUALIFICAÇÃO URBANA,QUALIFICAÇÃO DA URBANIZAÇÃO,NA,-,-,ZC,ZC,-,R,-,E-HMP,-,nR1-2,nR1-12,-,-,-,"0,6",-,"0,4",-,-,-,1187.4000000000001,3132.55,324.32,387.98,0.12385436784728097,1996.29,5128.84,-,-,344049.11,NÃO,1,"2,4679",808.89,2979.52,-,-,-,-,-,-,NÃO,-,ARRECADADO AD,APROVA DIGITAL,12120-22-SP-ALV,APROVAÇÃO DE EDIFICAÇÃO NOVA,45043,,,,,,,45338,2024
2077/16050/2023,2077,1010.2023/0003866-2,,326704.97727415,7394372.3269527,081,156,0041-5/0012-1/0013-1/0016-4/0035-0/0037-7/0038-5/0039-3/0049-0/0050-4/0064-4/0065-2/0066-0,-,152358,RUA,-,PASCOAL VITA,331,RUA,-,DAS TABOCAS / OURANIA,91 / 44,PASCOAL VITA EMPREENDIMENTO IMOBILIÁRIO LTDA,ALTO DE PINHEIROS,PINHEIROS,ESTRUTURAÇÃO E QUALIFICAÇÃO URBANA,URBANIZAÇÃO CONSOLIDADA,NA,-,-,ZM,ZM,-,R,R2v-2,-,-,-,-,-,-,-,"0,7",-,"1,0",-,-,-,2810.91,8036.65,-,-,-%,5621.88,13658.53,-,-,4510806.78,NÃO,1,"1,9999",2810.97,4584.95,-,-,-,-,-,-,NÃO,-,QUITADO,SEI,2023/04938-00,APROVAÇÃO DE EDIFICAÇÃO NOVA,45142,,,,,,,45341,2024
2078/16050/2023,2078,6068.2022/0008293-7,,331000.11727415,7395092.1769527,010,005,0013-6,-,094366,RUA,-,ITACOLOMI,173,-,-,-,-,ITACOLOMI 173 EMPREENDIMENTO IMOB SPE LTDA,CONSOLAÇÃO,SÉ,ESTRUTURAÇÃO E QUALIFICAÇÃO URBANA,URBANIZAÇÃO CONSOLIDADA,NA,-,-,ZM,ZM,-,R,R2v-1,E-HMP,-,nR1-3,-,-,-,-,"0,7",-,"0,4/0,8",-,-,-,653.34,1012.25,65.239999999999995,-,-%,1093.3399999999999,2105.59,-,-,838466.59,NÃO,1,"2,4800",440,9513.69,-,-,-,-,-,-,NÃO,-,QUITADO,SEI,2023/01740-00,APROVAÇÃO DE EDIFICAÇÃO NOVA,45013,,,,,,,45341,2024
2078/16050/2024,2079,1010.2022/0002563-1,,328241.75615504,7389784.8532413,299,040,0054-7,-,100722,RUA,MINISTRO,JESUINO CARDOSO,589,-,-,-,-,JC589 EMPREENDIMENTO IMOBILIÁRIO LTDA,ITAIM BIBI,PINHEIROS,ESTRUTURAÇÃO E QUALIFICAÇÃO URBANA,URBANIZAÇÃO CONSOLIDADA,NA,-,-,ZM,ZM,-,nR,-,-,-,nR1-2,nR1-6,-,-,-,-,"1,3",-,"1,0",-,-,1274.99,3776.11,-,255,6.7529812426015134E-2,2549.9899999999998,6326.1,-,-,5286476.07,NÃO,1,"2,0000",1278.53,6378.88,-,-,-,-,-,-,NÃO,-,QUITADO,SEI,2023/02732-00,APROVAÇÃO E EXECUÇÃO DE EDIFICAÇÃO NOVA,45050,,,,,,,45331,2024
2080/16050/2023,2080,1020.2021/0018318-3,,335342.35375033,7388541.948454,043,123,0009-7/0010-0/0011-9/0012-7/0013-5/0014-3/0015-1/0017-8/0019-4/0020-8/0027-5/0028-3,-,176869,RUA,-,SALVADOR SIMÕES,"1306,1312,1318,1334,1342",RUA,MARQUESA,DE SANTOS / VERGUEIRO,"25,27,33,41,45,55,61 / 6777,6779,6787,6793",CBR 058 EMPREENDIMENTOS IMOBILIÁRIOS LTDA,IPIRANGA,IPIRANGA,ESTRUTURAÇÃO E QUALIFICAÇÃO URBANA,URBANIZAÇÃO CONSOLIDADA,NA,-,-,ZEU,EETU,-,R,R2v-3,-,-,nR1-3,-,-,-,-,"0,7",-,"0,9/1,0",-,-,-,7922.15,7329.02,-,287.54000000000002,3.923307618208164E-2,11384.32,18713.34,-,-,3391101.76,NÃO,1,"3,9997",2846.3,2560.7600000000002,-,-,205.29,-,-,-,NÃO,-,ARRECADADO AD,APROVA DIGITAL,8440-21-SP-ALV,APROVAÇÃO DE EDIFICAÇÃO NOVA,45191,,,,,,,45358,2024
2081/16050/2024,2081,1020.2021/0003102-2,,354639.87828449,7401746.971291,112,725,0001-1,-,023965,RUA,-,MUNIZ FALCÃO,1179,-,-,-,-,RESIDENCIAIS MUNIZ FALCÃO SPE EIRELI,JARDIM HELENA,SÃO MIGUEL PAULISTA,PROTEÇÃO E RECUPERAÇÃO AMBIENTAL,REDUÇÃO DA VULNERABILIDADE URBANA E RECUPERAÇÃO AMBIENTAL,NA,-,-,ZMa,ZMa,-,R,-,E-HMP,-,-,-,-,-,-,"1,0",-,"0,6",-,-,-,37.369999999999997,41.09,-,-,-%,348.74,389.83,-,-,12178.36,NÃO,1,"1,1200",311.37,608.33000000000004,-,-,-,-,-,-,NÃO,-,ARRECADADO AD,APROVA DIGITAL,1764-21-SP-SAO,APROVAÇÃO E EXECUÇÃO DE EDIFICAÇÃO NOVA,45313,,,,,,,45345,2024
2082/16050/2023,2082,1020.2022/0007076-3,,327446.35828449,7395156.721291,012,118,0025-3/0055-5/0056-3/0071-7,-,003336,RUA,PADRE,AGOSTINHO MENDICUTE,"186,194,204,214",-,-,-,-,CONSTRUTORA TSR LTDA,PERDIZES,LAPA,ESTRUTURAÇÃO E QUALIFICAÇÃO URBANA,URBANIZAÇÃO CONSOLIDADA,NA,-,,ZEU,EETU,-,R,R2v-1,E-HMP,-,nR1-3,nR1-12,-,-,-,"0,7",-,"0,4/0,8",-,-,-,2924.45,2580.1799999999998,570,136.02000000000001,5.2717252284724327E-2,3657.04,6237.22,-,-,571873.43999999994,NÃO,1,"4,9919",730.3,2917.4,-,-,-,-,-,-,NÃO,-,ARRECADADO AD,APROVA DIGITAL,12479-22-SP-ALV,APROVAÇÃO DE EDIFICAÇÃO NOVA,45008,,,,,,,45345,2024
2083/16050/2023,2083,1020.2022/0019394-6,,332772.8807778, 7391735.9557343,038,040,0007-1/0008-8,-,023779,RUA,-,ARUJA,"84,92",-,-,-,-,MF7 ARUJA INCORPORDORA SPE LTDA,VILA MARIANA,VILA MARIANA,ESTRUTURAÇÃO E QUALIFICAÇÃO URBANA,URBANIZAÇÃO CONSOLIDADA,NA,-,-,ZEU,EETU,-,R,R2v-2,-,-,nR1-3,nR1-12,-,-,-,"0,7",-,"0,8/0,9/1,0",-,-,-,2541.6799999999998,4370.29,637.85,193.6,4.4299119738049418E-2,3269.68,7639.9699999999993,-,-,1353251.94,NÃO,1,"3,9972",818,3485.03,-,-,-,-,-,-,NÃO,-,ARRECADADO AD,APROVA DIGITAL,19748-22-SP-ALV,APROVAÇÃO DE EDIFICAÇÃO NOVA,45007,,,,,,,45345,2024
2084/16050/2023,2084,1020.2021/0018253-5,,332842.24920481,7391575.5061462,038,044,0197-1,-,023698,RUA,-,ARTUR SABOIA,348,-,-,-,-,REZENDE ARTUR SABOIA SPE LTDA,VILA MARIANA,VILA MARIANA,ESTRUTURAÇÃO E QUALIFICAÇÃO URBANA,URBANIZAÇÃO CONSOLIDADA,NA,-,-,ZEU,EETU,-,R,R2v-1,E-HMP,HIS - 2,-,-,-,-,-,"0,7",-,"0,8/0,4",-,-,-,3441.91,1215.55,-,-,-%,4304.05,5519.6,-,-,849703.33,NÃO,1,"4,9923",862.14,3694.95,-,-,-,-,-,-,NÃO,-,ARRECADADO AD,APROVA DIGITAL,8295-21-SP-ALV,APROVAÇÃO DE EDIFICAÇÃO NOVA,45019,,,,,,,45345,2024
2085/16050/2024,2085,1020.2023/0019824-9,,337435.07014895, 7394951.1287182,029,055,0028-1,-,094161,,-,ITABAIANA,91,-,-,-,-,FRANCISCO ALVES DA CUNHA FILHO / KELY CRISTINA MENDES VIEIRA DA CUNHA ,MOOCA,MOOCA,ESTRUTURAÇÃO E QUALIFICAÇÃO URBANA,QUALIFICAÇÃO DA URBANIZAÇÃO,NA,-,-,ZC,ZC,-,R,R2v-1,-,-,-,-,-,-,-,"0,6",-,"0,8",-,-,-,190.85,139.02000000000001,-,-,-%,449.85,588.87,-,-,118963.59,NÃO,1,"1,7368",259,2255.5300000000002,-,-,-,-,-,-,NÃO,-,ARRECADADO AD,APROVA DIGITAL,33314-23-SP-REF,APROVAÇÃO E EXECUÇÃO DE REFORMA,45328,,,,,,,45348,2024
2086/16050/2023,2086,1020.2022/0022282-2,,334836.21889997,7389330.9055509,046,220,0006-7/0007-5/0008-3/0010-5/0009-1/0011-3/0012-1/0110-1/0109-8/0003-2/0002-4/0001-6,-,060267,RUA,CORONEL,DOMINGOS FERREIRA,"295,303,305",RUA,RUA,VISCONDE  DE GUARATIBA ,"22,22FUNDOS, 28, 36,40,42,50,52,62",PATRIANI INCORPORAÇÃO 72 SPE LTDA,CURSINO,IPIRANGA,ESTRUTURAÇÃO E QUALIFICAÇÃO URBANA,QUALIFICAÇÃO DA URBANIZAÇÃO,NA,-,-,ZEU,EETU,-,R,R2v-2,-,-,nR1-3,nR1-12,-,-,-,"0,6",-,"0,8",-,-,-,6756.06,12966.18,1666.74,158.85,1.2251102483537942E-2,9789.84,22756.02,-,-,1941273.55,NÃO,1,"3,9933",2541.5700000000002,2390.4699999999998,-,-,-,-,-,-,NÃO,-,ARRECADADO AD,APROVA DIGITAL,22875-22-SP-ALV,APROVAÇÃO DE EDIFICAÇÃO NOVA,45195,,,,,,,45351,2024
2087/16050/2023,2087,1020.2022/0018602-8,,332102.24567838,7392871.6745604,009,052,0028-4,-,191540,RUA,-,TREZE DE MAIO,1434,-,-,-,-,CONSTRUTORA DITOLVO LTDA,BELA VISTA,SÉ,ESTRUTURAÇÃO E QUALIFICAÇÃO URBANA,URBANIZAÇÃO CONSOLIDADA,NA,-,-,ZEU,EETU,-,R,R2v-1,-,-,nR1-3,nR1-12,-,-,-,"0,7",-,"0,8",-,-,-,950.79,1119.6099999999999,230.76,79.319999999999993,7.0846098194907156E-2,1268.0899999999999,2387.6999999999998,-,-,997804.49,NÃO,1,"3,9965",317.3,7489.5,-,-,-,-,-,-,NÃO,-,ARRECADADO AD,APROVA DIGITAL,18725-22-SP-ALV,APROVAÇÃO DE EDIFICAÇÃO NOVA,45005,,,,,,,45351,2024
2088/16050/2023,2088,1020.2022/0023759-5,,330495.32969484,7388631.2592713,041,145,0007-3/0009-1/0023-5/0024-3/0043-1/0259-9,-,093068,ALAMEDA,-,IRAE,606,AVENIDA,-,DIVINO SALVADOR/ JAMARIS,"56,62,76,96 / 59,71",CBR 127 EMPREENDIMENTOS IMOBILIÁRIOS LTDA,MOEMA,VILA MARIANA,ESTRUTURAÇÃO E QUALIFICAÇÃO URBANA,URBANIZAÇÃO CONSOLIDADA,NA,-,-,ZEU,EETU,-,R,R2v-3,-,-,nR1-2,nR1-3,nR1-6,nR1-12,-,"0,7",-,"0,8/1,0",-,-,-,8658.3799999999992,15684.79,2344.85,1404.74,8.9560650796089714E-2,12128.95,27813.74,-,-,9226869.2799999993,NÃO,1,"3,9996",3032.54,6332.82,-,-,-,-,-,-,NÃO,-,ARRECADADO AD,APROVA DIGITAL,23597-22-SP-ALV,APROVAÇÃO DE EDIFICAÇÃO NOVA,45064,,,,,,,45352,2024
2089/16050/2023,2089,"1020.2022/0014368-0
",,329885.41576717,7387611.9056548,041,241,0002-7/0003-5/0015-9/0016-7/0017-5,-,042692,ALAMEDA,-,DOS JURUPIS,"1035,1817,1821,1837",AVENIDA,-,DAS CARINAS,"288,292",ONE DI 40 EMPREENDIMENTO IMOBILIÁRIO SPE LTDA,MOEMA,VILA MARIANA,ESTRUTURAÇÃO E QUALIFICAÇÃO URBANA,URBANIZAÇÃO CONSOLIDADA,NA,-,-,ZEU,EETU,-,R,R2v-1,E-HMP,-,nR1-2,nR1-6,nR1-12,-,-,"0,7",-,"0,4/0,8",-,-,-,9072.68,8231.07,1844.84,675.25,8.2036721835678714E-2,11352.68,19583.75,-,-,2848832.55,NÃO,1,"4,9792",2280,4704.8999999999996,-,-,-,-,-,-,NÃO,-,ARRECADADO AD,APROVA DIGITAL,17102-22-SP-ALV,APROVAÇÃO DE EDIFICAÇÃO NOVA,45139,,,,,,,45352,2024
2090/16050/2023,2090,1020.2022/0017628-6,,343609.65500815,7396298.3391976,057,040,0018-5/0019-3/0020-7,-,129445,RUA,-,JOSÉ MENDES JUNIOR,"86,90,100",AVENIDA,-,MARCONDES DE BRITO,747,JSG VILA MATILDE EMPREENDIMENTOS IMOBILIARIOS,VILA MATILDE,PENHA,ESTRUTURAÇÃO E QUALIFICAÇÃO URBANA,QUALIFICAÇÃO DA URBANIZAÇÃO,NA,-,-,ZEU,EETU,-,R,R2v-2,-,-,-,-,-,-,-,"0,6",-,"0,9/1,0",-,-,-,5032.7700000000004,5994.36,-,-,-%,7044.29,13038.65,-,-,843225.96,NÃO,1,"3,9875",1766.6,1144.9000000000001,-,-,-,-,-,-,NÃO,-,ARRECADADO AD,APROVA DIGITAL,20209-22-SP-ALV,APROVAÇÃO DE EDIFICAÇÃO NOVA,45054,,,,,,,45352,2024
2091/16050/2023,2091,2017-0.184.806-2,,325461.92465977,7396934.4947478,024,006,0114-3/0123-2/0124-0/0166-6,-,162990,RUA,-,PIO XI,"411,495",RUA,-,MARAPUAMA,198,PIRITA EMPREENDIMENTOS IMOBILIÁRIOS LTDA,LAPA,LAPA,ESTRUTURAÇÃO E QUALIFICAÇÃO URBANA,URBANIZAÇÃO CONSOLIDADA,NA,-,-,ZM,ZM,-,R/nR,R2v-3,-,-,nR1-2,nR1-3,-,-,-,"0,7","1,3","0,9/1,0","1,0",5053.25,188.49,5241.74,15716.37,-,-,-%,11379.4,27095.77,4272395.9800000004,300792.78999999998,4573188.7699999996,NÃO,1,"1,8540",6137.66,2275.88,-,-,-,-,-,-,NÃO,-,QUITADO,SISACOE,2023/01495-00,APROVAÇÃO DE EDIFICAÇÃO NOVA,45001,,,,,,,45349,2024
2092/16050/2023,2092,1020.2022/0014229-2,,328625.76702459,7394410.5346477,011,074,0012-0/0013-9/0014-7/0015-5/0016-3/0017-1/0018-1/0021-1/0022-8/0023-6/0024-4/0025-2,-,151149,RUA,PROFESSOR,RUBIÃO MEIRA,"30,36,42,50,56,62,68",RUA,-,OSCAR FREIRE,"2519,2521,2529,2537,2541",XPIZ 02 EMPREENDIMENTOS LTDA,PINHEIROS,PINHEIROS,ESTRUTURAÇÃO E QUALIFICAÇÃO URBANA,URBANIZAÇÃO CONSOLIDADA,NA,-,-,ZEU,EETU,-,R,R2v-2,-,-,nR1-2,nR1-4,nR1-5,nR1-12,nR2-2,"0,7",-,"0,8/0,9/1,0",-,-,-,6033.55,12828.05,1812.8,1004.15,7.8277680551603709E-2,9131.48,21959.53,-,-,3883133.78,NÃO,1,"3,9991",2283.37,3704.59,-,-,-,-,-,-,NÃO,-,ARRECADADO AD,APROVA DIGITAL,17228-22-SP-ALV,APROVAÇÃO DE EDIFICAÇÃO NOVA,45063,,,,,,,45352,2024
2093/16050/2024,2093, 1020.2023/0003717-2,,335177.75985984,7401488.5695889,069,074,0004-9,-,113034,RUA,-,JULIA LOPES DE ALMEIDA,99,-,-,-,-,FULL JULIA LOPES EMPREENDIMENTOS SPE LTDA,SANTANA,SANTANA/TUCURUVI,ESTRUTURAÇÃO E QUALIFICAÇÃO URBANA,QUALIFICAÇÃO DA URBANIZAÇÃO,NA,-,-,ZEU,EETU,-,R,R2v-1,HMP,-,nR1-3,nR1-12,-,-,-,"0,6",-,"0,4/0,8",-,-,-,1931.94,1272.04,482.6,19.649999999999999,1.5447627433099588E-2,2414.94,3686.98,-,-,259773.68,NÃO,1,"4,9900",483,2222.33,-,-,-,-,-,-,NÃO,-,ARRECADADO AD,APROVA DIGITAL,26014-23-SP-ALV,APROVAÇÃO E EXECUÇÃO DE EDIFICAÇÃO NOVA,45329,,,,,,,45355,2024
2094/16050/2023,2094,1020.2023/0009079-0,,325814.84206037,7401450.7638463,307,110,0078-3,-,171719,RUA,-,RIO VERDE,1026,-,-,-,-,CBR 126 EMPREENDIEMTNOS IMOBILIÁRIOS LTDA,FREGUESIA DO Ó,FREGUESIA/BRASILÂNDIA,ESTRUTURAÇÃO E QUALIFICAÇÃO URBANA,QUALIFICAÇÃO DA URBANIZAÇÃO,NA,-,-,ZC,ZC,-,R,-,E-HMP,HIS - 3,-,-,-,-,-,"0,6",-,"0,4/0,0",-,-,-,11733.9,20191.88,-,-,-%,20405.990000000002,40597.870000000003,-,-,1144587.1100000001,NÃO,1,"2,3500",8672.09,956.4,-,-,-,-,-,-,SIM,OBRIGATÓRIO,ARRECADADO AD,APROVA DIGITAL,28662-23-SP-ALV,APROVAÇÃO DE EDIFICAÇÃO NOVA,45275,,,,,,,45357,2024
2095/16050/2023,2095,1020.2022/0022884-7,,335388.61845566,7402934.0256681,070,411,0001-4,-,147672,AVENIDA,-,NOVA CANTAREIRA,2534,-,-,-,-,TENERIFE 105 EMPREENDIMENTOS IMOBILIÁRIOS SPE LTDA,TUCURUVI,SANTANA/TUCURUVI,ESTRUTURAÇÃO E QUALIFICAÇÃO URBANA,QUALIFICAÇÃO DA URBANIZAÇÃO,NA,-,-,ZC,ZC,-,R,R2v-2,-,-,-,-,-,-,-,"0,6",-,"1,0",-,-,-,3467.92,9375.8799999999992,-,-,-%,7296,16671.88,-,-,2281764.52,NÃO,1,"1,9992",3649.45,2192.34,-,-,-,-,-,-,NÃO,-,ARRECADADO AD,APROVA DIGITAL,22766-22-SP-ALV,APROVAÇÃO DE EDIFICAÇÃO NOVA,45119,,,,,,,45357,2024
2096/16050/2023,2096,1020.2022/0011409-4,,331018.52937024,7388086.2459072,045,107,0026-1/0007-5/0008-3/0017-2/0018-0,-,098809,AVENIDA,-,JAMARIS,"855,865,871,879,889",-,-,-,-,JGP5 INCORPORADORA SPE LTDA,MOEMA,VILA MARIANA,ESTRUTURAÇÃO E QUALIFICAÇÃO URBANA,URBANIZAÇÃO CONSOLIDADA,NA,-,-,ZEUP,ZEUP,-,R,R2v-2,-,-,nR1-3,nR1-6,-,-,-,"0,7",-,"0,8/1,0",-,-,-,1626.59,6618,681.92,813.5,0.12292233303112723,3439.54,10057.540000000001,-,-,2965385.65,NÃO,1,"1,9900",1720,5332.51,-,-,92.95,-,-,-,NÃO,-,ARRECADADO AD,APROVA DIGITAL,14954-22-SP-ALV,APROVAÇÃO DE EDIFICAÇÃO NOVA,45026,,,,,,,45358,2024
2097/16050/2023,2097,1020.2022/0000262-8,,323062.54981429,7389546.4407265,101,332,0014-1/0013-1,-,083020,RUA,-,GUANÁS,135,RUA,-,GUNAS,145,MAKO EMPREENDIMENTO IMOBILIÁRIO LTDA / MARIA ANTONIETA BARTOLO MEI / ADRIANO BARTOLOMEI PINTO,VILA SÔNIA,BUTANTÂ,ESTRUTURAÇÃO E QUALIFICAÇÃO URBANA,QUALIFICAÇÃO DA URBANIZAÇÃO,NA,-,-,ZEU,EETU,-,R,-,E-HMP,-,nR1-3,nR1-12,-,-,-,"0,6",-,"0,4",-,-,-,2729.98,1770.94,714.41,47.32,2.6720272849447186E-2,3429.97,5200.92,-,-,222688.7,NÃO,1,"4,8999",700,1665.41,-,-,-,-,-,-,NÃO,-,ARRECADADO AD,APROVA DIGITAL,9635-21-SP-ALV,APROVAÇÃO DE EDIFICAÇÃO NOVA,45005,,,,,,,45358,2024
2098/16050/2023,2098,1020.2022/0023032-9,,343597.07684509,7394748.4486922,055,011,0057-6,0059-2/0058-4,033693,RUA,-,BIGUAÇU,91,-,-,-,-,BIG UNITY INCORPORADORA LTDA,CARRÃO,ARICANDUVA/FORMOSA/CARRÃO,ESTRUTURAÇÃO E QUALIFICAÇÃO URBANA,QUALIFICAÇÃO DA URBANIZAÇÃO,NA,-,-,ZCOR,ZCOR,-,R,R2v-3,-,-,-,-,-,-,-,"0,6",-,"0,9/1,0",-,-,-,3154.98,9226.5499999999993,-,-,-%,6829.44,16055.99,-,-,1576533.04,NÃO,1,"1,9998",3415,1745.73,-,-,-,-,-,-,NÃO,-,ARRECADADO AD,APROVA DIGITAL,23125-22-SP-ALV,APROVAÇÃO DE EDIFICAÇÃO NOVA,45027,,,,,,,45358,2024
2099/16050/2023,2099,1020.2023/0007865-0,,329637.91931093,7388252.2120998,041,158,0026-7,-,100145,ALAMEDA,-,JAUAPERI,"1332,1342,1352,1324,1314,1328",-,-,-,-,TRISUL TUNGUE EMPREENDIMENTOS IMOBILIÁRIOS LTDA,MOEMA,VILA MARIANA,ESTRUTURAÇÃO E QUALIFICAÇÃO URBANA,URBANIZAÇÃO CONSOLIDADA,NA,-,-,ZEU,EETU,-,R,R2v-2,-,-,nR1-3,nR1-12,-,-,-,"0,7",-,"0,8",-,-,-,5693.15,5974.16,1430.83,414.78,6.9429007592699224E-2,7998.4,13972.56,-,-,4453432.71,NÃO,1,"3,9992",2000,5586.34,-,-,101.75,-,-,-,NÃO,-,ARRECADADO AD,APROVA DIGITAL,27642-23-SP-ALV,APROVAÇÃO DE EDIFICAÇÃO NOVA,45170,,,,,,,45364,2024
2100/17975/2023,2100,1020.2023/0024703-7,,341440.780798,7393884.4410924,054,159,0014-4,-,001414,RUA,-,ACURUÍ,204,-,-,-,-,ESPÍRITO SANTO EMPREENDIMENTO IMOBILIÁRIO ACURUI SPE LTDA,VILA FORMOSA,ARICANDUVA/FORMOSA/CARRÃO,ESTRUTURAÇÃO E QUALIFICAÇÃO URBANA,QUALIFICAÇÃO DA URBANIZAÇÃO,NA,-,ZC,ZC,-,-,R,R2v-1,HMP,HIS-1 / HIS-2,nR1-3,-,-,-,-,"0,6",-,"0,0/0,4/0,8",-,-,-,1588.86,3346.9,-,125.24,3.7419701813618568E-2,2243.86,5590.76,-,-,345509.92,NÃO,1,"3,4257",655,2379.7600000000002,-,-,-,-,-,1135.29,NÃO,-,ARRECADADO AD,APROVA DIGITAL,35325-23-SP-ALV,APROVAÇÃO E EXECUÇÃO DE EDIFICAÇÃO NOVA,45310,,,,,,,45364,2024
2101/16050/2023,2101,1020.2022/0010201-0,,334118.19163921,7400971.0737923,069,205,0071-1/0319-0,-,200891,RUA,DONA,BEATRIZ CORREIA,66,RUA,DOUTOR,ZUQUIM,S/N,GOLD HAVANA EMPREENDIMENTOS IMOBILIÁRIOS SPE LTDA,SANTANA,SANTANA/TUCURUVI,ESTRUTURAÇÃO E QUALIFICAÇÃO URBANA,QUALIFICAÇÃO DA URBANIZAÇÃO,NA,-,-,ZC,ZC,-,R,R2v-3,-,-,nR1-3,-,-,-,-,"0,6",-,"0,9/1,0",-,-,-,3030.88,11530.05,-,490.98,4.2582642746562246E-2,8539.7800000000007,20069.830000000002,-,-,2085762.11,NÃO,1,"1,8095",4719.34,2242.67,-,-,789.56,-,-,-,NÃO,-,ARRECADADO AD,APROVA DIGITAL,14188-22-SP-ALV,APROVAÇÃO DE EDIFICAÇÃO NOVA,45035,,,,,,,45364,2024
2102/17975/2023,2102,1020.2023/0006249-5,,332223.05844582,7393033.0833385,009,068,0010-2/0011-0,-,023680,RUA,-,ARTUR PRADO,"456,470",-,-,-,-,ONE DI 18 EMPREENDIMENTO IMOBILIÁRIO SPE LTDA,BELA VISTA,SÉ,ESTRUTURAÇÃO E QUALIFICAÇÃO URBANA,URBANIZAÇÃO CONSOLIDADA,NA,-,ZEU,ZEU,-,-,R,R2v-2,HMP,-,nR1-3,nR1-12,-,-,-,"0,7",-,"1,0/0,4",-,-,-,4714.6400000000003,5369.88,1214.78,169.3,3.152770639194917E-2,6094.9,11464.78,-,-,4060799.43,NÃO,1,"5,0000",1218.98,7001.13,-,-,40.32,-,-,-,NÃO,-,ARRECADADO AD,APROVA DIGITAL,26800-23-SP-ALV,APROVAÇÃO DE EDIFICAÇÃO NOVA,45261,,,,,,,45364,2024
2103/16050/2024,2103,1020.2021/0019692-7,,327587.70945856,7385901.5780362,085,017,0015-0/0014-2,-,105619,RUA,-,JOAQUIM GUARANI,"105,121",-,-,-,-,CVL SPE 001 RESERVA DAS ACACIAS DESENVOLVIMENTO IMOBILIÁRIO LTDA,SANTO AMARO,SANTO AMARO,ESTRUTURAÇÃO E QUALIFICAÇÃO URBANA,QUALIFICAÇÃO DA URBANIZAÇÃO,NA,-,-,ZEU,EETU,-,R,R2v-2,-,-,nR1-3,nR1-12,-,-,-,"0,6",-,"0,8",-,-,-,2399.8000000000002,3665.62,638.84,115.61,3.1539002951751681E-2,3199.8,6865.42,-,-,838652.93,NÃO,1,"3,9998",800,2912.05,-,-,-,-,-,-,NÃO,-,ARRECADADO AD,APROVA DIGITAL,9157-21-SP-ALV,APROVAÇÃO E EXECUÇÃO DE EDIFICAÇÃO NOVA,45320,,,,,,,45371,2024
2104/16050/2023,2104,1020.2023/0004815-8,,332202.26968039,7389470.1740644,042,046,0023-5/0025-5/0026-3/0034-4/0035-2/0036-0/0037-9/0038-7/0039-5/0055-7/0056-5,-,035025,RUA,-,BORGES LAGOA,"800,802,806,816,824,818",RUA,-,DOS ATONIS,"597,601,605,609,611,619",BORGES LAGOA SPE EMPREENDIMENTOS LTDA/ HESA 212 INVESTIMENTOS IMOBILÍARIOS LTDA,VILA MARIANA,VILA MARIANA,ESTRUTURAÇÃO E QUALIFICAÇÃO URBANA,URBANIZAÇÃO CONSOLIDADA,NA,-,-,ZEU,ZEU,-,R,R2v-3,-,-,nR1-3,nR1-12,-,-,-,"0,7",-,"0,8/0,9/1,0",-,-,-,8541.4699999999993,15792.12,2333.67,1455.52,9.2167486062669224E-2,11668.62,27460.73,-,-,6245422.7699999996,NÃO,1,"3,9982",2918.44,4686.7,-,-,69.569999999999993,-,-,-,NÃO,-,ARRECADADO AD,APROVA DIGITAL,26089-23-SP-ALV,APROVAÇÃO DE EDIFICAÇÃO NOVA,45139,,,,,,,45371,2024
2105/16050/2024,2105,1020.2022/0016955-7,,333116.64970318,7400391.5884797,072,131,0166-8,-,124095,RUA,ENGENHEIRO,MAC LEAN,237,-,-,-,-,MAC LEAN EMPREENDIMENTOS SPE LTDA,SANTANA,SANTANA/TUCURUVI,ESTRUTURAÇÃO E QUALIFICAÇÃO URBANA,QUALIFICAÇÃO DA URBANIZAÇÃO,NA,-,-,ZC,ZC,-,R,R2v-1,E-HMP,,-,-,-,-,-,"0,6",-,"0,4/0,8/0,9",-,-,-,590.61,1421.72,-,-,-%,987.8,2409.52,-,-,156849.98000000001,NÃO,1,"2,4870",397.19,2240.1,-,-,-,-,-,-,NÃO,-,ARRECADADO AD,APROVA DIGITAL,18934-22-SP-ALV,APROVAÇÃO E EXECUÇÃO DE EDIFICAÇÃO NOVA,45345,,,,,,,45371,2024
2106/16050/2023,2106,1020.2022/0011198-2,,336550.55501204,7389653.5890154,050,046,0030-9/0055-4/0044-9/0045-7/0046-5,-,059722,RUA,-,LINO COUTINHO ,"1361,1365 E 1369",RUA,,DOIS DE JULHO,"485, 487,493",CONSTHRUIR ENGENHARIA LTDA,IPIRANGA,IPIRANGA,ESTRUTURAÇÃO E QUALIFICAÇÃO URBANA,ESTRUTURAÇÃO METROPOLITANA,ARCO TAMANDUATEÍ,-,-,ZM,ZM,-,R,R2v-2,HMP,-,-,-,-,-,-,"1,2",-,"0,4/0,6/0,9/1,0",-,-,-,2018.07,4288.09,-,-,-%,4066.36,8354.4500000000007,-,-,2226625.7400000002,NÃO,1,"1,9852",2048.29,2188.0500000000002,-,-,-,-,-,-,NÃO,-,ARRECADADO AD,APROVA DIGITAL,14726-22-SP-ALV,APROVAÇÃO DE EDIFICAÇÃO NOVA,45051,,,,,,,45371,2024
2107/16050/2023,2107,1020.2022/0017118-7,,323354.96115203,7397620.5102545,080,003,0099-0/0134-2,-,007404,RUA,-,ALIANÇA LIBERAL ,"840,862",-,-,-,-,NICALIA INCORPORADORA SPE LTDA,VILA LEOPOLDINA,LAPA,ESTRUTURAÇÃO E QUALIFICAÇÃO URBANA,ESTRUTURAÇÃO METROPOLITANA,ARCO PINHEIROS,-,-,ZM,ZM,-,R,R2v-2,-,-,nR1-3,-,-,-,-,"1,2",-,"1,0",-,-,-,1599.67,4460.97,-,239.09,5.3595966796459067E-2,3199.67,7660.64,-,-,2441632.96,NÃO,1,"1,9998",1600,2543.63,-,-,-,-,-,-,NÃO,-,ARRECADADO AD,APROVA DIGITAL,19974-22-SP-ALV,APROVAÇÃO DE EDIFICAÇÃO NOVA,45041,,,,,,,45371,2024
2108/17975/2023,2108,1020.2023/0005190-6,,328970.1555339,7396036.671875,021,070,0014-1/0015-8/0056-5/0057-3,-,039993,RUA,-,CAMPEVAS,"233,237,239,249",-,-,-,-,WDS CAMPEVAS EMPREENDIMENTOS IMOBILIARIOS LTDA,PERDIZES,LAPA,ESTRUTURAÇÃO E QUALIFICAÇÃO URBANA,URBANIZAÇÃO CONSOLIDADA,NA,-,ZC,ZC,-,-,R,R2v-1,-,-,nR1-3,nR1-12,-,-,-,"0,7",-,"0,8",-,-,-,1345.48,3896.28,414.22,107.32,2.7544221667847278E-2,2345.48,6241.76,-,-,1664176.37,NÃO,1,"2,3455",1006.29,5180.43,-,-,-,-,-,-,SIM,OPCIONAL,ARRECADADO AD,APROVA DIGITAL,26531-23-SP-ALV,APROVAÇÃO DE EDIFICAÇÃO NOVA,45282,,,,,,,45373,2024
2109/16050/2023,2109,1020.2023/0024392-9,,340618.76197149,7395999.6042308,054,013,0012-3/0019-0/0020-4,-,001562,RUA,-,ADAMASTOR ,46,RUA,-,PRAÇA AFONSO DE ALBUQUERQUE ,"41,43",A.R. IMÓVEIS E PARTICIPAÇÕES LTDA,TATUAPÉ,MOOCA,ESTRUTURAÇÃO E QUALIFICAÇÃO URBANA,QUALIFICAÇÃO DA URBANIZAÇÃO,NA,-,-,ZEU,EETU,-,R,-,-,-,nR1-3,nR1-12,-,-,-,"0,6",-,"0,4",-,-,-,2604.89,1589.15,554.52,267.01,0.16802063996476102,3264.89,4854.04,-,-,33413.730000000003,NÃO,1,"4,9400",660,2638.19,-,-,-,-,-,-,NÃO,-,ARRECADADO AD,APROVA DIGITAL,35351-23-SP-ALV,APROVAÇÃO E EXECUÇÃO DE EDIFICAÇÃO NOVA,45351,,,,,,,45384,2024
2110/16050/2023,2110,1020.2023/0007412-4,,332544.73912742,7391359.6104592,037,020,0006-2/0008-9/0009-7/0011-9/0012-7/0013-5/0014-3/0100-1/0101-7,-,060135,RUA,RUA,DOMINGOS MORAIS ,"250,254,258,262,270,272,275,278,280",RUA,DOUTOR,EDUARDO MARTINELLI,"30,50,60,74",CBR MAGIK LZ 09 EMPREENDIMENTOS IMOBILIÁRIOS LTDA,VILA MARIANA,VILA MARIANA,ESTRUTURAÇÃO E QUALIFICAÇÃO URBANA,URBANIZAÇÃO CONSOLIDADA,NA,-,-,ZEU,EETU,-,R,R2v-3,-,-,nR1-2,nR1-3,nR1-12,-,-,"0,7",-,"0,8/0,9/1,0",-,-,-,3.21,11878.32,1384.67,1218.6500000000001,0.10259447463951132,11824.46,23702.78,-,-,3020.31,NÃO,1,"4,00",2956.25,6723.68,-,-,235.83,-,8160.46,-,NÃO,-,ARRECADADO AD,APROVA DIGITAL,27649-23-SP-ALV,APROVAÇÃO DE EDIFICAÇÃO NOVA,45355,,,,,,,45384,2024
2111/16050/2023,2111,1020.2023/0006663-6,,329560.17802113,7390616.8438449,036,101,0099-0/0100-8/0101-6/0103-2,-,099228,RUA,-,JANUÁRIO MIRAGLIA,"129,131,137,147",-,-,-,-,YVY EMPREENDIMENTOS SPE LTDA,MOEMA,VILA MARIANA,ESTRUTURAÇÃO E QUALIFICAÇÃO URBANA,URBANIZAÇÃO CONSOLIDADA,NA,-,-,ZC,ZC,-,R,R2v-1,-,-,nR1-3,nR1-12,-,-,-,"0,7",-,"1,0",-,-,-,773.57,2772.18,300.19,245.54,8.8572892092144084E-2,1547.28,4319.46,-,-,1349654.04,NÃO,1,"1,9998",773.71,4984.43,-,-,-,-,-,-,NÃO,-,ARRECADADO AD,APROVA DIGITAL,27256-23-SP-ALV,APROVAÇÃO DE EDIFICAÇÃO NOVA,45191,,,,,,,45386,2024
2112/16050/2023,2112,1020.2022/0020058-6,,327158.51397391,7399598.2771576,074,210,0054-2/0059-3,-,147362,RUA,NOSSA SENHORA,DO Ó,2050,-,-,-,-,SPO BILD DESENVOLVIMENTO IMOBILIÁRIO 97 SPE LTDA,FREGUESIA DO Ó,FREGUESIA/BRASILÂNDIA,ESTRUTURAÇÃO E QUALIFICAÇÃO URBANA,ESTRUTURAÇÃO METROPOLITANA,ARCO TIETÊ,-,-,ZEM,ZEM,-,R,R2v-1,E-HMP,-,-,-,-,-,-,"2,0",-,"0,4/0,6/0,9",-,-,-,8391.65,6696.6,-,-,-%,10491.65,17188.25,-,-,1752289.72,NÃO,1,"4,9960",2100,972.47,-,-,-,-,-,-,NÃO,-,ARRECADADO AD,APROVA DIGITAL,21626-22-SP-ALV,APROVAÇÃO DE EDIFICAÇÃO NOVA,45147,,,,,,,45386,2024
2113/16050/2024,2113,1020.2021/0007952-1,,328010.68626664,7381036.3971787,090,401,0003-9,-,177431,RUA,-,SANT'ANNA,745,-,-,-,-,RF ADMINISTRAÇÃO DE BENS PROPRIOS LTDA,CAMPO GRANDE,SANTO AMARO,ESTRUTURAÇÃO E QUALIFICAÇÃO URBANA,QUALIFICAÇÃO DA URBANIZAÇÃO,NA,-,-,ZC,ZC,-,R,R2v-1,HMP,-,-,-,-,-,-,"0,6",-,"0,4/0,8",-,-,-,602.55999999999995,341.78,-,-,-%,1097.56,1439.34,-,-,129.487.71,NÃO,1,"2,2173",495,1632.2,-,-,-,-,-,-,NÃO,-,ARRECADADO AD,APROVA DIGITAL,3453-21-SP-ALV,APROVAÇÃO E EXECUÇÃO DE EDIFICAÇÃO NOVA,45363,,,,,,,45386,2024
2114/16050/2024,2114,1020.2023/0007929-0,,345178.29154476,7397648.092681,059,080,0031-0,-,069744,RUA,-,FELIPE,397,-,-,-,-,GAB GENOVA ADMINISTRAÇÃO DE BENS LTDA,PENHA,PENHA,ESTRUTURAÇÃO E QUALIFICAÇÃO URBANA,ESTRUTURAÇÃO METROPOLITANA,ARCO LESTE,-,-,ZC,ZC,-,R,-,E-HMP,-,-,-,-,-,-,"0,3",-,"0,6",-,-,-,38.57,327.98,-,-,-%,415.73,743.71,-,-,6786.19,NÃO,1,"1,1023",377.16,1077.43,-,-,-,-,-,-,NÃO,-,ARRECADADO AD,APROVA DIGITAL,28178-23-SP-ALV,APROVAÇÃO E EXECUÇÃO DE EDIFICAÇÃO NOVA,45365,,,,,,,45386,2024
2115/16050/2023,2115,1020.2023/0006800-0,,339118.71561583,7397009.9954842,062,025,0097-2/0098-0/0099-9,-,192066,RUA,-,TUIUTI ,"458,462,470",-,-,-,-,VITORIA PARTICIPAÇÕES LTDA,TATUAPÉ,MOOCA,ESTRUTURAÇÃO E QUALIFICAÇÃO URBANA,ESTRUTURAÇÃO METROPOLITANA,ARCO LESTE,-,-,ZEUP,ZEUP,-,R,-,E-HMP,HIS - 2,nR1-3,nR1-12,-,-,-,"0,3",-,"0,4/0,0",-,-,-,1222.07,1811.16,408.29,219.9,0.12141390048366792,2046.97,3858.13,-,-,123449.73,NÃO,1,"2,4814",824.9,2542.5500000000002,-,-,-,-,-,-,NÃO,-,ARRECADADO AD,APROVA DIGITAL,27594-23-SP-SP-ALV,APROVAÇÃO DE EDIFICAÇÃO NOVA,45133,,,,,,,45387,2024
2116/16050/2024,2116,6068.2023/0001983-8,,346711.25082788,7398579.4084324,110,371,0005-1,-,011282,RUA,-,AMOR PERFEITO,398,-,-,-,-,AMOR PERFEITO EMPREENDIMENTOS IMOBILIÁRIOS SPE,PONTE RASA,EMRMELINO MATARAZZO,ESTRUTURAÇÃO E QUALIFICAÇÃO URBANA,QUALIFICAÇÃO DA URBANIZAÇÃO,NA,-,-,ZM,ZM,-,R,-,E-HMP,-,-,-,-,-,-,"0,6",-,"0,6",-,-,-,140.44,219.31,-,-,-%,525.44000000000005,744.75,-,-,28407.68,NÃO,1,"1,3648",385,766.84,-,-,-,-,-,-,NÃO,-,QUITADO,SEI,2024/00672-00,APROVAÇÃO E EXECUÇÃO DE EDIFICAÇÃO NOVA,45328,,,,,,,45377,2024
2117/16050/2023,2117,6068.2022/0009744-6,,337576.1605136,7393018.5419395,032,041,0047-2/0048-0/0049-9/0050-2,-,168742,RUA,PADRE,RAPOSO,1256,-,-,-,-,TIBERO INCORPORAÇÕES E PARTICIPAÇÕES 85 LTDA,MOOCA,MOOCA,ESTRUTURAÇÃO E QUALIFICAÇÃO URBANA,QUALIFICAÇÃO DA URBANIZAÇÃO,NA,-,-,ZEU,EETU,-,R,R2v-2,HMP,,nR1-3,nR1-12,,,,"0,6",-,"0,4/0,8",-,-,-,5299.59,4455.9399999999996,1260.08,105.11,2.3588737729861715E-2,6629.57,11085.51,-,-,586837.65,NÃO,1,"4,9847",1329.98,2204.12,-,-,-,-,-,-,NÃO,-,QUITADO,SEI,2023/02971-00,APROVAÇÃO DE EDIFICAÇÃO NOVA,45062,,,,,,,45376,2024
2118/16050/2020,2118,6068.2019/0003911-4,,322811.9635358,7386921.1895772,171,183,0025-9,-,715883,RUA,-,DANKMAR ADLER,72,-,-,-,-,LOGICA ENGENHARIA LTDA,VILA ANDRADE,CAMPO LIMPO,ESTRUTURAÇÃO E QUALIFICAÇÃO URBANA,REDUÇÃO DA VULNERABILIDADE URBANA,NA,-,-,ZCOR,ZCOR,-,R,-,E-HMP,-,-,-,-,-,-,"0,3",-,"0,4",-,-,-,1740.65,3698.45,-,-,-%,2902.65,6601.1,-,-,190625.88,NÃO,1,"2,4980",1162,2279.6999999999998,-,-,-,-,-,-,NÃO,-,QUITADO,SEI,2020/06654-00,APROVAÇÃO E EXECUÇÃO DE EDIFICAÇÃO NOVA,44022,,,,,,,45372,2024
2119/16050/2024,2119,6068.2022/0005680-4,6068.2022/0005680-4,339980.14221115,7391142.5610398,102,118,0141-1,-,115592,AVENIDA,PROFESSOR,LUIZ IGNACIO ANHAIA MELLO,2655,-,-,-,-,CONSTRUTORA UBIRATAN LTDA,VILA PRUDENTE,VILA PRUDENTE,ESTRUTURAÇÃO E QUALIFICAÇÃO URBANA,QUALIFICAÇÃO DA URBANIZAÇÃO,NA,-,-,ZEU,EETU,-,R,R2v-3,-,-,nR1-3,nR1-5,nR1-6,-,-,"0,6",-,"0,8/1,0",-,-,-,0,8088.01,370.07,101.4,1.2537076487294156E-2,10461.39,18546.400000000001,-,-,95812.5,NÃO,1,"3,9995",2615.69,1278.77,-,-,23.73,-,-,-,NÃO,-,QUITADO,SEI,2019/05108-01,PROJ. MODIFICATIVO - APROVAÇÃO E EXECUÇÃO DE EDIFICAÇÃO NOVA,45328,,,,,,,45371,2024
2120/16050/2023,2120,1010.2022/0010447-7,,329215.47856957,7393744.3094472,013,009,0032-6/0033-4/0035-0/0036-9/1344-4,-,151149,RUA,-,ARTUR AZEVEDO,43,-,-,-,-,JARDIM FGS SPE LTDA,JARDIM PAULISTA,PINHEIROS,ESTRUTURAÇÃO E QUALIFICAÇÃO URBANA,URBANIZAÇÃO CONSOLIDADA,NA,-,-,ZEU,EETU,-,R,R2v-2,,,nR1-2,nR1-3,nR1-12,,,"0,7",-,"1,0",-,-,-,3143.19,6203.48,907.72,328.49,5.2952536318324556E-2,4539,10742.48,-,-,3598910.96,NÃO,1,"3,9974",1135.5,6538.46,-,-,86.77,-,-,-,NÃO,-,QUITADO,SEI,2023/03738-00,APROVAÇÃO DE EDIFICAÇÃO NOVA,45092,,,,,,,45362,2024
2121/17975/2023,2121,1020.2023/0006243-6,,329351.79448752,7389825.736053,041,002,0023-4/0024-2,-,009997,AVENIDA,-,SANTO AMARO,"1015,1013,1017,1023,1027 E 1031",-,-,-,-,ONE DI 33 EMPREENDIMENTO IMOBILIÁRIO SPE LTDA ,MOEMA,VILA MARIANA,ESTRUTURAÇÃO E QUALIFICAÇÃO URBANA,URBANIZAÇÃO CONSOLIDADA,NA,-,-,ZEU,EETU,-,R,R2v-2,HMP,-,nR1-3,nR1-12,-,-,-,"0,7",-,"1,0/0,8/0,4",-,-,-,3470.28,3437.15,854.45,431.32,0.12548768601894011,4337.8500000000004,7775,-,-,1413253.35,NÃO,1,"5,0000",867.57,3354.37,-,-,-,-,-,-,NÃO,-,ARRECADADO AD,APROVA DIGITAL,26806-23-SP-ALV,APROVAÇÃO DE EDIFICAÇÃO NOVA,45267,,,,,,,45393,2024
2122/16050/2024,2122,1020.2022/0002131-2,,325398.22894549,7396449.1517657,024,010,0074-7,-,048186,RUA,-,LUIS CESAR PANNAIN,114,-,-,-,-,AEDIFEX CONSTRUTORA E PROJETOS LTDA,LAPA,LAPA,ESTRUTURAÇÃO E QUALIFICAÇÃO URBANA,URBANIZAÇÃO CONSOLIDADA,NA,-,-,ZM,ZM,-,R,R2v-1,-,-,-,-,-,-,-,"0,7",-,"1,0",-,-,-,93.25,222.1,-,-,-%,460.25,682.35,-,-,101202.53,NÃO,1,"1,2541",367,1944.34,-,-,-,-,-,-,NÃO,-,ARRECADADO AD,APROVA DIGITAL,10651-22-SP-ALV,APROVAÇÃO E EXECUÇÃO DE EDIFICAÇÃO NOVA,45376,,,,,,,45393,2024
2123/16050/2023,2123,1020.2022/0002962-3,,327260.07801339, 7395052.0614892,081,034,0006-8/0009-2/0010-6/0011-4/0012-2,-,055212,RUA,-,HEITOR PENTEADO,1459,RUA,-,CRISTOVÃO DE BURGOS / PAULISTANIA,"52,121",BSINCO 15 EMPREENDIMENTOS IMOBILIÁRIOS LTDA,PINHEIROS,PINHEIROS,ESTRUTURAÇÃO E QUALIFICAÇÃO URBANA,URBANIZAÇÃO CONSOLIDADA,NA,-,-,ZEU,EETU,-,R,R2v-2,,,nR1-3,nR1-12,,,,"0,7",-,"0,8/0,9",-,-,-,4856.82,8719.23,1424.64,682.96,7.8328017496957877E-2,7124,15843.23,-,-,2692957.83,NÃO,1,"4,0000",1781,3779.56,-,-,162.06,-,-,-,NÃO,-,ARRECADADO AD,APROVA DIGITAL,11173-22-SP-ALV,APROVAÇÃO DE EDIFICAÇÃO NOVA,45064,,,,,,,45393,2024
2124/16050/2023,2124,1020.2023/0004238-9,,331322.84218345,7394064.775082,010,034,0060-4/0181-3/0803-6/0804-4,-,087300,RUA,-,HERCULANO DE FREITAS,"80,82,84,94,98 E 106",RUA,-,ITARARÉ,"28,30,32,36",HERCULANO EMPREENDIMENTO IMOBILIÁRIO SPE LTDA,BELA VISTA,SÉ,ESTRUTURAÇÃO E QUALIFICAÇÃO URBANA,URBANIZAÇÃO CONSOLIDADA,NA,-,-,ZEU,EETU,-,R,R2v-1,HMP,-,nR1-12,-,-,-,-,"0,7",-,"0,4/0,6/0,9",-,-,-,3677.2,3917.62,717.65,292.73,7.4721386964534592E-2,4596.5,8514.119999999999,-,-,1494606.79,NÃO,1,"5,0000",919.3,5533.86,-,-,-,-,-,-,NÃO,-,ARRECADADO AD,APROVA DIGITAL,26283-23-SP-ALV,APROVAÇÃO DE EDIFICAÇÃO NOVA,45194,,,,,,,45393,2024
2125/16050/2024,2125,1020.2023/0004349-0,,334387.26760006,7389917.3166598,039,176,0045-5,-,239950,RUA,-,GARAPEBA,55,-,-,-,-,DI FRANCESCO INCORPORAÇÕES LTDA,VILA MARIANA,VILA MARIANA,ESTRUTURAÇÃO E QUALIFICAÇÃO URBANA,URBANIZAÇÃO CONSOLIDADA,NA,-,-,ZEU,EETU,-,R,R2v-2,-,-,nR1-3,nR1-15,-,-,-,"0,7",-,"1,0",-,-,-,4037.54,5868.96,557.83000000000004,46.29,7.8872577083503714E-3,6156.25,12025.21,-,-,3252887.94,NÃO,1,"3,9718",1550,4571.29,-,-,189.57,-,-,-,NÃO,-,ARRECADADO AD,APROVA DIGITAL,26212-SP-ALV,APROVAÇÃO E EXECUÇÃO DE EDIFICAÇÃO NOVA,45372,,,,,,,45397,2024
2126/16050/2023,2126,1010.2022/0002112-1,,346443.31030502,7396841.1556721,113,018,0013-8/0014-6/0015-4/0022-7/0037-5/0042-1/0004-9,-,037591,RUA,-,ITAOCARA,97,-,-,-,-,PATRIARCA DIALOGO EMPREENDIMENTOS IMOBILIÁRIOS SPE LTDA,VILA MATILDE,PENHA,ESTRUTURAÇÃO E QUALIFICAÇÃO URBANA,QUALIFICAÇÃO DA URBANIZAÇÃO,NA,-,-,ZEU,EETU,-,R,R2v-3,-,-,nR1-3,nR1-12,-,-,-,"0,6",-,"0,8/1,0",-,-,-,12358.25,18739.22,3327.95,662.13,3.5333914645326751E-2,17226.55,35965.770000000004,-,-,1748660.66,NÃO,1,"3,9777",4330.82,949.98,-,-,-,-,-,-,NÃO,-,QUITADO,SEI,2023/04605-00,APROVAÇÃO DE EDIFICAÇÃO NOVA,45126,,,,,,,45397,2024
2127/16050/2023,2127,1010.2022/0010055-2,,331938.38935145,7392325.0990833,036,009,0008-0/0009-9,-,177911,ALAMEDA,-,SANTOS,"212,220",-,-,-,-,AS 212 EMPREENDIMENTOS E PARTICIPAÇÕES LTDA,VILA MARIANA,VILA MARIANA,ESTRUTURAÇÃO E QUALIFICAÇÃO URBANA,URBANIZAÇÃO CONSOLIDADA,NA,-,-,ZEU,EETU,-,R,R2v-1,-,-,nR1-3,nR1-12,-,-,-,"0,7",-,"0,8",-,-,-,1208.0999999999999,1606.85,322.45,198.48,0.12352117496966114,1612.56,3219.41,-,-,2038347.49,NÃO,1,"3,9869",404.46,12012.34,-,-,-,-,-,-,NÃO,-,QUITADO,SEI,2023/03692-00,APROVAÇÃO DE EDIFICAÇÃO NOVA,45089,,,,,,,45397,2024
2128/16050/2023,2128,6068.2023/0001020-2,,325959.94661476, 7382248.1530898,087,079,0082-1,-,074195,PRAÇA,DOM,FRANCISCO DE SOUSA,"00000, LT 3 ÁREA ""C""",RUA,-,ELIAS ANTONIO ZOGBI,0000,GRAN ACAOULCO EMPREENDIMENTOS IMOBILIÁRIOS LTDA,SANTO AMARO,SANTO AMARO,ESTRUTURAÇÃO E QUALIFICAÇÃO URBANA,ESTRUTURAÇÃO METROPOLITANA,ARCO JURUBATUBA,-,-,ZC,ZC,-,R,R2v-1,E-HMP,-,-,-,-,-,-,"1,2",-,"0,4/0,8/0,9",-,-,-,6472.16,10773.19,-,-,-%,10804.58,21577.77,-,-,3639612.41,NÃO,1,"2,4939",4332.42,2367.98,-,-,-,-,-,-,NÃO,-,QUITADO,SEI,2023/06610-00,APROVAÇÃO DE EDIFICAÇÃO NOVA,45204,,,,,,,45398,2024
2129/16050/2023,2129,1020.2023/0009629-2,,341289.79771505,7393416.5640222,055,206,0037-6,-,033774,RUA,-,BIMBARRA,116,-,-,-,-,AYAS RESIDENZIALE EMPREENDIMENTOS IMOBILIARIO SPE LTDA ,VILA FORMOSA,ARICANDUVA/FORMOSA/CARRÃO,ESTRUTURAÇÃO E QUALIFICAÇÃO URBANA,QUALIFICAÇÃO DA URBANIZAÇÃO,NA,-,-,ZEU,EETU,-,R,R2v-1,HMP,-,nR1-3,nR1-12,-,-,-,"0,6",-,"0,4/0,8",-,-,-,2491.27,2311.59,336.36,59.88,2.5904247725591474E-2,3121.57,5433.16,-,-,263999.75,NÃO,1,"4,9525",630.29999999999995,1831.41,-,-,-,-,-,-,NÃO,-,ARRECADADO AD,APROVA DIGITAL,28844-23-SP-ALV,APROVAÇÃO DE EDIFICAÇÃO NOVA,45181,,,,,,,45400,2024
2130/16050/2023,2130,1020.2023/0002260-4,,332398.24235122,7390889.6890997,037,017,0001-1/0002-8/0003-6/0104-0/0105-9/0106-7/0107-5/0108-3/0109-1/0110-5,-,173010,AVENIDA,-,CONSELHEIRO RODRIGUES ALVES,"406,408,416,424,426,432,440",RUA,,HUMEBRTO I,"379,381,395",HAT EMPREENDIMENTOS E INCOPORAÇÕES LTDA ,VILA MARIANA,VILA MARIANA,ESTRUTURAÇÃO E QUALIFICAÇÃO URBANA,URBANIZAÇÃO CONSOLIDADA,NA,-,-,ZEU,EETU,-,R,R2v-2,-,-,nR1-3,nR1-12,-,-,-,"0,7",-,"0,8/1,0",-,-,-,6316.41,11615.08,1791.64,1052.6300000000001,9.0626151520265041E-2,9061.57,20676.650000000001,-,-,4398527.6100000003,NÃO,1,"3,9999",2265.4299999999998,4167.26,-,-,159.91,-,-,-,NÃO,-,ARRECADADO AD,APROVA DIGITAL,25167-23-SP-ALV,APROVAÇÃO DE EDIFICAÇÃO NOVA,45075,,,,,,,45400,2024
2131/17975/2023,2131,1020.2023/0008276-3,,328720.04852755,7387787.9875073,085,115,0002-2/0014-6/0015-4/0034-0/0035-9/0036-7/0051-0,-,123625,RUA,-,LUISIANIA ,"139,147,157,185",RUA,-,NEBRASKA / AV. PORTUGAL ,"220,222/ 220",NOVA PRATA INCORPORADORA LTDA,ITAIM BIBI,PINHEIROS,ESTRUTURAÇÃO E QUALIFICAÇÃO URBANA,URBANIZAÇÃO CONSOLIDADA,NA,-,-,ZEU,EETU,-,R,R2v-3,-,-,nR1-3,nR1-12,-,-,-,"0,7",-,"1,0/1,5",-,-,-,4387.32,20396.36,2925.28,162.08000000000001,7.9465159469630856E-3,14679.95,35076.31,-,-,3947351.93,NÃO,1,"4,0000",3670,3849.17,-,-,282.48,24.8,5775.19,-,NÃO,-,ARRECADADO AD,APROVA DIGITAL,28063-23-SP-ALV,APROVAÇÃO DE EDIFICAÇÃO NOVA,45218,,,,,,,45405,2024
2132/16050/2023,2132,1020.2022/0017117-9,,335136.83856142,7388698.4691819,046,023,0044-8/0045-6/0046-4/0047-2/0048-0/0049-9/0050-2/0051-0/0052-9/0053-7/0054-5/0055-3/0056-1/0057-1/0058-8/0059-6/0060-1/0061-6,-,056189,AVENIDA,-,CURSINO,"132,146,140,138,142",RUA,-,AMÉRICO RIBEIRO,"40,42,44",ANGICO EMPREENDIMENTOS IMOBILIÁRIOS LTDA,CURSINO,IPIRANGA,ESTRUTURAÇÃO E QUALIFICAÇÃO URBANA,QUALIFICAÇÃO DA URBANIZAÇÃO,NA,-,-,ZEU,EETU,-,R,R2v-1,E-HMP,-,nR1-3,-,-,-,-,"0,6",-,"0,4/0,6/0,9",-,-,-,7712.85,9975.5,-,872.36,8.7450253120144358E-2,9642.09,19617.59,-,-,1469192.02,NÃO,1,"4,9979",1929.24,2948.46,-,-,-,-,-,-,NÃO,-,ARRECADADO AD,APROVA DIGITAL,19997-22-SP-ALV,APROVAÇÃO DE EDIFICAÇÃO NOVA,45187,,,,,,,45407,2024
2133/16050/2023,2133,"1020.2022/0022651-8
",,328710.01577451,7396170.0099343,021,067,0044-1/0045-8/0046-6/0047-4/0048-2/0049-0,-,019402,RUA,-,APIACAS,"418,426,432,434,444,444A,446,448",-,-,-,-,THINK HOME APIACAS LTDA,PERDIZES,LAPA,ESTRUTURAÇÃO E QUALIFICAÇÃO URBANA,URBANIZAÇÃO CONSOLIDADA,NA,-,-,ZEU,EETU,-,R,R2v-2,-,-,nR1-3,nR1-12,-,-,-,"0,7",-,"0,8/1,0",-,-,-,4935.28,7908.68,1296.1300000000001,142.27000000000001,1.7989095525422702E-2,6852.09,14760.77,-,-,3678091.86,NÃO,1,"3,9982",1713.8,4465,-,-,67.67,-,-,-,NÃO,-,ARRECADADO AD,APROVA DIGITAL,23038-22-SP-ALV,APROVAÇÃO DE EDIFICAÇÃO NOVA,45112,,,,,,,45412,2024
2134/16050/2023,2134,1020.2023/0012544-6,,334192.22278597,7391130.5477908,039,020,0009-0/0010-4/0063-5/0064-3/0350-2,-,050601,RUA,-,CLAUDIO ROSSI ,"153,165,187,189,193,197,203,209",-,-,-,-,CBR 076 EMPREENDIMENTOS IMOBILIÁRIOS LTDA,VILA MARIANA,VILA MARIANA,ESTRUTURAÇÃO E QUALIFICAÇÃO URBANA,URBANIZAÇÃO CONSOLIDADA,NA,-,-,ZC,ZC,-,R,R2v-2,-,-,-,-,-,-,-,"0,7",-,"1,0",-,-,-,3389.98,8967.51,-,-,-%,7055.1,16022.61,-,-,3362795.85,NÃO,1,"1,9997",3528,2833.87,-,-,-,-,-,-,NÃO,-,ARRECADADO AD,APROVA DIGITAL,29797-23-SP-ALV,APROVAÇÃO DE EDIFICAÇÃO NOVA,45267,,,,,,,45404,2024
2135/16050/2024,2135,1020.2023/0010832-0,,332635.14036042, 7389514.2366153,042,049,0011-9/0012-7/0013-5/0014-3/0015-1/0016-1/0017-8/0018-6/0019-4/0020-8/0021-6/0022-4/0023-2/0026-7/0027-5/0028-3/0029-1/0068-2,-,059021,RUA,DOUTOR,DIOGO DE FARIA,"341,345,355,363,369",RUA,CORONEL,LISBOA / Prof° Francisco de castro,"652,656,664,666,674,678,680,686,690/ 36,44,54,66",TRISUL 8 EMPREENDIMENTOS IMOBILIÁRIOS LTDA,VILA MARIANA,VILA MARIANA,ESTRUTURAÇÃO E QUALIFICAÇÃO URBANA,URBANIZAÇÃO CONSOLIDADA,NA,-,-,ZEU,EETU,-,R,R2v-3,-,-,nR1-3,nR1-12,nR1-16,-,-,"0,7",-,"0,8/1,0",-,-,-,1594.62,12214.69,2067.3200000000002,222.42,1.8209221846809044E-2,10409.379999999999,22624.07,-,-,1212335.3899999999,NÃO,1,"3,9996",2602.59,4343.9799999999996,-,-,292,-,5411.7,-,NÃO,-,ARRECADADO AD,APROVA DIGITAL,45231,APROVAÇÃO DE EDIFICAÇÃO NOVA,45231,,,,,,,45412,2024
2136/16050/2023,2136,1020.2023/0002328-7,,335465.62418501,7390201.831909,040,104,0003-1,-,142450,RUA,-,GAMA LOBO,S/N,RUA,DOM,LUIS LASANHA,151,GMR IPIRANGA EMPREENDIMENTOS IMOBILIÁRIOS LTDA,IPIRANGA,IPIRANGA,ESTRUTURAÇÃO E QUALIFICAÇÃO URBANA,URBANIZAÇÃO CONSOLIDADA,NA,-,-,ZC,ZC,-,R,R2v-2,-,-,-,-,-,-,-,"0,7",-,"1,0",-,-,-,18131.3,5286.03,-,-,-%,6995.99,12282.02,-,-,2630471.11,NÃO,1,"1,4317",4886.6400000000003,2937.75,-,-,278.05,-,-,-,NÃO,-,ARRECADADO AD,APROVA DIGITAL,25193-23-SP-ALV,APROVAÇÃO DE EDIFICAÇÃO NOVA,45210,,,,,,,45414,2024
2137/16050/2024,2137,1010.2023/0006707-7,,327559.94562907,7392544.1832885,015,060,0048-7/0049-5/0029-0/0030-4/0031-2/0032-0/0033-9/0063-0,-,162639,RUA,-,DOS PINHEIROS,1241,-,-,-,-,3Z PINHEIROS EMPREENDIMENTOS IMOBILIÁRIOS LTDA ,PINHEIROS,PINHEIROS,ESTRUTURAÇÃO E QUALIFICAÇÃO URBANA,URBANIZAÇÃO CONSOLIDADA,NA,-,-,ZEU,EETU,-,R/nR,R2v-1,-,-,nR1-3,nR1-6,-,-,-,"0,7","1,3","0,8","1,0",139.68,4434.01,4573.6899999999996,7146.36,1225.83,765.9,0.10717344214397259,6143.56,13289.92,140298.59,10338933.369999999,10479231.960000001,NÃO,1,"3,9988",1536.36,7172.37,-,-,11.17,-,-,-,NÃO,-,QUITADO,SEI,2024/01980-00,APROVAÇÃO DE EDIFICAÇÃO NOVA,45391,,,,,,,45414,2024
2138/16050/2023,2138,1010.2023/0001560-3,,335536.39237926,7389051.7756855,043,084,0021-1/0001-5/0003-1/0009-0/0012-0/0013-9/0020-1/0022-8/0023-6/0054-6/0056-2/0065-1/0066-1/0067-8/0068-6/0071-6/0072-4,-,077461,RUA,-,GAMA LOBO,1884 a 1918,RUA,MARQUESA, DE OLINDA | RUA VISCONDE DE PIRAJA | RUA DONA LEOPOLDINA ,336 a 374 | 315 a 327 | 143,TGSP 92 EMPREENDIMENTOS IMOBILIÁRIOS LTDA E OUTROS,IPIRANGA,IPIRANGA,ESTRUTURAÇÃO E QUALIFICAÇÃO URBANA,URBANIZAÇÃO CONSOLIDADA,NA,-,-,ZEU,EETU,-,R,R2v-3,-,-,-,-,-,-,-,"0,7",-,"0,9",-,-,-,11469.8,11874.99,-,-,-,16342.09,28217.08,-,-,5057537.1100000003,NÃO,1,"3,9862",4099.67,2623.95,-,-,257.54000000000002,-,-,-,NÃO,-,QUITADO,SEI,2023/04662-00,APROVAÇÃO DE EDIFICAÇÃO NOVA,45128,,,,,,,45421,2024
2139/16050/2024,2139,6068.2023/0004199-0,,328770.56775627,7396368.8791493,021,057,0014-4/0015-2,-,019429,RUA,-,APINAJES,253,-,-,-,-,TIBERO INCORPORAÇÕES E PARTICIPAÇÕES 88 LTDA,PERDIZES,LAPA,ESTRUTURAÇÃO E QUALIFICAÇÃO URBANA,URBANIZAÇÃO CONSOLIDADA,NA,-,-,ZEU,ZEU,-,R,-,E-HMP,-,nR1-3,nR1-12,-,-,-,"0,7",-,"0,4",-,-,-,4044.35,4530.63,1011.01,322.41000000000003,7.1162288688328121E-2,5055.7700000000004,9586.4,-,-,1062088.8,NÃO,1,"4,9987",1011.42,4688.24,-,-,-,-,-,-,NÃO,-,QUITADO,SEI,2024/01807-00,APROVAÇÃO E EXECUÇÃO DE EDIFICAÇÃO NOVA,45378,,,,,,,45422,2024
2140/16050/2023,2140,1020.2022/0019683-0,,327757.33852533,7396122.4716627,012,049,0090-6,-,006718,AVENIDA,PROFESSOR,ALFONSO BOVERO,1333,-,-,-,-,BSP EMPREENDIMENTOS IMOBILIÁRIOS  D117 LTDA,PERDIZES,LAPA,ESTRUTURAÇÃO E QUALIFICAÇÃO URBANA,URBANIZAÇÃO CONSOLIDADA,NA,-,-,ZM,ZM,-,R,R2v-3,-,-,nR2-2,-,-,-,-,"0,7",-,"1,0",-,-,-,5310.29,14969.93,-,1037.69,6.9318293405513584E-2,10620.58,25590.51,-,-,9809494.2799999993,NÃO,1,"2,0000",5310.29,5277.89,-,-,-,-,-,-,NÃO,-,ARRECADADO AD,APROVA DIGITAL,21179-22-SP-ALV,APROVAÇÃO DE EDIFICAÇÃO NOVA,45077,,,,,,,45425,2024
2141/16050/2023,2141,1020.2022/0023323-9,,329335.56053308,7396052.9036299,021,063,0003-4/0004-2/0005-0/0006-9,-,104361,RUA,-,JOÃO RAMALHO,"561, 569, 573, 577, 579",-,-,-,-,ROCHA PRATEADA DESENVOLVIMENTO IMOBILIÁRIO SPE LTDA,PERDIZES,LAPA,ESTRUTURAÇÃO E QUALIFICAÇÃO URBANA,URBANIZAÇÃO CONSOLIDADA,NA,-,-,ZEU,ZEU,-,R,R2v-2,-,-,nR1-3,nR1-12,-,-,-,"0,7",-,"0,8/0,9/1,0",-,-,-,3681.89,5355.13,918.12,69.37,1.2953933891427473E-2,5043.03,10398.16,-,-,3505549.29,NÃO,1,"4,0000",1260.76,5754.48,-,-,33.46,-,-,-,NÃO,-,ARRECADADO AD,APROVA DIGITAL,22985-22-SP-ALV,APROVAÇÃO DE EDIFICAÇÃO NOVA,45105,,,,,,,45425,2024
2142/13885/2024,2142,2021-0.000.753-6,2021-0.000.753-6,333266.26781961,7393167.2220405,033,027,0014-8/0094-6/0096-2,-,152013,RUA,-,TAMANDARÉ,495,-,-,-,-,INSTITUTO ADVENT. CENTRAL BRAS. DE EDUCAÇÃO E ASSISTÊNCIA SOCIAL,LIBERDADE,SÉ,ESTRUTURAÇÃO E QUALIFICAÇÃO URBANA,URBANIZAÇÃO CONSOLIDADA,NA,-,-,-,-,ZM,nR,-,-,-,nR2,nR1-1,-,-,-,-,"1,3",-,"0,7",-,-,79.14,219.41,-,-,-%,6434.76,6654.17,-,-,94284.32,NÃO,1,"2,0249",3177.81,2650.98,-,-,-,-,-,-,NÃO,-,QUITADO,SISACOE,2016/26534-01,PROJ. MODIFICATIVO - APROVAÇÃO E EXECUÇÃO DE EDIFICAÇÃO NOVA,45408,,,,,,,45428,2024
2143/16050/2023,2143,1020.2022/0009817-0,,332524.73267624,7387065.7615241,047,278,0029-2/0030-6/0031-4/0032-2/0127-2/0198-1/0199-1/0550-2,-,096628,RUA,-,ITUXI,"47, CS 2, CS3, CS4, CS5",RUA,-,MAURO,"146,184,190,198",MARQUISE 23 EMPREENDIMENTOS IMOBILIÁRIOS LTDA / CHEQUER & CHEQUER CONSTRUÇÕES E ADMINISTRAÇÃO LTDA,SAÚDE,VILA MARIANA,ESTRUTURAÇÃO E QUALIFICAÇÃO URBANA,URBANIZAÇÃO CONSOLIDADA,NA,-,-,ZEU,EETU,-,R,R2v-2,HMP,-,nR1-3,nR1-12,-,-,-,"0,7",-,"0,4/0,8/0,9/1,0",-,-,-,5010.63,6439.72,1396.91,443.67,6.8895852614709957E-2,7069.28,13509,-,-,1691428.53,NÃO,1,"4,0000",1767.32,2501.86,-,-,97.11,-,-,-,NÃO,-,ARRECADADO AD,APROVA DIGITAL,13997-22-SP-ALV,APROVAÇÃO DE EDIFICAÇÃO NOVA,45194,,,,,,,45432,2024
2144/16050/2024,2144,1020.2023/0006383-1,,344114.58267624,7397454.6815241,059,060,0007-0,-,096890,RUA,-,ISABEL,469,-,-,-,-,GARCIA FILHO PARTICIPAÇÕES LTDA ,PENHA,PENHA,ESTRUTURAÇÃO E QUALIFICAÇÃO URBANA,QUALIFICAÇÃO DA URBANIZAÇÃO,NA,-,-,ZM,ZM,-,R,-,E-HMP,-,-,-,-,-,-,"0,6",-,"0,6",-,-,-,98.82,320.14,-,-,-%,518.82000000000005,838.96,-,-,33616.699999999997,NÃO,1,"1,2353",420,1167.28,-,-,-,-,-,-,NÃO,-,ARRECADADO AD,APROVA DIGITAL,27251-23-SP-ALV,APROVAÇÃO E EXECUÇÃO DE EDIFICAÇÃO NOVA,45401,,,,,,,45433,2024
2145/16050/2023,2145,1020.2022/0023871-0,,329112.94129053,7396770.0931363,021,027,0020-8/0019-4/0018-6/0017-8/0016-1,-,054330,RUA,-,COSTA JUNIOR,"530,540,546,564,574",-,-,-,-,CUMBUCO SPE EMPREENDIMENTOS IMOBILIÁRIOS LTDA ,BARRA FUNDA,LAPA,ESTRUTURAÇÃO E QUALIFICAÇÃO URBANA,URBANIZAÇÃO CONSOLIDADA,NA,-,-,ZEU,EETU,-,R,R2v-2,-,-,nR1-3,nR1-12,-,-,-,"0,7",-,"0,8/0,9/1,0",-,-,-,4297.95,8052.83,1199.8800000000001,87.6,1.0878163328916666E-2,5999.52,14052.35,-,-,2885634.23,NÃO,1,"3,9997",1500,4016.25,-,-,67.19,-,-,-,NÃO,-,ARRECADADO AD,APROVA DIGITAL,23740-22-SP-ALV,APROVAÇÃO DE EDIFICAÇÃO NOVA,45196,,,,,,,45433,2024
2146/16050/2023,2146,1020.2022/0023173-2,,332956.09132662,7391878.8723509,038,044,0026-4/0027-2/0029-9/0031-0/0033-7/0034-5/0035-3/0930-1/1809-0/0226-7/0227-5,-,023698,RUA,-,DO PARAISO,"642,652,658,664,672,676,688,694",RUA,-,ARTUR SABOIA ,"41,47,57",PATRINI INCORPORAÇÃO 74 SPE LTDA,VILA MARIANA,VILA MARIANA,ESTRUTURAÇÃO E QUALIFICAÇÃO URBANA,URBANIZAÇÃO CONSOLIDADA,NA,-,-,ZEU,EETU,-,R,R2v-3,-,-,nR1-3,nR1-12,-,-,-,"0,7",-,"0,8/0,9",-,-,-,7983.17,15421.61,2012.97,399.29,2.5891589788614808E-2,11518.47,26940.080000000002,-,-,4266562.9800000004,NÃO,1,"3,9894",2887.24,3694.95,-,-,216.02,-,-,-,NÃO,-,ARRECADADO AD,APROVA DIGITAL,23361-22-SP-ALV,APROVAÇÃO DE EDIFICAÇÃO NOVA,45281,,,,,,,45433,2024
2147/16050/2023,2147,1020.2023/0007428-0,,329069.85737648,7393724.9301711,013,015,0022-4/0025-9/0080-1/0081-1/0090-9/0092-5/0093-3/0094-1/0095-1/0162-1/0163-8/0164-6/0165-4/0166-2/0167-0/0641-9/0642-7/0643-5/0644-3/0645-1/0646-1/0647-8/0648-6/0649-4,-,042005,RUA,-,CAPOTE VALENTE ,"390,392,404,408,412,414",RUA,-,OSCAR FREIRE,"1717,1719",MANZANILLO EMPREENDIMENTO IMOBILIÁRIO LTDA ,JARDIM PAULISTA,PINHEIROS,ESTRUTURAÇÃO E QUALIFICAÇÃO URBANA,URBANIZAÇÃO CONSOLIDADA,NA,-,-,ZEU,EETU,-,R,R2v-2,-,-,nR1-2,nR1-3,nR1-12,-,-,"0,7",-,"0,8/0,9/1,0",-,-,-,7227.62,12232.07,1994.25,371.39,3.0361991061202232E-2,9972.23,22204.3,-,-,7977281.8799999999,NÃO,1,"3,9997",2493.2399999999998,7187.48,-,-,83.79,-,-,-,NÃO,-,ARRECADADO AD,APROVA DIGITAL,26747-23-SP-ALV,APROVAÇÃO DE EDIFICAÇÃO NOVA,45187,,,,,,,45439,2024
2148/16050/2023,2148,1020.2023/0010109-1,,336266.12885924,7402557.7430855,067,187,0174-2/0070-3,-,213101,AVENIDA,DOUTOR,ANTONIO MARIA LAET ,"271, 275, 281",-,-,-,-,EVO PLANEJAMENTO E CONSTRUÇÃO LTDA / RIT REALTY EMPREENDIMENTOS LTDA,TUCURUVI,SANTANA/TUCURUVI,ESTRUTURAÇÃO E QUALIFICAÇÃO URBANA,QUALIFICAÇÃO DA URBANIZAÇÃO,NA,-,-,ZEU,EETU,-,R,-,E-HMP,HIS - 3,nR1-3,nR1-12,-,-,-,"0,6",-,"0,0/0,4",-,-,-,5451.52,6730.21,1348.94,681.94,0.10132521867816904,6815.52,13545.73,-,-,275755.71999999997,NÃO,1,"4,9967",1364,1279.8499999999999,-,-,-,-,-,-,NÃO,-,ARRECADADO AD,APROVA DIGITAL,29249-23-SP-ALV,APROVAÇÃO DE EDIFICAÇÃO NOVA,45175,,,,,,,45439,2024
2149/16050/2023,2149,1010.2022/0010840-5,,333029.01593833,7392672.1343192,033,030,0010-7/0011-5/0012-3/0013-1/0014-1/0015-8/0016-6/0017-4/1512-0,-,109924,RUA,-,JOSÉ GETULIO,154,-,-,-,-,SHPAISMAN 120 EMPREENDIMENTOS IMOBILIÁRIOS SPE LTDA,LIBERDADE,SÉ,ESTRUTURAÇÃO E QUALIFICAÇÃO URBANA,URBANIZAÇÃO CONSOLIDADA,NA,-,-,ZEU,EETU,-,R,R2v-3,-,-,nR1-3,nR1-12,-,-,-,"0,7",-,"0,8/0,9",-,-,-,7898.39,12400.49,2127.9899999999998,80.67,6.5053880935350139E-3,10840.26,23240.75,-,-,3652744.91,NÃO,1,"3,9988",2710.87,3113.4,-,-,77,-,-,-,NÃO,-,QUITADO,SEI,2023/03693-00,APROVAÇÃO DE EDIFICAÇÃO NOVA,45090,,,,,,,45436,2024
2150/16050/2023,2150,1010.2021/0006855-0,,327451.82943696,7393831.6899717,081,205,0002-4/0003-2,-,069582,RUA,-,FELIPE DE ALCACOVA,74,-,-,-,-,MORA ALCACOVA EMPREENDIMENTOS IMOBILIÁRIOS LTDA,PINHEIROS,PINHEIROS,ESTRUTURAÇÃO E QUALIFICAÇÃO URBANA,URBANIZAÇÃO CONSOLIDADA,NA,-,-,ZM,ZM,-,R,R2v-1,-,-,-,-,-,-,-,"0,7",-,"0,8/0,9",-,-,-,242.95,321.75,-,-,-%,777.78,1099.53,-,-,257709.62,NÃO,1,"1,8519",420,3636.05,-,-,-,-,-,-,NÃO,-,QUITADO,SEI,2023/03338-00,APROVAÇÃO DE EDIFICAÇÃO NOVA,45076,,,,,,,45434,2024
2151/16050/2023,2151,1010.2023/0004238-4,,332519.21035734,7388001.6037946,045,100,0020-0/0001-4/0021-9/0023-5/0024-3/0025-1/0030-8/0050-2,-,084166,RUA,-,GUARUJÁ ,"79,87,99,115,123,185",PRAÇA,-,GUACUNDUVA,102,TARJAB GUARUJA EMPREENDIMENTOS IMOBILIÁRIOS SP,SAÚDE,VILA MARIANA,ESTRUTURAÇÃO E QUALIFICAÇÃO URBANA,URBANIZAÇÃO CONSOLIDADA,NA,-,-,ZEU,EETU,-,R,R2v-2,-,-,-,-,-,-,-,"0,7",-,"0,8/0,9/1,0",-,-,-,4849.17,6683.45,-,-,-%,7550.96,14234.41,-,-,2303513.9500000002,NÃO,1,"3,9990",1888.22,2857.43,-,-,271.19,-,-,-,NÃO,-,QUITADO,SEI,2023/06972-00,APROVAÇÃO DE EDIFICAÇÃO NOVA,45223,,,,,,,45447,2024
2152/16050/2024,2152,1020.2022/0005064-9,,353583.02888422,7397292.7978912,138,044,0029-8,-,306959,RUA,-,JUÇARAL,664,-,-,-,-,COSTANA EMPREENDIMENTOS IMOBILIÁRIOS LTDA,ITAQUERA,ITAQUERA,ESTRUTURAÇÃO E QUALIFICAÇÃO URBANA,REDUÇÃO DA VULNERABILIDADE URBANA,NA,-,-,ZEUP,ZEUP,-,R,-,E-HMP,-,-,-,-,-,-,"0,3",-,"0,4",-,-,-,131.69999999999999,245.43,-,-,-%,431.7,677.13,-,-,3186.39,NÃO,1,"1,4390",300,290.13,-,-,-,-,-,-,NÃO,-,ARRECADADO AD,APROVA DIGITAL,12213-22-SP-ALV,APROVAÇÃO E EXECUÇÃO DE EDIFICAÇÃO NOVA,45418,,,,,,,45447,2024
2153/16050/2023,2153,1020.2022/0016640-0,,338820.64510811,7391056.8673065,100,092,0009-5/0010-9/0011-7/0012-5/0013-3,-,011118,RUA,-,CAVOUR,"444, 462, 456,458",RUA,-,AMERICO VESPUCCI |LUIZ IGNÁCIO DE ANHAIA MELLO | MARQUÊS DE PRAIA GRANDE,"1140, 1250, 1180, 1170, 1160, 1150 | 1501, 1511 | 803, 725, 721",LAVVI PORTUGAL EMPREENDIMENTOS IMOBILIÁRIOS LTDA,VILA PRUDENTE,VILA PRUDENTE,ESTRUTURAÇÃO E QUALIFICAÇÃO URBANA,QUALIFICAÇÃO DA URBANIZAÇÃO,NA,-,-,ZEU,EETU,-,R,R2v-4,-,-,nR1-3,nR1-12,-,-,-,"0,6",-,"0,8/1,0",-,-,-,63483.96,80386.960000000006,10692.92,1091.82,1.3582053606704369E-2,86800.8,167187.76,-,-,14581090.810000001,NÃO,1,"4,3994",19729.95,1723.24,3706.86,-,1195.6300000000001,-,-,-,SIM,OBRIGATÓRIO,ARRECADADO AD,APROVA DIGITAL,19488-22-SP-ALV,APOSTILAMENTO DE  ALV. DE APROVAÇÃO DE EDIFICAÇÃO NOVA,45272,37643-24-SP-ALV,EXECUÇÃO DE EDIFICAÇÃO NOVA,45441,,,,45448,2024
2154/16050/2023,2154,1010.2023/0003196-0,,330263.83236935,7388784.356361,41,121,0002-7/0025-6/0031-0/0032-9/0038-8/0042-6/0043-4/0044-2/0045-0/0046-9/0047-7/0048-5/0049-3/0050-7/0051-5/0054-1,-,175641,ALAMEDA,-,JAUAPERI,515,ALAMEDA,-,DOS ARAPANES,508 A 522,KANGAROO SABIA EMPREENDIMENTOS IMOBILIÁRIOS LTDA,MOEMA,VILA MARIANA,ESTRUTURAÇÃO E QUALIFICAÇÃO URBANA,URBANIZAÇÃO CONSOLIDADA,NA,-,-,ZEU,EETU,-,R,R2v-4,-,-,nR1-12,nR1-15,nR1-3,nR2-12,nR2-15,"0,7",-,"0,8/1,0",-,-,-,19094.05,29621.759999999998,5231.8100000000004,2979.48,0.10058416515426498,26219.19,55840.95,-,-,16422027.699999999,NÃO,1,"4,3999",5958.95,5690.22,-,-,388.73,-,-,-,SIM,OBRIGATÓRIO,QUITADO,SEI,2023/08131-00,APROVAÇÃO DE EDIFICAÇÃO NOVA,45274,40792-24-SP-ALV,EXECUÇÃO DE EDIFICAÇÃO NOVA,45499,,,,45453,2024
2155/16050/2023,2155,1020.2023/0000177-1,,327032.0142386,7384964.6847893,087,112,0067-7,-,009997,AVENIDA,-,SANTO AMARO ,6353,-,-,-,-,SPE 42 SP EMPREENDIMENTOS LTDA,SANTO AMARO,SANTO AMARO,ESTRUTURAÇÃO E QUALIFICAÇÃO URBANA,QUALIFICAÇÃO DA URBANIZAÇÃO,NA,-,-,ZEU,EETU,-,R,R2v-1,HMP,-,nR1-3,nR1-12,-,-,-,"0,6",-,"0,4/0,8/0,9",-,-,-,4301.97,2422.13,839.64,168.86,6.9715498342368079E-2,5386.97,7809.1,-,-,978307.83,NÃO,1,"4,9649",1085,3524.66,-,-,-,-,-,-,NÃO,-,ARRECADADO AD,APROVA DIGITAL,24096-22-SP-ALV,APROVAÇÃO DE EDIFICAÇÃO NOVA,45113,,,,,,,45453,2024
2156/16050/2024,2156,1020.2022/0006765-7,,342226.34082711, 7392287.8578998,053,069,0095-1/0096-8,-,141968,AVENIDA,-,MONTEMAGNO,"2062,2068",-,-,-,-,CAD EMPREENDIMENTOS IMOBILIARIOS LTDA,VILA FORMOSA,ARICANDUVA/FORMOSA/CARRÃO,ESTRUTURAÇÃO E QUALIFICAÇÃO URBANA,QUALIFICAÇÃO DA URBANIZAÇÃO,NA,-,-,ZEU,EETU,-,R,-,E-HMP,-,-,-,-,-,-,"0,6",-,"0,6",-,-,-,163.92,346.64,-,-,-%,663.92,1010.56,-,-,60789.31,NÃO,1,"1,3280",500,1367.67,-,-,-,-,-,-,NÃO,-,ARRECADADO AD,APROVA DIGITAL,12727-22-SP-ALV,APROVAÇÃO E EXECUÇÃO DE EDIFICAÇÃO NOVA,45436,,,,,,,45454,2024
2157/16050/2024,2157,1020.2023/0010759-6,,333030.60105421,7391059.1826417,038,072,0003-7/0004-5/0005-3/0009-6/0010-1/0011-8/0012-6/0013-4/0014-2/0112-2,-,126799,RUA,-,MANUEL DE PAIVA,"57,67,77,89,99,101,109,111,117,119,125",-,-,-,-,CBR 132 EMPREENDIMENTOS IMOBILIARIOS LTDA,VILA MARIANA,VILA MARIANA,ESTRUTURAÇÃO E QUALIFICAÇÃO URBANA,URBANIZAÇÃO CONSOLIDADA,NA,-,-,ZEU,EETU,-,R,R2v-2,-,-,nR1-3,nR1-12,nR1-15,-,-,"0,7",-,"0,8/0,9/1,0",-,-,-,185.55,10427.74,1907.37,405.41,3.8878031097821772E-2,9864.6299999999992,20294.37,-,-,114704.86,NÃO,1,"4,0000",2466.16,3572.86,-,-,127.87,-,-,-,NÃO,-,ARRECADADO AD,APROVA DIGITAL,29147-23--SP-ALV,APROVAÇÃO DE EDIFICAÇÃO NOVA,45231,,,,,,,45455,2024
2158/16050/2023,2158,6068.2022/0009530-3,,326997.7592639,7397473.1649295,023,024,0056-9,-,069221,RUA,-,CAIO GRACO,110,-,-,-,-,AUSTIN PARTICIPAÇÕES IMOBILIÁRIA LTDA,LAPA,LAPA,ESTRUTURAÇÃO E QUALIFICAÇÃO URBANA,ESTRUTURAÇÃO METROPOLITANA,ARCO TIETÊ,-,-,ZEM,ZM,-,R,-,E-HMP,-,nR1-15,-,-,-,-,"2,0",-,"0,4",-,-,-,1303.6600000000001,416.76,-,122.11,0.29299836836548615,1637.56,2054.3200000000002,-,-,545238.43999999994,NÃO,1,"4,9043",333.9,2563.9699999999998,-,-,-,-,-,-,NÃO,-,QUITADO,SEI,2023/04719-00,APROVAÇÃO DE EDIFICAÇÃO NOVA,45133,,,,,,,45455,2024
2159/16050/2023,2159,6068.2022/0008449-2,,326790.9292639,7384491.2549295,087,095,0014-6/0015-4/0016-2/0017-0/0029-4/0031-6/0047-2/0065-0,-,002224,AVENIDA,-,ADOLFO PINHEIRO,1447,-,-,-,-,TIBÉRIO INCORPORAÇÕES E PARTICIPAÇÕES 89 LTDA,SANTO AMARO,SANTO AMARO,ESTRUTURAÇÃO E QUALIFICAÇÃO URBANA,QUALIFICAÇÃO DA URBANIZAÇÃO,NA,-,-,ZEU,EETU,-,R,R2v-1,E-HMP,-,nR1-3,nR2-12,-,-,-,"0,6",-,"0,4/0,8",-,-,-,6090.83,5683.23,1503.75,496.62,8.7383406971035846E-2,7614.18,13297.41,-,-,1042758.61,NÃO,1,"4,9983",1523.35,3525.73,-,-,-,-,-,-,NÃO,-,QUITADO,SEI,2023/04717-00,APROVAÇÃO DE EDIFICAÇÃO NOVA,45133,,,,,,,45449,2024
2160/16050/2023,2160,1020.2023/0011840-7,,331194.53033001,7392279.8581075,009,093,0035-6/0034-8/0003-8/0002-1/0001-1,-,176044,RUA,-,SAINT HILAIRE,"109,119",RUA,-,JOSÉ MARIA LISBOA ,"118,112,108",SH EMPREENDIMENTOS IMOBILIÁRIOS SPE LTDA ,JARDIM PAULISTA,PINHEIROS,ESTRUTURAÇÃO E QUALIFICAÇÃO URBANA,URBANIZAÇÃO CONSOLIDADA,NA,-,-,ZM,ZM,-,R,R2v-1,-,-,-,-,-,-,-,"0,7",-,"1,0",-,-,-,616.24,1788.5,-,-,-%,1232.52,3021.02,-,-,2480071.2000000002,NÃO,1,"1,9999",616.28,11498.26,-,-,-,-,-,-,NÃO,-,ARRECADADO AD,APROVA DIGITAL,29635-23-SP-ALV,APROVAÇÃO DE EDIFICAÇÃO NOVA,45267,,,,,,,45457,2024
2161/16050/2023,2161,1020.2023/0001425-3,,327722.97108317,7394884.3407322,012,087,0045-6/0046-4,-,086150,RUA,-,HEITOR PENTEADO,"926,930",-,-,-,-,SEQ EMPREENDIMENTOS IMOBILIARIOS LTDA,PERDIZES,LAPA,ESTRUTURAÇÃO E QUALIFICAÇÃO URBANA,URBANIZAÇÃO CONSOLIDADA,NA,-,-,ZEU,EETU,-,R,R2v-2,-,-,nR1-3,nR1-12,-,-,-,"0,7",-,"1,0",-,-,-,3013.31,5509.89,813.17,478.93,8.6921880473112889E-2,4057.65,9585.5400000000009,-,-,2317201.2200000002,NÃO,1,"3,9991",1019.14,4393.24,-,-,14.4,-,-,-,NÃO,-,ARRECADADO AD,APROVA DIGITAL,24701-23-SP-ALV,APROVAÇÃO DE EDIFICAÇÃO NOVA,45132,,,,,,,45457,2024
2162/16050/2024,2162,1020.2023/0012179-3,,330202.33624062,7388381.3289903,041,165,0011-9/0012-7/0013-5/0014-3,-,089443,AVENIDA,-,IBIRAPUERA,"2535 até 2539,2545,2563,s/n",-,-,-,-,MAC 82 MPREENDIMENTOS IMOBILIÁRIOS LTDA,MOEMA,VILA MARIANA,ESTRUTURAÇÃO E QUALIFICAÇÃO URBANA,URBANIZAÇÃO CONSOLIDADA,NA,-,-,ZEU,EETU,-,R,R2v-2,-,-,nR1-2,nR1-12,-,-,-,"0,7",-,"0,8/0,9/1,0",-,-,-,4699.6899999999996,7560.44,1318.95,149.15,1.9727687806529781E-2,6660.85,14221.29,-,-,5250791.28,NÃO,1,"3,9999",1665.27,6784.79,-,-,98.63,-,-,-,NÃO,-,ARRECADADO AD,APROVA DIGITAL,29971-23-SP-ALV,APROVAÇÃO DE EDIFICAÇÃO NOVA,45264,,,,,,,45460,2024
2163/16050/2023,2163,1010.2023/0003229-0,,327710.16462815,7387750.3032239,085,148,0018-3/0019-1/0020-5/0030-2/0031-0/0054-1/0069-8/0070-1/0071-1/0072-8/0081-7/0082-5/0085-1,-,138789,RUA,-,MICHIGAN ,"1020,1026,1028,1030",RUA,-,GUARAIUVA,412,MITRE MICHIGAN EMPREENDIMENTOS E PARTICIPAÇÕES SPE LTDA ,ITAIM BIBI,PINHEIROS,ESTRUTURAÇÃO E QUALIFICAÇÃO URBANA,URBANIZAÇÃO CONSOLIDADA,NA,-,-,ZEUP,ZEUP,-,R,R2v-4,-,-,nR1-12,nR1-3,nR2-12,-,-,"0,7",-,"0,8/1,0",-,-,-,23461.14,35115.480000000003,6460.12,838.53,2.3879212244856111E-2,32559.14,67674.62,-,-,12612923.49,NÃO,1,"4,3992",7400,3512.88,-,-,566,-,-,-,SIM,OBRIGATÓRIO,QUITADO,SEI,2023/06247-00,APROVAÇÃO DE EDIFICAÇÃO NOVA,45194,37570-24-SP-ALV,EXECUÇÃO DE EDIFICAÇÃO NOVA,45450,,,,45460,2024
2164/16050/2024,2164,1020.2022/0011133-8,,336337.70632027, 7387964.1079552,043,178,0007-1,-,000256,RUA,-,ABAUNA,407,-,-,-,-,ROBERTO FALKENSTEIN | ROSANA NALDI FAKENSTEIN,SACOMÃ,IPIRANGA,ESTRUTURAÇÃO E QUALIFICAÇÃO URBANA,QUALIFICAÇÃO DA URBANIZAÇÃO,NA,-,-,ZM,ZM,-,R,R2v-1,-,-,-,-,-,-,-,"0,6",-,"0,8",-,-,-,61.76,85.27,-,-,-%,381.76,467.03,-,-,44151.13,NÃO,1,"1,1930",320,1776.78,-,-,-,-,-,-,NÃO,-,ARRECADADO AD,APROVA DIGITAL,15021-22-SP-ALV,APROVAÇÃO E EXECUÇÃO DE EDIFICAÇÃO NOVA,45435,,,,,,,45467,2024
2165/16050/2023,2165,1020.2023/0002814-9,,337624.87834047,7403353.2812974,067,247,0026-4,-,102466,RUA,-,JOÃO DE LEDESMA,126,-,-,-,-,BBF CONSTRUÇÃO E INCORPORAÇÃO LTDA,TUCURUVI,SANTANA/TUCURUVI,ESTRUTURAÇÃO E QUALIFICAÇÃO URBANA,QUALIFICAÇÃO DA URBANIZAÇÃO,NA,-,-,ZM,ZM,-,R,-,E-HMP,-,-,-,-,-,-,"0,6",-,"0,4/0,6",-,-,-,449.75,336.85,-,-,-%,749.75,1086.5999999999999,-,-,48772.46,NÃO,1,"2,4900",300,1056.01,-,-,-,-,-,-,NÃO,-,ARRECADADO AD,APROVA DIGITAL,25638-23-SP-ALV,APROVAÇÃO E EXECUÇÃO DE EDIFICAÇÃO NOVA,45148,,,,,,,45467,2024
2166/16050/2023,2166,1020.2022/0023967-9,,329264.30046463,7390777.0697258,016,123,0002-2/0004-9/0005-7/0006-5/0097-9,-,105562,RUA,-,JOAQUIM FLORIANO,"301, 305, 307, 313, 317, 321, 329, 333",-,-,-,-,M.A.R. BAVIERA TLR9 DESENVOLVIMENTO IMOBILIÁRIO SPE,ITAIM BIBI,PINHEIROS,ESTRUTURAÇÃO E QUALIFICAÇÃO URBANA,URBANIZAÇÃO CONSOLIDADA,NA,-,-,ZEU,EETU,-,R,R2v-2,-,-,nR1-3,nR1-6,nR1-12,-,-,"0,7",-,"0,8/0,9/1,0",-,-,-,5708.52,8518.75,1543.4,474.2,5.5665443873807778E-2,7790.25,16309,-,-,7528079.9900000002,NÃO,1,"3,9950",1950,7759.4,-,-,43.91,-,-,-,NÃO,-,ARRECADADO AD,APROVA DIGITAL,23763-22-SP-ALV,APROVAÇÃO DE EDIFICAÇÃO NOVA,45148,,,,,,,45470,2024
2167/16050/2024,2167,1020.2022/0014154-7,,331409.62646195,7403428.2455031,305,076,0145-6,-,619060,RUA,-,ELZA GUIMARÃES,49,-,-,-,-,MSI EMPREENDIMENTOS IMOBILIARIOS SPE LTDA,CACHOEIRINHA,CASA VERDE,ESTRUTURAÇÃO E QUALIFICAÇÃO URBANA,REDUÇÃO DA VULNERABILIDADE URBANA,NA,-,-,ZM,ZMa,-,R,R2v-1,E-HMP,-,-,-,-,-,-,"0,3",-,"0,6/0,9/0,4/0,8",-,-,-,1477.58,2776.65,-,-,-%,2477.58,5254.23,-,-,123457.19,NÃO,1,"2,4776",1000,1167.3900000000001,-,-,-,-,-,-,NÃO,-,ARRECADADO AD,APROVA DIGITAL,17627-22-SP-ALV,APROVAÇÃO DE EDIFICAÇÃO NOVA,45079,,,,,,,45475,2024
2168/16050/2023,2168, 1020.2022/0015800-8,,335220.16747471,7401662.7189169,069,062,0018-6,-,073385,RUA,-,PASCHOAL MASTROENI,50,-,-,-,-,CMA PAULICÉIA EMPREENDIMENTO SPE LTDA,SANTANA,SANTANA/TUCURUVI,ESTRUTURAÇÃO E QUALIFICAÇÃO URBANA,QUALIFICAÇÃO DA URBANIZAÇÃO,NA,-,-,ZEU,EETU,-,R,-,E-HMP,HIS - 2,-,-,-,-,-,"0,6",-,"0,0/0,4/0,6",-,-,-,917.7,199.11,-,-,-%,1217.7,1416.81,-,-,87821.2,NÃO,1,"4,0590",300,1901.03,-,-,-,-,-,-,NÃO,-,ARRECADADO AD,APROVA DIGITAL,18880-22-SP-ALV,APROVAÇÃO E EXECUÇÃO DE EDIFICAÇÃO NOVA,45149,,,,,,,45477,2024
2169/16050/2023,2169,1020.2023/0006487-0,,336320.83976589,7401426.90001,068,039,0035-5/0036-3,-,196673,RUA,-,VICENZA,"170, 176",-,-,-,-,BBF CONSTRUÇÃO E INCORPORAÇÃO LTDA,TUCURUVI,SANTANA/TUCURUVI,ESTRUTURAÇÃO E QUALIFICAÇÃO URBANA,QUALIFICAÇÃO DA URBANIZAÇÃO,NA,-,-,ZM,ZM,-,R,-,E-HMP,-,-,-,-,-,-,"0,6",-,"0,4/0,6",-,-,-,351.3,360.45,-,-,-%,734.55,1095,-,-,62300,NÃO,1,"1,9166",383.25,1155.6099999999999,-,-,-,-,-,-,NÃO,-,ARRECADADO AD,APROVA DIGITAL,27415-23-SP-ALV,APROVAÇÃO E EXECUÇÃO DE EDIFICAÇÃO NOVA,45243,,,,,,,45478,2024
2170/16050/2023,2170,1020.2021/0019538-6,,336772.05171674,7393469.9003253,028,045,0105-1,-,153044,AVENIDA,-,PAES DE BARROS,628,-,-,-,-,HRSP 1 EMPREENDIMENTOS IMOBILIÁRIOS LTDA,MOOCA,MOOCA,ESTRUTURAÇÃO E QUALIFICAÇÃO URBANA,ESTRUTURAÇÃO METROPOLITANA,ARCO TAMANDUATEÍ,-,-,ZM,ZM,-,R,R2v-1,E-HMP,-,nR1-3,-,-,-,-,"1,2",-,"0,4/0,6/0,8",-,-,-,1656.83,2371.6799999999998,-,218.14,9.1976995210146392E-2,2766.83,5138.51,-,-,1349583.86,NÃO,1,"2,4926",1110,3504.31,-,-,-,-,-,-,NÃO,-,ARRECADADO AD,APROVA DIGITAL,9624-21-SP-ALV,APROVAÇÃO E EXECUÇÃO DE EDIFICAÇÃO NOVA,45223,,,,,,,45484,2024
2171/16050/2024,2171,"1020.2022/0022687-9
",,336662.9385665,7403839.1262506,070,047,0040-2,-,077496,RUA,-,DAS GAMBOAS,423,-,-,-,-,GAMBOAS EMPREENDIMENTOS SPE LTDA,TUCURUVI,SANTANA/TUCURUVI,ESTRUTURAÇÃO E QUALIFICAÇÃO URBANA,QUALIFICAÇÃO DA URBANIZAÇÃO,NA,-,-,ZM,ZM,-,R,-,E-HMP,-,-,-,-,-,-,"0,6",-,"0,4/0,6",-,-,-,505.5,367.7,-,-,-%,985.5,1353.2,-,-,80699.759999999995,NÃO,1,"2,0500",480,1206.6400000000001,-,-,-,-,-,-,NÃO,-,ARRECADADO AD,APROVA DIGITAL,20689-22-SP-ALV,APROVAÇÃO E EXECUÇÃO DE EDIFICAÇÃO NOVA,45369,,,,,,,45488,2024
2172/16050/2023,2172,1020.2021/009101-7,,327292.3348946,7383027.0501365,088,192,0001-5,-,322776,AVENIDA,-,WASHINGTON LUIS,1415,-,-,-,-,MANILA INVESTIMENTOS IMOBILIÁRIOS LTDA ,SANTO AMARO,SANTO AMARO,ESTRUTURAÇÃO E QUALIFICAÇÃO URBANA,ESTRUTURAÇÃO METROPOLITANA,ARCO JURUBATUBA,-,-,ZC,ZC,-,R,R2v-3,-,-,nR1-3,nR3-2,-,-,-,"1,2",-,"1,0",-,-,-,2395.65,27805.96,-,505.82,1.819106407403305E-2,24941.84,52747.8,-,-,6216697.1600000001,NÃO,1,"1,3263",18805.71,2871.35,-,-,415,-,-,-,NÃO,-,ARRECADADO AD,APROVA DIGITAL,4052-21-SP-REF,APROVAÇÃO DE REFORMA,45091,,,,,,,45485,2024
2173/16050/2024,2173,1020.2023/0018629-1,,345724.45277411,7395349.7505964,113,055,0044-9,-,021830,RUA,-,PEDRO TALARICO,573,-,-,-,-,CMTF ADMINISTRAÇÃO DE BENS LTDA,VILA MATILDE,PENHA,ESTRUTURAÇÃO E QUALIFICAÇÃO URBANA,QUALIFICAÇÃO DA URBANIZAÇÃO,NA,-,-,ZM,ZM,-,R,-,E-HMP,-,-,-,-,-,-,"0,6",-,"0,4",-,-,-,128.30000000000001,303.64999999999998,-,-,-%,568.29999999999995,871.95,-,-,17490.25,NÃO,1,"1,2916",440,733.64,-,-,-,-,-,-,NÃO,-,ARRECADADO AD,APROVA DIGITAL,32996-23-SP-ALV,APROVAÇÃO E EXECUÇÃO DE EDIFICAÇÃO NOVA,45324,,,,,,,45485,2024
2174/16050/2024,2174,2019-0.038.268-3,,336878.81125929,7401482.5414004,068,141,0053-3,-,041050,RUA,-,CANDIDO FIGUEIREDO,199,-,-,-,-,3R NEGÓCIOS E PARTICIPAÇÕES LTDA,TUCURUVI,SANTANA/TUCURUVI,ESTRUTURAÇÃO E QUALIFICAÇÃO URBANA,QUALIFICAÇÃO DA URBANIZAÇÃO,NA,-,-,ZM,ZM,-,R,-,E-HMP,-,-,-,-,-,-,"0,6",-,"0,4",-,-,-,37.18,3.84,-,-,-%,291.18,295.02,-,-,9436.8799999999992,NÃO,1,"1,1463",254,1212.3699999999999,-,-,-,-,-,-,NÃO,-,QUITADO,SISACOE,2024/03387-00,APROVAÇÃO E EXECUÇÃO DE REFORMA,45461,,,,,,,45485,2024
2175/16050/2023,2175,1020.2023/0009024-3,,352811.08436369,7401282.4768371,112,278,0026-5,-,180866,RUA,-,SERRA DOURADA,76,-,-,-,-,VAB ADMINISTRAÇÃO DE BENS PRÓPRIOS LTDA,SÃO MIGUEL,SÃO MIGUEL PAULISTA,ESTRUTURAÇÃO E QUALIFICAÇÃO URBANA,ESTRUTURAÇÃO METROPOLITANA,ARCO LESTE,-,-,ZEU,EETU,-,nR,-,-,-,nR2-2,-,-,-,-,-,"0,0",-,"1,0",-,-,1080.82,158.41999999999999,-,-,-%,1855.82,2014.24,-,-,0,NÃO,1,"2,3946",780.74,1197.6400000000001,-,-,-,-,-,-,NÃO,-,ARRECADADO AD,APROVA DIGITAL,28263-23-SP-REF,APROVAÇÃO E EXECUÇÃO DE REFORMA,45440,,,,,,,45464,2024
2176/16050/2023,2176,1010.2023/0005507-9,,327997.04227024,7387601.4517059,085,282,0007-8/0008-6/0009-4/0010-8/0011-6/0012-4/0013-2/0014-0/0015-9/0017-5/0018-3,-,039128,RUA,-,CALIFORNIA,1092,-,-,-,-,TGSP 84 EMPREENDIMENTOS IMOBILIÁRIOS LTDA ,ITAIM BIBI,PINHEIROS,ESTRUTURAÇÃO E QUALIFICAÇÃO URBANA,URBANIZAÇÃO CONSOLIDADA,NA,-,-,ZEUP,ZEUP,-,R,R2v-3,-,-,nR1-3,-,-,-,-,"0,7",-,"0,8/1,0",-,-,-,8889.98,12004.84,-,459.55,3.8280393574591579E-2,14516.1,26520.94,-,-,4758367.28,NÃO,1,"4,0000",3629.05,3199.08,-,-,665.69,-,-,-,NÃO,-,QUITADO,SEI,2023/06970-01,APOSTILAMENTO DE  ALV. DE APROVAÇÃO DE EDIFICAÇÃO NOVA,45224,,,,,,,45490,2024
2177/16050/2024,2177,1020.2023/0003348-7,,333661.42004259,7402167.2675578,070,138,0027-9,-,135348,RUA,-,MARIQUINHA VIANA,845,-,-,-,-,MARIQUINHA VIANA 845 EMPREENDIMENTOS SPE LTDA,SANTANA,SANTANA/TUCURUVI,ESTRUTURAÇÃO E QUALIFICAÇÃO URBANA,QUALIFICAÇÃO DA URBANIZAÇÃO,NA,-,-,ZC,ZC,-,R,-,E-HMP,-,-,-,-,-,-,"0,6",-,"0,6/0,4",-,-,-,406.95,315.51,-,-,-%,680.7,996.21,-,-,79564.84,NÃO,1,"2,4800",273.75,1821.77,-,-,-,-,-,-,NÃO,-,ARRECADADO AD,APROVA DIGITAL,25884-23-SP-ALV,APROVAÇÃO DE EDIFICAÇÃO NOVA,45364,,,,,,,45511,2024
2178/16050/2024,2178,1020.2022/0015205-0,,323833.81648462,7390564.4795377,101,637,0009-4,-,174220,RUA,-,LEVON APOVIAN,146,-,-,-,-,THE HUB SÃO PAULO EMPREENDIMENTOS E PARTICIPAÇÕES LTDA,VILA SÔNIA,BUTANTÂ,ESTRUTURAÇÃO E QUALIFICAÇÃO URBANA,QUALIFICAÇÃO DA URBANIZAÇÃO,NA,-,-,ZEU,EETU,-,R,-,E-HMP,-,nR1-3,nR1-12,-,-,-,"0,6",-,"0,4",-,-,-,1157.08,575.04,276.66000000000003,-,-%,1451.28,2026.32,-,-,116419.32,NÃO,1,"4,9329",294.2,2068.04,-,-,-,-,-,-,NÃO,-,ARRECADADO AD,APROVA DIGITAL,18177-22-SP-ALV,APROVAÇÃO E EXECUÇÃO DE EDIFICAÇÃO NOVA,45393,,,,,,,45512,2024
2179/16050/2023,2179,1020.2023/0017396-3,,335606.22749081,7401079.8251105,068,551,0010-4,-,181137,RUA,-,SETE DE NOVEMBRO,87,-,-,-,-,7 DE NOVEMBRO EMPREENDIMENTOS IMOBILIÁRIOS SPE LTDA,TUCURUVI,SANTANA/TUCURUVI,ESTRUTURAÇÃO E QUALIFICAÇÃO URBANA,QUALIFICAÇÃO DA URBANIZAÇÃO,NA,-,-,ZC,ZC,-,R,-,E-HMP,-,-,-,-,-,-,"0,6",-,"0,4/0,6",-,-,-,488.99,380.63,-,-,-%,814.99,1195.6199999999999,-,-,72426,NÃO,1,"2,4900",326,1439.42,-,-,-,-,-,-,NÃO,-,ARRECADADO AD,APROVA DIGITAL,32451-23-SP-ALV,APROVAÇÃO E EXECUÇÃO DE EDIFICAÇÃO NOVA,45266,,,,,,,45495,2024
2180/17975/2024,2180,1010.2023/0003674-0,,335181.32067881,7400976.9557858,069,122,0002-8/0003-6/0007-9/0008-7/0016-8/0017-6/0018-4/0019-2/0020-6/0021-4/0033-8/0034-6/0035-4/0036-2/0037-0/0038-9/0039-7,-,201553,RUA,ALMIRANTE,NORONHA,192,-,-,-,-,MTR - 16 ADMINISTRAÇÃO DE BENS LTDA,SANTANA,SANTANA/TUCURUVI,ESTRUTURAÇÃO E QUALIFICAÇÃO URBANA,QUALIFICAÇÃO DA URBANIZAÇÃO,NA,-,ZEU,ZEU,-,-,R,R2v-3,-,-,-,-,-,-,-,"0,6",-,"1,8",-,-,-,12080.81,12428.3,-,-,-%,17256.29,29684.59,-,-,7151183.6900000004,NÃO,1,"4,7903",3602.37,2623.57,-,-,524.37,28,-,-,SIM,OPCIONAL,QUITADO,SEI,2024/01525-00,APROVAÇÃO DE EDIFICAÇÃO NOVA,45365,42372-24-SP-ALV,EXECUÇÃO DE EDIFICAÇÃO NOVA,45526,,,,45511,2024
2181/16050/2023,2181,1020.2023/0008116-3,,338959.27707419,7394193.7385937,052,349,0013-4/0014-2/0015-0/0016-9/0017-7/0018-5/0019-3/0020-7/0061-4/0083-5/0084-3/0063-0/0080-0/0081-9/0034-7/0035-5/0036-3/0037-1/0038-1/0012-6/0052-5/0076-2,-,009067,RUA,-,ÁLVARO RAMOS,"2237,2241,2247,2251,2257,2261,2269",RUA,REGENTE,FEIJÓ | GUAPEVA | MARECHAL BARBACENA,"21,23,29,33,35,45,47 | 162,45,47,170,182,188,208,214,216,218,228 | 132,138,152,160,162,150,144",HESA 186 INVESTIMENTOS IMOBILIÁRIOS LTDA / HBR 17 INVESTIMENTOS IMOBILIÁRIOS LTDA,ÁGUA RASA,MOOCA,ESTRUTURAÇÃO E QUALIFICAÇÃO URBANA,QUALIFICAÇÃO DA URBANIZAÇÃO,NA,-,-,ZCOR,ZCOR,-,R/nR,R2v-2,-,-,nR2-2,nR2-12,-,-,-,"0,6","0,5","0,9/1,0","1,0",4462.22,65.39,4527.6099999999997,19641.7,1985.01,2523.65,0.1284842961658105,10070.11,29711.81,3048853.06,38805.550000000003,3087658.61,NÃO,1,"1,9951",5047.3599999999997,2367.98,-,-,495.14,-,-,-,NÃO,-,ARRECADADO AD,APROVA DIGITAL,28056-23-SP-ALV,APROVAÇÃO DE EDIFICAÇÃO NOVA,45072,,,,,,,45495,2024
2182/16050/2024,2182,1020.2023/0015700-3,,331969.90434895,7388559.5250643,045,032,0022-4,-,116750,RUA,-,LEANDRO DUPRE,1179,-,-,-,-,MIO 1179 SPE LTDA,SAÚDE,VILA MARIANA,ESTRUTURAÇÃO E QUALIFICAÇÃO URBANA,URBANIZAÇÃO CONSOLIDADA,NA,-,-,ZM,ZM,-,R,R2v-1,E-HMP,-,nR1-3,-,-,-,-,"0,7",-,"0,4/0,8",-,-,-,664.03,800.49,-,36.46,4.5547102399780139E-2,1106.83,1907.32,-,-,257885.36,NÃO,1,"2,4989",442.8,2894.91,-,-,-,-,-,-,NÃO,-,ARRECADADO AD,APROVA DIGITAL,31709-23-SP-ALV,APROVAÇÃO E EXECUÇÃO DE EDIFICAÇÃO NOVA,45393,,,,,,,45516,2024
2183/16050/2024,2183,1020.2022/0008329-6,,345716.4176347,7397828.4348216,059,257,0035-1/0034-1,-,010995,RUA,CORONEL,AMERICO FONTINELLE,128,RUA,ENGENHEIRO,ÁLVARO DA SILVEIRA,122,AMBAR SERVIÇOS DE DESENHOS TÉCNICOS EIRELI,PENHA,PENHA,ESTRUTURAÇÃO E QUALIFICAÇÃO URBANA,QUALIFICAÇÃO DA URBANIZAÇÃO,NA,-,-,ZM,ZM,-,R,-,E-HMP,-,-,-,-,-,-,"0,6",-,"0,6",-,-,-,13.25,52.05,-,-,-%,299.25,351.3,-,-,5403.41,NÃO,1,"1,0463",286,1185.27,-,-,-,-,-,-,NÃO,-,ARRECADADO AD,APROVA DIGITAL,13337-22-SP-ALV,APROVAÇÃO DE EDIFICAÇÃO NOVA,45429,,,,,,,45516,2024
2184/16050/2024,2184,1020.2023/0008455-3,,335524.34036756,7401617.2226242,069,049,0053-9/0054-7/0065-2/0066-0/0067-9/0076-8/0078-4/0079-2/0080-6/0081-4/0082-2/0083-0,-,190780,RUA,-,TOME PORTES,"45,51,55,73",-,-,-,-,PIRITUBA INCORPORADORA LTDA,TUCURUVI,SANTANA/TUCURUVI,ESTRUTURAÇÃO E QUALIFICAÇÃO URBANA,QUALIFICAÇÃO DA URBANIZAÇÃO,NA,-,-,ZEU,EETU,-,R,R2v-3,-,-,nR1-3,nR1-6,nR1-12,-,-,"0,6",-,"0,8/0,9/1,0",-,-,-,10715.07,12873.08,2406.34,134.32,1.0434177368586227E-2,14982.75,27855.82,-,-,2959546.13,NÃO,1,"3,9985",3747.05,2002.82,-,-,173.54,-,-,-,NÃO,-,ARRECADADO AD,APROVA DIGITAL,27926-23-SP-ALV,APROVAÇÃO DE EDIFICAÇÃO NOVA,45350,,,,,,,45517,2024
2185/16050/2023,2185,1020.2022/0019693-7,,327183.24048062,7397551.6720417,023,026,0077-0,-,069221,RUA,-,GUAICURUS,721,RUA,-,FAUSTOLO,766,OMNI VILA ROMANA EMPREENDIMENTOS IMOBILIÁRIOS SPE,LAPA,LAPA,ESTRUTURAÇÃO E QUALIFICAÇÃO URBANA,ESTRUTURAÇÃO METROPOLITANA,ARCO TIETÊ,-,-,ZEM,ZEM,-,R,R2v-1,E-HMP,-,nR1-1,nR1-3,-,-,-,"2,0",-,"0,4/0,8",-,-,-,6437.39,5601.25,-,216.56,3.8662798482481588E-2,8069.39,13670.64,-,-,3139747.13,NÃO,1,"4,9444",1632,2516.86,-,-,-,-,-,-,NÃO,-,ARRECADADO AD,APROVA DIGITAL,21443-22-SP-ALV,APROVAÇÃO DE EDIFICAÇÃO NOVA,45169,,,,,,,45517,2024
2186/16050/2023,2186,1020.2021/0001891-3,,330340.90762159,7387453.356113,045,242,0025-8/0026-6,-,090620,AVENIDA,-,DOS IMARÉS,"743,745",-,-,-,-,RENATO CARLOS CARDIM/RAFAEL CARLOS CARDIM/RODRIGO DA SILVA ZULIM,MOEMA,VILA MARIANA,ESTRUTURAÇÃO E QUALIFICAÇÃO URBANA,URBANIZAÇÃO CONSOLIDADA,NA,-,-,ZM,ZM,-,R,R2v-1,E-HMP,-,-,-,-,-,-,"0,7",-,"0,4/0,8",-,-,-,369.42,364.4,-,-,-%,751.39,1115.79,-,-,271655.76,NÃO,1,"1,9671",381.97,4407.17,-,-,-,-,-,-,NÃO,-,ARRECADADO AD,APROVA DIGITAL,1460-21-SP-ALV,APROVAÇÃO DE EDIFICAÇÃO NOVA,45149,,,,,,,45518,2024
2187/16050/2023,2187,1020.2021/0007494-5,,333262.02632263,7385390.1197009,310,014,0068-1/0069-8,-,028606,RUA,-,BARRA DO PARATECA,"132,136",-,-,-,-,PARATECA SPE DE CONSTRUÇÃO E INCORPORAÇÃO LTDA ,JABAQUARA,JABAQUARA,ESTRUTURAÇÃO E QUALIFICAÇÃO URBANA,QUALIFICAÇÃO DA URBANIZAÇÃO,NA,-,-,ZM,ZM,-,R,-,E-HMP,HIS - 2,-,-,-,-,-,"0,6",-,"0,0/0,4",-,-,-,842.71,1300.8599999999999,-,-,-%,1713.71,3014.57,-,-,157082.82,NÃO,1,"1,9700",871,1874.25,-,-,-,-,-,-,NÃO,-,ARRECADADO AD,APROVA DIGITAL,3290-21-SP-ALV,APROVAÇÃO E EXECUÇÃO DE EDIFICAÇÃO NOVA,45061,,,,,,,45520,2024
2188/16050/2023,2188,1020.2022/0009801-3,,337876.37287746,7391445.5192008,032,135,0028-3/0029-1/0048-8/0074-7/0077-1/0089-5/0090-9,-,108871,PRAÇA,PADRE,MARIO FONTANA,S/N,RUA,-,ILANSA | APARAJU,"S/N,246,252,258,260 | 65,71,79",WV2 PRAÇA MARIO FONTANA EMPREENDIMENTOS IMOBILIÁRIOS LTDA,MOOCA,MOOCA,ESTRUTURAÇÃO E QUALIFICAÇÃO URBANA,ESTRUTURAÇÃO METROPOLITANA,ARCO TAMANDUATEÍ,-,-,ZM,ZM,-,R,R2v-2,-,-,-,-,-,-,-,"1,2",-,"1,0",-,-,-,2307.48,6638.71,-,-,-%,4614.96,11253.67,-,-,4670777.95,NÃO,1,"1,9659",2307.48,3373.65,-,-,-,-,-,-,NÃO,-,ARRECADADO AD,APROVA DIGITAL,13472-22-SP-SLV,APROVAÇÃO DE EDIFICAÇÃO NOVA,45148,,,,,,,45520,2024
2189/16050/2023,2189,1020.2023/0005782-3,,332880.31317497,7385048.3735372,310,028,0076-2/0077-0/0078-9/0079-7/0601-9/0602-7,-,117340,AVENIDA,-,LEONARDO DA VINCI,"392,396,400,414,420,410,406",-,-,-,-,ONE LEONARDO DA VINCE EMPREENDIMENTOS IMOBILIÁRIOS SPE LTDA,JABAQUARA,JABAQUARA,ESTRUTURAÇÃO E QUALIFICAÇÃO URBANA,QUALIFICAÇÃO DA URBANIZAÇÃO,NA,-,-,ZEU,EETU,-,R,-,E-HMP,-,nR1-3,nR1-12,-,-,-,"0,6",-,"0,4",-,-,-,4807.99,3390.71,1201.8900000000001,53.48,1.5772507822845363E-2,6009.99,9400.7000000000007,-,-,487170.98,NÃO,1,"4,9999",1202,2110.94,-,-,-,-,-,-,NÃO,-,ARRECADADO AD,APROVA DIGITAL,26849-23-SP-ALV,APROVAÇÃO DE EDIFICAÇÃO NOVA,45167,,,,,,,45520,2024
2190/16050/2023,2190,1020.2021/0010580-8,,329619.62131107,7390763.2498908,036,094,0039-0/0129-1,-,032204,RUA,-,BENTO DE ANDRADE,"700,718",-,-,-,-,BENTO EMPREENDIMENTO IMOBILIÁRIO SPE SA,MOEMA,VILA MARIANA,ESTRUTURAÇÃO E QUALIFICAÇÃO URBANA,URBANIZAÇÃO CONSOLIDADA,NA,-,-,ZEU,ZEU,-,R,R2v-2,-,-,-,-,-,-,-,"0,7",-,"0,8/1,0",-,-,-,1893.24,4021.1,-,-,-%,3949.71,7970.81,-,-,4449268.75,NÃO,1,"1,9999",1974.88,6966.86,-,-,-,-,-,-,NÃO,-,ARRECADADO AD,APROVA DIGITAL,5115-21-SP-ALV,APROVAÇÃO DE EDIFICAÇÃO NOVA,45190,,,,,,,45518,2024
2191/16050/2023,2191,1020.2022/0019215-0,,327585.16418353,7397123.7337266,022,024,0049-4/0050-8/0051-6/0052-4,-,168084,RUA,DOUTOR,RAFAEL CORREIA,"19,29,31,33",-,-,-,-,RC EMPRRENDIMENTO SPE LTDA,LAPA,LAPA,ESTRUTURAÇÃO E QUALIFICAÇÃO URBANA,URBANIZAÇÃO CONSOLIDADA,NA,-,-,ZEU,EETU,-,R,R2v-2,-,-,nR1-6,nR1-12,-,-,-,"0,7",-,"0,9",-,-,-,2699.84,4289.66,665.58,45.51,1.0609232433339706E-2,3599.84,7889.5,-,-,1312219.42,NÃO,1,"3,9998",900,3106.97,-,-,-,-,-,-,NÃO,-,ARRECADADO AD,APROVA DIGITAL,21158-22-SP-ALV,APROVAÇÃO DE EDIFICAÇÃO NOVA,45163,,,,,,,45518,2024
2192/16050/2023,2192,1020.2023/0005373-9,,339422.63407151,7395503.0983963,030,062,0021-7/0022-5,-,066796,RUA,PADRE,ESTEVÃO PERNET,"179,191",-,-,-,-,"EMPREENDIMENTO IMOBILÁRIO, RESIDENCIAL ESTEVÃO PERNET SPE LTDA ",TATUAPÉ,MOOCA,ESTRUTURAÇÃO E QUALIFICAÇÃO URBANA,QUALIFICAÇÃO DA URBANIZAÇÃO,NA,-,-,ZEU,EETU,-,R,R2v-1,-,-,nR1-3,nR1-12,-,-,-,"0,6",-,"0,8",-,-,-,1698.71,1224.6300000000001,380.02,218.09,0.17808644243567442,2272.46,3497.09,-,-,757802.95,NÃO,1,"3,9607",573.75,3681.03,-,-,-,-,-,-,NÃO,-,ARRECADADO AD,APROVA DIGITAL,26558-23-SP-ALV,APROVAÇÃO DE EDIFICAÇÃO NOVA,45135,,,,,,,45518,2024
2193/16050/2024,2193,1010.2023/0009779-0,,332563.11572584,7388151.5325439,045,098,0001-0/0002-9/0003-7/0005-3/0020-7/0021-5/0028-2/0035-5/0042-8/0043-6/0044-4/0045-2/0047-9/0048-7/0050-9/0051-7/0052-5/0053-3/0064-9/0065-7/0066-5,-,042056,AVENIDA,SENADOR,CASIMIRO DA ROCHA,683,RUA,-,CAPUTIRA | DAS ORQUIDEAS ,66 | 62,TARJAB CASIMIRO EMPREENDIMENTO IMOBILIÁRIOS SP,SAÚDE,VILA MARIANA,ESTRUTURAÇÃO E QUALIFICAÇÃO URBANA,URBANIZAÇÃO CONSOLIDADA,NA,-,-,ZEU,EETU,-,R,R2v-3,-,-,-,-,-,-,-,"0,7",-,"1,0",-,-,-,8169.36,10800.28,-,-,-%,11815.52,22615.8,-,-,3957927.39,NÃO,1,"4,0000",2953.88,3061.02,-,-,230.76,-,-,-,NÃO,-,QUITADO,SEI,2024/03490-00,APROVAÇÃO DE EDIFICAÇÃO NOVA,45467,,,,,,,45516,2024
2194/16050/2023,2194,1020.2023/0018922-3,,327473.01211504,7392537.8812216,015,076,0002-1/0003-8/0004-6/0005-4/0006-2/0075-5/0126-3/0127-1/0128-1/0130-1,-,162639,RUA,-,DOS PINHEIROS,"1309,1311,1319,1321,1325,1331,1335,1343,1345,1351,1353",RUA,DOUTOR,FERNANDES COELHO,"113,117,125",SK PINHEIROS EMPREENDIMENTOS IMOBILIÁRIOS LTDA,PINHEIROS,PINHEIROS,ESTRUTURAÇÃO E QUALIFICAÇÃO URBANA,URBANIZAÇÃO CONSOLIDADA,NA,-,-,ZEU,EETU,-,R,R2v-2,-,-,nR1-3,nR1-12,-,-,-,"0,7",-,"1,0/0,8",-,-,-,5929.66,9371.7099999999991,1511.41,761.12,8.1214634255648122E-2,8063.52,17435.259999999998,-,-,5100409.4400000004,NÃO,1,"4,8000",1679.9,6868.32,-,-,151.32,-,-,-,SIM,OPCIONAL,ARRECADADO AD,APROVA DIGITAL,32917-23-SP-ALV,APROVAÇÃO DE EDIFICAÇÃO NOVA,45271,41565-24-SP-ALV,EXECUÇÃO DE EDIFICAÇÃO NOVA,45530,,,,45520,2024
2195/16050/2024,2195,1020.2022/0023175-9,,330105.28098915,7386311.1081295,086,245,0053-2/0054-0/0055-9/0056-7/0057-5/0058-3/0085-0/0086-9/0087-7/0088-5/0089-3/0090-7/0092-3/0093-1,-,100765,RUA,DOUTOR,JESUINO MACIEL,"1764,1766,1774,1782",RUA,-,PASCAL | SEBASTIÃO PAES,"1793,1799,1819,1829 | 541,551,555,561,565,571,577",BRIO REAL ESTATE III FUNDO DE INVESTIMENTO IMOBILIÁRIO FII / BRIO REAL ESTATE IV FUNDO DE INVESTIMENTO IMOBILIÁRIO FII,CAMPO BELO,SANTO AMARO,ESTRUTURAÇÃO E QUALIFICAÇÃO URBANA,URBANIZAÇÃO CONSOLIDADA,NA,-,-,ZEUP,ZEUP,-,R,R2v-2,-,-,nR1-3,nR1-12,-,-,-,"0,7",-,"1,0/0,8",-,-,-,5813.4,10184.06,1814.38,160.85,1.5794290292869446E-2,9161.8799999999992,19345.939999999999,-,-,3221960.33,NÃO,1,"4,0000",2290.48,3337.24,-,-,352.67,-,-,-,NÃO,-,ARRECADADO AD,APROVA DIGITAL,23379-22-SP-ALV,APROVAÇÃO DE EDIFICAÇÃO NOVA,45301,,,,,,,45526,2024
2196/16050/2024,2196,1020.2024/0009717-7,1020.2024/0009717-7,333453.11275064,7390523.7299662,039,077,0010-4/0008-2/0009-0/0099-6/0100-3/0101-1/0102-1/0103-8/0104-6/0105-4/0106-2/0107-0/0121-6,-,145173,RUA,DOUTOR,NETO DE ARAUJO,"271265,257,263,277",-,-,-,-,GRAND SLAM EMPREENDIMENTO IMOBILIÁRIO LTDA,VILA MARIANA,VILA MARIANA,ESTRUTURAÇÃO E QUALIFICAÇÃO URBANA,URBANIZAÇÃO CONSOLIDADA,NA,-,-,ZEU,EETU,-,R,R2v-2,-,-,nR1-3,nR1-12,-,-,-,"0,7",-,"0,8/0,9/1,0",-,-,-,0,8136.36,1183.8599999999999,532.87,6.5492431504997325E-2,5951.97,14088.33,-,-,291786.07,NÃO,1,"3,9973",1489,4053.48,-,-,30.32,-,-,-,NÃO,-,ARRECADADO AD,APROVA DIGITAL,40691-24-SP-MOD,PROJ. MODIFICATIVO - APROVAÇÃO E EXECUÇÃO DE EDIFICAÇÃO NOVA,45448,,,,,,,45525,2024
2197/16050/2024,2197,1010.2023/0002625-7,,333374.62584278,7387910.4150733,309,052,0031-1/0049-4/0050-8/0052-4/0053-2/0054-0/0055-9/0056-7/0057-5/0058-3/0059-1,-,084450,RUA,-,GUIRATINGA,1147,-,-,-,-,TARJAB GUIRATINGA EMP IMOBILIÁRIOS SPE LTDA ,SAÚDE,VILA MARIANA,ESTRUTURAÇÃO E QUALIFICAÇÃO URBANA,URBANIZAÇÃO CONSOLIDADA,NA,-,-,ZEU,EETU,-,R,R2v-2,-,-,-,-,-,-,-,"0,7",-,"0,9/1,0",-,-,-,4881.38,5862.94,-,-,-%,6989.35,12852.29,-,-,1780003.16,NÃO,1,"4,0000",1747.34,2226.61,-,-,120.21,-,-,-,NÃO,-,QUITADO,SEI,2024/00196-00,APROVAÇÃO DE EDIFICAÇÃO NOVA,45301,,,,,,,45530,2024
2198/16050/2023,2198,2020-0.0008-938-7,,328060.96960548,7381136.0378645,090,106,0004-1,-,158585,RUA,-,PIERRE,259,-,-,-,-,ECO STUDIOS E FLATS ADMINISTRADORA DE BENS PRO,CAMPO GRANDE,SANTO AMARO,ESTRUTURAÇÃO E QUALIFICAÇÃO URBANA,QUALIFICAÇÃO DA URBANIZAÇÃO,NA,-,-,ZM,ZM,-,R,-,E-HMP,-,-,-,-,-,-,"0,6",-,"0,6",-,-,-,118.48,560.48,-,-,-%,1118.48,1678.96,-,-,70207.73,NÃO,1,"1,1184",1000,1841.05,-,-,-,-,-,-,NÃO,-,QUITADO,SISACOE,2023/06820-00,APROVAÇÃO DE EDIFICAÇÃO NOVA,45217,,,,,,,45530,2024
2199/16050/2024,2199,6068.2023/0008506-7,,328917.6778946,7379274.0806051,121,100,0008-1,-,150452,RUA,-,ORESTES BARBOSA,199,-,-,-,-,CARVALHO FORTE INCORPORADORA LTDA,CAMPO GRANDE,SANTO AMARO,ESTRUTURAÇÃO E QUALIFICAÇÃO URBANA,QUALIFICAÇÃO DA URBANIZAÇÃO,NA,-,-,ZM,ZM,-,R,-,E-HMP,-,-,-,-,-,-,"0,6",-,"0,6",-,-,-,330.6,108.87,-,-,-%,603.84,712.71,-,-,32338.62,NÃO,1,"2,2099",273.24,900.71,-,-,-,-,-,-,NÃO,-,QUITADO,SEI,2024/04321-00,APROVAÇÃO E EXECUÇÃO DE EDIFICAÇÃO NOVA,45509,,,,,,,45537,2024
2200/16050/2023,2200,1020.2023/0010713-8,,327353.25400937,7394703.5265704,081,236,0007-0/0010-0/0021-6/0022-4/0023-2/0024-0/0031-3/0033-1/0034-8/0035-6/0036-4/0047-1/0048-8/0058-5/0059-3,-,085782,RUA,-,HARMONIA,"1092,1102,1114,1126,1136,1140,1150,1158",RUA,-,PEDRO ORTIZ,"70,78,82,94,102,108,118",HARMONIA EMPREENDIMENTOS IMOBILIÁRIOS SPE LTDA,PINHEIROS,PINHEIROS,ESTRUTURAÇÃO E QUALIFICAÇÃO URBANA,URBANIZAÇÃO CONSOLIDADA,NA,-,-,ZEU,EETU,-,R,R2v-3,-,-,nR1-3,nR1-12,-,-,-,"0,7",-,"0,8/1,0",-,-,-,7459.52,14926.22,2207.86,278.64,1.8667820787848496E-2,11040.47,25966.69,-,-,3961292.52,NÃO,1,"4,0000",2760.12,3170.16,-,-,273.61,-,-,-,NÃO,-,ARRECADADO AD,APROVA DIGITAL,29081-23-SP-ALV,APROVAÇÃO DE EDIFICAÇÃO NOVA,45215,,,,,,,45537,2024
2201/16050/2023,2201,1020.2023/0003539-0,,323124.78285046,7389705.2878923,101,334,0002-5/0003-3/0004-1/0023-8/0001-7/0029-7,-,075000,RUA,-,ANDRE SARAIVA,"440,452,474,458",RUA,-,JOAQUIM GALVÃO | AV PROFESSOR FRANCISCO MORATO,"52 | 3897,3905",INTEGRA DESENVOLVIMENTO URBANO LTDA,VILA SÔNIA,BUTANTÂ,ESTRUTURAÇÃO E QUALIFICAÇÃO URBANA,QUALIFICAÇÃO DA URBANIZAÇÃO,NA,-,-,ZEU,EETU,-,R,R2v-1,E-HMP,HIS - 2,nR1-3,-,-,-,-,"0,6",-,"0,0/0,4/0,9",-,-,-,6745.45,4361.7700000000004,1411.93,830.48,0.19039976890115709,8435.57,15039.75,-,-,640317.6,NÃO,1,"4,9911",1690.12,1927.8,-,-,-,-,-,-,NÃO,-,ARRECADADO AD,APROVA DIGITAL,25951-23-SP-ALV,APROVAÇÃO DE EDIFICAÇÃO NOVA,45274,,,,,,,45537,2024
2202/16050/2024,2202,2018-0.118.755-6,,323259.31484329,7383821.5513178,103,50,0001-1,-,675733,RUA,-,LUIZ GRASSMANN,S/N,-,-,-,-,RAFAEL DELLA VOLPE FILHO/JOSE DELLA VOLPE,JARDIM SÃO LUÍS,MBOI MIRIM,ESTRUTURAÇÃO E QUALIFICAÇÃO URBANA,REDUÇÃO DA VULNERABILIDADE URBANA,NA,-,-,ZEU,EETU,-,R,-,E-HMP,HIS - 2,-,-,-,-,-,"0,3",-,"0,4",-,-,-,10307.51,6312.33,-,-,-%,13132.89,19445.22,-,-,233105.15,NÃO,1,"5,4777",2397.5,1032.33,-,-,-,-,-,-,SIM,OBRIGATÓRIO,QUITADO,SISACOE,2024/04893-00,APROVAÇÃO DE EDIFICAÇÃO NOVA,45527,,,,,,,45539,2024
2203/17975/2023,2203,1020.2023/0017157-0,,328743.08760023,7393201.9405546,013,048,0014-8/0015-6/0016-4/0017-2/0700-2,-,119350,RUA,-,LISBOA,"173,177,183,191,195,199,201,203",-,-,-,-,SK LISBOA EMPREENDIMENTOS IMOBILIÁRIOS LTDA,JARDIM PAULISTA,PINHEIROS,ESTRUTURAÇÃO E QUALIFICAÇÃO URBANA,URBANIZAÇÃO CONSOLIDADA,NA,-,ZEU,ZEU,-,-,R,R2v-2,-,-,-,-,-,-,-,"0,7",-,"0,8/1,0",-,-,-,6317.99,7998.62,-,-,-%,8391.67,16390.29,-,-,5876159.79,NÃO,1,"4,7999",1748.27,6426,-,-,-,-,-,-,SIM,OPCIONAL,ARRECADADO AD,APROVA DIGITAL,32148-23-SP-ALV,APROVAÇÃO DE EDIFICAÇÃO NOVA,45231,41292-24-SP-ALV,EXECUÇÃO DE EDIFICAÇÃO NOVA,45499,,,,45540,2024
2204/16050/2024,2204,1020.2023/0007923-1,,340252.03861172,7401499.72541,066,647,0001-8/0002-6/0003-4/0004-2/0005-0/0006-9/0007-7/0008-5/0009-3/0010-7/0011-5/0012-3/0013-1/0014-1/0015-8,-,390232,RUA,-,CLAUDIO SANTOS,S/N,-,-,-,-,PPP MUNICIPAL HABITACIONAL SP LOTE 7 SPE - SA,VILA MEDEIROS,VILA MARIA/VILA GUILHERME,ESTRUTURAÇÃO E QUALIFICAÇÃO URBANA,ESTRUTURAÇÃO METROPOLITANA,FERNÃO DIAS,-,-,ZDE,ZDE,-,R,-,E-HMP,HIS-1 / HIS-2,-,-,-,-,-,"0,3",-,"0,4/0,6",-,-,-,2408.4299999999998,4406.2,-,-,-%,21786.34,26192.54,-,-,94001.8,NÃO,1,"1,6928",12870,511.67,-,-,-,-,-,-,NÃO,-,ARRECADADO AD,APROVA DIGITAL,28082-23-SP-ALV,APROVAÇÃO E EXECUÇÃO DE EDIFICAÇÃO NOVA,45392,,,,,,,45540,2024
2205/16050/2023,2205,1020.2023/0008512-6,,331287.30800053,7394014.1743598,010,048,0032-0/0033-9/0034-7/0035-5/0038-1/0039-8/0040-1/0041-1/0042-8/0043-6/0044-4/0045-2/0046-0/1520-4/3177-3,-,087300,RUA,-,HERCULANO DE FREITAS,"155,159,167,169,179 (CS 1, CS 2, CS 3, CS 4, CS 5, CS 6) 181,185,191,195,173,177",-,-,-,-,PARTIFIB PROJETOS IMOBILIÁRIOS HERCULANO DE FREITAS LTDA,BELA VISTA,SÉ,ESTRUTURAÇÃO E QUALIFICAÇÃO URBANA,URBANIZAÇÃO CONSOLIDADA,NA,-,-,ZEU,EETU,-,R,R2v-2,-,-,nR1-3,nR1-12,-,-,-,"0,7",-,"0,8/0,9/1,0",-,-,-,6655.44,11081.97,1822.18,443.72,4.0039812416023508E-2,9169.73,20251.7,-,-,5914287.1699999999,NÃO,1,"3,9999",2292.5,5507.08,-,-,73.73,-,-,-,NÃO,-,ARRECADADO AD,APROVA DIGITAL,27712-23-SP-ALV,APROVAÇÃO DE EDIFICAÇÃO NOVA,45195,,,,,,,45541,2024
2206/17975/2023,2206,1020.2023/0018515-5,,328832.57855535,7396720.5013153,021,104,0029-3,-,192597,AVENIDA,-,SUMARÉ,85,RUA,-,TURIASSU,S/N,ONE DI 45 EMPREENDIMENTO IMOBILIÁRIO SPE LTDA,PERDIZES,LAPA,ESTRUTURAÇÃO E QUALIFICAÇÃO URBANA,URBANIZAÇÃO CONSOLIDADA,NA,-,ZEU,ZEU,-,-,R,R2v-3,HMP,HIS - 2,nR1-3,nR1-12,nR2-2,-,-,"0,7",-,"0,0/0,4/1,0",-,-,-,11286.68,9916.26,2656.49,1081.0999999999999,0.10902295825240563,13590.61,23506.87,-,-,5381703.2999999998,NÃO,1,"5,9803",2272.5500000000002,4725.25,-,-,6.3,-,-,-,SIM,OBRIGATÓRIO,ARRECADADO AD,APROVA DIGITAL,34468-23-SP-ALV,APROVAÇÃO DE EDIFICAÇÃO NOVA,45280,39108-24-SP-ALV,EXECUÇÃO DE EDIFICAÇÃO NOVA,45510,,,,45546,2024
2207/16050/2023,2207,1020.2023/0007565-1,,329669.64118195,7396089.4518117,021,044,0026-0/0027-9/0028-7/0029-5/0030-9/0038-4/0039-2/0414-2/0622-6/0623-4,-,088110,RUA,DOUTOR,HOMEM DE MELLO,"400, 406, 412, 414, 420, 436",RUA,-,MONTE ALEGRE,"681, 693, 695, 699, 711",FUTURA 28 SPE EMPREENDIMENTO LTDA / HESA 216 - INVESTIMENTOS IMOBILIÁRIOS LTDA,PERDIZES,LAPA,ESTRUTURAÇÃO E QUALIFICAÇÃO URBANA,URBANIZAÇÃO CONSOLIDADA,NA,-,-,ZEU,EETU,-,R,R2v-3,-,-,nR1-3,nR1-12,-,-,-,"0,7",-,"0,8/1,0",-,-,-,7300.12,13943.89,2050.9899999999998,1217.78,8.7334309149025124E-2,10338.540000000001,24282.43,-,-,8273054.1299999999,NÃO,1,"3,9973",2586.41,6790.14,-,-,150.66999999999999,-,-,-,NÃO,-,ARRECADADO AD,APROVA DIGITAL,27604-23-SP-ALV,APROVAÇÃO DE EDIFICAÇÃO NOVA,45203,,,,,,,45549,2024
2208/17975/2024,2208,1010.2023/0012649-9,,332292.05623801,7386185.5826729,047,151,0010-1/0096-7,-,193003,ALAMEDA,-,DOS UBIATANS,207,-,-,-,-,AGINC 001 INCORPORADORA SPE LTDA,SAÚDE,VILA MARIANA,ESTRUTURAÇÃO E QUALIFICAÇÃO URBANA,URBANIZAÇÃO CONSOLIDADA,NA,-,ZEU,ZEU,-,-,R,R2v-2,-,-,-,-,-,-,-,"0,7",-,"0,8/1,0",-,-,-,4265.82,4337.99,-,-,-%,6000,10337.99,-,-,1807587.98,NÃO,1,"4,0000",1500,2578.59,-,-,78.06,-,-,-,NÃO,-,QUITADO,SEI,2024/04731-00,APROVAÇÃO DE EDIFICAÇÃO NOVA,45517,,,,,,,45546,2024
2209/16050/2023,2209,1020.2022/0008602-3,,327881.76391685,7397300.9819201,022,019,0003-5/0004-3/0005-1/0006-1/0021-3/0022-1/0023-1/0024-8/0025-6/0026-4,-,025275,RUA,DOUTOR,DE MIRANDA,"175,183,185,191",RUA,-,VENANCIO AIRES,"921,925,931,937,941,943,945,951",SHPAISMAN 118 EMPREENDIMENTOS IMOBILIÁRIOS SPE LTDA,LAPA,LAPA,ESTRUTURAÇÃO E QUALIFICAÇÃO URBANA,ESTRUTURAÇÃO METROPOLITANA,ARCO TIETÊ,-,-,ZEM,ZEM,-,R,R2v-2,-,-,nR1-3,nR1-12,-,-,-,"2,0",-,"0,8/0,9",-,-,-,5348.93,8723.4,-,-,-%,7894.64,16618.04,-,-,5510558.0999999996,NÃO,1,"3,9999",1973.7,2410.8200000000002,-,-,190.67,-,-,-,NÃO,-,ARRECADADO AD,APROVA DIGITAL,13257-22-SP-ALV,APROVAÇÃO DE EDIFICAÇÃO NOVA,45096,,,,,,,45547,2024
2210/16050/2023,2210,1020.2023/0002142-0,,330168.17862727,7393292.5788883,014,006,0003-0/0004-9/0045-6/0046-4/0047-2/0048-0/0053-7/0182-7/0183-5/0184-3/0185-1/0186-1/0187-8/0188-6/0189-4/0190-8/0194-0/0229-7,-,024970,ALAMEDA,-,FRANCA,"1037, 1045, 1047, 1055, 1061",RUA,-,AUGUSTA,"2283, 2295, 2299, 2309, 2321, 2325",EVEN-SP 126 EMPREENDIMENTOS IMOBILIÁRIOS LTDA,JARDIM PAULISTA,PINHEIROS,ESTRUTURAÇÃO E QUALIFICAÇÃO URBANA,URBANIZAÇÃO CONSOLIDADA,NA,-,-,ZC,ZC,-,R,R2v-2,-,-,nR1-3,nR1-6,nR2-10,-,-,"0,7",-,"1,0",-,-,-,3294.46,11820.39,1199.26,675.97,5.7186776409238617E-2,7052.04,18872.43,-,-,13733948.42,NÃO,1,"1,9999",3526.1,11910.59,-,-,231.48,-,-,-,NÃO,-,ARRECADADO AD,APROVA DIGITAL,25071-23-SP-ALV,APROVAÇÃO DE EDIFICAÇÃO NOVA,45182,,,,,,,45551,2024
2211/17975/2024,2211,1020.2023/0022220-4,,340236.8567216,7396364.6645179,062,080,0081-5,-,085529,RUA,CORONEL,GUSTAVO SANTIAGO,175,-,-,-,-,EDENILSON EDUARDO CALORE,TATUAPÉ,MOOCA,ESTRUTURAÇÃO E QUALIFICAÇÃO URBANA,ESTRUTURAÇÃO METROPOLITANA,ARCO LESTE,-,ZEU,ZEU,-,-,R,R2v-1,-,-,-,-,-,-,-,"0,3",-,"1,0",-,-,-,226.31,20.36,-,-,-%,405.69,426.05,-,-,71432.81,NÃO,1,"2,2600",179.38,2379.54,-,-,-,-,-,-,NÃO,-,ARRECADADO AD,APROVA DIGITAL,34402-23-SP-ALV,APROVAÇÃO E EXECUÇÃO DE EDIFICAÇÃO NOVA,45497,,,,,,,45553,2024
2212/16050/2024,2212,1020.2022/0001610-6,,337693.257119,7403025.1357356,067,260,0059-6,-,137456,RUA,-,SILVESTRE LACROIX,54,-,-,-,-,SILVESTRE LACROIX RESIDENCE SPE LTDA,TUCURUVI,SANTANA/TUCURUVI,ESTRUTURAÇÃO E QUALIFICAÇÃO URBANA,QUALIFICAÇÃO DA URBANIZAÇÃO,NA,-,-,ZM,ZM,-,R,-,E-HMP,-,-,-,-,-,-,"0,6",-,"0,4",-,-,-,434.93,494.94,-,-,-%,767.23,1242.17,-,-,55924.89,NÃO,1,"2,3088",332.3,1237,-,-,-,-,-,-,NÃO,-,ARRECADADO AD,APROVA DIGITAL,10715-22-SP-ALV,APROVAÇÃO E EXECUÇÃO DE EDIFICAÇÃO NOVA,45414,,,,,,,45551,2024
2213/16050/2023,2213,1020.2023/0007466-3,,336080.83910966,7390395.802291,040,098,0001-1/0006-2/0041-0,-,054216,RUA,-,COSTA AGUIAR,"1650 A, 1720,1720 FDS, 1660 A 1714",-,-,-,-,ENGELUX DESENVOLVIMENTO IMOBILIÁRIO LTDA,IPIRANGA,IPIRANGA,ESTRUTURAÇÃO E QUALIFICAÇÃO URBANA,ESTRUTURAÇÃO METROPOLITANA,ARCO TAMANDUATEÍ,-,-,ZM,ZM,-,R,R2v-1,E-HMP,-,-,-,-,-,-,"1,2",-,"0,4/0,6/0,8/0,9",-,-,-,4381.43,8320.92,-,-,-%,7311.05,15631.97,-,-,2631545.29,NÃO,1,"2,4956",2929.62,2576.83,-,-,-,-,-,-,NÃO,-,ARRECADADO AD,APROVA DIGITAL,27950-23-SP-ALV,APROVAÇÃO DE EDIFICAÇÃO NOVA,45278,,,,,,,45553,2024
2214/16050/2024,2214,1020.2023/0012302-8,,325714.34838433,7392296.4367094,200,044,0317-5,-,033529,RUA,ENGENHEIRO,BIANOR,148,-,-,-,-,BIANOR EMPREENDIMENTO SPE LTDA,BUTANTÃ,BUTANTÂ,ESTRUTURAÇÃO E QUALIFICAÇÃO URBANA,QUALIFICAÇÃO DA URBANIZAÇÃO,NA,-,-,ZEU,EETU,-,R,R2v-3,-,-,nR1-3,nR1-6,-,-,-,"0,7","1,3","0,8/0,9/1,0","1,0",0,0,0,11456.4,2271.4499999999998,252.06,2.2001675919136904E-2,12149.65,23606.06,307113.15000000002,30544.02,337657.17,NÃO,1,"3,9989",3038.25,2563.9699999999998,1002.82,-,-,-,-,-,NÃO,-,COMPROMETIDO,APROVA DIGITAL,30003-23-SP-MOD,PROJ. MODIFICATIVO - APROVAÇÃO E EXECUÇÃO DE EDIFICAÇÃO NOVA,24/07/0204,,,,,,,45553,2024
2215/16050/2023,2215,1020.2022/0016251-0,,333669.59100193,7400851.2533007,072,086,0028-7,-,073270,RUA,-,FRANCISCA JÚLIA,"297, 329",-,-,-,-,FRANCISCA JULIA I EMPREENDIMENTOS IMOBILIÁRIOS SPE LTDA / CAITO PORTASIO CACCIA,SANTANA,SANTANA/TUCURUVI,ESTRUTURAÇÃO E QUALIFICAÇÃO URBANA,QUALIFICAÇÃO DA URBANIZAÇÃO,NA,-,-,ZC,ZC,-,R,R2v-2,-,-,-,-,-,-,-,"0,6",-,"1,0",-,-,-,2158.1799999999998,6865.94,-,-,-%,4773.9799999999996,11639.92,-,-,1940101.39,NÃO,1,"1,9887",2400.6,2979.52,-,-,215.2,-,-,-,NÃO,-,ARRECADADO AD,APROVA DIGITAL,17455-22-SP-ALV,APROVAÇÃO DE EDIFICAÇÃO NOVA,45181,,,,,,,45554,2024
2216/16050/2023,2216,1020.2022/0010582-6,,335387.33994033,7401472.3661653,069,065,0011-2/0029-5/0037-6,-,132225,RUA,-,MARIA DO CARMO SENE,S/N,RUA,-,PEDRO CACUNDA,S/N,ASSOCIAÇÃO DE EDUCAÇÃO DE JOVENS E ADULTOS,SANTANA,SANTANA/TUCURUVI,ESTRUTURAÇÃO E QUALIFICAÇÃO URBANA,QUALIFICAÇÃO DA URBANIZAÇÃO,NA,-,-,ZEU,EETU,-,R,R2v-2,-,-,-,-,-,-,-,"0,6",-,"0,8/0,9",-,-,-,4447.07,5677.72,-,-,-%,6348.16,12025.88,-,-,1241640.32,NÃO,1,"3,9700",1598.51,2184.84,-,-,-,-,-,-,NÃO,-,ARRECADADO AD,APROVA DIGITAL,13313-22-SP-ALV,APROVAÇÃO DE EDIFICAÇÃO NOVA,45155,,,,,,,45554,2024
2217/16050/2024,2217,6068.2023/0008847-3,,328889.06648921,7380001.4345468,121,005,0015-4,-,655058,RUA,-,CENERINO BRANCO DE ARAUJO,58,-,-,-,-,INTERLAR INCORPORAÇÃO LTDA,CAMPO GRANDE,SANTO AMARO,ESTRUTURAÇÃO E QUALIFICAÇÃO URBANA,QUALIFICAÇÃO DA URBANIZAÇÃO,NA,-,-,ZM,ZM,-,R,-,E-HMP,-,-,-,-,-,-,"0,6",-,"0,4/0,6",-,-,-,477.31,195.39,-,-,-%,877.31,1072.7,-,-,50369.97,NÃO,1,"2,1933",400,885.72,-,-,-,-,-,-,NÃO,-,QUITADO,SEI,2014/04798-00,APROVAÇÃO E EXECUÇÃO DE EDIFICAÇÃO NOVA,45525,,,,,,,45555,2024
2218/16050/2023,2218,1020.2022/0022655-0,,330013.72531917,7393093.4412085,014,009,0009-3/0011-5/0049-2/0211-8/0212-6,-,024970,RUA,-,AUGUSTA,"2541,2549,2551,2559,2565,2575",-,-,-,-,TLR EMPREENDIMENTOS E PARTICIPAÇÕES LTDA,JARDIM PAULISTA,PINHEIROS,ESTRUTURAÇÃO E QUALIFICAÇÃO URBANA,QUALIFICAÇÃO DA URBANIZAÇÃO,NA,-,-,ZC,ZC,-,R,R2v-2,-,-,nR2-3,-,-,-,-,"0,7",-,"0,8/0,9/1,0",-,-,-,1776.63,7171.7,710.74,888.51,0.12389112762664362,3553.72,10725.42,-,-,7155438.3600000003,NÃO,1,"1,9997",1777.09,12261.88,-,-,-,-,-,-,NÃO,-,ARRECADADO AD,APROVA DIGITAL,22995-22-SP-ALV,APROVAÇÃO DE EDIFICAÇÃO NOVA,45184,,,,,,,45555,2024
2219/16050/2024,2219,1020.2021/0018720-0,,349264.15517528,7392833.7629113,147,349,0015-8,-,339768,AVENIDA,-,UBIRAJARA VIANNA,"LOTE 24, QUADRA 6",-,-,-,-,DANIEL & LIMA CONSTRUÇÕES E INCORPORAÇÃO SPE LTDA,CIDADE LÍDER,ITAQUERA,PROTEÇÃO E RECUPERAÇÃO AMBIENTAL,CONTROLE E QUALIFICAÇÃO URBANA E AMBIENTAL,NA,-,-,ZMa,ZMa,-,R,-,E-HMP,-,-,-,-,-,-,"1,0",-,"0,4",-,-,-,21.81,283.37,-,-,-%,272.76,556.13,-,-,6913.97,NÃO,1,"1,0869",250.95,861.4,-,-,-,-,-,-,NÃO,-,ARRECADADO AD,APROVA DIGITAL,8818-21-SP-ALV,APROVAÇÃO E EXECUÇÃO DE EDIFICAÇÃO NOVA,45488,,,,,,,45558,2024
2220/16050/2023,2220,1020.2022/0020597-9,,332623.78551718,7387936.6072425,045,101,0060-4/0061-2/0071-1/0072-8/0089-2/0090-6/0091-4/0092-2,-,103136,RUA,COMENDADOR,JOÃO GABRIEL,"127, 131, 133, 143, 149, 151, 157, 169",-,-,-,-,MF7 JOÃO GABRIEL INCORPORADORA SPE LTDA,SAÚDE,VILA MARIANA,ESTRUTURAÇÃO E QUALIFICAÇÃO URBANA,URBANIZAÇÃO CONSOLIDADA,NA,-,-,ZEU,EETU,-,R,R2v-2,-,-,-,-,-,-,-,"0,7",-,"0,8/0,9/1,0",-,-,-,4574.63,7004.66,1175.08,80.790000000000006,1.1533750389026735E-2,6349.23,13353.89,-,-,1998067.6,NÃO,1,"3,9998",1587.37,2741.76,-,-,62.41,-,-,-,NÃO,-,ARRECADADO AD,APROVA DIGITAL,20745-22-SP-ALV,APROVAÇÃO DE EDIFICAÇÃO NOVA,45210,,,,,,,45558,2024
2221/17975/2024,2221,1020.2023/0020826-0,,330264.94555975,7392360.4167406,014,056,0002-0,-,154296,RUA,-,PARAGUAI,21,-,-,-,-,NR09 EMPREENDIMENTO IMOBILIÁRIO SPE LTDA,JARDIM PAULISTA,PINHEIROS,ESTRUTURAÇÃO E QUALIFICAÇÃO URBANA,URBANIZAÇÃO CONSOLIDADA,NA,-,ZEU,ZEU,-,-,R,R2v-1,-,-,nR1-3,nR1-12,-,-,-,"0,7",-,"1,0/0,8",-,-,-,847.35,1027.8599999999999,221.31,109.05,0.10609421516548947,1129.8,2157.66,-,-,1729390.39,NÃO,1,"4,0000",282.45,12223.85,-,-,-,-,-,-,NÃO,-,ARRECADADO AD,APROVA DIGITAL,33391-23-SP-ALV,APROVAÇÃO DE EDIFICAÇÃO NOVA,45497,,,,,,,45559,2024
2222/16050/2023,2222,1020.2022/0022194-0,,332584.2012196,7393796.9998205,033,001,0028-3/0129-8/0132-8/0134-4/0135-2,-,121657,RUA,CONDESSA,DE SÃO JOAQUIM | DOS BORORÓS,"323, 335 | 60, 74, 86, 88",AVENIDA,BRIGADEIRO,LUÍS ANTÔNIO,"865, 877, 881, 889",COLINA DOURADA DESENVOLVIMENTO IMOBILIÁRIO SPE LTDA,BELA VISTA,SÉ,ESTRUTURAÇÃO E QUALIFICAÇÃO URBANA,URBANIZAÇÃO CONSOLIDADA,NA,-,-,ZEU,EETU,-,R,R2v-2,E-HMP,-,nR1-3,nR1-12,nR2-3,-,-,"0,7",-,"0,4/0,8",-,-,-,14051.86,15222.5,2907.57,1665.87,0.10943471834455575,18133.07,33355.57,-,-,7062627.04,NÃO,1,"4,9900",3632.37,7483.08,-,-,112.21,-,-,-,NÃO,-,ARRECADADO AD,APROVA DIGITAL,22643-22-SP-ALV,APROVAÇÃO DE EDIFICAÇÃO NOVA,45201,,,,,,,45561,2024
2223/16050/2023,2223,1020.2023/0007431-0,,330185.75349656,7388508.1957653,041,143,0042-2/0336-7/0337-5/0342-1/0343-1/0344-8/0512-2/0514-9/0517-3,-,089443,AVENIDA,-,MACUCO,"655, 685, 697, 703, 707, 713, 715",AVENIDA,-,IBIRAPUERA,"2454 - 2458, 2468, 2480 - 2490",TURRIALBA EMPREENDIMENTO IMOBILIÁRIO LTDA,MOEMA,VILA MARIANA,ESTRUTURAÇÃO E QUALIFICAÇÃO URBANA,URBANIZAÇÃO CONSOLIDADA,NA,-,-,ZEU,EETU,-,R,R2v-3,-,-,nR1-3,nR1-12,nR1-15,-,-,"0,7",-,"0,8/1,0",-,-,-,11846.01,23243.32,3359.98,1977.59,8.5082079496388643E-2,16800,40043.32,-,-,14095571.66,NÃO,1,"4,0000",4200,7141.43,-,-,251.33,-,-,-,NÃO,-,ARRECADADO AD,APROVA DIGITAL,26818-23-SP-ALV,APROVAÇÃO DE EDIFICAÇÃO NOVA,45254,,,,,,,45562,2024
2224/17975/2023,2224,1020.2023/0010752-9,,336729.5617485,7393637.4105028,028,029,0186-9,-,153044,AVENIDA,-,PAES DE BARROS,477,-,-,-,-,MERITO DESENVOLVIMENTO IMOBILIARIO I FII - FUNDO DE INVESTIMENTO IMOBILIARIO,MOOCA,MOOCA,ESTRUTURAÇÃO E QUALIFICAÇÃO URBANA,QUALIFICAÇÃO DA URBANIZAÇÃO,NA,-,ZEU,ZEU,-,-,R,R2v-1,E-HMP,-,nR1-3,nR1-12,-,-,-,"0,6",-,"0,4/0,8",-,-,-,4432.87,4492.55,926.4,260.58999999999997,5.8004919255211396E-2,5541.12,10033.67,-,-,887066.07,NÃO,1,"4,9999",1108.25,3640.33,-,-,-,-,-,-,NÃO,-,ARRECADADO AD,APROVA DIGITAL,29595-23-SP-ALV,APROVAÇÃO DE EDIFICAÇÃO NOVA,45257,,,,,,,45569,2024
2225/17975/2024,2225,1020.2023/0020541-5,,326735.07152841,7397075.8218715,023,063,0001-1/0003-8/0004-6/0005-4/0006-2/0047-1/0048-8/0049-6/0050-1/0058-5/0116-6,-,068586,RUA,-,ESPÁRTACO,"544, 566, 574, 576, 584",RUA,-,FABIA,"615, 621, CS1, CS2, 627, 635, S/N",RESIDENCIAL MONTE CARLO INCORPORAÇÃO IMOBILIÁRIA - SPE LTDA,LAPA,LAPA,ESTRUTURAÇÃO E QUALIFICAÇÃO URBANA,ESTRUTURAÇÃO METROPOLITANA,ARCO TIETÊ,-,ZC,ZC,-,-,R,R2v-2,-,-,nR1-3,nR1-12,-,-,-,"1,2",-,"1,0",-,-,-,2393.12,8006.34,879.54,255.89,3.1960920970131167E-2,4786.9399999999996,12793.28,-,-,3654613.2,NÃO,1,"1,9997",2393.8200000000002,2544.85,-,-,-,-,-,-,NÃO,-,ARRECADADO AD,APROVA DIGITAL,33752-23-SP-ALV,APROVAÇÃO E EXECUÇÃO DE EDIFICAÇÃO NOVA,45510,,,,,,,45569,2024
2226/16050/2023,2226,1020.2022/0022588-0,,332027.64814621,7392183.5788803,036,014,0047-2/0050-2/0056-1/0058-1/0089-8/0120-7/0121-5/0122-3/0123-1/0124-1,0759-0,177911,ALAMEDA,-,SANTOS,"23, 33, 51 (APTO 2 - 6), 53, 59, 61, 65, 73, 77, 79",-,-,-,-,ATALIA EMPREENDIMENTOS IMOBILIÁRIOS SPE LTDA,VILA MARIANA,VILA MARIANA,ESTRUTURAÇÃO E QUALIFICAÇÃO URBANA,URBANIZAÇÃO CONSOLIDADA,NA,-,-,ZEU,EETU,-,R/nR,R2v-2,-,-,nR1-6,nR2-1,nR2-11,-,-,"0,7","1,3","0,8/1,0","1,0",3088.06,1423.99,4512.05,16927.060000000001,2303.7800000000002,1356.5,8.0137956620937117E-2,11568.27,28495.33,5391596.7400000002,4735075.54,10126672.279999999,NÃO,1,"3,9995",2892.42,10230.19,270.83999999999997,-,178.18,-,3223.07,-,NÃO,-,ARRECADADO AD,APROVA DIGITAL,22999-22-SP-ALV,APROVAÇÃO DE EDIFICAÇÃO NOVA,45210,,,,,,,45572,2024
2227/16050/2023,2227,1020.2020/0015980-9,,333080.5188488,7386267.4111034,047,097,0031-1/0032-1/0509-7,-,137421,RUA,-,MAURÍCIO DE LACERDA,"303, 311-315, 437-441",-,-,-,-,GOLANI SAÚDE EMPREENDIMENTO IMOBILIÁRIO LTDA,SAÚDE,VILA MARIANA,ESTRUTURAÇÃO E QUALIFICAÇÃO URBANA,URBANIZAÇÃO CONSOLIDADA,NA,-,-,ZEU,EETU,-,R,R2v-2,-,-,-,-,-,-,-,"0,7",-,"0,8/0,9/1,0",-,-,-,3372.79,4400.8999999999996,-,-,-%,4982.32,9383.2199999999993,-,-,1053432.3400000001,NÃO,1,"3,9800",1251.8399999999999,1907.45,-,-,119.23,-,-,-,NÃO,-,ARRECADADO AD,APROVA DIGITAL,775-20-SP-SAO,APROVAÇÃO DE EDIFICAÇÃO NOVA,45208,,,,,,,45575,2024
2228/16050/2023,2228,6068.2022/0009813-2,,338149.34100097,7391591.1147446,100,109,0003-8/0004-6/0005-4/0006-2/0007-0/0008-9,-,048470,RUA,-,CHAMANTA,777,-,-,-,-,TIBÉRIO INCORPORAÇÕES E PARTICIPAÇÕES 102 LTDA,VILA PRUDENTE,VILA PRUDENTE,ESTRUTURAÇÃO E QUALIFICAÇÃO URBANA,QUALIFICAÇÃO DA URBANIZAÇÃO,NA,-,-,ZEU,EETU,-,R,R2v-1,E-HMP,-,nR1-3,nR1-12,-,-,-,"0,6",-,"0,4/0,8",-,-,-,7075.87,7471.61,1726.42,405.12,5.4221245487920275E-2,8848.35,16319.96,-,-,882708.57,NÃO,1,"4,9921",1772.48,2541.48,-,-,-,-,-,-,NÃO,-,QUITADO,SEI,"2023/03618-01
",APOSTILAMENTO DE  ALV. DE APROVAÇÃO DE EDIFICAÇÃO NOVA,45503,,,,,,,45575,2024
2229/16050/2023,2229,1020.2022/0011684-4,,332869.48968339,7390748.2545088,037,040,0003-5/0143-0/0144-9/0145-7/0146-5/0147-3/0152-1,-,060135,RUA,-,FRANÇA PINTO,"64,70",RUA,-,DOMINGOS DE MORAIS,"930, 944, 954, 964, 976",HESA 193 - INVESTIMENTOS IMOBILIÁRIOS LTDA|HBR 64 - INVESTIMENTOS IMOBILIÁRIOS LTDA,VILA MARIANA,VILA MARIANA,ESTRUTURAÇÃO E QUALIFICAÇÃO URBANA,URBANIZAÇÃO CONSOLIDADA,NA,-,-,ZEU,EETU,-,R/nR,R2v-3,-,-,nR1-6,nR1-12,nR2-2,-,-,"0,7","1,3","0,8/1,0","1,0",10321.83,176.17,10498,19080.03,2997.32,1750.22,9.1730463736168139E-2,15020.52,34100.550000000003,10844827.17,362037.23,11206864.4,NÃO,1,"3,9989",3756.14,6321.04,-,-,255.46,-,-,-,NÃO,-,ARRECADADO AD,APROVA DIGITAL,14750-22-SP-ALV,APOSTILAMENTO DE  ALV. DE APROVAÇÃO DE EDIFICAÇÃO NOVA,45224,,,,,,,45576,2024
2230/16050/2024,2230,1020.2023/0024834-3,,329389.84351619,7387343.2572061,086,068,0006-6/0007-4/0008-2/0009-0/0010-4,-,159867,RUA,-,CONSTANTINO DE SOUSA,"296, 308, 330",RUA,-,OTÁVIO TARQUÍNIO DE SOUSA ,"454, 1269",MAC 71 EMPREENDIMENTOS IMOBILIÁRIOS LTDA,CAMPO BELO,SANTO AMARO,ESTRUTURAÇÃO E QUALIFICAÇÃO URBANA,URBANIZAÇÃO CONSOLIDADA,NA,-,-,ZEU,EETU,-,R,R2v-2,-,-,-,-,-,-,-,"0,7",-,"0,8",-,-,-,5934.95,7986.94,-,-,-%,8799.7199999999993,16786.66,-,-,3393774.12,NÃO,1,"3,9999",2200,4084.36,-,-,221.59,-,-,-,NÃO,-,ARRECADADO AD,APROVA DIGITAL,35141-23-SP-ALV,APROVAÇÃO DE EDIFICAÇÃO NOVA,45435,,,,,,,45579,2024
2230/17975/2023,2231,1020.2023/0027403-4,,330640.24915851,7393279.0622373,010,080,0006-1/0007-8/0649-1,-,100048,ALAMEDA,,JAÚ,"1200,1208",ALAMEDA,MINISTRO,ROCHA AZEVEDO ,413 até 419,MINISTRO JAU CLÍNICA HOSPITALAR SPE LTDA,JARDIM PAULISTA,PINHEIROS,ESTRUTURAÇÃO E QUALIFICAÇÃO URBANA,URBANIZAÇÃO CONSOLIDADA,NA,-,ZEU,ZEU,-,-,nR,-,-,-,nR1-4,nR2-5,-,-,-,-,"1,3",-,"1,0",-,-,3033.39,4035.37,-,505.24,0.12520289341497806,4044.52,8079.89,-,-,11848025.49,NÃO,1,"4,0000",1011.13,12018.06,-,-,-,-,-,-,NÃO,-,ARRECADADO AD,APROVA DIGITAL,34826-23-SP-ALV,APROVAÇÃO DE EDIFICAÇÃO NOVA,45474,,,,,,,45579,2024
2232/16050/2023,2232,1020.2023/0011533-5,,329126.89064244,7390996.6563209,016,091,0001-8/0002-6/0003-4/0004-2/0049-2/0052-2/0053-0/0054-9/0055-7/0281-9,-,185523,RUA,DOUTOR,RENATO PAES DE BARROS,"410, 412-418, 428, 430, 440, 446 ",RUA,-,TABAPUÃ,"378, 390, 398, 406",ATRIAX EMPREENDIMENTOS IMOBILIÁRIOS LTDA,ITAIM BIBI,PINHEIROS,ESTRUTURAÇÃO E QUALIFICAÇÃO URBANA,URBANIZAÇÃO CONSOLIDADA,NA,-,-,ZC,ZC,-,R,R2v-2,-,-,-,-,-,-,-,"0,7",-,"1,0",-,-,-,2095.59,6026.45,-,-,-%,4194.75,10221.200000000001,-,-,5914583.7800000003,NÃO,1,"1,9982",2099.16,8057.13,-,-,-,-,-,-,NÃO,-,ARRECADADO AD,APROVA DIGITAL,28566-23-SP-ALV,APROVAÇÃO DE EDIFICAÇÃO NOVA,45222,,,,,,,45580,2024
2233/16050/2023,2233,1010.2023/0008128-2,,330550.66987443,7396430.9632404,020,061,0016-5,-,036749,RUA,CONSELHEIRO,BROTERO,832,-,-,-,-,TGSP-74  EMPREENDIMENTOS IMOBILIÁRIOS LTDA,SANTA CECÍLIA,SÉ,ESTRUTURAÇÃO E QUALIFICAÇÃO URBANA,URBANIZAÇÃO CONSOLIDADA,NA,-,-,ZEU,EETU,-,R,R2v-3,-,-,nR1-3,nR1-6,-,-,-,"0,7",-,"0,8/1,0",-,-,-,5994.45,9595.94,1626.95,463.27,4.8277709114479664E-2,8134.79,17730.73,-,-,6890454.7300000004,NÃO,1,"3,9997",2033.84,7098.59,-,-,35.5,-,-,-,NÃO,-,QUITADO,SEI,2023/07977-00,APROVAÇÃO DE EDIFICAÇÃO NOVA,45266,,,,,,,45579,2024
2234/16050/2024,2234,1010.2019/0001863-0,,334250.20483517,7400745.1351311,069,205,0543-6/1425-7,-,109142,RUA,DOUTOR,ZUQUIM,83,RUA,-,JOSE DEBIEUX / R BOCAJA / TV ALCERI MARIA GOMES DA SILVE,00 / 00 / 00,MRM EMPREENDIMENTOS LTDA,SANTANA,SANTANA/TUCURUVI,ESTRUTURAÇÃO E QUALIFICAÇÃO URBANA,URBANIZAÇÃO CONSOLIDADA,NA,-,-,ZC,ZC,-,nR,-,-,-,nR1-1,nR1-2,nR1-5,nR2-3,nR3-2,-,"0,5",-,"1,0",-,-,4797.5,26093.23,-,360.69,1.3823125768638072E-2,21551.200000000001,47644.43,-,-,4328967.4000000004,NÃO,1,"1,3397",16086.22,2417.7800000000002,-,-,667.48,-,-,-,SIM,OBRIGATÓRIO,QUITADO,SEI,2024/04897-00,APROVAÇÃO E EXECUÇÃO DE EDIFICAÇÃO NOVA,45526,,,,,,,45579,2024
2235/16050/2024,2235,1020.2023/0019092-2,,333948.6954151,7400120.1223753,073,020,0016-6/0073-5/0186-3,-,198846,RUA,-,VOLUNTÁRIOS DA PÁTRIA,"2213 - 2219, 2221, 2225, 2229",RUA,-,ALFREDO PUJOL,91,SMART MIX SANTANA EMPREENDIMENTOS SPE LTDA,SANTANA,SANTANA/TUCURUVI,ESTRUTURAÇÃO E QUALIFICAÇÃO URBANA,ESTRUTURAÇÃO METROPOLITANA,ARCO TIETÊ,-,-,ZEM,ZEM,-,R,-,E-HMP,HIS - 2,nR1-6,nR2-2,-,-,-,2,-,"0,0/0,4",-,-,-,8288.7999999999993,8914.5499999999993,2068.9499999999998,1044.25,0.11713995658782553,10387,19301.55,-,-,4057352.27,NÃO,1,"4,9504",2098.1999999999998,3546.08,-,-,-,-,-,-,NÃO,-,ARRECADADO AD,APROVA DIGITAL,33202-23-SP-ALV,APROVAÇÃO DE EDIFICAÇÃO NOVA,45350,,,,,,,45582,2024
2236/17975/2024,2236,1020.2023/0015776-3,,322354.88083823,7388476.3099655,123,027,0125-8/0131-2,-,117781,RUA,-,OSIRIS MAGALHÃES DE ALMEIDA,384,-,-,-,-,ABIATAR EMPREENDIMENTOS E PARTICIPAÇÕES LTDA,VILA SÔNIA,BUTANTÂ,ESTRUTURAÇÃO E QUALIFICAÇÃO URBANA,QUALIFICAÇÃO DA URBANIZAÇÃO,NA,-,ZM,ZM,-,-,R,-,HMP,HIS - 2,-,-,-,-,-,"0,6",-,"0,0/0,4",-,-,-,1234.1600000000001,3053.9,-,-,-%,3236.11,6290.01,-,-,209494.62,NÃO,1,"1,6200",2001.95,1557.5,-,-,-,-,-,-,NÃO,-,ARRECADADO AD,APROVA DIGITAL,31762-23-SP-ALV,APROVAÇÃO E EXECUÇÃO DE EDIFICAÇÃO NOVA,45527,,,,,,,45586,2024
2237/16050/2024,2237,1020.2022/0017518-2,,328226.97423758,7391059.6732571,016,054,0010-6/0011-4/0060-2/0061-0/0062-9,-,010278,RUA,-,JERÔNIMO DA VEIGA,"436, 446",RUA,-,AMAURI,"319, 327, 337",TF 61 EMPREENDIMENTO IMOBILIÁRIO SPE LTDA,ITAIM BIBI,PINHEIROS,ESTRUTURAÇÃO E QUALIFICAÇÃO URBANA,URBANIZAÇÃO CONSOLIDADA,NA,-,-,ZEU,EETU,-,R/nR,R2v-1,-,-,nR1-3,nR1-6,,,,"0,7","1,3","0,8","1,0",96.36,3202.92,3299.28,6543.53,939.66,587.29,8.9751250471840127E-2,4698.32,11241.85,102093.22,7878721.9100000001,7980815.1299999999,NÃO,1,"4,0000",1174.58,7568.76,-,-,74.819999999999993,-,-,-,NÃO,-,ARRECADADO AD,APROVA DIGITAL,19834-22-SP-ALV,APROVAÇÃO DE EDIFICAÇÃO NOVA,45191,,,,,,,45586,2024
2238/17975/2024,2238,1010.2023/0006305-5,,329279.44779002,7383819.5864907,090,169,0002-0/0003-9/0004-7/0005-5/0010-1/0011-1/0012-8/0013-6/0014-4/0015-2/0016-0,-,044997,RUA,DOUTOR,GENTIL LEITE MARTINS,278,-,-,-,-,DIALOGO ENGENHARIA E CONSTRUÇÃO S.A,CIDADE ADEMAR,SANTO AMARO,ESTRUTURAÇÃO E QUALIFICAÇÃO URBANA,ESTRUTURAÇÃO METROPOLITANA,AVENIDA CUPECÊ,-,ZEU,ZEU,-,-,R,R2v-4,HMP,HIS - 2,nR1-3,-,-,-,-,"0,3",-,"0,4/0,8/1,0",-,-,-,22889.71,22845.87,-,336.51,1.4729576943228689E-2,29434.33,52280.2,-,-,1950867,NÃO,1,"5,7982",5076.4799999999996,2042.18,-,-,489.38,-,-,2943.43,SIM,OBRIGATÓRIO,QUITADO,SEI,2024/04076-00,APROVAÇÃO DE EDIFICAÇÃO NOVA,45498,,,,,,,45589,2024
2239/16050/2024,2239,1020.2023/0024689-8,,338406.15464085,7393929.1565953,031,075,0283-9,-,101800,RUA,-,SALVADOR FIORDELISIO,222,-,-,-,-,GRATHOS CK INCORPORAÇÃO CONSTRUÇÃO E ADMINISTRAÇÃO DE BENS LTDA,ÁGUA RASA,MOOCA,ESTRUTURAÇÃO E QUALIFICAÇÃO URBANA,QUALIFICAÇÃO DA URBANIZAÇÃO,NA,-,-,ZC,ZC,-,R,R2h-3,-,-,-,-,-,-,-,"0,6",-,"1,0",-,-,-,209.14,304.52999999999997,-,-,-%,709.14,1013.67,-,-,208542.79,NÃO,1,"1,4183",500,2357.0500000000002,-,-,-,-,-,-,NÃO,-,ARRECADADO AD,APROVA DIGITAL,35293-23-SP-ALV,APROVAÇÃO E EXECUÇÃO DE EDIFICAÇÃO NOVA,45540,,,,,,,45588,2024
2240/17975/2024,2240,1010.2023/0006316-0,,337823.47203816,7395624.8306974,029,032,0012-2/0013-0/0014-9/0015-7/0017-3/0018-1/0019-1/0020-3/0021-1/0022-1/0023-8/0030-0/0031-9/0032-7/0049-1/0050-5/0051-3,-,009067,AVENIDA,-,ÁLVARO RAMOS,374,-,-,-,-,ÁLVARO RAMOS DIÁLOGO EMPREENDEIMENTOS IMOBILÁRIOS SPE LTDA,BELÉM,MOOCA,ESTRUTURAÇÃO E QUALIFICAÇÃO URBANA,ESTRUTURAÇÃO METROPOLITANA,ARCO LESTE,-,ZEU,ZEU,-,-,R,R2v-3,HMP,HIS - 2,nR1-3,-,-,-,-,"0,3",-,"0,4/0,8/1,0",-,-,-,15397.01,15723.73,-,326.44,2.0760977198158451E-2,19333.830000000002,35057.56,-,-,1967998.36,NÃO,1,"5,6341",3431.56,2908.08,-,-,168.42,-,-,1933.38,SIM,OPCIONAL,QUITADO,SEI,2024/04004-00,APROVAÇÃO DE EDIFICAÇÃO NOVA,45492,,,,,,,45594,2024
2241/17975/2024,2241,1010.2023/0008796-5,,326914.45007592,7395271.274934,081,320,0026-9,-,112666,RUA,-,JUATUBA,86,-,-,-,-,JUATUBA 86 SPE LTDA,ALTO DE PINHEIROS,PINHEIROS,ESTRUTURAÇÃO E QUALIFICAÇÃO URBANA,URBANIZAÇÃO CONSOLIDADA,NA,-,ZM,ZM,-,-,R,R2v-1,-,-,nR1-6,-,-,-,-,"0,7",-,"0,8/1,0",-,-,-,325.86,744.63,-,20.72,2.7825900111464751E-2,652.12,1396.75,-,-,334840.11,NÃO,1,"1,9988",326.26,2963.18,-,-,-,-,-,-,NÃO,-,QUITADO,SEI,2024/03774-00,APROVAÇÃO DE EDIFICAÇÃO NOVA,45478,,,,,,,45596,2024
2242/17975/2024,2242,1020.2023/0016674-6,,329616.50149011,7389751.2489275,041,008,0018-5/0019-3,-,160784,PRAÇA,-,PEREIRA COUTINHO,"176,182",-,-,-,-,PRAÇA PEREIRA COUTINHO EMPREENDIMENTO IMOBILIÁRIO LTDA,MOEMA,VILA MARIANA,ESTRUTURAÇÃO E QUALIFICAÇÃO URBANA,URBANIZAÇÃO CONSOLIDADA,NA,-,ZM,ZM,-,-,R,R2v-1,-,-,-,-,-,-,-,"0,7",-,"1,0",-,-,-,918.12,2217.37,-,-,-%,1574.12,3791.49,-,-,522725.21,SIM,1,"2,3996",656,8773.73,-,-,-,-,-,-,SIM,OPCIONAL,ARRECADADO AD / REAPROVEITAMENTO,APROVA DIGITAL,31996-23-SP-ALV,APROVAÇÃO DE EDIFICAÇÃO NOVA,45525,45201-24-SP-ALV,EXECUÇÃO DE EDIFICAÇÃO NOVA,45562,,,,45839,2025
2243/16050/2023,2243,1020.2022/0019415-2,,335097.81702979,7400721.8785449,069,142,0087-4,-,060399,RUA,-,PARQUE DOMINGOS LUIS,654,-,-,-,-,INCORPORADORA LZBA LTDA EPP,SANTANA,SANTANA/TUCURUVI,ESTRUTURAÇÃO E QUALIFICAÇÃO URBANA,QUALIFICAÇÃO DA URBANIZAÇÃO,NA,-,-,ZEU,EETU,-,R,-,E-HMP,-,nR1-3,nR1-12,-,-,-,"0,6",-,"0,4/0,6",-,-,-,2400,2243.4299999999998,438.29,56.75,2.5296086795665567E-2,3000,5243.43,-,-,358722.15,NÃO,1,"5,0000",600,2532.92,-,-,-,-,-,-,NÃO,-,ARRECADADO AD,APROVA DIGITAL,21246-22-SP-ALV,APROVAÇÃO DE EDIFICAÇÃO NOVA,45257,,,,,,,45603,2024
2244/16050/2024,2244,1010.2023/0005158-8,,327532.13132505,7387673.1059881,085,169,0002-9/0005-3/0006-1/0015-0/0034-7/0035-5/0037-1/0037-1/0038-1/0039-8/0040-1/0042-8/0043-6/0044-4/0047-9/0048-7/0049-5/0050-9/0096-7/0097-5,-,083410,RUA,-,ARIZONA,976,-,-,-,-,KONA EMPREENDIMENTOS IMOBILIÁRIOS LTDA,ITAIM BIBI,PINHEIROS,ESTRUTURAÇÃO E QUALIFICAÇÃO URBANA,URBANIZAÇÃO CONSOLIDADA,NA,-,-,ZEU,EETU,-,R,R2v-4,-,-,nR1-3,-,-,-,-,"0,7/1,3",-,"0,8/1,0",-,-,-,18111.18,20717.740000000002,-,-,-%,25342.92,46060.66,-,-,9622495.4299999997,NÃO,1,"4,3998",5760,3418.63,-,-,490.58,-,-,-,SIM,OBRIGATÓRIO,QUITADO,SEI,2024/00601-00,APROVAÇÃO DE EDIFICAÇÃO NOVA,45301,47150-24-SP-ALV,EXECUÇÃO DE EDIFICAÇÃO NOVA,45666,,,,45603,2024
2245/16050/2024,2245,6068.2023/0003440-3,,349253.3220295,7392073.8717802,145,123,0087-1,-,606758,AVENIDA,-,AFONSO DE SAMPAIO E SOUSA,1884,-,-,-,-,GRAZIANI & ALMEIDA CONSTRUÇÕES E INCORPORAÇÕES LTDA,PARQUE DO CARMO,ITAQUERA,ESTRUTURAÇÃO E QUALIFICAÇÃO URBANA,REDUÇÃO DA VULNERABILIDADE URBANA,NA,-,-,ZC,ZC,-,R,R2v-2,E-HMP,-,-,-,-,-,-,"0,3",-,"0,4/0,8/0,9",-,-,-,11392.54,13789.7,-,-,-%,18990.54,32780.239999999998,-,-,646425.51,NÃO,1,"2,4994",7598,975.68,-,1637.2,752.18,-,-,-,NÃO,-,QUITADO,SEI,2024/00457-00,APROVAÇÃO DE EDIFICAÇÃO NOVA,45321,,,,,,,45603,2024
2246/17975/2024,2246,1020.2023/0007068-4,,332570.80509213,7389456.1870278,042,050,0001-4/0002-2/0003-0/0004-9/0005-7/0029-4/0030-8/0031-6/0032-4/0033-2,-,135801,RUA,PROFESSOR,FRANCISCO DE CASTRO ,"75,85,93,101,105",RUA,-,MARSELHESA,"515,517,527,529,535",TRISUL 34 EMPREENDIMENTOS IMOBILIÁRIOS LTDA,VILA MARIANA,VILA MARIANA,ESTRUTURAÇÃO E QUALIFICAÇÃO URBANA,URBANIZAÇÃO CONSOLIDADA,NA,-,ZEU,ZEU,-,-,R,R2v-2,HMP,-,nR1-2,nR1-3,nR1-12,-,-,"0,7",-,"0,4/1,0",-,-,-,8571.2800000000007,9606.82,2250.0700000000002,161.46,1.680681016194745E-2,11313.53,20920.349999999999,-,-,4218255.3,NÃO,1,"5,8000",1950.61,4553.3,-,-,263.88,-,-,-,NÃO,-,ARRECADADO AD,APROVA DIGITAL,27548-23-SP-ALV,APROVAÇÃO DE EDIFICAÇÃO NOVA,45467,,,,,,,45604,2024
2247/16050/2024,2247,1020.2022/0023421-9,,332386.05789822,7385230.3852339,089,315,0396-2/0397-0,-,044687,RUA,-,DAS CARNAUBEIRAS,92,-,-,-,-,GISELE OUTA,JABAQUARA,JABAQUARA,ESTRUTURAÇÃO E QUALIFICAÇÃO URBANA,QUALIFICAÇÃO DA URBANIZAÇÃO,NA,-,-,ZEU,EETU,-,R,R2v-1,E-HMP,-,nR1-3,nR1-12,nR1-16,-,-,"0,6",-,"0,4/0,8",-,-,-,3936.57,2012.3,853.52,196.43,9.761466978084779E-2,4923.08,6935.38,-,-,553894.88,NÃO,1,"4,9904",986.51,2596.58,-,-,-,-,-,-,NÃO,-,ARRECADADO AD,APROVA DIGITAL,23684-22-SP-ALV,APROVAÇÃO DE EDIFICAÇÃO NOVA,45357,,,,,,,45607,2024
2248/16050/2024,2248,1020.2023/0026706-2,,334632.44689421,7401164.4338042,069,099,0034-0/0035-9/0036-7/0037-5/0038-3/0039-1/0040-5,-,657697,RUA,-,IPEUVA,"36,38",RUA,-,CARLOS CAMARGO ARANHA,"222,228,230,236,238",IPEUVA EMPREENDIMENTOS SPE LTDA,SANTANA,SANTANA/TUCURUVI,ESTRUTURAÇÃO E QUALIFICAÇÃO URBANA,QUALIFICAÇÃO DA URBANIZAÇÃO,NA,-,-,ZEU,EETU,-,R,R2v-1,E-HMP,-,-,-,-,-,-,"0,6",-,"0,6/1,0",-,-,-,3061.58,3079.33,-,-,-%,3954.44,7033.77,-,-,646258.56999999995,NÃO,1,"4,4290",892.86,2325.56,-,-,-,-,-,-,NÃO,-,ARRECADADO AD,APROVA DIGITAL,36170-23-SP-ALV,APROVAÇÃO E EXECUÇÃO DE EDIFICAÇÃO NOVA,45561,,,,,,,45607,2024
2249/16050/2024,2249,1010.2022/0004902-6,,327913.77006076,7387838.0552323,085,150,0059-8,-,315206,RUA,-,RIBEIRO DO VALE,585,-,-,-,-,AÇAÍ CLUBE,ITAIM BIBI,PINHEIROS,ESTRUTURAÇÃO E QUALIFICAÇÃO URBANA,URBANIZAÇÃO CONSOLIDADA,NA,-,-,ZM,ZM,-,R/nR,R2v-2,-,-,nR1-3,nR2-10,-,-,-,"0,7","1,3","1,0","1,0",3117.85,1031.82,4149.67,11015.98,-,885.19,8.0355084159557305E-2,9660.61,20676.59,5447651.7699999996,3348154.37,8795806.1400000006,NÃO,1,"1,9321",5000,4822.71,-,-,510.94,-,-,-,NÃO,-,QUITADO,SEI,2024/01539-00,APROVAÇÃO DE EDIFICAÇÃO NOVA,45352,,,,,,,45607,2024
2250/16050/2023,2250,1020.2021/0018246-2,,330818.49664761,7391692.4475842,036,151,0053-0,-,121657,RUA,,BRIGADEIRO LUIS ANTÔNIO ,3595,-,-,-,-,PNPRO1 EMPREENDIMENTO IMBILIÁRIOS SA,MOEMA,VILA MARIANA,ESTRUTURAÇÃO E QUALIFICAÇÃO URBANA,URBANIZAÇÃO CONSOLIDADA,NA,-,-,ZC,ZC,-,R/nR,R1,-,-,nR1-2,nR1-6,-,-,-,"0,7","1,3","1,0","1,0",92.19,445.82,538.01,4920.43,899.35,835.61,0.16982458850141147,4920.95,9427.3799999999992,402110.29,3611380.6,4013490.89,NÃO,1,"2,0000",2253.5100000000002,12462.16,-,-,170.44,-,-,-,NÃO,-,ARRECADADO AD,APROVA DIGITAL,8365-21-SP-REF,APROVAÇÃO DE REFORMA,45280,,,,,,,45615,2024
2251/16050/2023,2251,1010.2023/0004696-7,,327272.47439914,7387898.2294587,085,527,0003-4/0004-2/0008-5/0013-1/0014-1/0019-0/0020-4/0022-0/0023-9/0024-7/0025-5/0026-3/0027-1/0028-1/0029-8/0033-6/0034-4/0035-2/0036-0,-,012998,RUA,-,ANDRE AMPERE,136,-,-,-,-,TGSP 54 EMPREENDIMENTOS IMOBILIÁRIOS LTDA,ITAIM BIBI,PINHEIROS,ESTRUTURAÇÃO E QUALIFICAÇÃO URBANA,URBANIZAÇÃO CONSOLIDADA,NA,-,-,ZEU,ZEU,-,R,R2v-3,-,-,nR1-3,nR1-12,-,-,-,"0,7",-,"0,8/1,0",-,-,-,8203.86,15407.23,2502.5700000000002,1188.23,7.7121585125944123E-2,12614.73,28021.96,-,-,4308657.84,NÃO,1,"3,9985",3154.83,3187.3,-,-,418.68,-,-,-,NÃO,-,QUITADO,SEI,2023/08256-00,APROVAÇÃO DE EDIFICAÇÃO NOVA,45280,,,,,,,45614,2024
2252/16050/2024,2252,1020.2022/0008671-6,,322129.17067046,7383030.4279159,122,104,0007-3,-,719099,RUA,-,XICO SANTEIRO,28-7,-,-,-,-,RICARDO NAJJAR,JARDIM SÃO LUÍS,MBOI MIRIM,ESTRUTURAÇÃO E QUALIFICAÇÃO URBANA,REDUÇÃO DA VULNERABILIDADE URBANA,NA,-,-,ZM,ZM,-,R,R2v-1,-,-,-,-,-,-,-,"0,3",-,"0,8",-,-,-,93.88,285.23,-,-,-%,343.88,629.11,-,-,12912.46,NÃO,1,"1,3755",250,788.3,-,-,-,-,-,-,NÃO,-,ARRECADADO AD,APROVA DIGITAL,13187-22-SP-ALV,APROVAÇÃO E EXECUÇÃO DE EDIFICAÇÃO NOVA,45449,,,,,,,45618,2024
2253/17975/2024,2253,1020.2024/0011113-7,,332824.48524498,7401459.7245601,072,026,0068-4/0069-2,0176-1,101885,RUA,-,JOÃO CABRAL,"03,15",-,-,-,-,MAREMA INCORPORADORA E EMPREENDIMENTOS SPE LTDA,SANTANA,SANTANA/TUCURUVI,ESTRUTURAÇÃO E QUALIFICAÇÃO URBANA,QUALIFICAÇÃO DA URBANIZAÇÃO,NA,ZC,ZC,-,-,-,R,-,E-HMP,-,nR1-3,-,-,-,-,"0,6",-,"0,4",-,-,-,715.99,1163.1099999999999,-,74.459999999999994,6.4018020651529089E-2,1193.3399999999999,2356.4499999999998,-,-,141687.70000000001,NÃO,1,"2,4999",477.35,2061.3000000000002,-,-,-,-,-,-,NÃO,-,ARRECADADO AD,APROVA DIGITAL,41588-24-SP-ALV,APROVAÇÃO E EXECUÇÃO DE EDIFICAÇÃO NOVA,45567,,,,,,,45621,2024
2254/16050/2023,2254,1020.2023/0011299-9,,335491.94722384, 7401414.9663129,069,067,0038-3/0071-5/0074-1,,217972,AVENIDA,MARECHAL,EURICO GASPAR DUTRA,"1356, S/N",RUA,CAPITÃO,SIQUEIRA BARBOSA,41,RODOSERV ENGENHARIA LTDA,SANTANA,SANTANA/TUCURUVI,ESTRUTURAÇÃO E QUALIFICAÇÃO URBANA,QUALIFICAÇÃO DA URBANIZAÇÃO,NA,-,-,ZEU,EETU,-,nR,-,-,-,nR1-6,-,-,-,-,-,"0,5",-,"1,0",-,-,802.67,1061.04,-,-,-%,1312.17,2373.21,-,-,291904.40000000002,NÃO,1,"2,5754",509.5,1873.18,-,-,-,-,-,-,NÃO,-,ARRECADADO AD,APROVA DIGITAL,29475-23-SP-ALV,APROVAÇÃO DE EDIFICAÇÃO NOVA,45282,,,,,,,45621,2024
2255/16050/2024,2255,1020.2023/0016007-1,,344112.68600289,7393865.6072365,116,075,0084-0,-,141267,RUA,-,MONGUBA,353,-,-,-,-,INFINITY ADMINISTRAÇÃO LTDA,CARRÃO,ARICANDUVA/FORMOSA/CARRÃO,ESTRUTURAÇÃO E QUALIFICAÇÃO URBANA,QUALIFICAÇÃO DA URBANIZAÇÃO,NA,-,-,ZC,ZC,-,R,-,E-HMP,-,-,-,-,-,-,"0,6",-,"0,6",-,-,-,157.5,404.89,-,-,-%,627.5,1032.3900000000001,-,-,63404.24,NÃO,1,"1,3351",470,1492.97,-,-,-,-,-,-,NÃO,-,ARRECADADO AD,APROVA DIGITAL,31906-23-SP-ALV,APROVAÇÃO E EXECUÇÃO DE EDIFICAÇÃO NOVA,45567,,,,,,,45623,2024
2256/17975/2024,2256,1020.2023/0006177-4,,322332.58458808,7384184.4648889,122,018,0014-5,,095290,RUA,-,ANTONIO MULATTI,32,RUA,TENENTE,ISAIAS BRANCO DE ARAÚJO | ES ITAPECERICA,22 | 1391,MULATTI EMPREENDIMENTO IMOBILIÁRIO SPE LTDA,JARDIM SÃO LUÍS,MBOI MIRIM,ESTRUTURAÇÃO E QUALIFICAÇÃO URBANA,REDUÇÃO DA VULNERABILIDADE URBANA,NA,-,ZEU,ZEU,-,-,R,R2v-2,E-HMP,-,-,-,-,-,-,"0,3",-,"0,4/0,8",-,-,-,8824.5400000000009,7123.47,-,-,-%,11031.44,18154.91,-,-,35557.93,SIM,1,"4,9986",2206.9,1488.9,-,-,-,-,-,-,NÃO,-,ARRECADADO AD / REAPROVEITAMENTO,APROVA DIGITAL,27247-23-SP-ALV,APROVAÇÃO DE EDIFICAÇÃO NOVA,45558,,,,,,,45610,2024
2257/16050/2024,2257,1020.2022/0022887-1,,341223.1602953,7393358.1846282,055,204,0036-9/0037-7/0038-5,0036-9,062391,PRAÇA,-,COXIM,478,AVENIDA,DOUTOR,EDUARDO COTCHING ,"464, 474",RESIDENCIAL VISTA CERET SPE LTDA,VILA FORMOSA,ARICANDUVA/FORMOSA/CARRÃO,ESTRUTURAÇÃO E QUALIFICAÇÃO URBANA,QUALIFICAÇÃO DA URBANIZAÇÃO,NA,-,-,ZEUP,ZEUP,-,R,R2v-2,-,-,nR1-12,nR1-15,-,-,-,"0,6",-,"0,8",-,-,-,2301.0500000000002,3557.34,570.41999999999996,154.46,4.3420083545570566E-2,3068.18,6625.52,-,-,715510.71,NÃO,1,"3,9995",767.13,2590.96,-,-,-,-,-,-,NÃO,-,ARRECADADO AD,APROVA DIGITAL,22666-22-SP-ALV,APROVAÇÃO DE EDIFICAÇÃO NOVA,45356,,,,,,,45628,2024
2258/16050/2023,2258,1020.2023/0012044-4,,333389.8909241,7390389.8862922,039,074,0031-3/0032-1,-,195839,RUA,-,VERGUEIRO ,"3176, 3186 (ANTIGO 618)",-,-,-,-,FRATTA VERGUEIRO EMPREENDIMENTO IMOBILIÁRIO SPE LTDA ,VILA MARIANA,VILA MARIANA,ESTRUTURAÇÃO E QUALIFICAÇÃO URBANA,URBANIZAÇÃO CONSOLIDADA,NA,-,-,ZEU,EETU,-,R,R2v-2,-,-,nR1-3,nR1-12,-,-,-,"0,7",-,"0,8",-,-,-,1752.78,2098.61,462.92,226.56,0.10795717165171231,2337.04,4435.6499999999996,-,-,1103022.01,NÃO,1,"4,0000",584.26,4494.99,-,-,-,-,-,-,NÃO,-,ARRECADADO AD,APROVA DIGITAL,29655-23-SP-ALV,APROVAÇÃO DE EDIFICAÇÃO NOVA,45271,,,,,,,45628,2024
2259/17975/2024,2259,1020.2023/0004282-6,,329820.27640459,7393395.1260951,013,019,0354-1,-,189472,ALAMEDA,-,TIETÊ,459,-,-,-,-,RFM-E & J-VM TIETÊ EMPREENDIMENTO IMOBILIÁRIO LTDA,JARDIM PAULISTA,PINHEIROS,ESTRUTURAÇÃO E QUALIFICAÇÃO URBANA,URBANIZAÇÃO CONSOLIDADA,NA,-,ZEU,ZEU,-,-,R,R2v-2,-,-,-,-,-,-,-,"0,7",-,"1,0",-,-,-,3496,5416.72,-,-,-%,4416,9832.7199999999993,-,-,6.034.193.60,NÃO,1,"4,8000",920,11835.62,-,-,-,-,-,-,SIM,OPCIONAL,ARRECADADO AD,APROVA DIGITAL,26152-23-SP-ALV,APROVAÇÃO DE EDIFICAÇÃO NOVA,45309,47395-24-SP-ALV,EXECUÇÃO DE EDIFICAÇÃO NOVA,45618,,,,45849,2025
2260/16050/2023,2260,1010.2023/0008989-5,,324704.9009241,7390525.0462922,101,413,0006-9/0007-7/0008-5,-,191388,RUA,-,DOS TRÊS IRMÃOS,186,-,-,-,-,EXTO LINE EMPREENDIMENTOS IMOBILIÁRIOS SPE LTDA,MORUMBI,BUTANTÂ,ESTRUTURAÇÃO E QUALIFICAÇÃO URBANA,URBANIZAÇÃO CONSOLIDADA,NA,-,-,ZEU,EETU,-,R,R2v-2,-,-,-,-,-,-,-,"0,7",-,"1,0",-,-,-,4378.13,6663.71,-,-,-%,5999.63,12663.34,-,-,2708871.21,NÃO,1,"3,9998",1500,3535.37,-,-,4.5,-,-,-,NÃO,-,QUITADO,SEI,2023/08316-00,APROVAÇÃO DE EDIFICAÇÃO NOVA,45282,,,,,,,45623,2024
2061/16050/2024,2261,1020.2022/0023870-2,,346814.56514918,7398859.9717207,110,453,0004-6,-,171166,AVENIDA,-,CONRADO NIEMAYER,"3, PARTE LOTES 2 E 3",-,-,-,-,RICARDO DI SANTO / FERNANDA PUREZA GONÇALVES DI SANTO,PONTE RASA,EMRMELINO MATARAZZO,ESTRUTURAÇÃO E QUALIFICAÇÃO URBANA,ESTRUTURAÇÃO METROPOLITANA,ARCO LESTE,-,-,ZM,ZM,-,R,R2h-3,-,-,-,-,-,-,-,"0,3",-,"0,8",-,-,-,147.16999999999999,35.57,-,-,-%,467.17,502.75,-,-,24434.62,NÃO,1,"1,4599",320,1009.95,-,-,-,-,-,-,NÃO,-,ARRECADADO AD,APROVA DIGITAL,23755-22-SP-ALV,APROVAÇÃO E EXECUÇÃO DE EDIFICAÇÃO NOVA,45588,,,,,,,45631,2024
2262/16050/2024,2262,1020.2023/0010385-0,,333519.21135561,7389095.6033901,042,115,0067-8,-,028207,RUA,-,JOSÉ ALVES PASSOS,91,-,-,-,-,RESIDENCIAL SANTA CRUZ DE CABRALIA SPE LTDA,SAÚDE,VILA MARIANA,ESTRUTURAÇÃO E QUALIFICAÇÃO URBANA,URBANIZAÇÃO CONSOLIDADA,NA,-,-,ZM,ZM,-,R,-,E-HMP,-,-,-,-,-,-,"0,7",-,"0,4",-,-,-,328.56,183.78,-,-,-%,578.55999999999995,762.34,-,-,148192.51,NÃO,1,"2,3142",250,3727.88,-,-,-,-,-,-,NÃO,-,ARRECADADO AD,APROVA DIGITAL,29513-23-SP-ALV,APROVAÇÃO E EXECUÇÃO DE EDIFICAÇÃO NOVA,45589,,,,,,,45631,2024
2263/16050/2023,2263,1020.2023/0001745-7,,328020.20053696,7397118.0296221,022,027,0032-3/0033-1/0034-1/0035-8/0036-6,-,027766,RUA,BARÃO,DP BANANAL,"236,240,246,248,254",-,-,-,-,SPE 03 BARÃO DO BANANAL EMPREENDIMENTOS IMOBILIÁRIOS LTDA,PERDIZES,LAPA,ESTRUTURAÇÃO E QUALIFICAÇÃO URBANA,URBANIZAÇÃO CONSOLIDADA,NA,-,-,ZEU,EETU,-,R,R2v-2,-,-,nR1-3,nR1-12,-,-,-,"0,7",-,"0,8",-,-,-,3091.87,3070.08,843.02,353.6,0.11517615176151763,4265.9799999999996,7336.06,-,-,1870822.13,NÃO,1,"3,9500",1080,4267.9399999999996,-,-,31.37,-,-,-,NÃO,-,ARRECADADO AD,APROVA DIGITAL,24684-23-SP-ALV,APROVAÇÃO DE EDIFICAÇÃO NOVA,45281,,,,,,,45631,2024
2264/16050/2024,2264,1020.2023/0004318-0,,333218.53804462,7388809.7037657,042,132,0019-1/0020-5,-,160350,RUA,OUVIDOR,PELEJA,"213,221",-,-,-,-,QUALITEC SERVIÇOS TÉCNICOS DE ENGENHARIA QUALIDADE E CONSTRUÇÕES LTDA/SIPCON EMPREENDIMENTOS IMOBILIÁRIOS LTDA,SAÚDE,VILA MARIANA,ESTRUTURAÇÃO E QUALIFICAÇÃO URBANA,URBANIZAÇÃO CONSOLIDADA,NA,-,-,ZEU,EETU,-,R,R2v-1,E-HMP,-,nR1-3,nR1-12,-,-,-,"0,7",-,"0,4/0,6/0,8/0,9",-,-,-,2230.9299999999998,1823.64,295.08,106.39,5.8339365225592771E-2,2810.93,4634.57,-,-,699076.21,NÃO,1,"4,8464",580,4115.8500000000004,-,-,-,-,-,-,NÃO,-,ARRECADADO AD,APROVA DIGITAL,26202-23-SP-ALV,APROVAÇÃO DE EDIFICAÇÃO NOVA,45302,,,,,,,45635,2024
2265/16050/2024,2265,"1020.2021/0007668-9
",,328396.8000959,7395451.287709,012,102,0043-0/0044-9,-,194883,RUA,-,PLINIO DE MORAIS,"384,394",-,-,-,-,LUIZ EDUARDO RIBEIRO DOS SANTOS,PERDIZES,LAPA,ESTRUTURAÇÃO E QUALIFICAÇÃO URBANA,URBANIZAÇÃO CONSOLIDADA,NA,-,-,ZM,ZM,-,R,R2v-1,-,-,nR1-3,nR1-6,-,-,-,"0,7",-,"0,8/0,9/1,0",-,-,-,513.39,1662.1,-,112.39,6.7619276818482649E-2,1123.17,2785.27,-,-,591847.18999999994,NÃO,1,"1,9985",562,3392.93,-,-,47.78,-,-,-,NÃO,-,ARRECADADO AD,APROVA DIGITAL,2918-21-SP-ALV,APROVAÇÃO DE EDIFICAÇÃO NOVA,45302,,,,,,,45635,2024
2266/16050/2023,2266,1020.2023/0015014-9,,331488.97707185,7391959.9999724,036,034,0131-1/0130-1/0129-8/0128-1/0134-4/0135-2/0136-0/0137-9/0138-7/0139-5/0140-9/0141-7/0142-5/0143-3/0132-8/0133-6,-,192716,RUA,-,TUTOIA,"318,LJ 4,322,LJ 3,324,CJ 3,CJ 4,CJ 5,CJ 6,CJ 7,CJ 8, CJ 9,CJ 10,CJ 11,CJ 12,328,LJ 2,330,LJ 1,334,CJ 1,CJ 2",-,-,-,-,RICARDO COSTA LEVY/ALINE ALVES DE CARVALHO SOUSA LEVY/ANTONIO RICARDO RIQUENA LEVY,MOEMA,VILA MARIANA,ESTRUTURAÇÃO E QUALIFICAÇÃO URBANA,URBANIZAÇÃO CONSOLIDADA,NA,-,-,ZM,ZM,-,R,R2h-3,-,-,-,-,-,-,-,"0,7",-,"1,0",-,-,-,115.41,465.06,-,-,-%,905.46,1370.52,-,-,722257.67,NÃO,1,"1,1461",790.05,10246.26,-,-,-,-,-,-,NÃO,-,ARRECADADO AD,APROVA DIGITAL,30699-23-SP-ALV,APROVAÇÃO DE EDIFICAÇÃO NOVA,45187,,,,,,,45635,2024
2267/17975/2024,2267,1020.2023/0025193-0,,332181.43757577,7392886.611344,009,067,0010-8/0011-6/0012-4/0013-2/0014-0,-,023680,RUA,-,ARTUR PRADO,"596,604,618,642,650",-,-,-,-,ARENAL EMPREENDIMENTO IMOBILIÁRIO,BELA VISTA,SÉ,ESTRUTURAÇÃO E QUALIFICAÇÃO URBANA,URBANIZAÇÃO CONSOLIDADA,NA,-,ZEU,ZEU,-,-,R,R2v-2,-,-,nR1-3,nR1-12,-,-,-,"0,7",-,"1,0",-,-,-,5542.74,5050.2700000000004,1211.32,295.07,5.8426579172994708E-2,7291.53,12341.8,-,-,6484908.4699999997,NÃO,1,"4,7992",1519.32,8021.41,-,-,76.489999999999995,-,-,-,NÃO,-,ARRECADADO AD,APROVA DIGITAL,35090-23-SP-ALV,APROVAÇÃO DE EDIFICAÇÃO NOVA,45468,45559-24-SP-ALV,EXECUÇÃO DE EDIFICAÇÃO NOVA,45629,,,,45846,2025
2268/16050/2024,2268,1020.2023/0002791-6,,327672.29256822,7396177.3234839,012,043,0027-5/0032-1,-,006718,AVENIDA,PROFESSOR,ALFONSO BOVERO,"1425,1429,1437",RUA,-,COTOXÓ,1070,IPANEMA SPE EMPREENDIMENTOS IMOBILIÁRIOS LTDA,PERDIZES,LAPA,ESTRUTURAÇÃO E QUALIFICAÇÃO URBANA,URBANIZAÇÃO CONSOLIDADA,NA,-,-,ZM,ZM,-,R/nR,R2v-2,-,-,nR1-3,nR2-3,-,-,-,"0,7","1,3","0,8/0,9/1,0","1,0",3118.03,518.35,3636.39,11461.41,-,727.38,6.346339586490668E-2,7533.37,18994.68,5433114.4699999997,1759967.17,7193081.6399999997,NÃO,1,"2,0000",3766.64,6718,-,-,130.24,-,-,-,NÃO,-,ARRECADADO AD,APROVA DIGITAL,25362-23-SP-ALV,APROVAÇÃO DE EDIFICAÇÃO NOVA,45463,,,,,,,45642,2024
2269/17975/2024,2269,1020.2023/0023949-2,,326582.52831435,7384170.8811437,087,088,0026-1,-,002224,AVENIDA,-,ADOLFO PINHEIRO,"1097-1099,1101,1103",-,-,-,-,CNP09 EMPREENDIMENTO IMBILIÁRIO LTDA,SANTO AMARO,SANTO AMARO,ESTRUTURAÇÃO E QUALIFICAÇÃO URBANA,QUALIFICAÇÃO DA URBANIZAÇÃO,NA,ZEU,ZEU,-,-,-,R,R2v-2,HMP,-,nR1-3,nR1-12,-,-,-,"0,6",-,"1,0/0,8/0,4",-,-,-,7161.87,7408.47,1817.09,608.12,8.2084424989235294E-2,9679.5499999999993,17088.02,-,-,2412770.7000000002,NÃO,1,"4,9900",1940,3794.23,-,-,192.56,-,-,-,NÃO,-,ARRECADADO AD,APROVA DIGITAL,34977-23-SP-ALV,APROVAÇÃO DE EDIFICAÇÃO NOVA,45596,,,,,,,45645,2024
2270/16050/2024,2270,1020.2023/0012462-8,,332320.2163804,7383950.1882423,091,018,0002-7,-,100412,RUA,-,DOS JEQUITIBAS,3610,-,-,-,-,PATRICIA FERRARI ORTIZ/CINTIA FERRARI ORTIZ,JABAQUARA,JABAQUARA,ESTRUTURAÇÃO E QUALIFICAÇÃO URBANA,QUALIFICAÇÃO DA URBANIZAÇÃO,NA,-,-,ZEU,EETU,-,R,R2v-2,-,-,-,-,-,-,-,"0,6",-,"0,8",-,-,-,2005.91,559.75,-,-,-%,2791.91,3351.66,-,-,339270.67,NÃO,1,"3,5520",786,1251.6199999999999,-,-,-,-,-,-,NÃO,-,ARRECADADO AD,APROVA DIGITAL,30071-23-SP-ALV,APROVAÇÃO DE EDIFICAÇÃO NOVA,45464,,,,,,,45653,2024
2271/16050/2024,2271,1020.2023/0023215-3,,332589.39462919,7386747.219693,047,078,0020-3/0002-5/0003-3,-,146862,RUA,-,DAS UVAIAS,"256,262",RUA,-,PARACATU,S/N,ACH ENGENHARIA E CONSTRUTORA LTDA,SAÚDE,VILA MARIANA,ESTRUTURAÇÃO E QUALIFICAÇÃO URBANA,URBANIZAÇÃO CONSOLIDADA,NA,-,-,ZEU,EETU,-,R,R2v-2,-,-,nR1-3,nR1-12,-,-,-,"0,7",-,"0,8",-,-,-,2993.17,4050.12,708.43,64.73,1.5982242501456748E-2,3991.02,8041.14,-,-,1151721.6399999999,NÃO,1,"3,9996",997.85,2748.19,-,-,-,-,-,-,NÃO,-,ARRECADADO AD,APROVA DIGITAL,34691-23-SP-ALV,APROVAÇÃO DE EDIFICAÇÃO NOVA,45309,,,,,,,45653,2024
2272/17975/2024,2272,1020.2023/0012165-3,,333474.04505407,7401068.5174267,072,071,0046-9/0047-7/0064-7/0065-7/0066-3/0075-2/0090-6/0091-4/0102-3/0103-1,0510-1,073270,RUA,-,FRANCISCA JULIA,"550,556,558,560,570,578,586,588,596,602",-,-,-,-,VITTRINO SPE EMPREENDIMENTO IMOBILIÁRIO ,SANTANA,SANTANA/TUCURUVI,ESTRUTURAÇÃO E QUALIFICAÇÃO URBANA,QUALIFICAÇÃO DA URBANIZAÇÃO,NA,-,ZM,ZM,-,-,R,R2v-2,-,-,nR1-3,-,-,-,-,"0,6",-,"1,0",-,-,-,2765.54,6856.18,-,386.21,5.6330201365775108E-2,4741.07,11597.25,-,-,2051896.86,NÃO,1,"2,3999",1975.53,2967.68,-,-,-,-,-,-,SIM,OPCIONAL,ARRECADADO AD,APROVA DIGITAL,29801-23-SP-ALV,APROVAÇÃO DE EDIFICAÇÃO NOVA,45530,50384-25-SP-ALV,EXECUÇÃO DE EDIFICAÇÃO NOVA,45790,,,,45653,2024
2273/17975/2025,2273,6068.2024/0000751-3,,337861.22055639,7396116.5990223,029,003,0050-9/0013-4/0014-2/0015-0,0063-0,162361,RUA,-,PIMENTA BUENO,56 A 86,-,-,-,-,BARROCO INC. E SERV. CONSTRUTIVO LTDA,BELÉM,MOOCA,ESTRUTURAÇÃO E QUALIFICAÇÃO URBANA,ESTRUTURAÇÃO METROPOLITANA,ARCO LESTE,ZEUP,ZEUP,-,-,-,R,R2v-2,-,-,-,-,-,-,-,"0,3",-,"0,8/1,0",-,-,-,1363.46,1958.02,-,-,-%,2728.46,4686.4799999999996,-,-,459522.75,NÃO,1,"1,9989",1365,2617.9499999999998,-,-,68.849999999999994,-,-,-,NÃO,-,QUITADO,SEI,2025/00008-00,CERTIFICADO DE REGULARIZAÇÃO,45663,,,,,,,45687,2025
2274/16050/2024,2274,6068.2023/0002810-1,,332722.81639352,7384559.8880392,310,056,0137-1,-,203491,RUA,-,MUCURI,127,AVENIDA,-,LEONARDO  DA VINCI,1328,TIBÉRIO INCORPORAÇÕES E PARTICIPAÇÕES 71 LTDA,JABAQUARA,JABAQUARA,ESTRUTURAÇÃO E QUALIFICAÇÃO URBANA,QUALIFICAÇÃO DA URBANIZAÇÃO,NA,-,-,ZEU,EETU,-,R,R2v-2,E-HMP,-,nR1-3,-,-,-,-,"0,6",-,"0,4/0,9/1,0",-,-,-,13180.79,11852.26,-,449.66,3.79387559840908E-2,16476.39,28328.65,-,-,1380817.41,NÃO,1,"4,9995",3295.6,1711.56,-,-,184.67,-,-,-,NÃO,-,QUITADO,SEI,2024/03062-00,APROVAÇÃO DE EDIFICAÇÃO NOVA,45446,,,,,,,45699,2025
2275/16050/2023,2275,1020.2023/0003451-3,,336760.01567495,7393762.9460687,028,030,0096-2,-,124877,RUA,-,MADRE DE DEUS ,121,-,-,-,-,RESIDENCIAL MIRANTE DA MOOCA EMPREENDIMENTO IMOBILIÁRIO SPE LTDA,MOOCA,MOOCA,ESTRUTURAÇÃO E QUALIFICAÇÃO URBANA,QUALIFICAÇÃO DA URBANIZAÇÃO,NA,-,-,ZEU,EETU,-,R,R2v-1,E-HMP,-,-,-,-,-,-,"0,6",-,"0,4/0,6/0,8/1,0",-,-,-,2052.33,1614.93,-,-,-%,2568.89,4183.82,-,-,259845.47,NÃO,1,"4,9730",516.57000000000005,2048.8200000000002,-,-,-,-,-,-,NÃO,-,ARRECADADO AD,APROVA DIGITAL,25934-23-SP-ALV,APROVAÇÃO E EXECUÇÃO DE EDIFICAÇÃO NOVA,45155,,,,,,,45707,2025
2276/17975/2024,2276,1020.2022/0017498-4,,329353.51253416,7389917.1274782,041,001,0040-1/0041-8/0044-2/0045-0/0225-9/0226-7,-,036307,AVENIDA,,SANTO AMARO,"919,959,965,967,971",RUA,,BRÁS CARDOSO | TRAVESSA JOÃO MENDES | DOMINGOS FERNANDES,"690 | 02,04 | 705",VARI IV EMPREENDIMENTOS E PARTICIPAÇÕES LTDA - SPE,MOEMA,VILA MARIANA,ESTRUTURAÇÃO E QUALIFICAÇÃO URBANA,URBANIZAÇÃO CONSOLIDADA,NA,-,ZEU,ZEU,-,-,R/nR,R2v-4,-,-,nR1-3,nR1-6,-,-,-,"0,7","1,3","0,8/1,0/1,425","1,0",16411.97,334.45,16746.420000000002,31404.77,4384.8,2182.0700000000002,6.9482120072842449E-2,21924.05,53328.82,27603653.649999999,789745.31,28393398.959999997,NÃO,1,"4,8",4567.51,8718.6299999999992,-,-,203.37,20.07,-,-,SIM,OBRIGATÓRIO,ARRECADADO AD,APROVA DIGITAL,20217-22-SP-ALV,APROVAÇÃO DE EDIFICAÇÃO NOVA,45523,48334-24-SP-ALV,EXECUÇÃO DE EDIFICAÇÃO NOVA,45705,,,,45824,2025
2277/17975/2024,2277,1020.2023/0024660-0,,332769.95536352,7389358.139279,042,074,0027-3,-,117412,RUA,-,LEONARDO NUNES,"51,61,73",-,-,-,-,CBR 036 EMPREENDIMENTOS IMOBILIÁRIOS LTDA,VILA MARIANA,VILA MARIANA,ESTRUTURAÇÃO E QUALIFICAÇÃO URBANA,URBANIZAÇÃO CONSOLIDADA,NA,-,ZEU,ZEU,-,-,R,R2v-2,HMP,HIS - 2,nR1-3,nR1-12,-,-,-,"0,7",-,"0,0/0,4/0,8/1,0",-,-,-,5.36,6351.88,2374.66,248.18,3.9071896824247311E-2,12691.22,19043.099999999999,-,-,1942.46,NÃO,1,"7,2344",1754.28,4684.87,-,-,-,-,11164.46,1269.1199999999999,SIM,OPCIONAL,ARRECADADO AD,APROVA DIGITAL,35143-23-SP-ALV,APROVAÇÃO DE EDIFICAÇÃO NOVA,45586,,,,,,,45709,2025
2278/17975/2024,2278,1020.2023/0019372-7,,335721.44893342,7389316.5325221,043,068,0018-0/0019-9/0020-2/0054-7,-,144495,RUA,-,ANTONIO MARCONDES,300-330,AVENIDA,-,NAZARÉ,"1588,1594,1596,1600,1606,1616,1626",CBR 017 EMPREENDIMENTOS IMOBILIÁRIOS LTDA,IPIRANGA,IPIRANGA,ESTRUTURAÇÃO E QUALIFICAÇÃO URBANA,URBANIZAÇÃO CONSOLIDADA,NA,-,ZEU,ZEU,-,-,R,R2v-3,-,-,nR1-3,nR1-6,-,-,-,"0,7",-,"1,0/1,4",-,-,-,9026.51,9835.51,-,1013.12,0.10300635147541917,11975.71,21811.22,-,-,5998805.4900000002,NÃO,1,"4,7998",2495,3334.29,-,-,151.4,24,-,1197.57,SIM,OBRIGATÓRIO,ARRECADADO AD,APROVA DIGITAL,33002-23-SP-ALV,APROVAÇÃO DE EDIFICAÇÃO NOVA,45497,,,,,,,45709,2025
2279/17975/2024,2279,1020.2023/0012764-3,,331237.77389081,7388452.1924715,045,047,0021-2/0026-3/0037-9/0038-7/0039-5,-,192511,AVENIDA,-,ACOCE,"778,782,808,S/N,S/N",-,-,-,-,ACOCE EMPREENDIMENTOS IMOBILIÁRIOS SPE LTDA,MOEMA,VILA MARIANA,ESTRUTURAÇÃO E QUALIFICAÇÃO URBANA,URBANIZAÇÃO CONSOLIDADA,NA,-,ZC,ZC,-,-,R,R2v-2,-,-,-,-,-,-,-,"0,7",-,"1,0",-,-,-,2968.68,6009.27,-,-,-%,5089.28,11098.55,-,-,5022538.57,NÃO,1,"2,3999",2120.6,5800.42,-,-,-,-,-,-,SIM,OPCIONAL,ARRECADADO AD,APROVA DIGITAL,29273-23-SP-ALV,APROVAÇÃO DE EDIFICAÇÃO NOVA,45485,,,,,,,45709,2025
2280/17975/2024,2280,1020.2023/0019205-4,,333307.42539653,7390410.6011434,039,075,0013-1,-,196940,RUA,-,VIEIRA FAZENDA,39,-,-,-,-,CEIRY XIV EMPREENDIMENTOS IMOBILIÁRIOS SPE LTDA,VILA MARIANA,VILA MARIANA,ESTRUTURAÇÃO E QUALIFICAÇÃO URBANA,URBANIZAÇÃO CONSOLIDADA,NA,-,ZEU,ZEU,-,-,R,R2v-1,E-HMP,HIS - 2,nR1-3,nR1-12,-,-,-,"0,7",-,"0,4/0,8",-,-,-,3560.84,2836.05,567.49,92.63,3.2661624442446358E-2,4274.84,7110.89,-,-,889238.05,NÃO,1,"5,99",714,4521.8100000000004,-,-,-,-,-,-,SIM,OPCIONAL,ARRECADADO AD / REAPROVEITAMENTO,APROVA DIGITAL,33234-23-SP-ALV,APROVAÇÃO DE EDIFICAÇÃO NOVA,45576,,,,,,,45709,2025
2281/16050/2024,2281,1020.2022/0017410-0,,335864.84941282,7395291.2127471,027,007,0028-7/0029-5/0030-9/0031-7/0032-5/0100-3/0178-1/0180-1,0189-5,017833,RUA,CORONEL,ANTONIO MARCELO,"154 E 158,160 A 166, S/N,S/N,186",RUA,-,VIEIRA MARTINS | INÁCIO DE ARAÚJO,1  | S/N,INDÚSTRIA TÊXTIL BETILHA LTDA,BRÁS,MOOCA,ESTRUTURAÇÃO E QUALIFICAÇÃO URBANA,ESTRUTURAÇÃO METROPOLITANA,ARCO LESTE,-,-,ZEU,EETU,-,R/nR,R2v-2,E-HMP,HIS - 2,nR1-1,nR1-2,nR1-3,nR1-5,nR1-6,"0,3","0,0","0,0/0,4/0,6/0,9","1,0",22449.95,1053.06,23503.010000000002,35040.97,4638.45,1823.04,5.2025957043997352E-2,28784.35,63825.32,1698395.96,0,1698395.96,NÃO,1,"5,4502",5281.34,2215.36,-,-,351.47,-,-,2878.44,SIM,OBRIGATÓRIO,ARRECADADO AD,APROVA DIGITAL,20355-22-SP-ALV,APROVAÇÃO DE EDIFICAÇÃO NOVA,45376,,,,,,,45709,2025
2282/17975/2024,2282,1020.2023/0022439-8,,324524.76610055,7396591.1907034,080,106,0017-2/0040-7/0041-5/0042-3/0045-8/0050-4/0053-9/0074-1/0075-1/0076-8/0077-6/0082-2/0083-0/0084-9,-,106631,AVENIDA,-,DIÓGENES DE RIBEIRO LIMA,"3278,3290,3304,3314,3320,3322",RUA,-,JORGE AMERICANO | SALES JÚNIOR,"572,578,580|573,559,567,579,591 ",TDSP - DIOGENES RIBEIRO DE LIMA EMPREENDIMENTOS IMOBILIÁRIOS LTDA,LAPA,LAPA,ESTRUTURAÇÃO E QUALIFICAÇÃO URBANA,URBANIZAÇÃO CONSOLIDADA,NA,-,ZC,ZC,-,-,R,R2v-2,-,-,nR1-3,-,-,-,-,"0,7",-,"1,0",-,-,-,5267.06,11869.43,-,425.2,3.5823118717579532E-2,9460.0499999999993,21329.48,-,-,3894157.27,SIM,1,"2,3999",3941.93,2534.73,-,-,251.06,-,-,-,SIM,OBRIGATÓRIO,ARRECADADO AD,APROVA DIGITAL,34470-23-SP-ALV,APOSTILAMENTO DE  ALV. DE APROVAÇÃO DE EDIFICAÇÃO NOVA,45519,34470-23-SP-ALV,EXECUÇÃO DE EDIFICAÇÃO NOVA,45806,,,,45709,2025
2283/16050/2024,2283,1020.2022/0011499-0,,345200.9101,7398231.86085,059,044,0042-1,-,199702,RUA,-,WOLSTEIN,235,-,-,-,-,M-THI INCORPORA;ÓES E EMPREENDIMENTOS IMOBILI[ARIOS LTDA,PENHA,PENHA,ESTRUTURAÇÃO E QUALIFICAÇÃO URBANA,ESTRUTURAÇÃO METROPOLITANA,ARCO LESTE,-,-,ZM,ZM,-,R,-,E-HMP,-,-,-,-,-,-,"0,3",-,"0,6",-,-,-,217.63,353.83,-,-,-%,697.63,1051.46,-,-,27218.240000000002,NÃO,1,"1,4533",480,1009.84,-,-,-,-,-,-,NÃO,-,ARRECADADO AD,APROVA DIGITAL,14084-22-SP-ALV,APROVAÇÃO E EXECUÇÃO DE EDIFICAÇÃO NOVA,45446,,,,,,,45709,2025
2284/16050/2024,2284,1020.2023/0026863-8,,328607.88006274,7395660.4350184,012,106,0708-5,-,694894,RUA,-,SEBASTIÃO CORTES,99999,-,-,-,-,SEBASTIÃO CORTES INCORPORADORA SPE LTDA,PERDIZES,LAPA,ESTRUTURAÇÃO E QUALIFICAÇÃO URBANA,URBANIZAÇÃO CONSOLIDADA,NA,-,-,ZM,ZM,-,R,R2v-2,-,-,-,-,-,-,-,"0,7",-,"0,8/1,0",-,-,-,2280.88,6558.83,-,-,-%,4561.76,11120.59,-,-,2733827.39,NÃO,1,2,2280.88,3454.61,-,-,-,-,-,-,NÃO,-,ARRECADADO AD,APROVA DIGITAL,35593-23-SP-ALV,APROVAÇÃO DE EDIFICAÇÃO NOVA,45428,,,,,,,45712,2025
2285/17975/2024,2285,1020.2023/0003310-0,,327474.9169,7386132.06585,085,587,0072-9,-,181196,RUA,-,ANDREA PAULINETTI,S/N,-,-,-,-,LAVVI NORUEGA EMPREENDIMENTOS IMOBILI[ARIOS LTDA,SANTO AMARO,SANTO AMARO,ESTRUTURAÇÃO E QUALIFICAÇÃO URBANA,URBANIZAÇÃO CONSOLIDADA,NA,-,ZEU,ZEU,-,-,R,R2v-4,-,-,nR1-3,nR1-12,-,-,-,"0,7",-,"0,8/1,4",-,-,-,18210.88,27250.74,4756.83,798.14,2.9288745920294273E-2,25421.64,52672.38,-,-,9534922.7300000004,NÃO,1,"4,7828",5315.27,2873.22,-,-,631.83000000000004,23.99,-,-,SIM,OBRIGATÓRIO,ARRECADADO AD,APROVA DIGITAL,25641-23-SP-ALV,APROVAÇÃO DE EDIFICAÇÃO NOVA,45503,48062-24-SP-ALV,EXECUÇÃO DE EDIFICAÇÃO NOVA,45674,,,,45712,2025
2286/17975/2024,2286,1020.2023/0014803-9,,337458.70012993,7393033.7330793,032,040,0001-1/0002-8/0062-1/0063-1/0064-8/0130-1,-,124877,RUA,-,TAMARATACA,"S/N,256,258,266",RUA,-,MADRE DE DEUS,"1143,1159",CBR MAGIK LZ 21 EMPREENDIMENTOS IMOBILIÁRIOS LTDA,MOOCA,MOOCA,ESTRUTURAÇÃO E QUALIFICAÇÃO URBANA,URBANIZAÇÃO CONSOLIDADA,NA,-,ZEU,ZEU,-,-,R,R2v-3,-,-,-,-,-,-,-,"0,6",-,"0,8/1,0",-,-,-,10313.83,10321.67,-,-,-%,13725.93,24047.599999999999,-,-,2555126.34,NÃO,1,"4,7988",2860.31,2265.96,-,-,183.93,-,-,-,SIM,OBRIGATÓRIO,ARRECADADO AD,APROVA DIGITAL,30878-23-SP-ALV,APROVAÇÃO DE EDIFICAÇÃO NOVA,45489,48261-24-SP-ALV,EXECUÇÃO DE EDIFICAÇÃO NOVA,45737,,,,45712,2025
2287/17975/2024,2287,1020.2023/0010664-6,,332955.98603906,332955.98603906,037,063,0006-0/0007-9/0008-7/0009-5/0010-9/0011-7/0012-5/0013-3/0014-1/0015-1/0024-9/0025-7/0026-5,-,044245,RUA,-,SUD MENNUCCI,"117,119,127,133,145,149,159,165,179,183",RUA,-,CARLOS VITOR COCOZZA,"112,124,130",TRISUL MAMONA EMPREENDIMENTOS IMOBILIÁRIOS LTDA,VILA MARIANA,VILA MARIANA,ESTRUTURAÇÃO E QUALIFICAÇÃO URBANA,URBANIZAÇÃO CONSOLIDADA,NA,-,ZEU,ZEU,-,-,R,R2v-3,-,-,nR1-3,nR1-12,-,-,-,"0,7",-,"0,8/1,0",-,-,-,10548.87,11856.45,3005.95,181.17,1.5280290474804852E-2,15064.72,26921.17,-,-,5903189.1799999997,NÃO,1,"4,7965",3140.8,3995.52,-,-,458.35,-,-,-,SIM,OBRIGATÓRIO,ARRECADADO AD,APROVA DIGITAL,29022-23-SP-ALV,APROVAÇÃO DE EDIFICAÇÃO NOVA,45519,,,,,,,45712,2025
2288/17975/2024,2288,1020.2023/0019817-6,,342509.612,7395504.3869,056,194,0006-9/0030-1/0031-1/0034-4/0039-5/0076-1/0077-8/0078-6,-,100455,RUA,-,JERICINÓ,"02,04,14,16,18",-,-,-,-,PROJETO IMOBILIÁRIO DI 1 LTDA,CARRÃO,ARICANDUVA/FORMOSA/CARRÃO,ESTRUTURAÇÃO E QUALIFICAÇÃO URBANA,QUALIFICAÇÃO DA URBANIZAÇÃO,NA,-,ZEU,ZEU,-,-,R,R2v-4,HMP,HIS - 2,-,-,-,-,-,"0,6",-,"0,0/0,4/0,8",-,-,-,22697.09,15007.31,-,-,-%,27192.52,42199.83,-,-,1889662.04,NÃO,1,"6,5802",4132.49,1418.05,-,-,120.98,-,-,2291.48,SIM,OBRIGATÓRIO,ARRECADADO AD,APROVA DIGITAL,33289-23-SP-ALV,APROVAÇÃO DE EDIFICAÇÃO NOVA,45547,,,,,,,45712,2025
2289/17975/2024,2289,1020.2023/0024659-6,,331998.69325,7391919.0709,036,027,0012-7/0013-5/0014-3/0015-1/0016-1/0017-8/0018-6/0019-4/0044-5,-,000574,RUA,CORONEL,OSCAR PORTO,"597,609,617,619,629",RUA,-,ABILIO SOARES,"452,464,472,474",SANTORINI EMPREENDIMENTOS IMOBILI[ARIOS SPE S.A.,VILA MARIANA,VILA MARIANA,ESTRUTURAÇÃO E QUALIFICAÇÃO URBANA,URBANIZAÇÃO CONSOLIDADA,NA,-,ZEU,ZEU,-,-,R,R2v-2,-,-,nR1-3,nR1-12,-,-,-,"0,7",-,"1,0/1,425",-,-,-,5159.28,9373.9500000000007,1321.44,93.46,9.9701833271993116E-3,7114.41,16488.36,-,-,10778346.109999999,NÃO,1,"4,7960",1483.41,10372.84,-,-,157.24,24.06,-,-,SIM,OPCIONAL,ARRECADADO AD,APROVA DIGITAL,35115-23-SP-ALV,APOSTILAMENTO DE  ALV. DE APROVAÇÃO DE EDIFICAÇÃO NOVA,45519,48333-24-SP-ALV,EXECUÇÃO DE EDIFICAÇÃO NOVA,45713,,,,45712,2025
2290/17975/2024,2290,1020.2023/0021356-6,,330904.15099918,7392797.2349915,009,083,0035-2/0036-0/0037-9,-,096423,ALAMEDA,-,ITU,"225,235,251",-,-,-,-,ONE DI 56 EMPREENDIMENTO IMOBILIARIO SPE LTDA,JARDIM PAULISTA,PINHEIROS,ESTRUTURAÇÃO E QUALIFICAÇÃO URBANA,URBANIZAÇÃO CONSOLIDADA,NA,-,ZEU,ZEU,-,-,R,R2v-2,HMP,-,nR1-2,nR1-12,-,-,-,"0,7",-,"0,4/1,0",-,-,-,3715.99,3029.83,514.16999999999996,222.43,7.341335982546876E-2,4490.99,7520.82,-,-,4744661.49,NÃO,1,"5,7948",775,11784.15,-,-,-,-,-,-,SIM,OPCIONAL,ARRECADADO AD,APROVA DIGITAL,33442-23-SP-ALV,APROVAÇÃO DE EDIFICAÇÃO NOVA,45485,46142-24-SP-ALV,EXECUÇÃO DE EDIFICAÇÃO NOVA,45699,,,,45712,2025
2291/18081/2024,2291,1020.2024/0006545-3,,341047.98384072,7388832.5500123,051,170,0018-8/0019-6,-,038318,RUA,VISCONDE,DE CAETÉ,"511,515,523",-,-,-,-,CALIFORNIA EMPREENDIMENTOS IMOBILIÁRIOS SPE LTDA,VILA PRUDENTE,VILA PRUDENTE,ESTRUTURAÇÃO E QUALIFICAÇÃO URBANA,QUALIFICAÇÃO DA URBANIZAÇÃO,NA,ZM,ZM,-,-,-,R,R2v-1,HMP,-,-,-,-,-,-,"0,6",-,"0,4/0,8",-,-,-,1206.5899999999999,2598.27,-,-,-%,2206.59,4804.8599999999997,-,-,307990.59999999998,NÃO,1,"2,2065",1000,1233.6300000000001,-,-,-,-,-,-,NÃO,-,ARRECADADO AD,APROVA DIGITAL,39142-24-SP-ALV,APROVAÇÃO E EXECUÇÃO DE EDIFICAÇÃO NOVA,45642,,,,,,,45712,2025
2292/17975/2025,2292,1020.2023/0028521-4,,330174.58758576,7388094.1514197,041,208,0032-6/0037-7/0158-6,-,114260,ALAMEDA,-,DOS JURUPIS,"S/N,1246,1270",-,-,-,-,CNP16 EMPREENDIMENTO IMBILIÁRIO LTDA,MOEMA,VILA MARIANA,ESTRUTURAÇÃO E QUALIFICAÇÃO URBANA,URBANIZAÇÃO CONSOLIDADA,NA,-,ZEU,ZEU,-,-,R,R2v-2,-,-,nR1-3,nR1-12,-,-,-,"0,7",-,"1,0",-,-,-,3904.13,4391.55,989.23,81.84,1.8635789186050484E-2,5424.39,9815.94,-,-,4041448.24,NÃO,1,"3,999",1356.13,5915.13,-,-,54.71,-,-,-,NÃO,-,ARRECADADO AD,APROVA DIGITAL,35995-23-SP-ALV,APROVAÇÃO DE EDIFICAÇÃO NOVA,45674,,,,,,,45712,2025
2293/17975/2025,2293,1020.2024/0008255-2,,342777.44224701,7398232.8114198,060,149,0033-0/0034-9,-,158704,RUA,-,PEDRO ALEGRETTI,"390,402",-,-,-,-,PORTO DE MOS CONSTRUÇÕES SPE LTDA,PENHA,PENHA,ESTRUTURAÇÃO E QUALIFICAÇÃO URBANA,ESTRUTURAÇÃO METROPOLITANA,ARCO LESTE,-,ZM,ZM,-,-,R,R2v-1,E-HMP,-,-,-,-,-,-,"0,3",-,"0,4/0,8",-,-,-,1181.68,1783.26,-,-,-%,1981.68,3764.94,-,-,79674.95,NÃO,1,"2,4771",800,1162.78,-,-,-,-,-,-,NÃO,-,ARRECADADO AD,APROVA DIGITAL,40179-24-SP-ALV,APROVAÇÃO E EXECUÇÃO DE EDIFICAÇÃO NOVA,45679,,,,,,,45712,2025
2294/17975/2025,2294,1020.2024/0000255-9,,325205.30865045,7401104.270112,077,436,0053-1,-,133841,RUA,PADRE,MARIANO RONCHI,1061,-,-,-,-,GCT INCORPORAÇÕES E EMPREENDIMENTOS LTDA,PIRITUBA,PIRITUBA/JARAGUÁ,ESTRUTURAÇÃO E QUALIFICAÇÃO URBANA,ESTRUTURAÇÃO METROPOLITANA,NOROESTE,-,ZM,ZM,-,-,R,-,E-HMP,-,-,-,-,-,-,"0,3",-,"0,4",-,-,-,2365.59,4138.84,-,-,-%,3990.59,8129.43,-,-,122451.52,NÃO,1,"2,4557",1625,1059.32,-,-,-,-,-,-,NÃO,-,ARRECADADO AD,APROVA DIGITAL,36772-23-SP-ALV,APROVAÇÃO E EXECUÇÃO DE EDIFICAÇÃO NOVA,45678,,,,,,,45712,2025
2295/17975/2024,2295,1010.2023/0009238-1,,332776.0854852,7388830.2533856,042,148,0015-1/0016-8/0017-6/0019-2/0066-4/0074-5/0075-3/0076-1/0087-7/0562-3/0687-5,-,008338,AVENIDA,DOUTOR,ALTINO ARANTES,218,-,-,-,-,TARJAB ALTINO ARANTES EMPREENDIMENTO IMOBILIÁRIO SPE LTDA,SAÚDE,VILA MARIANA,ESTRUTURAÇÃO E QUALIFICAÇÃO URBANA,URBANIZAÇÃO CONSOLIDADA,NA,-,ZEU,ZEU,-,-,R,R2v-3,-,-,-,-,-,-,-,"0,7",-,"0,8/1,0",-,-,-,9270.4,11056.4,-,-,-%,12802.32,23585.4,-,-,7399020.9500000002,NÃO,1,4,3202.32,3202.32,-,-,-,-,-,-,NÃO,-,QUITADO,SEI,2024/04867-00,APROVAÇÃO DE EDIFICAÇÃO NOVA,45525,,,,,,,45707,2025
2296/16050/2024,2296,1010.2023/0005998-8,,342534.16670618,7396294.9699151,056,003,0007-7/0033-6,-,185434,RUA,DOUTOR,SUZANO BRANDÃO ,520,-,-,-,-,SPE EMPREENDIMENTOS IMOBILIÁRIOS SUZANO BRANDÃO LTDA,VILA MATILDE,PENHA,ESTRUTURAÇÃO E QUALIFICAÇÃO URBANA,QUALIFICAÇÃO DA URBANIZAÇÃO,NA,-,-,ZEU,EETU,-,R,R2v-2,-,-,nR1-3,nR1-12,-,-,-,"0,6",-,"0,9/1,0",-,-,-,3852.02,7390.49,1450.93,118.18,1.5990820635708863E-2,5575.53,12966.02,-,-,636568.63,NÃO,1,"3,9999",1393.93,1149.29,-,-,109.86,-,-,-,NÃO,-,QUITADO,SEI,2024/01252-00,APROVAÇÃO DE EDIFICAÇÃO NOVA,45351,,,,,,,45705,2025
2297/17975/2023,2297,1010.2023/0011239-0,,338571.00260036,7390703.4290748,044,064,0010-9/0010-9/0012-5/0013-3/0018-4/0019-2/0020-6/0021-4/0022-2/0029-1/0030-3/0031-1/0032-1/0033-8/0034-6/0038-9/0039-7,-,163805,RUA,-,PIRES PIMENTEL ,330,-,-,-,-,MITRE JOSE DOS REIS EMPREENDIMENTOS LTDA,VILA PRUDENTE,VILA PRUDENTE,ESTRUTURAÇÃO E QUALIFICAÇÃO URBANA,QUALIFICAÇÃO DA URBANIZAÇÃO,NA,-,ZEU,ZEU,-,-,R,R2v-4,-,-,-,-,-,-,-,"0,6",-,"0,8/1,625",-,-,-,17138.86,17092.05,-,-,-%,23790.11,40882.160000000003,-,-,4141389.83,NÃO,1,"4,7964",4960,1268.49,-,-,563.75,26.25,-,-,SIM,OBRIGATÓRIO,QUITADO,SEI,2024/04664-00,APROVAÇÃO DE EDIFICAÇÃO NOVA,45520,50426-25-SP-ALV,EXECUÇÃO DE EDIFICAÇÃO NOVA,45761,,,,45705,2025
2298/17975/2024,2298,1010.2022/0010841-3,,331633.13948852,7391803.5452582,036,042,0001-6/0002-4/0003-2/0004-0/0005-9/0019-9/0020-2/0021-0/0022-9/0023-7/0024-5/0025-3/0026-1,-,177091,RUA,-,SAMPAIO VIANA,"663,671,685,687,695",RUA,-,ALCINO BRAGA l PROFESSOR ALEXANDRE ALBUQUERQUE,"178,180,194 l 36,48,52,60,68",SEI SAMPAIO VIANA EMPREENDIMENTO IMOBILIÁRIO LTDA,VILA MARIANA,VILA MARIANA,ESTRUTURAÇÃO E QUALIFICAÇÃO URBANA,URBANIZAÇÃO CONSOLIDADA,NA,-,ZM,ZM,-,-,R,R2v-2,-,-,-,-,-,-,-,"0,7",-,"1,0",-,-,-,3658.8,9025.5499999999993,-,-,-%,6272.78,15298.33,-,-,0,NÃO,1,"2,3997",2613.98,10269.39,-,-,-,-,3659.57,627.27,SIM,OBRIGATÓRIO,QUITADO,SEI,2024/03685-00,APROVAÇÃO DE EDIFICAÇÃO NOVA,45470,,,,,,,45727,2025
2299/17975/2027,2299,1010.2022/0008755-6,,327053.87931335,7384822.6178299,088,044,0007-2/0008-0/0012-9/0013-7/0014-5/0015-3/0016-1/0025-0/0026-9/0027-7/0099-4/0100-1,-,002224,RUA,-,ADOLFO PINHEIRO,1880,-,-,-,-,DIALOGO ENGENHARIA E CONTRUÇÃO LTDA,SANTO AMARO,SANTO AMARO,ESTRUTURAÇÃO E QUALIFICAÇÃO URBANA,QUALIFICAÇÃO DA URBANIZAÇÃO,NA,-,ZEU,ZEU,-,-,R,R2v-4,HMP,HIS - 2,nR1-3,nR2-1,-,-,-,"0,6",-,"0,4/0,8/1,0/1,075",-,-,-,24174.53,26921.53,-,-,-%,30842.63,57764.65,-,-,9512656.2699999996,NÃO,1,"5,6502",5458.65,3896.56,-,-,-,20.75,-,3084.26,SIM,OBRIGATÓRIO,QUITADO,SEI,2024/04358-00,APROVAÇÃO DE EDIFICAÇÃO NOVA,45510,,,,,,,45730,2025
2300/17975/2024,2300,1020.2023/0021857-6,,329834.35812509,7395996.116177,011,026,0035-0/0036-9/0037-7/0038-5/0039-3/0041-5/0042-3/0043-1/0044-1/0046-6,-,042480,RUA,-,BOCAINA,"46,54,60,72,82",RUA,-,CARDOSO DE ALMEIDA l DOUTOR HOMEM DE MELO,"683,695,713,715 l 274",CBR 160 EMPREENDIMENTOS IMOBILIÁRIOS LTDA,PERDIZES,LAPA,ESTRUTURAÇÃO E QUALIFICAÇÃO URBANA,URBANIZAÇÃO CONSOLIDADA,NA,-,ZEU,ZEU,-,-,R,R2v-3,HMP,-,nR1-12,-,-,-,-,"0,7",-,"0,4/1,0/1,5",-,-,-,15068.87,19304.97,3654.18,576.99,2.9888158334356384E-2,18956.77,38261.74,-,-,17919464.82,NÃO,1,"5,7920",3272.93,7684.05,-,-,204.99,25,-,327.3,SIM,OBRIGATÓRIO,ARRECADADO AD,APROVA DIGITAL,34096-23-SP-ALV,APROVAÇÃO DE EDIFICAÇÃO NOVA,45526,50101-25-SP-ALV,EXECUÇÃO DE EDIFICAÇÃO NOVA,45755,,,,45730,2025
2301/17975/2024,2301,1020.2023/0021847-9,,326049.50182666,7391936.2776186,084,266,0052-2,-,045454,RUA,PROFESSOR,MORATO,S/N,-,-,-,-,GARDENA PARTICIPAÇÕES SOCIEDADE UNIPESSOAL LIMITADA,MORUMBI,BUTANTÂ,ESTRUTURAÇÃO E QUALIFICAÇÃO URBANA,URBANIZAÇÃO CONSOLIDADA,NA,-,ZEU,ZEU,-,-,R,R2v-4,-,-,-,-,-,-,-,"0,7",-,"3,0",-,-,-,26781.57,40668.050000000003,-,-,-%,33829.49,74497.429999999993,-,-,47909067.460000001,NÃO,1,"4,8000",7047.81,4088.86,-,-,-,89.97,-,-,SIM,OBRIGATÓRIO,ARRECADADO AD,APROVA DIGITAL,33930-23-SP-ALV,APROVAÇÃO DE EDIFICAÇÃO NOVA,45558,56494-25-SP-APO,APOSTILAMENTO DE  ALV. DE EXECUÇÃO DE EDIFICAÇÃO NOVA,45854,,,,45979,2025
2302/16050/2024,2302,1020.2023/0011025-2,,336508.9582,7402297.75625,068,371,0021-1/0022-1/0023-8/0024-6/0025-4/0026-2/0027-0/0028-9/0029-7/0030-1/0031-9/0032-7/0033-5/0034-3/0035-1/0036-1/0037-8/0038-6/0039-4/0040-8/0041-6/0042-4/0043-2/0074-2,-,055581,AVENIDA,-,GUAPIRA,"146,154,158,160",-,-,-,-,JOCA ADMINISTRAÇÃO E PARTICIPAÇÃO LTDA,TUCURUVI,SANTANA/TUCURUVI,ESTRUTURAÇÃO E QUALIFICAÇÃO URBANA,QUALIFICAÇÃO DA URBANIZAÇÃO,NA,-,-,ZEU,ZEU,-,R,R2v-1,HMP,-,nR1-1,-,-,-,-,"0,6",-,"0,4",-,-,-,3555.41,2569.66,-,-,-%,6408.6,8978.26,-,-,270207.89,NÃO,1,"4,7700",1343.46,1539.5,-,-,-,-,-,-,NÃO,-,ARRECADADO AD,APROVA DIGITAL,29669-23-SP-REF,APROVAÇÃO DE REFORMA,45386,,,,,,,45740,2025
2303/17975/2024,2303,1020.2023/0025417-3,,336133.27104367,7400980.078202,068,008,0143-7/0144-5/0145-3/0146-1/0147-1,-,157104,RUA,-,PAULO DE AVELAR,594,-,-,-,-,SMILE VIEW EMPREENDIMENTOS IMOBILIARIOS SPE LTDA,VILA GUILHERME,VILA MARIA/VILA GUILHERME,ESTRUTURAÇÃO E QUALIFICAÇÃO URBANA,QUALIFICAÇÃO DA URBANIZAÇÃO,NA,-,ZEU,ZEU,-,-,R,R2v-1,HMP,-,nR1-3,nR1-12,-,-,-,"0,6",-,"0,4/0,8",-,-,-,1535.6,3493.53,491.73,22.56,6.4576517161724668E-3,2459.19,5952.72,-,-,396274.92,NÃO,1,"2,8266",870,1666.58,-,-,53.59,-,-,-,SIM,OPCIONAL,ARRECADADO AD,APROVA DIGITAL,34482-23-SP-ALV,APROVAÇÃO DE EDIFICAÇÃO NOVA,45642,,,,,,,45740,2025
2304/16050/2024,2304,2019-0.039.843-1,,342463.1298,7390516.71715,118,396,0011-9,-,074420,AVENIDA,,VILA EMA,3680,-,-,-,-,GOLAND VILA EMPREENDIMENTOS IMOBILIÁRIOS LTDA,SÃO LUCAS,VILA PRUDENTE,ESTRUTURAÇÃO E QUALIFICAÇÃO URBANA,QUALIFICAÇÃO DA URBANIZAÇÃO,NA,-,-,ZEU,ZEU,-,nR,-,-,-,nR1-3,nR2-7,-,-,-,-,"0,5",-,"1,0",-,-,357.87,814.94,-,-,#VALUE!,1441.61,2256.5500000000002,-,-,194690,NÃO,1,"1,3302",1083.74,1447.29,-,-,-,-,-,-,NÃO,-,QUITADO,SISACOE,2024/03340-00,APROVAÇÃO DE EDIFICAÇÃO NOVA,45461,,,,,,,45749,2025
2305/17975/2024,2305,1020.2023/0020971-2,,330595.85902651,7388381.4636332,041,190,0009-5,-,128473,AVENIDA,-,JAMARIS ,330,-,-,-,-,ONE DI 43 EMPREENDIMENTO IMOBILIÁRIO SPE LTDA,MOEMA,VILA MARIANA,ESTRUTURAÇÃO E QUALIFICAÇÃO URBANA,URBANIZAÇÃO CONSOLIDADA,NA,-,ZEU,ZEU,-,-,R,R2v-2,HMP,-,nR1-6,nR1-12,-,-,-,"0,7",-,"0,4/1,0",-,-,-,3701.5,2675.06,868.34,399.79,0.14945085343880138,4501.5,7176.56,-,-,2983603.94,NÃO,1,"5,6269",800,7106.03,-,-,-,-,-,-,SIM,OPCIONAL,ARRECADADO AD,APROVA DIGITAL,33647-23-SP-ALV,APROVAÇÃO DE EDIFICAÇÃO NOVA,45551,47722-24-SP-ALV,EXECUÇÃO DE EDIFICAÇÃO NOVA,45758,,,,45758,2025
2306/17975/2024,2306,1010.2023/0007041-8,,325554.47025091,7391964.154053,082,415,0010-6/0011-4/0012-2/0014-9/0018-1/0019-1/0020-3/0021-1/0022-1/0023-8/0032-7/0033-5,-,178225,RUA,-,SAPATUBA ,290,-,-,-,-,SAPETUBA DIÁLOGO EMPREENDIMENTOS IMOBILIÁRIOS SPE LTDA,BUTANTÃ,BUTANTÂ,ESTRUTURAÇÃO E QUALIFICAÇÃO URBANA,URBANIZAÇÃO CONSOLIDADA,NA,-,ZEU,ZEU,-,-,R,R2v-4,HMP,HIS - 2,nR1-3,nR1-12,-,-,-,"0,7",-,"0,4/0,8/1,0",-,-,-,26368.63,29251.96,2601.5100000000002,516.62,1.7661038781674802E-2,33098.639999999999,62350.6,-,-,4737875.04,NÃO,1,"5,8066",5700.14,1837.51,-,-,343.29,-,-,3309.86,SIM,OBRIGATÓRIO,QUITADO,SEI,2024/06501-00,APROVAÇÃO DE EDIFICAÇÃO NOVA,45588,50706-25-SP-ALV,EXECUÇÃO DE EDIFICAÇÃO NOVA,45708,,,,45748,2025
2307/17975/2024,2307,1021.2023/0024670-7,,335772.02619156,7402459.1734522,069,003,0009-1/0021-9/0022-7/0023-5/0024-3/0062-6,-,192015,AVENIDA,-,TUCURUVI,"360-364 E 368,370-380,382,386",RUA,-,TOME DE LARA,"145,147,149,153,155,161,163,171",CYMA 11 EMPREENDIMENTOS IMOBILIÁRIOS LTDA,TUCURUVI,SANTANA/TUCURUVI,ESTRUTURAÇÃO E QUALIFICAÇÃO URBANA,QUALIFICAÇÃO DA URBANIZAÇÃO,NA,-,-,ZEU,EETU,-,R,R2v-3,HMP,-,nR1-3,-,-,-,-,"0,6",-,"0,4/0,8",-,10564.2,-,10564.2,9622.67,-,790.66,8.2166384174039014E-2,14173.86,23796.53,-,-,2565649.46,NÃO,1,"5,4394",2605.77,2936.2,-,-,334.63,-,-,1417.38,SIM,OBRIGATÓRIO,ARRECADADO AD,APROVA DIGITAL,35164-23-SP-ALV,APOSTILAMENTO DE  ALV. DE APROVAÇÃO DE EDIFICAÇÃO NOVA,45580,,,,,,,45754,2025
2308/16050/2024,2308,2024/02496-00,,329428.39903632,7387602.9134548,086,065,0029-1,-,328049,RUA,DOUTOR,EURICO RANGEL ,40,-,-,-,-,CEIRY XI EMPREENDIMENTOS IMOBILIÁRIOS LTDA,CAMPO BELO,SANTO AMARO,ESTRUTURAÇÃO E QUALIFICAÇÃO URBANA,URBANIZAÇÃO CONSOLIDADA,NA,-,-,ZEU,EETU,-,R,R2v-1,E-HMP,-,nR1-3,nR1-12,nR1-15,-,-,"0,7",-,"0,4/0,8",-,-,-,3962.17,2441.54,778,231.97,9.5009706988212358E-2,4977.71,7419.25,-,-,819472.52,NÃO,1,"4,9015",1015.54,3035.16,-,-,-,-,-,-,NÃO,-,QUITADO,SEI,2024/02496-00,APROVAÇÃO DE EDIFICAÇÃO NOVA,45418,,,,,,,45751,2025
2309/17975/2024,2309,1020.2023/0022671-4,,332643.62775616,7388033.8573632,045,101,0013-2/0047-7/0048-5/0049-3/0087-6/0088-4,-,150576,RUA,-,LUIS AUGUSTO DE CAMPOS,38,RUA,-,ORIÇANGA l COMENDADOR JOÃO GABRIEL ,"335,343,351,361 l 57",PG13 EMPREENDIMENTOS IMOBILIÁRIO LTDA,SAÚDE,VILA MARIANA,ESTRUTURAÇÃO E QUALIFICAÇÃO URBANA,URBANIZAÇÃO CONSOLIDADA,NA,-,ZEU,ZEU,-,-,R,R2v-2,HMP,HIS - 2,nR1-3,-,-,-,-,"0,7",-,"0,0/0,4/0,8/1,0",-,-,-,6755.68,3688.83,-,185.24,5.0216464298978268E-2,8530.44,12219.27,-,-,1341402.71,NÃO,1,"6,6059",1291.3399999999999,2886.71,-,-,161.13999999999999,-,-,1125.78,SIM,OPCIONAL,ARRECADADO AD,APROVA DIGITAL,34570-23-SP-ALV,APROVAÇÃO DE EDIFICAÇÃO NOVA,45497,51674-25-SP-ALV,EXECUÇÃO DE EDIFICAÇÃO NOVA,45810,,,,45960,2025
2310/17975/2024,2310,1020.2023/0022876-8,,325237.7222221,7392283.460928,082,412,0041-2,-,174203,RUA,-,SANTA ROSA JUNIOR,51,-,-,-,-,ME7 SANTA ROSA INCORPORADORA SPE LTDA,BUTANTÃ,BUTANTÂ,ESTRUTURAÇÃO E QUALIFICAÇÃO URBANA,URBANIZAÇÃO CONSOLIDADA,NA,-,-,ZEU,EETU,-,R,R2v-2,HMP,-,-,-,-,-,-,"0,7",-,"0,4/0,8",-,3353.73,-,3353.73,3167.63,-,-,-%,4193.7299999999996,7361.36,967244.72,-,967244.72,NÃO,1,"4,9925",840,2855.23,-,-,-,-,-,-,NÃO,-,ARRECADADO AD,APROVA DIGITAL,34439-23-SP-ALV,APROVAÇÃO DE EDIFICAÇÃO NOVA,45503,,,,,,,45744,2025
2311/16050/2311,2311,1020.2023/0018602-0,,331838.57775616,7388978.0973632,042,203,0001-5/0002-3/0003-1/0004-1/0005-8/0006-6/0007-4,-,150258,RUA,DOUTOR,BACELAR ,"765,771,779,787",RUA,-,ONZE DE JUNHO ,"1144,1160,1164",HT1 EMPREENDIMENTOS E INCORPORAÇÕES LTDA,SAÚDE,VILA MARIANA,ESTRUTURAÇÃO E QUALIFICAÇÃO URBANA,URBANIZAÇÃO CONSOLIDADA,NA,-,-,ZEU,ZEU,-,R,R2v-2,HMP,HIS - 2,nR1-3,nR1-12,-,-,-,"0,7",-,"0,0/0,4/0,8/1,0",-,-,-,4184.71,6843.15,1362.4,127.56,1.8640538348567548E-2,6855.83,13698.98,-,-,1617750.33,NÃO,1,"6,0114",1140.48,4578.04,-,-,-,-,1530.64,269.44,SIM,OPCIONAL,ARRECADADO AD,APROVA DIGITAL,32793-23-SP-ALV,APROVAÇÃO DE EDIFICAÇÃO NOVA,45518,,,,,,,45819,2025
2312/17975/2025,2312,1020.2024/0006653-0,,323308.75402904,7389484.8054061,101,330,0028-0/0027-2/0047-7,-,105570,RUA,-,JOAQUIM GALVÃO ,"346,370",-,-,-,-,MERITO DESENVOLVIMENTO IMOBILIARIO I FII - FUNDO DE INVESTIMENTO IMOBILIARIO,VILA SÔNIA,BUTANTÂ,ESTRUTURAÇÃO E QUALIFICAÇÃO URBANA,QUALIFICAÇÃO DA URBANIZAÇÃO,NA,ZEU,ZEU,-,-,-,R,R2v-1,E-HMP,HIS - 1,-,-,-,-,-,"0,6",-,"0,4/0,8",-,-,-,4890.28,3877.03,-,-,-%,6177.08,9994.11,-,-,479896.57,NÃO,1,"4,9862",1226.8,1699.19,-,-,-,-,-,-,NÃO,-,ARRECADADO AD,APROVA DIGITAL,39160-24-SP-ALV,APROVAÇÃO DE EDIFICAÇÃO NOVA,45671,,,,,,,45744,2025
2313/17975/2025,2313,1020.2024/0018516-5,,341221.48077358,7395281.045807,056,215,0047-4/0050-4/0051-2/0053-9/0054-7/0055-5/0151-9/0152-7/0153-5/0161-6/0193-4/0194-2/0213-2/0214-0/0377-5/0378-3,-,064602,RUA,-,EMILIO MALLET,"1886, COMPLEMENTO 1888 E 1884, 1914,1940, COMPLEMENTO 1940A E 1944, S/N",RUA,-,EUCLIDES PACHECO,S/N,HCI - ANDALUZIA EMPREENDIMENTOS IMOBILIÁRIOS LTDA,CARRÃO,ARICANDUVA/FORMOSA/CARRÃO,ESTRUTURAÇÃO E QUALIFICAÇÃO URBANA,QUALIFICAÇÃO DA URBANIZAÇÃO,NA,-,-,ZC,ZC,-,R,R2v-3,-,-,-,-,-,-,-,"0,6",-,"0,8/1,0",-,-,-,7596.1,18707.689999999999,-,-,-%,13028.4,31736.09,-,-,5016374.33,NÃO,1,"2,3983",5432.3,3009.29,-,-,332.93,-,-,-,SIM,OBRIGATÓRIO,ARRECADADO AD,APROVA DIGITAL,44824-24-SP-ALV,APROVAÇÃO E EXECUÇÃO DE EDIFICAÇÃO NOVA,45678,,,,,,,45744,2025
2314/17975/2024,2314,1020.2023/0007426-4,,327507.10364362,7394523.4241782,081,097,0061-6/0062-4/0104-3/0105-1/0106-1/0174-4/0175-2,-,003140,RUA,-,RODÉSIA ,"16,20,22,26,30,34,74,76",-,-,-,-,MTR - 14 ADMINISTRAÇÃO DE BENS SPE LTDA,PINHEIROS,PINHEIROS,ESTRUTURAÇÃO E QUALIFICAÇÃO URBANA,URBANIZAÇÃO CONSOLIDADA,NA,-,ZEU,ZEU,-,-,R,R2v-2,-,-,nR1-2,nR1-12,-,-,-,"0,7",-,"1,0",-,-,-,4085.33,6544.2,1139.31,212.08,3.2407322514593079E-2,5697.09,12241.29,-,-,2072928.65,NÃO,1,"4,8000",1186.9000000000001,3479.35,-,-,141.62,-,-,-,SIM,OPCIONAL,ARRECADADO AD,APROVA DIGITAL,26619-23-SP-ALV,APROVAÇÃO DE EDIFICAÇÃO NOVA,45503,51838-25-SP-ALV,EXECUÇÃO DE EDIFICAÇÃO NOVA,45786,,,,45747,2025
2315/17975/2024,2315,1020.2023/0020490-7,,341550.29826111,7393519.8033527,055,188,0020-7/0041-1/0042-8/0055-1/0056-8/0059-2/0060-6/0061-4,-,001414,RUA,SÃO,CONSTANCIO,284/290,RUA,-,ACURUI,"565-565A,567A,567,571,573,577,579,581",LIVING CANTAGALO EMPREENDIMENTOS IMOBILIÁRIOS LTDA,VILA FORMOSA,ARICANDUVA/FORMOSA/CARRÃO,ESTRUTURAÇÃO E QUALIFICAÇÃO URBANA,QUALIFICAÇÃO DA URBANIZAÇÃO,NA,-,ZEUP,ZEUP,-,-,R,R2v-3,-,-,nR1-3,-,-,-,-,"0,6",-,"0,8/1,0/1,525",-,-,-,8383.07,8228.82,-,655.93,7.971130733203545E-2,11025.19,19254.009999999998,-,-,3716211.84,NÃO,1,"4,7997",2297.06,2382.92,-,-,155.02000000000001,25.25,-,-,SIM,OPCIONAL,ARRECADADO AD,APROVA DIGITAL,33083-23-SP-ALV,APROVAÇÃO DE EDIFICAÇÃO NOVA,45497,48213-24-SP-ALV,EXECUÇÃO DE EDIFICAÇÃO NOVA,45818,,,,45748,2025
2316/17975/2024,2316,1020.2023/0021715-4,,333555.48202223,7390551.2316225,039,070,0002-1/0003-1/0004-8/0008-0/0009-9/0010-2/0011-0/0028-5/0029-3/0030-7/0031-5/0032-3/0035-8/0037-4/0038-2/0042-0/0043-9/0044-7/0045-5/0046-3/0047-1/0050-1/0052-8/0053-6/0054-4/0055-2/0060-9/0061-7/0062-5,-,029157,RUA,-,BATOVI,"2,2A,2B,4,4A,6",RUA,DONA,ANA,"49,53,59,73,79,85,93,107",CBR MAGIK LZ 20 EMPREENDIMENTOS IMOBILIÁRIOS LTDA,VILA MARIANA,VILA MARIANA,ESTRUTURAÇÃO E QUALIFICAÇÃO URBANA,URBANIZAÇÃO CONSOLIDADA,NA,-,ZEU,ZEU,-,-,R,R2v-3,HMP,-,nR1-3,nR1-12,nR1-15,nR2-15,-,"0,7",-,"0,4/1,0/1,175",-,-,-,27100.32,26512.799999999999,3369.3,451.08,1.7013668869376303E-2,35178.15,61690.95,-,-,12155615.42,NÃO,1,"5,8138",6050.82,3595.18,-,-,675.67,21.75,-,3517.81,SIM,OBRIGATÓRIO,ARRECADADO AD,APROVA DIGITAL,33998-23-SP-ALV,APROVAÇÃO DE EDIFICAÇÃO NOVA,45638,,,,,,,45747,2025
2317/17975/2024,2317,1020.2023/007861-8,,330485.09202223,7389079.9116225,041,089,0024-3/0026-1/0027-8/0028-6/0029-4/0030-8/0034-0,-,020591,AVENIDA,-,AGAMI,"150,220,228,236,242,252,264",-,-,-,-,SERRA BRANCA INCORPORADORA LTDA,MOEMA,VILA MARIANA,ESTRUTURAÇÃO E QUALIFICAÇÃO URBANA,URBANIZAÇÃO CONSOLIDADA,NA,-,ZEU,ZEU,-,-,R,R2v-2,-,-,nR1-3,nR1-12,-,-,-,"0,7",-,"3,0",-,-,-,5991.54,11712.18,1623.33,102.55,8.7558422087092233E-3,8148.67,19860.849999999999,-,-,15940155.880000001,NÃO,1,"4,7995",1697.8,6080.44,-,-,153.11000000000001,53.61,-,-,SIM,OPCIONAL,ARRECADADO AD,APROVA DIGITAL,27553-23-SP-ALV,APROVAÇÃO DE EDIFICAÇÃO NOVA,45628,,,,,,,45750,2025
2318/16050/2024,2318,1020.2023/0012667-1,,328681.45447032,7387593.9616089,085,107,0009-5/0029-1,-,083771,RUA,-,GUARARAPES,"96,104",-,-,-,-,GOLDFARB 35 EMPREENDIMENTO IMOBILIÁRIO LTD,ITAIM BIBI,PINHEIROS,ESTRUTURAÇÃO E QUALIFICAÇÃO URBANA,URBANIZAÇÃO CONSOLIDADA,NA,-,-,ZEU,ZEU,-,R,R2v-2,-,-,nR1-3,nR1-12,-,-,-,"0,7",-,"0,8/1,0",-,-,-,2387.92,4162.28,557.14,252.74,6.0721527624282852E-2,3189.42,7351.7,-,-,1627909.15,NÃO,1,"3,9793",801.5,4039.38,-,-,-,-,-,-,NÃO,-,ARRECADADO AD,APROVA DIGITAL,30210-23-SP-ALV,APROVAÇÃO DE EDIFICAÇÃO NOVA,45415,,,,,,,45751,2025
2319/16050/2024,2319,1020.2023/0022429-0,,326046.82154528,7391943.0317285,084,266,0052-2,-,045454,AVENIDA,PROFESSOR,FRANCISCO MORATO,S/N,-,-,-,-,GARDENA PARTICIPAÇÕES SOCIEDADE UNIPESSOAL LIMITADA,MORUMBI,BUTANTÂ,ESTRUTURAÇÃO E QUALIFICAÇÃO URBANA,URBANIZAÇÃO CONSOLIDADA,NA,-,ZEU,ZEU,-,-,R,R2v-4,-,-,nR1-3,nR1-12,nR2-2,nR2-3,-,"0,7",-,"3,0",-,-,-,21268.36,48413.16,5750.34,2929.61,6.0512678784033103E-2,29040.240000000002,77453.399999999994,-,-,38046464.090000004,NÃO,1,"4,8000",6050.05,4088.86,604.9,-,190.84,57.17,-,2904.02,SIM,OBRIGATÓRIO,ARRECADADO AD,APROVA DIGITAL,34382-23-SP-ALV,APROVAÇÃO DE EDIFICAÇÃO NOVA,45630,,,,,,,45751,2025
2320/16050/2025,2320,1020.2022/0012099-0,,335413.67633547,7402038.4598364,069,018,0062-2,-,111910,RUA,-,PAULO MALDI,206,-,-,-,-,PAULO MALDI RESIDENCE SPE LTDA ,TUCURUVI,SANTANA/TUCURUVI,ESTRUTURAÇÃO E QUALIFICAÇÃO URBANA,QUALIFICAÇÃO DA URBANIZAÇÃO,NA,-,-,ZM,ZM,-,R,-,E-HMP,-,-,-,-,-,-,"0,6",-,"0,4/0,6",-,-,-,486.71,584.22,-,-,-%,862.46,1446.68,-,-,122716.24,NÃO,1,"2,2953",375.75,2070.29,-,-,-,-,-,-,NÃO,-,ARRECADADO AD,APROVA DIGITAL,15775-22-SP-ALV,APROVAÇÃO DE EDIFICAÇÃO NOVA,45729,,,,,,,45755,2025
2321/17975/2024,2321,1020.2023/0022197-6,,335746.98127077,7389151.8645583,043,069,0018-5/0019-3/0020-7/0021-5/0022-3/0048-7/0049-5/0050-9,-,144495,RUA,MARQUÊS,DE OLINDA ,"563,567,575",AVENIDA,-,NAZARÉ ,"1780,1780A,1782,1790,1792,1798",AR 16 EMPREENDIMENTOS IMOBILIÁRIOS SPE LIMITADA ,IPIRANGA,IPIRANGA,ESTRUTURAÇÃO E QUALIFICAÇÃO URBANA,URBANIZAÇÃO CONSOLIDADA,NA,-,ZEU,ZEU,-,-,R,R2v-2,HMP,-,nR1-3,nR1-12,-,-,-,"0,7",-,"0,4/0,8/1,0",-,-,-,5898.86,7616.21,1331.49,596.62,7.8335550096439041E-2,7586.38,15202.59,-,-,1545767.69,NÃO,1,"5,7194",1326.44,2897.96,-,-,120.36,-,-,-,SIM,OPCIONAL,ARRECADADO AD,APROVA DIGITAL,34303-23-SP-ALV,APROVAÇÃO DE EDIFICAÇÃO NOVA,45520,,,,,,,45755,2025
2322/17975/2025,2322,1010.2024/0009626-5,,326637.77108142,7394205.2441265,081,153,0027-6/0015-2/0021-7/0022-5/0023-3,-,152358,RUA,-,OURANIA ,193,-,-,-,-,OURANIA SPE LTDA,ALTO DE PINHEIROS,PINHEIROS,ESTRUTURAÇÃO E QUALIFICAÇÃO URBANA,URBANIZAÇÃO CONSOLIDADA,NA,ZM,ZM,-,-,-,R,R2v-2,-,-,-,-,-,-,-,"0,7",-,"1,0",-,-,-,1809.77,3804.17,-,-,-%,3108.04,6912.21,-,-,2135478.48,NÃO,1,"2,3940",1298.27,4035.48,-,-,-,-,-,-,SIM,OPCIONAL,QUITADO,SEI,2025/01406-00,APROVAÇÃO DE EDIFICAÇÃO NOVA,45744,,,,,,,45398,2024
2323/17975/2024,2323,1020.2023/0025216-2,,333525.74107704,7390592.3338171,039,069,0005-3/0006-1/0010-1/0011-8/0012-6/0028-2/0030-4/0031-2/0043-6/0045-2/0046-0/0051-7/0053-3/0058-4/0068-1/0069-1/0071-1/0072-1/0073-8/0075-4/0076-2/0078-9/0079-7/0080-0/0081-9/0082-7/0083-5/0084-3,-,029157,RUA,-,BARTOLOMEU DE GUSMÃO ,"435,441,447",RUA,-,BATOVI l DONA ANA,"5,7,9,21,31 l 162",CBR 125 EMPREENDIMENTOS IMOBILIÁRIOS LTDA,VILA MARIANA,VILA MARIANA,ESTRUTURAÇÃO E QUALIFICAÇÃO URBANA,URBANIZAÇÃO CONSOLIDADA,NA,ZEU,ZEU,-,-,-,R,R2v-4,-,-,nR1-3,-,-,-,-,"0,7",-,"0,8/1,05",-,-,-,16152.74,18470.560000000001,-,450.19,2.4373381207716493E-2,20403.560000000001,38874.120000000003,-,-,8040603.0499999998,NÃO,1,"4,7999",4250.83,3592.93,-,-,460.94,20.399999999999999,-,2040.38,SIM,OBRIGATÓRIO,ARRECADADO AD,APROVA DIGITAL,35362-23-SP-ALV,APROVAÇÃO DE EDIFICAÇÃO NOVA,45645,,,,,,,45758,2025
2324/17975/2024,2324,2018-0.048.694-0,,329633.92483873,7387683.3459873,041,252,0001-7/0008-4/0009-2/0010-6/0011-4/0020-3/0021-1/0022-1/0027-0/0028-9/0029-7/0035-1/0036-1/0037-8/0038-6,-,153699,ALAMEDA,-,DOS PAMARIS,282,-,-,-,-,JUQUEI INCORPORADORA LTDA,MOEMA,VILA MARIANA,ESTRUTURAÇÃO E QUALIFICAÇÃO URBANA,URBANIZAÇÃO CONSOLIDADA,NA,ZEU,ZEU,-,-,-,R,R2v-4,HMP,HIS - 2,nR1-3,nR1-6,-,-,-,"0,7",-,"0,4/1,0",-,-,-,16646.48,9931.0300000000007,-,394.52,3.9725990154092776E-2,20114.509999999998,30045.54,-,-,8563876.8000000007,NÃO,1,"5,8000",3468.02,4755.72,-,-,412.96,-,-,2011.45,SIM,OBRIGATÓRIO,QUITADO,SISACOE,2024/07831-00,APROVAÇÃO DE EDIFICAÇÃO NOVA,45653,50879-25-SP-ALV,EXECUÇÃO DE EDIFICAÇÃO NOVA,45834,,,,45877,2025
2325/17975/2024,2325,1020.2022/0016259-5,,329536.71769647,7391245.3000261,016,082,0016-7/0017-5/0115-5,-,080098,AVENIDA,SÃO,GABRIEL ,S/N,-,-,-,-,TLR3 EMPREENDIMENTOS E PARTICIPAÇÕES LTDA,JARDIM PAULISTA,PINHEIROS,ESTRUTURAÇÃO E QUALIFICAÇÃO URBANA,URBANIZAÇÃO CONSOLIDADA,NA,-,-,ZEU,ZEU,-,R/nR,R2v-1,-,-,nR1-3,nR1-12,-,-,-,"0,7","1,3","0,8/1,0","1,0",608.58000000000004,2.98,611.55999999999995,1193.5999999999999,325.01,183.13,0.15342660857908849,1625.9,2819.5,1454247.22,15815.02,1470062.24,NÃO,1,"2,0000",812.95,8170.98,-,-,67.13,-,-,-,NÃO,-,ARRECADADO AD,APROVA DIGITAL,18789-22-SP-ALV,APROVAÇÃO DE EDIFICAÇÃO NOVA,45587,,,,,,,45771,2025
2326/17975/2024,2326,1020.2023/0018484-1,,332481.08463115,7392545.673515,038,007,0001-8/0005-0/0006-9/0007-7/0010-7/0011-5/0012-3/0013-1/0014-1/0015-8/0019-0/0103-0/0145-6/0272-1/0273-8,-,042447,RUA,-,FRANCISCO G. DE ANDRADE MACHADO,S/N,RUA,MAESTRO,CARDIM,"879,887,889,915,917,921,939,987,1003,S/N",LAVVI MÔNACO EMPREENIMENTOS IMOBILIÁRIOS LTDA,BELA VISTA,SÉ,ESTRUTURAÇÃO E QUALIFICAÇÃO URBANA,URBANIZAÇÃO CONSOLIDADA,NA,-,ZEU,ZEU,-,-,R/nR,R2v-4,-,-,nR1-2,nR1-3,nR1-12,-,-,"0,7",-,"0,8/1,0",-,32865.39,-,32865.39,48288.74,8734.15,641.57000000000005,1.328612011827188E-2,43721.599999999999,92010.34,35108991.710000001,-,35108991.710000001,NÃO,1,"4,7905",9126.7099999999991,7759.39,-,-,576.5,-,-,-,SIM,OBRIGATÓRIO,ARRECADADO AD,APROVA DIGITAL,32591-23-SP-ALV,APROVAÇÃO DE EDIFICAÇÃO NOVA,45497,50245-25-SP-ALV,EXECUÇÃO DE EDIFICAÇÃO NOVA,45786,,,,45973,2025
2327/16050/2024,2327,1020.2023/000888-7,,334877.04802713,7389194.6443575,046,005,0007-5/0008-3/0019-9/0020-2/0021-0/0022-9/0023-7/0024-5/0025-3/0026-1/0027-1/0032-6/0033-4/0034-2/0061-1,-,101362,RUA,VISCONDE,DE GUARATIBA,105,-,-,-,-,TARJAB VISCONDE EMPREENDIMENTOS IMOBILIÁRIOS SPE LTDA,CURSINO,IPIRANGA,ESTRUTURAÇÃO E QUALIFICAÇÃO URBANA,QUALIFICAÇÃO DA URBANIZAÇÃO,NA,-,-,ZEU,EETU,-,R,R2v-3,-,-,-,-,-,-,-,"0,6",-,"1,0",-,7811.33,-,7811.33,11348.01,-,-,-%,12012.86,23360.87,2822092,-,2822092,NÃO,1,"3,9985",3004.32,2407.66,-,-,399.07,-,-,-,NÃO,-,QUITADO,SEI,2024/05225-00,APROVAÇÃO DE EDIFICAÇÃO NOVA,45534,,,,,,,45775,2025
2328/16050/2024,2328,1010.2022/0010181-8,,329351.03910958,7396438.2462137,021,040,0010-6/0014-9/0290-7,-,095486,RUA,-,ITAPICURU,837,-,-,,-,EXTO BLUE EMPREENDIMENTOS IMOBILIÁRIOS LTDA,PERDIZES,LAPA,ESTRUTURAÇÃO E QUALIFICAÇÃO URBANA,URBANIZAÇÃO CONSOLIDADA,NA,-,ZEU,ZEU,-,-,R,R2v-2,-,-,-,-,-,-,-,"0,7",-,"0,8/1,0",-,4368.34,-,4368.34,6700.44,-,-,-%,6079.86,12780.3,4648003.24,-,4648003.24,NÃO,1,"3,9999",1520,6532.51,-,-,63.84,-,-,-,NÃO,-,QUITADO,SEI,2024/02512-00,APROVAÇÃO DE EDIFICAÇÃO NOVA,45418,,,,,,,45784,2025
2329/16050/2024,2329,1020.2023/0026100-5,,341609.39045843,7393652.9246373,055,310,0007-3/0008-1/0011-1,-,165948,RUA,SÃO,CONSTANCIO,227,RUA,-,PRETORIA,"308,318",SÃO CONSTANCIO EMPREENDIMENTOS SPE LTDA,VILA FORMOSA,ARICANDUVA/FORMOSA/CARRÃO,ESTRUTURAÇÃO E QUALIFICAÇÃO URBANA,QUALIFICAÇÃO DA URBANIZAÇÃO,NA,ZEU,ZEU,-,-,-,R,R2v-2,-,-,-,-,-,-,-,"0,6",-,"0,8",-,5401,-,5401,6373.44,-,-,-%,7892.94,14266.35,1276233.75,-,1276233.75,NÃO,1,"3,9976",1974.41,1967.96,-,-,172.51,-,-,-,NÃO,-,ARRECADADO AD,APROVA DIGITAL,35624-23-SP-ALV,APROVAÇÃO DE EDIFICAÇÃO NOVA,45603,,,,,,,45782,2025
2330/16050/2024,2330,1020.2023/0010648-4,,328805.91045843,7387426.6746373,086,036,0014-7/0015-5,-,100765,RUA,DOUTOR,JESUÍNO MACIEL,"100,108",-,-,-,-,CAMPO BELO EMPREENDIMENTO IMOBILIÁRIO LTDA,CAMPO BELO,SANTO AMARO,ESTRUTURAÇÃO E QUALIFICAÇÃO URBANA,URBANIZAÇÃO CONSOLIDADA,NA,-,-,ZEU,EETU,-,R/nR,R2v-2,-,-,nR1-3,nR1-12,-,-,-,"0,7",-,"0,8/1,0",-,4172.76,-,4172.76,6597.58,1125.33,91.4,1.3853564488797409E-2,5859.76,12457.34,2834386.2,-,2834386.2,NÃO,1,"3,9998",1465,4038.25,-,-,74,-,-,-,NÃO,-,ARRECADADO AD,APROVA DIGITAL,28866-23-SP-ALV,APROVAÇÃO DE EDIFICAÇÃO NOVA,45454,,,,,,,45782,2025
2331/17975/2025,2331,1020.2025/0000614-9,,352168.96042737,7400571.0689717,112,398,0227-6,-,346160,AVENIDA,-,AFONSO LOPES DE BAIÃO,S/N,-,-,-,-,JACUI EMPREENDIMENTO IMOBILIÁRIO SPE LTDA,SÃO MIGUEL,SÃO MIGUEL PAULISTA,ESTRUTURAÇÃO E QUALIFICAÇÃO URBANA,REDUÇÃO DA VULNERABILIDADE URBANA,NA,-,ZM,ZM,-,-,R,-,E-HMP,-,-,-,-,-,-,"0,3",-,"0,4",-,5291.86,-,5291.86,5890.03,-,-,-%,8949.86,14839.89,213504.68,-,213504.68,NÃO,1,"2,4467",3658,822.6,-,-,132.93,-,-,-,NÃO,-,ARRECADADO AD,APROVA DIGITAL,50030-25-SP-ALV,PROJ. MODIFICATIVO - APROVAÇÃO E EXECUÇÃO DE EDIFICAÇÃO NOVA,45735,,,,,,,45783,2025
2332/16050/2025,2332,1020.2024/0009047-4,,328167.02549765,7387284.6851714,085,121,0046-1/0047-8/0048-6/0049-4/0050-8/0063-1/0064-8/0065-6/0066-4/0067-2/0068-0/0071-0/0073-7/0076-1,-,148008,RUA,-,MICHIGAN ,"364,368,372,376,388,392,396",RUA,-,NOVA YORK,"264,290,300",BAHIA DE HUDSON EMPREENDIMENTOS IMOBILIÁRIOS LTDA,ITAIM BIBI,PINHEIROS,ESTRUTURAÇÃO E QUALIFICAÇÃO URBANA,URBANIZAÇÃO CONSOLIDADA,NA,-,ZEU,ZEU,-,-,R,R2v-3,-,-,nR1-2,-,-,-,-,"0,7",-,"2,0",-,-,-,11863.42,14251.26,-,245.84,1.7250404525634925E-2,14999.99,29497.09,-,-,12717286.810000001,NÃO,1,"4,7823",3136.57,3661.78,-,-,251.92,30,-,-,SIM,OPCIONAL,ARRECADADO AD,APROVA DIGITAL,40359-24-SP-ALV,APOSTILAMENTO DE  ALV. DE APROVAÇÃO DE EDIFICAÇÃO NOVA,45736,53903-25-SP-ALV,EXECUÇÃO DE EDIFICAÇÃO NOVA,45946,,,,45783,2025
2333/16050/2024,2333,1020.2023/0026648-1,,323688.70607827,7381263.8106483,103,047,0004-4/0005-2/0201-2,-,075051,AVENIDA,-,FRANCISCO NOBREGA BABOSA,"176,S/N",RUA,-,JOSÉ ANDREOTTI,S/N,PATRI CINQUENTA EMPREENDIMENTOS IMOBILIÁRIOS LTDA,JARDIM SÃO LUÍS,MBOI MIRIM,ESTRUTURAÇÃO E QUALIFICAÇÃO URBANA,REDUÇÃO DA VULNERABILIDADE URBANA,NA,-,ZEU,ZEU,-,-,R,R2v-3,-,HIS - 2,nR1-3,nR1-12,-,-,-,"0,3",-,"0,8/1,0",-,8870.16,-,8870.16,11455.34,2370.67,375.74,3.2800423208739334E-2,12014.66,23470,494033.86,-,494033.86,NÃO,1,"4,7999",2503.13,1035.71,-,-,213.79,-,-,1233.97,SIM,OBRIGATÓRIO,ARRECADADO AD,APROVA DIGITAL,35857-23-SP-ALV,APROVAÇÃO DE EDIFICAÇÃO NOVA,45540,47944-24-SP-ALV,EXECUÇÃO DE EDIFICAÇÃO NOVA,45748,,,,45835,2025
2334/17975/2024,2334,1020.2024/0016175-4,,326715.68009316,7395417.7481717,081,269,0015-6/0016-4/0028-8/0029-6/0030-1/0031-8/0032-6/0033-4/0131-4/0132-2/0133-0/0136-5/0138-1/0139-1/0144-6/0145-4,-,160962,RUA,-,PEREIRA LEITE,"100,106,118,126,132,138",RUA,-,ARAIOSES,"75,83,87,95,97,105,109,113,117,123",TRISUL ARENGA EMPREENDIMENTOS IMOBILIÁRIOS LTDA,ALTO DE PINHEIROS,PINHEIROS,ESTRUTURAÇÃO E QUALIFICAÇÃO URBANA,URBANIZAÇÃO CONSOLIDADA,NA,ZC,ZC,-,-,-,R,R2v-2,-,-,-,-,-,-,-,"0,7",-,"1,0",-,-,-,3585.09,7518.06,-,-,-%,6145.88,13663.94,-,-,3136094.03,NÃO,1,"2,3999",2560.79,2999.17,-,-,242.3,-,-,-,SIM,OPCIONAL,ARRECADADO AD,APROVA DIGITAL,43831-24-SP-ALV,APROVAÇÃO DE EDIFICAÇÃO NOVA,45397,,,,,,,45790,2025
2335/16050/2024,2335,1020.2023/0022268-9,,328867.56009316,7394301.2181717,013,001,0095-8/0096-6/0121-0,-,077160,RUA,-,GALENO DE ALMEIDA ,65,-,-,-,-,FII JIVE PROPERTIES III FUNDO DE INVESTIMENTO IMOBILIÁRIO ,JARDIM PAULISTA,PINHEIROS,ESTRUTURAÇÃO E QUALIFICAÇÃO URBANA,URBANIZAÇÃO CONSOLIDADA,NA,-,-,ZEU,EETU,-,R/nR,R2v-1,-,-,nR1-3,nR1-12,-,-,-,"0,7","1,3","0,8/0,9","1,0",34.979999999999997,38.06,73.040000000000006,1184.5899999999999,476.14,84.51,7.1341139128306003E-2,2397.67,3582.26,38907.83,87362.27,126270.1,NÃO,1,"3,9836",601.88,7033.3,-,-,-,-,1795.79,-,NÃO,-,ARRECADADO AD,APROVA DIGITAL,34045-23-SP-MOD,PROJ. MODIFICATIVO - APROVAÇÃO E EXECUÇÃO DE EDIFICAÇÃO NOVA,45742,,,,,,,45817,2025
2336/16050/2025,2336,1020.2024/0012679-7,,330453.58299331,7389277.6903988,041,264,0001-1/0015-1/0016-8/0017-6/0022-2/0028-1,-,170038,AVENIDA,-,REPUBLICA DO LIBANO,"2090,2092,2112",ALAMEDA,-,DOS JAUNAS,"28,38",HEMISFERIO SUL EMPREENDIMENTOS IMOBILIÁRIOS S.A,MOEMA,VILA MARIANA,ESTRUTURAÇÃO E QUALIFICAÇÃO URBANA,URBANIZAÇÃO CONSOLIDADA,NA,ZEU,-,-,-,-,R,R2v-3,-,-,nR1-3,nR1-6,-,-,-,"0,7",-,"3,0",-,11009.37,-,11009.37,18010.29,1992.21,143.08000000000001,7.9443473703088626E-3,13906.61,31916.9,28274584.219999999,-,28274584.219999999,SIM,1,"4,7999",2897.24,7052.1,-,-,-,91.49,-,-,SIM,OBRIGATÓRIO,DEVIDA (À PAGAR NA EXECUÇÃO),APROVA DIGITAL,42193-24-SP-ALV,APROVAÇÃO DE EDIFICAÇÃO NOVA,45737,52566-25-SP-ALV,EXECUÇÃO DE EDIFICAÇÃO NOVA,45863,,,,45786,2025
2337/17975/2025,2337,1020.2024/0001161-2,,328268.54299331,7391318.1603988,015,117,0005-1/0006-8/0024-6/0162-5,-,049336,AVENIDA,-,CIDADE JARDIM,"130,172,146,280",-,-,-,-,M.A.R. DAVOS DESENVOLVIMENTO IMOBILIÁRIO SPE S.A.,PINHEIROS,PINHEIROS,ESTRUTURAÇÃO E QUALIFICAÇÃO URBANA,URBANIZAÇÃO CONSOLIDADA,NA,-,ZEU,ZEU,-,-,R,R2v-3,-,-,nR1-3,nR1-6,-,-,-,"0,7",-,"3,0",-,2262.15,-,2262.15,15501.82,2387.6999999999998,402.33,2.5953726723700828E-2,11938.52,27440.34,673937.28,-,673937.28,SIM,1,"4,0000",2984.63,13177.01,-,-,497.23,135.66999999999999,5200.05,-,NÃO,-,ARRECADADO AD / REAPROVEITAMENTO,APROVA DIGITAL,36480-23-SP-MOD,PROJ. MODIFICATIVO - APROVAÇÃO E EXECUÇÃO DE EDIFICAÇÃO NOVA,45737,,,,,,,45789,2025
2338/16050/2025,2338,1020.2024/0022663-7,,332181.77080041,7384265.312543,089,294,0010-8,-,148377,RUA,-,OASIS,45,-,-,-,-,GD DE OLIVEIRA SERVIÇOS E ADMINISTRATIVOS & CONSTRUÇÕES,JABAQUARA,JABAQUARA,ESTRUTURAÇÃO E QUALIFICAÇÃO URBANA,QUALIFICAÇÃO DA URBANIZAÇÃO,NA,-,-,ZM,ZM,-,R,-,E-HMP,-,-,-,-,-,-,"0,6",-,"0,4/0,6",-,412.11,-,412.11,471.16,-,-,-%,802.11,1273.27,6536.28,-,6536.28,SIM,1,"2,0567",390,1357.3,-,-,-,-,-,-,NÃO,-,ARRECADADO AD / REAPROVEITAMENTO,APROVA DIGITAL,46883-24-SP-MOD,PROJ. MODIFICATIVO - APROVAÇÃO E EXECUÇÃO DE EDIFICAÇÃO NOVA,45740,,,,,,,45789,2025
2339/17975/2024,2339,1010.2023/0012194-2,,331947.72845525,7388411.0211725,045,277,0148-7,-,105350,RUA,-,JOAQUIM DE ALMEIDA ,398,-,-,-,-,CARLOS HENRIQUE COIMBRA CARDOSO,SAÚDE,VILA MARIANA,ESTRUTURAÇÃO E QUALIFICAÇÃO URBANA,URBANIZAÇÃO CONSOLIDADA,NA,-,ZM,ZM,-,-,R,R2v-1,-,-,-,-,-,-,-,"0,7",-,"0,8/1,0",-,-,-,859.21,2075.44,-,-,-%,1731.63,3807.07,-,-,728562.13,NÃO,1,"1,9849",872.42,2633.69,-,-,-,-,-,-,NÃO,-,QUITADO,SEI,2024/06632-00,APROVAÇÃO DE EDIFICAÇÃO NOVA,45595,,,,,,,45793,2025
2340/16050/2025,2340,6068.2024/0012311-4,,334697.93640415,7388556.868268,046,031,0160-0,-,039799,RUA,-,CIRINO FARO,30,-,-,-,-,PAULO RODRIGO ROMERO,CURSINO,ITAIM PAULISTA,ESTRUTURAÇÃO E QUALIFICAÇÃO URBANA,QUALIFICAÇÃO DA URBANIZAÇÃO,NA,-,-,ZM,ZM,-,R,R1,-,-,-,-,-,-,-,"0,6",-,"1,0",-,-,-,4.0999999999999996,14.55,-,-,-%,67.400000000000006,81.95,-,-,3259.81,NÃO,1,"1,1300",59.4,2887.36,-,-,-,-,-,-,NÃO,-,QUITADO,SLC-E,2025-62628-00,APROVAÇÃO E EXECUÇÃO PARA RESIDÊNCIA UNIFAMILIAR,45769,,,,,,,45796,2025
2341/17975/2025,2341,6068.2024/0013726-3,,338370.94019679,7398953.5067771,064,192,0059-8,-,062170,RUA,DOUTOR,EDSON DE MELO ,434,-,-,-,-,LUIZ UMBERTO MODENESE/ VICENTE MARIA DIAS MODENESE,VILA MARIA,ARICANDUVA/FORMOSA/CARRÃO,ESTRUTURAÇÃO E QUALIFICAÇÃO URBANA,QUALIFICAÇÃO DA URBANIZAÇÃO,NA,ZM,ZM,-,-,-,R,R1,-,-,-,-,-,-,-,"0,6",-,"1,0",-,-,-,6,9,-,-,-%,151.34,160.34,-,-,4338.8500000000004,NÃO,1,"1,0400",145.54,1254.99,-,-,-,-,-,-,NÃO,-,QUITADO,SLC-E,2024-62188-01,APROVAÇÃO E EXECUÇÃO PARA RESIDÊNCIA UNIFAMILIAR,45701,,,,,,,45796,2025
2342/16050/2024,2342,6068.2024/0011749-1,,341700.37019679,7393918.0667771,055,402,0044-6,-,165611,RUA,-,DOS POVOADORES,221,-,-,-,-,HIDEMI SHIBUYA/ DAYSE SHIBUYA,VILA FORMOSA,ARICANDUVA/FORMOSA/CARRÃO,ESTRUTURAÇÃO E QUALIFICAÇÃO URBANA,QUALIFICAÇÃO DA URBANIZAÇÃO,NA,-,-,ZM,ZM,-,R,R1,-,-,-,-,-,-,-,"0,6",-,"1,0",-,-,-,2.75,0.24,-,-,-%,126.67,126.91,-,-,3045.94,NÃO,1,"1,0222",123.92,1886.99,-,-,-,-,-,-,NÃO,-,QUITADO,SLC-E,2024-68429-00,APROVAÇÃO E EXECUÇÃO PARA RESIDÊNCIA UNIFAMILIAR,45621,,,,,,,45797,2025
2343/16050/2024,2343,6068.2024/0012304-1,,332676.05019679,7401261.7367771,072,038,0038-5,-,200980,RUA,DOM,ANTONIO DOS SANTOS CABRAL,S/N,RUA,-,LUIS ANTONIO DOS SANTOS ,605,KAWAN KZAN TEIXEIRA DA SILVA ,SANTANA,SANTANA/TUCURUVI,ESTRUTURAÇÃO E QUALIFICAÇÃO URBANA,QUALIFICAÇÃO DA URBANIZAÇÃO,NA,-,-,ZM,ZM,-,R,R1,-,-,-,-,-,-,-,"0,6",-,"1,0",-,-,-,5.35,46.19,-,-,-%,215.35,261.54000000000002,-,-,6496.99,NÃO,1,"1,0255",210,2066.92,-,-,-,-,-,-,NÃO,-,QUITADO,SLC-E,2024-68716-00,APROVAÇÃO E EXECUÇÃO PARA RESIDÊNCIA UNIFAMILIAR,45631,,,,,,,45797,2025
2344/16050/2024,2344,6068.2024/0011452-2,,328728.18112339,7389786.0116611,299,041,0213-7,-,146013,RUA,-,NIGERIA ,60,-,-,-,-,JONAS TAKAYUKI DOI/ RACHEL ANDRADE CORTEZ DOI,ITAIM BIBI,PINHEIROS,ESTRUTURAÇÃO E QUALIFICAÇÃO URBANA,URBANIZAÇÃO CONSOLIDADA,NA,-,-,ZM,ZM,-,R,R1,-,-,-,-,-,-,-,"0,7",-,"1,0",-,-,-,59.48,7.05,-,-,-%,200.84,207.89,-,-,150242.71,NÃO,1,"1,4208",141.36000000000001,5126.82,-,-,-,-,-,-,NÃO,-,QUITADO,SLC-E,2024-68304-00,APROVAÇÃO E EXECUÇÃO PARA RESIDÊNCIA UNIFAMILIAR,45615,,,,,,,45797,2025
2345/16050/2024,2345,6068.2024/0003717-0,,330150.66112339,7393571.7216611,010,085,0015-1,-,140678,RUA,-,MOACIR PIZA,105,-,-,-,-,ANIS CHACUR NETO / RENATA MARIA NOGUEIRA VESSONI CHACUR,JARDIM PAULISTA,PINHEIROS,ESTRUTURAÇÃO E QUALIFICAÇÃO URBANA,URBANIZAÇÃO CONSOLIDADA,NA,-,-,ZM,ZM,-,R,R1,-,-,-,-,-,-,-,"0,7",-,"1,0",-,-,-,96.98,2.54,-,-,-%,163.47999999999999,166.02,-,-,315600.64000000001,NÃO,1,"2,4583",66.5,11428.8,-,-,-,-,-,-,NÃO,-,QUITADO,SLC-E,2024-63016-00,APROVAÇÃO E EXECUÇÃO PARA RESIDÊNCIA UNIFAMILIAR,45437,,,,,,,45792,2025
2026/16050/2024,2346,6068.2024/0010672-4,,334086.20768278,7390293.4252152,039,082,0066-0,-,71838,RUA,-,FLAVIO DE MELO,236,-,-,-,-,OTOMAR ROBERTO DOS SANTOS,VILA MARIANA,VILA MARIANA,ESTRUTURAÇÃO E QUALIFICAÇÃO URBANA,URBANIZAÇÃO CONSOLIDADA,NA,-,-,ZM,ZM,-,R,R1,-,-,-,-,-,-,-,"0,7",-,"1,0",-,-,-,6.38,29.96,-,-,-%,148.03,177.99,-,-,13412.91,NÃO,1,"1,0400",141.65,3138.61,-,-,-,-,-,-,NÃO,-,QUITADO,SLC-E,2024-68012-00,APROVAÇÃO E EXECUÇÃO PARA RESIDÊNCIA UNIFAMILIAR,45603,,,,,,,45797,2025
2347/16402/2024,2347,6068.2024/0005809-6,,340376.49683424,7394740.5325917,054,192,0025-2,-,140198,RUA,-,MASTROPAULO,S/N,RUA,-,MIRAMONTE,34,ANA BEATRIZ ULRICH DE OLIVEIRA E CASTRO / FERNANDO ANDRADE DE MELO,TATUAPÉ,MOOCA,ESTRUTURAÇÃO E QUALIFICAÇÃO URBANA,QUALIFICAÇÃO DA URBANIZAÇÃO,NA,-,-,ZM,ZM,-,R,R1,-,-,-,-,-,-,-,"0,6",-,"1,0",-,32.56,-,32.56,42.42,-,-,-%,215.36,257.77999999999997,65490.61,-,65490.61,NÃO,1,"1,17",182.8,3949.41,-,-,-,-,-,-,NÃO,-,QUITADO,SLC-E,2024-64275-00,APROVAÇÃO E EXECUÇÃO PARA RESIDÊNCIA UNIFAMILIAR,45492,,,,,,,45798,2025
2348/17975/2025,2348,1020.2024/0005034-0,,343456.91855129,7389752.4662826,117,300,0009-5,-,171611,RUA,-,HERACLITO ODILON,171,-,-,-,-,BRIK EMPREENDIMENTOS IMOBILIÁRIOS LTDA ,SAPOPEMBA,SAPOPEMBA,ESTRUTURAÇÃO E QUALIFICAÇÃO URBANA,REDUÇÃO DA VULNERABILIDADE URBANA,NA,-,ZEU,ZEU,-,-,R,R2v-1,-,-,-,-,-,-,-,"0,3",-,"0,8/1,0",-,-,-,657.92,124.96,-,-,-%,920.92,1045.8800000000001,-,-,72403.820000000007,NÃO,1,"3,5000",264,1464.24,-,-,32.049999999999997,-,-,-,NÃO,-,ARRECADADO AD,APROVA DIGITAL,38286-24-SP-ALV,APROVAÇÃO DE EDIFICAÇÃO NOVA,45742,,,,,,,45799,2025
2349/17975/2024,2349,1020.2023/0023052-5,,332813.68768278,7390345.8952152,037,099,0042-5/0043-3/0044-1,0139-1,046396,RUA,CAPITÃO,CAVALCANTI,"322,332,334",-,-,-,-,CEIRY XIII - CAPITÃO CAVALCANTI EMPREENDIMENTOS IMOBILIÁRIOS,VILA MARIANA,VILA MARIANA,ESTRUTURAÇÃO E QUALIFICAÇÃO URBANA,URBANIZAÇÃO CONSOLIDADA,NA,-,ZEU,ZEU,-,-,R,R2v-2,HMP,HIS - 1,nR1-3,-,-,-,-,"0,7",-,"0,0/0,4/0,8/1,0",-,-,-,5524.46,2922.22,999.01,54.57,1.8674158687573147E-2,6467.35,9389.57,-,-,340260.43,SIM,1,"6,8591",942.89,4273.29,-,-,-,-,-,-,NÃO,-,ARRECADADO AD / REAPROVEITAMENTO,APROVA DIGITAL,34342-23-SP-ALV,APROVAÇÃO DE EDIFICAÇÃO NOVA,45573,,,,,,,45791,2025
2350/16050/2024,2350,1020.2023/0010694-8,,332709.97913087,7391128.4388155,037,028,0007-7/0008-5/0011-5/0012-3/0013-1/0014-1/0018-2/0019-0/0020-4/0022-0/0152-9/0154-5,-,060135,AVENIDA,CONSELHEIRO,RODRIGUES ALVES,"18,28,50,60,62,72,74,90,100,102,S/N",RUA,-,DOMINGOS DE MORAIS,486,TRISUL 16 EMPREENDIMENTOS IMOBILIÁRIOS LTDA,VILA MARIANA,VILA MARIANA,ESTRUTURAÇÃO E QUALIFICAÇÃO URBANA,URBANIZAÇÃO CONSOLIDADA,NA,-,ZEU,ZEU,-,-,R,R2v-4,-,-,nR1-12,nR1-3,nR2-3,nR2-12,-,"0,7",-,"0,8/1,0",-,22128.86,-,22128.86,40108.6,4968.6499999999996,3718.33,9.270655171210164E-2,37384.39,77492.990000000005,20805411.199999999,-,20805411.199999999,NÃO,1,"4,7999",7788.5,7081.29,-,-,177.9,-,6933.33,-,SIM,OBRIGATÓRIO,ARRECADADO AD,APROVA DIGITAL,29021-23-SP-ALV,APROVAÇÃO DE EDIFICAÇÃO NOVA,45551,,,,,,,45792,2025
2351/16050/2025,2351,1020.2023/0010993-9,,325166.26613087,7384507.4748655,087,455,0029-0,-,065812,RUA,-,CLARENCE,378,-,-,-,-,SERGIO ORLANDO MASSARA,SANTO AMARO,SANTO AMARO,ESTRUTURAÇÃO E QUALIFICAÇÃO URBANA,QUALIFICAÇÃO DA URBANIZAÇÃO,NA,-,-,ZEUP,ZEUP,-,R,R2v-1,-,-,-,-,-,-,-,"0,6",-,"0,8/1,0",-,173.78,-,173.78,205.37,-,-,-%,479.38,684.75,139159.71,-,139159.71,NÃO,1,"1,5686",305.60000000000002,2305.65,-,-,-,-,-,-,NÃO,-,ARRECADADO AD,APROVA DIGITAL,29367-23-SP-ALV,APROVAÇÃO E EXECUÇÃO DE EDIFICAÇÃO NOVA,45740,,,,,,,45797,2025
2352/17975/2024,2352,1020.2023/0025225-1,,324377.28491677,7390113.5118582,101,383,0010-1/0011-8/0012-6/0013-4/0016-9/0019-3/0176-9/0177-7,-,085154,RUA,-,SALIM IZAR,"36,54",RUA,-,AMÉLIA CORRÊA FONTES GUIMARÃES,"0,469,479,489",TURMALINA HOME EMPREENDIMENTOS IMOBILIÁRIOS LTDA,MORUMBI,BUTANTÂ,ESTRUTURAÇÃO E QUALIFICAÇÃO URBANA,URBANIZAÇÃO CONSOLIDADA,NA,-,ZEU,ZEU,-,-,R,R2v-2,HMP,-,nR1-3,nR1-12,-,-,-,"0,7",-,"0,4/0,8/1,0",-,11269.22,-,11269.22,16192.78,2908.95,555.96,3.4333820381676282E-2,14547.69,30740.46,3398377.07,-,3398377.07,NÃO,1,"5,7945",2510.58,3144.24,-,-,255.96,-,-,-,SIM,OBRIGATÓRIO,ARRECADADO AD,APROVA DIGITAL,35434-23-SP-ALV,APROVAÇÃO DE EDIFICAÇÃO NOVA,45537,53595-25-SP-ALV,EXECUÇÃO DE EDIFICAÇÃO NOVA,45845,,,,45800,2025
2353/16050/2024,2353,6068.2023/0011406-1,,338230.18209066,7386988.2509483,050,175,0028-6,-,075060,RUA,-,FRANCISCO OLANDIM,245,-,-,-,-,A.S.O EQUIPAMENTOS CONTRA INCENDIO LTDA,SACOMÃ,IPIRANGA,ESTRUTURAÇÃO E QUALIFICAÇÃO URBANA,QUALIFICAÇÃO DA URBANIZAÇÃO,NA,-,-,ZM,ZM,-,R,R1,-,-,-,-,-,-,-,"0,6",-,"1,0",-,-,-,16.100000000000001,117.04,-,-,-%,245.72,362.76,-,-,7744.05,NÃO,1,"1,0700",229.62,857.87,-,-,-,-,-,-,NÃO,-,QUITADO,SLC-E,2024-60946-00,APROVAÇÃO E EXECUÇÃO PARA RESIDÊNCIA UNIFAMILIAR,45355,,,,,,,45803,2025
2354/17975/2024,2354,1020.2023/0007089-7,,332838.1204181,7389488.5991219,042,051,0086-8,-,059021,RUA,DOUTOR,DIOGO DE FARIA ,"139,149,155,159,171,181",-,-,-,-,MILLO'S PARTICIPAÇÕES E EMPREENDIMENTOS LTDA,VILA MARIANA,VILA MARIANA,ESTRUTURAÇÃO E QUALIFICAÇÃO URBANA,URBANIZAÇÃO CONSOLIDADA,NA,-,ZEU,ZEU,-,-,R,R2v-2,-,-,nR1-3,nR1-12,-,-,-,"0,7",-,"1,0",-,-,-,6691.61,10520.61,1735.86,908.05,8.6311535167637607E-2,9162.9500000000007,19683.560000000001,-,-,5488722.3300000001,NÃO,1,"4,0000",2290.7399999999998,4687.12,-,-,60.2,-,-,-,NÃO,-,ARRECADADO AD,APROVA DIGITAL,27240-23-SP-ALV,APROVAÇÃO DE EDIFICAÇÃO NOVA,45373,,,,,,,45803,2025
2355/16050/2025,2355,1020.2022/0010029-3,,327845.49944064,7392508.4809262,015,042,0006-6/0007-4/0008-2/0009-0,-,169196,AVENIDA,-,REBOUÇAS,2808,-,-,-,-,3Z REBOUÇAS EMPREENDIMENTOS IMOBILIÁRIOS LTDA,PINHEIROS,PINHEIROS,ESTRUTURAÇÃO E QUALIFICAÇÃO URBANA,URBANIZAÇÃO CONSOLIDADA,NA,-,-,ZEU,EETU,-,R,R2v-1,-,-,nR1-3,nR1-6,-,-,-,"1,3",-,"1,0",-,-,-,48.23,4343.04,-,443.28,0.10206675508399646,3546.33,7889.37,-,-,105328.54,NÃO,1,"3,9986",886.9,6716.93,-,-,-,-,-,-,NÃO,-,QUITADO,SEI,2022/05111-01,PROJ. MODIFICATIVO - APROVAÇÃO E EXECUÇÃO DE EDIFICAÇÃO NOVA,45796,,,,,,,45803,2025
2356/17975/2023,2356,1020.2023/0027408-5,,329606.63020733,7393522.8471067,013,017,0033-9/0034-7/0111-4/0112-2,-,137952,RUA,-,MELO ALVES,"216,228,238",AVENIDA,-,REBOLÇAS,809,PL SPO 02 EMPREENDIMENTOS IMOBILIÁRIOS SPE LTDA,JARDIM PAULISTA,PINHEIROS,ESTRUTURAÇÃO E QUALIFICAÇÃO URBANA,URBANIZAÇÃO CONSOLIDADA,NA,-,ZEU,ZEU,-,-,R,R2v-2,-,-,nR1-3,nR1-12,-,-,-,"0,7",-,"1,0/2,0",-,-,-,6715.04,12616.37,1764.36,608.11,4.8200076567190088E-2,8833.7999999999993,21450.17,-,-,19867841.829999998,NÃO,1,"4,7936",1842.82,10440.32,-,-,91.98,29.84,-,-,SIM,OPCIONAL,ARRECADADO AD,APROVA DIGITAL,35629-23-SP-ALV,APROVAÇÃO DE EDIFICAÇÃO NOVA,45532,,,,,,,45798,2025
2357/16050/2024,2357,1020.2023/0018950-9,,336227.66547564,7388889.984781,043,109,0008-9/0009-7/0010-0/0011-9/0012-7/0013-5/0014-3,-,312657,RUA,-,BARAÚNA,"02,08,10,14,70",RUA,-,DO PARQUE,"129,137",CONSTHRUIR ENGENHARIA LTDA,IPIRANGA,IPIRANGA,ESTRUTURAÇÃO E QUALIFICAÇÃO URBANA,URBANIZAÇÃO CONSOLIDADA,NA,-,ZEU,ZEU,-,-,R,-,E-HMP,HIS - 2,nR1-3,-,-,-,-,"0,7",-,"0,0/0,4",-,8272.93,-,8272.93,6283.14,-,202.86,3.228640456841643E-2,10371.379999999999,16654.52,507321.34,-,507321.34,NÃO,1,"4,9424",2098.4499999999998,1550.75,-,-,-,-,-,-,NÃO,-,ARRECADADO AD,APROVA DIGITAL,33109-23-SP-ALV,APROVAÇÃO DE EDIFICAÇÃO NOVA,45455,,,,,,,45797,2025
2358/17975/2025,2358,1020.2023/0016328-3,,329244.67731244,7393276.7311138,013,033,0041-9/0042-7,-,112011,RUA,-,RAGGIO NÓBREGA,"67,77",-,-,-,-,JR RAGGIO NOBREGA SPE LTDA,JARDIM PAULISTA,PINHEIROS,ESTRUTURAÇÃO E QUALIFICAÇÃO URBANA,URBANIZAÇÃO CONSOLIDADA,NA,-,ZEU,ZEU,-,-,R,R2v-1,-,-,nR1-2,nR1-12,-,-,-,"0,7",-,"0,8/1,0",-,-,-,1285.32,1098.49,349.52,35.090000000000003,3.1943850194357713E-2,1761.95,2860.44,-,-,2563497.7799999998,NÃO,1,"3,6967",467.63,10635.15,-,-,-,-,-,-,NÃO,-,ARRECADADO AD,APROVA DIGITAL,31864-23-SP-ALV,APROVAÇÃO DE EDIFICAÇÃO NOVA,45742,,,,,,,45798,2025
2359/17975/2024,2359,1020.2024/0003352-7,,333671.32237619,7390282.9953998,039,080,0035-1/0036-1/0037-8/0038-6/0039-4/0040-8/0041-6/0611-2,-,073830,RUA,-,FRANCISCO CRUZ,"549,555,557,563,573,583,597,605",-,-,-,-,M.A.R ADELAIDE DESENVOLVIMENTO IMOBILIÁRIO SPE LTDA,VILA MARIANA,VILA MARIANA,ESTRUTURAÇÃO E QUALIFICAÇÃO URBANA,URBANIZAÇÃO CONSOLIDADA,NA,ZEU,ZEU,-,-,-,R,R2v-2,HMP,HIS - 2,-,-,-,-,-,"0,7",-,"0,0/0,4/0,8/1,0",-,-,-,10432.76,4684.09,-,-,-%,12132.97,16817.060000000001,-,-,1900689.08,SIM,1,"7,1362",1700.21,3122.87,-,-,-,-,-,2281.21,SIM,OPCIONAL,ARRECADADO AD / REAPROVEITAMENTO,APROVA DIGITAL,37609-24-SP-ALV,APROVAÇÃO DE EDIFICAÇÃO NOVA,45631,51913-25-SP-ALV,EXECUÇÃO DE EDIFICAÇÃO NOVA,45833,,,,45799,2025
2360/16050/2024,2360,1020.2023/0011382-0,,330129.26069129,7388405.0991041,041,164,0132-3,-,089443,AVENIDA,-,IBIRAPUERA ,2584,-,-,-,-,TLR6 EMPREENDIMENTOS E PARTICIPAÇÕES LTDA,MOEMA,VILA MARIANA,ESTRUTURAÇÃO E QUALIFICAÇÃO URBANA,URBANIZAÇÃO CONSOLIDADA,NA,-,-,ZEU,EETU,-,R,R2v-2,-,-,nR1-3,nR1-6,nR1-12,-,-,"0,7",-,"0,8/1,0",-,-,-,5104.3,9877.09,1429.77,842.53,8.5301439999028048E-2,7439.63,17316.72,-,-,6530091.0199999996,NÃO,1,"3,9987",1860.49,7542.35,-,-,158.28,-,-,-,NÃO,-,ARRECADADO AD,APROVA DIGITAL,29263-23-SP-ALV,APROVAÇÃO DE EDIFICAÇÃO NOVA,45457,,,,,,,45799,2025
2361/17975/2024,2361,1020.2023/0025860-8,,327489.38418361,7400486.6328634,076,077,0050-1/0051-1/0054-4/0082-1/0084-6/0085-4/0126-5/0127-3,-,126454,RUA,-,MANUEL CORREIA ,"563,571,577,583,591,597,599,607,609,611,613",-,-,-,-,LIVING 010 EMPREENDIMENTOS IMOBILIÁRIOS LTDA,FREGUESIA DO Ó,FREGUESIA/BRASILÂNDIA,ESTRUTURAÇÃO E QUALIFICAÇÃO URBANA,QUALIFICAÇÃO DA URBANIZAÇÃO,NA,-,ZEU,ZEU,-,-,R,R2v-3,-,-,-,-,-,-,-,"0,6",-,"0,8",-,-,-,10215.11,9192.3799999999992,-,-,-%,13728.97,22921.35,-,-,957913.92,NÃO,1,"4,7776",2873.6,933.37,-,-,213.42,-,-,-,SIM,OPCIONAL,ARRECADADO AD,APROVA DIGITAL,35467-23-SP-ALV,APROVAÇÃO DE EDIFICAÇÃO NOVA,45642,,,,,,,45807,2025
2362/16050/2024,2362,6068.2024/0006375-8,,331009.42381064,7393979.8906037,010,044,0014-4,-,160288,RUA,-,PEIXOTO GOMIDE,216,-,-,-,-,ANA LUIZA DECLOEDT/ EDUARDO NOBUYUKI SAITO ,CONSOLAÇÃO,SÉ,ESTRUTURAÇÃO E QUALIFICAÇÃO URBANA,URBANIZAÇÃO CONSOLIDADA,NA,-,-,ZM,ZM,-,R,R1,-,-,-,-,-,-,-,"0,7",-,"1,0",-,-,-,25.12,48.3,-,-,-%,114.11,162.41,-,-,91647.3,NÃO,1,"1,2800",88.99,6683.2,-,-,-,-,-,-,NÃO,-,QUITADO,SLC-E,2024-65525-00,APROVAÇÃO E EXECUÇÃO PARA RESIDÊNCIA UNIFAMILIAR,26/08//2024,,,,,,,45807,2025
2363/17975/2024,2363,1020.2023/0016066-7,,331541.78197779,7393759.9971979,009,013,0022-5/0023-3/0024-1/0025-1,-,095460,RUA,-,ITAPEVA ,"66,72,80,84",-,-,-,-,ITAPEVA EMPREENDIMENTO IMOBILIÁRIO SPE LTDA,BELA VISTA,SÉ,ESTRUTURAÇÃO E QUALIFICAÇÃO URBANA,URBANIZAÇÃO CONSOLIDADA,NA,-,ZEU,ZEU,-,-,R,R2v-2,HMP,-,nR1-3,-,-,-,-,"0,7",-,"0,4/0,8/1,0",-,-,-,4669.83,2144.87,-,28.37,1.3226908856947042E-2,6062.59,8177.46,-,-,3924322.25,NÃO,1,"4,8414",1252.24,6616.85,-,-,46.84,-,-,-,NÃO,-,ARRECADADO AD,APROVA DIGITAL,31574-23-SP-ALV,APROVAÇÃO DE EDIFICAÇÃO NOVA,45638,,,,,,,45810,2025
2364/17975/2024,2364,1020.2023/0023876-3,,332865.21381064,7392593.4106037,038,011,0015-4/0016-2/0017-0/0018-9/0019-7/0020-0/0021-9/0022-7/0023-5/0024-3/0031-6/0065-0/0066-9,-,069884,RUA,-,CASTRO ALVES,"238,240,242,252,254,262,264,272,278,284,296,300,304",-,DOUTOR,FELIX,"57,59,65",CYRELA PEROLA EMPREENDIMENTOS IMOBILIÁRIOS LTDA,LIBERDADE,SÉ,ESTRUTURAÇÃO E QUALIFICAÇÃO URBANA,URBANIZAÇÃO CONSOLIDADA,NA,-,ZEU,ZEU,-,-,R,R2v-3,-,-,nR1-3,nR1-12,-,-,-,"0,7",-,"0,8/1,0",-,-,-,11354.39,12231.44,679.38,686.57,5.6131575677107519E-2,15162.97,27394.41,-,-,4460002.42,NÃO,1,"4,7815",3171.2,3337.66,-,-,212.46,-,-,1520.32,SIM,OPCIONAL,ARRECADADO AD,APROVA DIGITAL,34107-23-SP-ALV,APROVAÇÃO DE EDIFICAÇÃO NOVA,45545,,,,,,,45811,2025
2365/16050/2024,2365,1020.2023/0028549-4,,325134.69724235,7389149.309172,123,139,0005-2/0007-9/0008-7/0033-8/0035-4/0036-2/0037-0/0038-9,-,717070,RUA,-,COMBATENTES DO GUETO,"25,81,85,111,S/N",RUA,-,MARCELO MISTRORIGO,"141,165",JLAE IMOVEIS FAMILIARES LTDA,MORUMBI,BUTANTÂ,ESTRUTURAÇÃO E QUALIFICAÇÃO URBANA,URBANIZAÇÃO CONSOLIDADA,NA,-,-,ZEU,ZEU,-,nR,-,-,-,nR2-5,-,-,-,-,-,"1,3",-,"1,0",-,-,2269.54,8703.2000000000007,-,1034.19,0.1188287066825995,7459.19,16162.39,-,-,4849876.29,NÃO,1,"1,4373",5189.6499999999996,2326.67,-,-,-,-,-,-,NÃO,-,ARRECADADO AD,APROVA DIGITAL,36423-23-SP-ALV,APROVAÇÃO DE EDIFICAÇÃO NOVA,45488,,,,,,,45800,2025
2366/17975/2024,2366,1020.2023/0020502-4,,331002.29763504,7395797.0974405,020,080,0002-8,-,013560,AVENIDA,-,ANGÉLIA ,752,-,-,-,-,ONE DI 53 EMPREENDIMENTO IMOBILIARIO SPE LTDA,SANTA CECÍLIA,SÉ,ESTRUTURAÇÃO E QUALIFICAÇÃO URBANA,URBANIZAÇÃO CONSOLIDADA,NA,-,ZEU,ZEU,-,-,R,R2v-2,HMP,HIS - 2,nR1-3,nR1-12,-,-,-,"0,7",-,"0,0/0,4/0,8/1,0",-,-,-,10573.71,9976.1299999999992,2503.85,157.34,1.5771646921200907E-2,12685.14,22661.27,-,-,8531858.2899999991,NÃO,1,"6,2643",2025,9416.98,-,-,28.81,-,-,2261.73,SIM,OPCIONAL,ARRECADADO AD,APROVA DIGITAL,33392-23-SP-ALV,APROVAÇÃO DE EDIFICAÇÃO NOVA,45547,,,,,,,45803,2025
2367/17975/2024,2367,1020.2024/0013954-6,,331439.70505172,7391474.165637,036,059,0075-5,0328-2/0329-0,119466,RUA,-,DO LIVRAMENTO ,66,-,-,-,-,CBR 180 EMPREENDIMENTOS IMOBILIÁRIOS ,MOEMA,VILA MARIANA,ESTRUTURAÇÃO E QUALIFICAÇÃO URBANA,URBANIZAÇÃO CONSOLIDADA,NA,ZEU,ZEU,-,-,-,R,R2v-3,-,-,-,-,-,-,-,"0,7",-,"1,0",-,-,-,6386.14,12057.3,-,-,-%,10949.65,23006.95,-,-,10649606.050000001,NÃO,1,"2,3994",4563.51,5716.08,-,-,225.1,-,-,-,SIM,OPCIONAL,ARRECADADO AD,APROVA DIGITAL,42101-24-SP-ALV,APROVAÇÃO DE EDIFICAÇÃO NOVA,45638,,,,,,,45813,2025
2368/17975/2024,2368,1020.2023/0025058-5,,327522.40798426,7397205.21107,022,024,0031-1/0033-8/0034-6/0035-4/0035-4/0085-0/0086-9,-,054631,RUA,-,CORIOLANO,"415,421,429,437",RUA,-,CRASSO,"397,401",BOM RETIRO INCORPORAÇÕES IMOBILIÁRIAS LTDA,LAPA,LAPA,ESTRUTURAÇÃO E QUALIFICAÇÃO URBANA,URBANIZAÇÃO CONSOLIDADA,NA,-,ZEU,ZEU,-,-,R,R2v-2,-,-,nR1-3,nR1-15,-,-,-,"0,7",-,"0,8/1,0",-,-,-,5150.37,9199.27,1024.6300000000001,560.42999999999995,6.0921138307713542E-2,7084.8,16284.07,-,-,1974985.37,NÃO,1,"4,8000",1476,3252.19,-,-,152.81,-,-,-,SIM,OPCIONAL,ARRECADADO AD,APROVA DIGITAL,35411-23-SP-ALV,APROVAÇÃO DE EDIFICAÇÃO NOVA,45526,,,,,,,45526,2024
2369/16050/2024,2369,1010.2022/0004836-4,,328146.41002255,7392697.1754307,015,041,0001-8/0002-6/0023-9/0024-7/0032-8/0036-0/0037-9,-,169196,AVENIDA,-,REBOUÇAS ,2472,-,-,-,-,TECAINDA EMPREENDIMENTOS IMOBILIÁRIOS LTDA,PINHEIROS,PINHEIROS,ESTRUTURAÇÃO E QUALIFICAÇÃO URBANA,URBANIZAÇÃO CONSOLIDADA,NA,-,-,ZEU,EETU,-,R/nR,R2v-1,-,-,nR1-3,nR1-6,nR2-2,-,-,"0,7","1,3","0,8/0,9","1,0",371.53,9803,10174.530000000001,20864.080000000002,3086.94,1929.05,9.2457946863700666E-2,15434.85,36298.93,392876.98,23614711.190000001,24007588.170000002,NÃO,1,"3,9999",3858.81,7411.9,-,-,467.17,-,-,-,NÃO,-,QUITADO,SEI,2024/05180-00,APROVAÇÃO DE EDIFICAÇÃO NOVA,45527,35411-23-P-ALV,EXECUÇÃO DE EDIFICAÇÃO NOVA,45894,,,,45812,2025
2370/17975/2024,2370,1020.2023/0004155-2,,327182.60742323,7395226.6954928,012,156,0016-1/0017-8/0022-4/0023-2/0024-0/0032-1/0033-1/0035-6,-,172901,RUA,-,RODRIGO LOBATO ,"90,92,106,110,118,120,130,144",-,-,-,-,THINK HOME LOBATO EMPREENDIMENTOS IMOBILIÁRIOS LTDA,PERDIZES,LAPA,ESTRUTURAÇÃO E QUALIFICAÇÃO URBANA,URBANIZAÇÃO CONSOLIDADA,NA,-,ZEU,ZEU,-,-,R,R2v-1,E-HMP,-,nR1-3,nR1-12,-,-,-,"0,7",-,"0,4/0,8/1,0",-,-,-,5870.08,4174,1115.6099999999999,214.67,5.1430282702443694E-2,7044.3,11218.3,-,-,921756.26,NÃO,1,"5,9991",1174.22,2705.66,-,-,-,-,-,-,SIM,OPCIONAL,ARRECADADO AD,APROVA DIGITAL,25905-23-SP-ALV,APROVAÇÃO DE EDIFICAÇÃO NOVA,45456,,,,,,,45814,2025
2371/17975/2024,2371,1020.2023/0022003-1,,331665.00731102,7392317.802962,036,004,0013-4,-,132489,RUA,-,MARIA FIGUEIREDO ,"294,308",-,-,-,-,CNL 28 MF EMPREENDIMENTOS IMOBILIÁRIOS LTDA,VILA MARIANA,VILA MARIANA,ESTRUTURAÇÃO E QUALIFICAÇÃO URBANA,URBANIZAÇÃO CONSOLIDADA,NA,-,ZEU,ZEU,-,-,R,R2v-2,-,-,nR1-3,nR1-12,-,-,-,"0,7",-,"0,8/1,0",-,-,-,2355.84,4082.3,605.17999999999995,92.67,2.2700438478308795E-2,3141.15,7223.45,-,-,3418635.84,NÃO,1,"3,9999",785.31,9979.25,-,-,-,-,-,-,NÃO,-,ARRECADADO AD,APROVA DIGITAL,33992-23-SP-ALV,APROVAÇÃO DE EDIFICAÇÃO NOVA,45484,,,,,,,45825,2025
2372/16402/2025,2372,6068.2024/0013080-3,,341573.66246381,7396935.5229682,056,044,0057-2,-,197157,RUA,-,VILA LAFEMINA ,"36, 42",-,-,-,-,MANUEL FERNANDO DE VASCONCELOS / DAISY COLARES DE SOUZA,PENHA,PENHA,ESTRUTURAÇÃO E QUALIFICAÇÃO URBANA,ESTRUTURAÇÃO METROPOLITANA,ARCO LESTE,-,-,ZEUP,ZEUP,-,R,R1,-,-,-,-,-,-,-,"0,3",-,"1,0",-,-,-,48.02,0,-,-,-%,310.36,310.36,-,-,10763.18,NÃO,1,"1,1830",262.33999999999997,883.89,-,-,-,-,-,-,NÃO,-,QUITADO,SLC-E,2025-60776-00,APROVAÇÃO E EXECUÇÃO PARA RESIDÊNCIA UNIFAMILIAR,45691,,,,,,,45825,2025
2373/17975/2024,2373,1020.2023/0025066-6,,330032.56246381,7393697.7129682,010,083,0012-8/0016-0/0017-9/0018-7/0582-0/0583-9/0584-7/0585-5/0586-3/0587-1/0588-1,-,096423,RUA,-,DA CONSOLAÇÃO ,2847,ALAMEDA,-,ITU ,"1466,1476,1478",NETCORP CONSOLAÇÃO E EMPREENDIMENTO IMOBILIÁRIO SPE ,JARDIM PAULISTA,PINHEIROS,ESTRUTURAÇÃO E QUALIFICAÇÃO URBANA,URBANIZAÇÃO CONSOLIDADA,NA,-,ZEU,ZEU,-,-,R,R2v-2,-,-,-,-,-,-,-,"0,7",-,"0,8/1,0",-,-,-,3631.25,4638.04,-,-,-%,4800,9483.0400000000009,-,-,5576913.1600000001,NÃO,1,"4,8000",1000,12332.93,-,-,56.25,-,-,-,SIM,OPCIONAL,ARRECADADO AD,APROVA DIGITAL,35451-23-SP-ALV,APROVAÇÃO DE EDIFICAÇÃO NOVA,45483,,,,,,,45826,2025
2374/17975/2024,2374,1020.2024/0027464-8,,339725.52839697,7402910.3995394,066,067,0013-2,-,062243,AVENIDA,-,EDU CHAVES,993,-,-,-,-,T2 INCORPORADORA LTDA,JAÇANÃ,JAÇANÂ/TREMEMBÉ,ESTRUTURAÇÃO E QUALIFICAÇÃO URBANA,REDUÇÃO DA VULNERABILIDADE URBANA,NA,ZC,ZC,-,-,-,R,-,E-HMP,-,nR1-3,-,-,-,-,"0,3",-,"0,4",-,-,-,666.18,386.49,-,47.39,0.12261636782322957,1124.8399999999999,1511.33,-,-,22677.1,NÃO,1,"2,4524",458.66,695.69,-,-,-,-,-,-,NÃO,-,ARRECADADO AD,APROVA DIGITAL,48969-24-SP-ALV,APROVAÇÃO E EXECUÇÃO DE EDIFICAÇÃO NOVA,45805,,,,,,,45831,2025
2375/16050/2025,2375,6068.2024/0013725-5,,346408.20768278,7399062.5027152,110,474,0030-7,-,064424,RUA,-,EMILIANA ROSA DE ASSUNÇÃO ,171,-,-,-,-,DEISY FLORES VIA ,PONTE RASA,EMRMELINO MATARAZZO,ESTRUTURAÇÃO E QUALIFICAÇÃO URBANA,ESTRUTURAÇÃO METROPOLITANA,ARCO LESTE,-,-,ZEUP,ZEUP,-,R,R1,-,-,-,-,-,-,-,"0,3",-,"1,0",-,-,-,13.02,24.89,-,-,-%,115.52,140.41,-,-,3457,NÃO,1,"1,1270",102.6,997.47,-,-,-,-,-,-,NÃO,-,QUITADO,SLC-E,2025-61102-00,APROVAÇÃO E EXECUÇÃO PARA RESIDÊNCIA UNIFAMILIAR,45706,,,,,,,45831,2025
2376/17975/2024,2376,1020.2023/0026666-0,,331083.22556831,7394787.0809374,010,018,0040-0/0041-9/0042-7/0043-5/0044-3/0045-1/0299-3/0300-0/0444-9,-,180408,RUA,-,SERGIPE,"132,138,160",RUA,DONA,ANTONIA DE QUEIROS ,"575,593",SK HIGIANÓPOLIS EMPREENDIMENTOS IMOBILIÁRIOS LTDA,CONSOLAÇÃO,SÉ,ESTRUTURAÇÃO E QUALIFICAÇÃO URBANA,URBANIZAÇÃO CONSOLIDADA,NA,-,ZEU,ZEU,-,-,R,R2v-3,HMP,-,nR1-2,nR1-12,-,-,-,"0,7",-,"0,4/0,8/1,0",-,-,-,12506.95,17038.53,3071.73,1094.3599999999999,6.4228545537672557E-2,15756.72,32795.25,-,-,10764247.74,NÃO,1,"5,7455",2742.44,8131.62,-,-,169.11,-,-,-,SIM,OPCIONAL,ARRECADADO AD,APROVA DIGITAL,35688-23-SP-ALV,APROVAÇÃO DE EDIFICAÇÃO NOVA,45617,,,,,,,45831,2025
2377/17975/2025,2377,1020.2023/0024103-9,,329214.44207022,7391350.1360837,016,049,0038-5/0039-3,-,094323,RUA,-,JAPÃO ,274,-,-,-,-,JAPÃO EMPREENDIMENTO IMOBILIÁRIO SPE LTDA,ITAIM BIBI,PINHEIROS,ESTRUTURAÇÃO E QUALIFICAÇÃO URBANA,URBANIZAÇÃO CONSOLIDADA,NA,-,ZEU,ZEU,-,-,R,R2v-1,-,-,nR1-3,-,-,-,-,"0,7",-,"0,8/1,0",-,-,-,1101.17,1253.3,-,73.97,5.9020186707093275E-2,1468.23,2721.53,-,-,1191518.49,NÃO,1,"4,0000",367.06,7055.42,-,-,-,-,-,-,NÃO,-,ARRECADADO AD,APROVA DIGITAL,35144-23-SP-ALV,APROVAÇÃO DE EDIFICAÇÃO NOVA,45674,,,,,,,45832,2025
2378/17975/2024,2378,1020.2023/0024828-9,,332443.963811,7392421.9981714,038,007,0025-5,-,042447,RUA,MAESTRO,CARDIM ,"1023,1041",-,-,-,-,PLANETA BRANCO DESENVOLVIMENTO IMOBILIÁRIO LTDA,BELA VISTA,SÉ,ESTRUTURAÇÃO E QUALIFICAÇÃO URBANA,URBANIZAÇÃO CONSOLIDADA,NA,-,ZEU,ZEU,-,-,R,R2v-3,HMP,HIS - 2,nR1-3,nR2-12,-,-,-,"0,7",-,"0,0/0,4/1,0",-,-,-,8902.4599999999991,8350.9599999999991,2187.0500000000002,199.69,2.3912220870414901E-2,11107.88,19458.84,-,-,6705729.7800000003,NÃO,1,"6,0858",1825.2,7759.39,-,-,126.74,-,-,-,SIM,OPCIONAL,ARRECADADO AD,APROVA DIGITAL,34702-23-SP-ALV,APROVAÇÃO DE EDIFICAÇÃO NOVA,45497,,,,,,,45875,2025
2379/17975/2025,2379,1020.2024/0018665-0,,328323.01235311,7396744.8394238,022,033,0005-1/0006-1/0007-8/0008-6/0009-4,-,048895,RUA,PADRE,CHICO ,"173,175,183,191,199",-,-,-,-,MAR TURQUESA DESENVOLVIMENTO IMOBILIÁRIO SPE LTDA,PERDIZES,LAPA,ESTRUTURAÇÃO E QUALIFICAÇÃO URBANA,URBANIZAÇÃO CONSOLIDADA,NA,ZEU,ZEU,-,-,-,R,R2v-2,HMP,HIS - 2,nR1-3,-,-,-,-,"0,7",-,"0,4/1,0",-,-,-,8287.91,4742.75,-,531.71,0.11211006272732066,9521.91,14264.63,-,-,2167058.25,NÃO,1,"7,7163",1234,4177.7,-,-,68.27,-,-,-,SIM,OPCIONAL,DEVIDA (À PAGAR NA EXECUÇÃO),APROVA DIGITAL,44695-24-SP-ALV,APROVAÇÃO DE EDIFICAÇÃO NOVA,45763,,,,,,,45838,2025
2380/16050/2024,2380,1020.2023/0024875-0,,334188.2372958,7388633.2445773,046,055,0038-3/0038-5,-,004570,RUA,VIGÁRIO, ALBERNAZ ,241,RUA,DOM,SEBASTIÃO DO REGO ,"18, 46",RHF CONSTRUTORA E INCORPORADORA LTDA,CURSINO,IPIRANGA,ESTRUTURAÇÃO E QUALIFICAÇÃO URBANA,QUALIFICAÇÃO DA URBANIZAÇÃO,NA,-,-,ZM,ZM,-,R,R2v-1,HMP,-,nR1-3,-,-,-,-,"0,6",-,"0,4/0,8",-,-,-,1746.9,2533.42,-,336.79,0.1329388731438135,2621.9,5155.32,-,-,415589.63,NÃO,1,"2,9965",875,2496.5,-,-,-,-,-,-,SIM,OPCIONAL,ARRECADADO AD,APROVA DIGITAL,35427-23-SP-ALV,APROVAÇÃO DE EDIFICAÇÃO NOVA,45460,,,,,,,45807,2025
2381/17975/2024,2381,1020.2023/0020969-0,,329237.7613673,7390833.3283602,016,105,0187-1,-,105562,RUA,-,JOAQUIM FLORIANO ,S/N,-,-,-,-,ONE JOAQUIM FLORIANO EMPREENDIMENTO IMOBILIÁRIO SPE LTDA,ITAIM BIBI,PINHEIROS,ESTRUTURAÇÃO E QUALIFICAÇÃO URBANA,URBANIZAÇÃO CONSOLIDADA,NA,ZEU,ZEU,-,-,-,R,R2v-2,HMP,HIS - 2,nR1-2,nR1-3,-,-,-,"0,7",-,"0,0/1,0/0,4",-,-,-,9709.7099999999991,6029.62,-,289.8,4.8062730321313786E-2,11144.71,17174.330000000002,-,-,4861970.1100000003,NÃO,1,"7,7663",1435,8334.0400000000009,-,-,131.07,-,-,2863.96,SIM,OPCIONAL,ARRECADADO AD,APROVA DIGITAL,33643-23-SP-ALV,APROVAÇÃO DE EDIFICAÇÃO NOVA,45608,,,,,,,45807,2025
2382/17975/2024,2382,1020.2023/0022015-5,,328397.79394959,7392844.3132738,015,042,0019-5/0020-9/0021-7/0022-5/0024-1/0025-1/0026-8/0027-6/0028-4/0033-0/0037-3/0038-1/0039-1/0112-4/0113-2/0114-0/0115-9/0116-7/0117-5/0118-3/0119-1/0120-5/0121-3/0122-1/0123-1/0268-6/,-,169196,AVENIDA,-,REBOLÇAS,"2114,2154,2158,2176",RUA,-,JOAQUIM ANTUNES l DOS PINHEIROS ,"359,367,377,381,391 l 339,365,31,377,341",ARIEGE EMPREENDIMENTOS PARTICIPAÇÕES S.A,PINHEIROS,PINHEIROS,ESTRUTURAÇÃO E QUALIFICAÇÃO URBANA,URBANIZAÇÃO CONSOLIDADA,NA,-,ZEU,ZEU,-,-,R,R2v-4,HMP,-,nR1-3,nR1-6,nR1-15,nR2-2,-,"0,7",-,"0,4/1,0/1,875",-,-,-,24613.43,41787.54,5939.59,2240.77,5.3622922048055473E-2,30353.88,72141.42,-,-,40477683.399999999,NÃO,1,"5,8301",5065.51,8374.52,-,-,224.98,28.75,-,-,SIM,OBRIGATÓRIO,ARRECADADO AD,APROVA DIGITAL,34161-23-SP-ALV,APROVAÇÃO DE EDIFICAÇÃO NOVA,45639,,,,,,,45840,2025
2383/17975/2025,2383,1020.2024/0025660-7,,328336.41995425,7393150.5410448,013,066,0045-6/0046-4/0047-2/0048-0/0049-9/0050-2/0051-0,-,105180,RUA,-,ARTUR DE AZEVEDO ,S/N,-,-,-,-,IZP ARTUR EMPREENDIMENTOS IMOBILIÁRIOS LTDA,PINHEIROS,PINHEIROS,ESTRUTURAÇÃO E QUALIFICAÇÃO URBANA,URBANIZAÇÃO CONSOLIDADA,NA,ZEU,ZEU,-,-,-,R,R2v-2,HMP,HIS - 2,nR1-3,-,-,-,-,"0,7",-,"0,0/0,4/1,0",-,-,-,5998.69,3715.42,691.68,183.74,4.9453359243369528E-2,6930.84,10646.26,-,-,2813577.5,SIM,1,"7,4353",932.15,7221.33,-,-,99.19,-,-,1598.11,SIM,OPCIONAL,ARRECADADO AD / REAPROVEITAMENTO,APROVA DIGITAL,47683-24-SP-ALV,APROVAÇÃO DE EDIFICAÇÃO NOVA,45392,56587-25-SP-ALV,EXECUÇÃO DE EDIFICAÇÃO NOVA,45966,,,,45810,2025
2384/17975/2024,2384,1020.2023/0024671-5,,328964.59711509,7394184.1833831,013,001,0002-8,-,021490,RUA,CARDEAL,ARCOVERDE,"206,216",-,-,-,-,ALEGRA PATRIMONIAL II LTDA,JARDIM PAULISTA,PINHEIROS,ESTRUTURAÇÃO E QUALIFICAÇÃO URBANA,URBANIZAÇÃO CONSOLIDADA,NA,-,ZEU,ZEU,-,-,R,R2v-2,-,-,nR1-3,nR1-12,-,-,-,"0,7",-,"0,8/1,0",-,-,-,2888.63,2576.58,717.32,51.68,2.0057595727670012E-2,3648.93,6225.51,-,-,2545775.58,NÃO,1,"4,7993",760.3,6243.5,-,-,-,-,-,-,SIM,OPCIONAL,ARRECADADO AD,APROVA DIGITAL,35125-23-SP-ALV,APROVAÇÃO DE EDIFICAÇÃO NOVA,45588,,,,,,,45833,2025
2385/17975/2023,2385,1020.2023/0027487-5,,330354.22292957,7393367.923933,010,087,0444-1,-,096423,ALAMEDA,-,ITU,1012,-,-,-,-,REACY SÃO PAULO SPE LTDA,JARDIM PAULISTA,PINHEIROS,ESTRUTURAÇÃO E QUALIFICAÇÃO URBANA,URBANIZAÇÃO CONSOLIDADA,NA,-,ZEU,ZEU,-,-,R,R2v-1,-,-,nR1-3,nR1-12,-,-,-,"0,7",-,"0,8/1,0",-,-,-,1420.97,1631.33,358.49,184.87,0.11332471051228139,1794.91,3426.24,-,-,2484833.69,NÃO,1,"4,8000",378,12106.9,-,-,-,-,-,-,SIM,OPCIONAL,ARRECADADO AD,APROVA DIGITAL,36142-23-SP-ALV,APROVAÇÃO DE EDIFICAÇÃO NOVA,45566,,,,,,,45841,2025
2386/16050/2025,2386,1010.2022/0003377-4,,327796.20018749,7386241.6885099,085,588,0010-3/0012-1/0013-8/0014-6/0015-4/0016-2/0017-0/0018-9/0019-7/0020-0/0078-2/0079-0/0081-2/0087-1/0089-8/0090-1/0001-4/0055-3/0056-1/0065-0/0066-9/0067-7/0068-5/0069-3/0070-7/0071-5/0072-3/0082-0,-,179884,AVENIDA,-,ROQUE PATRONI JUNIOR ,130,-,-,-,-,MTR-05 ADMINISTRAÇÃO DE BENS LTDA,ITAIM BIBI,PINHEIROS,ESTRUTURAÇÃO E QUALIFICAÇÃO URBANA,URBANIZAÇÃO CONSOLIDADA,NA,-,-,ZEU,EETU,-,R,R2v-3,-,-,nR1-3,nR1-12,nR3-1,-,-,"0,7",-,"0,8/0,9",-,-,-,9583.67,15546.97,3002.31,258.83999999999997,1.6648903291123607E-2,15033.17,30580.14,-,-,4040591.3,NÃO,1,"3,9983",3759.87,2893.23,-,-,563.21,-,-,-,NÃO,-,QUITADO,SEI,2025/01396-00,APROVAÇÃO DE EDIFICAÇÃO NOVA,45743,,,,,,,45841,2025
2387/17975/2024,2387,1020.2023/0022884-9,,328932.02030979,7390516.2499736,016,118,0027-7/0188-5/0193-1/0198-2,-,194204,RUA,-,URUSSUI,372,RUA,-,LEOPOLDO COUTO MAGALHÃES JR.,"356,366,370",GMR LEOPOLDO EMPREENDIMENTOS IMOBILIÁRIOS LTDA,ITAIM BIBI,PINHEIROS,ESTRUTURAÇÃO E QUALIFICAÇÃO URBANA,URBANIZAÇÃO CONSOLIDADA,NA,-,ZC,ZC,-,-,R,R2v-2,HMP,-,nR1-3,nR1-12,-,-,-,"0,7",-,"0,4/0,8/1,0",-,-,-,2181.25,6416.33,581.34,548.52,8.5488121714438009E-2,3528.49,9944.82,-,-,3159063.31,NÃO,1,"2,8871",1222.1400000000001,7726.78,-,-,125.25,-,-,-,SIM,OPCIONAL,ARRECADADO AD,APROVA DIGITAL,34515-23-SP-ALV,APROVAÇÃO DE EDIFICAÇÃO NOVA,45565,,,,,,,45833,2025
2388/17975/2025,2388,6068.2025/0002372-3,,336036.01112707,7402643.8239552,016,215,0030-2/0031-0/0104-1/0105-8/0108-2/0109-0/0112-0/,0114-7,137677,RUA,-,AUSOMIA ,298,-,-,-,-,RESIDENCIAL SAISON INCORPORAÇÕES LTDA,TUCURUVI,SANTANA/TUCURUVI,ESTRUTURAÇÃO E QUALIFICAÇÃO URBANA,QUALIFICAÇÃO DA URBANIZAÇÃO,NA,-,ZEU,ZEU,-,-,R,R2v-2,E-HMP,-,nR1-3,nR1-15,-,-,-,"0,6",-,"0,4/0,6/0,8/0,9",-,-,-,10326.530000000001,8734.4500000000007,523.45000000000005,511.17,5.852343307248882E-2,12908.42,21642.87,-,-,300805,NÃO,1,"4,9996",2581.9,1575.88,-,-,216.78,-,-,-,NÃO,-,QUITADO,SEI,2020/07175-02,PROJ. MODIFICATIVO - APROVAÇÃO E EXECUÇÃO DE EDIFICAÇÃO NOVA,45791,,,,,,,45834,2025
2389/17975/2025,2389,1020.2024/0026917-2,,332400.06235122,7390902.1490997,037,017,0001-1/0002-8/0003-6/0104-0/0105-9/0106-7/0107-5/0108-3/0109-1/0110-5/0111-3,-,173010,RUA,-,HUMBERTO I,"379,381,395",AVENIDA,CONSELHEIRO,RODRIGUES ALVES,"406,408,416,424,426,440,456,S/N",HUMBERTO KSLK EMPREENDIMENTOS LTDA,VILA MARIANA,VILA MARIANA,ESTRUTURAÇÃO E QUALIFICAÇÃO URBANA,URBANIZAÇÃO CONSOLIDADA,NA,ZEU,ZEU,-,-,-,R,R2v-3,HMP,HIS - 2,nR1-3,-,-,-,-,"0,7",-,"0,0/0,4/0,8/1,0",-,-,-,13726.6,11481.74,298.51,492.33,4.2879389360846003E-2,16173.14,27655.13,-,-,246020.78,SIM,1,"6,6106",2446.54,4572.53,-,-,227.21,-,-,1995.09,SIM,OPCIONAL,ARRECADADO AD / REAPROVEITAMENTO,APROVA DIGITAL,48463-24-SP-ALV,APROVAÇÃO DE EDIFICAÇÃO NOVA,45721,,,,,,,45834,2025
2390/17975/2024,2390,1020.2023/0026149-8,,331651.26278301,7394991.9758259,007,077,0058-2/0232-1,-,048283,RUA,DOUTOR,CESARIO MOTA JUNIOR ,"550,552",-,-,-,-,MADALENA MIRANDA WHITAKER DE ASSUNÇÃO / HENRY TOSHIAKY OKADA / ESPOLIO DE MARIA LYGIA CUNHA MIRANDA / JOÃO BATISTA WHITAKER DE ASSUNÇÃO,CONSOLAÇÃO,SÉ,ESTRUTURAÇÃO E QUALIFICAÇÃO URBANA,URBANIZAÇÃO CONSOLIDADA,NA,-,ZEU,ZEU,-,-,R,R2v-1,HMP,HIS - 2,nR1-3,nR1-12,-,-,-,"0,7",-,"0,0/0,4/1,0",-,-,-,2683.8,1569.4,434.76,172.94,0.11019497897285586,3236.23,4805.63,-,-,1503302.21,NÃO,1,"5,8500",552.42999999999995,6276.11,-,-,-,-,-,490.07,NÃO,-,ARRECADADO AD,APROVA DIGITAL,35815-23-SP-ALV,APROVAÇÃO DE EDIFICAÇÃO NOVA,45587,,,,,,,45841,2025
2391/17975/2025,2391,1020.2024/0013884-1,,352541.40635251,7400914.6131691,112,408,0012-5,-,022217,RUA,-,ARLINDO MIRAGAIA,94,-,-,-,-,RESIDENCIAL MIRANTE DA PRAÇA 2 SPE LTDA,SÃO MIGUEL,SÃO MIGUEL PAULISTA,ESTRUTURAÇÃO E QUALIFICAÇÃO URBANA,ESTRUTURAÇÃO METROPOLITANA,ARCO LESTE,-,ZC,ZC,-,-,R,-,E-HMP,-,-,-,-,-,-,"0,3",-,"0,4/0,6",-,-,-,91.53,213.36,-,-,-%,391.53,604.89,-,-,7748.75,NÃO,1,"1,3051",300,862.55,-,-,-,-,-,-,NÃO,-,ARRECADADO AD,APROVA DIGITAL,42993-24-SP-ALV,APROVAÇÃO DE EDIFICAÇÃO NOVA,45811,,,,,,,45842,2025
2392/17975/2024,2392,1020.2024/0004898-2,,330475.03776895,7396262.3849086,020,073,0035-4,-,036749,RUA,CONSELHEIRO,BROTERO,1016,-,-,-,-,ABUHAB - CONSTRUÇÕES E EMPREENDIMENTOS LTDA,SANTA CECÍLIA,SÉ,ESTRUTURAÇÃO E QUALIFICAÇÃO URBANA,URBANIZAÇÃO CONSOLIDADA,NA,ZEU,ZEU,-,-,-,R/nR,-,E-HMP,-,nR1-15,-,-,-,-,"0,7","1,3","0,4","1,0",507.82,66.510000000000005,574.33000000000004,316.61,-,-,-%,937.33,1253.94,491861.45,299106.94,790968.39,NÃO,1,"2,5822",363,8932.2999999999993,-,-,5.68,-,-,-,NÃO,-,ARRECADADO AD,APROVA DIGITAL,38482-24-SP-ALV,APROVAÇÃO DE EDIFICAÇÃO NOVA,45597,,,,,,,45842,2025
2393/16050/2025,2393,2018-0.070.777-7,,334532.43238086,7400886.3498731,069,151,0007-5/0008-3,-,167819,RUA,CAPITÃO,RABELO,284,-,-,-,-,SERGIO CARVALHO MARTINS E OUTROS,SANTANA,SANTANA/TUCURUVI,ESTRUTURAÇÃO E QUALIFICAÇÃO URBANA,QUALIFICAÇÃO DA URBANIZAÇÃO,NA,-,-,ZEU,ZEU,-,R,R2v-1,-,-,-,-,-,-,-,"0,6",-,"0,8",-,1956.16,-,1956.16,2192.37,-,-,-%,2749.68,4942.05,629993.46,-,629993.46,NÃO,1,"3,9058",704,2620.6,-,-,29.84,-,-,-,NÃO,-,QUITADO,SISACOE,2025/02144-00,APROVAÇÃO E EXECUÇÃO DE EDIFICAÇÃO NOVA,45790,,,,,,,45845,2025
2394/16050/2025,2394,1020.2024/0028933-5,,329859.19874753,7393062.1343753,014,008,0037-4/0038-2/0039-0/0040-4/0041-2,-,024970,RUA,-,AUGUSTA,"2656,2662,2664,2670,2672",-,-,-,-,PLANETA PRATEADO DESENVOLVIMENTO IMOBILIÁRIO SPE LTDA,JARDIM PAULISTA,PINHEIROS,ESTRUTURAÇÃO E QUALIFICAÇÃO URBANA,URBANIZAÇÃO CONSOLIDADA,NA,ZEU,ZEU,-,-,-,R,R2v-3,HMP,HIS - 2,nR1-3,-,-,-,-,"0,7",-,"0,4/1,0",-,13016.76,-,13016.76,9194.99,-,716.37,7.7908730732714232E-2,14961.48,24156.47,10860150.460000001,-,10860150.460000001,NÃO,1,"7,6934",1944.72,13610.64,-,-,69.2,-,-,1495.49,SIM,OBRIGATÓRIO,DEVIDA (À PAGAR NA EXECUÇÃO),APROVA DIGITAL,49102-24-SP-ALV,APOSTILAMENTO DE  ALV. DE APROVAÇÃO DE EDIFICAÇÃO NOVA,45771,,,,,,,45799,2025
2395/17975/2024,2395,1020.2024/0013014-0,,330784.19581222,7393846.5220855,010,058,0450-8,-,016160,RUA,-,ANTÔNIO CARLOS,"277,291",-,-,-,-,ONE DI 51 EMPREENDIMENTO IMOBILIÁRIO SPE LTDA,CONSOLAÇÃO,SÉ,ESTRUTURAÇÃO E QUALIFICAÇÃO URBANA,URBANIZAÇÃO CONSOLIDADA,NA,ZEU,ZEU,-,-,-,R,R2v-2,HMP,HIS - 2,nR1-2,-,-,-,-,"0,7",-,"0,0/0,4/0,8/1,0",-,-,-,6800.18,4171.62,-,177.96,4.2659686165086946E-2,7872.46,12044.08,-,-,4788007.7300000004,NÃO,1,"7,3418",1072.28,11049.82,-,-,39.6,-,-,-,SIM,OPCIONAL,ARRECADADO AD,APROVA DIGITAL,42103-24-SP-ALV,APROVAÇÃO DE EDIFICAÇÃO NOVA,45638,51295-25-SP-ALV,EXECUÇÃO DE EDIFICAÇÃO NOVA,45839,,,,45845,2025
2396/17975/2024,2396,1020.2023/0011974-8,,331612.84883311,7389549.6791739,042,042,0032-1/0034-6/0035-4/0047-8/0048-6,-,035025,AVENIDA,PROFESSOR,ASCENDINO REIS,"575,585,603",RUA,-,BORGES LAGOA,"1338,1348,1358,1368",EXTO LAND EMPREENDIMENTOS IMOBILIÁRIOS SPE LTDA,VILA MARIANA,VILA MARIANA,ESTRUTURAÇÃO E QUALIFICAÇÃO URBANA,URBANIZAÇÃO CONSOLIDADA,NA,-,ZEU,ZEU,-,-,R,R2v-3,-,-,nR1-3,nR1-12,nR2-12,-,-,"0,7",-,"0,8/1,0/1,4",-,10470.66,-,10470.66,14227.95,2095.02,497.96,3.499871731345696E-2,13576.93,27804.880000000001,8801448.9900000002,-,8801448.9900000002,NÃO,1,"4,7992",2829.01,4422.8500000000004,-,-,92.42,23.9,-,-,SIM,OBRIGATÓRIO,ARRECADADO AD,APROVA DIGITAL,29853-23-SP-ALV,APROVAÇÃO DE EDIFICAÇÃO NOVA,45503,,,,,,,45840,2025
2397/17975/2024,2397, 1020.2023/0023715-5,,331682.71178557,7392084.6429731,036,017,0027-1/0028-1/0029-8/0030-1/0031-1/0032-8/0033-6/0034-4/0035-2/0036-0/0037-9/0038-7,-,187704,RUA,-,TEIXEIRA DA SILVA,"589,591,601",RUA,-,MARIO AMARAL ,"266,270,278,280,290,296,302,310,314",EZCAL MARIO AMARAL INCORPORAÇÃO SPE LTDA,VILA MARIANA,VILA MARIANA,ESTRUTURAÇÃO E QUALIFICAÇÃO URBANA,URBANIZAÇÃO CONSOLIDADA,NA,ZEU,ZEU,-,-,-,R,R2v-2,-,-,-,-,-,-,-,"0,7",-,"1,0",-,-,-,6773.12,10703.79,-,-,-%,8555.52,19259.310000000001,-,-,10371260.99,NÃO,1,"4,8000",1782.4,10499.92,-,-,117.92,-,-,-,SIM,OPCIONAL,ARRECADADO AD,APROVA DIGITAL,34796-23-SP-ALV,APROVAÇÃO DE EDIFICAÇÃO NOVA,45580,,,,,,,45848,2025
2398/16050/2024,2398,1020.2022/0016258-7,,329549.61601991,7391271.8685164,016,082,0115-5/0124-4,0191-0,076716,AVENIDA,SÃO,GABRIEL,S/N,RUA,-,GIRANDA ,"219,223",TLR3 EMPREENDIMENTOS E PARTICIPAÇÕES LTDA,JARDIM PAULISTA,PINHEIROS,ESTRUTURAÇÃO E QUALIFICAÇÃO URBANA,URBANIZAÇÃO CONSOLIDADA,NA,-,-,ZEU,ZEU,-,R,R2v-2,-,-,nR1-3,nR1-12,-,-,-,"0,7",-,"0,8/1,0",-,-,-,1021.22,3017.02,420.74,256.69,8.5080642488283134E-2,2108.58,5125.6000000000004,-,-,2780874.84,NÃO,1,"1,9987",1054.97,8110.25,-,-,32.39,-,-,-,NÃO,-,ARRECADADO AD,APROVA DIGITAL,18791-22-SP-ALV,APROVAÇÃO DE EDIFICAÇÃO NOVA,45576,,,,,,,45840,2025
2399/17975/2024,2399, 1020.2023/0014540-4,,330923.71178557,7392734.6329731,009,084,0029-2,-,153729,RUA,-,PAMPLOMA,1083,-,-,-,-,FRATTA PAMPLOMA EMPREENDIMENTO IMOBILIÁRIO SPE LTDA,JARDIM PAULISTA,PINHEIROS,ESTRUTURAÇÃO E QUALIFICAÇÃO URBANA,URBANIZAÇÃO CONSOLIDADA,NA,-,ZEU,ZEU,-,-,R,R2v-1,-,-,nR1-3,nR1-12,-,-,-,"0,7",-,"0,8/1,0",-,-,-,960.7,1056.42,218.2,140.4,0.13290168682910206,1287.29,2343.71,-,-,2002082.07,NÃO,1,"3,9416",326.58999999999997,12488.12,-,-,-,-,-,-,NÃO,-,ARRECADADO AD,APROVA DIGITAL,30967-23-SP-ALV,APROVAÇÃO DE EDIFICAÇÃO NOVA,45509,,,,,,,45849,2025
2400/17975/2024,2400,1020.2023/0027472-7,,327479.26390587,7396048.5401964,012,039,0006-6/0007-4/0008-2/0009-0/0010-4/0011-2/0012-0/0013-9,-,164631,AVENIDA,-,POMPÉIA ,"1466,1480,1490,1494,1504,1520",-,-,-,-,TIBÉRIO INCORPORAÇÕES E PARTICIPAÇÕES 92 LTDA,PERDIZES,LAPA,ESTRUTURAÇÃO E QUALIFICAÇÃO URBANA,URBANIZAÇÃO CONSOLIDADA,NA,-,ZC,ZC,-,-,R,R2v-2,HMP,HIS - 1,nR1-3,nR1-12,-,-,-,"0,7",-,"0,0/0,4/0,8",-,-,-,5114.05,10501.85,1513.21,1025.1600000000001,9.7617086513328608E-2,7810.85,18312.7,-,-,2940506.14,NÃO,1,"3,0522",2559.12,3161.55,-,-,137.68,-,-,406.7,SIM,OPCIONAL,ARRECADADO AD,APROVA DIGITAL,36113-23-SP-ALV,APROVAÇÃO DE EDIFICAÇÃO NOVA,45576,,,,,,,45849,2025
2401/17975/2024,2401,1020.2023/0022534-3,,327778.726628, 7387691.3843678,085,148,0009-4/0010-8/0011-6/0012-4,-,072370,RUA,-,FLÓRIDA,"885,893,903,911",-,-,-,-,PARTIFIB PROJETOS IMOBILIÁRIOS F93 LTDA,ITAIM BIBI,PINHEIROS,ESTRUTURAÇÃO E QUALIFICAÇÃO URBANA,URBANIZAÇÃO CONSOLIDADA,NA,-,ZEU,ZEU,-,-,R,R2v-3,HMP,-,nR1-3,nR1-12,-,-,-,"0,7",-,"0,4/0,8/1,0",-,-,-,9198.2800000000007,12258.22,2319.6999999999998,363.27,2.9634808316378724E-2,11598.51,23856.73,-,-,2742836.03,NÃO,1,"5,7993",2000,3364.65,-,-,133.41,-,-,-,SIM,OPCIONAL,ARRECADADO AD,APROVA DIGITAL,34360-23-SP-ALV,APROVAÇÃO DE EDIFICAÇÃO NOVA,45618,,,,,,,45846,2025
2402/16050/2025,2402,1020.2023/0001504-7,,343850.27591881,7396250.2987375,058,088,0003-1/0004-8/0049-8,-,155349,RUA,-,RICARDO CASANOVA,"38,42,50",-,-,-,-,GONÇALVES EMPREENDIMENTO - EUGENIA DE CARVALHO SPE LTDA,VILA MATILDE,PENHA,ESTRUTURAÇÃO E QUALIFICAÇÃO URBANA,QUALIFICAÇÃO DA URBANIZAÇÃO,NA,-,-,ZM,ZM,-,R,R2v-1,E-HMP,-,-,-,-,-,-,"0,6",-,"0,4/0,8",-,-,-,957.97,1363.24,-,-,-%,1598.45,2691.69,-,-,129390.39,NÃO,1,"2,4957",640.48,1170.45,-,-,-,-,-,-,NÃO,-,ARRECADADO AD,APROVA DIGITAL,22402-22-SP-ALV,APROVAÇÃO DE EDIFICAÇÃO NOVA,45824,,,,,,,45842,2025
2403/17975/2024,2403,1020.2023/0029234-2,,332132.19951643,7388478.8076547,045,278,0008-6/0020-5/0021-3/0045-0/0056-6,-,083178,RUA,-,GUAPIACU ,"57,71,75",RUA,-,JOAQUIM DE ALMEIDA ,"230,232",SMG22 EMPREENDIMENTOS IMOBILIÁRIOS SPE LTDA,SAÚDE,VILA MARIANA,ESTRUTURAÇÃO E QUALIFICAÇÃO URBANA,URBANIZAÇÃO CONSOLIDADA,NA,-,ZM,ZM,-,-,R,R2v-2,-,-,-,-,-,-,-,"0,7",-,"0,8/1,0",-,-,-,3375,9352.59,-,-,-%,6750,16102.59,-,-,3660760.14,NÃO,1,"2,0000",3375,3261.19,-,-,-,-,-,-,NÃO,-,ARRECADADO AD,APROVA DIGITAL,36589-23-SP-ALV,APROVAÇÃO DE EDIFICAÇÃO NOVA,45560,,,,,,,45842,2025
2404/17975/2025,2404,1020.2023/0024687-1,,331684.58202208,7390834.2715549,036,078,0011-1/0012-1/0013-8/0014-6/0015-4/0016-2/0017-0/0018-9/0019-7/0021-9/0025-1/0026-1/0027-8/0036-7/0055-3/0056-1,-,160377,RUA,-,PELOTAS,"681,685,695,699,707,719,725,727,735,737,743,751",RUA,DOUTOR,AMÂNCIO DE CARVALHO l ASTOLFO ARAÚJO,"262,264,268,S/N l 415",PLANIK 34 EMPREENDIMENTO IMOBILIÁRIO SPE LTDA,MOEMA,VILA MARIANA,ESTRUTURAÇÃO E QUALIFICAÇÃO URBANA,URBANIZAÇÃO CONSOLIDADA,NA,-,ZM,ZM,-,-,R,R2v-2,-,-,-,-,-,-,-,"0,7",-,"1,0",-,-,-,4742.95,9695.01,-,-,-%,8500.32,18195.330000000002,-,-,6241237.2199999997,NÃO,1,"2,3968",3546.6,4505.54,-,-,210.77,-,-,-,SIM,OPCIONAL,DEVIDA (À PAGAR NA EXECUÇÃO),APROVA DIGITAL,35295-23-SP-ALV,APROVAÇÃO DE EDIFICAÇÃO NOVA,45806,,,,,,,45842,2025
2405/17975/2024,2405,1020.2023/0025732-6,,340210.84929971,7396292.2538697,062,147,0006-8/0011-4/0012-2/0013-0/0022-1/0023-8/0065-3/0066-1/0068-8,-,014060,RUA,CORONEL,GUSTAVO SANTIAGO,"200,212,226,228,230,242",RUA,DOUTOR,ANGELO VITA ,"229,241,253",ENGELUX DESENVOLVIMENTO IMOBILIÁRIO LTDA,TATUAPÉ,MOOCA,ESTRUTURAÇÃO E QUALIFICAÇÃO URBANA,ESTRUTURAÇÃO METROPOLITANA,ARCO LESTE,-,ZEU,ZEU,-,-,R,R2v-2,E-HMP,HIS - 2,nR1-3,-,-,-,-,"0,3",-,"0,4/0,8",-,-,-,10159.93,9067.6,-,607.17999999999995,6.6961489258458684E-2,12284.89,21959.97,-,-,610732.97,NÃO,1,"5,7812",2124.96,2415.5300000000002,-,-,-,-,-,1228.49,SIM,OPCIONAL,ARRECADADO AD,APROVA DIGITAL,35891-23-SP-ALV,APROVAÇÃO DE EDIFICAÇÃO NOVA,45561,50813-25-SP-ALV,EXECUÇÃO DE EDIFICAÇÃO NOVA,45733,,,,45848,2025
2406/17975/2025,2406,1020.2024/0004192-9,,333972.00177464,7401768.0211712,070,163,0031-5,-,102059,RUA,-,JOÃO DE CASTELHANOS,187,-,-,-,-,RESIDENCIAL JOÃO CASTELHANOS SPE LTDA,SANTANA,SANTANA/TUCURUVI,ESTRUTURAÇÃO E QUALIFICAÇÃO URBANA,QUALIFICAÇÃO DA URBANIZAÇÃO,NA,ZM,ZM,-,-,-,R,-,E-HMP,-,-,-,-,-,-,"0,6",-,"0,4/0,6",-,-,-,54.56,333.41,-,-,-%,523.05999999999995,856.47,-,-,35122.620000000003,NÃO,1,"1,1165",468.5,2186.96,-,-,-,-,-,-,NÃO,-,ARRECADADO AD,APROVA DIGITAL,38057-24-SP-ALV,APROVAÇÃO DE EDIFICAÇÃO NOVA,45833,,,,,,,45848,2025
2407/17975/2025,2407,1020.2023/0020037-5,,330947.05435242,7394327.1846774,010,023,0470-9,-,030341,RUA,-,BELA CINTRA ,"368,374",-,-,-,-,DAMM PARTICIPAÇÕES LTDA,CONSOLAÇÃO,SÉ,ESTRUTURAÇÃO E QUALIFICAÇÃO URBANA,URBANIZAÇÃO CONSOLIDADA,NA,-,ZEU,ZEU,-,-,R,R2v-1,-,-,nR1-3,nR1-12,-,-,-,"0,7",-,"0,8/1,0",-,-,-,1209,1711.34,307.81,200.19,0.11697850806969977,1612,3323.34,-,-,1338610.9099999999,NÃO,1,"4,0000",403,6353.7,-,-,-,-,-,-,NÃO,-,ARRECADADO AD,APROVA DIGITAL,33287-23-SP-ALV,APROVAÇÃO DE EDIFICAÇÃO NOVA,45680,,,,,,,45784,2025
2408/17975/2024,2408,1020.2021/0018712-0,,330087.74598131,7393840.0419179,010,074,0094-3,-,052450,ALAMEDA,-,JAÚ ,1990,-,-,-,-,NOVA PAULISTA EMPREENDIMENTOS IMOBILIÁRIOS SA,JARDIM PAULISTA,PINHEIROS,ESTRUTURAÇÃO E QUALIFICAÇÃO URBANA,URBANIZAÇÃO CONSOLIDADA,NA,-,ZEU,ZEU,-,-,R,R2v-3,-,-,nR1-12,nR2-2,nR2-7,-,-,"0,7",-,"0,8/1,0/1,325",-,-,-,5007.22,25804.81,3857.58,1574.77,6.1026219530389871E-2,19287.88,45092.69,-,-,7031820.1100000003,NÃO,1,"4,8520",3975.25,10981.23,-,418.68,368.26,23.07,-,-,SIM,OPCIONAL,ARRECADADO AD,APROVA DIGITAL,8758-21-SP-ALV,APROVAÇÃO DE EDIFICAÇÃO NOVA,45636,,,,,,,45849,2025
2409/16050/2024,2409,6068.2024/0003941-5,,328210.22879097,7396830.5854546,022,044,0014-9,-,048895,RUA,PADRE,CHICO ,339,-,-,-,-,LUIZA TAVARES GAMBA,PERDIZES,LAPA,ESTRUTURAÇÃO E QUALIFICAÇÃO URBANA,URBANIZAÇÃO CONSOLIDADA,NA,-,-,ZEU,ZEU,-,R,R1,-,-,-,-,-,-,-,"0,7",-,"1,0",-,-,-,20.2,0.4,-,-,-%,128.49,128.88999999999999,-,-,42680.19,NÃO,1,"1,4276",90,4309.2700000000004,-,-,-,-,-,-,NÃO,-,QUITADO,SEI,2023-0.004.975-5,APROVAÇÃO DE EDIFICAÇÃO NOVA,45436,,,,,,,45860,2025
2410/17975/2025,2410,1010.2023/0012508-5,,339441.1357445,7395759.4776757,030,053,0011-0/0012-9/0013-7/0014-5/0017-1/0018-8/0019-6/0030-7/0031-5/0033-1/0066-8/0067-6/0068-4/0082-1/0083-8/0093-5/0094-3/0095-1,-,094250,RUA,VISCONDE,DE ITABORAÍ,75,RUA,-,FERNANDES PINHEIRO,80,DIÁLOGO ENGENHARIA E CONSTRUÇÃO S.A.,TATUAPÉ,MOOCA,ESTRUTURAÇÃO E QUALIFICAÇÃO URBANA,QUALIFICAÇÃO DA URBANIZAÇÃO,NA,-,ZEU,ZEU,-,-,R,R2v-4,HMP,HIS - 2,nR2-1,nR1-3,-,-,-,"0,6",-,"0,0/0,4/0,8/1,1",-,-,-,25574.49,26565.02,-,408.71,1.5385269802168415E-2,33676.5,60241.52,-,-,9740366.9700000007,NÃO,1,"6,3017",5344,4587.8,-,-,290.77999999999997,21,1885.67,3367.65,SIM,OBRIGATÓRIO,QUITADO,SEI,2025/01407-00,APROVAÇÃO DE EDIFICAÇÃO NOVA,45744,56511-25-SP-ALV,APOSTILAMENTO DE  ALV. DE EXECUÇÃO DE EDIFICAÇÃO NOVA,45874,,,,45859,2025
2411/16050/2024,2411,6068.2024/0011870-6,,343502.23525444,7394018.8575008,116,446,0009-8,-,125547,RUA,-,MAMBORE,177,-,-,-,-,INSKY ADMINISTRAÇÃO DE BENS S/A,CARRÃO,ARICANDUVA/FORMOSA/CARRÃO,ESTRUTURAÇÃO E QUALIFICAÇÃO URBANA,QUALIFICAÇÃO DA URBANIZAÇÃO,NA,-,-,ZC,ZC,-,R,R1,-,-,-,-,-,-,-,"0,6",-,"1,0",-,-,-,43.04,60.87,-,-,-%,147.94999999999999,208.82,-,-,26234.43,NÃO,1,"1,4100",104.91,1432.67,-,-,-,-,-,-,NÃO,-,QUITADO,SEI,2023-0.003.067-1,APROVAÇÃO E EXECUÇÃO PARA RESIDÊNCIA UNIFAMILIAR,45638,,,,,,,45866,2025
2412/17975/2025,2412,1010.2024/0006395-2,,329979.01525444,7386165.5275008,086,300,0007-4/0011-2/0037-6/0038-4/0039-2/0040-6/0041-4/0042-2/0043-0/0044-9/0045-7,-,196924,RUA,-,VIEIRA DE MORAIS,1752,-,-,-,-,MTR-23 ADMINISTRAÇÃO DE BENS LTDA,CAMPO BELO,SANTO AMARO,ESTRUTURAÇÃO E QUALIFICAÇÃO URBANA,URBANIZAÇÃO CONSOLIDADA,NA,-,ZEU,ZEU,-,-,R,R2v-3,-,-,-,-,-,-,-,"0,7",-,"0,8/1,0",-,-,-,11292.77,11465.81,-,-,-%,14264.64,25730.45,-,-,8206994.4699999997,NÃO,1,"4,7999",2971.87,5658.37,-,-,245.1,-,-,-,SIM,OPCIONAL,QUITADO,SEI,2025/03046-00,APROVAÇÃO DE EDIFICAÇÃO NOVA,45835,,,,,,,45863,2025
2413/17975/2024,2413,1010.2022/0007476-4,,329271.28504061,7393295.9017939,013,033,0032-1/0033-8/0035-4/0036-2/0038-9/0039-7/0040-0/0095-8,-,210340,RUA,-,CHABAD,109,-,-,-,-,MTR 39 ADMINISTRAÇÃO DE BENS LTDA,JARDIM PAULISTA,PINHEIROS,ESTRUTURAÇÃO E QUALIFICAÇÃO URBANA,URBANIZAÇÃO CONSOLIDADA,NA,ZEU,ZEU,-,-,-,R,R2v-3,-,-,nR1-2,nR1-3,nR1-5,-,-,"0,7",-,"1,925",-,-,-,10120.57,15739.21,998.53,1164.1099999999999,7.3962416156846497E-2,12783.88,28523.09,-,-,4641677.2,NÃO,1,"4,7999",2663.31,10326.74,-,-,223.46,29.05,8519.4500000000007,-,SIM,OPCIONAL,QUITADO,SEI,2024/06839-00,APROVAÇÃO DE EDIFICAÇÃO NOVA,45608,,,,,,,45868,2025
2414/16402/2024,2414,1020.2023/0003735-0,,331484.49434579,7394048.7780478,010,035,0051-1,-,160440,RUA,DOUTOR,PENAFORTE MENDES,74,-,-,-,-,BELA VISTA EMPREENDIMENTO IMOBILIÁRIO S.A.,BELA VISTA,SÉ,ESTRUTURAÇÃO E QUALIFICAÇÃO URBANA,URBANIZAÇÃO CONSOLIDADA,NA,-,-,ZEU,EETU,-,R,R2v-2,E-HMP,-,nR1-12,nR1-3,-,-,-,"0,7",-,"0,4/0,8",-,-,-,7725.91,7428.78,1577.77,19.829999999999998,2.6693481298409698E-3,9659.3700000000008,17088.150000000001,-,-,2933639.56,NÃO,1,"4,9959",1933.46,5740.82,-,-,-,-,-,-,NÃO,-,ARRECADADO AD,APROVA DIGITAL,25997-23-SP-ALV,APROVAÇÃO DE EDIFICAÇÃO NOVA,45532,,,,,,,45874,2025
2415/17975/2024,2415,2019-0.046.615-1,,338247.12792334,7395373.9153805,029,048,0075-1/0076-1/0077-8/0078-6/0079-4/0080-8/0118-9,-,005436,RUA,PADRE,ADELINO,969,-,-,-,-,PADRE ADELINO II DIÁLOGO EMPREENDIMENTO IMOBILIÁRIOS SPE LTDA,BELÉM,MOOCA,ESTRUTURAÇÃO E QUALIFICAÇÃO URBANA,ESTRUTURAÇÃO METROPOLITANA,ARCO LESTE,-,ZEU,ZEU,-,-,R/nR,R2v-4,-,-,nR1-3,nR1-6,nR2-5,nR3-8,-,"0,3","0,0","0,8/1,150","1,0",18990.73,13935.01,32925.730000000003,53960.66,8396.4699999999993,2798.66,5.1864821519973993E-2,41993.98,95954.64,2837778.2,-,2837778.2,NÃO,1,"5,2104",8059.71,2132.14,-,-,336.18,21.5,-,-,SIM,OBRIGATÓRIO,QUITADO,SEI,2024/06558-00,APROVAÇÃO DE EDIFICAÇÃO NOVA,45590,48071-24-SP-ALV,EXECUÇÃO DE EDIFICAÇÃO NOVA,45672,,,,45740,2025
2416/17975/2024,2416,1020.2023/0024843-2,,334287.22712317,7389944.2804262,039,176,0003-1/0004-8/0006-4/0023-4/0026-9/0028-5/0035-8/0036-6/0040-4/0041-2/0042-0/0043-9/0044-7,-,239950,RUA,-,LORENZO VALLA,137,RUA,-,ERNESTO DE OLIVEIRA ,"315,321,339,343,351,353,361,367",LAVVI JAPÃO EMPREENDIMENTOS IMOBILIÁRIOS LTDA,VILA MARIANA,VILA MARIANA,ESTRUTURAÇÃO E QUALIFICAÇÃO URBANA,URBANIZAÇÃO CONSOLIDADA,NA,-,ZEU,ZEU,-,-,R,R2v-3,HMP,-,-,-,-,-,-,"0,7",-,"0,4/1,0/1,9",-,-,-,13426.38,13905.9,-,-,-%,17792.259999999998,31698.16,-,-,12406275.390000001,NÃO,1,"5,7063",2702.04,4571.29,-,-,415.96,28.88,-,-,SIM,OPCIONAL,ARRECADADO AD,APROVA DIGITAL,35309-23-SP-ALV,APROVAÇÃO DE EDIFICAÇÃO NOVA,45645,54490-25-SP-ALV,EXECUÇÃO DE EDIFICAÇÃO NOVA,45855,,,,45875,2025
2417/17975/2024,2417,1020.2024/0008849-6,,330175.45862727,7393288.6588883,014,006,0003-0/0004-9/0045-6/0046-4/0047-2/0048-0/0053-7/0182-7/0183-5/0184-3/0185-1/0186-1/0187-8/0188-6/0189-4/0190-8/0194-0/0229-7,-,024970,ALAMEDA,-,FRANCA,"1037,1045,1047,1055,1061",RUA,-,AUGUSTA,"2283,2295,2299,2309,2325,2321,2327",RFM E FRANCA EMPREENDIMENTO IMOBILIÁRIO LTDA,JARDIM PAULISTA,PINHEIROS,ESTRUTURAÇÃO E QUALIFICAÇÃO URBANA,URBANIZAÇÃO CONSOLIDADA,NA,ZEU,ZEU,-,-,-,R,R2v-3,-,-,nR1-3,nR1-6,nR2-10,-,-,"0,7",-,"3,0",-,-,-,13394.94,18491.73,2367.83,677.1,3.661636850635392E-2,16921.04,35412.769999999997,-,-,73307807.629999995,SIM,1,"4,7988",3526.1,12506.12,-,-,231.48,31.99,-,-,SIM,OPCIONAL,ARRECADADO AD / REAPROVEITAMENTO,APROVA DIGITAL,40239-24-SP-ALV,APROVAÇÃO DE EDIFICAÇÃO NOVA,45587,,,,,,,45875,2025
2418/17975/2024,2418,1020.2023/0023964-6,,329532.84332479,7393297.7504145,013,026,0058-3/0059-1/0066-4/0067-2/0195-4,-,151149,RUA,-,OSCAR FREIRE,"1052,1082,1072",RUA,-,DA CONSOLAÇÃO,"3444,3452",FLOR DO CAIS EMPREENDIMENTOS IMOBILIÁRIOS LTDA,JARDIM PAULISTA,PINHEIROS,ESTRUTURAÇÃO E QUALIFICAÇÃO URBANA,URBANIZAÇÃO CONSOLIDADA,NA,-,ZEU,ZEU,-,-,R,R2v-2,-,-,nR1-6,nR1-2,nR1-5,nR1-3,-,"0,7",-,"0,8/1,0/1,675",-,7307.92,-,7307.92,13972.64,1920.18,727.77,5.208536110570372E-2,9600.91,23573.55,23058716.43,-,23058716.43,NÃO,1,"4,8000",2000.19,14262.66,-,-,97.6,26.67,-,-,SIM,OBRIGATÓRIO,ARRECADADO AD,APROVA DIGITAL,34999-23-SP-ALV,APROVAÇÃO DE EDIFICAÇÃO NOVA,45586,,,,,,,45877,2025
2419/16050/2024,2419,1020.2023/0017683-0,,331906.52310374,7389725.7937503,042,017,0017-8/0061-5/0062-3,-,066443,RUA,-,ESTADO DE ISRAEL,"773,781",-,-,-,-,ZUG EMPREENDIMENTO IMOBILIÁRIO SPE LTDA,VILA MARIANA,VILA MARIANA,ESTRUTURAÇÃO E QUALIFICAÇÃO URBANA,URBANIZAÇÃO CONSOLIDADA,NA,-,ZEU,ZEU,-,-,R,R2v-1,HMP,HIS - 2,nR1-3,-,-,-,-,"0,7",-,"0,0/0,4/0,8/1,0",-,1988.23,-,1988.23,707.64,-,56.25,7.9489570968288958E-2,2433.73,3141.37,810578.1,-,810578.1,NÃO,1,"5,4629",445,4176.57,-,-,-,-,-,-,NÃO,-,ARRECADADO AD,APROVA DIGITAL,32290-23-SP-ALV,APROVAÇÃO DE EDIFICAÇÃO NOVA,45525,,,,,,,45875,2025
2420/17975/2024,2420,1020.2023/0024684-7,,328903.76247276,7396787.4221614,021,029,0034-7/0035-5/0036-3,-,192597,RUA,-,TURIASSÚ ,"1394,1398,1408",-,-,-,-,ABN E FILHOS INVESTIMENTOS PARTICIPAÇÕES LTDA,BARRA FUNDA,LAPA,ESTRUTURAÇÃO E QUALIFICAÇÃO URBANA,URBANIZAÇÃO CONSOLIDADA,NA,-,ZEU,ZEU,-,-,R,R2v-2,HMP,-,nR1-3,-,-,-,-,"0,7",-,"0,4/0,8",-,-,-,4852.43,4076.16,-,178.19,4.3715163290940495E-2,6086.44,10162.6,-,-,2252079.23,NÃO,1,"5,6559",1076.1199999999999,5081.84,-,-,52.63,-,-,-,SIM,OPCIONAL,ARRECADADO AD,APROVA DIGITAL,35294-23-SP-ALV,APROVAÇÃO DE EDIFICAÇÃO NOVA,45530,,,,,,,45876,2025
2421/17975/2025,2421,6068.2024/0003367-0,,325890.72662917,7385772.8079779,087,190,0296-3,-,070122,RUA,-,FERNANDES MOREIRA,1300,RUA,-,JOAQUIM DE ANDRADE ,113,CURUPA EMPREENDIMENTOS IMOOBILIÁRIOS LTDA,SANTO AMARO,SANTO AMARO,ESTRUTURAÇÃO E QUALIFICAÇÃO URBANA,QUALIFICAÇÃO DA URBANIZAÇÃO,NA,-,-,-,EETU,EETU,R,R2v-1,-,-,nR1-3,nR1-12,-,-,-,"0,6",-,"0,8",-,-,-,4104.3599999999997,4071.15,1229.23,68.28,1.6771673851368778E-2,6236.28,10307.43,-,-,60990.32,SIM,1,"3,9976",1560,3282.56,-,-,142.97999999999999,-,-,-,NÃO,-,QUITADO,APROVA DIGITAL,2020/10984-03,PROJ. MODIFICATIVO - APROVAÇÃO E EXECUÇÃO DE EDIFICAÇÃO NOVA,45652,,,,,,,45854,2025
2422/16050/2025,2422,1020.2024/0024604-0,,331096.85211201,7398855.2586204,306,121,0053-4,-,128635,RUA,-,MARAMBAIA,370,-,-,-,-,TEAMPLAS HOLDING LTDA,CASA VERDE,CASA VERDE,ESTRUTURAÇÃO E QUALIFICAÇÃO URBANA,ESTRUTURAÇÃO METROPOLITANA,ARCO TIETÊ,ZC,ZC,-,-,-,R,R2v-1,-,-,-,-,-,-,-,"0,7",-,"0,8/1,0",-,107.78,-,107.78,152.04,-,-,-%,255.28,407.32,70661.59,-,70661.59,NÃO,1,"1,7307",147.5,1664.02,-,-,-,-,-,-,NÃO,-,ARRECADADO AD,APROVA DIGITAL,47461-24-SP-ALV,APROVAÇÃO E EXECUÇÃO DE EDIFICAÇÃO NOVA,45846,,,,,,,45877,2025
2423/17975/2025,2423,1020.2024/0018018-0,,333523.47975805,7390617.0907952,039,069,0003-7,-,029157,RUA,-,BARTOLOMEU DE GUSMÃO,405,-,-,-,-,FERNANDES ADMINISTRAÇÃO E PARTICIPAÇÃO S/A / BEATRIZ DAS NEVES FERNANDES / CLEUSA APARECIDA FERNANDES ,VILA MARIANA,VILA MARIANA,ESTRUTURAÇÃO E QUALIFICAÇÃO URBANA,URBANIZAÇÃO CONSOLIDADA,NA,ZEU,ZEU,-,-,-,R,R2v-1,HMP,HIS - 2,-,-,-,-,-,"0,7",-,"0,8/1,0",-,-,-,2561.6999999999998,1338.62,-,-,-%,3119.92,4458.54,-,-,1022351.15,NÃO,1,"5,5890",558.22,3592.93,-,-,10.29,-,-,311.99,SIM,OPCIONAL,ARRECADADO AD,APROVA DIGITAL,43513-24-SP-ALV,APROVAÇÃO DE EDIFICAÇÃO NOVA,45705,,,,,,,45880,2025
2424/17975/2025,2424,1020.2024/0015694-7,,328638.36965277,7389611.6918222,299,058,0002-4/0152-7,-,049034,RUA,PROFESSOR,ATÍLIO INNOCENTI,870,RUA,-,CHIPRE,S/N,TRISUL 33 EMPREENDIMENTOS IMOBILIÁRIOS LTDA,ITAIM BIBI,PINHEIROS,ESTRUTURAÇÃO E QUALIFICAÇÃO URBANA,URBANIZAÇÃO CONSOLIDADA,NA,ZM,ZM,-,-,-,R,R2v-2,-,-,-,-,-,-,-,"0,7",-,"1,0",-,2240,-,2240,5517.79,-,-,-%,3480,9357.7900000000009,3723673.69,-,3723673.69,NÃO,1,"2,4000",1600,5699.5,-,-,-,-,-,-,SIM,OPCIONAL,ARRECADADO AD,APROVA DIGITAL,43417-24-SP-ALV,APROVAÇÃO DE EDIFICAÇÃO NOVA,45751,,,,,,,45880,2025
2425/17975/2024,2425,1020.2023/0026403-9,,330153.44431545,7388846.6621134,041,120,0005-7/0009-1/0101-0,-,100145,AVENIDA,-,LAVANDISCA,"529,531",ALAMEDA,-,JAUAPERI,"546,550,566",SK JAUAPERI EMPREENDIMENTOS IMOBILIÁRIOS LTDA,MOEMA,VILA MARIANA,ESTRUTURAÇÃO E QUALIFICAÇÃO URBANA,URBANIZAÇÃO CONSOLIDADA,NA,-,ZEU,ZEU,-,-,R,R2v-2,HMP,-,nR1-12,nR1-3,-,-,-,"0,7",-,"0,4/0,8/1,0",-,5624.25,-,5624.25,7100.84,1048.33,57.98,8.1652311557505863E-3,7439.78,14540.62,4102435.97,-,4102435.97,NÃO,1,"5,3141",1400,5942.12,-,-,138.51,-,-,-,SIM,OPCIONAL,ARRECADADO AD,APROVA DIGITAL,35613-23-SP-ALV,APROVAÇÃO DE EDIFICAÇÃO NOVA,45642,,,,,,,45884,2025
2426/17975/2024,2426,1020.2023/0024110-1,,329448.51669824,7391417.1455209,016,164,0280-6,-,076716,AVENIDA,SÃO,GABRIEL,495,-,-,-,-,ITACEMA08 SPE EMPREENDIMENTO IMOBILIÁRIO LTDA,ITAIM BIBI,PINHEIROS,ESTRUTURAÇÃO E QUALIFICAÇÃO URBANA,URBANIZAÇÃO CONSOLIDADA,NA,-,ZEU,ZEU,-,-,R,R2v-2,-,-,nR1-12,nR1-3,-,-,-,"0,7",-,"1,0/1,55",-,2661.15,-,2661.15,4787.07,644.92999999999995,327.94,6.8505369672889685E-2,3361.46,8148.53,4349309.45,-,4349309.45,NÃO,1,"4,7999",700.31,7528.86,-,-,-,25.47,-,-,SIM,OPCIONAL,ARRECADADO AD,APROVA DIGITAL,35146-23-SP-ALV,APOSTILAMENTO DE  ALV. DE APROVAÇÃO DE EDIFICAÇÃO NOVA,45484,,,,,,,45881,2025
2427/17975/2025,2427,1010.2024/0009702-4,,332671.42665285,7391709.8572279,038,038,0027-7,-,019348,RUA,-,APENINOS,S/N,-,-,-,-,VALTS SERVIÇOS ADMINISTRATIVOS LTDA,VILA MARIANA,VILA MARIANA,ESTRUTURAÇÃO E QUALIFICAÇÃO URBANA,URBANIZAÇÃO CONSOLIDADA,NA,ZEU,ZEU,-,-,-,R,R2v-1,-,-,-,-,-,-,-,"0,7",-,"1,0",-,188.37,-,188.37,117.67,-,-,-%,329.97,447.64,250356.36,-,250356.36,NÃO,1,"2,3303",141.6,4424.46,-,-,12.02,-,-,-,NÃO,-,QUITADO,SEI,2025/02752-00,APROVAÇÃO DE EDIFICAÇÃO NOVA,45818,,,,,,,45884,2025
2428/17975/2024,2428,1020.2023/0026082-3,,332789.89311656,7385026.6124421,310,037,0006-0/0011-7/0014-1/0016-8/0017-6/0029-1/0030-3/0032-1/0041-9/0042-7/0051-6,-,128414,RUA,-,BOTELHO,"186,210",RUA,-,MARACA ,"470,476,492,486,504,510,514",MARACA INCORPORADORA SPE LTDA,JABAQUARA,JABAQUARA,ESTRUTURAÇÃO E QUALIFICAÇÃO URBANA,QUALIFICAÇÃO DA URBANIZAÇÃO,NA,-,ZEU,ZEU,-,-,R,R2v-2,HMP,-,-,-,-,-,-,"0,6",-,"0,4/08/1,0",-,-,-,7545.91,7438.64,-,-,-%,10219.07,17657.71,-,-,1723037.41,NÃO,1,"4,9776",2053,2199.61,-,-,-,-,-,-,NÃO,-,ARRECADADO AD,APROVA DIGITAL,35329-23-SP-ALV,APROVAÇÃO DE EDIFICAÇÃO NOVA,45558,,,,,,,45888,2025
2429/17975/2024,2429,1020.2024/0015116-3 ,,328994.94130161,7387685.7380435,086,047,0001-3/0002-1/0003-1/0004-8/0005-6/0006-4/0007-2/0008-0/0009-9/0010-2,0117-6,035904,RUA,-,GEORGIA ,"51,57,65,69,73,111",RUA,COMENDADOR, EDUARDO SACCAB,"270,280,296,306",MAC 83 EMPREENDIMENTOS IMOBILIÁRIOS LTDA,CAMPO BELO,SANTO AMARO,ESTRUTURAÇÃO E QUALIFICAÇÃO URBANA,URBANIZAÇÃO CONSOLIDADA,NA,ZEU,ZEU,-,-,-,R,R2v-3,-,-,-,-,-,-,-,"0,7",-,"0,8/1,325",-,-,-,11660.06,14940.79,-,-,-%,14729.03,29669.82,-,-,7797235.8799999999,NÃO,1,"4,7993",3068.97,3687.39,-,-,314.35000000000002,23.16,-,-,SIM,OPCIONAL,ARRECADADO AD,APROVA DIGITAL,43235-24-SP-ALV,APROVAÇÃO DE EDIFICAÇÃO NOVA,45637,,,,,,,45889,2025
2430/16050/2024,2430,1020.2023/0021862-2,,330765.0325228,7394346.8983556,010,031,0017-1/0066-1/0067-8/0068-6/0069-4/0070-8/0099-6/0144-5/0641-2/0643-9,-,052450,RUA,-,DA CONSOLAÇÃO,"1817,1837,1845,1855",RUA,-,BELA CINTRA,"506,512,516,532,538,S/N",CBR 162 EMPREENDIMENTOS IMOBILIÁRIOS LTDA,CONSOLAÇÃO,SÉ,ESTRUTURAÇÃO E QUALIFICAÇÃO URBANA,URBANIZAÇÃO CONSOLIDADA,NA,-,-,ZEU,EETU,-,R,R2v-4,HMP,-,nR1-3,nR1-12,nR2-3,-,-,"0,7",-,"0,4/0,8/1,0",-,23385.96,-,23385.96,34982.18,5486.45,2166.92,6.1943538109974855E-2,28646.52,63628.7,18861232.390000001,-,18861232.390000001,NÃO,1,"5,9707",4797.8100000000004,8495.9699999999993,464.9,-,154.25,-,-,2864.65,SIM,OBRIGATÓRIO,ARRECADADO AD,APROVA DIGITAL,34093-23-SP-ALV,APOSTILAMENTO DE  ALV. DE APROVAÇÃO DE EDIFICAÇÃO NOVA,45614,,,,,,,45889,2025
2431/16050/2024,2431,1020.2023/0022180-1 ,,333253.15242657,7391084.9006728,038,074,0029-1,-,078077,RUA,-,DA UNIÃO ,"13,25,31,33,37",RUA,-,GASPAR LOURENÇO ,"301,307",LAS VEGAS EMPREENDIMENTOS IMOBILIÁRIOS LTDA,VILA MARIANA,VILA MARIANA,ESTRUTURAÇÃO E QUALIFICAÇÃO URBANA,URBANIZAÇÃO CONSOLIDADA,NA,-,ZEU,ZEU,-,-,R,R2v-2,-,-,-,-,-,-,-,"0,7",-,"0,8",-,-,-,3713.8,3853.39,-,-,-%,5385.53,9238.92,-,-,1932166.65,NÃO,1,"3,9847",1351.54,3702.01,-,-,106.73,-,-,-,NÃO,-,ARRECADADO AD,APROVA DIGITAL,34212-23-SP-ALV,APROVAÇÃO DE EDIFICAÇÃO NOVA,45595,,,,,,,45889,2025
2432/17975/2025,2432,1020.2024/0029665-0,,331711.84551508,7392121.1194234,036,013,0048-6/0049-4/0050-8/0051-6/0052-4,-,187704,RUA,-,MÁRIO AMARAL,267,RUA,-,TEIXEIRA DA SILVA,"531,539,555,567",KAL 114 EMPREENDIMENTOS IMOBILIÁRIOS SPE LTDA,VILA MARIANA,VILA MARIANA,ESTRUTURAÇÃO E QUALIFICAÇÃO URBANA,URBANIZAÇÃO CONSOLIDADA,NA,ZEU,ZEU,-,-,-,R,R2v-2,HMP,HIS - 2,nR1-3,-,-,-,-,"0,7",-,"0,0/0,4/1,0",-,5389.21,-,5389.21,3666.87,-,110,2.9998336455887446E-2,6487.21,10154.08,6043839.6299999999,-,6043839.6299999999,NÃO,1,"5,9082",1098,10859.61,-,-,107.87,-,-,648.72,SIM,OPCIONAL,DEVIDA (À PAGAR NA EXECUÇÃO),APROVA DIGITAL,49332-24-SP-ALV,APROVAÇÃO DE EDIFICAÇÃO NOVA,45806,,,,,,,45891,2025
2433/16050/2024,2433,1020.2024/0005482-6 ,,334023.88386313,7392544.3731307,034,024,0058-8,-,005215,RUA,-,ALBINA BARBOSA,112,-,-,-,-,SALLES PARTICIPAÇÃO E ADMINISTRAÇÃO DE BENS LTDA,LIBERDADE,SÉ,ESTRUTURAÇÃO E QUALIFICAÇÃO URBANA,URBANIZAÇÃO CONSOLIDADA,NA,-,-,ZM,ZM,-,R,R2v-1,E-HMP,-,-,-,-,-,-,"0,7",-,"0,4/0,8",-,1033.75,-,1033.75,1173.3800000000001,-,-,-%,1722.96,2896.34,372107.79,-,372107.79,NÃO,1,"2,4999",689.21,2705.66,-,-,-,-,-,-,NÃO,-,ARRECADADO AD,APROVA DIGITAL,38803-24-SP-ALV,APROVAÇÃO DE EDIFICAÇÃO NOVA,45552,,,,,,,45891,2025
2434/17975/2024,2434,1020.2023/0024833-5,,332109.91295376,7392158.9632125,036,020,0002-8/0003-6/0014-1/0015-1/0016-8/0017-6/0018-4/0035-4/0036-2/0039-7/0040-0/0041-9/0042-7/0077-1/0078-8/0082-6/0083-4,-,168106,RUA,DOUTOR,RAFAEL DE BARROS,"37,55,71,79,87,91",RUA,DESEMBARGADOR,ELISEU GUILHERME,"32,36,46,50,60,62",LAVVI CHICAGO EMPREENDIMENTOS IMOBILIÁRIOS LTDA,VILA MARIANA,VILA MARIANA,ESTRUTURAÇÃO E QUALIFICAÇÃO URBANA,URBANIZAÇÃO CONSOLIDADA,NA,-,ZEU,ZEU,-,-,R,R2v-4,HMP,-,nR1-3,nR1-12,-,-,-,"0,7",-,"0,4/1,0/1,125",-,26824.09,-,26824.09,30840.06,3894.09,1848.91,5.9951569484624871E-2,33342.31,64182.37,36343444.030000001,-,36343444.030000001,NÃO,1,"5,9065",5645.04,11425.42,-,-,291.06,21.05,-,25835.95,SIM,OBRIGATÓRIO,ARRECADADO AD,APROVA DIGITAL,35085-23-SP-ALV,APROVAÇÃO DE EDIFICAÇÃO NOVA,45646,,,,,,,45890,2025
2435/17975/2024,2435,1020.2025/0006265-0,,329274.07531106,7390844.927714,016,105,0009-1/0010-5/0167-5,-,105562,RUA,-,JOAQUIM FLORIANO ,"302,304,310",-,-,-,-,ONE DI 76 EMPREENDIMENTO IMOBILIÁRIO SPE LTDA,ITAIM BIBI,PINHEIROS,ESTRUTURAÇÃO E QUALIFICAÇÃO URBANA,URBANIZAÇÃO CONSOLIDADA,NA,ZEU,ZEU,-,-,-,R,R2v-2,HMP,HIS - 2,nR1-3,-,-,-,-,"0,7",-,"0,0/0,4/1,0",-,-,-,5885.12,3816.05,-,275.02,7.2069286303900623E-2,6795.12,10611.17,-,-,3338439.96,NÃO,1,"7,4672",910,8709.07,-,-,32.299999999999997,-,-,679.51,SIM,OPCIONAL,DEVIDA (À PAGAR NA EXECUÇÃO),APROVA DIGITAL,52396-25-SP-ALV,APROVAÇÃO DE EDIFICAÇÃO NOVA,45814,57443-25-SP-ALV,EXECUÇÃO DE EDIFICAÇÃO NOVA,45950,,,,45884,2025
2436/17975/2024,2436,1020.2023/0012177-7,,330389.22620883,7388864.5490927,041,123,0022-0/0023-9/0024-7/0025-5/0031-1/0049-2/0590-7,-,114065,AVENIDA,-,JURITI ,"624,632,638,640,670,S/N",ALAMEDA,-,DOS ARAPANÉS,397,EXTOMAR EMPREENDIMENTOS IMOBILIÁRIOS LTDA,MOEMA,VILA MARIANA,ESTRUTURAÇÃO E QUALIFICAÇÃO URBANA,URBANIZAÇÃO CONSOLIDADA,NA,ZEU,ZEU,-,-,-,R,R2v-2,-,-,nR1-1,nR1-3,-,-,-,"0,7",-,"3,0",-,-,-,7105.47,10257.24,385.62,582.51,5.6790130678428113E-2,9599.42,19856.66,-,-,20109193.210000001,NÃO,1,"4,7997",2000,6468.41,-,-,164.65,48.98,-,-,SIM,OPCIONAL,ARRECADADO AD,APROVA DIGITAL,29936-23-SP-ALV,APROVAÇÃO DE EDIFICAÇÃO NOVA,45530,,,,,,,45884,2025
2437/17975/2024,2437,1020.2023/0022558-0,,325690.42163441,7395936.4960364,024,061,0013-8/0222-1,-,190802,RUA,-,TONELERO,"1213,1247",-,-,-,-,VITACON 23 DESENVOLVIMENTO IMOBILIÁRIO LTDA,LAPA,LAPA,ESTRUTURAÇÃO E QUALIFICAÇÃO URBANA,URBANIZAÇÃO CONSOLIDADA,NA,-,ZM,ZM,-,-,R,R2v-1,E-HMP,-,-,-,-,-,-,"0,7",-,"0,4/1,0",-,1297.2,-,1297.2,1943.07,-,-,-%,2362.44,4305.51,285280.12,-,285280.12,NÃO,1,"2,9992",787.7,1812.77,-,-,138.77000000000001,-,-,-,SIM,OPCIONAL,ARRECADADO AD,APROVA DIGITAL,34696-23-SP-ALV,APROVAÇÃO DE EDIFICAÇÃO NOVA,45555,,,,,,,45884,2025
2438/17975/2025,2438,1020.2021/0012742-9,,340317.03772362,7391197.0579238,102,119,0075-2/0094-9,-,197084,AVENIDA,-,VILA EMA,"1200,1216,1220",RUA,-,WALDOMIRO MOURA RIBEIRO,38,LAGOA GRANDE INCORPORADORA LTDA,VILA PRUDENTE,VILA PRUDENTE,ESTRUTURAÇÃO E QUALIFICAÇÃO URBANA,QUALIFICAÇÃO DA URBANIZAÇÃO,NA,ZEU,ZEU,-,-,-,R,R2v-3,HMP,-,-,-,-,-,-,"0,6",-,"0,4/0,8",-,-,-,12692.5,9623.5499999999993,-,-,-%,15614.56,25238.11,-,-,1822743.02,NÃO,1,"5,3437",2922.06,1688.7,-,-,125.72,-,-,-,SIM,OPCIONAL,ARRECADADO AD,APROVA DIGITAL,6185-21-SP-ALV,APROVAÇÃO DE EDIFICAÇÃO NOVA,45728,,,,,,,45887,2025
2439/17975/2024,2439,1020.2023/0028883-3,,327260.77801339,7395051.3614892,081,034,0006-8/0009-2/0010-6/0011-4/0012-2,-,055212,RUA,-,PAULISTÂNIA ,121,RUA,-,HEITOR PENTEADO I CRISTÓVÃO DE BURGOS ,"52,54,56,60,70,74,78,80",HEITOR PENTEADO EMPREENDIMENTOS IMOBILIÁRIOS SPE LTDA,PINHEIROS,PINHEIROS,ESTRUTURAÇÃO E QUALIFICAÇÃO URBANA,URBANIZAÇÃO CONSOLIDADA,NA,-,ZEU,ZEU,-,-,R,R2v-2,HMP,-,nR1-3,nR1-12,-,-,-,"0,7",-,"0,4/0,8",-,-,-,8049.76,9137.0300000000007,1424.76,722.98,7.9126368196230062E-2,10316.94,19453.97,-,-,124679.34,SIM,1,"5,7927",1781,3968.53,-,-,162.06,-,-,-,SIM,OPCIONAL,ARRECADADO AD / REAPROVEITAMENTO,APROVA DIGITAL,36503-23-SP-ALV,APROVAÇÃO DE EDIFICAÇÃO NOVA,45601,,,,,,,45891,2025
2440/17975/2025,2440,1010.2022/0004499-7,,330023.15483683,7387654.004741,041,243,0020-4/0033-6,-,128473,AVENIDA,-,DOS IMARÉS,370,-,-,-,-,MTR 03 ADMINISTRAÇÃO DE BENS LTDA,MOEMA,VILA MARIANA,ESTRUTURAÇÃO E QUALIFICAÇÃO URBANA,URBANIZAÇÃO CONSOLIDADA,NA,ZEU,ZEU,-,-,-,R,R2v-2,-,-,nR3-2,-,-,-,-,"0,7",-,"1,0",-,17591.05,-,17591.05,17366.66,-,2014.49,0.11599754932727421,24432.69,41799.35,15879730.23,-,15879730.23,NÃO,1,"4,7777",5113.87,6161.34,-,-,457.44,-,1727.77,-,SIM,OBRIGATÓRIO,DEVIDA (À PAGAR NA EXECUÇÃO),SEI,2025/03322-00,APROVAÇÃO DE EDIFICAÇÃO NOVA,45853,,,,,,,45795,2025
2441/17975/2024,2441,1020.2023/0024497-6,,327879.70866569,7392842.0507419,015,022,0001-5/0002-3/0048-1/0049-1/0050-3/0051-1,-,023507,RUA,-,ARTUR DE AZEVEDO ,"1633,1639",RUA,-,MOURATO COELHO,"123,129,137,141",ARTHUR DE AZEVEDO EMPREENDIMENTO IMOBILIÁRIO SPE. S.A.,PINHEIROS,PINHEIROS,ESTRUTURAÇÃO E QUALIFICAÇÃO URBANA,URBANIZAÇÃO CONSOLIDADA,NA,-,ZEU,ZEU,-,-,R,R2v-2,-,-,-,-,-,-,-,"0,7",-,"3,0",-,5318.8,-,5318.8,7631.29,-,-,-%,7288.75,14920.04,16593346.630000001,-,16593346.630000001,NÃO,1,"4,7999",1518.51,7130.77,-,-,150.47999999999999,45.55,-,-,SIM,OPCIONAL,ARRECADADO AD,APROVA DIGITAL,34958-23-SP-ALV,APROVAÇÃO DE EDIFICAÇÃO NOVA,45638,,,,,,,45896,2025
2442/17975/2025,2442,1020.2023/0015112-9,,340261.76516346,7391852.5333336,102,005,0043-1/0044-8,-,194379,RUA,-,VAL DE PALMAS ,"186,196",-,-,-,-,VILAGGIO VAL DE PALMAS LTDA,ÁGUA RASA,MOOCA,ESTRUTURAÇÃO E QUALIFICAÇÃO URBANA,QUALIFICAÇÃO DA URBANIZAÇÃO,NA,-,ZEUP,ZEUP,-,-,R,-,E-HMP,-,-,-,-,-,-,"0,6",-,"0,4",-,-,-,2478.4699999999998,934.39,-,-,-%,3098.17,4032.56,-,-,187718.3,NÃO,1,"4,9995",619.70000000000005,1577.74,-,-,-,-,-,-,NÃO,-,ARRECADADO AD,APROVA DIGITAL,31312-23-SP-ALV,APROVAÇÃO E EXECUÇÃO DE EDIFICAÇÃO NOVA,45748,,,,,,,45894,2025
2443/17975/2024,2443,1020.2024/0013379-3,,330001.68531917,7393105.7612085,014,009,0009-3/0011-5/0049-2/0211-8/0212-6,-,024970,RUA,-,AUGUSTA,"2541,2549,2551,2559,2565",-,-,-,-,TLR2 EMPREENDIMENTOS E PARTICIPAÇÕES LTDA,JARDIM PAULISTA,PINHEIROS,ESTRUTURAÇÃO E QUALIFICAÇÃO URBANA,URBANIZAÇÃO CONSOLIDADA,NA,ZEU,ZEU,-,-,-,R,R2v-2,HMP,-,nR1-3,-,-,-,-,"0,7",-,"0,4/0,8/1,1",-,8529.93,-,8529.93,9605.08,-,561.52,5.8460731196408565E-2,10307.02,19912.099999999999,3618974.25,-,3618974.25,SIM,1,"5,7999",1777.09,12874.97,-,-,146.02000000000001,-,-,-,SIM,OPCIONAL,ARRECADADO AD / REAPROVEITAMENTO,APROVA DIGITAL,42482-24-SP-ALV,APROVAÇÃO DE EDIFICAÇÃO NOVA,45653,,,,,,,45891,2025
2444/16050/2024,2444,1020.2023/0025938-8,,321372.151405,7392959.7037947,101,547,0113-1,-,171620,AVENIDA,-,RIO PEQUENO,336,-,-,-,-,ENGELUX DESENVOLVIMENTO IMOBILIÁRIO LTDA,RIO PEQUENO,BUTANTÂ,ESTRUTURAÇÃO E QUALIFICAÇÃO URBANA,QUALIFICAÇÃO DA URBANIZAÇÃO,NA,-,-,ZC,ZC,-,R,R2v-1,HMP,HIS - 2,nR1-3,-,-,-,-,"0,6",-,"0,0/0,4/0,8",-,16669.89,-,16669.89,32980.26,958.48,960.86,2.9134397363756379E-2,25009.89,57991.15,1825230.34,-,1825230.34,NÃO,1,"2,9988",8340,1624.97,-,-,668.78,-,-,1211.53,SIM,OBRIGATÓRIO,ARRECADADO AD,APROVA DIGITAL,35914-23-SP-SAO,APROVAÇÃO DE EDIFICAÇÃO NOVA,45546,,,,,,,45894,2025
2445/17975/2024,2445,1020.2023/0023958-1,,329366.37493888,7395553.7210609,021,082,0019,-,066770,RUA,-,ESTEVÃO DE ALMEIDA,52,-,-,-,-,GUEPARDO ADMINISTRAÇÃO E PARTICIPAÇÕES LTDA,PERDIZES,LAPA,ESTRUTURAÇÃO E QUALIFICAÇÃO URBANA,URBANIZAÇÃO CONSOLIDADA,NA,-,ZEU,ZEU,-,-,R,R2v-1,-,-,nR1-3,nR1-12,-,-,-,"0,7",-,"0,8/1,0",-,-,-,889.35,965.2,166.55,148.05000000000001,0.15338789888106091,1185.8,2151,-,-,1079655.79,NÃO,1,"4,0000",296.45,7353.43,-,-,-,-,-,-,NÃO,-,ARRECADADO AD,APROVA DIGITAL,35001-23-SP-ALV,APROVAÇÃO DE EDIFICAÇÃO NOVA,45553,,,,,,,45894,2025
2446/17975/2024,2446,1020.2023/0024301-5,,329109.52540571,7393867.5591261,013,009,0016-4/0017-2/1352-5,-,151149,RUA,-,OSCAR FREIRE ,"1784,1790,1794,1800,1802",-,-,-,-,M.A.R LUGANO DESENVOLVIMENTO IMOBILIÁRIO SPE LTDA,JARDIM PAULISTA,PINHEIROS,ESTRUTURAÇÃO E QUALIFICAÇÃO URBANA,URBANIZAÇÃO CONSOLIDADA,NA,-,ZEU,ZEU,-,-,R,R2v-2,-,-,nR1-6,nR1-12,-,-,-,"0,7",-,"0,8/1,0",-,-,-,6301.65,9671.5300000000007,1614.64,605.51,6.2607467484462123E-2,8148.02,17819.55,-,-,5432398.1200000001,NÃO,1,"4,7999",1697.51,6865.37,-,-,49.62,-,-,-,SIM,-,ARRECADADO AD,APROVA DIGITAL,34847-23-SP-ALV,APROVAÇÃO DE EDIFICAÇÃO NOVA,45587,57403-25-SP-ALV,EXECUÇÃO DE EDIFICAÇÃO NOVA,45924,,,,45894,2025
2447/17975/2025,2447,1020.2024/0013579-6,,337800.75412678,7403066.9904709,067,145,0005-1,-,001945,RUA,-,ADEMAR DE AZEVEDO MARQUES ,101,-,-,-,-,BBF CONSTRUÇÃO E INCORPORAÇÃO LTDA,TUCURUVI,SANTANA/TUCURUVI,ESTRUTURAÇÃO E QUALIFICAÇÃO URBANA,QUALIFICAÇÃO DA URBANIZAÇÃO,NA,ZM,ZM,-,-,-,R,R2v-1,E-HMP,-,-,-,-,-,-,"0,6",-,"0,4/0,8",-,-,-,477.2,352.97,-,-,-%,802.3,1155.27,-,-,59739.15,NÃO,1,"2,4678",325.10000000000002,1144.5999999999999,-,-,-,-,-,-,NÃO,-,ARRECADADO AD,APROVA DIGITAL,42828-24-SP-ALV,APROVAÇÃO E EXECUÇÃO DE EDIFICAÇÃO NOVA,45761,,,,,,,45896,2025
2448/17975/2025,2448,1020.2023/0012558-6,,332359.74698444,7399793.3791029,073,001,0015-5/0016-3/0017-1/0018-1/0044-9/0045-7/0046-5/0059-7/0060-0,-,086487,RUA,-,MARIA CURUPAITI ,"398,400,404,410",RUA,-,HELIODORA ,"355,361,365,369,373",ONE CURUPAITI SPE LTDA,SANTANA,SANTANA/TUCURUVI,ESTRUTURAÇÃO E QUALIFICAÇÃO URBANA,ESTRUTURAÇÃO METROPOLITANA,ARCO TIETÊ,ZEMP,ZEMP,-,-,-,R,R2v-2,-,-,nR1-2,-,-,-,-,"2,0",-,"0,8/1,0",-,-,-,2780.37,6881.22,678.92,85.04,1.2358273678214038E-2,4766.7299999999996,11647.95,-,-,4730715.54,NÃO,1,"2,3997",1986.36,2418.4699999999998,-,-,98.63,-,-,-,SIM,OPCIONAL,ARRECADADO AD,APROVA DIGITAL,30080-23-SP-ALV,APROVAÇÃO DE EDIFICAÇÃO NOVA,45863,,,,,,,45897,2025
2449/16050/2025,2449,1020.2022/0003113-0,,330967.75147318,7395017.4002453,010,009,0006-1,-,094366,RUA,-,PIAUÍ,527,-,-,-,-,HESA 214 - INVESTIMENTOS IMOBILIÁRIOS LTDA,CONSOLAÇÃO,SÉ,ESTRUTURAÇÃO E QUALIFICAÇÃO URBANA,URBANIZAÇÃO CONSOLIDADA,NA,-,-,ZEU,EETU,-,R,R2v-3,-,-,nR2-2,nR2-1,-,-,-,"0,7",-,"0,8/1,0",-,6863.84,-,6863.84,14446.86,1710.21,1286.0999999999999,8.9022804955540505E-2,10803.92,25250.78,11999554.85,-,11999554.85,NÃO,1,4,2700.98,10430.67,673.83,-,76.12,-,-,-,NÃO,-,ARRECADADO AD,APROVA DIGITAL,11245-22-SP-ALV,APROVAÇÃO E EXECUÇÃO DE EDIFICAÇÃO NOVA,45838,,,,,,,45896,2025
2450/17975/2025,2450,1020.2024/0010408-4,,331278.44434901,7394415.9019147,010,024,0081-3,-,014975,RUA,DONA,ANTÔNIA DE QUEIRÓS ,165,-,-,-,-,CAPITAL CONCRETO CONSOLAÇÃO INCORPORAÇÃO SPE LTDA,CONSOLAÇÃO,SÉ,ESTRUTURAÇÃO E QUALIFICAÇÃO URBANA,URBANIZAÇÃO CONSOLIDADA,NA,ZEU,ZEU,-,-,-,R,R2v-1,-,-,nR1-3,-,-,-,-,"0,7",-,"0,8",-,-,-,1080.9100000000001,779.95,-,160.72999999999999,0.20607731264824666,1490.91,2270.86,-,-,1198932.3400000001,NÃO,1,"3,6364",412.1,7202.52,-,-,13.5,-,-,-,NÃO,-,ARRECADADO AD,APROVA DIGITAL,39966-24-SP-ALV,APROVAÇÃO E EXECUÇÃO DE EDIFICAÇÃO NOVA,45863,,,,,,,45898,2025
2451/17975/2024,2451,1020.2023/0022656-0,,328080.39829788,7393084.8326529,015,006,0021-0,-,197866,RUA,-,MATEUS GROU,"260,266,270,280",RUA,DOUTOR,VIRGÍLIO DE CARVALHO PINTO,"297,299,301,303,307",TRL10 EMPREENDIMENTOS E PARTICIPAÇÕES LTDA,PINHEIROS,PINHEIROS,ESTRUTURAÇÃO E QUALIFICAÇÃO URBANA,URBANIZAÇÃO CONSOLIDADA,NA,-,ZEU,ZEU,-,-,R,R2v-2,HMP,-,nR1-3,nR1-12,-,-,-,"0,7",-,"0,4/0,8/1,0",-,-,-,7729.38,10212.200000000001,1891.05,220.87,2.1628052721254967E-2,9986.1200000000008,20198.32,-,-,8234015.3399999999,NÃO,1,"4,9619",2012.6,7734.65,-,-,81.38,-,-,-,SIM,OPCIONAL,ARRECADADO AD,APROVA DIGITAL,34421-23-SP-ALV,APROVAÇÃO DE EDIFICAÇÃO NOVA,45529,,,,,,,45560,2024
2452/17975/2024,2452,1020.2023/0026398-9,,326124.17324787,7383537.7746419,087,067,0058-6,-,015865,RUA,DOUTOR,ANTÔNIO BENTO,"100,106",-,-,-,-,CEIRY XX ANTÔNIO BENTO EMPREENDIMENTOS IMOBILIÁRIOS SPE LTDA,SANTO AMARO,SANTO AMARO,ESTRUTURAÇÃO E QUALIFICAÇÃO URBANA,QUALIFICAÇÃO DA URBANIZAÇÃO,NA,-,ZEU,ZEU,-,-,R,R2v-2,HMP,HIS - 2,nR1-12,nR1-3,-,-,-,"0,6",-,"0,0/0,4/0,8/1,0",-,13087.06,-,13087.06,11841.34,3106.33,120.12,1.0144122202385879E-2,15552.89,27394.23,2100397.88,-,2100397.88,NÃO,1,"7,1938",2161.96,3262.31,-,-,101.29,-,-,1555.29,SIM,OPCIONAL,ARRECADADO AD,APROVA DIGITAL,35464-23-SP-ALV,APROVAÇÃO DE EDIFICAÇÃO NOVA,45568,59677-25-SP-ALV,EXECUÇÃO DE EDIFICAÇÃO NOVA,45959,,,,45903,2025
2453/16050/2025,2453,1020.2022/0004882-2,,354453.51461271,7400670.5799922,112,781,0004-1,-,096881,RUA,-,IVOTURUCAIA,390,-,-,-,-,FENIX EMPREENDIMENTO IMOBILIÁRIO SPE LTDA,VILA CURUÇÁ,ITAIM PAULISTA,ESTRUTURAÇÃO E QUALIFICAÇÃO URBANA,REDUÇÃO DA VULNERABILIDADE URBANA,NA,-,-,ZM,ZM,-,R,R2v-1,E-HMP,-,nR1-10,-,-,-,-,"0,3",-,"0,6/0,9",-,2414.48,-,2414.48,4290.78,-,260.18,6.0636993740065911E-2,4024.48,8315.26,137988.51999999999,-,137988.51999999999,NÃO,1,"2,4997",1610,721.54,-,-,-,-,-,-,NÃO,-,ARRECADADO AD,APROVA DIGITAL,12029-22-SP-ALV,APROVAÇÃO E EXECUÇÃO DE EDIFICAÇÃO NOVA,45861,,,,,,,45903,2025
2454/17975/2024,2454,1020.2023/0025455-6,,332872.03082665,7386547.2818065,047,122,0009-1/0010-3/0028-6,-,089583,RUA,-,IBITURUNA,"188-190,196,210",-,-,-,-,SP CORP INCORPORADORA SPE LTDA,SAÚDE,VILA MARIANA,ESTRUTURAÇÃO E QUALIFICAÇÃO URBANA,URBANIZAÇÃO CONSOLIDADA,NA,-,ZEU,ZEU,-,-,R,R2v-2,HMP,-,nR1-3,nR1-12,-,-,-,"0,7",-,"0,4/0,8",-,-,-,5477.98,7540.94,1239.68,93.92,1.2454680716197186E-2,6934.91,14475.85,-,-,1469411.52,NÃO,1,"5,3346",1300,2687.67,-,-,52.31,-,-,-,SIM,OPCIONAL,ARRECADADO AD,APROVA DIGITAL,35479-23-SP-ALV,APROVAÇÃO DE EDIFICAÇÃO NOVA,45561,,,,,,,45902,2025
2455/16050/2025,2455,1020.2023/0013564-6,,340222.7859706,7391370.7878704,102,088,0055-6/0056-4/0057-2/0068-8/0069-6/0070-1,-,070670,RUA,-,FERNÃO MARQUES,"204,212,218,226,240,252",-,-,-,-,FACTUS - CONSTRUÇÕES E EMPREENDIMENTOS LTDA,ÁGUA RASA,MOOCA,ESTRUTURAÇÃO E QUALIFICAÇÃO URBANA,QUALIFICAÇÃO DA URBANIZAÇÃO,NA,-,-,ZEU,EETU,-,R,R2v-2,HMP,-,nR1-3,nR1-12,-,-,-,"0,6",-,"0,4/0,6/0,8",-,-,-,9879.4699999999993,14208.95,1969.54,68.569999999999993,4.8258316061355689E-3,12349.35,26558.3,-,-,1039073.64,NÃO,1,"4,9999",2469.88,1736.3,-,-,-,-,-,-,NÃO,OPCIONAL,ARRECADADO AD,APROVA DIGITAL,30739-23-SP-ALV,APROVAÇÃO E EXECUÇÃO DE EDIFICAÇÃO NOVA,45861,,,,,,,45904,2025
2456/18081/2025,2456,1020.2023/0020506-7,,331221.26086004,7394311.8771089,010,033,0844-9,-,024970,RUA,-,AUGUSTA,811,-,-,-,-,ONE DI 32 EMPREENDIMENTO IMOBILIÁRIO SPE LTDA,CONSOLAÇÃO,SÉ,ESTRUTURAÇÃO E QUALIFICAÇÃO URBANA,URBANIZAÇÃO CONSOLIDADA,NA,ZEU,ZEU,-,-,-,R,R2v-2,HMP,HIS - 2,-,-,-,-,-,"0,7",-,"0,0/0,4/0,8/1,0",-,10947.08,-,10947.08,5816.7,-,-,-%,12757.64,18574.34,6439328.2599999998,-,6439328.2599999998,NÃO,1,"7,0462",1810.56,8645.61,-,-,78.05,-,-,1275.76,SIM,OPCIONAL,ARRECADADO AD,APROVA DIGITAL,33489-23-SP-ALV,APROVAÇÃO DE EDIFICAÇÃO NOVA,45875,,,,,,,45902,2025
2457/18081/2025,2457,1020.2024/0017779-0,,329734.32708628,7392791.9549667,014,017,0020-9/0021-7/0022-5/0023-3,-,024970,RUA,-,AUGUSTA,"2953,2959,2969,2963",-,-,-,-,AUGUSTA EMPREENDIMENTOS IMOBILIÁRIOS SPE LTDA,JARDIM PAULISTA,PINHEIROS,ESTRUTURAÇÃO E QUALIFICAÇÃO URBANA,URBANIZAÇÃO CONSOLIDADA,NA,ZEU,ZEU,-,-,-,R,R2v-2,-,-,nR1-2,-,-,-,-,"0,7",-,"0,8/1,0",-,-,-,5464.6,8340.2199999999993,-,598.09,7.1711537585339491E-2,6912.1,15252.32,-,-,4509135.79,SIM,1,"4,7752",1447.5,13672.93,-,-,59.25,-,-,-,SIM,OPCIONAL,DEVIDA (À PAGAR NA EXECUÇÃO),APROVA DIGITAL,44200-24-SP-ALV,APROVAÇÃO DE EDIFICAÇÃO NOVA,45860,,,,,,,45902,2025
2458/18081/2024,2458,1020.2023/0005420-4,,326397.06217339,7398921.4226249,099,006,0012-6,-,002470,RUA,-,GINO CESARO ,"208,246",AVENIDA,-,JOSE MARIA DE FARIA,"396,400,S/N",PROJETO IMOBILIÁRIO DI 2 LTDA,LAPA,LAPA,ESTRUTURAÇÃO E QUALIFICAÇÃO URBANA,ESTRUTURAÇÃO METROPOLITANA,ARCO TIETÊ,ZM,ZM,-,-,-,R,R2v-2,E-HMP,-,-,-,-,-,-,"1,2",-,"0,4/0,6/0,8",-,-,-,8372.59,16359.01,-,-,-%,15395.07,31754.080000000002,-,-,3446244.17,NÃO,1,"2,1925",7088.48,1500.14,-,600.38,341.36,-,-,-,NÃO,OPCIONAL,ARRECADADO AD,APROVA DIGITAL,26902-23-SP-ALV,APROVAÇÃO DE EDIFICAÇÃO NOVA,45652,,,,,,,45901,2025
2459/18081/2025,2459,1020.2025/0004167-0,,327253.4778058,7393124.2986086,083,010,0002-3/0003-1/0004-1/0004-1/0005-8/0006-6/0007-4/0008-2/0011-2/0012-0/0013-9/0018-1/0019-8/0020-1/0021-1/0023-6/0024-4/0029-5/0032-5/0039-2/0040-6,-,008745,RUA,-,ALVARO ANES,"43,55,65,71,79,87,91,97",RUA,-,EDSON DIAS l CUNHA GAGO,"52,72,82,94,98,104 l 590,598,604,612,618,620",PROJETO IMOBULIÁRIO 33 LTDA,PINHEIROS,PINHEIROS,ESTRUTURAÇÃO E QUALIFICAÇÃO URBANA,URBANIZAÇÃO CONSOLIDADA,NA,ZEU,ZEU,-,-,-,R,R2v-3,HMP,HIS - 2,-,-,-,-,-,"0,7",-,"0,0/0,4/0,8/1,0",-,-,-,16421.96,9277.7800000000007,-,-,-%,18837.689999999999,28215.47,-,-,4043878.01,NÃO,1,"7,7879",2415.73,4371.58,-,-,325.93,-,-,1883.76,SIM,OPCIONAL,DEVIDA (À PAGAR NA EXECUÇÃO),APROVA DIGITAL,51005-25-SP-ALV,APROVAÇÃO DE EDIFICAÇÃO NOVA,45866,,,,,,,45901,2025
2460/16050/2024,2460,1020.2023/0001686-8,,342465.10822544,7396009.7071458,056,011,0074-8,-,184730,RUA,GENERAL,SOUSA NETO ,765,-,-,-,-,EMPREENDIMENTO PANORAMA ARICANDUVA SPE LTDA,VILA MATILDE,PENHA,ESTRUTURAÇÃO E QUALIFICAÇÃO URBANA,QUALIFICAÇÃO DA URBANIZAÇÃO,NA,-,-,ZEU,ZEU,-,R,R2v-2,HMP,HIS - 2,nR1-3,nR1-15,-,-,-,"0,6",-,"0,0/0,4/0,8/0,9/1,0",-,-,-,10230.68,12942.39,842.41,1152.95,8.9083237330972107E-2,12942.39,25739.279999999999,-,-,569656.25,NÃO,1,"4,9867",2566.21,1258.3699999999999,-,-,104.01,-,-,-,NÃO,-,ARRECADADO AD,APROVA DIGITAL,24745-23-SP-ALV,APROVAÇÃO DE EDIFICAÇÃO NOVA,45561,,,,,,,45898,2025
2461/17975/2025,2461,1020.2023/0027556-1,,334986.66844667,7387941.1640763,049,278,0001-6/0002-4/0003-2/0018-0/0019-9/0023-7/0024-5,-,056189,AVENIDA,-,DO CURSINO ,"931,945,953",RUA,CARDEAL,MASELLA ,"36,40,50,64",P3 CURSINO EMPREENDIMENTO LTDA,CURSINO,IPIRANGA,ESTRUTURAÇÃO E QUALIFICAÇÃO URBANA,QUALIFICAÇÃO DA URBANIZAÇÃO,NA,-,ZC,ZC,-,-,R,R2v-1,E-HMP,-,-,-,-,-,-,"0,6",-,"0,4/0,8",-,-,-,2568.9499999999998,5103.21,-,-,-%,4283.0200000000004,9386.33,-,-,797432.04,NÃO,1,"2,4987",1714.07,2704.02,-,-,333.45,-,-,-,NÃO,-,ARRECADADO AD,APROVA DIGITAL,36429-23-SP-ALV,APROVAÇÃO DE EDIFICAÇÃO NOVA,45700,,,,,,,45898,2025
2462/17975/2024,2462,1020.2023/0009287-4,,332919.20740077,7391789.4748839,038,044,0044-2/0045-0/0046-9/0047-7,-,023698,RUA,-,ARTUR SABOIA ,"147,151,161,167",-,-,-,-,MF7 ARTUR SABOIA INCORPORADORA SPE LTDA,VILA MARIANA,VILA MARIANA,ESTRUTURAÇÃO E QUALIFICAÇÃO URBANA,URBANIZAÇÃO CONSOLIDADA,NA,-,ZEU,ZEU,-,-,R,R2v-2,HMP,HIS - 2,nR1-12,-,-,-,-,"0,7",-,"0,0/0,4/0,8/1,0",-,-,-,4970.8100000000004,5115.0600000000004,-,-,-%,6005.44,11120.5,-,-,1589179.04,NÃO,1,"5,9994",1001,3879.69,-,-,-,-,-,-,SIM,OPCIONAL,ARRECADADO AD,APROVA DIGITAL,28595-23-SP-ALV,APROVAÇÃO DE EDIFICAÇÃO NOVA,45581,,,,,,,45904,2025
2463/17975/2025,2463,1020.2023/0018607-0,,327427.08083624,7394513.1035911,081,097,0009-8/0010-1/0013-6/0025-1/0035-7/0038-1/0039-1/0040-3/0041-1/0042-1/0043-8/0044-6/0045-4/0046-2/0048-9/0049-7/0050-0/0051-9/0052-7/0053-5/0172-8/0173-6/0607-1,-,085782,RUA,-,HARMONIA,"858,862,868,872,876,880,882,896,900,908",RUA,-,RODESIA,"128,134,136,138,140,150,154,158,160",EVEN SP 105 EMPREENDIMENTOS IMOBILIÁRIOS LTDA,PINHEIROS,PINHEIROS,ESTRUTURAÇÃO E QUALIFICAÇÃO URBANA,URBANIZAÇÃO CONSOLIDADA,NA,-,ZEU,ZEU,-,-,R,R2v-4,-,-,nR1-2,-,-,-,-,"0,7,1,3",-,3,-,-,-,125.45,23451.13,1328.41,1161.83,4.9542601998283232E-2,21446.75,44897.88,-,-,207047.81,NÃO,1,"4,7999",4468.1499999999996,3772.25,-,-,175.42,41.82,-,-,SIM,OBRIGATÓRIO,ARRECADADO AD,APROVA DIGITAL,32694-23-SP-ALV,APROVAÇÃO DE EDIFICAÇÃO NOVA,45758,,,,,,,45904,2025
2464/17975/2024,2464,1020.2023/0026175-7,,327446.58967079,7395155.818216,012,118,0025-3/0055-5/0056-3/0071-7,-,003336,RUA,PADRE,AGOSTINHO MENDICUTE,"186,200,210,210",-,-,-,-,ADDRESS VILA MADALENA EMPREENDIMENTOS IMOBILIÁRIOS SPE LTDA,PERDIZES,LAPA,ESTRUTURAÇÃO E QUALIFICAÇÃO URBANA,URBANIZAÇÃO CONSOLIDADA,NA,-,ZEU,ZEU,-,-,R,R2v-2,HMP,-,-,-,-,-,-,"0,7",-,"0,4/0,8/1,0",-,-,-,3463.61,3208.52,838.89,136.43,4.252116240509643E-2,4193.91,7402.43,-,-,473282.3,SIM,1,"5,7427",730.3,3063.27,-,-,-,-,-,-,SIM,OPCIONAL,ARRECADADO AD,APROVA DIGITAL,35665-23-SP-ALV,APROVAÇÃO DE EDIFICAÇÃO NOVA,45581,,,,,,,45908,2025
2465/18081/2025,2465,1020.2024/0020347-3,,330388.59462485,7393580.527259,010,077,0018-1/0019-1/0027-0/0028-9/0117-1/0118-8/0119-6/0120-1/0121-8/0122-6/0123-4,-,024970,RUA,-,AUGUSTA,"1922,1926,1928,1932,1934,1936,1940,1944,1948,1954,1966",ALAMEDA,-,JAÚ,1584,NETCORP AUGUSTA INCORPORAÇÃO E EMPREENDIENTO IMOBILIÁRIO SPE LTDA,JARDIM PAULISTA,PINHEIROS,ESTRUTURAÇÃO E QUALIFICAÇÃO URBANA,URBANIZAÇÃO CONSOLIDADA,NA,ZEU,ZEU,-,-,-,R,R2v-2,HMP,-,-,-,-,-,-,"0,7",-,"0,4/0,8/1,0/1,675",-,-,-,9303.39,10317.99,-,779.55,7.5552505865968081E-2,11245.57,21563.56,-,-,17623819.73,NÃO,1,"5,7902",1942.18,13420.27,-,-,190.8,26.52,-,-,SIM,OPCIONAL,DEVIDA (À PAGAR NA EXECUÇÃO),APROVA DIGITAL,45639-24-SP-ALV,APROVAÇÃO DE EDIFICAÇÃO NOVA,45880,,,,,,,45905,2025
2466/17975/2025,2466,1020.2024/0016640-3,,332871.47686366,7389471.1842112,042,051,0023-1/0024-8/0025-6/0027-2/0028-0/0029-9,-,035025,RUA,-,CORREIA VASQUES,"48,54,64",RUA,-,BORGES LAGOA,"122,126,132,140",MF7 BORGES INCORPORADORA SPE LTDA,VILA MARIANA,VILA MARIANA,ESTRUTURAÇÃO E QUALIFICAÇÃO URBANA,URBANIZAÇÃO CONSOLIDADA,NA,-,ZEU,ZEU,-,-,R,R2v-2,HMP,HIS - 2,nR1-3,-,-,-,-,"0,7",-,"0,0/0,4/0,8/1,0",-,-,-,7806.31,7362.46,-,332.81,4.5203641174281425E-2,9322.5300000000007,16684.990000000002,-,-,2963205.44,NÃO,1,"6,1485",1516.22,4809.91,-,-,209.68,-,-,932.25,SIM,OPCIONAL,DEVIDA (À PAGAR NA EXECUÇÃO),APROVA DIGITAL,42902-24-SP-ALV,APROVAÇÃO DE EDIFICAÇÃO NOVA,45876,,,,,,,45905,2025
2467/16050/2024,2467,1020.2023/0006962-7,,332935.49897783,7392655.3620625,033,030,0062-1/0063-8/0374-2,-,045683,RUA,-,CASTRO ALVES,"301FDS,321,327",-,-,-,-,CASTRO ALVES EMPREENDIMENTO SPE LTDA,LIBERDADE,SÉ,ESTRUTURAÇÃO E QUALIFICAÇÃO URBANA,URBANIZAÇÃO CONSOLIDADA,NA,-,-,ZEU,ZEU,-,R,R2v-2,-,-,nR1-3,-,-,-,-,"0,7",-,"0,8/0,9",-,-,-,6273.63,8385.9699999999993,-,104.1,1.241359079510182E-2,8489.76,16875.73,-,-,2762509.6,NÃO,1,"3,9893",2128.11,2894.59,-,-,29.34,-,-,-,NÃO,-,ARRECADADO AD,APROVA DIGITAL,27064-23-SP-ALV,APROVAÇÃO DE EDIFICAÇÃO NOVA,45569,,,,,,,45905,2025
2468/18081/2024,2468,1020.2023/0000842-3,,327991.23195036,7386378.8271784,085,029,0216-4,-,000850,AVENIDA,SANTO,AMARO,4718,-,-,-,-,HESA 224 INVESTIMENTOS IMOBILIÁRIOS LTDA,ITAIM BIBI,PINHEIROS,ESTRUTURAÇÃO E QUALIFICAÇÃO URBANA,URBANIZAÇÃO CONSOLIDADA,NA,ZEU,ZEU,-,-,-,R,R2v-2,-,-,nR1-6,nR2-2,-,-,-,"0,7",-,"0,8",-,-,-,8161.54,7331.94,-,913.01,0.1245250233908079,10309.86,17641.8,-,-,3875903.98,NÃO,1,"4,7990",2148.3200000000002,4069.74,-,-,248.3,-,-,-,SIM,OPCIONAL,ARRECADADO AD,APROVA DIGITAL,24348-23-SP-ALV,APOSTILAMENTO DE  ALV. DE APROVAÇÃO DE EDIFICAÇÃO NOVA,45581,,,,,,,45908,2025
2469/18081/2025,2469,1020.2025/0002374-4,,333236.11205663,7384208.5233702,310,075,0017-1,-,148440,RUA,-,OCARINA,35,-,-,-,-,MONTEAZUL EXPO SP EMPREENDIMENTO IMOBILIÁRIO SPE LTDA,JABAQUARA,JABAQUARA,ESTRUTURAÇÃO E QUALIFICAÇÃO URBANA,QUALIFICAÇÃO DA URBANIZAÇÃO,NA,ZM,ZM,-,-,-,R,R2v-1,-,-,-,-,-,-,-,"0,6",-,"1,0",-,-,-,356.64,273.22000000000003,-,-,-%,760.14,1033.3599999999999,-,-,231459.72,NÃO,1,1.8837999999999999,403.5,2037.72,-,-,-,-,-,-,NÃO,-,ARRECADADO AD,APROVA DIGITAL,50775-25-SP-ALV,APROVAÇÃO E EXECUÇÃO DE EDIFICAÇÃO NOVA,45840,,,,,,,45908,2025
2470/17975/2025,2470,1020.2023/0026902-2,,332074.40884489,7392728.2847811,009,080,0055-3/0056-1,-,044105,RUA,-,CARLOS SAMPAIO,"135,143",-,-,-,-,CARLOS SAMPAIO EMPREENDIMENTO IMOBILIÁRIO LTDA,BELA VISTA,SÉ,ESTRUTURAÇÃO E QUALIFICAÇÃO URBANA,URBANIZAÇÃO CONSOLIDADA,NA,-,ZEU,ZEU,-,-,R,R2v-2,-,-,nR1-3,nR1-12,-,-,-,"0,7",-,"1,0",-,-,-,3149.69,2703.97,636.74,355.02,0.13129583538278902,3981.79,6685.76,-,-,3752787.57,NÃO,1,4.78,832.1,8145,-,-,-,-,-,-,SIM,OPCIONAL,DEVIDA (À PAGAR NA EXECUÇÃO),APROVA DIGITAL,36036-23-SP-ALV,APROVAÇÃO DE EDIFICAÇÃO NOVA,45896,,,,,,,45912,2025
2471/18081/2025,2471,1020.2023/0026667-8,,324809.17754525,7390671.0395628,101,445,0007-7/0008-5/0009-3/0010-7/0023-9/0025-5/0026-3/0027-1/0028-1/0030-1/0031-1,-,185043,RUA,PADRE,EUGÊNIO LOPES  I CÍCERO JOSÉ DA SILVA  ,"102,104,112,114,122,128,153  I 153",RUA,-,CARLOS LIMA MOREL,"67,85,95,115,121",EXTO TIME EMPREENDIMENTOS IMOBILIÁRIOS SPE LTDA,MORUMBI,BUTANTÂ,ESTRUTURAÇÃO E QUALIFICAÇÃO URBANA,URBANIZAÇÃO CONSOLIDADA,NA,ZEU,ZEU,-,-,-,R,R2v-3,-,-,-,-,-,-,-,"0,7",-,"1,75",-,-,-,11440.87,15502.87,-,-,-%,14452.24,29955.11,-,-,9200620.3499999996,NÃO,1,4.7991999999999999,3011.38,3150.59,-,-,250.2,27.38,-,-,SIM,OPCIONAL,DEVIDA (À PAGAR NA EXECUÇÃO),APROVA DIGITAL,35931-23-SP-ALV,APROVAÇÃO DE EDIFICAÇÃO NOVA,45852,,,,,,,45909,2025
2472/18081/2025,2472,1020.2024/0009179-9,,327745.93847956,7387650.8693825,085,148,0042-6/0045-0/0046-9/0065-5/0066-3/0067-1/0068-1/0079-5/0080-9/0086-8,-,138789,RUA,-,MICHIGAN ,"912,922,930,936,944,962 E 962 FUNDOS",RUA,-,RIBEIRO DO VALE,"339,349,353,363",CBR MAGIK LZ 25 EMPREENDIMENTOS IMOBILIÁRIOS LTDA,ITAIM BIBI,PINHEIROS,ESTRUTURAÇÃO E QUALIFICAÇÃO URBANA,URBANIZAÇÃO CONSOLIDADA,NA,ZEU,ZEU,-,-,-,R,R2v-3,HMP,-,-,-,-,-,-,"0,7",-,"0,4",-,-,-,14426.36,16115.83,-,-,-%,18026.36,34142.19,-,-,14842008.5,NÃO,1,5.0072999999999999,3600,3854.51,-,-,348.21,29.64848684210526,-,-,SIM,OPCIONAL,ARRECADADO AD,APROVA DIGITAL,40256-24-SP-ALV,APOSTILAMENTO DE  ALV. DE APROVAÇÃO DE EDIFICAÇÃO NOVA,45743,,,,,,,45910,2025
2473/17975/2025,2473,1020.2023/0026880-8,,329929.77089903,7390975.4556795,036,088,0019-0,-,086991,RUA,-,HENRIQUE MARTINS,490,-,-,-,-,EDIFÍCIO RESIDENCIAL HENRIQUE MARTINS SPE S.A.,MOEMA,VILA MARIANA,ESTRUTURAÇÃO E QUALIFICAÇÃO URBANA,URBANIZAÇÃO CONSOLIDADA,NA,-,ZEU,ZEU,-,-,R,R2v-1,-,-,-,-,-,-,-,"0,7",-,"1,0",-,-,-,363.74,1046.77,-,-,-%,727.56,1774.33,-,-,1190709.5900000001,NÃO,1,1.9998,363.82,9351.8799999999992,-,-,-,-,-,-,NÃO,-,DEVIDA (À PAGAR NA EXECUÇÃO),APROVA DIGITAL,35821-23-SP-ALV,APROVAÇÃO DE EDIFICAÇÃO NOVA,45891,,,,,,,45911,2025
2474/18081/2024,2474,1020.2023/0025651-6,,327459.91798149,7393270.5079368,081,229,0022-4/0023-2/0024-0/0025-9,-,182850,RUA,-,SIMÃO ALVARES,"707,717,729,731",-,-,-,-,WDS PRIME SIMÃO ALVARES EMPREENDIMENTOS IMOBILIÁRIOS LTDA,PINHEIROS,PINHEIROS,ESTRUTURAÇÃO E QUALIFICAÇÃO URBANA,URBANIZAÇÃO CONSOLIDADA,NA,ZC,ZC,-,-,-,R,R2v-2,-,-,nR1-3,-,-,-,-,"0,7",-,"1,0",-,-,-,1680,4486.4399999999996,-,466.14,0.10389975125043464,2880,7366.44,-,-,2144053.7999999998,NÃO,1,2.4,1200,4375.62,-,-,-,-,-,-,SIM,OBRIGATÓRIO,ARRECADADO AD,APROVA DIGITAL,35412-23-SP-ALV,APROVAÇÃO DE EDIFICAÇÃO NOVA,45586,,,,,,,45911,2025
2475/18081/2025,2475,1020.2025/0001603-9,,331538.46941355,7392186.7846737,036,011,0001-0/0002-9/0003-7/0004-5/0005-3/0007-1/0024-1/0027-4/0028-2/0029-0,-,134465,RUA,-,MÁRIO AMARAL,"50,60,90,106,S/N",RUA,-,MARIA FIGUEIREDO | MANOEL DA NÓBREGA,"482,484,490 | 521",RYPE 21 - EMPREENDIMENTO IMOBILIÁRIO LTDA,VILA MARIANA,VILA MARIANA,ESTRUTURAÇÃO E QUALIFICAÇÃO URBANA,URBANIZAÇÃO CONSOLIDADA,NA,ZEU,ZEU,-,-,-,R,R2v-3,-,-,-,-,-,-,-,"0,7",-,"1,0/1,25",-,-,-,14253.4,17680.72,-,-,-%,18004.3,35685.019999999997,-,-,27724369.449999999,NÃO,1,4.8,3750.9,10935.99,-,-,190.71,22.282574257425743,-,-,SIM,OPCIONAL,DEVIDA (À PAGAR NA EXECUÇÃO),APROVA DIGITAL,50179-25-SP-ALV,APROVAÇÃO DE EDIFICAÇÃO NOVA,45894,,,,,,,45915,2025
2476/17975/2024,2476,1020.2023/0025675-3,,328994.4372291,7393570.2528748,013,023,0112-8/0130-6/0131-4/0395-3/0396-1/0397-1/0398-8/0399-6/0400-3/0432-1/0433-1/0434-8,-,009210,,,,,,,,,BEATRIZ ZABO EMPREENDIMENTO IMOBILIÁRIO SPE LTDA,JARDIM PAULISTA,PINHEIROS,ESTRUTURAÇÃO E QUALIFICAÇÃO URBANA,URBANIZAÇÃO CONSOLIDADA,NA,-,ZEU,ZEU,-,-,R,R2v-2,-,-,-,-,-,-,-,"0,7",-,"1,0/1,325",-,-,-,3795.07,4471.32,-,-,-%,4793.92,9265.24,-,-,4783492.47,NÃO,1,"4,7994",998.85,6680.95,-,-,-,23.05,-,-,SIM,OPCIONAL,ARRECADADO AD,APROVA DIGITAL,35583-23-SP-ALV,APROVAÇÃO DE EDIFICAÇÃO NOVA,45638,,,,,,,45911,2025
2477/17975/2025,2477,1020.2024/0001941-9,,329164.23612695,7391498.3842589,016,049,0161-6/0302-3,-,148040,AVENIDA,-,NOVE DE JULHO,"5049,5109",-,-,-,-,TLR5 EMPREENDIMENTOS E PARTICIPAÇÕES LTDA,ITAIM BIBI,PINHEIROS,ESTRUTURAÇÃO E QUALIFICAÇÃO URBANA,URBANIZAÇÃO CONSOLIDADA,NA,ZEU,ZEU,-,-,-,R,R2v-2,-,-,nR1-3,nR1-12,-,-,-,"0,7",-,"3,0",-,-,-,6936.29,11818.14,1796.72,120.39,1.0186882199737015E-2,9016.7000000000007,20834.84,-,-,24178549.670000002,NÃO,1,"4,8000",1878.48,7967.55,-,-,67.31,86.69,-,-,SIM,OPCIONAL,DEVIDA (À PAGAR NA EXECUÇÃO),APROVA DIGITAL,35506-23-SP-ALV,APOSTILAMENTO DE  ALV. DE APROVAÇÃO DE EDIFICAÇÃO NOVA,45863,,,,,,,45912,2025
2478/18081/2025,2478,1020.2025/0006969-8,,329656.92258228,7388490.1672057,041,137,0006-0/0007-9/0009-5/0010-9/0011-7,-,157970,AVENIDA,-,PAVÃO,"605,615",RUA,-,GAIVOTA,"1102,1112,1128",PL SPO 06 EMPREENDIMENTOS IMOBILIÁRIOS LTDA,MOEMA,VILA MARIANA,ESTRUTURAÇÃO E QUALIFICAÇÃO URBANA,URBANIZAÇÃO CONSOLIDADA,NA,ZEU,ZEU,-,-,-,R,R2v-2,-,-,nR1-3,-,-,-,-,"0,7",-,"0,8/1,925",-,-,-,7564.62,9592.18,-,295.89999999999998,3.0848044969965113E-2,9555.31,19147.490000000002,-,-,13242892.83,NÃO,1,"4,8000",1990.69,6332.91,-,-,116.91,29.13,-,-,SIM,OPCIONAL,DEVIDA (À PAGAR NA EXECUÇÃO),APROVA DIGITAL,52658-25-SP-ALV,APROVAÇÃO DE EDIFICAÇÃO NOVA,45896,,,,,,,45912,2025
2479/17975/2024,2479,1010.2023/0008298-0,,328492.99433598,7391060.9052051,016,059,0021-4/0022-2/0023-0/0040-0,-,100536,RUA,-,JERONIMO DA VEIGA ,179,-,-,-,-,PROJETO IMOBILIÁRIO 34 LTDA,ITAIM BIBI,PINHEIROS,ESTRUTURAÇÃO E QUALIFICAÇÃO URBANA,URBANIZAÇÃO CONSOLIDADA,NA,-,ZEU,ZEU,-,-,R,R2v-2,-,-,nR1-12,nR1-2,nR1-11,-,-,"0,7",-,"0,8/1,0",-,-,-,2551.33,4967.97,809.9,392.17,7.8939687639015529E-2,4232.09,9200.06,-,-,3082560.62,NÃO,1,"3,9994",1058.17,7870.72,-,-,207.53,-,-,-,NÃO,-,QUITADO,SEI,2024/03325-00,APROVAÇÃO DE EDIFICAÇÃO NOVA,45460,,,,,,,45665,2025
2480/17975/2024,2480,1010.2023/0001393-7,,335004.66646285,7388873.7684004,046,241,0001-8/0002-6/0003-4/0004-2/0031-1/0035-2/0036-0/0040-9/0042-5/0043-3/0044-10045-1/0048-4/0053-0/0054-9/0059-1,-,057738,RUA,SANTA,CRUZ,2277,-,-,-,-,DIALOGO ENGENHARIA E CONSTRUÇÃO S.A,CURSINO,IPIRANGA,ESTRUTURAÇÃO E QUALIFICAÇÃO URBANA,QUALIFICAÇÃO DA URBANIZAÇÃO,NA,-,ZEU,ZEU,-,-,R,R2v-4,HMP,HIS - 2,nR1-3,-,-,-,-,"0,6",-,"0,4/0,8/1,075",-,-,-,29873.32,31087.95,-,1378.49,4.4341617893749831E-2,38185.879999999997,69273.490000000005,-,-,9028706.9100000001,NÃO,1,"5,6405",6770.02,3294.93,-,-,514.17999999999995,20.75,-,3818.59,SIM,OBRIGATÓRIO,QUITADO,SEI,2024/07688-00,APROVAÇÃO DE EDIFICAÇÃO NOVA,45644,,,,,,,45789,2025
2481/17975/2025,2481,1020.2023/0024680-4,,327332.63470001,7392950.7739794,015,044,0211-1,-,055964,RUA,-,CUNHA GAGO,444,-,-,-,-,PLANIK 34 EMPREENDIMENTO IMOBILIÁRIO SPE LTDA,PINHEIROS,PINHEIROS,ESTRUTURAÇÃO E QUALIFICAÇÃO URBANA,URBANIZAÇÃO CONSOLIDADA,NA,-,ZEU,ZEU,-,-,R,R2v-2,HMP,-,nR1-12,nR1-6,-,-,-,"0,7",-,"0,4/0,8/1,0",-,-,-,6215.28,6996.44,1419.54,335.59,4.7965822618360195E-2,7988.68,14985.12,-,-,5435758.2400000002,NÃO,1,"4,9929",1600,7618.53,-,-,57.8,-,-,-,NÃO,-,ARRECADADO AD,APROVA DIGITAL,35210-23-SP-ALV,APROVAÇÃO DE EDIFICAÇÃO NOVA,45705,,,,,,,45917,2025
2482/18081/2024,2482,1010.2024/0004409-5,,334001.57534331,7390067.5298669,039,164,0053-3,-,239925,RUA,-,IBARAGUI ,166,-,-,-,-,TGSP 56 EMPREENDIMENTOS IMOBILIÁRIOS LTDA,VILA MARIANA,VILA MARIANA,ESTRUTURAÇÃO E QUALIFICAÇÃO URBANA,URBANIZAÇÃO CONSOLIDADA,NA,ZEU,ZEU,-,-,-,R,R2v-3,-,-,-,-,-,-,-,"0,7",-,"3,0",-,-,-,13636.62,13124.32,-,-,-%,17226.62,30350.94,-,-,27220535.670000002,NÃO,1,"4,7985",3590,4561.17,-,-,535.04,44.86,-,-,SIM,OPCIONAL,QUITADO,SEI,2024/07095-00,APROVAÇÃO DE EDIFICAÇÃO NOVA,45622,,,,,,,45924,2025
2483/18081/2025,2483,1020.2024/0022716-0,,327662.97828358,7393262.93173,015,007,0001-0/0002-9/0003-7/0004-5/0005-3/0051-7/0052-5/0053-3/0054-1/0055-1/0056-8/0057-6/0059-4,-,021490,RUA,-,MOURATO COELHO,"604,610,618,620,628",RUA,CARDEAL,ARCOVERDE,"1761,1763,1769,1771,1779,1781,1787,1789",SEQ20 EMPREENDIMENTOS IMOBILIÁRIOS LTDA,PINHEIROS,PINHEIROS,ESTRUTURAÇÃO E QUALIFICAÇÃO URBANA,URBANIZAÇÃO CONSOLIDADA,NA,ZEU,ZEU,-,-,-,R,R2v-2,HMP,HIS - 2,-,-,-,-,-,"0,7",-,"0,0/0,4/0,8/1,0",-,-,-,7450.81,7450.68,-,-,-%,8750.81,16201.49,-,-,3922858.79,NÃO,1,"6,7314",1300,7986.35,-,-,-,-,-,2096.17,SIM,OPCIONAL,DEVIDA (À PAGAR NA EXECUÇÃO),APROVA DIGITAL,46521-24-SP-ALV,APOSTILAMENTO DE  ALV. DE APROVAÇÃO DE EDIFICAÇÃO NOVA,45894,,,,,,,45959,2025
2484/18081/2024,2484,1020.2024/0009042-3,,333293.90215264,7390522.1234769,039,076,0009-6/0010-1/0011-8/0012-6/0013-4/0069-1/0072-1/0073-8/0074-6/0257-9,-,195839,RUA,DOUTOR,NETO DE ARAUJO,156,-,-,-,-,MAC 81 EMPREENDIMENTOS IMOBILIÁRIOS LTDA,VILA MARIANA,VILA MARIANA,ESTRUTURAÇÃO E QUALIFICAÇÃO URBANA,URBANIZAÇÃO CONSOLIDADA,NA,ZEU,ZEU,-,-,-,R,R2v-2,-,-,-,-,-,-,-,"0,7",-,"0,8/1,0",-,-,-,5245.56,4959.58,-,-,-%,6625.97,11585.55,-,-,3266994.74,NÃO,1,"4,8000",1380.41,5041.3500000000004,-,-,-,-,-,-,SIM,OPCIONAL,ARRECADADO AD,APROVA DIGITAL,40330-24-SP-ALV,APROVAÇÃO DE EDIFICAÇÃO NOVA,45587,,,,,,,45918,2025
2485/18081/2024,2485,1010.2024/0005251-9,,324953.22037947,7396497.2523175,080,118,0002-7,-,176192,RUA,-,SALES JUNIOR,144,-,-,-,-,TGSP - 111 EMPREENDIMENTOS IMOBILIÁRIOS LTDA,LAPA,LAPA,ESTRUTURAÇÃO E QUALIFICAÇÃO URBANA,URBANIZAÇÃO CONSOLIDADA,NA,ZC,ZC,-,-,-,R,R2v-3,-,-,-,-,-,-,-,"0,7",-,"1,0",-,-,-,10117.290000000001,20698.400000000001,-,-,-%,17344.2,38042.6,-,-,7416778.54,NÃO,1,"2,3999",7226.91,2513.36,-,-,515.35,-,-,-,SIM,OPCIONAL,ARRECADADO AD,SEI,2025/00846-00,APROVAÇÃO DE EDIFICAÇÃO NOVA,45713,,,,,,,45918,2025
2486/16050/2025,2486,1020.2022/0007640-0,,337664.4099,7392599.37435,032,068,0011-0,-,165824,RUA,CONDE,PRATES,882,-,-,-,-,ALFREDO JORGE DIAS,MOOCA,MOOCA,ESTRUTURAÇÃO E QUALIFICAÇÃO URBANA,ESTRUTURAÇÃO METROPOLITANA,ARCO TAMANDUATEÍ,-,-,ZM,ZM,-,R,R2h-3,-,-,-,-,-,-,-,"1,2",-,"1,0",-,-,-,29.43,173.88,173.88,-,-%,273.67,447.55,-,-,77231.83,NÃO,1,"1,1205",244.24,2450.39,-,-,-,-,-,-,NÃO,-,ARRECADADO AD,APROVA DIGITAL,12829-22-SP-ALV,APROVAÇÃO E EXECUÇÃO DE EDIFICAÇÃO NOVA,45870,,,,,,,45919,2025
2487/18081/2025,2487,1020.2025/0011694-7,,328122.11635,7381218.9951,090,101,0014-6,-,012963,RUA,SANTO,ANDRÉ,271,-,-,-,-,INOVA SPE1 CONSTRUÇÃO E INCORPORAÇÃO LTDA,CAMPO GRANDE,SANTO AMARO,ESTRUTURAÇÃO E QUALIFICAÇÃO URBANA,QUALIFICAÇÃO DA URBANIZAÇÃO,NA,ZM,ZM,-,-,-,R,-,E-HMP,-,-,-,-,-,-,"0,6",-,"0,4/0,6",-,-,-,376.26,550.78,-,-,-%,875.26,1426.04,-,-,118137.21,NÃO,1,"1,7540",499,2001.29,-,-,-,-,-,-,NÃO,OPCIONAL,ARRECADADO AD,APROVA DIGITAL,55268-25-SP-ALV,APROVAÇÃO E EXECUÇÃO DE EDIFICAÇÃO NOVA,45898,,,,,,,45919,2025
2488/18081/2025,2488,1020.2024/0029370-7,,333755.2929,7390386.1916,039,071,0020-4/0042-5/0043-3/0109-1,-,141917,PRAÇA,-,MONTEIRO DOS SANTOS,"31,57,63,65",-,-,-,-,PLANIK 39 EMPREENDIMENTO IMOBILIÁRIO SPE LTDA,VILA MARIANA,VILA MARIANA,ESTRUTURAÇÃO E QUALIFICAÇÃO URBANA,URBANIZAÇÃO CONSOLIDADA,NA,ZEU,ZEU,-,-,-,R,R2v-3,-,-,-,-,-,-,-,"0,7",-,"1,925",-,-,-,10665.41,12571.44,-,-,-%,13472.1,26043.54,-,-,9904645.5399999991,NÃO,1,"4,7999",2826.78,3308.06,-,-,79.78,-,-,-,SIM,OPCIONAL,ARRECADADO AD,APROVA DIGITAL,49315-24-SP-ALV,APROVAÇÃO DE EDIFICAÇÃO NOVA,45873,,,,,,,45923,2025
2489/18081/2025,2489,1020.2024/0030186-6,,328653.3548,7387473.173,085,106,0003-1/0018-1/0019-8/0021-1/0022-8/0023-6/0024-4/CD05,-,091561,AVENIDA,SANTO,AMARO,3454,-,-,-,-,CBR 198 EMPREENDIMENTOS IMOBILÁRIOS LTDA,ITAIM BIBI,PINHEIROS,ESTRUTURAÇÃO E QUALIFICAÇÃO URBANA,URBANIZAÇÃO CONSOLIDADA,NA,ZEU,ZEU,-,-,-,R,R2v-3,HMP,-,nR1-3,nR1-9,-,-,-,"0,7",-,"0,4/0,8/1,0",-,-,-,13276.35,13135.76,1188.3699999999999,405.37,3.0860033983568517E-2,16321.02,29456.78,-,-,6112576.1200000001,NÃO,1,"5,3605",3044.67,4071.91,-,-,333.1,-,-,-,SIM,OPCIONAL,ARRECADADO AD,APROVA DIGITAL,48846-24-SP-ALV,APROVAÇÃO DE EDIFICAÇÃO NOVA,45793,,,,,,,45923,2025
2490/18081/2025,2490,1020.2024/0028377-9,,330089.1669,7388889.84325,041,120,0013-8/0014-6/0015-4,-,116483,AVENIDA,-,LAVANDISCA,465,-,-,-,-,CASTENASO PATRIMONIAL LTDA,MOEMA,VILA MARIANA,ESTRUTURAÇÃO E QUALIFICAÇÃO URBANA,URBANIZAÇÃO CONSOLIDADA,NA,ZEU,ZEU,-,-,-,R,R2v-2,HMP,HIS - 2,nR1-3,-,-,-,-,"0,7",-,"0,0/0,4/0,8/1,0",-,-,-,6987.69,7710.13,-,593.69000000000005,7.700129569799731E-2,8337.69,16047.82,-,-,3829733.7,NÃO,1,"6,1761",1350,6193.07,-,-,141.6,-,-,833.77,SIM,OPCIONAL,ARRECADADO AD,APROVA DIGITAL,49085-24-SP-ALV,APOSTILAMENTO DE  ALV. DE APROVAÇÃO DE EDIFICAÇÃO NOVA,45838,61192-25-SP-ALV,EXECUÇÃO DE EDIFICAÇÃO NOVA,45986,,,,45923,2025
2491/17975/2024,2491,1020.2023/0023136-0,,336443.06185,7402590.07695,067,189,0024-9/0025-7/0026-5/0027-3/0028-1/0029-1/0030-3/0045-1,-,199478,RUA,-,WILLIAM HARDING,326,-,-,-,-,GK01 EMPREENDIMENTOS SPE LTDA,TUCURUVI,SANTANA/TUCURUVI,ESTRUTURAÇÃO E QUALIFICAÇÃO URBANA,QUALIFICAÇÃO DA URBANIZAÇÃO,NA,-,ZEU,ZEU,-,-,R,R2v-1,E-HMP,HIS - 2,nR1-3,nR1-12,-,-,-,"0,6",-,"0,0/0,4/0,8",-,-,-,8713.65,8352.06,1601.51,164.44,1.9688555877232682E-2,10456.98,18809.04,-,-,491954.22,NÃO,1,"5,9983",1743.33,1181.9000000000001,-,-,-,-,-,1045.7,SIM,OPCIONAL,ARRECADADO AD,APROVA DIGITAL,34948-23-SP-ALV,APROVAÇÃO DE EDIFICAÇÃO NOVA,45621,,,,,,,45926,2025
2492/18081/2025,2492,1020.2023/0012048-7,,332852.795,7386156.7361,047,158,0003-9/0004-7/0005-5/0007-1/0008-1/0018-7/0021-7/0027-6/0030-6/0031-4/0033-0/0034-9/0039-1/0040-3/0053-5/0054-3/0055-1/0056-1/0057-8/0122-1/0123-1,-,068837,RUA,-,MAURÍCIO DE LACERDA,110,-,-,-,-,ANA CLARA INCORPORADORA LTDA,SAÚDE,VILA MARIANA,ESTRUTURAÇÃO E QUALIFICAÇÃO URBANA,URBANIZAÇÃO CONSOLIDADA,NA,ZEU,ZEU,-,-,-,R,R2v-4,HMP,HIS - 2,-,-,-,-,-,"0,7",-,"0,4/0,8/1,0",-,-,-,20941.96,16159.67,-,-,-%,25948.11,42107.78,-,-,7514169.8700000001,NÃO,1,"5,1832",5006.1499999999996,3141.19,-,-,378.77,-,-,2549.81,SIM,OBRIGATÓRIO,ARRECADADO AD,APROVA DIGITAL,29896-23-SP-ALV,APOSTILAMENTO DE  ALV. DE APROVAÇÃO DE EDIFICAÇÃO NOVA,45777,,,,,,,45926,2025
2493/18081/2025,2493,1020.2024/0030212-9,,329562.86637492,7390168.1069851,036,123,0034-2/0035-0/0036-9/0037-7/0038-5/0039-3,0092,103560,RUA,-,JACQUES FELIX,197,-,-,-,-,LUX 600 VILA NOVA CONCEIÇÃO EMPREENDIMENTO IMOBILIÁRIO SPE LTDA,MOEMA,VILA MARIANA,ESTRUTURAÇÃO E QUALIFICAÇÃO URBANA,URBANIZAÇÃO CONSOLIDADA,NA,ZEU,ZEU,-,-,-,R,R2v-2,-,-,-,-,-,-,-,"0,7",-,"1,0/1,975",-,-,-,527.55999999999995,6908.46,-,-,-%,6628.59,13537.05,-,-,14415357.66,NÃO,1,"4,7997",1381.03,9923.01,-,-,143.56,29.59,-,-,SIM,OPCIONAL,DEVIDA (À PAGAR NA EXECUÇÃO),APROVA DIGITAL,49535-24-SP-ALV,APROVAÇÃO DE EDIFICAÇÃO NOVA,45849,,,,,,,45936,2025
2494/17975/2025,2494,1020.2023/0015356-3,,340188.1674,7398065.66335,063,116,0028-5,-,055263,RUA,SOLDADO,CRISTÓVÃO MORAIS GARCIA,73,-,-,-,-,EMISON SILVA DE SANTANA,VILA MARIA,VILA MARIA/VILA GUILHERME,ESTRUTURAÇÃO E QUALIFICAÇÃO URBANA,ESTRUTURAÇÃO METROPOLITANA,ARCO LESTE,-,ZDE,ZDE,ZDE,-,R/nR,R2v-1,-,-,nR1-7,-,-,-,-,"0,3","0,0","1,0","1,0",42.57,21.65,64.22,77.849999999999994,-,-,-%,218.25,296.10000000000002,3145.5,0,3145.5,NÃO,1,"1,4169",154.03,349.02,-,-,-,-,-,-,NÃO,-,ARRECADADO AD,APROVA DIGITAL,30638-23-SP-ALV,APROVAÇÃO E EXECUÇÃO DE EDIFICAÇÃO NOVA,45874,,,,,,,45938,2025
2495/18081/2025,2495,1020.2024/0010683-4,,331312.9861,7396480.9207,008,002,0027-6,-,028690,RUA,-,BARRA FUNDA ,16,-,-,-,-,LAMARA ASSOCIAÇÃO BRASILEIRA DE ASSISTÊNCIA A PESSOA COM DEFICIÊNCIA VISUAL,SANTA CECÍLIA,SÉ,ESTRUTURAÇÃO E QUALIFICAÇÃO URBANA,ESTRUTURAÇÃO METROPOLITANA,ARCO TIETÊ,ZM,ZM,-,-,-,R,R2v-1,HMP,HIS-1 / HIS-2,nR1-3,-,-,-,-,"0,3",-,"0,0/0,4/0,8",-,-,-,6825.89,3790.33,-,54.64,1.4415631356636495E-2,8253.89,12044.22,-,-,661554.46,NÃO,1,"5,78",1428,3967.32,-,-,-,-,-,189.71,SIM,OPCIONAL,ARRECADADO AD,APROVA DIGITAL,41444-24-SP-ALV,APOSTILAMENTO DE  ALV. DE APROVAÇÃO DE EDIFICAÇÃO NOVA,45861,,,,,,,45938,2025
2496/16050/2024,2496,1020.2023/0000845-8,,325790.36610384,7392194.7506778,200,047,0001-3/0002-1/0003-1/0011-0/0012-9/0015-3/0016-1/0020-1/0022-6/0023-4/0024-2/0025-0/0026-9/0027-7/0029-3/0030-7,-,198170,AVENIDA,-,VITAL BRASIL,274,-,-,-,-,PRISCILA GRANDE GOURSAND DE ARAUJO/64 CONSULTORIA EMPRESARIAL E COBRANÇA LTDA/MARCOS ANTONIO RISOLEU/WILSON SALVADOR NAUFAL/FORTUNA ELAINE RISOLEO/ JOSÉ CARLOS RISOLEU/ANTONIO MAURO RISOLEU/IVANA MARIA DOS SANTOS/ REZENDE EPSON VITAL BRASIL SPE LTDA,BUTANTÃ,BUTANTÂ,ESTRUTURAÇÃO E QUALIFICAÇÃO URBANA,URBANIZAÇÃO CONSOLIDADA,NA,-,-,ZEU,ZEU,-,R,R2v-3,-,-,nR1-3,nR1-12,-,-,-,"0,7",-,"0,8/0,9/1,0",-,-,-,8233.16,14215.99,2324.7800000000002,1162.3,8.1760046257770294E-2,12213.03,26429.02,-,-,3830611.65,NÃO,1,"3,9999",3053.26,2922.7,-,-,308.87,-,-,-,NÃO,-,ARRECADADO AD,APROVA DIGITAL,24212-22-SP-ALV,APROVAÇÃO DE EDIFICAÇÃO NOVA,45597,,,,,,,45938,2025
2497/17975/2024,2497,1020.2023/0019815-0,,331322.69383458,7393844.1616515,010,049,0029-5,-,145777,RUA,PROFESSOR,DAHER CUTAIT,40,-,-,-,-,BASILICA PARTNERS CONSULTORIOS MEDICOS MEDWELL FUNDO DE INVESTIMENTO IMOBILIARIO FII,BELA VISTA,SÉ,ESTRUTURAÇÃO E QUALIFICAÇÃO URBANA,URBANIZAÇÃO CONSOLIDADA,NA,-,ZEU,ZEU,-,-,nR,-,-,-,nR1-3,nR1-5,-,-,-,-,"1,3",-,"0,7",-,-,5446.7,6074.16,-,332.02,5.4661056014329551E-2,6385.84,12460,-,-,4539607.7,NÃO,1,"6,7997",939.14,6227.75,-,-,-,-,-,-,SIM,OPCIONAL,ARRECADADO AD,APROVA DIGITAL,33275-23-SP-ALV,APROVAÇÃO DE EDIFICAÇÃO NOVA,45574,,,,,,,45936,2025
2498/18081/2024,2498,1020.2024/0018235-2,,331485.16231785,7395163.7858021,007,064,0022-4/0023-2/0276-6,-,181021,RUA,MAJOR,SERTÓRIO,678,-,-,-,-,TAEL 06 INVESTIMENTOS IMOBILIÁRIOS SPE LTDA,CONSOLAÇÃO,SÉ,ESTRUTURAÇÃO E QUALIFICAÇÃO URBANA,URBANIZAÇÃO CONSOLIDADA,NA,ZM,ZM,-,-,-,R,R2v-2,HMP,-,nR1-3,-,-,-,-,"0,7",-,"0,4/0,8",-,-,-,2532.06,4117.55,-,119.17,2.8941967917815205E-2,3870.36,7987.91,-,-,2624132.2599999998,NÃO,1,"2,8920",1338.3,5857.78,-,-,83.02,-,-,-,SIM,OPCIONAL,ARRECADADO AD,APROVA DIGITAL,44307-24-SP-ALV,APROVAÇÃO DE EDIFICAÇÃO NOVA,45617,,,,,,,45938,2025
2499/17975/2024,2499,1020.2023/0029213-0,,338323.1170937,7395393.5512802,029,048,0059-1/0060-3/0061-1/0062-1/0063-8/0067-0/0068-9/0125-1/0126-1,-,001856,RUA,PADRE,ADELINO,"1037,1039,1045,1059,1069,1073,1075,1079,1081,1083,1089",-,-,-,-,P610 EMPREENDIMENTO IMOBILIÁRIO SPE LTDA,BELÉM,MOOCA,ESTRUTURAÇÃO E QUALIFICAÇÃO URBANA,ESTRUTURAÇÃO METROPOLITANA,ARCO LESTE,-,ZEU,ZEU,-,-,R/nR,R2v-1,-,-,nR1-6,nR2-2,-,-,-,"0,3","0,0","0,8/1,0","1,0",1833.2,5914.97,7748.17,12419.51,2065.59,861.5,6.9366665834642433E-2,10327.959999999999,22747.47,202634.63,0,202634.63,NÃO,1,"4,8000",2151.66,1811.65,-,-,142.71,-,-,-,SIM,OPCIONAL,ARRECADADO AD,APROVA DIGITAL,36288-23-SP-ALV,APROVAÇÃO DE EDIFICAÇÃO NOVA,45596,,,,,,,45945,2025
2500/17975/2024,2500,1020.2023/0012516-6,,340438.21027557,7391188.2591276,102,132,0003-0/0004-9,-,197084,AVENIDA,-,VILA EMA,1320,-,-,-,-,VILA EMA V DIALOGO EMPREENDIMENTO IMOBILIÁRIO SPE LTDA,VILA PRUDENTE,VILA PRUDENTE,ESTRUTURAÇÃO E QUALIFICAÇÃO URBANA,QUALIFICAÇÃO DA URBANIZAÇÃO,NA,-,ZEU,ZEU,-,-,R,R2v-4,HMP,HIS - 2,nR1-3,nR2-12,nR3-2,-,-,"0,6",-,"0,4/0,8/1,0",-,-,-,29832.6,36436.559999999998,2768.57,3372.05,9.2545783685397315E-2,36436.559999999998,76148.800000000003,-,-,5269225.1100000003,NÃO,1,"5,2245",7601.17,1744.17,-,-,759.49,-,-,-,SIM,OBRIGATÓRIO,QUITADO,SEI,2024/07807-00,APROVAÇÃO DE EDIFICAÇÃO NOVA,45653,,,,,,,45946,2025
2501/18081/2025,2501,1010.2024/0006753-2,,340326.28412854,7396217.0806852,062,242,0004-1/0008-4,-,054046,RUA,DOUTOR,CORINTO BALDOINO COSTA,200 A 280,-,-,-,-,CORYNTHO BALDOINO DIALOGO EMPREENDIMENTOS IMOB. SPE LTDA,TATUAPÉ,MOOCA,ESTRUTURAÇÃO E QUALIFICAÇÃO URBANA,QUALIFICAÇÃO DA URBANIZAÇÃO,NA,ZEU,ZEU,-,-,-,R,R2v-4,HMP,HIS - 2,nR1-3,-,-,-,-,"0,6",-,"0,4/0,8/1,0",-,-,-,36319.599999999999,35588.699999999997,652.94000000000005,984.54,2.7664399092970523E-2,43833.440000000002,79422.14,-,-,7845974.9199999999,NÃO,1,"5,8336",7513.84,2494.85,-,-,-,-,-,-,SIM,OBRIGATÓRIO,QUITADO,SEI,2025/03459-00,APROVAÇÃO DE EDIFICAÇÃO NOVA,45866,,,,,,,45943,2025
2502/17975/2024,2502,1020.2023/0023957-3,,332414.02571524,7391318.9143211,037,019,0014-0/0015-9/0016-7,-,107735,RUA,-,JOSÉ ANTÔNIO COELHO ,183,-,-,-,-,PLANIK 30 EMPREENDIMENTO IMOBILIÁRIO SPE LTDA ,VILA MARIANA,VILA MARIANA,ESTRUTURAÇÃO E QUALIFICAÇÃO URBANA,URBANIZAÇÃO CONSOLIDADA,NA,-,ZEU,ZEU,-,-,R,R2v-2,HMP,-,nR1-3,nR1-12,-,-,-,"0,7",-,"0,4/0,8/1,0",-,-,-,4733.68,4001.26,1165.55,406.88,0.10168796828998865,5848.6,9849.86,-,-,0,SIM,1,"5,7908",1009.98,4594.91,-,-,34.979999999999997,-,-,-,SIM,OPCIONAL,ARRECADADO AD,APROVA DIGITAL,35002-23-SP-ALV,APROVAÇÃO DE EDIFICAÇÃO NOVA,45513,48256-24-SP-ALV,EXECUÇÃO DE EDIFICAÇÃO NOVA,45708,,,,45954,2025
2503/17975/2024,2503,1020.2023/0023050-9,,334436.47884749,7389504.9246057,042,186,0039-2,-,170836,AVENIDA,DOUTOR,RICARDO JFET,2472,-,-,-,-,CEIRY JAFET 2 EMPREENDIMENTOS IMOBILIÁRIOS SPE LTDA,VILA MARIANA,VILA MARIANA,ESTRUTURAÇÃO E QUALIFICAÇÃO URBANA,URBANIZAÇÃO CONSOLIDADA,NA,-,ZEU,ZEU,-,-,R,R2v-2,HMP,HIS - 2,nR1-3,nR1-12,nR1-15,-,-,"0,7",-,"0,0/0,4/0,8",-,-,-,6539.66,6605.37,622.71,316.52999999999997,4.7920101372065455E-2,8300.23,14905.6,-,-,1589779.45,NÃO,1,"5,7193",1451.27,2707.91,-,-,103.1,-,-,830.02,SIM,OPCIONAL,ARRECADADO AD,APROVA DIGITAL,34281-23-SP-ALV,APROVAÇÃO DE EDIFICAÇÃO NOVA,45567,,,,,,,45954,2025
2504/16050/2025,2504,1010.2024/0003814-1,1010.2024/0003814-1,327821.17176341,7386262.644593,085,022,0004-6/0025-9/0026-7/0027-5/0028-3/0053-4/0054-2,-,102440,RUA,-,DAS SEMPRE-VIVAS,44,-,-,-,-,RESIDENCIAL SEMPRE VIVAS INCORPORADORA SPE LTDA,ITAIM BIBI,PINHEIROS,ESTRUTURAÇÃO E QUALIFICAÇÃO URBANA,URBANIZAÇÃO CONSOLIDADA,NA,-,-,ZEU,EETU,-,R,R2v-2,-,-,nR1-1,nR1-3,nR1-12,-,-,"0,7",-,"0,8/1,0",-,-,-,22.26,7611.42,1256.52,340.35,4.4715703508675125E-2,6334.93,13946.35,-,-,13372.37,NÃO,1,"3,9827",1590.63,3417.35,-,-,360.46,-,-,-,NÃO,-,QUITADO,SEI,2023/03807-01,PROJ. MODIFICATIVO - APROVAÇÃO E EXECUÇÃO DE EDIFICAÇÃO NOVA,45777,,,,,,,45831,2025
2505/16050/2023,2505,1010.2022/0002461-9,,327821.17176341,7386262.644593,085,022,0004-6/0025-9/0026-7/0027-5/0028-3/0053-4/0054-2,-,102440,RUA,-,DAS SEMPRE-VIVAS,44,-,-,-,-,RESIDENCIAL SEMPRE VIVAS INCORPORADORA SPE LTDA,ITAIM BIBI,PINHEIROS,ESTRUTURAÇÃO E QUALIFICAÇÃO URBANA,URBANIZAÇÃO CONSOLIDADA,NA,-,-,ZEU,EETU,-,R,R2v-2,-,-,nR1-1,nR1-3,nR1-12,-,-,"0,7",-,"0,8/1,0",-,-,-,3662.92,7563.47,1256.52,343.88,4.546590387745307E-2,6334.93,13898.4,-,-,1925212.4,NÃO,1,"3,9827",1590.63,3114.47,-,-,360.46,-,-,-,NÃO,-,QUITADO,SEI,2023/03807-00,APROVAÇÃO DE EDIFICAÇÃO NOVA,45096,2023/07911-00,EXECUÇÃO DE EDIFICAÇÃO NOVA,45264,,,,45954,2025
2506/17975/2025,2506,1020.2023/0025040-2,,329208.62226342,7388748.0852717,041,132,0024-6,-,020346,RUA,-,ARAGUARI,801,-,-,-,-,HESA 221-INVESTIMENTOS IMOBILIÁRIOS LTDA,MOEMA,VILA MARIANA,ESTRUTURAÇÃO E QUALIFICAÇÃO URBANA,URBANIZAÇÃO CONSOLIDADA,NA,-,ZEU,ZEU,-,-,R,R2v-2,-,-,nR1-6,nR1-12,-,-,-,"0,7",-,"0,8/1,0",-,-,-,3740.21,4154.93,826.81,497.98,0.11985280137090155,4736.5200000000004,8891.4500000000007,-,-,3652448.86,NÃO,1,"4,7540",996.31,6928.71,-,-,-,-,-,-,SIM,OPCIONAL,ARRECADADO AD,APROVA DIGITAL,35292-23-SP-ALV,APOSTILAMENTO DE  ALV. DE APROVAÇÃO DE EDIFICAÇÃO NOVA,45705,,,,,,,45960,2025
2507/17975/2024,2507,1020.2023/0028175-8,,332414.31677201,7389354.0487984,042,070,0027-5/0028-3/0029-1/0030-5,-,035351,RUA,-,BOTUCATU,693,-,-,-,-,CONSTHRUIR ENGENHARIA LTDA,VILA MARIANA,VILA MARIANA,ESTRUTURAÇÃO E QUALIFICAÇÃO URBANA,URBANIZAÇÃO CONSOLIDADA,NA,-,ZEU,ZEU,-,-,R,R2v-2,HMP,HIS - 2,-,-,-,-,-,"0,7",-,"0,0/0,4/0,8/1,0",-,-,-,5213.17,2669.11,-,152.04,5.6962807827328203E-2,6123.64,8792.75,-,-,1529005.69,NÃO,1,"6,7258",910.47,4688.24,-,-,-,-,-,1622.84,NÃO,-,ARRECADADO AD,APROVA DIGITAL,36328-23-SP-ALV,APOSTILAMENTO DE  ALV. DE APROVAÇÃO DE EDIFICAÇÃO NOVA,45618,,,,,,,45960,2025
2508/17975/2024,2508,1020.2023/0025665-6,,327936.65245695,7392852.0411379,015,023,0015-1/0016-8/0019-2/0020-6/0491-0/0544-5,-,142824,RUA,-,MOURATO COELHO,148,-,-,-,-,OCEANO NEGRO DESENVOLVIMENTO IMOBILIÁRIO LTDA,PINHEIROS,PINHEIROS,ESTRUTURAÇÃO E QUALIFICAÇÃO URBANA,URBANIZAÇÃO CONSOLIDADA,NA,-,ZEU,ZEU,-,-,R,R2v-2,HMP,-,nR1-3,nR1-12,-,-,-,"0,7",-,"0,4/0,8/1,0",-,-,-,4650.12,4488.91,764.85,383.5,8.543276652906831E-2,5630.62,10119.530000000001,-,-,3399842.1,NÃO,1,"5,7426",980.5,6793.4,-,-,-,-,-,-,SIM,OPCIONAL,ARRECADADO AD,APROVA DIGITAL,35463-23-SP-ALV,APROVAÇÃO DE EDIFICAÇÃO NOVA,45617,,,,,,,45961,2025
2509/16050/2024,2509,1020.2023/0004295-8,,333502.6697314,7401438.0216936,072,185,0029-3/0030-7/0052-8/0053-6/0066-8/0067-6/0070-6/0071-4/0072-2/0394-2/0395-0,-,123382,RUA,DONA,LUIZA TOLLE,242,-,-,-,-,DONA TOLLE EMPREENDIMENTO IMOBILIÁRIO SPE LTDA,SANTANA,SANTANA/TUCURUVI,ESTRUTURAÇÃO E QUALIFICAÇÃO URBANA,QUALIFICAÇÃO DA URBANIZAÇÃO,NA,-,-,ZM,ZM,-,R,R2v-2,-,-,-,-,-,-,-,"0,6",-,"1,0",-,-,-,2462.65,7050.08,-,-,-%,4925.3,11975.38,-,-,1367509.55,NÃO,1,2,2,2462.65,-,-,-,-,-,-,NÃO,-,ARRECADADO AD,APROVA DIGITAL,25107-23-SP-ALV,APROVAÇÃO DE EDIFICAÇÃO NOVA,45632,,,,,,,45961,2025
2510/17975/2024,2510,1020.2023/0013810-6,,327248.19095062,7393176.2641222,083,009,0002-0/0003-9/0004-7/0005-5/0043-8,-,160172,AVENIDA,-,PEDROSO DE MORAIS,897,-,-,-,-,STAN 38 PARTICIPAÇÕES LTDA,PINHEIROS,PINHEIROS,ESTRUTURAÇÃO E QUALIFICAÇÃO URBANA,URBANIZAÇÃO CONSOLIDADA,NA,-,ZEU,ZEU,-,-,R,R2v-2,HMP,-,nR1-3,nR1-12,-,-,-,"0,7",-,"0,4/0,8/1,0",-,-,-,5947.57,9395.02,1473.48,610.19000000000005,6.4948238534883379E-2,7367.39,16762.41,-,-,4323722.62,NÃO,1,"5,8",5.8,6960.96,-,-,49.86,-,-,-,SIM,OPCIONAL,ARRECADADO AD,APROVA DIGITAL,30572-23-SP-ALV,APROVAÇÃO DE EDIFICAÇÃO NOVA,45547,,,,,,,45964,2025
2511/18081/2024,2511,1020.2024/0001160-4,,328789.99536518,7393450.4527715,013,041,0068-5/0070-7/0071-5/0151-7/0152-5/0725-6/0726-4,0068-5/0070-7/0071-5/0151-7/0152-5/CD22,103870,RUA,-,JOÃO MOURA,548,-,-,-,-,ARTCO PINHEIROS EMPREENDIMENTOS IMOBILIÁRIOS SPE LTDA,JARDIM PAULISTA,PINHEIROS,ESTRUTURAÇÃO E QUALIFICAÇÃO URBANA,URBANIZAÇÃO CONSOLIDADA,NA,ZEU,ZEU,-,-,-,R,R2v-2,HMP,-,nR1-3,nR1-12,-,-,-,"0,7",-,"0,4/0,8",-,-,-,4171.8599999999997,4463.79,999.66,420,9.4090447803324082E-2,5049.0600000000004,10932.51,-,-,2403844.9,NÃO,1,"5,7579",877.2,6422.3,-,-,-,-,-,-,SIM,OPCIONAL,ARRECADADO AD,APROVA DIGITAL,36277-23-SP-ALV,APOSTILAMENTO DE  ALV. DE APROVAÇÃO DE EDIFICAÇÃO NOVA,45646,,,,,,,45965,2025
2512/18081/2025,2512,1020.2025/0015797-0,,332386.47491079,7391909.6168685,036,050,0021-5/0032-0/0033-9/0034-7,0021-5/CD01,002712,RUA,-,AFONSO DE FREITAS,29,-,-,-,-,GRP GP 35 EMPREENDIMENTOS LTDA,VILA MARIANA,VILA MARIANA,ESTRUTURAÇÃO E QUALIFICAÇÃO URBANA,URBANIZAÇÃO CONSOLIDADA,NA,ZEU,ZEU,-,-,-,R,R2v-2,HMP,-,nR1-2,-,-,-,-,"0,7",-,"0,4/0,8/1,0",-,-,-,1764.79,932.17,-,135.88999999999999,0.14577813059849598,2151.4499999999998,3083.62,-,-,1202131.33,NÃO,1,"5,5642",386.66,7215.45,-,-,32.26,-,-,-,SIM,OPCIONAL,DEVIDA (À PAGAR NA EXECUÇÃO),APROVA DIGITAL,57106-25-SP-ALV,APROVAÇÃO DE EDIFICAÇÃO NOVA,45938,,,,,,,45965,2025
2513/18081/2025,2513,1020.2025/0011249-6,,328911.90536518,7396781.8334382,021,029,0034-7/0035-5/0036-3,-,192597,RUA,-,TURIASSU,1398,-,-,-,-,MF7 TURIASSU INCORPORADORA SPE LTDA,BARRA FUNDA,LAPA,ESTRUTURAÇÃO E QUALIFICAÇÃO URBANA,URBANIZAÇÃO CONSOLIDADA,NA,ZEU,ZEU,-,-,-,R,R2v-2,HMP,HIS - 2,nR1-3,-,-,-,-,"0,7",-,"0,0/0,4/0,8/1,0",-,-,-,5045.29,2984.35,-,191.19,6.4064201584934741E-2,6129.54,9113.89,-,-,685557.26,SIM,1,"5,6533",1084.25,5310.52,-,-,52.63,-,-,612.96,SIM,OPCIONAL,DEVIDA (À PAGAR NA EXECUÇÃO),APROVA DIGITAL,54827-25-SP-ALV,APROVAÇÃO DE EDIFICAÇÃO NOVA,45936,,,,,,,45965,2025
2514/16050/2025,2514,1020.2022/0019114-5,,341876.10197377,7389780.3036819,118,248,0100-8,-,505196,PRAÇA,-,"ANTONIO DANELEVIZ - ""RATO""","26 - LT.""39"" QD.""08""",-,-,-,-,FRANCISCO MACENA DA SILVA / IVALDO NICASIO DE SOUZA,SÃO LUCAS,VILA PRUDENTE,ESTRUTURAÇÃO E QUALIFICAÇÃO URBANA,QUALIFICAÇÃO DA URBANIZAÇÃO,NA,-,-,ZM,ZM,-,R,R2h-3,-,-,-,-,-,-,-,"0,6",-,"1,0",-,-,-,159.80000000000001,13.4,-,-,-%,559.79999999999995,573.20000000000005,-,-,86870.23,NÃO,1,"1,3999",400,1267.99,-,-,-,-,-,-,NÃO,-,ARRECADADO AD,APROVA DIGITAL,21010-22-SP-ALV,APROVAÇÃO E EXECUÇÃO DE EDIFICAÇÃO NOVA,45933,,,,,,,45968,2025
2515/18081/2025,2515,1020.2024/0021406-8,,346543.68184158,7396527.4147066,113,026,0005-1/0006-1,-,045560,RUA,-,CASTANHAL,80,-,-,-,-,FELIPE PEREIRA DE OLIVEIRA CONSTRUTORA LTDA,VILA MATILDE,PENHA,ESTRUTURAÇÃO E QUALIFICAÇÃO URBANA,QUALIFICAÇÃO DA URBANIZAÇÃO,NA,ZEU,ZEU,-,-,-,R,R2v-2,HMP,HIS - 2,-,-,-,-,-,"0,6",-,"0,0/0,6/0,8",-,-,-,3308.09,856.38,-,-,-%,3948.09,4804.47,-,-,176847.81,NÃO,1,"6,1689",640,948.35,-,-,48,-,-,946.95,NÃO,-,ARRECADADO AD,APROVA DIGITAL,45310-24-SP-ALV,APROVAÇÃO E EXECUÇÃO DE EDIFICAÇÃO NOVA,45939,,,,,,,45968,2025
2516/17975/2024,2516,1020.2023/0022539-4,,329423.67172249,7391493.1947872,016,164,0018-8/0019-6/0020-1/0021-8/0378-0,016.164.0449-3,076716,AVENIDA,SÃO,GABRIEL,605,-,-,-,-,SÃO GABRIEL 605 EMPREENDIMENTOS E REALIZAÇÕES IMOBILIÁRIAS SPE LTDA,ITAIM BIBI,PINHEIROS,ESTRUTURAÇÃO E QUALIFICAÇÃO URBANA,URBANIZAÇÃO CONSOLIDADA,NA,-,ZEU,ZEU,-,-,R,R2v-3,-,-,nR1-2,nR1-6,-,-,-,"0,7/1,3",-,"1,0/3,0",-,-,-,525.36,14475.9,2352.7399999999998,1018.94,7.0388715036716204E-2,11773.93,26249.83,-,-,1674080.22,NÃO,1,"4,7999",2452.9499999999998,7528.86,-,-,413.96,58.869573524999993,-,-,SIM,OPCIONAL,ARRECADADO AD,APROVA DIGITAL,34463-23-SP-ALV,APOSTILAMENTO DE  ALV. DE APROVAÇÃO DE EDIFICAÇÃO NOVA,45632,,,,,,,45968,2025
2517/18081/2025,2517,1020.2024/0024042-5,,332711.2209,7389341.909,042,073,0008-2/0009-0/0010-4/0017-1/0018-1/0019-8/0020-1,-,11938-5,RUA,-,LEONARDO NUNES,52,-,-,-,-,VM1 EMPREENDIMENTOS IMOBILIÁRIOS SPE LTDA,VILA MARIANA,VILA MARIANA,ESTRUTURAÇÃO E QUALIFICAÇÃO URBANA,URBANIZAÇÃO CONSOLIDADA,NA,ZEU,ZEU,-,-,-,R,R2v-3,HMP,HIS - 2,-,-,-,-,-,"0,7",-,"0,0/0,4/0,8/1,175",-,-,-,12297.19,11560.77,-,-,-%,13405.49,24966.26,-,-,5265366.93,NÃO,1,"6,3964",2095.7800000000002,4890.99,-,-,119.52,20.190000000000001,-,1340.54,SIM,OPCIONAL,ARRECADADO AD,APROVA DIGITAL,47281-24-SP-ALV,APOSTILAMENTO DE  ALV. DE APROVAÇÃO DE EDIFICAÇÃO NOVA,45799,,,,,,,45971,2025
2518/18081/2025,2518,1020.2024/0024785-3,,351890.76915,7395811.48115,114,077,0111-7/0112-5,-,096245,RUA,-,VICTORIO SANTIM,663,-,-,-,-,GRAZIANI & ALMEIDA CONSTRUÇÕES E INCORPORAÇÕES,ITAQUERA,ITAQUERA,ESTRUTURAÇÃO E QUALIFICAÇÃO URBANA,ESTRUTURAÇÃO METROPOLITANA,ARCO JACU-PÊSSEGO,ZEU,ZEU,-,-,-,R,R2v-2,HMP,HIS - 1,nR1-1,nR1-3,-,-,-,"0,3",-,"0,4/0,8",-,-,-,15463.76,12456.85,-,995.65,7.9927911149287337E-2,19330.64,31787.49,-,-,397548.41,NÃO,1,"4,99",3866.88,893.11,-,-,283.73,-,-,-,NÃO,-,ARRECADADO AD,APROVA DIGITAL,47857-24-SP-ALV,APROVAÇÃO DE EDIFICAÇÃO NOVA,45811,,,,,,,45971,2025
2519/18081/2025,2519,1020.2025/0015408-3,,341837.12545,7393681.50215,055,291,0034-1/0035-1,-,027499,RUA,VISCONDE,DE BALSEMÃO,50,-,-,-,-,JD GAMA EMPREENDIMENTOS IMOBILIÁRIOS LTDA,VILA FORMOSA,ARICANDUVA/FORMOSA/CARRÃO,ESTRUTURAÇÃO E QUALIFICAÇÃO URBANA,QUALIFICAÇÃO DA URBANIZAÇÃO,NA,ZEU,ZEU,-,-,-,R,R2v-1,-,-,-,-,-,-,-,"0,6",-,"0,8",-,-,-,239.56,197.08,-,-,-%,453.24,650.32000000000005,-,-,109703.22,NÃO,1,"2,1211",213.68,2023.62,-,-,-,-,-,-,NÃO,-,ARRECADADO AD,APROVA DIGITAL,55803-25-SP-ALV,APROVAÇÃO E EXECUÇÃO DE EDIFICAÇÃO NOVA,45943,,,,,,,45975,2025
2520/18081/2025,2520,1010.2024/0005409-0,,324434.9535988,7398083.6796887,098,034,0015-0,0017-7/0018-5,072931,RUA,-,FORTUNATO FERRAZ ,S/N,-,-,-,-,TGSP - 36 EMPREENDIMENTOS IMOBILIÁRIOS S.A.,LAPA,LAPA,ESTRUTURAÇÃO E QUALIFICAÇÃO URBANA,ESTRUTURAÇÃO METROPOLITANA,ARCO TIETÊ,ZEU,ZEU,-,-,-,R,R2v-4,-,-,nR1-3,-,-,-,-,"2,0",-,"0,8/1,0",-,-,-,17047.3,21282.89,-,-,-%,30035.91,51318.8,-,-,9826151.6400000006,NÃO,1,"4,3529",6900.24,1466.59,-,1380.62,188.63,-,-,-,SIM,OBRIGATÓRIO,DEVIDA (À PAGAR NA EXECUÇÃO),SEI,2025/04841-00,APROVAÇÃO DE EDIFICAÇÃO NOVA,45936,,,,,,,45961,2025
2521/18081/2025,2521,1020.2024/0013536-2,,330850.82738104,7388697.7139513,041,150,0017-1/0018-1/0019-8/0030-9/0031-7/0032-5,-,048828,AVENIDA,-,CHIBARÁS,327,-,-,-,-,MABRUK DESENVOLVIMENTO - IMOBILIÁRIO LTDA,MOEMA,VILA MARIANA,ESTRUTURAÇÃO E QUALIFICAÇÃO URBANA,URBANIZAÇÃO CONSOLIDADA,NA,ZEU,ZEU,-,-,-,R,R2v-2,-,-,nR1-3,-,-,-,-,"0,7",-,"3,0",-,-,-,6080.67,8585.7900000000009,-,320.70999999999998,3.7353580742133213E-2,7681.29,16587.79,-,-,15797312.49,NÃO,1,"4,7989",1600.62,5936.88,-,-,153.72999999999999,40.01,-,-,SIM,OPCIONAL,DEVIDA (À PAGAR NA EXECUÇÃO),APROVA DIGITAL,42631-24-SP-ALV,APROVAÇÃO DE EDIFICAÇÃO NOVA,45940,,,,,,,45968,2025
2522/18081/2025,2522,1020.2024/0009328-7,,331965.6810133,7390715.9318723,037,022,0027-4/0028-2/0031-2/0282-1/0283-8,-,173010,AVENIDA,CONSELHEIRO,RODRIGUES ALVES,930,-,-,-,-,BSINCO 14 EMPREENDIMENTOS IMOBILIÁRIOS LTDA,VILA MARIANA,VILA MARIANA,ESTRUTURAÇÃO E QUALIFICAÇÃO URBANA,URBANIZAÇÃO CONSOLIDADA,NA,ZEU,ZEU,-,-,-,R,R2v-2,HMP,HIS - 2,nR1-3,-,-,-,-,"0,7/1,3",-,"0,0/0,4/0,8/1,0",-,-,-,4293.28,6164.77,-,292.16000000000003,4.739187350055233E-2,5833.78,11998.55,-,-,2395077.21,NÃO,1,"3,7869",1540.5,4631.28,-,-,56.22,-,-,1961.92,SIM,OPCIONAL,ARRECADADO AD,APROVA DIGITAL,40410-24-SP-ALV,APROVAÇÃO DE EDIFICAÇÃO NOVA,45764,,,,,,,45973,2025
2523/18081/2025,2523,1020.2024/0026904-0,,344036.0010133,7398228.8618723,059,224,0091-6,-,104337,RUA,-,JOÃO QUADROS,29,-,-,-,-,JOSEFINA ROMA PETRINI,PENHA,PENHA,ESTRUTURAÇÃO E QUALIFICAÇÃO URBANA,ESTRUTURAÇÃO METROPOLITANA,ARCO LESTE,ZM,ZM,-,-,-,R,R2h-3,-,-,-,-,-,-,-,"0,3",-,"1,0",-,-,-,21.93,57.19,-,-,-%,219.93,277.12,-,-,8143.7,NÃO,1,"1,1107",198,1374.93,-,-,-,-,-,-,NÃO,-,ARRECADADO AD,APROVA DIGITAL,48170-24-SP-ALV,APROVAÇÃO E EXECUÇÃO DE EDIFICAÇÃO NOVA,45929,,,,,,,45975,2025
2524/18081/2024,2524,1020.2024/0012653-3,,324792.35519229,7390712.7688998,101,445,0033-6,-,185043,AVENIDA,PROFESSOR,FRANCISCO MORATO,1909,-,-,-,-,GRANADA AGROPECUÁRIA E EMPREENDIMENTOS IMOBILIÁRIOS LTDA,MORUMBI,BUTANTÂ,ESTRUTURAÇÃO E QUALIFICAÇÃO URBANA,URBANIZAÇÃO CONSOLIDADA,NA,ZEU,ZEU,-,-,-,R,R2v-3,-,-,nR1-3,nR1-6,nR2-3,-,-,"0,7",-,"0,8/1,0/1,4",-,-,-,13981.2,26106.97,3525.6,1690.68,6.4759717424120844E-2,17660.490000000002,43767.46,-,-,8307569.2000000002,NÃO,1,"4,7999",3679.29,3014.91,-,-,294.2,24,-,-,SIM,OPCIONAL,ARRECADADO AD,APROVA DIGITAL,42052-24-SP-ALV,APROVAÇÃO DE EDIFICAÇÃO NOVA,45644,,,,,,,45975,2025
2525/18081/2025,2525,1020.2024/0021669-9,,334322.62175548,7389475.2238054,042,188,0010-3/0011-1/0026-1/0027-8/0035-9/0036-7/0041-3/0042-1/0043-1/0049-9/0050-2/0051-0/0056-1/0057-1/0058-8,-,064238,RUA,-,CHARLES ASTOR,17,-,-,-,-,CBR 107 EMPREENDIMENTOS IMOBILIÁRIOS LTDA,VILA MARIANA,VILA MARIANA,ESTRUTURAÇÃO E QUALIFICAÇÃO URBANA,URBANIZAÇÃO CONSOLIDADA,NA,ZEU,ZEU,-,-,-,R,R2v-3,-,-,-,-,-,-,-,"0,7",-,"0,8/1,0/2,0",-,-,-,13333.01,15880.34,-,-,-%,16843.009999999998,32723.35,-,-,12569200.18,NÃO,1,"4,7986",3510,3249.3,-,-,625.23,29.86,-,1684.3,SIM,OPCIONAL,ARRECADADO AD,APROVA DIGITAL,45633-24-SP-ALV,APROVAÇÃO DE EDIFICAÇÃO NOVA,45790,,,,,,,45978,2025
2526/18081/2025,2526,1020.2024/0029387-1,,328940.82175548,7391096.2538054,016,079,0015-7,-,160113,RUA,-,PEDROSO ALVARENGA,611,-,-,-,-,NR10A EMPREENDIMENTO IMOBILIÁRIO SPE LTDA,ITAIM BIBI,PINHEIROS,ESTRUTURAÇÃO E QUALIFICAÇÃO URBANA,URBANIZAÇÃO CONSOLIDADA,NA,ZEU,ZEU,-,-,-,R,R2v-1,-,-,nR1-3,-,-,-,-,"0,7",-,"0,8/1,0",-,-,-,1899.06,1322.78,-,173.5,0.13116315638276962,2398.96,3721.74,-,-,2118806.67,NÃO,1,"4,7989",499.9,8562.18,-,-,19.38,-,-,-,SIM,OPCIONAL,ARRECADADO AD,APROVA DIGITAL,49446-24-SP-ALV,APROVAÇÃO DE EDIFICAÇÃO NOVA,45929,,,,,,,45975,2025
2527/17975/2025,2527,1020.2023/0008441-3,,330368.5141935,7394362.7837072,011,131,0042-7/0181-4/0241-1,-,148148,RUA,-,NOVO HORIZONTE,78,-,-,-,-,HESA 211 INVESTIMENTOS IMOBILIÁRIOS LTDA,CONSOLAÇÃO,SÉ,ESTRUTURAÇÃO E QUALIFICAÇÃO URBANA,URBANIZAÇÃO CONSOLIDADA,NA,-,ZEU,ZEU,-,-,R,R2v-3,-,-,nR1-6,nR1-12,nR2-2,-,-,"0,7",-,"0,8/1,0/1,3",-,-,-,11881.58,19944.98,3041.07,1179.83,5.9154233295796735E-2,15239.19,35184.17,-,-,22280993.789999999,NÃO,1,"4,7992",3175.33,11105.21,-,-,60.76,23,-,-,SIM,OPCIONAL,ARRECADADO AD,APROVA DIGITAL,28065-23-SP-ALV,APOSTILAMENTO DE  ALV. DE APROVAÇÃO DE EDIFICAÇÃO NOVA,45820,,,,,,,45978,2025
2528/17975/2025,2528,6068.2025/0010088-4,,343091.51460554,7397491.5416938,061,037,0058-2,-,031429,RUA,-,BENEDITO CESÁRIO,337,-,-,-,-,DJ EMPREENDIMENTOS IMOBILIÁRIOS LTDA,PENHA,PENHA,ESTRUTURAÇÃO E QUALIFICAÇÃO URBANA,QUALIFICAÇÃO DA URBANIZAÇÃO,NA,ZC,ZC,-,-,-,R,R1,-,-,-,-,-,-,-,"0,6",-,"1,0",-,-,-,24.09,30.97,-,-,-%,118.09,149.06,-,-,14872.67,NÃO,1,"1,2562",94,1292.67,-,-,-,-,-,-,NÃO,-,QUITADO,SLC-E,2025-67556-00,APROVAÇÃO E EXECUÇÃO PARA RESIDÊNCIA UNIFAMILIAR,45974,,,,,,,45999,2025
2529/17975/2024,2529,1020.2023/0024166-7,,332089.99394137,7392567.4625785,009,080,0016-2/0734-5,-,049395,RUA,-,CINCINATO BRAGA,200,-,-,-,-,CINCINATO08 SPE EMPREENDIMENTO IMOBILIÁRIO LTDA,BELA VISTA,SÉ,ESTRUTURAÇÃO E QUALIFICAÇÃO URBANA,URBANIZAÇÃO CONSOLIDADA,NA,-,ZEU,ZEU,-,-,R,R2v-2,-,-,nR1-3,nR1-12,-,-,-,"0,7",-,"0,8/1,0",-,-,-,5019.3500000000004,7880.71,1299.04,147.06,1.8660755185763718E-2,6495.62,14376.33,-,-,6114218.0700000003,NÃO,1,"4,7956",1354.5,9429.35,-,-,40.590000000000003,-,-,-,SIM,OPCIONAL,ARRECADADO AD,APROVA DIGITAL,34231-23-SP-ALV,APOSTILAMENTO DE  ALV. DE APROVAÇÃO DE EDIFICAÇÃO NOVA,45642,,,,,,,45979,2025
2530/17975/2024,2530,1020.20230028234-7,,333507.88562789,7390133.5158459,039,186,0013-0/0014-9,-,195839,RUA,-,VERGUEIRO,3493,-,-,-,-,KLABIN EMPREENDIMENTO IMOBILIÁRIO SPE LTDA,VILA MARIANA,VILA MARIANA,ESTRUTURAÇÃO E QUALIFICAÇÃO URBANA,URBANIZAÇÃO CONSOLIDADA,NA,-,ZEU,ZEU,-,-,R,R2v-2,-,-,nR1-3,nR1-12,-,-,-,"0,7",-,"1,0",-,-,-,2921.21,2988.21,776.42,278.87,9.3323427737675727E-2,3895,6883.21,-,-,1837973.76,NÃO,1,"3,9998",973.79,3595.18,-,-,-,-,-,-,NÃO,-,ARRECADADO AD,APROVA DIGITAL,36323-23-SP-ALV,APROVAÇÃO DE EDIFICAÇÃO NOVA,45638,,,,,,,45979,2025
2531/17975/2025,2531,1020.2023/0025903-5,,335086.48627619,7401091.5325585,069,121,0001-5/0002-3/0016-3/0026-0/0027-9,-,146714,RUA,-,GEORGE OETTERER,189,-,-,-,-,ALFA INCORPORAÇÃO E CONSTRUÇÃO SPE LTDA,SANTANA,SANTANA/TUCURUVI,ESTRUTURAÇÃO E QUALIFICAÇÃO URBANA,QUALIFICAÇÃO DA URBANIZAÇÃO,NA,-,ZEU,ZEU,-,-,R,R2v-2,-,-,nR1-3,nR1-12,-,-,-,"0,6",-,"0,9",-,-,-,4210.83,5430.73,1163.0899999999999,111.41,2.0514737429406359E-2,6514.68,11945.41,-,-,1385009.95,NÃO,1,"4,7830",1361.97,2604.14,-,-,313.95999999999998,-,-,-,SIM,OPCIONAL,ARRECADADO AD,APROVA DIGITAL,35720-23-SP-ALV,APROVAÇÃO DE EDIFICAÇÃO NOVA,45777,,,,,,,45980,2025
2532/18081/2025,2532,1010..2023/0012555-7,,325690.54989122,7391882.4930308,082,419,0002-3/0027-9/0028-7/0031-7/0033-3/0038-4/0039-2/0040-6/0043-0/0044-9,-,136255,RUA,-,MIRAGAIA,212,-,-,-,-,DIALOGO 94 EMPREENDIMENTOS IMOBILIÁRIOS SPE LTDA,BUTANTÃ,BUTANTÂ,ESTRUTURAÇÃO E QUALIFICAÇÃO URBANA,URBANIZAÇÃO CONSOLIDADA,NA,ZEU,ZEU,-,-,-,R,R2v-4,HMP,HIS - 2,nR1-3,-,-,-,-,"0,7",-,"0,0/0,4/0,8/1,0",-,-,-,28101.29,26549.19,-,243.29,9.1637447319485085E-3,33238.120000000003,59787.31,-,-,4049351.02,NÃO,1,"6,4706",5136.83,1826.19,-,-,462.18,-,-,3323.81,SIM,OBRIGATÓRIO,QUITADO,SEI,2025/03947-00,APROVAÇÃO DE EDIFICAÇÃO NOVA,45894,,,,,,,45999,2025
2533/17975/2025,2533,1020.2023/0028125-1,,333477.29629866,7389733.5856355,042,011,0657-8,-,184756,RUA,-,SOUSA RAMOS ,S/N,-,-,-,-,BELMONT INVESTIMENTOS IMOBILIÁRIOS LTDA,VILA MARIANA,VILA MARIANA,ESTRUTURAÇÃO E QUALIFICAÇÃO URBANA,URBANIZAÇÃO CONSOLIDADA,NA,-,ZEU,ZEU,-,-,R,R2v-3,HMP,-,-,-,-,-,-,"0,7",-,"0,4/0,8/1,0",-,-,-,12907.04,10727.67,-,-,-%,16639.8,27367.47,-,-,176626.09,SIM,1,"5,7577",2890,3353.89,-,-,280.92,-,-,-,SIM,OPCIONAL,ARRECADADO AD / REAPROVEITAMENTO,APROVA DIGITAL,36280-23-SP-ALV,APROVAÇÃO DE EDIFICAÇÃO NOVA,45716,,,,,,,45985,2025
2534/16402/2025,2534,1020.2022/0004689-7,,344325.83348995,7395422.2478436,057,132,0015-9,-,181056,RUA,-,SERVULO DE CASTRO,76,-,-,-,-,RESIDENCIAL SERVULO DE CASTRO SPE LTDA,VILA MATILDE,PENHA,ESTRUTURAÇÃO E QUALIFICAÇÃO URBANA,QUALIFICAÇÃO DA URBANIZAÇÃO,NA,-,-,ZM,ZM,-,R,-,E-HMP,-,-,-,-,-,-,"0,6",-,"0,6",-,-,-,145.32,288.24,-,-,-%,526.32000000000005,814.56,-,-,33689.449999999997,NÃO,1,"1,3800",381,889.59,-,-,-,-,-,-,NÃO,-,ARRECADADO AD,APROVA DIGITAL,11638-22-SP-ALV,APROVAÇÃO E EXECUÇÃO DE EDIFICAÇÃO NOVA,45961,,,,,,,46020,2025
2535/17975/2025,2535,1020.2024/0009815-7,,324571.9684937,7390409.2517177,101,400,0009-6,-,020117,RUA,DOUTOR,CLOVIS DE OLIVEIRA ,275,-,-,-,-,FIVE 17 2021 EMPREENDIMENTO IMOBILIÁRIO LTDA,MORUMBI,BUTANTÂ,ESTRUTURAÇÃO E QUALIFICAÇÃO URBANA,URBANIZAÇÃO CONSOLIDADA,NA,-,ZEU,ZEU,-,-,R,R2v-2,HMP,HIS - 2,nR1-3,-,-,-,-,"0,7",-,"0,0/0,4/0,8/1,0",-,-,-,5430.36,2856.34,-,202.3,7.0824901797405068E-2,6437.59,9293.93,-,-,1745713.83,NÃO,1,"6,3914",1007.23,3867.43,-,-,142.21,-,-,643.76,SIM,OPCIONAL,DEVIDA (À PAGAR NA EXECUÇÃO),APROVA DIGITAL,40664-24-SP-ALV,APROVAÇÃO DE EDIFICAÇÃO NOVA,45890,,,,,,,45985,2025
2536/17975/2024,2536,1020.2023/0023061-4,,325844.22739853,7396270.0854455,024,040,0665-7,-,055425,RUA,-,CROATA,706,-,-,-,-,EMPREENDIMENTO IMOBILIÁRIO SMART CLUBE VILA ROMANA SPE LTDA,LAPA,LAPA,ESTRUTURAÇÃO E QUALIFICAÇÃO URBANA,URBANIZAÇÃO CONSOLIDADA,NA,-,ZM,ZM,-,-,R,R2v-2,-,-,-,-,-,-,-,"0,7",-,"0,8",-,-,-,2897.09,5517.2,-,-,-%,5092.8,10610,-,-,1335048.99,NÃO,1,"2,3997",2122.2800000000002,1974.7,-,-,73.430000000000007,-,-,-,SIM,OPCIONAL,ARRECADADO AD,APROVA DIGITAL,34564-23-SP-ALV,APROVAÇÃO DE EDIFICAÇÃO NOVA,45645,,,,,,,45985,2025
2537/18081/2024,2537,1010.2024/0000711-4,,329345.04806138,7393359.4247485,013,024,0049-5/0050-9/0051-7/0052-5/0053-3/0054-1/0055-1/0056-8/0057-6/0058-4/0059-2/0060-6/0061-4/0062-2/0063-0/0064-9/0065-7/0066-5/0067-3/0068-1,-,169196,AVENIDA,-,REBOUÇAS ,1101,-,-,-,-,TS 30 PARTICIPAÇÕES LTDA,JARDIM PAULISTA,PINHEIROS,ESTRUTURAÇÃO E QUALIFICAÇÃO URBANA,URBANIZAÇÃO CONSOLIDADA,NA,ZEU,ZEU,-,-,-,R,R2v-2,-,-,-,-,-,-,-,"0,7",-,"1,8",-,-,-,5636.52,7202.51,-,-,-%,7119.84,14322.35,-,-,11903478.279999999,NÃO,1,"4,7999",1483.32,8045.03,-,-,25.41,27.81,-,-,SIM,OPCIONAL,QUITADO,SEI,2024/07010-00,APROVAÇÃO DE EDIFICAÇÃO NOVA,45617,,,,,,,45987,2025
2538/17975/2024,2538,1020.2023/0028538-9,,330396.76224774,7394392.6878328,011,131,0043-5/0044-3/0045-1,-,027227,RUA,-,BAHIA ,1047,-,-,-,-,ASM EMPEENDIMENTOS IMOBILIÁRIOS SPE LTDA,CONSOLAÇÃO,SÉ,ESTRUTURAÇÃO E QUALIFICAÇÃO URBANA,URBANIZAÇÃO CONSOLIDADA,NA,-,ZEU,ZEU,-,-,R,R2v-2,-,-,-,-,-,-,-,"0,7",-,"1,0/1,975",-,-,-,4359.4399999999996,5456.9,-,-,-%,5692.11,11149.01,-,-,11440612.77,NÃO,1,"4,7998",1185.9100000000001,9420.35,-,-,48.92,29.65,-,-,SIM,OPCIONAL,ARRECADADO AD,APROVA DIGITAL,36220-23-SP-ALV,APROVAÇÃO DE EDIFICAÇÃO NOVA,45644,,,,,,,45989,2025
2539/17975/2025,2539,1020.2023/0023481-4,,327621.40488641,7392388.7738703,015,133,0009-1/0010-5/0011-3/0012-1/0247-7/0248-5,-,169196,RUA,-,HENRIQUE MONTEIRO ,83,-,-,-,-,HM RAVE EMPREENDIMENTOS E PARTICIPAÇÕES SPE LTDA,PINHEIROS,PINHEIROS,ESTRUTURAÇÃO E QUALIFICAÇÃO URBANA,URBANIZAÇÃO CONSOLIDADA,NA,-,ZEU,ZEU,-,-,R/nR,R2v-3,-,-,nR1-3,nR1-6,-,-,-,"0,7","1,3","3,0","3,0",9352.7000000000007,3192.69,12545.39,24920.85,3320.16,1629.77,6.5397849591807666E-2,16600.8,41521.65,32237678.710000001,20437512.440000001,52675191.149999999,NÃO,1,"4,8000",3458.5,7878.59,-,-,198.97,64.849999999999994,-,-,SIM,OPCIONAL,ARRECADADO AD,APROVA DIGITAL,34854-23-SP-REF,APROVAÇÃO DE EDIFICAÇÃO NOVA,45645,,,,,,,45992,2025
2540/17975/2025,2540,1020.2023/0024685-5,,327247.12127677,7394926.5973299,081,233,0002-6/0003-4/0032-8/0045-1/0048-4,-,047996,RUA,-,PAULISTANIA,220,-,-,-,-,EXTO LED EMPREENDIMENTOS IMOBILIÁRIOS SPE LTDA,PINHEIROS,PINHEIROS,ESTRUTURAÇÃO E QUALIFICAÇÃO URBANA,URBANIZAÇÃO CONSOLIDADA,NA,-,ZEU,ZEU,-,-,R,R2v-2,-,-,nR1-3,nR1-12,-,-,-,"0,7",-,"0,8",-,-,-,5271.79,8428,1361.05,239.3,2.8393450403417182E-2,7060.79,15488.79,-,-,2085309.57,NÃO,1,"4,8000",1471,3390.51,-,-,106,-,-,-,SIM,OPCIONAL,ARRECADADO AD,APROVA DIGITAL,35259-23-SP-ALV,APROVAÇÃO DE EDIFICAÇÃO NOVA,45659,,,,,,,45992,2025
2541/17975/2025,2541,1010.2023/0012521-2,,336881.79278857,7393683.9374648,028,030,0021-0/0022--9/0023-7/0024-5/0025-3/0026-1/0027-1/0028-8/0029-6/0030-1/0031-8/0032-6/0037-7/0038-5/0039-3/0040-7/0053-9/0054-7/0055-5/0056-3/0080-6/0081-4/0082-2/0083-0/0084-9/0085-7/0086-5/0214-0,-,124877,RUA,PADRE,RAPOSO,350,-,-,-,-,DIALOGO ENGENHARIA E CONSTRUÇÃO S.A,MOOCA,MOOCA,ESTRUTURAÇÃO E QUALIFICAÇÃO URBANA,QUALIFICAÇÃO DA URBANIZAÇÃO,NA,-,ZEU,ZEU,-,-,R,R2v-4,HMP,HIS - 2,nR1-3,-,-,-,-,"0,6",-,"0,0/0,4/0,81,275",-,-,-,36105.919999999998,34438.39,-,224.77,6.5267278754901148E-3,44399.35,78837.740000000005,-,-,8380116.6200000001,NÃO,1,"6,0298",7363.28,2248.0700000000002,-,-,310.05,22.65,-,4439.9399999999996,SIM,OBRIGATÓRIO,QUITADO,SEI,2025/03096-00,APROVAÇÃO DE EDIFICAÇÃO NOVA,45839,,,,,,,45994,2025
2542/18081/2025,2542,1020.2024/0018032-5,,335380.4574725,7389105.7011185,043,063,0022-6/0023-4/0032-3,-,163325,RUA,VISCONDE,DE PIRAJA,218,-,-,-,-,COMERCIAL E INCORPORADORA FRESNO SA,IPIRANGA,IPIRANGA,ESTRUTURAÇÃO E QUALIFICAÇÃO URBANA,URBANIZAÇÃO CONSOLIDADA,NA,ZEU,ZEU,-,-,-,R,R2v-2,HMP,-,nR1-3,-,-,-,-,"0,7",-,"0,4/0,8",-,-,-,6913.07,6187.08,-,151.04,2.4412162118479151E-2,8363.0400000000009,14550.12,-,-,1651337.53,NÃO,1,"5,7677",1449.97,2692.17,-,-,172.38,-,-,-,SIM,OPCIONAL,ARRECADADO AD,APROVA DIGITAL,44625-24-SP-ALV,APROVAÇÃO E EXECUÇÃO DE EDIFICAÇÃO NOVA,45674,,,,,,,45994,2025
2543/18081/2024,2543,1020.2021/0008071-6,,331112.7774725,7394093.8711185,010,034,0436-7,-,041203,RUA,-,FREI CANECA,803,-,-,-,-,WU2 FREI CANECA EMPREENDIMENTO IMOBILIÁRIO LTDA,BELA VISTA,SÉ,ESTRUTURAÇÃO E QUALIFICAÇÃO URBANA,URBANIZAÇÃO CONSOLIDADA,NA,ZEU,ZEU,-,-,-,R,R2v-2,HMP,-,nR1-3,-,-,-,-,"0,7",-,"0,4/0,8/1,0",-,-,-,3360,2862.72,-,350,0.12226134585289515,4060,6922.72,-,-,2705131.96,NÃO,1,"5,8000",700,7569.34,-,-,123.37,-,-,-,SIM,OPCIONAL,ARRECADADO AD,APROVA DIGITAL,3419-21-SP-ALV,APROVAÇÃO DE EDIFICAÇÃO NOVA,45649,,,,,,,45994,2025
2544/18081/2025,2544,1020.2025/0002933-5,,339370.03696619,7395679.6091093,030,052,0012-4/0013-2/0135-1,-,164224,RUA,-,PLATINA,181,-,-,-,-,CNP17 EMPREENDIMENTO IMOBILIÁRIO LTDA,TATUAPÉ,MOOCA,ESTRUTURAÇÃO E QUALIFICAÇÃO URBANA,QUALIFICAÇÃO DA URBANIZAÇÃO,NA,ZEU,ZEU,-,-,-,R,R2v-2,HMP,-,nR1-3,-,-,-,-,"0,6",-,"0,4/0,8/1,0",-,-,-,5865.21,3334.79,699.19,120.59,3.6161197556667739E-2,7091.96,10547.34,-,-,2112947.88,NÃO,1,"5,7811",1226.75,4063.69,-,-,67.25,-,-,-,SIM,OPCIONAL,ARRECADADO AD,APROVA DIGITAL,50963-25-SP-ALV,APROVAÇÃO DE EDIFICAÇÃO NOVA,45888,,,,,,,46008,2025
,,,,,,,,,,,,,,,,,,,,,,,,,,,,,,,,,,,,,,,,,,,,,,,,,,,,,,,,,,,,,,,,,,,,,,,,,,,,,,,,
,,,,,,,,,,,,,,,,,,,,,,,,,,,,,,,,,,,,,,,,,,,,,,,,,,,,,,,,,,,,,,,,,,,,,,,,,,,,,,,,
,,,,,,,,,,,,,,,,,,,,,,,,,,,,,,,,,,,,,,,,,,,,,,,,,,,,,,,,,,,,,,,,,,,,,,,,,,,,,,,,
,,,,,,,,,,,,,,,,,,,,,,,,,,,,,,,,,,,,,,,,,,,,,,,,,,,,,,,,,,,,,,,,,,,,,,,,,,,,,,,,
,,,,,,,,,,,,,,,,,,,,,,,,,,,,,,,,,,,,,,,,,,,,,,,,,,,,,,,,,,,,,,,,,,,,,,,,,,,,,,,,
,,,,,,,,,,,,,,,,,,,,,,,,,,,,,,,,,,,,,,,,,,,,,,,,,,,,,,,,,,,,,,,,,,,,,,,,,,,,,,,,
,,,,,,,,,,,,,,,,,,,,,,,,,,,,,,,,,,,,,,,,,,,,,,,,,,,,,,,,,,,,,,,,,,,,,,,,,,,,,,,,
,,,,,,,,,,,,,,,,,,,,,,,,,,,,,,,,,,,,,,,,,,,,,,,,,,,,,,,,,,,,,,,,,,,,,,,,,,,,,,,,
,,,,,,,,,,,,,,,,,,,,,,,,,,,,,,,,,,,,,,,,,,,,,,,,,,,,,,,,,,,,,,,,,,,,,,,,,,,,,,,,
,,,,,,,,,,,,,,,,,,,,,,,,,,,,,,,,,,,,,,,,,,,,,,,,,,,,,,,,,,,,,,,,,,,,,,,,,,,,,,,,
,,,,,,,,,,,,,,,,,,,,,,,,,,,,,,,,,,,,,,,,,,,,,,,,,,,,,,,,,,,,,,,,,,,,,,,,,,,,,,,,
,,,,,,,,,,,,,,,,,,,,,,,,,,,,,,,,,,,,,,,,,,,,,,,,,,,,,,,,,,,,,,,,,,,,,,,,,,,,,,,,
,,,,,,,,,,,,,,,,,,,,,,,,,,,,,,,,,,,,,,,,,,,,,,,,,,,,,,,,,,,,,,,,,,,,,,,,,,,,,,,,
,,,,,,,,,,,,,,,,,,,,,,,,,,,,,,,,,,,,,,,,,,,,,,,,,,,,,,,,,,,,,,,,,,,,,,,,,,,,,,,,
,,,,,,,,,,,,,,,,,,,,,,,,,,,,,,,,,,,,,,,,,,,,,,,,,,,,,,,,,,,,,,,,,,,,,,,,,,,,,,,,
,,,,,,,,,,,,,,,,,,,,,,,,,,,,,,,,,,,,,,,,,,,,,,,,,,,,,,,,,,,,,,,,,,,,,,,,,,,,,,,,
,,,,,,,,,,,,,,,,,,,,,,,,,,,,,,,,,,,,,,,,,,,,,,,,,,,,,,,,,,,,,,,,,,,,,,,,,,,,,,,,
,,,,,,,,,,,,,,,,,,,,,,,,,,,,,,,,,,,,,,,,,,,,,,,,,,,,,,,,,,,,,,,,,,,,,,,,,,,,,,,,
,,,,,,,,,,,,,,,,,,,,,,,,,,,,,,,,,,,,,,,,,,,,,,,,,,,,,,,,,,,,,,,,,,,,,,,,,,,,,,,,
,,,,,,,,,,,,,,,,,,,,,,,,,,,,,,,,,,,,,,,,,,,,,,,,,,,,,,,,,,,,,,,,,,,,,,,,,,,,,,,,
,,,,,,,,,,,,,,,,,,,,,,,,,,,,,,,,,,,,,,,,,,,,,,,,,,,,,,,,,,,,,,,,,,,,,,,,,,,,,,,,
,,,,,,,,,,,,,,,,,,,,,,,,,,,,,,,,,,,,,,,,,,,,,,,,,,,,,,,,,,,,,,,,,,,,,,,,,,,,,,,,
,,,,,,,,,,,,,,,,,,,,,,,,,,,,,,,,,,,,,,,,,,,,,,,,,,,,,,,,,,,,,,,,,,,,,,,,,,,,,,,,
,,,,,,,,,,,,,,,,,,,,,,,,,,,,,,,,,,,,,,,,,,,,,,,,,,,,,,,,,,,,,,,,,,,,,,,,,,,,,,,,
,,,,,,,,,,,,,,,,,,,,,,,,,,,,,,,,,,,,,,,,,,,,,,,,,,,,,,,,,,,,,,,,,,,,,,,,,,,,,,,,
,,,,,,,,,,,,,,,,,,,,,,,,,,,,,,,,,,,,,,,,,,,,,,,,,,,,,,,,,,,,,,,,,,,,,,,,,,,,,,,,
,,,,,,,,,,,,,,,,,,,,,,,,,,,,,,,,,,,,,,,,,,,,,,,,,,,,,,,,,,,,,,,,,,,,,,,,,,,,,,,,
,,,,,,,,,,,,,,,,,,,,,,,,,,,,,,,,,,,,,,,,,,,,,,,,,,,,,,,,,,,,,,,,,,,,,,,,,,,,,,,,
,,,,,,,,,,,,,,,,,,,,,,,,,,,,,,,,,,,,,,,,,,,,,,,,,,,,,,,,,,,,,,,,,,,,,,,,,,,,,,,,
,2573,,,,,,,,,,,,,,,,,,,,,,,,,,,,,,,,,,,,,,,,,,,,,,,,,,,,,,,,,,,,,,,,,,,,,,,,,,,,,,,
,,,,,,,,,,,,,,,,,,,,,,,,,,,,,,,,,,,,,,,,,,,,,,,,,,,,,,,,,,,,,,,,,,,,,,,,,,,,,,,,
,,,,,,,,,,,,,,,,,,,,,,,,,,,,,,,,,,,,,,,,,,,,,,,,,,,,,,,,,,,,,,,,,,,,,,,,,,,,,,,,
,,,,,,,,,,,,,,,,,,,,,,,,,,,,,,,,,,,,,,,,,,,,,,,,,,,,,,,,,,,,,,,,,,,,,,,,,,,,,,,,
,,,,,,,,,,,,,,,,,,,,,,,,,,,,,,,,,,,,,,,,,,,,,,,,,,,,,,,,,,,,,,,,,,,,,,,,,,,,,,,,
,,,,,,,,,,,,,,,,,,,,,,,,,,,,,,,,,,,,,,,,,,,,,,,,,,,,,,,,,,,,,,,,,,,,,,,,,,,,,,,,
,,,,,,,,,,,,,,,,,,,,,,,,,,,,,,,,,,,,,,,,,,,,,,,,,,,,,,,,,,,,,,,,,,,,,,,,,,,,,,,,
,,,,,,,,,,,,,,,,,,,,,,,,,,,,,,,,,,,,,,,,,,,,,,,,,,,,,,,,,,,,,,,,,,,,,,,,,,,,,,,,
,,,,,,,,,,,,,,,,,,,,,,,,,,,,,,,,,,,,,,,,,,,,,,,,,,,,,,,,,,,,,,,,,,,,,,,,,,,,,,,,
,,,,,,,,,,,,,,,,,,,,,,,,,,,,,,,,,,,,,,,,,,,,,,,,,,,,,,,,,,,,,,,,,,,,,,,,,,,,,,,,
,,,,,,,,,,,,,,,,,,,,,,,,,,,,,,,,,,,,,,,,,,,,,,,,,,,,,,,,,,,,,,,,,,,,,,,,,,,,,,,,
,,,,,,,,,,,,,,,,,,,,,,,,,,,,,,,,,,,,,,,,,,,,,,,,,,,,,,,,,,,,,,,,,,,,,,,,,,,,,,,,
,,,,,,,,,,,,,,,,,,,,,,,,,,,,,,,,,,,,,,,,,,,,,,,,,,,,,,,,,,,,,,,,,,,,,,,,,,,,,,,,
,,,,,,,,,,,,,,,,,,,,,,,,,,,,,,,,,,,,,,,,,,,,,,,,,,,,,,,,,,,,,,,,,,,,,,,,,,,,,,,,
,,,,,,,,,,,,,,,,,,,,,,,,,,,,,,,,,,,,,,,,,,,,,,,,,,,,,,,,,,,,,,,,,,,,,,,,,,,,,,,,
,,,,,,,,,,,,,,,,,,,,,,,,,,,,,,,,,,,,,,,,,,,,,,,,,,,,,,,,,,,,,,,,,,,,,,,,,,,,,,,,
,,,,,,,,,,,,,,,,,,,,,,,,,,,,,,,,,,,,,,,,,,,,,,,,,,,,,,,,,,,,,,,,,,,,,,,,,,,,,,,,
,,,,,,,,,,,,,,,,,,,,,,,,,,,,,,,,,,,,,,,,,,,,,,,,,,,,,,,,,,,,,,,,,,,,,,,,,,,,,,,,
,,,,,,,,,,,,,,,,,,,,,,,,,,,,,,,,,,,,,,,,,,,,,,,,,,,,,,,,,,,,,,,,,,,,,,,,,,,,,,,,
,,,,,,,,,,,,,,,,,,,,,,,,,,,,,,,,,,,,,,,,,,,,,,,,,,,,,,,,,,,,,,,,,,,,,,,,,,,,,,,,
,,,,,,,,,,,,,,,,,,,,,,,,,,,,,,,,,,,,,,,,,,,,,,,,,,,,,,,,,,,,,,,,,,,,,,,,,,,,,,,,
,,,,,,,,,,,,,,,,,,,,,,,,,,,,,,,,,,,,,,,,,,,,,,,,,,,,,,,,,,,,,,,,,,,,,,,,,,,,,,,,
,,,,,,,,,,,,,,,,,,,,,,,,,,,,,,,,,,,,,,,,,,,,,,,,,,,,,,,,,,,,,,,,,,,,,,,,,,,,,,,,
,,,,,,,,,,,,,,,,,,,,,,,,,,,,,,,,,,,,,,,,,,,,,,,,,,,,,,,,,,,,,,,,,,,,,,,,,,,,,,,,
,,,,,,,,,,,,,,,,,,,,,,,,,,,,,,,,,,,,,,,,,,,,,,,,,,,,,,,,,,,,,,,,,,,,,,,,,,,,,,,,
,,,,,,,,,,,,,,,,,,,,,,,,,,,,,,,,,,,,,,,,,,,,,,,,,,,,,,,,,,,,,,,,,,,,,,,,,,,,,,,,
,,,,,,,,,,,,,,,,,,,,,,,,,,,,,,,,,,,,,,,,,,,,,,,,,,,,,,,,,,,,,,,,,,,,,,,,,,,,,,,,
,,,,,,,,,,,,,,,,,,,,,,,,,,,,,,,,,,,,,,,,,,,,,,,,,,,,,,,,,,,,,,,,,,,,,,,,,,,,,,,,
,,,,,,,,,,,,,,,,,,,,,,,,,,,,,,,,,,,,,,,,,,,,,,,,,,,,,,,,,,,,,,,,,,,,,,,,,,,,,,,,
,,,,,,,,,,,,,,,,,,,,,,,,,,,,,,,,,,,,,,,,,,,,,,,,,,,,,,,,,,,,,,,,,,,,,,,,,,,,,,,,
,,,,,,,,,,,,,,,,,,,,,,,,,,,,,,,,,,,,,,,,,,,,,,,,,,,,,,,,,,,,,,,,,,,,,,,,,,,,,,,,
,,,,,,,,,,,,,,,,,,,,,,,,,,,,,,,,,,,,,,,,,,,,,,,,,,,,,,,,,,,,,,,,,,,,,,,,,,,,,,,,
,,,,,,,,,,,,,,,,,,,,,,,,,,,,,,,,,,,,,,,,,,,,,,,,,,,,,,,,,,,,,,,,,,,,,,,,,,,,,,,,
,,,,,,,,,,,,,,,,,,,,,,,,,,,,,,,,,,,,,,,,,,,,,,,,,,,,,,,,,,,,,,,,,,,,,,,,,,,,,,,,
,,,,,,,,,,,,,,,,,,,,,,,,,,,,,,,,,,,,,,,,,,,,,,,,,,,,,,,,,,,,,,,,,,,,,,,,,,,,,,,,
,,,,,,,,,,,,,,,,,,,,,,,,,,,,,,,,,,,,,,,,,,,,,,,,,,,,,,,,,,,,,,,,,,,,,,,,,,,,,,,,
,,,,,,,,,,,,,,,,,,,,,,,,,,,,,,,,,,,,,,,,,,,,,,,,,,,,,,,,,,,,,,,,,,,,,,,,,,,,,,,,
,,,,,,,,,,,,,,,,,,,,,,,,,,,,,,,,,,,,,,,,,,,,,,,,,,,,,,,,,,,,,,,,,,,,,,,,,,,,,,,,
,,,,,,,,,,,,,,,,,,,,,,,,,,,,,,,,,,,,,,,,,,,,,,,,,,,,,,,,,,,,,,,,,,,,,,,,,,,,,,,,
,,,,,,,,,,,,,,,,,,,,,,,,,,,,,,,,,,,,,,,,,,,,,,,,,,,,,,,,,,,,,,,,,,,,,,,,,,,,,,,,
,,,,,,,,,,,,,,,,,,,,,,,,,,,,,,,,,,,,,,,,,,,,,,,,,,,,,,,,,,,,,,,,,,,,,,,,,,,,,,,,
,,,,,,,,,,,,,,,,,,,,,,,,,,,,,,,,,,,,,,,,,,,,,,,,,,,,,,,,,,,,,,,,,,,,,,,,,,,,,,,,
,,,,,,,,,,,,,,,,,,,,,,,,,,,,,,,,,,,,,,,,,,,,,,,,,,,,,,,,,,,,,,,,,,,,,,,,,,,,,,,,
,,,,,,,,,,,,,,,,,,,,,,,,,,,,,,,,,,,,,,,,,,,,,,,,,,,,,,,,,,,,,,,,,,,,,,,,,,,,,,,,
,,,,,,,,,,,,,,,,,,,,,,,,,,,,,,,,,,,,,,,,,,,,,,,,,,,,,,,,,,,,,,,,,,,,,,,,,,,,,,,,
,,,,,,,,,,,,,,,,,,,,,,,,,,,,,,,,,,,,,,,,,,,,,,,,,,,,,,,,,,,,,,,,,,,,,,,,,,,,,,,,
,,,,,,,,,,,,,,,,,,,,,,,,,,,,,,,,,,,,,,,,,,,,,,,,,,,,,,,,,,,,,,,,,,,,,,,,,,,,,,,,
,,,,,,,,,,,,,,,,,,,,,,,,,,,,,,,,,,,,,,,,,,,,,,,,,,,,,,,,,,,,,,,,,,,,,,,,,,,,,,,,
,,,,,,,,,,,,,,,,,,,,,,,,,,,,,,,,,,,,,,,,,,,,,,,,,,,,,,,,,,,,,,,,,,,,,,,,,,,,,,,,
,,,,,,,,,,,,,,,,,,,,,,,,,,,,,,,,,,,,,,,,,,,,,,,,,,,,,,,,,,,,,,,,,,,,,,,,,,,,,,,,
,,,,,,,,,,,,,,,,,,,,,,,,,,,,,,,,,,,,,,,,,,,,,,,,,,,,,,,,,,,,,,,,,,,,,,,,,,,,,,,,
,,,,,,,,,,,,,,,,,,,,,,,,,,,,,,,,,,,,,,,,,,,,,,,,,,,,,,,,,,,,,,,,,,,,,,,,,,,,,,,,
,,,,,,,,,,,,,,,,,,,,,,,,,,,,,,,,,,,,,,,,,,,,,,,,,,,,,,,,,,,,,,,,,,,,,,,,,,,,,,,,
,,,,,,,,,,,,,,,,,,,,,,,,,,,,,,,,,,,,,,,,,,,,,,,,,,,,,,,,,,,,,,,,,,,,,,,,,,,,,,,,
,,,,,,,,,,,,,,,,,,,,,,,,,,,,,,,,,,,,,,,,,,,,,,,,,,,,,,,,,,,,,,,,,,,,,,,,,,,,,,,,
,,,,,,,,,,,,,,,,,,,,,,,,,,,,,,,,,,,,,,,,,,,,,,,,,,,,,,,,,,,,,,,,,,,,,,,,,,,,,,,,
,,,,,,,,,,,,,,,,,,,,,,,,,,,,,,,,,,,,,,,,,,,,,,,,,,,,,,,,,,,,,,,,,,,,,,,,,,,,,,,,
,,,,,,,,,,,,,,,,,,,,,,,,,,,,,,,,,,,,,,,,,,,,,,,,,,,,,,,,,,,,,,,,,,,,,,,,,,,,,,,,
,,,,,,,,,,,,,,,,,,,,,,,,,,,,,,,,,,,,,,,,,,,,,,,,,,,,,,,,,,,,,,,,,,,,,,,,,,,,,,,,
,,,,,,,,,,,,,,,,,,,,,,,,,,,,,,,,,,,,,,,,,,,,,,,,,,,,,,,,,,,,,,,,,,,,,,,,,,,,,,,,
,,,,,,,,,,,,,,,,,,,,,,,,,,,,,,,,,,,,,,,,,,,,,,,,,,,,,,,,,,,,,,,,,,,,,,,,,,,,,,,,
,,,,,,,,,,,,,,,,,,,,,,,,,,,,,,,,,,,,,,,,,,,,,,,,,,,,,,,,,,,,,,,,,,,,,,,,,,,,,,,,
,,,,,,,,,,,,,,,,,,,,,,,,,,,,,,,,,,,,,,,,,,,,,,,,,,,,,,,,,,,,,,,,,,,,,,,,,,,,,,,,
,,,,,,,,,,,,,,,,,,,,,,,,,,,,,,,,,,,,,,,,,,,,,,,,,,,,,,,,,,,,,,,,,,,,,,,,,,,,,,,,
,,,,,,,,,,,,,,,,,,,,,,,,,,,,,,,,,,,,,,,,,,,,,,,,,,,,,,,,,,,,,,,,,,,,,,,,,,,,,,,,
,,,,,,,,,,,,,,,,,,,,,,,,,,,,,,,,,,,,,,,,,,,,,,,,,,,,,,,,,,,,,,,,,,,,,,,,,,,,,,,,
,,,,,,,,,,,,,,,,,,,,,,,,,,,,,,,,,,,,,,,,,,,,,,,,,,,,,,,,,,,,,,,,,,,,,,,,,,,,,,,,
,,,,,,,,,,,,,,,,,,,,,,,,,,,,,,,,,,,,,,,,,,,,,,,,,,,,,,,,,,,,,,,,,,,,,,,,,,,,,,,,
,,,,,,,,,,,,,,,,,,,,,,,,,,,,,,,,,,,,,,,,,,,,,,,,,,,,,,,,,,,,,,,,,,,,,,,,,,,,,,,,
,,,,,,,,,,,,,,,,,,,,,,,,,,,,,,,,,,,,,,,,,,,,,,,,,,,,,,,,,,,,,,,,,,,,,,,,,,,,,,,,
,,,,,,,,,,,,,,,,,,,,,,,,,,,,,,,,,,,,,,,,,,,,,,,,,,,,,,,,,,,,,,,,,,,,,,,,,,,,,,,,
,,,,,,,,,,,,,,,,,,,,,,,,,,,,,,,,,,,,,,,,,,,,,,,,,,,,,,,,,,,,,,,,,,,,,,,,,,,,,,,,
,,,,,,,,,,,,,,,,,,,,,,,,,,,,,,,,,,,,,,,,,,,,,,,,,,,,,,,,,,,,,,,,,,,,,,,,,,,,,,,,
,,,,,,,,,,,,,,,,,,,,,,,,,,,,,,,,,,,,,,,,,,,,,,,,,,,,,,,,,,,,,,,,,,,,,,,,,,,,,,,,
,,,,,,,,,,,,,,,,,,,,,,,,,,,,,,,,,,,,,,,,,,,,,,,,,,,,,,,,,,,,,,,,,,,,,,,,,,,,,,,,
,,,,,,,,,,,,,,,,,,,,,,,,,,,,,,,,,,,,,,,,,,,,,,,,,,,,,,,,,,,,,,,,,,,,,,,,,,,,,,,,
,,,,,,,,,,,,,,,,,,,,,,,,,,,,,,,,,,,,,,,,,,,,,,,,,,,,,,,,,,,,,,,,,,,,,,,,,,,,,,,,
,,,,,,,,,,,,,,,,,,,,,,,,,,,,,,,,,,,,,,,,,,,,,,,,,,,,,,,,,,,,,,,,,,,,,,,,,,,,,,,,
,,,,,,,,,,,,,,,,,,,,,,,,,,,,,,,,,,,,,,,,,,,,,,,,,,,,,,,,,,,,,,,,,,,,,,,,,,,,,,,,
,,,,,,,,,,,,,,,,,,,,,,,,,,,,,,,,,,,,,,,,,,,,,,,,,,,,,,,,,,,,,,,,,,,,,,,,,,,,,,,,
,,,,,,,,,,,,,,,,,,,,,,,,,,,,,,,,,,,,,,,,,,,,,,,,,,,,,,,,,,,,,,,,,,,,,,,,,,,,,,,,
,,,,,,,,,,,,,,,,,,,,,,,,,,,,,,,,,,,,,,,,,,,,,,,,,,,,,,,,,,,,,,,,,,,,,,,,,,,,,,,,
,,,,,,,,,,,,,,,,,,,,,,,,,,,,,,,,,,,,,,,,,,,,,,,,,,,,,,,,,,,,,,,,,,,,,,,,,,,,,,,,
,,,,,,,,,,,,,,,,,,,,,,,,,,,,,,,,,,,,,,,,,,,,,,,,,,,,,,,,,,,,,,,,,,,,,,,,,,,,,,,,
,,,,,,,,,,,,,,,,,,,,,,,,,,,,,,,,,,,,,,,,,,,,,,,,,,,,,,,,,,,,,,,,,,,,,,,,,,,,,,,,
,,,,,,,,,,,,,,,,,,,,,,,,,,,,,,,,,,,,,,,,,,,,,,,,,,,,,,,,,,,,,,,,,,,,,,,,,,,,,,,,
,,,,,,,,,,,,,,,,,,,,,,,,,,,,,,,,,,,,,,,,,,,,,,,,,,,,,,,,,,,,,,,,,,,,,,,,,,,,,,,,
,,,,,,,,,,,,,,,,,,,,,,,,,,,,,,,,,,,,,,,,,,,,,,,,,,,,,,,,,,,,,,,,,,,,,,,,,,,,,,,,
,,,,,,,,,,,,,,,,,,,,,,,,,,,,,,,,,,,,,,,,,,,,,,,,,,,,,,,,,,,,,,,,,,,,,,,,,,,,,,,,
,,,,,,,,,,,,,,,,,,,,,,,,,,,,,,,,,,,,,,,,,,,,,,,,,,,,,,,,,,,,,,,,,,,,,,,,,,,,,,,,
,,,,,,,,,,,,,,,,,,,,,,,,,,,,,,,,,,,,,,,,,,,,,,,,,,,,,,,,,,,,,,,,,,,,,,,,,,,,,,,,
,,,,,,,,,,,,,,,,,,,,,,,,,,,,,,,,,,,,,,,,,,,,,,,,,,,,,,,,,,,,,,,,,,,,,,,,,,,,,,,,
,,,,,,,,,,,,,,,,,,,,,,,,,,,,,,,,,,,,,,,,,,,,,,,,,,,,,,,,,,,,,,,,,,,,,,,,,,,,,,,,
,,,,,,,,,,,,,,,,,,,,,,,,,,,,,,,,,,,,,,,,,,,,,,,,,,,,,,,,,,,,,,,,,,,,,,,,,,,,,,,,
,,,,,,,,,,,,,,,,,,,,,,,,,,,,,,,,,,,,,,,,,,,,,,,,,,,,,,,,,,,,,,,,,,,,,,,,,,,,,,,,
,,,,,,,,,,,,,,,,,,,,,,,,,,,,,,,,,,,,,,,,,,,,,,,,,,,,,,,,,,,,,,,,,,,,,,,,,,,,,,,,
,,,,,,,,,,,,,,,,,,,,,,,,,,,,,,,,,,,,,,,,,,,,,,,,,,,,,,,,,,,,,,,,,,,,,,,,,,,,,,,,
,,,,,,,,,,,,,,,,,,,,,,,,,,,,,,,,,,,,,,,,,,,,,,,,,,,,,,,,,,,,,,,,,,,,,,,,,,,,,,,,
,,,,,,,,,,,,,,,,,,,,,,,,,,,,,,,,,,,,,,,,,,,,,,,,,,,,,,,,,,,,,,,,,,,,,,,,,,,,,,,,
,,,,,,,,,,,,,,,,,,,,,,,,,,,,,,,,,,,,,,,,,,,,,,,,,,,,,,,,,,,,,,,,,,,,,,,,,,,,,,,,
,,,,,,,,,,,,,,,,,,,,,,,,,,,,,,,,,,,,,,,,,,,,,,,,,,,,,,,,,,,,,,,,,,,,,,,,,,,,,,,,
,,,,,,,,,,,,,,,,,,,,,,,,,,,,,,,,,,,,,,,,,,,,,,,,,,,,,,,,,,,,,,,,,,,,,,,,,,,,,,,,
,,,,,,,,,,,,,,,,,,,,,,,,,,,,,,,,,,,,,,,,,,,,,,,,,,,,,,,,,,,,,,,,,,,,,,,,,,,,,,,,
,,,,,,,,,,,,,,,,,,,,,,,,,,,,,,,,,,,,,,,,,,,,,,,,,,,,,,,,,,,,,,,,,,,,,,,,,,,,,,,,
,,,,,,,,,,,,,,,,,,,,,,,,,,,,,,,,,,,,,,,,,,,,,,,,,,,,,,,,,,,,,,,,,,,,,,,,,,,,,,,,
,,,,,,,,,,,,,,,,,,,,,,,,,,,,,,,,,,,,,,,,,,,,,,,,,,,,,,,,,,,,,,,,,,,,,,,,,,,,,,,,
,,,,,,,,,,,,,,,,,,,,,,,,,,,,,,,,,,,,,,,,,,,,,,,,,,,,,,,,,,,,,,,,,,,,,,,,,,,,,,,,
,,,,,,,,,,,,,,,,,,,,,,,,,,,,,,,,,,,,,,,,,,,,,,,,,,,,,,,,,,,,,,,,,,,,,,,,,,,,,,,,
,,,,,,,,,,,,,,,,,,,,,,,,,,,,,,,,,,,,,,,,,,,,,,,,,,,,,,,,,,,,,,,,,,,,,,,,,,,,,,,,
,,,,,,,,,,,,,,,,,,,,,,,,,,,,,,,,,,,,,,,,,,,,,,,,,,,,,,,,,,,,,,,,,,,,,,,,,,,,,,,,
,,,,,,,,,,,,,,,,,,,,,,,,,,,,,,,,,,,,,,,,,,,,,,,,,,,,,,,,,,,,,,,,,,,,,,,,,,,,,,,,
,,,,,,,,,,,,,,,,,,,,,,,,,,,,,,,,,,,,,,,,,,,,,,,,,,,,,,,,,,,,,,,,,,,,,,,,,,,,,,,,
,,,,,,,,,,,,,,,,,,,,,,,,,,,,,,,,,,,,,,,,,,,,,,,,,,,,,,,,,,,,,,,,,,,,,,,,,,,,,,,,
,,,,,,,,,,,,,,,,,,,,,,,,,,,,,,,,,,,,,,,,,,,,,,,,,,,,,,,,,,,,,,,,,,,,,,,,,,,,,,,,
,,,,,,,,,,,,,,,,,,,,,,,,,,,,,,,,,,,,,,,,,,,,,,,,,,,,,,,,,,,,,,,,,,,,,,,,,,,,,,,,
,,,,,,,,,,,,,,,,,,,,,,,,,,,,,,,,,,,,,,,,,,,,,,,,,,,,,,,,,,,,,,,,,,,,,,,,,,,,,,,,
,,,,,,,,,,,,,,,,,,,,,,,,,,,,,,,,,,,,,,,,,,,,,,,,,,,,,,,,,,,,,,,,,,,,,,,,,,,,,,,,
,,,,,,,,,,,,,,,,,,,,,,,,,,,,,,,,,,,,,,,,,,,,,,,,,,,,,,,,,,,,,,,,,,,,,,,,,,,,,,,,
,,,,,,,,,,,,,,,,,,,,,,,,,,,,,,,,,,,,,,,,,,,,,,,,,,,,,,,,,,,,,,,,,,,,,,,,,,,,,,,,
,,,,,,,,,,,,,,,,,,,,,,,,,,,,,,,,,,,,,,,,,,,,,,,,,,,,,,,,,,,,,,,,,,,,,,,,,,,,,,,,
,,,,,,,,,,,,,,,,,,,,,,,,,,,,,,,,,,,,,,,,,,,,,,,,,,,,,,,,,,,,,,,,,,,,,,,,,,,,,,,,
,,,,,,,,,,,,,,,,,,,,,,,,,,,,,,,,,,,,,,,,,,,,,,,,,,,,,,,,,,,,,,,,,,,,,,,,,,,,,,,,
,,,,,,,,,,,,,,,,,,,,,,,,,,,,,,,,,,,,,,,,,,,,,,,,,,,,,,,,,,,,,,,,,,,,,,,,,,,,,,,,
,,,,,,,,,,,,,,,,,,,,,,,,,,,,,,,,,,,,,,,,,,,,,,,,,,,,,,,,,,,,,,,,,,,,,,,,,,,,,,,,
,,,,,,,,,,,,,,,,,,,,,,,,,,,,,,,,,,,,,,,,,,,,,,,,,,,,,,,,,,,,,,,,,,,,,,,,,,,,,,,,
,,,,,,,,,,,,,,,,,,,,,,,,,,,,,,,,,,,,,,,,,,,,,,,,,,,,,,,,,,,,,,,,,,,,,,,,,,,,,,,,
,,,,,,,,,,,,,,,,,,,,,,,,,,,,,,,,,,,,,,,,,,,,,,,,,,,,,,,,,,,,,,,,,,,,,,,,,,,,,,,,
,,,,,,,,,,,,,,,,,,,,,,,,,,,,,,,,,,,,,,,,,,,,,,,,,,,,,,,,,,,,,,,,,,,,,,,,,,,,,,,,
,,,,,,,,,,,,,,,,,,,,,,,,,,,,,,,,,,,,,,,,,,,,,,,,,,,,,,,,,,,,,,,,,,,,,,,,,,,,,,,,
,,,,,,,,,,,,,,,,,,,,,,,,,,,,,,,,,,,,,,,,,,,,,,,,,,,,,,,,,,,,,,,,,,,,,,,,,,,,,,,,
,,,,,,,,,,,,,,,,,,,,,,,,,,,,,,,,,,,,,,,,,,,,,,,,,,,,,,,,,,,,,,,,,,,,,,,,,,,,,,,,
,,,,,,,,,,,,,,,,,,,,,,,,,,,,,,,,,,,,,,,,,,,,,,,,,,,,,,,,,,,,,,,,,,,,,,,,,,,,,,,,
,,,,,,,,,,,,,,,,,,,,,,,,,,,,,,,,,,,,,,,,,,,,,,,,,,,,,,,,,,,,,,,,,,,,,,,,,,,,,,,,
,,,,,,,,,,,,,,,,,,,,,,,,,,,,,,,,,,,,,,,,,,,,,,,,,,,,,,,,,,,,,,,,,,,,,,,,,,,,,,,,
,,,,,,,,,,,,,,,,,,,,,,,,,,,,,,,,,,,,,,,,,,,,,,,,,,,,,,,,,,,,,,,,,,,,,,,,,,,,,,,,
,,,,,,,,,,,,,,,,,,,,,,,,,,,,,,,,,,,,,,,,,,,,,,,,,,,,,,,,,,,,,,,,,,,,,,,,,,,,,,,,
,,,,,,,,,,,,,,,,,,,,,,,,,,,,,,,,,,,,,,,,,,,,,,,,,,,,,,,,,,,,,,,,,,,,,,,,,,,,,,,,
,,,,,,,,,,,,,,,,,,,,,,,,,,,,,,,,,,,,,,,,,,,,,,,,,,,,,,,,,,,,,,,,,,,,,,,,,,,,,,,,
,,,,,,,,,,,,,,,,,,,,,,,,,,,,,,,,,,,,,,,,,,,,,,,,,,,,,,,,,,,,,,,,,,,,,,,,,,,,,,,,
,,,,,,,,,,,,,,,,,,,,,,,,,,,,,,,,,,,,,,,,,,,,,,,,,,,,,,,,,,,,,,,,,,,,,,,,,,,,,,,,
,,,,,,,,,,,,,,,,,,,,,,,,,,,,,,,,,,,,,,,,,,,,,,,,,,,,,,,,,,,,,,,,,,,,,,,,,,,,,,,,
,,,,,,,,,,,,,,,,,,,,,,,,,,,,,,,,,,,,,,,,,,,,,,,,,,,,,,,,,,,,,,,,,,,,,,,,,,,,,,,,
,,,,,,,,,,,,,,,,,,,,,,,,,,,,,,,,,,,,,,,,,,,,,,,,,,,,,,,,,,,,,,,,,,,,,,,,,,,,,,,,
,,,,,,,,,,,,,,,,,,,,,,,,,,,,,,,,,,,,,,,,,,,,,,,,,,,,,,,,,,,,,,,,,,,,,,,,,,,,,,,,
,,,,,,,,,,,,,,,,,,,,,,,,,,,,,,,,,,,,,,,,,,,,,,,,,,,,,,,,,,,,,,,,,,,,,,,,,,,,,,,,
,,,,,,,,,,,,,,,,,,,,,,,,,,,,,,,,,,,,,,,,,,,,,,,,,,,,,,,,,,,,,,,,,,,,,,,,,,,,,,,,
,,,,,,,,,,,,,,,,,,,,,,,,,,,,,,,,,,,,,,,,,,,,,,,,,,,,,,,,,,,,,,,,,,,,,,,,,,,,,,,,
,,,,,,,,,,,,,,,,,,,,,,,,,,,,,,,,,,,,,,,,,,,,,,,,,,,,,,,,,,,,,,,,,,,,,,,,,,,,,,,,
,,,,,,,,,,,,,,,,,,,,,,,,,,,,,,,,,,,,,,,,,,,,,,,,,,,,,,,,,,,,,,,,,,,,,,,,,,,,,,,,
,,,,,,,,,,,,,,,,,,,,,,,,,,,,,,,,,,,,,,,,,,,,,,,,,,,,,,,,,,,,,,,,,,,,,,,,,,,,,,,,
,,,,,,,,,,,,,,,,,,,,,,,,,,,,,,,,,,,,,,,,,,,,,,,,,,,,,,,,,,,,,,,,,,,,,,,,,,,,,,,,
,,,,,,,,,,,,,,,,,,,,,,,,,,,,,,,,,,,,,,,,,,,,,,,,,,,,,,,,,,,,,,,,,,,,,,,,,,,,,,,,
,,,,,,,,,,,,,,,,,,,,,,,,,,,,,,,,,,,,,,,,,,,,,,,,,,,,,,,,,,,,,,,,,,,,,,,,,,,,,,,,
,,,,,,,,,,,,,,,,,,,,,,,,,,,,,,,,,,,,,,,,,,,,,,,,,,,,,,,,,,,,,,,,,,,,,,,,,,,,,,,,
,,,,,,,,,,,,,,,,,,,,,,,,,,,,,,,,,,,,,,,,,,,,,,,,,,,,,,,,,,,,,,,,,,,,,,,,,,,,,,,,
,,,,,,,,,,,,,,,,,,,,,,,,,,,,,,,,,,,,,,,,,,,,,,,,,,,,,,,,,,,,,,,,,,,,,,,,,,,,,,,,
,,,,,,,,,,,,,,,,,,,,,,,,,,,,,,,,,,,,,,,,,,,,,,,,,,,,,,,,,,,,,,,,,,,,,,,,,,,,,,,,
,,,,,,,,,,,,,,,,,,,,,,,,,,,,,,,,,,,,,,,,,,,,,,,,,,,,,,,,,,,,,,,,,,,,,,,,,,,,,,,,
,,,,,,,,,,,,,,,,,,,,,,,,,,,,,,,,,,,,,,,,,,,,,,,,,,,,,,,,,,,,,,,,,,,,,,,,,,,,,,,,
,,,,,,,,,,,,,,,,,,,,,,,,,,,,,,,,,,,,,,,,,,,,,,,,,,,,,,,,,,,,,,,,,,,,,,,,,,,,,,,,
,,,,,,,,,,,,,,,,,,,,,,,,,,,,,,,,,,,,,,,,,,,,,,,,,,,,,,,,,,,,,,,,,,,,,,,,,,,,,,,,
,,,,,,,,,,,,,,,,,,,,,,,,,,,,,,,,,,,,,,,,,,,,,,,,,,,,,,,,,,,,,,,,,,,,,,,,,,,,,,,,
,,,,,,,,,,,,,,,,,,,,,,,,,,,,,,,,,,,,,,,,,,,,,,,,,,,,,,,,,,,,,,,,,,,,,,,,,,,,,,,,
,,,,,,,,,,,,,,,,,,,,,,,,,,,,,,,,,,,,,,,,,,,,,,,,,,,,,,,,,,,,,,,,,,,,,,,,,,,,,,,,
,,,,,,,,,,,,,,,,,,,,,,,,,,,,,,,,,,,,,,,,,,,,,,,,,,,,,,,,,,,,,,,,,,,,,,,,,,,,,,,,
,,,,,,,,,,,,,,,,,,,,,,,,,,,,,,,,,,,,,,,,,,,,,,,,,,,,,,,,,,,,,,,,,,,,,,,,,,,,,,,,
,,,,,,,,,,,,,,,,,,,,,,,,,,,,,,,,,,,,,,,,,,,,,,,,,,,,,,,,,,,,,,,,,,,,,,,,,,,,,,,,
,,,,,,,,,,,,,,,,,,,,,,,,,,,,,,,,,,,,,,,,,,,,,,,,,,,,,,,,,,,,,,,,,,,,,,,,,,,,,,,,
,,,,,,,,,,,,,,,,,,,,,,,,,,,,,,,,,,,,,,,,,,,,,,,,,,,,,,,,,,,,,,,,,,,,,,,,,,,,,,,,
,,,,,,,,,,,,,,,,,,,,,,,,,,,,,,,,,,,,,,,,,,,,,,,,,,,,,,,,,,,,,,,,,,,,,,,,,,,,,,,,
,,,,,,,,,,,,,,,,,,,,,,,,,,,,,,,,,,,,,,,,,,,,,,,,,,,,,,,,,,,,,,,,,,,,,,,,,,,,,,,,
,,,,,,,,,,,,,,,,,,,,,,,,,,,,,,,,,,,,,,,,,,,,,,,,,,,,,,,,,,,,,,,,,,,,,,,,,,,,,,,,
,,,,,,,,,,,,,,,,,,,,,,,,,,,,,,,,,,,,,,,,,,,,,,,,,,,,,,,,,,,,,,,,,,,,,,,,,,,,,,,,
,,,,,,,,,,,,,,,,,,,,,,,,,,,,,,,,,,,,,,,,,,,,,,,,,,,,,,,,,,,,,,,,,,,,,,,,,,,,,,,,
,,,,,,,,,,,,,,,,,,,,,,,,,,,,,,,,,,,,,,,,,,,,,,,,,,,,,,,,,,,,,,,,,,,,,,,,,,,,,,,,
,,,,,,,,,,,,,,,,,,,,,,,,,,,,,,,,,,,,,,,,,,,,,,,,,,,,,,,,,,,,,,,,,,,,,,,,,,,,,,,,
,,,,,,,,,,,,,,,,,,,,,,,,,,,,,,,,,,,,,,,,,,,,,,,,,,,,,,,,,,,,,,,,,,,,,,,,,,,,,,,,
,,,,,,,,,,,,,,,,,,,,,,,,,,,,,,,,,,,,,,,,,,,,,,,,,,,,,,,,,,,,,,,,,,,,,,,,,,,,,,,,
,,,,,,,,,,,,,,,,,,,,,,,,,,,,,,,,,,,,,,,,,,,,,,,,,,,,,,,,,,,,,,,,,,,,,,,,,,,,,,,,
,,,,,,,,,,,,,,,,,,,,,,,,,,,,,,,,,,,,,,,,,,,,,,,,,,,,,,,,,,,,,,,,,,,,,,,,,,,,,,,,
,,,,,,,,,,,,,,,,,,,,,,,,,,,,,,,,,,,,,,,,,,,,,,,,,,,,,,,,,,,,,,,,,,,,,,,,,,,,,,,,
,,,,,,,,,,,,,,,,,,,,,,,,,,,,,,,,,,,,,,,,,,,,,,,,,,,,,,,,,,,,,,,,,,,,,,,,,,,,,,,,
,,,,,,,,,,,,,,,,,,,,,,,,,,,,,,,,,,,,,,,,,,,,,,,,,,,,,,,,,,,,,,,,,,,,,,,,,,,,,,,,
,,,,,,,,,,,,,,,,,,,,,,,,,,,,,,,,,,,,,,,,,,,,,,,,,,,,,,,,,,,,,,,,,,,,,,,,,,,,,,,,
,,,,,,,,,,,,,,,,,,,,,,,,,,,,,,,,,,,,,,,,,,,,,,,,,,,,,,,,,,,,,,,,,,,,,,,,,,,,,,,,
,,,,,,,,,,,,,,,,,,,,,,,,,,,,,,,,,,,,,,,,,,,,,,,,,,,,,,,,,,,,,,,,,,,,,,,,,,,,,,,,
,,,,,,,,,,,,,,,,,,,,,,,,,,,,,,,,,,,,,,,,,,,,,,,,,,,,,,,,,,,,,,,,,,,,,,,,,,,,,,,,
,,,,,,,,,,,,,,,,,,,,,,,,,,,,,,,,,,,,,,,,,,,,,,,,,,,,,,,,,,,,,,,,,,,,,,,,,,,,,,,,
,,,,,,,,,,,,,,,,,,,,,,,,,,,,,,,,,,,,,,,,,,,,,,,,,,,,,,,,,,,,,,,,,,,,,,,,,,,,,,,,
,,,,,,,,,,,,,,,,,,,,,,,,,,,,,,,,,,,,,,,,,,,,,,,,,,,,,,,,,,,,,,,,,,,,,,,,,,,,,,,,
,,,,,,,,,,,,,,,,,,,,,,,,,,,,,,,,,,,,,,,,,,,,,,,,,,,,,,,,,,,,,,,,,,,,,,,,,,,,,,,,
,,,,,,,,,,,,,,,,,,,,,,,,,,,,,,,,,,,,,,,,,,,,,,,,,,,,,,,,,,,,,,,,,,,,,,,,,,,,,,,,
,,,,,,,,,,,,,,,,,,,,,,,,,,,,,,,,,,,,,,,,,,,,,,,,,,,,,,,,,,,,,,,,,,,,,,,,,,,,,,,,
,,,,,,,,,,,,,,,,,,,,,,,,,,,,,,,,,,,,,,,,,,,,,,,,,,,,,,,,,,,,,,,,,,,,,,,,,,,,,,,,
,,,,,,,,,,,,,,,,,,,,,,,,,,,,,,,,,,,,,,,,,,,,,,,,,,,,,,,,,,,,,,,,,,,,,,,,,,,,,,,,
,,,,,,,,,,,,,,,,,,,,,,,,,,,,,,,,,,,,,,,,,,,,,,,,,,,,,,,,,,,,,,,,,,,,,,,,,,,,,,,,
,,,,,,,,,,,,,,,,,,,,,,,,,,,,,,,,,,,,,,,,,,,,,,,,,,,,,,,,,,,,,,,,,,,,,,,,,,,,,,,,
,,,,,,,,,,,,,,,,,,,,,,,,,,,,,,,,,,,,,,,,,,,,,,,,,,,,,,,,,,,,,,,,,,,,,,,,,,,,,,,,
,,,,,,,,,,,,,,,,,,,,,,,,,,,,,,,,,,,,,,,,,,,,,,,,,,,,,,,,,,,,,,,,,,,,,,,,,,,,,,,,
,,,,,,,,,,,,,,,,,,,,,,,,,,,,,,,,,,,,,,,,,,,,,,,,,,,,,,,,,,,,,,,,,,,,,,,,,,,,,,,,
,,,,,,,,,,,,,,,,,,,,,,,,,,,,,,,,,,,,,,,,,,,,,,,,,,,,,,,,,,,,,,,,,,,,,,,,,,,,,,,,
,,,,,,,,,,,,,,,,,,,,,,,,,,,,,,,,,,,,,,,,,,,,,,,,,,,,,,,,,,,,,,,,,,,,,,,,,,,,,,,,
,,,,,,,,,,,,,,,,,,,,,,,,,,,,,,,,,,,,,,,,,,,,,,,,,,,,,,,,,,,,,,,,,,,,,,,,,,,,,,,,
,,,,,,,,,,,,,,,,,,,,,,,,,,,,,,,,,,,,,,,,,,,,,,,,,,,,,,,,,,,,,,,,,,,,,,,,,,,,,,,,
,,,,,,,,,,,,,,,,,,,,,,,,,,,,,,,,,,,,,,,,,,,,,,,,,,,,,,,,,,,,,,,,,,,,,,,,,,,,,,,,
,,,,,,,,,,,,,,,,,,,,,,,,,,,,,,,,,,,,,,,,,,,,,,,,,,,,,,,,,,,,,,,,,,,,,,,,,,,,,,,,
,,,,,,,,,,,,,,,,,,,,,,,,,,,,,,,,,,,,,,,,,,,,,,,,,,,,,,,,,,,,,,,,,,,,,,,,,,,,,,,,
,,,,,,,,,,,,,,,,,,,,,,,,,,,,,,,,,,,,,,,,,,,,,,,,,,,,,,,,,,,,,,,,,,,,,,,,,,,,,,,,
,,,,,,,,,,,,,,,,,,,,,,,,,,,,,,,,,,,,,,,,,,,,,,,,,,,,,,,,,,,,,,,,,,,,,,,,,,,,,,,,
,,,,,,,,,,,,,,,,,,,,,,,,,,,,,,,,,,,,,,,,,,,,,,,,,,,,,,,,,,,,,,,,,,,,,,,,,,,,,,,,
,,,,,,,,,,,,,,,,,,,,,,,,,,,,,,,,,,,,,,,,,,,,,,,,,,,,,,,,,,,,,,,,,,,,,,,,,,,,,,,,
,,,,,,,,,,,,,,,,,,,,,,,,,,,,,,,,,,,,,,,,,,,,,,,,,,,,,,,,,,,,,,,,,,,,,,,,,,,,,,,,
,,,,,,,,,,,,,,,,,,,,,,,,,,,,,,,,,,,,,,,,,,,,,,,,,,,,,,,,,,,,,,,,,,,,,,,,,,,,,,,,
,,,,,,,,,,,,,,,,,,,,,,,,,,,,,,,,,,,,,,,,,,,,,,,,,,,,,,,,,,,,,,,,,,,,,,,,,,,,,,,,
,,,,,,,,,,,,,,,,,,,,,,,,,,,,,,,,,,,,,,,,,,,,,,,,,,,,,,,,,,,,,,,,,,,,,,,,,,,,,,,,
,,,,,,,,,,,,,,,,,,,,,,,,,,,,,,,,,,,,,,,,,,,,,,,,,,,,,,,,,,,,,,,,,,,,,,,,,,,,,,,,
,,,,,,,,,,,,,,,,,,,,,,,,,,,,,,,,,,,,,,,,,,,,,,,,,,,,,,,,,,,,,,,,,,,,,,,,,,,,,,,,
,,,,,,,,,,,,,,,,,,,,,,,,,,,,,,,,,,,,,,,,,,,,,,,,,,,,,,,,,,,,,,,,,,,,,,,,,,,,,,,,
,,,,,,,,,,,,,,,,,,,,,,,,,,,,,,,,,,,,,,,,,,,,,,,,,,,,,,,,,,,,,,,,,,,,,,,,,,,,,,,,
,,,,,,,,,,,,,,,,,,,,,,,,,,,,,,,,,,,,,,,,,,,,,,,,,,,,,,,,,,,,,,,,,,,,,,,,,,,,,,,,
,,,,,,,,,,,,,,,,,,,,,,,,,,,,,,,,,,,,,,,,,,,,,,,,,,,,,,,,,,,,,,,,,,,,,,,,,,,,,,,,
,,,,,,,,,,,,,,,,,,,,,,,,,,,,,,,,,,,,,,,,,,,,,,,,,,,,,,,,,,,,,,,,,,,,,,,,,,,,,,,,
,,,,,,,,,,,,,,,,,,,,,,,,,,,,,,,,,,,,,,,,,,,,,,,,,,,,,,,,,,,,,,,,,,,,,,,,,,,,,,,,
,,,,,,,,,,,,,,,,,,,,,,,,,,,,,,,,,,,,,,,,,,,,,,,,,,,,,,,,,,,,,,,,,,,,,,,,,,,,,,,,
,,,,,,,,,,,,,,,,,,,,,,,,,,,,,,,,,,,,,,,,,,,,,,,,,,,,,,,,,,,,,,,,,,,,,,,,,,,,,,,,
,,,,,,,,,,,,,,,,,,,,,,,,,,,,,,,,,,,,,,,,,,,,,,,,,,,,,,,,,,,,,,,,,,,,,,,,,,,,,,,,
,,,,,,,,,,,,,,,,,,,,,,,,,,,,,,,,,,,,,,,,,,,,,,,,,,,,,,,,,,,,,,,,,,,,,,,,,,,,,,,,
,,,,,,,,,,,,,,,,,,,,,,,,,,,,,,,,,,,,,,,,,,,,,,,,,,,,,,,,,,,,,,,,,,,,,,,,,,,,,,,,
,,,,,,,,,,,,,,,,,,,,,,,,,,,,,,,,,,,,,,,,,,,,,,,,,,,,,,,,,,,,,,,,,,,,,,,,,,,,,,,,
,,,,,,,,,,,,,,,,,,,,,,,,,,,,,,,,,,,,,,,,,,,,,,,,,,,,,,,,,,,,,,,,,,,,,,,,,,,,,,,,
,,,,,,,,,,,,,,,,,,,,,,,,,,,,,,,,,,,,,,,,,,,,,,,,,,,,,,,,,,,,,,,,,,,,,,,,,,,,,,,,
,,,,,,,,,,,,,,,,,,,,,,,,,,,,,,,,,,,,,,,,,,,,,,,,,,,,,,,,,,,,,,,,,,,,,,,,,,,,,,,,
,,,,,,,,,,,,,,,,,,,,,,,,,,,,,,,,,,,,,,,,,,,,,,,,,,,,,,,,,,,,,,,,,,,,,,,,,,,,,,,,
,,,,,,,,,,,,,,,,,,,,,,,,,,,,,,,,,,,,,,,,,,,,,,,,,,,,,,,,,,,,,,,,,,,,,,,,,,,,,,,,
,,,,,,,,,,,,,,,,,,,,,,,,,,,,,,,,,,,,,,,,,,,,,,,,,,,,,,,,,,,,,,,,,,,,,,,,,,,,,,,,
,,,,,,,,,,,,,,,,,,,,,,,,,,,,,,,,,,,,,,,,,,,,,,,,,,,,,,,,,,,,,,,,,,,,,,,,,,,,,,,,
,,,,,,,,,,,,,,,,,,,,,,,,,,,,,,,,,,,,,,,,,,,,,,,,,,,,,,,,,,,,,,,,,,,,,,,,,,,,,,,,
,,,,,,,,,,,,,,,,,,,,,,,,,,,,,,,,,,,,,,,,,,,,,,,,,,,,,,,,,,,,,,,,,,,,,,,,,,,,,,,,
,,,,,,,,,,,,,,,,,,,,,,,,,,,,,,,,,,,,,,,,,,,,,,,,,,,,,,,,,,,,,,,,,,,,,,,,,,,,,,,,
,,,,,,,,,,,,,,,,,,,,,,,,,,,,,,,,,,,,,,,,,,,,,,,,,,,,,,,,,,,,,,,,,,,,,,,,,,,,,,,,
,,,,,,,,,,,,,,,,,,,,,,,,,,,,,,,,,,,,,,,,,,,,,,,,,,,,,,,,,,,,,,,,,,,,,,,,,,,,,,,,
,,,,,,,,,,,,,,,,,,,,,,,,,,,,,,,,,,,,,,,,,,,,,,,,,,,,,,,,,,,,,,,,,,,,,,,,,,,,,,,,
,,,,,,,,,,,,,,,,,,,,,,,,,,,,,,,,,,,,,,,,,,,,,,,,,,,,,,,,,,,,,,,,,,,,,,,,,,,,,,,,
,,,,,,,,,,,,,,,,,,,,,,,,,,,,,,,,,,,,,,,,,,,,,,,,,,,,,,,,,,,,,,,,,,,,,,,,,,,,,,,,
,,,,,,,,,,,,,,,,,,,,,,,,,,,,,,,,,,,,,,,,,,,,,,,,,,,,,,,,,,,,,,,,,,,,,,,,,,,,,,,,
,,,,,,,,,,,,,,,,,,,,,,,,,,,,,,,,,,,,,,,,,,,,,,,,,,,,,,,,,,,,,,,,,,,,,,,,,,,,,,,,
,,,,,,,,,,,,,,,,,,,,,,,,,,,,,,,,,,,,,,,,,,,,,,,,,,,,,,,,,,,,,,,,,,,,,,,,,,,,,,,,
,,,,,,,,,,,,,,,,,,,,,,,,,,,,,,,,,,,,,,,,,,,,,,,,,,,,,,,,,,,,,,,,,,,,,,,,,,,,,,,,
,,,,,,,,,,,,,,,,,,,,,,,,,,,,,,,,,,,,,,,,,,,,,,,,,,,,,,,,,,,,,,,,,,,,,,,,,,,,,,,,
,,,,,,,,,,,,,,,,,,,,,,,,,,,,,,,,,,,,,,,,,,,,,,,,,,,,,,,,,,,,,,,,,,,,,,,,,,,,,,,,
,,,,,,,,,,,,,,,,,,,,,,,,,,,,,,,,,,,,,,,,,,,,,,,,,,,,,,,,,,,,,,,,,,,,,,,,,,,,,,,,
,,,,,,,,,,,,,,,,,,,,,,,,,,,,,,,,,,,,,,,,,,,,,,,,,,,,,,,,,,,,,,,,,,,,,,,,,,,,,,,,
,,,,,,,,,,,,,,,,,,,,,,,,,,,,,,,,,,,,,,,,,,,,,,,,,,,,,,,,,,,,,,,,,,,,,,,,,,,,,,,,
,,,,,,,,,,,,,,,,,,,,,,,,,,,,,,,,,,,,,,,,,,,,,,,,,,,,,,,,,,,,,,,,,,,,,,,,,,,,,,,,
,,,,,,,,,,,,,,,,,,,,,,,,,,,,,,,,,,,,,,,,,,,,,,,,,,,,,,,,,,,,,,,,,,,,,,,,,,,,,,,,
,,,,,,,,,,,,,,,,,,,,,,,,,,,,,,,,,,,,,,,,,,,,,,,,,,,,,,,,,,,,,,,,,,,,,,,,,,,,,,,,
,,,,,,,,,,,,,,,,,,,,,,,,,,,,,,,,,,,,,,,,,,,,,,,,,,,,,,,,,,,,,,,,,,,,,,,,,,,,,,,,
,,,,,,,,,,,,,,,,,,,,,,,,,,,,,,,,,,,,,,,,,,,,,,,,,,,,,,,,,,,,,,,,,,,,,,,,,,,,,,,,
,,,,,,,,,,,,,,,,,,,,,,,,,,,,,,,,,,,,,,,,,,,,,,,,,,,,,,,,,,,,,,,,,,,,,,,,,,,,,,,,
,,,,,,,,,,,,,,,,,,,,,,,,,,,,,,,,,,,,,,,,,,,,,,,,,,,,,,,,,,,,,,,,,,,,,,,,,,,,,,,,
,,,,,,,,,,,,,,,,,,,,,,,,,,,,,,,,,,,,,,,,,,,,,,,,,,,,,,,,,,,,,,,,,,,,,,,,,,,,,,,,
,,,,,,,,,,,,,,,,,,,,,,,,,,,,,,,,,,,,,,,,,,,,,,,,,,,,,,,,,,,,,,,,,,,,,,,,,,,,,,,,
,,,,,,,,,,,,,,,,,,,,,,,,,,,,,,,,,,,,,,,,,,,,,,,,,,,,,,,,,,,,,,,,,,,,,,,,,,,,,,,,
,,,,,,,,,,,,,,,,,,,,,,,,,,,,,,,,,,,,,,,,,,,,,,,,,,,,,,,,,,,,,,,,,,,,,,,,,,,,,,,,
,,,,,,,,,,,,,,,,,,,,,,,,,,,,,,,,,,,,,,,,,,,,,,,,,,,,,,,,,,,,,,,,,,,,,,,,,,,,,,,,
,,,,,,,,,,,,,,,,,,,,,,,,,,,,,,,,,,,,,,,,,,,,,,,,,,,,,,,,,,,,,,,,,,,,,,,,,,,,,,,,
,,,,,,,,,,,,,,,,,,,,,,,,,,,,,,,,,,,,,,,,,,,,,,,,,,,,,,,,,,,,,,,,,,,,,,,,,,,,,,,,
,,,,,,,,,,,,,,,,,,,,,,,,,,,,,,,,,,,,,,,,,,,,,,,,,,,,,,,,,,,,,,,,,,,,,,,,,,,,,,,,
,,,,,,,,,,,,,,,,,,,,,,,,,,,,,,,,,,,,,,,,,,,,,,,,,,,,,,,,,,,,,,,,,,,,,,,,,,,,,,,,
,,,,,,,,,,,,,,,,,,,,,,,,,,,,,,,,,,,,,,,,,,,,,,,,,,,,,,,,,,,,,,,,,,,,,,,,,,,,,,,,
,,,,,,,,,,,,,,,,,,,,,,,,,,,,,,,,,,,,,,,,,,,,,,,,,,,,,,,,,,,,,,,,,,,,,,,,,,,,,,,,
,,,,,,,,,,,,,,,,,,,,,,,,,,,,,,,,,,,,,,,,,,,,,,,,,,,,,,,,,,,,,,,,,,,,,,,,,,,,,,,,
,,,,,,,,,,,,,,,,,,,,,,,,,,,,,,,,,,,,,,,,,,,,,,,,,,,,,,,,,,,,,,,,,,,,,,,,,,,,,,,,
,,,,,,,,,,,,,,,,,,,,,,,,,,,,,,,,,,,,,,,,,,,,,,,,,,,,,,,,,,,,,,,,,,,,,,,,,,,,,,,,
,,,,,,,,,,,,,,,,,,,,,,,,,,,,,,,,,,,,,,,,,,,,,,,,,,,,,,,,,,,,,,,,,,,,,,,,,,,,,,,,
,,,,,,,,,,,,,,,,,,,,,,,,,,,,,,,,,,,,,,,,,,,,,,,,,,,,,,,,,,,,,,,,,,,,,,,,,,,,,,,,
,,,,,,,,,,,,,,,,,,,,,,,,,,,,,,,,,,,,,,,,,,,,,,,,,,,,,,,,,,,,,,,,,,,,,,,,,,,,,,,,
,,,,,,,,,,,,,,,,,,,,,,,,,,,,,,,,,,,,,,,,,,,,,,,,,,,,,,,,,,,,,,,,,,,,,,,,,,,,,,,,
,,,,,,,,,,,,,,,,,,,,,,,,,,,,,,,,,,,,,,,,,,,,,,,,,,,,,,,,,,,,,,,,,,,,,,,,,,,,,,,,
,,,,,,,,,,,,,,,,,,,,,,,,,,,,,,,,,,,,,,,,,,,,,,,,,,,,,,,,,,,,,,,,,,,,,,,,,,,,,,,,
,,,,,,,,,,,,,,,,,,,,,,,,,,,,,,,,,,,,,,,,,,,,,,,,,,,,,,,,,,,,,,,,,,,,,,,,,,,,,,,,
,,,,,,,,,,,,,,,,,,,,,,,,,,,,,,,,,,,,,,,,,,,,,,,,,,,,,,,,,,,,,,,,,,,,,,,,,,,,,,,,
,,,,,,,,,,,,,,,,,,,,,,,,,,,,,,,,,,,,,,,,,,,,,,,,,,,,,,,,,,,,,,,,,,,,,,,,,,,,,,,,
,,,,,,,,,,,,,,,,,,,,,,,,,,,,,,,,,,,,,,,,,,,,,,,,,,,,,,,,,,,,,,,,,,,,,,,,,,,,,,,,
,,,,,,,,,,,,,,,,,,,,,,,,,,,,,,,,,,,,,,,,,,,,,,,,,,,,,,,,,,,,,,,,,,,,,,,,,,,,,,,,
,,,,,,,,,,,,,,,,,,,,,,,,,,,,,,,,,,,,,,,,,,,,,,,,,,,,,,,,,,,,,,,,,,,,,,,,,,,,,,,,
,,,,,,,,,,,,,,,,,,,,,,,,,,,,,,,,,,,,,,,,,,,,,,,,,,,,,,,,,,,,,,,,,,,,,,,,,,,,,,,,
,,,,,,,,,,,,,,,,,,,,,,,,,,,,,,,,,,,,,,,,,,,,,,,,,,,,,,,,,,,,,,,,,,,,,,,,,,,,,,,,
,,,,,,,,,,,,,,,,,,,,,,,,,,,,,,,,,,,,,,,,,,,,,,,,,,,,,,,,,,,,,,,,,,,,,,,,,,,,,,,,
,,,,,,,,,,,,,,,,,,,,,,,,,,,,,,,,,,,,,,,,,,,,,,,,,,,,,,,,,,,,,,,,,,,,,,,,,,,,,,,,
,,,,,,,,,,,,,,,,,,,,,,,,,,,,,,,,,,,,,,,,,,,,,,,,,,,,,,,,,,,,,,,,,,,,,,,,,,,,,,,,
,,,,,,,,,,,,,,,,,,,,,,,,,,,,,,,,,,,,,,,,,,,,,,,,,,,,,,,,,,,,,,,,,,,,,,,,,,,,,,,,
,,,,,,,,,,,,,,,,,,,,,,,,,,,,,,,,,,,,,,,,,,,,,,,,,,,,,,,,,,,,,,,,,,,,,,,,,,,,,,,,
,,,,,,,,,,,,,,,,,,,,,,,,,,,,,,,,,,,,,,,,,,,,,,,,,,,,,,,,,,,,,,,,,,,,,,,,,,,,,,,,
,,,,,,,,,,,,,,,,,,,,,,,,,,,,,,,,,,,,,,,,,,,,,,,,,,,,,,,,,,,,,,,,,,,,,,,,,,,,,,,,
,,,,,,,,,,,,,,,,,,,,,,,,,,,,,,,,,,,,,,,,,,,,,,,,,,,,,,,,,,,,,,,,,,,,,,,,,,,,,,,,
,,,,,,,,,,,,,,,,,,,,,,,,,,,,,,,,,,,,,,,,,,,,,,,,,,,,,,,,,,,,,,,,,,,,,,,,,,,,,,,,
,,,,,,,,,,,,,,,,,,,,,,,,,,,,,,,,,,,,,,,,,,,,,,,,,,,,,,,,,,,,,,,,,,,,,,,,,,,,,,,,
,,,,,,,,,,,,,,,,,,,,,,,,,,,,,,,,,,,,,,,,,,,,,,,,,,,,,,,,,,,,,,,,,,,,,,,,,,,,,,,,
,,,,,,,,,,,,,,,,,,,,,,,,,,,,,,,,,,,,,,,,,,,,,,,,,,,,,,,,,,,,,,,,,,,,,,,,,,,,,,,,
,,,,,,,,,,,,,,,,,,,,,,,,,,,,,,,,,,,,,,,,,,,,,,,,,,,,,,,,,,,,,,,,,,,,,,,,,,,,,,,,
,,,,,,,,,,,,,,,,,,,,,,,,,,,,,,,,,,,,,,,,,,,,,,,,,,,,,,,,,,,,,,,,,,,,,,,,,,,,,,,,
,,,,,,,,,,,,,,,,,,,,,,,,,,,,,,,,,,,,,,,,,,,,,,,,,,,,,,,,,,,,,,,,,,,,,,,,,,,,,,,,
,,,,,,,,,,,,,,,,,,,,,,,,,,,,,,,,,,,,,,,,,,,,,,,,,,,,,,,,,,,,,,,,,,,,,,,,,,,,,,,,
,,,,,,,,,,,,,,,,,,,,,,,,,,,,,,,,,,,,,,,,,,,,,,,,,,,,,,,,,,,,,,,,,,,,,,,,,,,,,,,,
,,,,,,,,,,,,,,,,,,,,,,,,,,,,,,,,,,,,,,,,,,,,,,,,,,,,,,,,,,,,,,,,,,,,,,,,,,,,,,,,
,,,,,,,,,,,,,,,,,,,,,,,,,,,,,,,,,,,,,,,,,,,,,,,,,,,,,,,,,,,,,,,,,,,,,,,,,,,,,,,,
,,,,,,,,,,,,,,,,,,,,,,,,,,,,,,,,,,,,,,,,,,,,,,,,,,,,,,,,,,,,,,,,,,,,,,,,,,,,,,,,
,,,,,,,,,,,,,,,,,,,,,,,,,,,,,,,,,,,,,,,,,,,,,,,,,,,,,,,,,,,,,,,,,,,,,,,,,,,,,,,,
,,,,,,,,,,,,,,,,,,,,,,,,,,,,,,,,,,,,,,,,,,,,,,,,,,,,,,,,,,,,,,,,,,,,,,,,,,,,,,,,
,,,,,,,,,,,,,,,,,,,,,,,,,,,,,,,,,,,,,,,,,,,,,,,,,,,,,,,,,,,,,,,,,,,,,,,,,,,,,,,,
,,,,,,,,,,,,,,,,,,,,,,,,,,,,,,,,,,,,,,,,,,,,,,,,,,,,,,,,,,,,,,,,,,,,,,,,,,,,,,,,
,,,,,,,,,,,,,,,,,,,,,,,,,,,,,,,,,,,,,,,,,,,,,,,,,,,,,,,,,,,,,,,,,,,,,,,,,,,,,,,,
,,,,,,,,,,,,,,,,,,,,,,,,,,,,,,,,,,,,,,,,,,,,,,,,,,,,,,,,,,,,,,,,,,,,,,,,,,,,,,,,
,,,,,,,,,,,,,,,,,,,,,,,,,,,,,,,,,,,,,,,,,,,,,,,,,,,,,,,,,,,,,,,,,,,,,,,,,,,,,,,,
,,,,,,,,,,,,,,,,,,,,,,,,,,,,,,,,,,,,,,,,,,,,,,,,,,,,,,,,,,,,,,,,,,,,,,,,,,,,,,,,
,,,,,,,,,,,,,,,,,,,,,,,,,,,,,,,,,,,,,,,,,,,,,,,,,,,,,,,,,,,,,,,,,,,,,,,,,,,,,,,,
,,,,,,,,,,,,,,,,,,,,,,,,,,,,,,,,,,,,,,,,,,,,,,,,,,,,,,,,,,,,,,,,,,,,,,,,,,,,,,,,
,,,,,,,,,,,,,,,,,,,,,,,,,,,,,,,,,,,,,,,,,,,,,,,,,,,,,,,,,,,,,,,,,,,,,,,,,,,,,,,,
,,,,,,,,,,,,,,,,,,,,,,,,,,,,,,,,,,,,,,,,,,,,,,,,,,,,,,,,,,,,,,,,,,,,,,,,,,,,,,,,
,,,,,,,,,,,,,,,,,,,,,,,,,,,,,,,,,,,,,,,,,,,,,,,,,,,,,,,,,,,,,,,,,,,,,,,,,,,,,,,,
,,,,,,,,,,,,,,,,,,,,,,,,,,,,,,,,,,,,,,,,,,,,,,,,,,,,,,,,,,,,,,,,,,,,,,,,,,,,,,,,
,,,,,,,,,,,,,,,,,,,,,,,,,,,,,,,,,,,,,,,,,,,,,,,,,,,,,,,,,,,,,,,,,,,,,,,,,,,,,,,,
,,,,,,,,,,,,,,,,,,,,,,,,,,,,,,,,,,,,,,,,,,,,,,,,,,,,,,,,,,,,,,,,,,,,,,,,,,,,,,,,
,,,,,,,,,,,,,,,,,,,,,,,,,,,,,,,,,,,,,,,,,,,,,,,,,,,,,,,,,,,,,,,,,,,,,,,,,,,,,,,,
,,,,,,,,,,,,,,,,,,,,,,,,,,,,,,,,,,,,,,,,,,,,,,,,,,,,,,,,,,,,,,,,,,,,,,,,,,,,,,,,
,,,,,,,,,,,,,,,,,,,,,,,,,,,,,,,,,,,,,,,,,,,,,,,,,,,,,,,,,,,,,,,,,,,,,,,,,,,,,,,,
,,,,,,,,,,,,,,,,,,,,,,,,,,,,,,,,,,,,,,,,,,,,,,,,,,,,,,,,,,,,,,,,,,,,,,,,,,,,,,,,
,,,,,,,,,,,,,,,,,,,,,,,,,,,,,,,,,,,,,,,,,,,,,,,,,,,,,,,,,,,,,,,,,,,,,,,,,,,,,,,,
,,,,,,,,,,,,,,,,,,,,,,,,,,,,,,,,,,,,,,,,,,,,,,,,,,,,,,,,,,,,,,,,,,,,,,,,,,,,,,,,
,,,,,,,,,,,,,,,,,,,,,,,,,,,,,,,,,,,,,,,,,,,,,,,,,,,,,,,,,,,,,,,,,,,,,,,,,,,,,,,,
,,,,,,,,,,,,,,,,,,,,,,,,,,,,,,,,,,,,,,,,,,,,,,,,,,,,,,,,,,,,,,,,,,,,,,,,,,,,,,,,
,,,,,,,,,,,,,,,,,,,,,,,,,,,,,,,,,,,,,,,,,,,,,,,,,,,,,,,,,,,,,,,,,,,,,,,,,,,,,,,,
,,,,,,,,,,,,,,,,,,,,,,,,,,,,,,,,,,,,,,,,,,,,,,,,,,,,,,,,,,,,,,,,,,,,,,,,,,,,,,,,
,,,,,,,,,,,,,,,,,,,,,,,,,,,,,,,,,,,,,,,,,,,,,,,,,,,,,,,,,,,,,,,,,,,,,,,,,,,,,,,,
,,,,,,,,,,,,,,,,,,,,,,,,,,,,,,,,,,,,,,,,,,,,,,,,,,,,,,,,,,,,,,,,,,,,,,,,,,,,,,,,
,,,,,,,,,,,,,,,,,,,,,,,,,,,,,,,,,,,,,,,,,,,,,,,,,,,,,,,,,,,,,,,,,,,,,,,,,,,,,,,,
,,,,,,,,,,,,,,,,,,,,,,,,,,,,,,,,,,,,,,,,,,,,,,,,,,,,,,,,,,,,,,,,,,,,,,,,,,,,,,,,
,,,,,,,,,,,,,,,,,,,,,,,,,,,,,,,,,,,,,,,,,,,,,,,,,,,,,,,,,,,,,,,,,,,,,,,,,,,,,,,,
,,,,,,,,,,,,,,,,,,,,,,,,,,,,,,,,,,,,,,,,,,,,,,,,,,,,,,,,,,,,,,,,,,,,,,,,,,,,,,,,
,,,,,,,,,,,,,,,,,,,,,,,,,,,,,,,,,,,,,,,,,,,,,,,,,,,,,,,,,,,,,,,,,,,,,,,,,,,,,,,,
,,,,,,,,,,,,,,,,,,,,,,,,,,,,,,,,,,,,,,,,,,,,,,,,,,,,,,,,,,,,,,,,,,,,,,,,,,,,,,,,
,,,,,,,,,,,,,,,,,,,,,,,,,,,,,,,,,,,,,,,,,,,,,,,,,,,,,,,,,,,,,,,,,,,,,,,,,,,,,,,,
,,,,,,,,,,,,,,,,,,,,,,,,,,,,,,,,,,,,,,,,,,,,,,,,,,,,,,,,,,,,,,,,,,,,,,,,,,,,,,,,
,,,,,,,,,,,,,,,,,,,,,,,,,,,,,,,,,,,,,,,,,,,,,,,,,,,,,,,,,,,,,,,,,,,,,,,,,,,,,,,,
,,,,,,,,,,,,,,,,,,,,,,,,,,,,,,,,,,,,,,,,,,,,,,,,,,,,,,,,,,,,,,,,,,,,,,,,,,,,,,,,
,,,,,,,,,,,,,,,,,,,,,,,,,,,,,,,,,,,,,,,,,,,,,,,,,,,,,,,,,,,,,,,,,,,,,,,,,,,,,,,,
,,,,,,,,,,,,,,,,,,,,,,,,,,,,,,,,,,,,,,,,,,,,,,,,,,,,,,,,,,,,,,,,,,,,,,,,,,,,,,,,
,,,,,,,,,,,,,,,,,,,,,,,,,,,,,,,,,,,,,,,,,,,,,,,,,,,,,,,,,,,,,,,,,,,,,,,,,,,,,,,,
,,,,,,,,,,,,,,,,,,,,,,,,,,,,,,,,,,,,,,,,,,,,,,,,,,,,,,,,,,,,,,,,,,,,,,,,,,,,,,,,
,,,,,,,,,,,,,,,,,,,,,,,,,,,,,,,,,,,,,,,,,,,,,,,,,,,,,,,,,,,,,,,,,,,,,,,,,,,,,,,,
,,,,,,,,,,,,,,,,,,,,,,,,,,,,,,,,,,,,,,,,,,,,,,,,,,,,,,,,,,,,,,,,,,,,,,,,,,,,,,,,
,,,,,,,,,,,,,,,,,,,,,,,,,,,,,,,,,,,,,,,,,,,,,,,,,,,,,,,,,,,,,,,,,,,,,,,,,,,,,,,,
,,,,,,,,,,,,,,,,,,,,,,,,,,,,,,,,,,,,,,,,,,,,,,,,,,,,,,,,,,,,,,,,,,,,,,,,,,,,,,,,
,,,,,,,,,,,,,,,,,,,,,,,,,,,,,,,,,,,,,,,,,,,,,,,,,,,,,,,,,,,,,,,,,,,,,,,,,,,,,,,,
,,,,,,,,,,,,,,,,,,,,,,,,,,,,,,,,,,,,,,,,,,,,,,,,,,,,,,,,,,,,,,,,,,,,,,,,,,,,,,,,
,,,,,,,,,,,,,,,,,,,,,,,,,,,,,,,,,,,,,,,,,,,,,,,,,,,,,,,,,,,,,,,,,,,,,,,,,,,,,,,,
,,,,,,,,,,,,,,,,,,,,,,,,,,,,,,,,,,,,,,,,,,,,,,,,,,,,,,,,,,,,,,,,,,,,,,,,,,,,,,,,
,,,,,,,,,,,,,,,,,,,,,,,,,,,,,,,,,,,,,,,,,,,,,,,,,,,,,,,,,,,,,,,,,,,,,,,,,,,,,,,,
,,,,,,,,,,,,,,,,,,,,,,,,,,,,,,,,,,,,,,,,,,,,,,,,,,,,,,,,,,,,,,,,,,,,,,,,,,,,,,,,
,,,,,,,,,,,,,,,,,,,,,,,,,,,,,,,,,,,,,,,,,,,,,,,,,,,,,,,,,,,,,,,,,,,,,,,,,,,,,,,,
,,,,,,,,,,,,,,,,,,,,,,,,,,,,,,,,,,,,,,,,,,,,,,,,,,,,,,,,,,,,,,,,,,,,,,,,,,,,,,,,
,,,,,,,,,,,,,,,,,,,,,,,,,,,,,,,,,,,,,,,,,,,,,,,,,,,,,,,,,,,,,,,,,,,,,,,,,,,,,,,,
,,,,,,,,,,,,,,,,,,,,,,,,,,,,,,,,,,,,,,,,,,,,,,,,,,,,,,,,,,,,,,,,,,,,,,,,,,,,,,,,
,,,,,,,,,,,,,,,,,,,,,,,,,,,,,,,,,,,,,,,,,,,,,,,,,,,,,,,,,,,,,,,,,,,,,,,,,,,,,,,,
,,,,,,,,,,,,,,,,,,,,,,,,,,,,,,,,,,,,,,,,,,,,,,,,,,,,,,,,,,,,,,,,,,,,,,,,,,,,,,,,
,,,,,,,,,,,,,,,,,,,,,,,,,,,,,,,,,,,,,,,,,,,,,,,,,,,,,,,,,,,,,,,,,,,,,,,,,,,,,,,,
,,,,,,,,,,,,,,,,,,,,,,,,,,,,,,,,,,,,,,,,,,,,,,,,,,,,,,,,,,,,,,,,,,,,,,,,,,,,,,,,
,,,,,,,,,,,,,,,,,,,,,,,,,,,,,,,,,,,,,,,,,,,,,,,,,,,,,,,,,,,,,,,,,,,,,,,,,,,,,,,,
,,,,,,,,,,,,,,,,,,,,,,,,,,,,,,,,,,,,,,,,,,,,,,,,,,,,,,,,,,,,,,,,,,,,,,,,,,,,,,,,
,,,,,,,,,,,,,,,,,,,,,,,,,,,,,,,,,,,,,,,,,,,,,,,,,,,,,,,,,,,,,,,,,,,,,,,,,,,,,,,,
,,,,,,,,,,,,,,,,,,,,,,,,,,,,,,,,,,,,,,,,,,,,,,,,,,,,,,,,,,,,,,,,,,,,,,,,,,,,,,,,
,,,,,,,,,,,,,,,,,,,,,,,,,,,,,,,,,,,,,,,,,,,,,,,,,,,,,,,,,,,,,,,,,,,,,,,,,,,,,,,,
,,,,,,,,,,,,,,,,,,,,,,,,,,,,,,,,,,,,,,,,,,,,,,,,,,,,,,,,,,,,,,,,,,,,,,,,,,,,,,,,
,,,,,,,,,,,,,,,,,,,,,,,,,,,,,,,,,,,,,,,,,,,,,,,,,,,,,,,,,,,,,,,,,,,,,,,,,,,,,,,,
,,,,,,,,,,,,,,,,,,,,,,,,,,,,,,,,,,,,,,,,,,,,,,,,,,,,,,,,,,,,,,,,,,,,,,,,,,,,,,,,
,,,,,,,,,,,,,,,,,,,,,,,,,,,,,,,,,,,,,,,,,,,,,,,,,,,,,,,,,,,,,,,,,,,,,,,,,,,,,,,,
,,,,,,,,,,,,,,,,,,,,,,,,,,,,,,,,,,,,,,,,,,,,,,,,,,,,,,,,,,,,,,,,,,,,,,,,,,,,,,,,
,,,,,,,,,,,,,,,,,,,,,,,,,,,,,,,,,,,,,,,,,,,,,,,,,,,,,,,,,,,,,,,,,,,,,,,,,,,,,,,,
,,,,,,,,,,,,,,,,,,,,,,,,,,,,,,,,,,,,,,,,,,,,,,,,,,,,,,,,,,,,,,,,,,,,,,,,,,,,,,,,
,,,,,,,,,,,,,,,,,,,,,,,,,,,,,,,,,,,,,,,,,,,,,,,,,,,,,,,,,,,,,,,,,,,,,,,,,,,,,,,,
,,,,,,,,,,,,,,,,,,,,,,,,,,,,,,,,,,,,,,,,,,,,,,,,,,,,,,,,,,,,,,,,,,,,,,,,,,,,,,,,
,,,,,,,,,,,,,,,,,,,,,,,,,,,,,,,,,,,,,,,,,,,,,,,,,,,,,,,,,,,,,,,,,,,,,,,,,,,,,,,,
,,,,,,,,,,,,,,,,,,,,,,,,,,,,,,,,,,,,,,,,,,,,,,,,,,,,,,,,,,,,,,,,,,,,,,,,,,,,,,,,
,,,,,,,,,,,,,,,,,,,,,,,,,,,,,,,,,,,,,,,,,,,,,,,,,,,,,,,,,,,,,,,,,,,,,,,,,,,,,,,,
,,,,,,,,,,,,,,,,,,,,,,,,,,,,,,,,,,,,,,,,,,,,,,,,,,,,,,,,,,,,,,,,,,,,,,,,,,,,,,,,
,,,,,,,,,,,,,,,,,,,,,,,,,,,,,,,,,,,,,,,,,,,,,,,,,,,,,,,,,,,,,,,,,,,,,,,,,,,,,,,,
,,,,,,,,,,,,,,,,,,,,,,,,,,,,,,,,,,,,,,,,,,,,,,,,,,,,,,,,,,,,,,,,,,,,,,,,,,,,,,,,
,,,,,,,,,,,,,,,,,,,,,,,,,,,,,,,,,,,,,,,,,,,,,,,,,,,,,,,,,,,,,,,,,,,,,,,,,,,,,,,,
,,,,,,,,,,,,,,,,,,,,,,,,,,,,,,,,,,,,,,,,,,,,,,,,,,,,,,,,,,,,,,,,,,,,,,,,,,,,,,,,
,,,,,,,,,,,,,,,,,,,,,,,,,,,,,,,,,,,,,,,,,,,,,,,,,,,,,,,,,,,,,,,,,,,,,,,,,,,,,,,,
,,,,,,,,,,,,,,,,,,,,,,,,,,,,,,,,,,,,,,,,,,,,,,,,,,,,,,,,,,,,,,,,,,,,,,,,,,,,,,,,
,,,,,,,,,,,,,,,,,,,,,,,,,,,,,,,,,,,,,,,,,,,,,,,,,,,,,,,,,,,,,,,,,,,,,,,,,,,,,,,,
,,,,,,,,,,,,,,,,,,,,,,,,,,,,,,,,,,,,,,,,,,,,,,,,,,,,,,,,,,,,,,,,,,,,,,,,,,,,,,,,
,,,,,,,,,,,,,,,,,,,,,,,,,,,,,,,,,,,,,,,,,,,,,,,,,,,,,,,,,,,,,,,,,,,,,,,,,,,,,,,,
,,,,,,,,,,,,,,,,,,,,,,,,,,,,,,,,,,,,,,,,,,,,,,,,,,,,,,,,,,,,,,,,,,,,,,,,,,,,,,,,
,,,,,,,,,,,,,,,,,,,,,,,,,,,,,,,,,,,,,,,,,,,,,,,,,,,,,,,,,,,,,,,,,,,,,,,,,,,,,,,,
,,,,,,,,,,,,,,,,,,,,,,,,,,,,,,,,,,,,,,,,,,,,,,,,,,,,,,,,,,,,,,,,,,,,,,,,,,,,,,,,
,,,,,,,,,,,,,,,,,,,,,,,,,,,,,,,,,,,,,,,,,,,,,,,,,,,,,,,,,,,,,,,,,,,,,,,,,,,,,,,,
,,,,,,,,,,,,,,,,,,,,,,,,,,,,,,,,,,,,,,,,,,,,,,,,,,,,,,,,,,,,,,,,,,,,,,,,,,,,,,,,
,,,,,,,,,,,,,,,,,,,,,,,,,,,,,,,,,,,,,,,,,,,,,,,,,,,,,,,,,,,,,,,,,,,,,,,,,,,,,,,,
,,,,,,,,,,,,,,,,,,,,,,,,,,,,,,,,,,,,,,,,,,,,,,,,,,,,,,,,,,,,,,,,,,,,,,,,,,,,,,,,
,,,,,,,,,,,,,,,,,,,,,,,,,,,,,,,,,,,,,,,,,,,,,,,,,,,,,,,,,,,,,,,,,,,,,,,,,,,,,,,,
,,,,,,,,,,,,,,,,,,,,,,,,,,,,,,,,,,,,,,,,,,,,,,,,,,,,,,,,,,,,,,,,,,,,,,,,,,,,,,,,
,,,,,,,,,,,,,,,,,,,,,,,,,,,,,,,,,,,,,,,,,,,,,,,,,,,,,,,,,,,,,,,,,,,,,,,,,,,,,,,,
,,,,,,,,,,,,,,,,,,,,,,,,,,,,,,,,,,,,,,,,,,,,,,,,,,,,,,,,,,,,,,,,,,,,,,,,,,,,,,,,
,,,,,,,,,,,,,,,,,,,,,,,,,,,,,,,,,,,,,,,,,,,,,,,,,,,,,,,,,,,,,,,,,,,,,,,,,,,,,,,,
,,,,,,,,,,,,,,,,,,,,,,,,,,,,,,,,,,,,,,,,,,,,,,,,,,,,,,,,,,,,,,,,,,,,,,,,,,,,,,,,
,,,,,,,,,,,,,,,,,,,,,,,,,,,,,,,,,,,,,,,,,,,,,,,,,,,,,,,,,,,,,,,,,,,,,,,,,,,,,,,,
,,,,,,,,,,,,,,,,,,,,,,,,,,,,,,,,,,,,,,,,,,,,,,,,,,,,,,,,,,,,,,,,,,,,,,,,,,,,,,,,
,,,,,,,,,,,,,,,,,,,,,,,,,,,,,,,,,,,,,,,,,,,,,,,,,,,,,,,,,,,,,,,,,,,,,,,,,,,,,,,,
,,,,,,,,,,,,,,,,,,,,,,,,,,,,,,,,,,,,,,,,,,,,,,,,,,,,,,,,,,,,,,,,,,,,,,,,,,,,,,,,
,,,,,,,,,,,,,,,,,,,,,,,,,,,,,,,,,,,,,,,,,,,,,,,,,,,,,,,,,,,,,,,,,,,,,,,,,,,,,,,,
,,,,,,,,,,,,,,,,,,,,,,,,,,,,,,,,,,,,,,,,,,,,,,,,,,,,,,,,,,,,,,,,,,,,,,,,,,,,,,,,
,,,,,,,,,,,,,,,,,,,,,,,,,,,,,,,,,,,,,,,,,,,,,,,,,,,,,,,,,,,,,,,,,,,,,,,,,,,,,,,,
,,,,,,,,,,,,,,,,,,,,,,,,,,,,,,,,,,,,,,,,,,,,,,,,,,,,,,,,,,,,,,,,,,,,,,,,,,,,,,,,
,,,,,,,,,,,,,,,,,,,,,,,,,,,,,,,,,,,,,,,,,,,,,,,,,,,,,,,,,,,,,,,,,,,,,,,,,,,,,,,,
,,,,,,,,,,,,,,,,,,,,,,,,,,,,,,,,,,,,,,,,,,,,,,,,,,,,,,,,,,,,,,,,,,,,,,,,,,,,,,,,
,,,,,,,,,,,,,,,,,,,,,,,,,,,,,,,,,,,,,,,,,,,,,,,,,,,,,,,,,,,,,,,,,,,,,,,,,,,,,,,,
,,,,,,,,,,,,,,,,,,,,,,,,,,,,,,,,,,,,,,,,,,,,,,,,,,,,,,,,,,,,,,,,,,,,,,,,,,,,,,,,
,,,,,,,,,,,,,,,,,,,,,,,,,,,,,,,,,,,,,,,,,,,,,,,,,,,,,,,,,,,,,,,,,,,,,,,,,,,,,,,,
,,,,,,,,,,,,,,,,,,,,,,,,,,,,,,,,,,,,,,,,,,,,,,,,,,,,,,,,,,,,,,,,,,,,,,,,,,,,,,,,
,,,,,,,,,,,,,,,,,,,,,,,,,,,,,,,,,,,,,,,,,,,,,,,,,,,,,,,,,,,,,,,,,,,,,,,,,,,,,,,,
,,,,,,,,,,,,,,,,,,,,,,,,,,,,,,,,,,,,,,,,,,,,,,,,,,,,,,,,,,,,,,,,,,,,,,,,,,,,,,,,
,,,,,,,,,,,,,,,,,,,,,,,,,,,,,,,,,,,,,,,,,,,,,,,,,,,,,,,,,,,,,,,,,,,,,,,,,,,,,,,,
,,,,,,,,,,,,,,,,,,,,,,,,,,,,,,,,,,,,,,,,,,,,,,,,,,,,,,,,,,,,,,,,,,,,,,,,,,,,,,,,
,,,,,,,,,,,,,,,,,,,,,,,,,,,,,,,,,,,,,,,,,,,,,,,,,,,,,,,,,,,,,,,,,,,,,,,,,,,,,,,,
,,,,,,,,,,,,,,,,,,,,,,,,,,,,,,,,,,,,,,,,,,,,,,,,,,,,,,,,,,,,,,,,,,,,,,,,,,,,,,,,
,,,,,,,,,,,,,,,,,,,,,,,,,,,,,,,,,,,,,,,,,,,,,,,,,,,,,,,,,,,,,,,,,,,,,,,,,,,,,,,,
,,,,,,,,,,,,,,,,,,,,,,,,,,,,,,,,,,,,,,,,,,,,,,,,,,,,,,,,,,,,,,,,,,,,,,,,,,,,,,,,
,,,,,,,,,,,,,,,,,,,,,,,,,,,,,,,,,,,,,,,,,,,,,,,,,,,,,,,,,,,,,,,,,,,,,,,,,,,,,,,,
,,,,,,,,,,,,,,,,,,,,,,,,,,,,,,,,,,,,,,,,,,,,,,,,,,,,,,,,,,,,,,,,,,,,,,,,,,,,,,,,
,,,,,,,,,,,,,,,,,,,,,,,,,,,,,,,,,,,,,,,,,,,,,,,,,,,,,,,,,,,,,,,,,,,,,,,,,,,,,,,,
,,,,,,,,,,,,,,,,,,,,,,,,,,,,,,,,,,,,,,,,,,,,,,,,,,,,,,,,,,,,,,,,,,,,,,,,,,,,,,,,
,,,,,,,,,,,,,,,,,,,,,,,,,,,,,,,,,,,,,,,,,,,,,,,,,,,,,,,,,,,,,,,,,,,,,,,,,,,,,,,,
,,,,,,,,,,,,,,,,,,,,,,,,,,,,,,,,,,,,,,,,,,,,,,,,,,,,,,,,,,,,,,,,,,,,,,,,,,,,,,,,
,,,,,,,,,,,,,,,,,,,,,,,,,,,,,,,,,,,,,,,,,,,,,,,,,,,,,,,,,,,,,,,,,,,,,,,,,,,,,,,,
,,,,,,,,,,,,,,,,,,,,,,,,,,,,,,,,,,,,,,,,,,,,,,,,,,,,,,,,,,,,,,,,,,,,,,,,,,,,,,,,
,,,,,,,,,,,,,,,,,,,,,,,,,,,,,,,,,,,,,,,,,,,,,,,,,,,,,,,,,,,,,,,,,,,,,,,,,,,,,,,,
,,,,,,,,,,,,,,,,,,,,,,,,,,,,,,,,,,,,,,,,,,,,,,,,,,,,,,,,,,,,,,,,,,,,,,,,,,,,,,,,
,,,,,,,,,,,,,,,,,,,,,,,,,,,,,,,,,,,,,,,,,,,,,,,,,,,,,,,,,,,,,,,,,,,,,,,,,,,,,,,,
,,,,,,,,,,,,,,,,,,,,,,,,,,,,,,,,,,,,,,,,,,,,,,,,,,,,,,,,,,,,,,,,,,,,,,,,,,,,,,,,
,,,,,,,,,,,,,,,,,,,,,,,,,,,,,,,,,,,,,,,,,,,,,,,,,,,,,,,,,,,,,,,,,,,,,,,,,,,,,,,,
,,,,,,,,,,,,,,,,,,,,,,,,,,,,,,,,,,,,,,,,,,,,,,,,,,,,,,,,,,,,,,,,,,,,,,,,,,,,,,,,
,,,,,,,,,,,,,,,,,,,,,,,,,,,,,,,,,,,,,,,,,,,,,,,,,,,,,,,,,,,,,,,,,,,,,,,,,,,,,,,,
,,,,,,,,,,,,,,,,,,,,,,,,,,,,,,,,,,,,,,,,,,,,,,,,,,,,,,,,,,,,,,,,,,,,,,,,,,,,,,,,
,,,,,,,,,,,,,,,,,,,,,,,,,,,,,,,,,,,,,,,,,,,,,,,,,,,,,,,,,,,,,,,,,,,,,,,,,,,,,,,,
,,,,,,,,,,,,,,,,,,,,,,,,,,,,,,,,,,,,,,,,,,,,,,,,,,,,,,,,,,,,,,,,,,,,,,,,,,,,,,,,
,,,,,,,,,,,,,,,,,,,,,,,,,,,,,,,,,,,,,,,,,,,,,,,,,,,,,,,,,,,,,,,,,,,,,,,,,,,,,,,,
,,,,,,,,,,,,,,,,,,,,,,,,,,,,,,,,,,,,,,,,,,,,,,,,,,,,,,,,,,,,,,,,,,,,,,,,,,,,,,,,
,,,,,,,,,,,,,,,,,,,,,,,,,,,,,,,,,,,,,,,,,,,,,,,,,,,,,,,,,,,,,,,,,,,,,,,,,,,,,,,,
,,,,,,,,,,,,,,,,,,,,,,,,,,,,,,,,,,,,,,,,,,,,,,,,,,,,,,,,,,,,,,,,,,,,,,,,,,,,,,,,
,,,,,,,,,,,,,,,,,,,,,,,,,,,,,,,,,,,,,,,,,,,,,,,,,,,,,,,,,,,,,,,,,,,,,,,,,,,,,,,,
,,,,,,,,,,,,,,,,,,,,,,,,,,,,,,,,,,,,,,,,,,,,,,,,,,,,,,,,,,,,,,,,,,,,,,,,,,,,,,,,
,,,,,,,,,,,,,,,,,,,,,,,,,,,,,,,,,,,,,,,,,,,,,,,,,,,,,,,,,,,,,,,,,,,,,,,,,,,,,,,,
,,,,,,,,,,,,,,,,,,,,,,,,,,,,,,,,,,,,,,,,,,,,,,,,,,,,,,,,,,,,,,,,,,,,,,,,,,,,,,,,
,,,,,,,,,,,,,,,,,,,,,,,,,,,,,,,,,,,,,,,,,,,,,,,,,,,,,,,,,,,,,,,,,,,,,,,,,,,,,,,,
,,,,,,,,,,,,,,,,,,,,,,,,,,,,,,,,,,,,,,,,,,,,,,,,,,,,,,,,,,,,,,,,,,,,,,,,,,,,,,,,
,,,,,,,,,,,,,,,,,,,,,,,,,,,,,,,,,,,,,,,,,,,,,,,,,,,,,,,,,,,,,,,,,,,,,,,,,,,,,,,,
,,,,,,,,,,,,,,,,,,,,,,,,,,,,,,,,,,,,,,,,,,,,,,,,,,,,,,,,,,,,,,,,,,,,,,,,,,,,,,,,
,,,,,,,,,,,,,,,,,,,,,,,,,,,,,,,,,,,,,,,,,,,,,,,,,,,,,,,,,,,,,,,,,,,,,,,,,,,,,,,,
,,,,,,,,,,,,,,,,,,,,,,,,,,,,,,,,,,,,,,,,,,,,,,,,,,,,,,,,,,,,,,,,,,,,,,,,,,,,,,,,
,,,,,,,,,,,,,,,,,,,,,,,,,,,,,,,,,,,,,,,,,,,,,,,,,,,,,,,,,,,,,,,,,,,,,,,,,,,,,,,,
,,,,,,,,,,,,,,,,,,,,,,,,,,,,,,,,,,,,,,,,,,,,,,,,,,,,,,,,,,,,,,,,,,,,,,,,,,,,,,,,
,,,,,,,,,,,,,,,,,,,,,,,,,,,,,,,,,,,,,,,,,,,,,,,,,,,,,,,,,,,,,,,,,,,,,,,,,,,,,,,,
