# Quadro 14 (Cadastro de Valor de Terreno) — Anexo da Lei 16.050/2014 (PDE-SP). Fonte: Google Drive fileId=1Oqg0xIPQzwJKnpYvXPMbx6SIGFh7imQg, extração pura 2026-06-24. V = valor do m2 de terreno por SQL (R$).
setor,quadra,sql,codlog,valor_m2_brl
001,003,001003,038121,"3.106,00"
001,003,001003,061565,"1.599,00"
001,003,001003,104850,"1.381,00"
001,003,001003,189936,"1.844,00"
001,004,001004,016730,"1.343,00"
001,004,001004,038121,"2.803,00"
001,004,001004,061565,"1.341,00"
001,004,001004,104850,"1.350,00"
001,005,001005,016730,"1.368,00"
001,005,001005,038121,"2.441,00"
001,005,001005,104850,"1.358,00"
001,005,001005,158780,"1.358,00"
001,006,001006,038121,"2.399,00"
001,006,001006,084921,"1.372,00"
001,006,001006,104850,"1.365,00"
001,006,001006,158780,"1.377,00"
001,007,001007,038121,"2.727,00"
001,007,001007,059633,"1.333,00"
001,007,001007,084921,"1.265,00"
001,007,001007,104850,"1.397,00"
001,008,001008,038121,"2.167,00"
001,008,001008,059633,"1.297,00"
001,008,001008,104850,"1.453,00"
001,008,001008,116637,"1.352,00"
001,009,001009,041467,"1.409,00"
001,009,001009,075574,"1.233,00"
001,009,001009,104850,"1.447,00"
001,009,001009,116637,"1.328,00"
001,010,001010,038121,"2.476,00"
001,010,001010,041467,"1.233,00"
001,010,001010,075574,"1.243,00"
001,010,001010,116637,"1.419,00"
001,011,001011,038121,"2.630,00"
001,011,001011,059633,"1.295,00"
001,011,001011,189936,"1.422,00"
001,011,001011,197424,"1.281,00"
001,012,001012,038121,"2.511,00"
001,012,001012,059633,"1.186,00"
001,012,001012,116637,"1.186,00"
001,012,001012,189936,"1.895,00"
001,012,001012,197424,"1.248,00"
001,013,001013,038121,"2.134,00"
001,013,001013,116637,"1.552,00"
001,013,001013,119113,"1.438,00"
001,013,001013,165433,"1.362,00"
001,014,001014,038121,"2.347,00"
001,014,001014,041467,"1.423,00"
001,014,001014,050954,"1.375,00"
001,014,001014,165433,"1.349,00"
001,015,001015,050954,"1.273,00"
001,015,001015,116637,"1.366,00"
001,015,001015,119113,"1.271,00"
001,015,001015,165433,"1.314,00"
001,016,001016,050954,"1.223,00"
001,016,001016,116637,"1.344,00"
001,016,001016,165433,"1.312,00"
001,017,001017,041467,"1.246,00"
001,017,001017,050954,"1.359,00"
001,017,001017,165433,"1.438,00"
001,018,001018,054607,"1.936,00"
001,018,001018,123838,"1.936,00"
001,018,001018,137332,"1.936,00"
001,018,001018,190179,"1.936,00"
001,019,001019,045411,"8.336,00"
001,019,001019,054607,"7.542,00"
001,019,001019,137332,"7.444,00"
001,019,001019,199320,"6.353,00"
001,020,001020,045411,"7.577,00"
001,020,001020,137332,"6.074,00"
001,020,001020,190179,"5.518,00"
001,020,001020,199320,"5.891,00"
001,021,001021,137332,"5.640,00"
001,021,001021,165930,"6.999,00"
001,021,001021,190179,"5.640,00"
001,021,001021,199320,"5.640,00"
001,022,001022,072044,"6.635,00"
001,022,001022,137332,"6.906,00"
001,022,001022,165930,"7.662,00"
001,022,001022,199320,"5.590,00"
001,023,001023,018147,"5.512,00"
001,023,001023,072044,"8.179,00"
001,023,001023,137332,"6.186,00"
001,023,001023,156299,"6.974,00"
001,024,001024,018147,"7.083,00"
001,024,001024,137332,"6.285,00"
001,024,001024,156299,"6.922,00"
001,024,001024,164380,"6.663,00"
001,025,001025,041467,"6.837,00"
001,025,001025,137332,"5.746,00"
001,025,001025,156299,"7.208,00"
001,025,001025,164380,"6.017,00"
001,026,001026,045411,"8.090,00"
001,026,001026,054607,"5.694,00"
001,026,001026,199320,"7.151,00"
001,027,001027,045411,"7.463,00"
001,027,001027,167258,"7.265,00"
001,027,001027,190179,"5.919,00"
001,027,001027,199320,"6.260,00"
001,028,001028,122106,"6.748,00"
001,028,001028,165930,"6.748,00"
001,028,001028,190179,"6.748,00"
001,028,001028,199320,"6.748,00"
001,029,001029,122106,"6.167,00"
001,029,001029,165930,"5.972,00"
001,029,001029,167258,"6.824,00"
001,029,001029,190179,"6.361,00"
001,030,001030,072044,"9.394,00"
001,030,001030,165930,"8.662,00"
001,030,001030,167258,"7.086,00"
001,030,001030,199320,"5.590,00"
001,031,001031,068748,"4.909,00"
001,031,001031,072044,"7.782,00"
001,031,001031,156299,"7.007,00"
001,031,001031,167258,"8.177,00"
001,031,001031,197459,"9.911,00"
001,032,001032,061360,"5.970,00"
001,032,001032,156299,"6.837,00"
001,032,001032,167258,"6.634,00"
001,032,001032,197459,"11.565,00"
001,032,001032,329843,"5.411,00"
001,033,001033,061360,"5.572,00"
001,033,001033,329843,"5.396,00"
001,034,001034,041467,"7.316,00"
001,034,001034,061360,"7.252,00"
001,034,001034,138991,"6.984,00"
001,034,001034,156299,"7.266,00"
001,035,001035,041467,"6.780,00"
001,035,001035,061360,"6.906,00"
001,035,001035,138991,"6.372,00"
001,035,001035,167258,"8.226,00"
001,036,001036,007005,"5.771,00"
001,036,001036,031780,"6.154,00"
001,036,001036,045411,"6.777,00"
001,036,001036,167258,"6.777,00"
001,036,001036,190179,"5.352,00"
001,037,001037,074187,"5.858,00"
001,037,001037,100609,"6.057,00"
001,037,001037,167258,"7.411,00"
001,037,001037,190179,"5.897,00"
001,038,001038,074187,"5.929,00"
001,038,001038,165930,"5.786,00"
001,038,001038,167258,"6.159,00"
001,039,001039,025615,"7.436,00"
001,039,001039,043427,"6.748,00"
001,039,001039,165930,"6.558,00"
001,039,001039,167258,"7.411,00"
001,040,001040,025615,"7.653,00"
001,040,001040,043427,"6.911,00"
001,040,001040,072044,"11.730,00"
001,040,001040,167258,"6.911,00"
001,041,001041,043427,"10.080,00"
001,041,001041,072044,"10.080,00"
001,041,001041,167258,"7.555,00"
001,041,001041,197459,"18.155,00"
001,042,001042,043427,"7.533,00"
001,042,001042,061360,"7.313,00"
001,042,001042,167258,"8.740,00"
001,042,001042,197459,"18.751,00"
001,043,001043,043427,"7.390,00"
001,043,001043,061360,"7.390,00"
001,043,001043,167258,"7.555,00"
001,044,001044,045411,"7.329,00"
001,044,001044,062847,"6.701,00"
001,044,001044,062855,"10.708,00"
001,044,001044,092762,"8.355,00"
001,045,001045,029742,"5.998,00"
001,045,001045,031780,"6.550,00"
001,045,001045,045411,"7.414,00"
001,045,001045,190179,"6.014,00"
001,046,001046,029742,"6.262,00"
001,046,001046,045411,"8.106,00"
001,046,001046,062847,"7.565,00"
001,046,001046,062863,"6.045,00"
001,046,001046,179868,"6.154,00"
001,046,001046,190179,"6.586,00"
001,047,001047,165930,"3.657,00"
001,047,001047,171786,"5.405,00"
001,047,001047,190179,"5.619,00"
001,048,001048,100609,"5.792,00"
001,048,001048,165930,"4.815,00"
001,048,001048,171786,"5.969,00"
001,048,001048,190179,"5.881,00"
001,049,001049,032093,"7.489,00"
001,049,001049,043427,"3.989,00"
001,049,001049,072044,"12.289,00"
001,049,001049,165930,"5.208,00"
001,050,001050,043427,"11.654,00"
001,050,001050,052612,"11.626,00"
001,050,001050,072044,"12.086,00"
001,050,001050,197459,"18.197,00"
001,051,001051,002755,"11.693,00"
001,051,001051,043427,"12.206,00"
001,051,001051,061360,"11.611,00"
001,051,001051,197459,"18.021,00"
001,051,001051,422231,"11.837,00"
001,052,001052,002755,"7.225,00"
001,052,001052,041467,"6.618,00"
001,052,001052,043427,"7.284,00"
001,052,001052,061360,"11.589,00"
001,053,001053,016675,"6.252,00"
001,053,001053,062855,"12.348,00"
001,053,001053,092762,"8.330,00"
001,053,001053,171158,"4.168,00"
001,054,001054,009512,"5.752,00"
001,054,001054,092762,"8.898,00"
001,054,001054,153230,"3.895,00"
001,054,001054,171158,"4.446,00"
001,055,001055,009512,"5.823,00"
001,055,001055,092762,"8.302,00"
001,055,001055,101010,"6.486,00"
001,055,001055,153230,"4.215,00"
001,056,001056,101010,"4.279,00"
001,056,001056,153230,"4.279,00"
001,057,001057,016675,"6.537,00"
001,057,001057,153230,"4.086,00"
001,057,001057,176338,"6.154,00"
001,057,001057,179868,"6.183,00"
001,058,001058,000388,"6.019,00"
001,058,001058,101010,"6.297,00"
001,058,001058,153230,"4.860,00"
001,058,001058,165930,"6.139,00"
001,058,001058,176338,"6.167,00"
001,058,001058,179868,"6.231,00"
001,061,001061,101010,"8.183,00"
001,061,001061,118249,"7.580,00"
001,061,001061,165930,"4.934,00"
001,062,001062,032107,"9.337,00"
001,062,001062,101010,"7.413,00"
001,062,001062,118249,"7.549,00"
001,063,001063,018384,"7.605,00"
001,063,001063,032107,"9.311,00"
001,063,001063,034037,"7.605,00"
001,063,001063,101842,"7.605,00"
001,064,001064,032093,"7.083,00"
001,064,001064,034037,"7.530,00"
001,064,001064,052612,"11.761,00"
001,064,001064,072044,"13.389,00"
001,064,001064,165239,"16.689,00"
001,064,001064,194948,"12.508,00"
001,064,001064,197459,"18.579,00"
001,065,001065,002755,"11.691,00"
001,065,001065,121185,"11.691,00"
001,065,001065,197459,"17.870,00"
001,065,001065,213705,"11.691,00"
001,066,001066,121185,"11.691,00"
001,066,001066,197459,"18.181,00"
001,066,001066,197815,"11.691,00"
001,066,001066,213705,"11.691,00"
001,067,001067,002755,"11.024,00"
001,067,001067,029505,"12.086,00"
001,067,001067,061360,"11.335,00"
001,067,001067,213705,"11.739,00"
001,068,001068,002755,"7.592,00"
001,068,001068,024040,"7.477,00"
001,068,001068,041467,"7.491,00"
001,068,001068,061360,"11.304,00"
001,069,001069,024040,"7.653,00"
001,069,001069,041467,"7.653,00"
001,069,001069,061360,"11.761,00"
001,070,001070,029505,"11.761,00"
001,070,001070,197459,"18.004,00"
001,070,001070,197815,"11.761,00"
001,070,001070,213705,"11.761,00"
001,071,001071,014249,"7.605,00"
001,071,001071,101010,"7.026,00"
001,071,001071,118249,"7.589,00"
001,072,001072,032107,"8.088,00"
001,072,001072,101010,"7.026,00"
001,072,001072,118249,"7.447,00"
001,072,001072,139017,"7.605,00"
001,073,001073,018384,"7.605,00"
001,073,001073,032107,"9.292,00"
001,073,001073,038423,"7.256,00"
001,073,001073,052000,"6.287,00"
001,073,001073,167495,"7.605,00"
001,074,001074,034037,"7.605,00"
001,074,001074,101842,"7.605,00"
001,074,001074,167495,"7.605,00"
001,074,001074,191353,"7.605,00"
001,075,001075,034037,"7.587,00"
001,075,001075,044695,"16.952,00"
001,075,001075,165239,"17.326,00"
001,075,001075,197459,"18.431,00"
001,076,001076,029505,"11.809,00"
001,076,001076,106674,"11.761,00"
001,076,001076,159840,"11.761,00"
001,076,001076,197459,"18.168,00"
001,077,001077,029505,"11.657,00"
001,077,001077,106674,"11.606,00"
001,077,001077,159840,"11.417,00"
001,078,001078,014249,"7.605,00"
001,078,001078,118249,"7.605,00"
001,079,001079,014249,"7.605,00"
001,079,001079,048313,"7.605,00"
001,079,001079,118249,"7.605,00"
001,080,001080,032107,"8.524,00"
001,080,001080,118249,"7.540,00"
001,080,001080,139017,"7.605,00"
001,080,001080,156035,"7.433,00"
001,081,001081,008664,"7.561,00"
001,081,001081,032107,"8.854,00"
001,081,001081,038423,"7.605,00"
001,081,001081,167703,"7.583,00"
001,082,001082,008664,"7.458,00"
001,082,001082,052000,"6.287,00"
001,082,001082,167495,"7.527,00"
001,082,001082,167703,"7.605,00"
001,083,001083,034037,"7.592,00"
001,083,001083,044695,"17.790,00"
001,083,001083,126500,"17.611,00"
001,083,001083,167495,"7.561,00"
001,083,001083,191353,"7.605,00"
001,084,001084,008664,"7.605,00"
001,084,001084,059447,"9.227,00"
001,084,001084,140511,"7.605,00"
001,084,001084,156035,"7.605,00"
001,084,001084,167703,"7.590,00"
001,085,001085,008664,"7.605,00"
001,085,001085,167495,"7.605,00"
001,085,001085,167703,"7.605,00"
001,085,001085,188816,"7.605,00"
001,086,001086,059447,"8.087,00"
001,086,001086,140511,"7.542,00"
001,086,001086,167495,"7.447,00"
001,086,001086,188816,"7.573,00"
001,087,001087,170607,"1.360,00"
001,087,001087,189936,"1.853,00"
002,001,002001,038121,"2.169,00"
002,001,002001,041467,"1.511,00"
002,001,002001,104850,"1.319,00"
002,001,002001,158720,"1.273,00"
002,002,002002,038121,"2.268,00"
002,002,002002,066427,"1.136,00"
002,002,002002,104850,"1.221,00"
002,002,002002,158720,"1.183,00"
002,003,002003,038121,"2.624,00"
002,003,002003,066427,"2.063,00"
002,003,002003,103365,"2.469,00"
002,003,002003,104850,"1.170,00"
002,004,002004,012769,"2.498,00"
002,004,002004,038121,"2.340,00"
002,004,002004,103365,"2.129,00"
002,004,002004,104850,"1.473,00"
002,007,002007,038121,"2.648,00"
002,008,002008,012769,"2.654,00"
002,008,002008,038121,"2.708,00"
002,011,002011,038121,"2.049,00"
002,011,002011,041467,"1.434,00"
002,011,002011,050644,"1.204,00"
002,011,002011,061620,"1.198,00"
002,012,002012,038121,"1.854,00"
002,012,002012,061620,"1.195,00"
002,012,002012,066427,"1.195,00"
002,012,002012,122858,"1.195,00"
002,013,002013,061620,"1.195,00"
002,013,002013,066427,"1.195,00"
002,013,002013,076830,"1.195,00"
002,013,002013,122858,"1.195,00"
002,014,002014,061620,"1.195,00"
002,014,002014,066427,"1.195,00"
002,014,002014,076830,"1.195,00"
002,014,002014,117480,"1.195,00"
002,015,002015,050644,"1.195,00"
002,015,002015,061620,"1.195,00"
002,015,002015,066427,"1.195,00"
002,015,002015,117480,"1.195,00"
002,016,002016,041467,"1.583,00"
002,016,002016,050644,"1.199,00"
002,016,002016,066427,"1.315,00"
002,016,002016,137332,"1.432,00"
002,017,002017,012769,"1.582,00"
002,017,002017,038121,"1.860,00"
002,017,002017,066427,"1.582,00"
002,017,002017,138215,"2.422,00"
002,017,002017,155110,"1.305,00"
002,017,002017,174009,"1.580,00"
002,018,002018,012769,"7.217,00"
002,022,002022,041467,"6.971,00"
002,022,002022,066427,"6.902,00"
002,022,002022,137332,"7.160,00"
002,022,002022,156299,"7.608,00"
002,027,002027,041467,"6.843,00"
002,027,002027,043427,"7.122,00"
002,027,002027,066427,"2.768,00"
002,027,002027,156299,"6.922,00"
002,028,002028,041467,"6.203,00"
002,028,002028,043427,"6.798,00"
002,028,002028,066427,"3.315,00"
002,028,002028,138533,"6.679,00"
002,029,002029,010847,"2.970,00"
002,029,002029,066427,"2.532,00"
002,029,002029,155110,"2.888,00"
002,029,002029,174009,"3.033,00"
002,031,002031,024040,"6.651,00"
002,031,002031,041467,"6.651,00"
002,031,002031,066427,"6.651,00"
002,031,002031,138533,"6.651,00"
002,032,002032,024040,"6.608,00"
002,032,002032,041467,"6.788,00"
002,032,002032,066427,"6.807,00"
002,032,002032,095753,"6.435,00"
002,032,002032,159840,"7.397,00"
002,033,002033,029505,"12.190,00"
002,033,002033,041467,"10.999,00"
002,033,002033,095753,"6.391,00"
002,033,002033,159840,"6.325,00"
002,034,002034,066427,"2.428,00"
002,034,002034,122157,"3.279,00"
002,034,002034,198277,"3.279,00"
002,035,002035,043630,"3.021,00"
002,035,002035,122157,"2.501,00"
002,035,002035,138533,"3.471,00"
002,035,002035,198277,"2.894,00"
002,036,002036,043630,"2.894,00"
002,036,002036,138533,"2.894,00"
002,036,002036,198277,"2.894,00"
002,037,002037,010847,"2.910,00"
002,037,002037,043630,"2.750,00"
002,037,002037,138533,"2.961,00"
002,037,002037,174009,"3.059,00"
002,038,002038,006661,"2.790,00"
002,038,002038,010847,"2.933,00"
002,038,002038,031984,"3.071,00"
002,038,002038,174009,"3.135,00"
002,039,002039,006661,"2.602,00"
002,039,002039,010847,"1.920,00"
002,039,002039,012769,"1.749,00"
002,039,002039,031984,"1.926,00"
002,040,002040,012769,"1.611,00"
002,040,002040,072362,"1.611,00"
002,041,002041,008699,"2.693,00"
002,041,002041,031984,"2.741,00"
002,041,002041,120456,"1.943,00"
002,041,002041,138533,"3.314,00"
002,041,002041,174009,"3.623,00"
002,042,002042,006661,"2.198,00"
002,042,002042,031984,"2.384,00"
002,042,002042,070173,"2.046,00"
002,042,002042,120456,"2.393,00"
002,043,002043,006661,"2.002,00"
002,043,002043,012769,"1.833,00"
002,043,002043,031984,"1.946,00"
002,043,002043,070173,"1.886,00"
002,044,002044,006661,"1.997,00"
002,044,002044,008699,"2.106,00"
002,044,002044,070173,"1.888,00"
002,044,002044,120456,"2.670,00"
002,045,002045,008699,"2.771,00"
002,045,002045,024368,"2.750,00"
002,045,002045,120456,"2.550,00"
002,045,002045,138533,"3.772,00"
002,046,002046,006661,"1.719,00"
002,046,002046,008699,"2.110,00"
002,046,002046,024368,"2.226,00"
002,046,002046,120456,"2.195,00"
002,047,002047,006661,"2.170,00"
002,047,002047,012769,"1.816,00"
002,047,002047,024368,"1.836,00"
002,047,002047,070173,"1.836,00"
002,048,002048,007757,"2.473,00"
002,048,002048,012769,"3.005,00"
002,048,002048,072362,"2.709,00"
002,048,002048,177067,"2.815,00"
002,049,002049,007757,"2.473,00"
002,049,002049,072362,"2.731,00"
002,049,002049,073482,"2.692,00"
002,049,002049,177067,"2.613,00"
002,052,002052,066427,"3.128,00"
002,052,002052,077860,"3.128,00"
002,052,002052,138533,"3.128,00"
002,052,002052,159840,"3.128,00"
002,052,002052,198277,"3.128,00"
002,053,002053,024368,"2.863,00"
002,053,002053,077860,"2.547,00"
002,053,002053,120456,"3.062,00"
002,053,002053,138533,"3.670,00"
002,053,002053,335185,"2.333,00"
002,054,002054,006661,"2.690,00"
002,054,002054,024368,"2.084,00"
002,054,002054,077860,"3.115,00"
002,054,002054,120456,"2.974,00"
002,055,002055,006661,"3.428,00"
002,055,002055,024368,"3.188,00"
002,055,002055,077860,"3.456,00"
002,055,002055,115835,"2.465,00"
002,056,002056,012769,"2.519,00"
002,056,002056,024368,"3.355,00"
002,056,002056,077860,"2.541,00"
002,056,002056,115835,"2.643,00"
002,057,002057,012769,"3.377,00"
002,057,002057,053724,"2.772,00"
002,057,002057,077860,"2.945,00"
002,057,002057,177067,"2.614,00"
002,058,002058,053724,"3.241,00"
002,058,002058,073482,"3.078,00"
002,058,002058,077860,"3.094,00"
002,058,002058,177067,"2.740,00"
002,059,002059,033871,"4.302,00"
002,059,002059,044695,"4.669,00"
002,059,002059,070246,"3.643,00"
002,059,002059,172260,"4.660,00"
002,059,002059,195430,"5.049,00"
002,059,002059,204188,"4.954,00"
002,060,002060,012424,"7.605,00"
002,060,002060,126500,"7.542,00"
002,060,002060,167495,"7.256,00"
002,060,002060,204188,"5.678,00"
002,061,002061,012424,"7.105,00"
002,061,002061,167495,"7.561,00"
002,061,002061,175455,"6.682,00"
002,061,002061,204188,"7.518,00"
002,062,002062,072281,"5.678,00"
002,062,002062,204188,"5.678,00"
002,063,002063,072281,"5.678,00"
002,063,002063,204188,"5.678,00"
002,064,002064,033871,"3.525,00"
002,064,002064,070246,"3.961,00"
002,064,002064,145599,"3.961,00"
002,064,002064,197459,"3.961,00"
002,065,002065,033871,"3.403,00"
002,065,002065,131636,"3.223,00"
002,065,002065,145599,"3.400,00"
002,065,002065,197459,"4.278,00"
002,066,002066,087343,"3.761,00"
002,066,002066,159840,"3.390,00"
002,066,002066,197459,"4.159,00"
002,067,002067,033871,"3.796,00"
002,067,002067,123102,"3.620,00"
002,067,002067,131636,"3.434,00"
002,067,002067,197459,"3.805,00"
002,068,002068,072281,"5.888,00"
002,068,002068,172260,"5.648,00"
002,068,002068,175455,"7.476,00"
002,068,002068,195430,"5.644,00"
002,070,002070,033871,"3.840,00"
002,070,002070,123102,"3.961,00"
002,070,002070,168700,"4.938,00"
002,070,002070,197459,"3.632,00"
002,071,002071,070700,"3.548,00"
002,071,002071,087343,"3.775,00"
002,071,002071,159840,"3.939,00"
002,071,002071,197459,"3.822,00"
002,072,002072,175455,"6.047,00"
002,072,002072,183202,"5.474,00"
002,072,002072,188387,"6.502,00"
002,072,002072,195430,"5.707,00"
002,073,002073,051110,"6.066,00"
002,073,002073,172260,"5.474,00"
002,073,002073,183202,"5.162,00"
002,073,002073,195430,"4.850,00"
002,074,002074,033871,"3.850,00"
002,074,002074,051110,"6.590,00"
002,074,002074,168700,"4.453,00"
002,074,002074,172260,"4.017,00"
002,074,002074,195430,"4.174,00"
002,075,002075,070700,"3.783,00"
002,075,002075,159840,"3.645,00"
002,075,002075,168700,"3.690,00"
002,075,002075,197459,"3.645,00"
002,076,002076,012106,"2.747,00"
002,076,002076,071226,"2.968,00"
002,076,002076,077860,"3.137,00"
002,076,002076,132268,"2.932,00"
002,077,002077,012106,"3.127,00"
002,077,002077,077860,"3.168,00"
002,077,002077,132268,"2.822,00"
002,077,002077,194999,"3.081,00"
002,078,002078,071226,"2.968,00"
002,078,002078,132268,"2.752,00"
002,078,002078,167215,"2.551,00"
002,078,002078,168700,"2.621,00"
002,079,002079,114030,"2.424,00"
002,079,002079,132268,"2.848,00"
002,079,002079,167215,"2.482,00"
002,079,002079,168700,"2.469,00"
002,080,002080,012106,"3.005,00"
002,080,002080,114030,"2.308,00"
002,080,002080,132268,"2.782,00"
002,080,002080,168700,"2.677,00"
002,081,002081,012106,"2.734,00"
002,081,002081,132268,"2.709,00"
002,081,002081,168700,"2.552,00"
002,081,002081,194999,"2.873,00"
002,082,002082,077860,"3.258,00"
002,082,002082,098736,"3.077,00"
002,082,002082,168700,"3.263,00"
002,082,002082,194999,"3.131,00"
002,083,002083,012769,"2.799,00"
002,083,002083,077860,"2.851,00"
002,083,002083,098736,"2.923,00"
002,083,002083,168700,"2.897,00"
002,084,002084,012769,"2.898,00"
002,084,002084,077860,"2.964,00"
002,084,002084,148881,"2.977,00"
002,084,002084,168700,"2.760,00"
002,085,002085,053724,"2.860,00"
002,085,002085,077860,"3.006,00"
002,085,002085,148881,"3.239,00"
002,085,002085,168700,"2.443,00"
002,086,002086,053724,"2.787,00"
002,086,002086,073482,"1.813,00"
002,086,002086,077860,"2.037,00"
002,086,002086,168700,"2.241,00"
002,089,002089,006661,"2.557,00"
002,089,002089,010847,"3.014,00"
002,089,002089,138215,"2.283,00"
002,089,002089,174009,"3.482,00"
002,090,002090,006661,"2.058,00"
002,090,002090,010847,"2.059,00"
002,090,002090,138215,"1.930,00"
002,090,002090,336963,"1.995,00"
002,091,002091,066427,"3.069,00"
002,091,002091,071226,"3.069,00"
002,092,002092,010847,"1.561,00"
002,092,002092,012769,"1.561,00"
002,092,002092,138215,"1.561,00"
002,092,002092,336963,"1.561,00"
003,001,003001,044555,"3.380,00"
003,001,003001,051110,"5.928,00"
003,001,003001,072109,"3.191,00"
003,001,003001,182109,"3.187,00"
003,002,003002,044555,"2.916,00"
003,002,003002,072109,"3.072,00"
003,002,003002,182109,"3.228,00"
003,002,003002,185566,"2.797,00"
003,003,003003,003069,"2.826,00"
003,003,003003,012033,"2.838,00"
003,003,003003,044342,"3.113,00"
003,003,003003,044555,"2.818,00"
003,003,003003,076104,"2.872,00"
003,003,003003,168700,"3.872,00"
003,004,003004,076104,"2.911,00"
003,004,003004,159840,"3.336,00"
003,004,003004,168700,"3.124,00"
003,004,003004,691496,"3.124,00"
003,005,003005,076104,"2.469,00"
003,005,003005,691496,"2.469,00"
003,005,003005,724076,"2.469,00"
003,006,003006,003069,"2.513,00"
003,006,003006,044342,"2.733,00"
003,006,003006,044555,"2.589,00"
003,006,003006,185566,"2.317,00"
003,007,003007,044342,"3.026,00"
003,007,003007,076104,"2.930,00"
003,007,003007,146269,"2.737,00"
003,008,003008,044342,"2.977,00"
003,008,003008,076104,"2.548,00"
003,008,003008,146269,"2.721,00"
003,008,003008,185566,"2.779,00"
003,009,003009,066427,"2.469,00"
003,009,003009,159840,"2.469,00"
003,010,003010,026670,"1.731,00"
003,010,003010,069124,"2.041,00"
003,010,003010,071226,"1.507,00"
003,010,003010,168700,"3.342,00"
003,011,003011,012068,"1.435,00"
003,011,003011,044784,"1.628,00"
003,011,003011,050415,"1.565,00"
003,011,003011,069124,"1.548,00"
003,011,003011,168700,"2.908,00"
003,012,003012,038261,"1.535,00"
003,012,003012,044784,"1.627,00"
003,012,003012,168700,"2.747,00"
003,012,003012,183733,"1.522,00"
003,013,003013,029769,"1.375,00"
003,013,003013,038261,"1.709,00"
003,013,003013,168700,"3.270,00"
003,013,003013,446335,"1.754,00"
003,014,003014,029769,"1.615,00"
003,014,003014,137960,"1.533,00"
003,014,003014,163589,"2.046,00"
003,014,003014,168700,"3.269,00"
003,014,003014,334863,"1.574,00"
003,014,003014,446335,"1.574,00"
003,015,003015,125490,"1.428,00"
003,015,003015,135895,"1.749,00"
003,015,003015,163589,"2.027,00"
003,015,003015,168700,"2.544,00"
003,016,003016,060461,"1.877,00"
003,016,003016,135895,"1.776,00"
003,016,003016,166731,"1.828,00"
003,016,003016,168700,"2.371,00"
003,019,003019,038261,"1.524,00"
003,019,003019,044784,"1.820,00"
003,019,003019,155241,"1.647,00"
003,019,003019,183733,"1.384,00"
003,019,003019,414212,"1.311,00"
003,019,003019,446335,"1.538,00"
003,020,003020,125490,"1.626,00"
003,020,003020,135895,"1.621,00"
003,020,003020,163589,"2.175,00"
003,020,003020,166731,"1.630,00"
003,021,003021,026670,"1.691,00"
003,021,003021,071226,"2.131,00"
003,021,003021,155241,"1.722,00"
003,021,003021,199265,"1.611,00"
003,022,003022,026670,"1.539,00"
003,022,003022,044784,"1.579,00"
003,022,003022,155241,"1.492,00"
003,022,003022,199265,"1.397,00"
003,027,003027,038261,"1.639,00"
003,027,003027,040525,"1.429,00"
003,027,003027,071951,"1.344,00"
003,027,003027,154571,"1.700,00"
003,028,003028,040525,"1.869,00"
003,028,003028,071951,"1.667,00"
003,028,003028,154571,"1.829,00"
003,028,003028,163589,"2.254,00"
003,029,003029,022039,"1.532,00"
003,029,003029,040525,"1.532,00"
003,029,003029,143359,"1.532,00"
003,029,003029,163589,"1.725,00"
003,032,003032,005436,"1.809,00"
003,032,003032,071226,"1.820,00"
003,032,003032,155241,"1.582,00"
003,032,003032,199265,"1.696,00"
003,033,003033,005436,"2.041,00"
003,033,003033,032425,"1.847,00"
003,033,003033,071226,"2.079,00"
003,033,003033,199265,"1.784,00"
003,034,003034,032425,"1.880,00"
003,034,003034,071226,"1.713,00"
003,034,003034,142131,"2.082,00"
003,034,003034,199265,"1.933,00"
003,035,003035,032425,"1.614,00"
003,035,003035,044784,"1.530,00"
003,035,003035,142131,"2.150,00"
003,035,003035,199265,"1.529,00"
003,036,003036,005436,"2.718,00"
003,036,003036,032425,"1.681,00"
003,036,003036,044784,"1.776,00"
003,036,003036,199265,"1.721,00"
003,037,003037,005436,"2.539,00"
003,037,003037,044784,"1.700,00"
003,037,003037,155241,"1.563,00"
003,037,003037,199265,"1.672,00"
003,041,003041,038261,"1.466,00"
003,041,003041,154571,"1.472,00"
003,041,003041,155241,"1.495,00"
003,041,003041,163589,"1.645,00"
003,042,003042,005983,"1.656,00"
003,042,003042,135895,"1.866,00"
003,042,003042,143359,"1.769,00"
003,042,003042,163589,"1.656,00"
003,043,003043,005983,"1.620,00"
003,043,003043,060461,"1.620,00"
003,043,003043,135895,"1.620,00"
003,043,003043,143359,"1.620,00"
003,044,003044,005983,"2.077,00"
003,044,003044,060461,"1.612,00"
003,044,003044,155241,"1.500,00"
003,044,003044,163589,"2.014,00"
003,045,003045,005436,"2.917,00"
003,045,003045,050733,"1.539,00"
003,045,003045,098310,"1.539,00"
003,045,003045,142131,"1.861,00"
003,046,003046,005436,"2.500,00"
003,046,003046,155241,"1.642,00"
003,046,003046,163589,"1.770,00"
003,046,003046,164070,"1.407,00"
003,048,003048,005436,"3.004,00"
003,048,003048,098310,"1.981,00"
003,048,003048,142131,"1.627,00"
003,048,003048,163589,"1.872,00"
003,048,003048,443069,"1.456,00"
003,048,003048,443077,"1.456,00"
003,053,003053,076104,"3.267,00"
003,053,003053,724076,"3.267,00"
003,054,003054,005436,"2.640,00"
003,054,003054,044784,"1.760,00"
003,054,003054,095524,"1.743,00"
003,054,003054,155241,"1.724,00"
003,055,003055,005436,"2.942,00"
003,055,003055,044784,"1.722,00"
003,055,003055,095524,"1.751,00"
003,055,003055,142131,"1.621,00"
003,056,003056,005436,"3.086,00"
003,056,003056,095524,"1.592,00"
003,056,003056,138118,"1.615,00"
003,056,003056,155241,"1.639,00"
003,057,003057,005436,"2.942,00"
003,057,003057,095524,"1.614,00"
003,057,003057,138118,"1.614,00"
003,057,003057,142131,"1.775,00"
003,058,003058,005436,"3.393,00"
003,058,003058,050733,"1.501,00"
003,058,003058,138118,"1.883,00"
003,058,003058,142131,"1.418,00"
003,059,003059,005436,"2.564,00"
003,059,003059,138118,"1.658,00"
003,059,003059,155241,"1.658,00"
003,059,003059,164070,"1.658,00"
003,060,003060,005436,"1.888,00"
003,060,003060,013072,"2.038,00"
003,060,003060,065625,"2.028,00"
003,060,003060,155241,"1.655,00"
003,060,003060,163589,"2.222,00"
003,060,003060,412805,"1.896,00"
003,061,003061,005436,"2.674,00"
003,061,003061,013072,"1.995,00"
003,061,003061,142131,"1.756,00"
003,061,003061,334847,"1.536,00"
003,061,003061,412805,"1.466,00"
003,062,003062,005436,"2.851,00"
003,062,003062,013072,"1.649,00"
003,062,003062,065625,"1.898,00"
003,062,003062,076295,"1.400,00"
003,062,003062,163589,"1.806,00"
003,063,003063,005436,"2.942,00"
003,063,003063,076295,"1.844,00"
003,063,003063,142131,"2.263,00"
003,063,003063,163589,"2.055,00"
003,064,003064,005436,"2.851,00"
003,064,003064,013072,"1.740,00"
003,064,003064,076295,"1.759,00"
003,065,003065,005436,"2.942,00"
003,065,003065,013072,"1.744,00"
003,065,003065,076295,"2.008,00"
003,065,003065,142131,"1.989,00"
003,067,003067,044784,"1.589,00"
003,067,003067,050415,"1.650,00"
003,067,003067,069124,"1.592,00"
003,067,003067,447374,"1.611,00"
003,068,003068,026670,"1.754,00"
003,068,003068,044784,"1.754,00"
003,068,003068,069124,"1.754,00"
003,068,003068,447374,"1.754,00"
003,069,003069,038261,"1.754,00"
003,069,003069,040525,"1.754,00"
003,069,003069,163589,"1.754,00"
003,069,003069,446335,"1.754,00"
003,070,003070,022039,"1.696,00"
003,070,003070,060461,"1.986,00"
003,070,003070,143359,"1.620,00"
003,070,003070,166731,"1.803,00"
004,001,004001,080241,"2.621,00"
004,001,004001,137472,"2.440,00"
004,001,004001,155845,"2.257,00"
004,003,004003,066427,"1.456,00"
004,003,004003,142131,"1.895,00"
004,003,004003,199265,"1.205,00"
004,004,004004,122386,"1.684,00"
004,004,004004,142131,"1.330,00"
004,004,004004,158046,"1.276,00"
004,004,004004,199265,"1.479,00"
004,005,004005,008567,"1.340,00"
004,005,004005,035173,"1.334,00"
004,005,004005,122386,"1.570,00"
004,005,004005,142131,"1.524,00"
004,005,004005,332356,"1.403,00"
004,005,004005,503223,"1.366,00"
004,005,004005,651516,"1.286,00"
004,006,004006,008567,"1.359,00"
004,006,004006,035173,"1.230,00"
004,006,004006,049549,"1.350,00"
004,006,004006,142131,"1.495,00"
004,007,004007,035173,"1.675,00"
004,007,004007,049549,"1.664,00"
004,007,004007,142131,"1.705,00"
004,007,004007,151181,"1.377,00"
004,008,004008,035173,"1.727,00"
004,008,004008,098310,"1.524,00"
004,008,004008,142131,"2.263,00"
004,008,004008,151181,"1.488,00"
004,009,004009,011967,"1.570,00"
004,009,004009,035173,"1.503,00"
004,009,004009,091740,"1.379,00"
004,009,004009,098310,"1.412,00"
004,009,004009,119180,"1.355,00"
004,009,004009,142131,"1.911,00"
004,010,004010,011967,"1.409,00"
004,010,004010,035173,"1.441,00"
004,010,004010,091740,"1.482,00"
004,010,004010,119180,"1.306,00"
004,011,004011,080241,"2.768,00"
004,011,004011,137472,"2.768,00"
004,011,004011,187771,"2.768,00"
004,011,004011,195030,"2.768,00"
004,012,004012,016853,"1.312,00"
004,012,004012,066427,"1.766,00"
004,012,004012,155845,"1.312,00"
004,012,004012,159930,"1.312,00"
004,012,004012,162221,"1.312,00"
004,013,004013,066427,"2.063,00"
004,013,004013,122386,"1.699,00"
004,013,004013,158046,"1.495,00"
004,013,004013,199265,"1.699,00"
004,014,004014,035173,"1.655,00"
004,014,004014,049549,"1.747,00"
004,014,004014,066427,"1.612,00"
004,014,004014,122386,"1.201,00"
004,014,004014,148806,"1.639,00"
004,015,004015,012858,"1.727,00"
004,015,004015,035173,"1.727,00"
004,015,004015,049549,"1.727,00"
004,015,004015,151181,"1.727,00"
004,016,004016,012858,"1.454,00"
004,016,004016,049549,"1.400,00"
004,016,004016,148806,"1.346,00"
004,016,004016,151181,"1.400,00"
004,017,004017,035173,"1.437,00"
004,017,004017,098310,"1.268,00"
004,017,004017,148806,"1.399,00"
004,017,004017,151181,"1.451,00"
004,018,004018,011967,"1.523,00"
004,018,004018,035173,"1.399,00"
004,018,004018,098310,"1.423,00"
004,018,004018,148806,"1.472,00"
004,019,004019,080241,"3.065,00"
004,019,004019,187771,"3.065,00"
004,019,004019,195030,"3.065,00"
004,024,004024,117943,"1.324,00"
004,024,004024,155845,"1.324,00"
004,024,004024,159930,"1.324,00"
004,024,004024,162221,"1.324,00"
004,025,004025,066427,"1.325,00"
004,025,004025,117943,"1.592,00"
004,025,004025,150762,"1.592,00"
004,025,004025,159930,"1.592,00"
004,026,004026,049549,"1.495,00"
004,026,004026,066427,"1.643,00"
004,026,004026,148806,"1.372,00"
004,026,004026,151181,"1.618,00"
004,027,004027,066427,"1.555,00"
004,027,004027,098310,"1.513,00"
004,027,004027,148806,"1.485,00"
004,027,004027,151181,"1.451,00"
004,028,004028,011967,"1.505,00"
004,028,004028,066427,"2.063,00"
004,028,004028,087483,"1.491,00"
004,028,004028,098310,"1.494,00"
004,028,004028,148806,"1.340,00"
004,029,004029,080241,"1.872,00"
004,029,004029,156744,"1.872,00"
004,029,004029,187771,"1.872,00"
004,030,004030,080241,"1.639,00"
004,030,004030,090328,"1.640,00"
004,030,004030,156744,"1.372,00"
004,030,004030,187771,"1.803,00"
004,031,004031,117943,"1.467,00"
004,031,004031,146200,"1.467,00"
004,031,004031,156744,"1.467,00"
004,031,004031,187771,"1.467,00"
004,032,004032,066427,"1.503,00"
004,032,004032,117943,"1.592,00"
004,032,004032,150762,"1.592,00"
004,033,004033,057886,"1.192,00"
004,033,004033,117943,"1.192,00"
004,033,004033,146200,"1.467,00"
004,033,004033,152277,"1.192,00"
004,033,004033,159930,"1.192,00"
004,033,004033,755745,"1.192,00"
004,034,004034,057886,"1.192,00"
004,034,004034,117943,"1.192,00"
004,034,004034,159930,"1.183,00"
004,034,004034,197017,"1.167,00"
004,034,004034,755745,"1.183,00"
004,035,004035,066427,"1.760,00"
004,035,004035,117943,"1.341,00"
004,035,004035,122386,"1.341,00"
004,035,004035,173711,"1.341,00"
004,035,004035,197017,"1.341,00"
004,037,004037,090328,"1.399,00"
004,037,004037,113743,"1.533,00"
004,037,004037,146200,"1.533,00"
004,037,004037,156744,"1.769,00"
004,037,004037,187771,"1.434,00"
004,038,004038,057886,"1.492,00"
004,038,004038,122386,"1.492,00"
004,038,004038,140287,"1.492,00"
004,038,004038,197017,"1.492,00"
004,039,004039,057886,"1.267,00"
004,039,004039,152277,"1.267,00"
004,039,004039,159930,"1.267,00"
004,042,004042,122386,"1.296,00"
004,042,004042,140287,"1.467,00"
004,042,004042,173711,"1.167,00"
004,042,004042,197017,"1.235,00"
004,043,004043,080241,"1.646,00"
004,043,004043,090328,"1.532,00"
004,043,004043,116491,"1.626,00"
004,043,004043,187771,"1.599,00"
004,044,004044,090328,"1.626,00"
004,044,004044,113743,"1.535,00"
004,044,004044,116491,"1.885,00"
004,044,004044,187771,"1.533,00"
004,048,004048,006378,"1.360,00"
004,048,004048,066427,"1.503,00"
004,048,004048,122386,"1.317,00"
004,048,004048,182087,"1.047,00"
004,049,004049,006378,"1.218,00"
004,049,004049,008141,"1.229,00"
004,049,004049,066427,"1.854,00"
004,049,004049,100510,"1.145,00"
004,050,004050,008141,"1.242,00"
004,050,004050,066427,"1.658,00"
004,050,004050,098310,"1.182,00"
004,050,004050,100510,"1.309,00"
004,050,004050,163074,"1.072,00"
004,051,004051,011967,"1.217,00"
004,051,004051,066427,"1.754,00"
004,051,004051,098310,"1.295,00"
004,051,004051,161713,"1.371,00"
004,052,004052,048291,"1.182,00"
004,052,004052,113743,"1.542,00"
004,052,004052,116491,"1.508,00"
004,052,004052,146200,"1.381,00"
004,052,004052,152277,"1.091,00"
004,052,004052,187801,"1.374,00"
004,053,004053,048291,"1.299,00"
004,053,004053,114545,"1.347,00"
004,053,004053,152277,"1.595,00"
004,053,004053,187801,"1.413,00"
004,054,004054,057886,"1.290,00"
004,054,004054,114545,"1.267,00"
004,054,004054,152277,"1.495,00"
004,054,004054,159930,"1.167,00"
004,056,004056,057886,"1.377,00"
004,056,004056,114545,"1.624,00"
004,056,004056,122386,"1.129,00"
004,056,004056,182087,"1.349,00"
004,057,004057,006378,"1.145,00"
004,057,004057,008141,"1.302,00"
004,057,004057,100510,"1.192,00"
004,057,004057,182087,"1.176,00"
004,058,004058,008141,"1.249,00"
004,058,004058,098310,"1.305,00"
004,058,004058,100510,"1.204,00"
004,058,004058,182087,"1.328,00"
004,059,004059,011967,"1.340,00"
004,059,004059,098310,"1.031,00"
004,059,004059,145637,"1.299,00"
004,059,004059,161713,"1.163,00"
004,060,004060,048291,"1.314,00"
004,060,004060,114545,"1.295,00"
004,060,004060,116491,"1.340,00"
004,060,004060,187801,"1.324,00"
004,061,004061,048291,"1.378,00"
004,061,004061,114545,"1.259,00"
004,061,004061,122386,"1.341,00"
004,061,004061,182087,"1.371,00"
004,062,004062,008141,"1.445,00"
004,062,004062,048291,"1.251,00"
004,062,004062,122386,"1.431,00"
004,062,004062,182087,"1.492,00"
004,063,004063,008141,"1.308,00"
004,063,004063,048291,"1.151,00"
004,063,004063,098310,"1.396,00"
004,063,004063,182087,"1.144,00"
004,064,004064,011967,"1.350,00"
004,064,004064,098310,"1.302,00"
004,064,004064,145637,"1.180,00"
004,064,004064,182087,"1.485,00"
004,065,004065,098310,"1.387,00"
004,065,004065,182087,"1.167,00"
004,065,004065,184845,"1.254,00"
004,065,004065,196304,"1.245,00"
004,066,004066,011967,"1.375,00"
004,066,004066,182087,"1.119,00"
004,066,004066,184845,"1.280,00"
004,066,004066,196304,"1.188,00"
004,067,004067,048291,"1.889,00"
004,067,004067,114545,"1.854,00"
004,067,004067,116491,"1.968,00"
004,067,004067,122386,"2.069,00"
004,068,004068,039616,"3.039,00"
004,068,004068,048291,"1.248,00"
004,068,004068,051012,"2.008,00"
004,068,004068,098310,"2.038,00"
004,068,004068,122386,"2.154,00"
004,069,004069,048291,"1.923,00"
004,069,004069,098310,"1.355,00"
004,069,004069,184845,"2.085,00"
004,069,004069,196304,"1.340,00"
004,070,004070,011967,"1.255,00"
004,070,004070,048291,"1.233,00"
004,070,004070,184845,"1.292,00"
004,070,004070,196304,"1.227,00"
004,071,004071,048291,"2.476,00"
004,071,004071,051012,"2.475,00"
004,071,004071,098310,"1.927,00"
004,071,004071,184845,"2.120,00"
004,072,004072,011967,"1.942,00"
004,072,004072,048291,"2.242,00"
004,072,004072,051012,"2.241,00"
004,072,004072,184845,"1.976,00"
005,001,005001,068896,"7.605,00"
005,001,005001,156035,"7.605,00"
005,002,005002,068896,"7.420,00"
005,002,005002,108138,"5.872,00"
005,002,005002,118249,"7.532,00"
005,003,005003,032107,"7.491,00"
005,003,005003,108138,"7.518,00"
005,003,005003,118249,"7.510,00"
005,003,005003,152790,"7.256,00"
005,003,005003,156035,"7.284,00"
005,004,005004,032107,"7.527,00"
005,004,005004,059447,"8.469,00"
005,004,005004,108138,"7.545,00"
005,004,005004,167444,"7.605,00"
005,005,005005,059447,"9.570,00"
005,005,005005,108138,"7.586,00"
005,005,005005,167444,"7.605,00"
005,006,005006,073369,"5.382,00"
005,006,005006,108138,"5.872,00"
005,006,005006,152617,"5.626,00"
005,007,005007,027952,"5.499,00"
005,007,005007,073369,"5.591,00"
005,007,005007,152617,"5.455,00"
005,008,005008,073369,"5.273,00"
005,008,005008,118249,"6.454,00"
005,008,005008,152617,"5.273,00"
005,009,005009,108138,"6.968,00"
005,009,005009,118249,"6.851,00"
005,009,005009,152790,"6.735,00"
005,010,005010,073350,"6.454,00"
005,010,005010,108138,"7.605,00"
005,010,005010,152790,"7.605,00"
005,010,005010,157392,"7.605,00"
005,011,005011,031895,"7.277,00"
005,011,005011,108138,"7.540,00"
005,011,005011,157392,"7.401,00"
005,011,005011,167444,"7.375,00"
005,012,005012,059447,"9.145,00"
005,012,005012,108138,"7.493,00"
005,012,005012,154733,"7.489,00"
005,012,005012,167444,"7.605,00"
005,012,005012,175455,"6.997,00"
005,013,005013,055204,"5.893,00"
005,013,005013,073350,"5.893,00"
005,013,005013,073369,"4.976,00"
005,013,005013,152617,"5.872,00"
005,013,005013,170259,"6.345,00"
005,014,005014,031895,"7.498,00"
005,014,005014,069337,"6.041,00"
005,014,005014,073350,"6.222,00"
005,014,005014,167444,"7.605,00"
005,015,005015,031895,"7.555,00"
005,015,005015,154733,"7.592,00"
005,015,005015,167444,"7.605,00"
005,015,005015,175455,"7.476,00"
005,016,005016,010030,"4.847,00"
005,016,005016,023981,"5.046,00"
005,016,005016,027952,"4.881,00"
005,016,005016,146757,"4.613,00"
005,016,005016,197645,"4.847,00"
005,017,005017,010030,"4.983,00"
005,017,005017,023981,"5.165,00"
005,017,005017,078530,"5.169,00"
005,017,005017,121657,"5.743,00"
005,017,005017,133175,"5.265,00"
005,017,005017,146757,"4.677,00"
005,019,005019,121657,"5.938,00"
005,019,005019,170259,"5.188,00"
005,019,005019,197645,"4.850,00"
005,020,005020,055204,"6.099,00"
005,020,005020,069337,"6.127,00"
005,020,005020,167444,"7.496,00"
005,020,005020,170259,"6.025,00"
005,021,005021,031895,"7.518,00"
005,021,005021,069337,"6.013,00"
005,021,005021,167444,"7.436,00"
005,021,005021,175455,"6.919,00"
005,022,005022,069337,"5.815,00"
005,022,005022,103764,"6.385,00"
005,022,005022,167444,"7.325,00"
005,022,005022,175455,"6.799,00"
005,023,005023,073296,"3.408,00"
005,023,005023,078530,"3.119,00"
005,023,005023,133175,"5.458,00"
005,024,005024,003786,"3.723,00"
005,024,005024,073296,"3.437,00"
005,024,005024,121657,"5.451,00"
005,024,005024,133175,"5.250,00"
005,025,005025,103764,"5.660,00"
005,025,005025,121657,"6.556,00"
005,025,005025,156353,"6.381,00"
005,025,005025,167444,"5.763,00"
005,025,005025,170259,"5.828,00"
005,025,005025,197645,"5.180,00"
005,026,005026,175455,"6.682,00"
005,028,005028,069671,"5.503,00"
005,028,005028,103764,"5.635,00"
005,028,005028,150223,"5.780,00"
005,028,005028,175455,"6.553,00"
005,029,005029,024155,"1.828,00"
005,029,005029,043680,"1.828,00"
005,029,005029,172936,"5.186,00"
005,030,005030,008648,"3.594,00"
005,030,005030,103764,"5.338,00"
005,030,005030,172936,"5.411,00"
005,030,005030,181153,"7.122,00"
005,031,005031,080292,"5.461,00"
005,031,005031,103764,"5.461,00"
005,031,005031,162493,"5.461,00"
005,032,005032,014540,"5.461,00"
005,032,005032,051110,"5.461,00"
005,032,005032,150223,"5.461,00"
005,033,005033,014540,"5.821,00"
005,033,005033,051110,"6.628,00"
005,033,005033,182109,"3.248,00"
005,033,005033,185566,"3.053,00"
005,034,005034,003786,"3.159,00"
005,034,005034,010030,"3.187,00"
005,034,005034,073296,"3.263,00"
005,034,005034,097632,"3.784,00"
005,034,005034,121657,"6.558,00"
005,035,005035,023981,"2.270,00"
005,035,005035,098957,"2.299,00"
005,035,005035,121657,"5.575,00"
005,038,005038,008648,"3.941,00"
005,038,005038,043680,"3.430,00"
005,038,005038,118184,"7.057,00"
005,038,005038,172936,"3.685,00"
005,039,005039,067083,"3.354,00"
005,039,005039,077330,"4.881,00"
005,039,005039,080292,"3.279,00"
005,039,005039,118184,"7.356,00"
005,039,005039,118206,"4.881,00"
005,040,005040,067083,"3.277,00"
005,040,005040,076643,"3.359,00"
005,040,005040,080292,"3.458,00"
005,040,005040,162493,"3.096,00"
005,041,005041,178659,"2.342,00"
005,043,005043,044873,"2.178,00"
005,043,005043,102385,"2.359,00"
005,043,005043,149802,"2.110,00"
005,043,005043,178640,"2.374,00"
005,044,005044,076643,"3.752,00"
005,044,005044,123889,"2.362,00"
005,044,005044,178640,"2.737,00"
005,044,005044,190500,"2.573,00"
005,045,005045,067083,"2.340,00"
005,045,005045,076643,"3.122,00"
005,045,005045,123889,"2.535,00"
005,045,005045,190500,"2.367,00"
005,046,005046,067083,"1.904,00"
005,046,005046,134970,"2.353,00"
005,046,005046,178640,"2.340,00"
005,046,005046,185167,"1.721,00"
005,046,005046,190500,"2.308,00"
005,046,005046,204242,"2.286,00"
005,048,005048,097632,"2.766,00"
005,048,005048,118052,"2.513,00"
005,048,005048,121657,"6.167,00"
005,048,005048,178128,"2.648,00"
005,048,005048,178136,"3.138,00"
005,051,005051,002534,"3.365,00"
005,051,005051,067083,"3.566,00"
005,051,005051,077330,"3.865,00"
005,051,005051,080292,"3.463,00"
005,052,005052,007838,"3.421,00"
005,052,005052,067083,"3.352,00"
005,052,005052,076643,"2.708,00"
005,052,005052,080292,"3.376,00"
005,053,005053,067083,"1.952,00"
005,053,005053,076643,"3.561,00"
005,053,005053,123650,"2.331,00"
005,053,005053,190500,"1.756,00"
005,054,005054,067083,"1.873,00"
005,054,005054,067091,"1.885,00"
005,054,005054,190500,"1.926,00"
005,056,005056,009130,"1.850,00"
005,056,005056,067083,"1.743,00"
005,056,005056,067105,"1.850,00"
005,057,005057,067083,"1.680,00"
005,057,005057,067105,"1.640,00"
005,058,005058,010880,"3.108,00"
005,058,005058,077330,"3.077,00"
005,058,005058,080292,"3.108,00"
005,061,005061,010880,"3.201,00"
005,061,005061,077330,"3.837,00"
005,061,005061,164577,"3.081,00"
005,061,005061,190560,"3.320,00"
005,062,005062,010880,"3.091,00"
005,062,005062,077330,"3.726,00"
005,062,005062,080292,"3.337,00"
005,062,005062,090328,"3.214,00"
005,063,005063,007838,"3.289,00"
005,063,005063,076643,"3.081,00"
005,063,005063,080292,"3.235,00"
005,063,005063,090328,"3.153,00"
005,064,005064,076643,"2.794,00"
005,064,005064,090328,"1.943,00"
005,064,005064,156744,"2.047,00"
005,064,005064,465194,"2.075,00"
005,065,005065,090328,"2.213,00"
005,065,005065,156744,"2.283,00"
005,065,005065,183270,"1.713,00"
005,065,005065,465194,"2.047,00"
005,066,005066,080241,"1.791,00"
005,066,005066,090328,"1.833,00"
005,066,005066,119210,"1.517,00"
005,066,005066,156744,"1.911,00"
005,066,005066,183270,"1.978,00"
005,067,005067,077330,"3.641,00"
005,067,005067,090328,"3.355,00"
005,067,005067,118184,"7.677,00"
005,067,005067,190560,"3.102,00"
005,068,005068,068802,"3.134,00"
005,068,005068,077330,"3.708,00"
005,068,005068,090328,"3.663,00"
005,068,005068,118184,"7.183,00"
005,069,005069,077330,"3.693,00"
005,069,005069,080292,"3.132,00"
005,069,005069,090328,"3.185,00"
005,069,005069,105120,"2.948,00"
005,070,005070,076643,"3.053,00"
005,070,005070,080292,"3.175,00"
005,070,005070,090328,"2.624,00"
005,071,005071,076643,"3.390,00"
005,071,005071,080292,"2.150,00"
005,071,005071,090328,"1.976,00"
005,071,005071,465194,"2.144,00"
005,072,005072,080292,"1.978,00"
005,072,005072,090328,"2.104,00"
005,072,005072,183270,"2.062,00"
005,072,005072,465194,"2.058,00"
005,073,005073,080241,"1.854,00"
005,073,005073,090328,"1.942,00"
005,073,005073,183270,"1.820,00"
005,074,005074,023981,"5.354,00"
005,074,005074,081914,"5.243,00"
005,074,005074,197645,"5.872,00"
005,075,005075,023981,"4.749,00"
005,075,005075,081914,"4.749,00"
005,075,005075,121657,"5.200,00"
005,075,005075,197645,"4.749,00"
005,076,005076,044873,"2.263,00"
005,076,005076,076643,"2.826,00"
005,076,005076,080241,"2.859,00"
005,076,005076,102385,"2.387,00"
005,076,005076,103764,"5.333,00"
005,076,005076,149802,"2.110,00"
005,076,005076,151017,"2.875,00"
005,076,005076,178640,"2.353,00"
005,076,005076,178659,"2.342,00"
005,076,005076,185566,"3.140,00"
005,077,005077,054364,"2.305,00"
005,077,005077,086398,"2.413,00"
005,077,005077,151017,"2.907,00"
005,077,005077,178640,"2.318,00"
005,078,005078,080241,"2.911,00"
005,078,005078,086398,"2.879,00"
005,078,005078,134970,"2.670,00"
005,078,005078,151017,"3.015,00"
005,079,005079,077330,"4.144,00"
005,079,005079,118184,"7.923,00"
005,079,005079,118206,"3.425,00"
005,080,005080,010880,"3.756,00"
005,080,005080,077330,"3.784,00"
005,080,005080,118184,"7.037,00"
005,080,005080,164577,"3.274,00"
005,082,005082,024155,"2.361,00"
005,082,005082,043680,"2.361,00"
005,082,005082,118184,"6.445,00"
005,082,005082,118206,"7.061,00"
005,083,005083,076643,"3.009,00"
005,083,005083,123650,"2.014,00"
005,084,005084,076643,"2.738,00"
005,084,005084,156744,"2.040,00"
005,084,005084,465194,"2.040,00"
005,085,005085,080241,"2.066,00"
005,085,005085,134970,"2.907,00"
005,086,005086,178128,"2.949,00"
005,086,005086,178136,"2.314,00"
005,086,005086,197645,"2.632,00"
005,087,005087,097632,"2.655,00"
005,087,005087,118184,"7.779,00"
005,087,005087,178136,"2.529,00"
005,087,005087,197645,"2.592,00"
005,088,005088,097632,"2.599,00"
005,089,005089,067083,"1.883,00"
005,089,005089,067105,"1.760,00"
005,089,005089,080241,"2.134,00"
005,089,005089,123650,"1.822,00"
005,089,005089,134970,"1.510,00"
005,090,005090,009130,"1.850,00"
005,090,005090,067083,"1.756,00"
005,090,005090,123650,"1.811,00"
005,090,005090,175137,"1.829,00"
005,091,005091,012190,"1.857,00"
005,091,005091,067083,"2.137,00"
005,091,005091,067091,"1.997,00"
005,092,005092,080241,"1.627,00"
005,092,005092,156744,"2.041,00"
005,092,005092,333069,"1.958,00"
005,092,005092,356476,"1.958,00"
005,092,005092,465194,"2.204,00"
005,093,005093,012190,"1.850,00"
005,093,005093,067083,"1.709,00"
005,093,005093,175137,"1.850,00"
006,001,006001,038741,"4.086,00"
006,001,006001,052450,"6.545,00"
006,001,006001,075930,"4.860,00"
006,001,006001,081965,"4.351,00"
006,001,006001,203998,"4.433,00"
006,002,006002,024970,"4.387,00"
006,002,006002,052450,"6.076,00"
006,002,006002,136140,"4.387,00"
006,002,006002,203998,"4.387,00"
006,003,006003,021156,"5.032,00"
006,003,006003,052450,"6.307,00"
006,003,006003,092762,"6.637,00"
006,006,006006,029475,"5.279,00"
006,006,006006,076694,"5.279,00"
006,006,006006,170003,"5.503,00"
006,006,006006,181080,"6.281,00"
006,007,006007,029475,"5.642,00"
006,007,006007,036242,"7.209,00"
006,007,006007,076694,"5.111,00"
006,007,006007,109860,"7.100,00"
006,007,006007,121320,"7.899,00"
006,007,006007,170003,"7.095,00"
006,007,006007,181080,"7.189,00"
006,008,006008,095435,"6.856,00"
006,008,006008,108901,"7.135,00"
006,008,006008,170003,"7.814,00"
006,008,006008,181080,"7.034,00"
006,009,006009,095435,"7.177,00"
006,009,006009,108901,"7.040,00"
006,009,006009,170003,"7.688,00"
006,009,006009,197599,"7.072,00"
006,010,006010,092762,"8.757,00"
006,010,006010,101010,"7.225,00"
006,010,006010,108901,"6.575,00"
006,010,006010,197599,"6.981,00"
006,011,006011,024970,"5.522,00"
006,011,006011,038741,"4.175,00"
006,011,006011,075930,"4.115,00"
006,011,006011,081965,"4.162,00"
006,011,006011,203998,"4.201,00"
006,012,006012,052450,"6.820,00"
006,012,006012,075930,"5.380,00"
006,012,006012,145130,"5.320,00"
006,013,006013,052450,"6.916,00"
006,013,006013,136328,"5.269,00"
006,013,006013,145130,"5.300,00"
006,014,006014,036242,"5.694,00"
006,014,006014,052450,"5.694,00"
006,014,006014,121320,"5.694,00"
006,015,006015,095435,"6.682,00"
006,015,006015,108901,"6.818,00"
006,015,006015,129518,"6.523,00"
006,015,006015,181080,"6.581,00"
006,016,006016,095435,"6.889,00"
006,016,006016,108901,"7.209,00"
006,016,006016,168610,"7.120,00"
006,016,006016,197599,"7.082,00"
006,017,006017,054950,"6.870,00"
006,017,006017,101010,"6.818,00"
006,017,006017,108901,"6.197,00"
006,017,006017,197599,"6.777,00"
006,019,006019,026174,"5.550,00"
006,019,006019,136140,"5.108,00"
006,019,006019,136328,"4.797,00"
006,020,006020,008800,"4.761,00"
006,020,006020,026174,"5.672,00"
006,020,006020,136140,"4.502,00"
006,020,006020,136328,"6.111,00"
006,020,006020,148040,"4.023,00"
006,020,006020,167185,"4.502,00"
006,021,006021,008800,"5.670,00"
006,021,006021,136328,"5.702,00"
006,021,006021,167185,"5.577,00"
006,022,006022,008800,"5.213,00"
006,022,006022,052450,"5.623,00"
006,022,006022,101184,"5.533,00"
006,022,006022,148105,"4.806,00"
006,022,006022,167614,"5.423,00"
006,023,006023,036242,"5.840,00"
006,023,006023,181080,"6.928,00"
006,023,006023,199966,"6.174,00"
006,024,006024,054950,"7.167,00"
006,024,006024,095435,"7.028,00"
006,024,006024,129518,"7.104,00"
006,024,006024,181080,"7.015,00"
006,025,006025,054950,"6.889,00"
006,025,006025,181080,"6.577,00"
006,025,006025,199966,"7.022,00"
006,026,006026,168610,"4.825,00"
006,027,006027,054950,"5.682,00"
006,027,006027,072818,"6.624,00"
006,027,006027,101010,"6.243,00"
006,027,006027,168610,"7.086,00"
006,030,006030,015210,"3.173,00"
006,030,006030,136140,"3.324,00"
006,030,006030,148040,"4.516,00"
006,030,006030,167185,"3.475,00"
006,031,006031,008800,"4.761,00"
006,031,006031,148040,"4.061,00"
006,031,006031,167185,"4.502,00"
006,032,006032,008800,"5.117,00"
006,032,006032,101184,"5.962,00"
006,032,006032,148040,"4.524,00"
006,033,006033,015210,"5.143,00"
006,033,006033,148040,"3.496,00"
006,033,006033,148105,"5.250,00"
006,035,006035,101184,"5.348,00"
006,035,006035,148040,"3.917,00"
006,035,006035,167614,"5.282,00"
006,035,006035,438570,"5.348,00"
006,036,006036,072818,"5.363,00"
006,036,006036,141020,"5.363,00"
006,036,006036,199966,"7.173,00"
006,038,006038,015210,"3.376,00"
006,038,006038,058874,"2.907,00"
006,038,006038,168491,"3.472,00"
006,038,006038,170755,"3.181,00"
006,039,006039,058874,"3.592,00"
006,039,006039,059854,"3.386,00"
006,039,006039,168491,"3.040,00"
006,039,006039,170755,"2.737,00"
006,040,006040,000582,"3.270,00"
006,040,006040,015210,"3.787,00"
006,040,006040,054666,"3.787,00"
006,040,006040,058874,"3.497,00"
006,040,006040,059854,"3.020,00"
006,041,006041,010030,"5.735,00"
006,041,006041,015210,"5.735,00"
006,041,006041,097586,"5.735,00"
006,042,006042,015210,"2.898,00"
006,042,006042,068454,"3.393,00"
006,042,006042,148040,"4.758,00"
006,042,006042,177156,"3.673,00"
006,043,006043,015210,"3.446,00"
006,043,006043,121789,"2.687,00"
006,043,006043,126900,"3.507,00"
006,044,006044,015210,"3.415,00"
006,044,006044,121789,"2.686,00"
006,044,006044,126900,"3.619,00"
006,044,006044,191540,"3.493,00"
006,045,006045,015210,"4.158,00"
006,045,006045,104078,"3.614,00"
006,045,006045,126900,"3.138,00"
006,045,006045,191540,"3.531,00"
006,045,006045,422258,"3.793,00"
006,047,006047,038008,"3.289,00"
006,047,006047,058874,"3.564,00"
006,047,006047,059854,"3.453,00"
006,047,006047,168491,"3.110,00"
006,047,006047,198765,"3.289,00"
006,047,006047,218227,"3.097,00"
006,047,006047,441961,"3.219,00"
006,048,006048,000582,"3.216,00"
006,048,006048,058874,"3.458,00"
006,048,006048,059854,"3.323,00"
006,048,006048,097632,"3.317,00"
006,048,006048,099767,"3.113,00"
006,048,006048,099775,"3.472,00"
006,049,006049,000582,"3.046,00"
006,049,006049,099767,"3.217,00"
006,050,006050,000582,"3.538,00"
006,050,006050,000604,"3.280,00"
006,050,006050,097551,"3.626,00"
006,050,006050,099414,"3.203,00"
006,051,006051,010030,"3.302,00"
006,051,006051,097586,"4.885,00"
006,051,006051,099414,"3.351,00"
006,051,006051,145092,"2.838,00"
006,052,006052,010030,"5.978,00"
006,052,006052,078530,"5.978,00"
006,052,006052,133175,"5.978,00"
006,053,006053,003786,"3.542,00"
006,053,006053,010030,"3.409,00"
006,053,006053,078530,"3.223,00"
006,053,006053,133175,"5.019,00"
006,054,006054,115380,"3.219,00"
006,054,006054,126900,"3.176,00"
006,054,006054,168491,"3.261,00"
006,055,006055,000582,"3.364,00"
006,055,006055,097632,"2.965,00"
006,055,006055,099775,"3.482,00"
006,055,006055,118036,"2.977,00"
006,056,006056,000582,"3.314,00"
006,056,006056,000604,"2.882,00"
006,056,006056,010030,"3.307,00"
006,056,006056,010065,"3.113,00"
006,056,006056,097632,"3.286,00"
006,056,006056,099414,"3.065,00"
006,057,006057,010030,"3.444,00"
006,057,006057,010065,"3.219,00"
006,057,006057,099414,"2.888,00"
006,057,006057,145092,"2.894,00"
006,058,006058,003786,"3.162,00"
006,058,006058,010030,"3.337,00"
006,058,006058,073296,"3.170,00"
006,059,006059,088714,"3.179,00"
006,059,006059,115380,"3.156,00"
006,059,006059,121649,"3.305,00"
006,059,006059,121657,"6.837,00"
006,059,006059,196606,"2.983,00"
006,060,006060,010030,"3.794,00"
006,060,006060,115380,"3.790,00"
006,060,006060,121649,"3.192,00"
006,060,006060,121657,"5.478,00"
006,061,006061,008800,"5.301,00"
006,061,006061,148105,"5.736,00"
006,061,006061,167185,"5.654,00"
006,062,006062,015210,"3.314,00"
006,062,006062,148040,"3.881,00"
006,062,006062,167185,"3.321,00"
006,063,006063,054666,"3.589,00"
006,063,006063,097551,"3.583,00"
006,063,006063,099414,"3.586,00"
006,064,006064,021156,"5.108,00"
006,064,006064,052450,"6.401,00"
006,064,006064,092762,"6.928,00"
006,064,006064,121320,"6.376,00"
006,065,006065,015210,"3.028,00"
006,065,006065,068454,"3.028,00"
006,065,006065,148040,"4.119,00"
006,066,006066,015210,"3.482,00"
006,066,006066,136140,"3.482,00"
006,066,006066,148040,"3.482,00"
006,067,006067,015210,"3.263,00"
006,067,006067,104078,"3.635,00"
006,067,006067,422258,"3.009,00"
006,068,006068,015210,"3.487,00"
006,068,006068,059854,"3.267,00"
006,068,006068,168491,"3.414,00"
006,068,006068,336157,"3.219,00"
006,069,006069,024970,"6.644,00"
006,069,006069,026174,"4.795,00"
006,069,006069,136140,"5.456,00"
006,070,006070,024970,"5.661,00"
006,070,006070,026174,"4.847,00"
006,070,006070,038741,"4.234,00"
006,071,006071,026174,"5.126,00"
006,071,006071,148040,"4.636,00"
006,072,006072,026174,"4.795,00"
006,072,006072,136140,"4.847,00"
006,072,006072,148040,"4.821,00"
006,073,006073,059854,"2.848,00"
006,073,006073,168491,"3.119,00"
006,073,006073,218227,"2.985,00"
006,074,006074,104078,"3.544,00"
006,074,006074,115380,"3.522,00"
006,074,006074,126900,"3.214,00"
006,074,006074,168491,"3.645,00"
006,075,006075,101184,"5.338,00"
006,075,006075,148040,"4.061,00"
006,075,006075,438570,"5.338,00"
006,800,006800,900010,"59,00"
006,800,006800,900028,"59,00"
006,800,006800,900036,"59,00"
006,800,006800,900044,"59,00"
007,001,007001,013560,"3.526,00"
007,001,007001,057975,"3.280,00"
007,001,007001,077283,"3.547,00"
007,001,007001,163830,"3.471,00"
007,002,007002,019127,"3.576,00"
007,002,007002,101010,"3.342,00"
007,002,007002,113379,"3.535,00"
007,002,007002,149098,"3.402,00"
007,002,007002,163830,"3.144,00"
007,003,007003,019127,"3.318,00"
007,003,007003,045160,"3.241,00"
007,003,007003,113379,"3.591,00"
007,004,007004,019127,"3.576,00"
007,004,007004,101010,"3.170,00"
007,004,007004,153583,"3.783,00"
007,004,007004,163830,"3.679,00"
007,005,007005,013560,"7.849,00"
007,005,007005,028894,"6.219,00"
007,005,007005,057975,"5.593,00"
007,005,007005,153583,"6.679,00"
007,005,007005,187364,"6.388,00"
007,006,007006,019127,"3.144,00"
007,006,007006,101010,"3.116,00"
007,006,007006,147508,"3.008,00"
007,006,007006,153583,"3.519,00"
007,007,007007,019127,"3.947,00"
007,007,007007,101010,"2.993,00"
007,007,007007,113379,"3.601,00"
007,007,007007,147508,"3.447,00"
007,008,007008,019127,"3.324,00"
007,008,007008,113379,"3.225,00"
007,008,007008,147508,"3.434,00"
007,008,007008,198625,"3.128,00"
007,009,007009,045160,"3.620,00"
007,009,007009,147508,"3.519,00"
007,009,007009,198625,"3.554,00"
007,010,007010,013560,"8.035,00"
007,010,007010,028894,"6.962,00"
007,010,007010,096466,"6.074,00"
007,010,007010,187364,"5.647,00"
007,011,007011,028894,"5.446,00"
007,011,007011,052132,"5.383,00"
007,011,007011,135968,"5.322,00"
007,011,007011,187364,"5.348,00"
007,012,007012,028894,"5.661,00"
007,012,007012,135968,"5.525,00"
007,012,007012,153583,"5.565,00"
007,012,007012,187364,"5.581,00"
007,013,007013,080233,"3.257,00"
007,013,007013,101010,"3.308,00"
007,013,007013,147508,"3.520,00"
007,013,007013,153583,"3.422,00"
007,014,007014,101010,"3.216,00"
007,014,007014,113379,"3.471,00"
007,014,007014,147508,"3.582,00"
007,015,007015,080233,"3.490,00"
007,015,007015,113379,"3.611,00"
007,015,007015,147508,"3.491,00"
007,015,007015,198625,"3.547,00"
007,016,007016,040126,"3.436,00"
007,016,007016,080233,"3.853,00"
007,016,007016,147508,"3.434,00"
007,016,007016,198625,"3.418,00"
007,017,007017,052132,"5.620,00"
007,017,007017,096466,"5.480,00"
007,017,007017,135968,"5.458,00"
007,017,007017,187364,"5.451,00"
007,018,007018,041564,"5.219,00"
007,018,007018,072907,"5.490,00"
007,018,007018,076082,"6.098,00"
007,018,007018,135968,"5.470,00"
007,019,007019,046809,"5.524,00"
007,019,007019,076082,"5.585,00"
007,019,007019,135968,"5.432,00"
007,019,007019,153583,"5.591,00"
007,020,007020,080233,"3.520,00"
007,020,007020,086568,"2.949,00"
007,020,007020,101010,"2.642,00"
007,020,007020,153583,"3.787,00"
007,021,007021,040126,"3.512,00"
007,021,007021,080233,"3.258,00"
007,021,007021,086568,"3.361,00"
007,021,007021,101010,"3.415,00"
007,022,007022,013560,"9.002,00"
007,022,007022,096466,"6.426,00"
007,022,007022,098477,"6.177,00"
007,022,007022,187364,"5.931,00"
007,023,007023,096466,"5.210,00"
007,023,007023,098477,"5.793,00"
007,023,007023,135968,"5.544,00"
007,023,007023,187364,"5.301,00"
007,024,007024,025763,"5.471,00"
007,024,007024,041564,"5.581,00"
007,024,007024,098477,"5.612,00"
007,024,007024,135968,"5.533,00"
007,025,007025,025763,"5.701,00"
007,025,007025,041564,"5.600,00"
007,025,007025,072907,"5.461,00"
007,025,007025,098477,"5.454,00"
007,026,007026,041564,"5.888,00"
007,026,007026,072907,"5.309,00"
007,026,007026,098477,"5.449,00"
007,026,007026,195871,"5.739,00"
007,027,007027,041564,"5.383,00"
007,027,007027,072907,"5.415,00"
007,027,007027,076082,"5.880,00"
007,027,007027,195871,"5.745,00"
007,028,007028,046809,"5.221,00"
007,028,007028,076082,"5.221,00"
007,030,007030,011622,"3.723,00"
007,030,007030,040126,"3.510,00"
007,030,007030,086568,"3.285,00"
007,030,007030,101010,"3.783,00"
007,031,007031,013560,"8.491,00"
007,031,007031,098477,"6.925,00"
007,031,007031,135968,"5.929,00"
007,031,007031,136220,"5.733,00"
007,032,007032,025763,"5.600,00"
007,032,007032,098477,"5.777,00"
007,032,007032,135968,"5.449,00"
007,032,007032,136220,"5.805,00"
007,033,007033,025763,"5.590,00"
007,033,007033,098477,"5.784,00"
007,033,007033,136220,"8.545,00"
007,033,007033,195871,"5.558,00"
007,034,007034,046809,"5.508,00"
007,034,007034,076082,"5.423,00"
007,034,007034,098477,"5.467,00"
007,034,007034,100773,"5.396,00"
007,034,007034,195871,"5.600,00"
007,035,007035,046809,"5.609,00"
007,035,007035,076082,"5.227,00"
007,035,007035,106259,"5.673,00"
007,035,007035,179574,"6.186,00"
007,036,007036,023000,"5.997,00"
007,036,007036,076082,"5.194,00"
007,036,007036,098477,"5.475,00"
007,036,007036,100773,"5.537,00"
007,036,007036,179574,"5.588,00"
007,037,007037,076082,"5.653,00"
007,037,007037,106259,"5.654,00"
007,037,007037,179574,"5.656,00"
007,041,007041,023000,"5.342,00"
007,041,007041,046590,"5.342,00"
007,041,007041,076236,"3.333,00"
007,041,007041,101010,"3.698,00"
007,042,007042,011622,"3.575,00"
007,042,007042,040126,"3.806,00"
007,042,007042,046590,"5.774,00"
007,042,007042,101010,"3.563,00"
007,043,007043,013560,"9.241,00"
007,043,007043,087718,"9.242,00"
007,043,007043,135968,"6.482,00"
007,043,007043,136220,"6.464,00"
007,044,007044,025763,"8.343,00"
007,044,007044,096482,"8.803,00"
007,044,007044,135968,"8.937,00"
007,044,007044,136220,"5.427,00"
007,045,007045,025763,"8.589,00"
007,045,007045,096482,"8.926,00"
007,045,007045,136220,"8.199,00"
007,045,007045,195871,"8.640,00"
007,046,007046,048283,"6.253,00"
007,046,007046,096482,"6.253,00"
007,046,007046,098477,"6.253,00"
007,046,007046,195871,"6.253,00"
007,047,007047,009890,"3.904,00"
007,047,007047,048283,"4.076,00"
007,047,007047,093726,"4.215,00"
007,047,007047,096482,"4.658,00"
007,048,007048,009890,"3.800,00"
007,048,007048,048283,"4.651,00"
007,048,007048,093726,"4.073,00"
007,048,007048,098477,"4.278,00"
007,049,007049,009890,"4.764,00"
007,049,007049,023000,"4.213,00"
007,049,007049,093726,"4.364,00"
007,049,007049,169579,"4.162,00"
007,050,007050,023000,"5.404,00"
007,050,007050,032310,"4.909,00"
007,050,007050,093726,"4.822,00"
007,050,007050,169579,"5.134,00"
007,051,007051,023000,"4.708,00"
007,051,007051,046590,"5.004,00"
007,051,007051,101010,"6.341,00"
007,052,007052,023000,"6.282,00"
007,052,007052,101010,"6.441,00"
007,052,007052,198471,"4.549,00"
007,053,007053,087718,"8.466,00"
007,053,007053,096482,"7.994,00"
007,053,007053,135968,"8.447,00"
007,053,007053,175579,"8.882,00"
007,054,007054,087718,"6.318,00"
007,054,007054,099694,"6.318,00"
007,054,007054,175579,"8.517,00"
007,054,007054,195871,"6.318,00"
007,055,007055,096482,"8.961,00"
007,055,007055,099694,"8.570,00"
007,055,007055,175579,"9.085,00"
007,055,007055,195871,"8.706,00"
007,056,007056,096482,"5.631,00"
007,056,007056,099694,"5.678,00"
007,056,007056,195871,"7.966,00"
007,056,007056,197181,"5.278,00"
007,057,007057,048283,"5.638,00"
007,057,007057,096482,"5.484,00"
007,057,007057,099694,"5.779,00"
007,057,007057,197181,"5.574,00"
007,058,007058,009890,"3.895,00"
007,058,007058,048283,"4.172,00"
007,058,007058,096482,"4.521,00"
007,058,007058,099694,"3.708,00"
007,059,007059,009890,"4.160,00"
007,059,007059,093726,"4.761,00"
007,059,007059,096482,"4.213,00"
007,059,007059,169579,"4.477,00"
007,060,007060,032310,"4.881,00"
007,060,007060,093726,"4.825,00"
007,060,007060,096482,"4.926,00"
007,060,007060,169579,"4.717,00"
007,061,007061,023019,"4.830,00"
007,061,007061,025950,"4.710,00"
007,061,007061,032310,"4.979,00"
007,062,007062,023000,"5.118,00"
007,062,007062,023019,"4.875,00"
007,062,007062,025950,"5.076,00"
007,062,007062,196894,"5.194,00"
007,063,007063,025950,"4.759,00"
007,063,007063,113395,"6.155,00"
007,063,007063,196894,"6.569,00"
007,063,007063,198471,"4.373,00"
007,064,007064,099694,"5.726,00"
007,064,007064,181021,"5.209,00"
007,064,007064,195871,"8.970,00"
007,064,007064,197181,"5.679,00"
007,065,007065,048283,"5.434,00"
007,065,007065,099694,"5.434,00"
007,065,007065,181021,"5.434,00"
007,065,007065,197181,"5.434,00"
007,066,007066,009890,"4.357,00"
007,066,007066,048283,"4.424,00"
007,066,007066,099694,"3.629,00"
007,066,007066,181021,"4.490,00"
007,067,007067,009890,"4.190,00"
007,067,007067,099694,"4.414,00"
007,067,007067,169579,"4.201,00"
007,067,007067,181021,"4.497,00"
007,068,007068,009890,"3.726,00"
007,068,007068,096482,"3.952,00"
007,068,007068,099694,"4.092,00"
007,068,007068,169579,"4.203,00"
007,069,007069,032310,"4.797,00"
007,069,007069,096482,"4.764,00"
007,069,007069,099694,"4.877,00"
007,069,007069,169579,"4.855,00"
007,070,007070,023019,"4.976,00"
007,070,007070,025950,"4.518,00"
007,070,007070,032310,"4.238,00"
007,070,007070,096482,"4.976,00"
007,070,007070,170003,"6.282,00"
007,071,007071,023019,"4.878,00"
007,071,007071,025950,"4.967,00"
007,071,007071,170003,"5.083,00"
007,071,007071,196894,"5.470,00"
007,072,007072,025950,"4.997,00"
007,072,007072,105627,"4.929,00"
007,072,007072,170003,"6.055,00"
007,072,007072,196894,"6.340,00"
007,073,007073,025950,"5.454,00"
007,073,007073,101010,"7.316,00"
007,073,007073,105627,"5.442,00"
007,073,007073,158755,"5.430,00"
007,074,007074,101010,"6.852,00"
007,074,007074,158755,"4.497,00"
007,074,007074,170003,"6.608,00"
007,074,007074,189693,"4.803,00"
007,075,007075,092762,"7.119,00"
007,075,007075,101010,"6.361,00"
007,075,007075,170003,"7.401,00"
007,075,007075,189693,"5.232,00"
007,076,007076,131415,"5.752,00"
007,076,007076,181021,"5.784,00"
007,076,007076,197181,"6.007,00"
007,077,007077,048283,"5.581,00"
007,077,007077,131415,"5.591,00"
007,077,007077,181021,"5.569,00"
007,077,007077,197181,"5.909,00"
007,078,007078,009890,"4.551,00"
007,078,007078,048283,"3.733,00"
007,078,007078,055980,"4.052,00"
007,078,007078,181021,"4.680,00"
007,079,007079,009890,"3.458,00"
007,079,007079,048283,"3.774,00"
007,079,007079,055980,"3.969,00"
007,079,007079,131679,"4.329,00"
007,080,007080,009890,"3.995,00"
007,080,007080,048283,"4.199,00"
007,080,007080,052450,"7.127,00"
007,080,007080,131679,"4.461,00"
007,081,007081,009890,"4.106,00"
007,081,007081,052450,"6.495,00"
007,081,007081,169579,"4.387,00"
007,081,007081,181021,"3.677,00"
007,082,007082,052450,"7.351,00"
007,082,007082,065234,"4.351,00"
007,082,007082,169579,"4.762,00"
007,082,007082,188042,"4.931,00"
007,083,007083,032310,"4.338,00"
007,083,007083,065234,"4.484,00"
007,083,007083,169579,"4.967,00"
007,083,007083,181021,"4.966,00"
007,084,007084,032310,"4.887,00"
007,084,007084,099694,"4.737,00"
007,084,007084,169579,"4.964,00"
007,084,007084,181021,"4.790,00"
007,085,007085,021156,"5.112,00"
007,085,007085,032310,"4.973,00"
007,085,007085,096482,"5.266,00"
007,085,007085,099694,"5.388,00"
007,085,007085,170003,"5.676,00"
007,086,007086,021156,"4.461,00"
007,086,007086,032310,"5.134,00"
007,086,007086,099694,"5.106,00"
007,086,007086,181021,"5.203,00"
007,087,007087,021156,"5.268,00"
007,087,007087,092762,"6.834,00"
007,087,007087,170003,"5.982,00"
007,087,007087,181021,"4.967,00"
007,088,007088,170003,"5.279,00"
007,089,007089,021156,"4.868,00"
007,089,007089,092762,"6.010,00"
007,090,007090,021156,"5.420,00"
007,090,007090,032310,"4.238,00"
007,090,007090,065234,"4.426,00"
007,090,007090,092762,"6.755,00"
007,090,007090,181021,"4.695,00"
007,091,007091,065234,"4.893,00"
007,091,007091,092762,"7.023,00"
007,091,007091,188042,"4.729,00"
007,092,007092,011622,"3.074,00"
007,092,007092,046809,"3.149,00"
007,092,007092,179574,"3.225,00"
007,093,007093,011622,"3.380,00"
007,093,007093,046850,"3.589,00"
007,093,007093,076236,"3.496,00"
007,093,007093,101010,"3.892,00"
007,094,007094,023000,"3.679,00"
007,094,007094,046850,"3.677,00"
007,094,007094,076236,"3.680,00"
007,095,007095,179574,"4.264,00"
007,096,007096,011622,"3.368,00"
007,096,007096,046809,"3.604,00"
007,096,007096,086568,"3.605,00"
007,096,007096,153583,"3.731,00"
007,096,007096,506257,"3.578,00"
007,097,007097,011622,"3.340,00"
007,097,007097,086568,"3.670,00"
007,097,007097,101010,"3.469,00"
007,097,007097,506257,"3.493,00"
008,001,008001,013560,"4.029,00"
008,001,008001,028690,"3.614,00"
008,001,008001,077283,"3.301,00"
008,001,008001,149098,"3.515,00"
008,002,008002,028690,"3.376,00"
008,002,008002,062634,"3.422,00"
008,002,008002,149098,"3.513,00"
008,002,008002,170534,"3.326,00"
008,002,008002,198625,"3.481,00"
008,003,008003,002160,"3.203,00"
008,003,008003,062634,"3.740,00"
008,003,008003,170534,"3.460,00"
008,003,008003,198625,"3.526,00"
008,004,008004,002160,"3.689,00"
008,004,008004,062634,"3.838,00"
008,004,008004,118834,"4.715,00"
008,004,008004,170534,"3.550,00"
008,005,008005,062634,"3.526,00"
008,005,008005,118834,"4.613,00"
008,005,008005,144533,"3.572,00"
008,005,008005,170534,"3.578,00"
008,006,008006,062634,"3.361,00"
008,006,008006,082554,"3.884,00"
008,006,008006,144533,"3.499,00"
008,006,008006,170534,"3.332,00"
008,007,008007,062634,"3.405,00"
008,007,008007,082554,"2.908,00"
008,007,008007,170534,"3.157,00"
008,007,008007,171158,"3.526,00"
008,008,008008,062634,"3.229,00"
008,008,008008,163210,"3.273,00"
008,008,008008,170534,"3.198,00"
008,008,008008,171158,"2.842,00"
008,009,008009,058815,"2.888,00"
008,009,008009,062634,"2.264,00"
008,009,008009,163210,"2.574,00"
008,009,008009,170534,"3.056,00"
008,010,008010,050989,"2.668,00"
008,010,008010,058815,"2.574,00"
008,010,008010,170534,"2.760,00"
008,011,008011,045160,"3.318,00"
008,011,008011,170534,"3.532,00"
008,011,008011,198625,"3.611,00"
008,012,008012,002160,"3.337,00"
008,012,008012,045160,"3.465,00"
008,012,008012,170534,"3.617,00"
008,012,008012,198625,"3.488,00"
008,013,008013,002160,"3.519,00"
008,013,008013,118834,"4.879,00"
008,013,008013,147508,"3.740,00"
008,013,008013,170534,"3.356,00"
008,014,008014,118834,"4.932,00"
008,014,008014,144533,"3.706,00"
008,014,008014,147508,"3.875,00"
008,014,008014,170534,"3.487,00"
008,015,008015,082554,"3.680,00"
008,015,008015,144533,"3.494,00"
008,015,008015,147508,"3.835,00"
008,015,008015,170534,"3.232,00"
008,016,008016,082554,"3.829,00"
008,016,008016,147508,"3.033,00"
008,016,008016,170534,"3.829,00"
008,016,008016,171158,"3.239,00"
008,017,008017,147508,"2.832,00"
008,017,008017,163210,"2.591,00"
008,017,008017,170534,"2.629,00"
008,017,008017,171158,"2.774,00"
008,018,008018,058815,"2.580,00"
008,018,008018,147508,"2.501,00"
008,018,008018,163210,"3.087,00"
008,018,008018,170534,"2.607,00"
008,019,008019,050989,"2.589,00"
008,019,008019,058815,"2.658,00"
008,019,008019,147508,"2.388,00"
008,019,008019,170534,"2.598,00"
008,020,008020,040126,"3.566,00"
008,020,008020,103829,"2.980,00"
008,020,008020,118834,"4.812,00"
008,020,008020,147508,"3.449,00"
008,021,008021,040126,"3.052,00"
008,021,008021,080233,"3.935,00"
008,021,008021,103829,"3.305,00"
008,021,008021,118834,"4.156,00"
008,022,008022,080233,"3.272,00"
008,022,008022,118834,"4.773,00"
008,022,008022,144533,"3.726,00"
008,022,008022,147508,"3.497,00"
008,023,008023,080233,"3.507,00"
008,023,008023,082554,"3.541,00"
008,023,008023,144533,"3.567,00"
008,023,008023,147508,"3.424,00"
008,024,008024,080233,"3.033,00"
008,024,008024,082554,"3.494,00"
008,024,008024,147508,"2.572,00"
008,024,008024,171158,"3.736,00"
008,025,008025,080233,"2.384,00"
008,025,008025,147508,"2.552,00"
008,025,008025,163210,"2.337,00"
008,025,008025,171158,"3.746,00"
008,026,008026,052922,"2.356,00"
008,026,008026,058815,"2.648,00"
008,026,008026,147508,"2.941,00"
008,026,008026,163210,"2.648,00"
008,027,008027,050989,"2.226,00"
008,027,008027,058815,"2.434,00"
008,027,008027,080233,"2.428,00"
008,027,008027,147508,"2.362,00"
008,028,008028,119660,"5.519,00"
008,028,008028,181935,"4.762,00"
008,029,008029,004006,"5.483,00"
008,029,008029,119660,"5.767,00"
008,029,008029,170607,"5.273,00"
008,029,008029,181935,"4.573,00"
008,030,008030,004006,"6.666,00"
008,030,008030,044601,"6.238,00"
008,030,008030,111376,"12.287,00"
008,030,008030,181935,"6.398,00"
008,031,008031,081612,"6.602,00"
008,031,008031,111376,"13.121,00"
008,031,008031,170607,"6.574,00"
008,031,008031,181935,"6.187,00"
008,032,008032,040126,"3.436,00"
008,032,008032,080233,"3.257,00"
008,032,008032,086568,"3.547,00"
008,032,008032,118834,"4.929,00"
008,033,008033,080233,"3.579,00"
008,033,008033,086568,"3.510,00"
008,033,008033,118834,"5.200,00"
008,033,008033,144533,"3.696,00"
008,034,008034,080233,"2.971,00"
008,034,008034,082554,"3.381,00"
008,034,008034,086568,"3.504,00"
008,034,008034,144533,"3.072,00"
008,036,008036,052922,"2.140,00"
008,036,008036,080233,"1.854,00"
008,036,008036,086568,"2.542,00"
008,036,008036,163210,"2.097,00"
008,036,008036,171158,"2.860,00"
008,037,008037,052922,"2.182,00"
008,037,008037,058815,"2.207,00"
008,037,008037,086568,"2.403,00"
008,037,008037,163210,"2.295,00"
008,038,008038,050989,"2.021,00"
008,038,008038,052922,"2.017,00"
008,038,008038,058815,"2.482,00"
008,038,008038,080233,"2.081,00"
008,038,008038,086568,"2.096,00"
008,039,008039,050989,"2.112,00"
008,039,008039,111376,"10.686,00"
008,039,008039,113468,"2.781,00"
008,039,008039,119660,"5.754,00"
008,039,008039,137332,"2.513,00"
008,039,008039,147508,"1.779,00"
008,039,008039,151408,"2.646,00"
008,039,008039,181935,"5.231,00"
008,040,008040,004006,"6.310,00"
008,040,008040,044601,"6.335,00"
008,040,008040,111376,"13.820,00"
008,040,008040,170607,"6.559,00"
008,041,008041,111376,"11.742,00"
008,041,008041,136280,"5.063,00"
008,041,008041,170607,"6.031,00"
008,042,008042,111376,"11.707,00"
008,042,008042,136280,"5.850,00"
008,043,008043,111376,"11.891,00"
008,043,008043,165816,"5.970,00"
008,043,008043,170607,"5.850,00"
008,044,008044,040126,"3.468,00"
008,044,008044,046590,"5.250,00"
008,044,008044,086568,"3.775,00"
008,044,008044,118834,"5.002,00"
008,045,008045,086568,"3.636,00"
008,045,008045,118834,"4.975,00"
008,045,008045,144533,"3.680,00"
008,045,008045,173746,"3.542,00"
008,046,008046,082554,"3.406,00"
008,046,008046,086568,"4.097,00"
008,046,008046,144533,"3.663,00"
008,046,008046,173746,"3.507,00"
008,048,008048,046590,"4.795,00"
008,048,008048,086568,"1.854,00"
008,048,008048,093688,"4.872,00"
008,048,008048,163210,"2.585,00"
008,048,008048,171158,"3.705,00"
008,049,008049,046590,"5.083,00"
008,049,008049,058815,"2.782,00"
008,049,008049,086568,"2.495,00"
008,049,008049,113468,"2.438,00"
008,049,008049,163210,"3.140,00"
008,050,008050,050989,"2.047,00"
008,050,008050,058815,"2.255,00"
008,050,008050,086568,"2.752,00"
008,050,008050,113468,"2.709,00"
008,051,008051,046590,"4.510,00"
008,051,008051,118834,"4.065,00"
008,051,008051,144533,"3.520,00"
008,051,008051,173746,"3.520,00"
008,052,008052,046590,"5.121,00"
008,052,008052,093688,"3.207,00"
008,052,008052,144533,"3.418,00"
008,052,008052,173746,"3.441,00"
008,053,008053,040126,"4.327,00"
008,053,008053,046590,"4.537,00"
008,053,008053,101010,"6.549,00"
008,053,008053,151416,"4.327,00"
008,054,008054,040126,"3.683,00"
008,054,008054,046590,"5.550,00"
008,054,008054,118834,"3.964,00"
008,054,008054,151416,"3.822,00"
008,055,008055,046590,"5.664,00"
008,055,008055,118834,"4.114,00"
008,055,008055,144533,"4.109,00"
008,055,008055,151416,"4.581,00"
008,056,008056,046590,"5.448,00"
008,056,008056,082554,"3.840,00"
008,056,008056,144533,"4.111,00"
008,056,008056,151416,"4.093,00"
008,057,008057,082554,"3.898,00"
008,057,008057,093688,"4.937,00"
008,057,008057,151416,"3.715,00"
008,057,008057,171158,"7.530,00"
008,058,008058,046590,"10.617,00"
008,058,008058,062855,"9.030,00"
008,058,008058,151416,"8.432,00"
008,058,008058,171158,"10.746,00"
008,059,008059,012670,"7.340,00"
008,059,008059,046590,"10.944,00"
008,059,008059,062855,"8.372,00"
008,059,008059,113468,"9.541,00"
008,059,008059,151416,"7.933,00"
008,060,008060,012670,"7.945,00"
008,060,008060,113468,"8.157,00"
008,060,008060,137332,"7.303,00"
008,060,008060,151408,"8.259,00"
008,060,008060,151416,"8.180,00"
008,061,008061,040126,"4.174,00"
008,061,008061,101010,"6.523,00"
008,061,008061,113395,"6.416,00"
008,061,008061,118834,"4.324,00"
008,061,008061,151416,"4.021,00"
008,062,008062,085367,"3.993,00"
008,062,008062,118834,"3.674,00"
008,062,008062,144533,"4.319,00"
008,062,008062,151416,"3.989,00"
008,063,008063,082554,"3.996,00"
008,063,008063,085367,"4.017,00"
008,063,008063,144533,"4.260,00"
008,063,008063,151416,"4.105,00"
008,064,008064,082554,"4.261,00"
008,064,008064,085367,"3.966,00"
008,064,008064,151416,"3.951,00"
008,064,008064,171158,"8.765,00"
008,065,008065,062855,"14.759,00"
008,065,008065,085367,"9.435,00"
008,065,008065,151416,"8.142,00"
008,065,008065,171158,"11.015,00"
008,066,008066,012670,"7.496,00"
008,066,008066,062855,"15.297,00"
008,066,008066,085367,"7.975,00"
008,066,008066,151416,"7.507,00"
008,067,008067,012670,"7.122,00"
008,067,008067,085367,"7.094,00"
008,067,008067,151416,"7.674,00"
008,067,008067,191779,"6.840,00"
008,068,008068,085367,"8.751,00"
008,068,008068,151408,"8.081,00"
008,068,008068,166634,"8.680,00"
008,068,008068,191779,"8.360,00"
008,069,008069,054607,"7.745,00"
008,069,008069,085367,"7.745,00"
008,069,008069,137332,"7.745,00"
008,069,008069,166634,"7.745,00"
008,070,008070,085367,"3.711,00"
008,070,008070,118834,"4.119,00"
008,070,008070,144533,"3.929,00"
008,070,008070,198471,"3.834,00"
008,071,008071,082554,"4.245,00"
008,071,008071,085367,"4.357,00"
008,071,008071,144533,"4.594,00"
008,071,008071,198471,"4.029,00"
008,072,008072,082554,"4.080,00"
008,072,008072,085367,"4.229,00"
008,072,008072,171158,"8.967,00"
008,072,008072,198471,"4.392,00"
008,073,008073,062855,"15.709,00"
008,073,008073,085367,"9.447,00"
008,073,008073,171158,"10.529,00"
008,073,008073,198471,"9.254,00"
008,074,008074,012670,"8.378,00"
008,074,008074,062855,"15.567,00"
008,074,008074,085367,"7.715,00"
008,074,008074,198471,"8.546,00"
008,075,008075,012670,"7.669,00"
008,075,008075,085367,"7.565,00"
008,075,008075,191779,"7.504,00"
008,075,008075,198471,"7.605,00"
008,076,008076,085367,"6.832,00"
008,076,008076,166634,"7.016,00"
008,076,008076,191779,"7.562,00"
008,076,008076,198471,"8.152,00"
008,077,008077,054607,"7.884,00"
008,077,008077,085367,"7.745,00"
008,077,008077,166634,"7.745,00"
008,078,008078,025950,"4.103,00"
008,078,008078,113395,"6.735,00"
008,078,008078,144533,"3.996,00"
008,078,008078,198471,"4.207,00"
008,079,008079,025950,"4.083,00"
008,079,008079,082554,"3.952,00"
008,079,008079,144533,"3.645,00"
008,079,008079,198471,"4.228,00"
008,080,008080,025950,"3.742,00"
008,080,008080,082554,"3.970,00"
008,080,008080,171158,"7.987,00"
008,080,008080,198471,"3.786,00"
008,081,008081,025950,"10.045,00"
008,081,008081,062855,"15.472,00"
008,081,008081,171158,"11.821,00"
008,081,008081,198471,"9.829,00"
008,082,008082,012670,"7.925,00"
008,082,008082,025950,"7.735,00"
008,082,008082,062855,"14.902,00"
008,082,008082,198471,"7.943,00"
008,083,008083,012670,"8.111,00"
008,083,008083,025950,"7.750,00"
008,083,008083,191779,"8.211,00"
008,083,008083,198471,"7.636,00"
008,084,008084,054607,"8.425,00"
008,084,008084,191779,"8.425,00"
008,084,008084,198471,"8.425,00"
008,085,008085,025950,"4.055,00"
008,085,008085,101010,"5.908,00"
008,085,008085,144533,"3.850,00"
008,085,008085,189693,"3.547,00"
008,086,008086,025950,"4.311,00"
008,086,008086,082554,"4.054,00"
008,086,008086,144533,"3.600,00"
008,086,008086,189693,"4.209,00"
008,087,008087,025950,"3.958,00"
008,087,008087,082554,"3.898,00"
008,087,008087,171158,"8.160,00"
008,087,008087,189693,"3.907,00"
008,088,008088,025950,"9.268,00"
008,088,008088,062855,"15.021,00"
008,088,008088,171158,"10.775,00"
008,088,008088,189693,"9.598,00"
008,089,008089,012670,"7.228,00"
008,089,008089,025950,"7.719,00"
008,089,008089,062855,"14.398,00"
008,089,008089,189693,"7.614,00"
008,090,008090,012670,"7.441,00"
008,090,008090,025950,"7.290,00"
008,090,008090,054607,"7.578,00"
008,090,008090,189693,"7.452,00"
008,091,008091,009512,"3.989,00"
008,091,008091,092762,"8.470,00"
008,091,008091,101010,"6.581,00"
008,091,008091,144533,"4.062,00"
008,091,008091,189693,"3.938,00"
008,092,008092,009512,"4.033,00"
008,092,008092,092762,"7.583,00"
008,092,008092,171158,"7.614,00"
008,092,008092,189693,"4.033,00"
008,093,008093,062855,"15.117,00"
008,093,008093,092762,"9.904,00"
008,093,008093,171158,"11.090,00"
008,093,008093,189693,"10.717,00"
008,094,008094,012670,"7.515,00"
008,094,008094,062855,"14.854,00"
008,094,008094,092762,"11.557,00"
008,094,008094,189693,"7.685,00"
008,095,008095,012670,"6.411,00"
008,095,008095,092762,"6.411,00"
008,095,008095,189693,"6.411,00"
009,001,009001,015210,"2.853,00"
009,001,009001,126900,"3.405,00"
009,001,009001,148040,"4.887,00"
009,001,009001,167088,"4.522,00"
009,001,009001,177156,"3.105,00"
009,003,009003,015210,"3.008,00"
009,003,009003,121789,"2.772,00"
009,003,009003,126900,"3.314,00"
009,003,009003,196134,"3.165,00"
009,004,009004,121789,"3.129,00"
009,004,009004,126900,"3.172,00"
009,004,009004,191540,"3.462,00"
009,004,009004,196134,"3.033,00"
009,005,009005,045039,"3.540,00"
009,005,009005,126900,"3.033,00"
009,005,009005,175170,"3.304,00"
009,005,009005,191540,"3.608,00"
009,006,009006,045039,"3.336,00"
009,006,009006,126900,"3.667,00"
009,006,009006,168491,"3.337,00"
009,006,009006,175170,"4.158,00"
009,007,009007,045039,"3.329,00"
009,007,009007,126900,"3.250,00"
009,007,009007,132713,"3.194,00"
009,007,009007,168491,"3.280,00"
009,008,009008,045039,"3.283,00"
009,008,009008,058874,"3.376,00"
009,008,009008,115380,"3.433,00"
009,008,009008,132713,"3.250,00"
009,009,009009,045039,"2.820,00"
009,009,009009,058874,"3.368,00"
009,009,009009,088714,"3.260,00"
009,009,009009,115380,"3.118,00"
009,010,009010,015210,"3.021,00"
009,010,009010,135658,"3.108,00"
009,010,009010,196134,"3.194,00"
009,011,009011,015210,"3.094,00"
009,011,009011,045039,"3.055,00"
009,011,009011,121789,"3.173,00"
009,011,009011,196134,"2.911,00"
009,011,009011,334545,"2.850,00"
009,012,009012,045039,"4.811,00"
009,012,009012,121789,"3.163,00"
009,012,009012,191540,"3.608,00"
009,012,009012,196134,"3.588,00"
009,013,009013,095460,"5.884,00"
009,013,009013,164291,"3.828,00"
009,013,009013,172375,"5.836,00"
009,014,009014,043214,"7.851,00"
009,014,009014,070050,"5.227,00"
009,014,009014,095460,"6.202,00"
009,014,009014,148040,"6.096,00"
009,014,009014,162124,"5.947,00"
009,014,009014,164291,"5.950,00"
009,015,009015,043478,"5.137,00"
009,015,009015,095460,"5.787,00"
009,015,009015,153729,"5.820,00"
009,015,009015,171271,"4.488,00"
009,016,009016,095460,"5.765,00"
009,016,009016,153729,"6.262,00"
009,016,009016,182320,"6.215,00"
009,017,009017,095460,"4.250,00"
009,017,009017,172375,"3.380,00"
009,017,009017,179949,"2.421,00"
009,017,009017,182320,"3.759,00"
009,017,009017,499706,"3.482,00"
009,018,009018,135640,"3.569,00"
009,018,009018,170445,"4.237,00"
009,018,009018,172375,"2.120,00"
009,018,009018,179949,"2.804,00"
009,018,009018,193453,"2.926,00"
009,018,009018,334367,"2.523,00"
009,019,009019,073210,"6.786,00"
009,019,009019,105481,"6.542,00"
009,019,009019,135640,"3.313,00"
009,019,009019,193321,"5.615,00"
009,019,009019,195324,"4.338,00"
009,020,009020,073210,"5.795,00"
009,020,009020,088072,"6.940,00"
009,020,009020,091910,"6.152,00"
009,021,009021,045039,"5.108,00"
009,021,009021,072850,"5.379,00"
009,021,009021,091910,"5.650,00"
009,021,009021,191540,"3.630,00"
009,022,009022,045039,"3.135,00"
009,022,009022,072850,"3.513,00"
009,022,009022,175170,"3.459,00"
009,022,009022,191540,"3.572,00"
009,023,009023,045039,"3.320,00"
009,023,009023,072850,"3.170,00"
009,023,009023,168491,"2.990,00"
009,023,009023,175170,"3.723,00"
009,024,009024,045039,"3.146,00"
009,024,009024,072850,"2.885,00"
009,024,009024,132713,"2.738,00"
009,024,009024,168491,"3.033,00"
009,025,009025,045039,"3.250,00"
009,025,009025,058874,"3.348,00"
009,025,009025,121657,"6.202,00"
009,025,009025,132713,"2.967,00"
009,026,009026,045039,"3.566,00"
009,026,009026,058874,"3.235,00"
009,026,009026,088714,"3.441,00"
009,026,009026,121657,"5.990,00"
009,027,009027,043214,"9.427,00"
009,027,009027,095460,"10.286,00"
009,027,009027,152064,"9.856,00"
009,027,009027,156566,"36.338,00"
009,028,009028,043478,"9.819,00"
009,028,009028,095460,"9.819,00"
009,028,009028,156566,"36.059,00"
009,028,009028,171271,"9.819,00"
009,029,009029,043478,"10.113,00"
009,029,009029,153729,"10.230,00"
009,029,009029,156566,"36.084,00"
009,029,009029,171271,"10.172,00"
009,030,009030,043478,"8.514,00"
009,030,009030,153729,"7.179,00"
009,030,009030,171271,"8.191,00"
009,031,009031,040037,"7.312,00"
009,031,009031,043478,"7.889,00"
009,031,009031,153729,"7.025,00"
009,031,009031,170445,"7.022,00"
009,032,009032,088714,"5.612,00"
009,032,009032,121657,"6.460,00"
009,032,009032,136190,"5.596,00"
009,032,009032,155705,"4.855,00"
009,032,009032,179655,"5.354,00"
009,033,009033,040037,"6.422,00"
009,033,009033,170445,"6.962,00"
009,033,009033,179949,"5.704,00"
009,033,009033,613410,"6.363,00"
009,034,009034,040037,"5.361,00"
009,034,009034,170445,"6.662,00"
009,034,009034,179949,"6.187,00"
009,035,009035,153729,"6.265,00"
009,035,009035,170445,"5.784,00"
009,035,009035,179949,"6.054,00"
009,035,009035,182320,"6.167,00"
009,035,009035,613410,"6.588,00"
009,036,009036,006068,"7.123,00"
009,036,009036,073210,"6.711,00"
009,036,009036,088072,"7.249,00"
009,036,009036,091910,"7.409,00"
009,037,009037,006068,"6.874,00"
009,037,009037,030813,"6.186,00"
009,037,009037,073210,"7.186,00"
009,037,009037,091910,"7.249,00"
009,038,009038,072850,"5.361,00"
009,038,009038,091910,"5.361,00"
009,038,009038,121657,"5.161,00"
009,038,009038,191540,"3.641,00"
009,039,009039,121657,"3.950,00"
009,039,009039,175170,"3.043,00"
009,039,009039,191540,"3.721,00"
009,039,009039,334510,"2.755,00"
009,040,009040,121657,"5.322,00"
009,040,009040,160105,"3.153,00"
009,040,009040,175170,"3.153,00"
009,041,009041,072850,"2.825,00"
009,041,009041,121657,"5.131,00"
009,041,009041,160105,"3.367,00"
009,041,009041,168491,"3.506,00"
009,041,009041,175170,"3.053,00"
009,041,009041,445495,"2.595,00"
009,042,009042,072850,"3.105,00"
009,042,009042,121657,"5.448,00"
009,042,009042,132713,"3.456,00"
009,042,009042,168491,"2.705,00"
009,044,009044,023680,"5.121,00"
009,044,009044,136190,"4.900,00"
009,044,009044,155705,"4.638,00"
009,044,009044,160105,"6.843,00"
009,045,009045,045268,"10.813,00"
009,045,009045,153729,"10.696,00"
009,045,009045,156566,"36.640,00"
009,045,009045,177911,"10.932,00"
009,046,009046,040037,"10.635,00"
009,046,009046,153729,"11.307,00"
009,046,009046,156566,"36.394,00"
009,046,009046,177911,"10.605,00"
009,047,009047,040037,"9.999,00"
009,047,009047,043478,"9.736,00"
009,047,009047,153729,"9.867,00"
009,047,009047,156566,"39.471,00"
009,048,009048,040037,"9.596,00"
009,048,009048,043478,"9.596,00"
009,048,009048,105481,"9.596,00"
009,048,009048,156566,"37.560,00"
009,049,009049,040037,"7.842,00"
009,049,009049,043478,"8.415,00"
009,049,009049,105481,"7.502,00"
009,049,009049,170445,"7.737,00"
009,050,009050,035610,"6.700,00"
009,050,009050,043478,"7.479,00"
009,050,009050,105481,"6.867,00"
009,050,009050,170445,"7.136,00"
009,051,009051,030813,"7.067,00"
009,051,009051,091910,"7.684,00"
009,051,009051,105481,"7.003,00"
009,051,009051,121657,"7.004,00"
009,051,009051,170445,"7.419,00"
009,052,009052,005029,"6.745,00"
009,052,009052,044105,"6.921,00"
009,052,009052,069191,"7.085,00"
009,052,009052,121657,"6.810,00"
009,052,009052,191540,"6.993,00"
009,053,009053,006947,"6.558,00"
009,053,009053,121657,"6.851,00"
009,053,009053,124788,"7.040,00"
009,053,009053,162957,"6.895,00"
009,053,009053,191540,"7.066,00"
009,054,009054,006947,"6.793,00"
009,054,009054,121657,"6.164,00"
009,054,009054,124788,"6.465,00"
009,054,009054,160105,"7.040,00"
009,055,009055,006947,"6.861,00"
009,055,009055,023680,"6.651,00"
009,055,009055,124788,"6.837,00"
009,055,009055,160105,"6.836,00"
009,056,009056,023680,"6.616,00"
009,056,009056,124788,"6.839,00"
009,056,009056,136190,"6.862,00"
009,056,009056,160105,"6.997,00"
009,057,009057,023680,"5.417,00"
009,057,009057,121657,"7.596,00"
009,057,009057,160105,"7.018,00"
009,057,009057,179655,"5.184,00"
009,058,009058,006300,"10.477,00"
009,058,009058,100048,"10.373,00"
009,058,009058,153729,"11.546,00"
009,058,009058,177911,"11.065,00"
009,059,009059,100048,"10.800,00"
009,059,009059,134058,"10.342,00"
009,059,009059,153729,"10.865,00"
009,059,009059,177911,"11.067,00"
009,060,009060,100048,"10.617,00"
009,060,009060,134058,"10.230,00"
009,060,009060,177911,"11.462,00"
009,060,009060,686719,"10.769,00"
009,061,009061,040037,"11.734,00"
009,061,009061,100048,"10.632,00"
009,061,009061,177911,"11.304,00"
009,061,009061,686719,"10.969,00"
009,062,009062,040037,"11.882,00"
009,062,009062,105481,"11.125,00"
009,062,009062,156566,"38.080,00"
009,062,009062,177911,"11.343,00"
009,063,009063,105481,"10.545,00"
009,063,009063,121657,"10.652,00"
009,063,009063,156566,"37.566,00"
009,063,009063,177911,"10.545,00"
009,064,009064,043478,"9.870,00"
009,064,009064,105481,"10.113,00"
009,064,009064,121657,"11.909,00"
009,064,009064,156566,"37.718,00"
009,065,009065,035610,"6.322,00"
009,065,009065,043478,"7.037,00"
009,065,009065,121657,"8.573,00"
009,065,009065,170445,"6.679,00"
009,066,009066,044105,"6.834,00"
009,066,009066,049395,"6.829,00"
009,066,009066,053732,"6.679,00"
009,066,009066,069191,"6.941,00"
009,066,009066,121657,"7.479,00"
009,067,009067,023680,"7.133,00"
009,067,009067,162957,"7.332,00"
009,067,009067,191540,"7.164,00"
009,068,009068,006947,"6.347,00"
009,068,009068,023680,"6.537,00"
009,068,009068,055913,"6.347,00"
009,068,009068,162957,"6.099,00"
009,069,009069,006947,"5.599,00"
009,069,009069,023680,"6.121,00"
009,069,009069,055913,"5.562,00"
009,069,009069,124788,"6.306,00"
009,070,009070,023680,"5.966,00"
009,070,009070,124788,"6.209,00"
009,070,009070,136190,"6.388,00"
009,070,009070,162957,"6.915,00"
009,071,009071,009458,"7.233,00"
009,071,009071,023680,"7.076,00"
009,071,009071,136190,"7.221,00"
009,071,009071,162957,"7.179,00"
009,071,009071,191540,"7.186,00"
009,072,009072,045268,"10.602,00"
009,072,009072,096423,"10.077,00"
009,072,009072,100048,"10.225,00"
009,072,009072,181498,"10.301,00"
009,073,009073,052698,"11.075,00"
009,073,009073,096423,"10.783,00"
009,073,009073,100048,"10.686,00"
009,073,009073,153729,"11.446,00"
009,074,009074,040037,"11.020,00"
009,074,009074,096423,"11.078,00"
009,074,009074,100048,"10.955,00"
009,074,009074,153729,"11.308,00"
009,074,009074,334324,"10.110,00"
009,075,009075,040037,"10.715,00"
009,075,009075,070572,"10.969,00"
009,075,009075,100048,"11.075,00"
009,075,009075,105481,"10.863,00"
009,076,009076,040037,"11.569,00"
009,076,009076,100048,"11.138,00"
009,076,009076,105481,"10.969,00"
009,076,009076,177911,"11.201,00"
009,077,009077,100048,"10.758,00"
009,077,009077,105481,"11.222,00"
009,077,009077,121657,"11.636,00"
009,077,009077,177911,"11.140,00"
009,078,009078,044105,"9.971,00"
009,078,009078,049395,"9.866,00"
009,078,009078,121657,"11.037,00"
009,078,009078,156566,"34.492,00"
009,079,009079,044105,"9.935,00"
009,079,009079,049395,"10.286,00"
009,079,009079,156566,"35.473,00"
009,079,009079,187704,"9.832,00"
009,080,009080,009458,"7.160,00"
009,080,009080,044105,"6.931,00"
009,080,009080,049395,"8.385,00"
009,080,009080,191540,"7.026,00"
009,081,009081,049395,"10.083,00"
009,081,009081,151530,"9.990,00"
009,081,009081,156566,"34.987,00"
009,081,009081,187704,"9.965,00"
009,081,009081,191540,"9.825,00"
009,082,009082,045268,"10.885,00"
009,082,009082,073067,"10.444,00"
009,082,009082,096423,"10.698,00"
009,082,009082,148040,"8.322,00"
009,083,009083,073067,"10.591,00"
009,083,009083,096423,"10.479,00"
009,083,009083,148040,"8.809,00"
009,083,009083,153729,"11.264,00"
009,084,009084,040037,"9.984,00"
009,084,009084,073067,"10.780,00"
009,084,009084,096423,"10.971,00"
009,084,009084,153729,"11.105,00"
009,085,009085,040037,"10.166,00"
009,085,009085,070572,"11.181,00"
009,085,009085,105481,"10.679,00"
009,085,009085,178632,"11.172,00"
009,086,009086,070572,"10.762,00"
009,086,009086,100048,"11.001,00"
009,086,009086,105481,"11.272,00"
009,086,009086,121657,"10.854,00"
009,087,009087,045268,"10.787,00"
009,087,009087,073067,"10.547,00"
009,087,009087,110787,"10.598,00"
009,087,009087,148040,"8.233,00"
009,088,009088,073067,"10.894,00"
009,088,009088,110787,"10.721,00"
009,088,009088,148040,"8.614,00"
009,088,009088,153729,"11.096,00"
009,089,009089,040037,"10.106,00"
009,089,009089,073067,"11.143,00"
009,089,009089,110787,"10.974,00"
009,089,009089,153729,"10.948,00"
009,090,009090,040037,"11.077,00"
009,090,009090,105481,"10.664,00"
009,090,009090,110787,"10.768,00"
009,090,009090,178632,"10.682,00"
009,091,009091,070572,"10.835,00"
009,091,009091,105481,"11.207,00"
009,091,009091,121657,"10.230,00"
009,091,009091,178632,"10.520,00"
009,092,009092,105481,"10.654,00"
009,092,009092,110787,"10.204,00"
009,092,009092,121657,"10.679,00"
009,092,009092,176044,"10.463,00"
009,092,009092,178632,"10.687,00"
009,092,009092,334332,"10.333,00"
009,093,009093,105481,"10.354,00"
009,093,009093,110787,"10.179,00"
009,093,009093,176044,"10.736,00"
009,093,009093,334332,"10.422,00"
009,094,009094,045039,"3.313,00"
009,094,009094,073210,"4.045,00"
009,094,009094,091910,"3.687,00"
009,094,009094,135640,"3.793,00"
009,094,009094,195324,"3.600,00"
009,095,009095,088714,"3.302,00"
009,095,009095,121657,"6.196,00"
009,095,009095,196606,"2.889,00"
009,096,009096,043214,"8.661,00"
009,096,009096,152064,"8.661,00"
009,096,009096,156566,"36.909,00"
009,096,009096,164356,"8.661,00"
009,097,009097,015210,"2.885,00"
009,097,009097,089877,"3.383,00"
009,097,009097,126900,"3.762,00"
009,097,009097,167088,"3.651,00"
009,097,009097,196134,"3.233,00"
009,098,009098,015210,"4.122,00"
009,098,009098,045039,"4.276,00"
009,098,009098,334545,"4.200,00"
009,099,009099,015210,"3.021,00"
009,099,009099,045039,"3.121,00"
009,099,009099,089877,"3.277,00"
009,099,009099,135658,"3.277,00"
009,099,009099,196134,"3.690,00"
009,100,009100,089877,"2.280,00"
009,100,009100,117110,"2.944,00"
009,100,009100,135640,"2.393,00"
009,100,009100,193453,"2.539,00"
009,101,009101,089877,"2.743,00"
009,101,009101,117110,"2.314,00"
009,101,009101,167088,"2.743,00"
009,101,009101,172375,"2.834,00"
009,101,009101,193453,"3.083,00"
010,001,010001,013560,"7.868,00"
010,001,010001,087718,"8.851,00"
010,001,010001,094366,"9.371,00"
010,001,010001,128694,"9.265,00"
010,002,010002,087718,"8.930,00"
010,002,010002,094366,"9.085,00"
010,002,010002,128694,"8.522,00"
010,002,010002,175579,"8.131,00"
010,003,010003,087718,"8.876,00"
010,003,010003,095052,"7.971,00"
010,003,010003,128694,"8.381,00"
010,003,010003,175579,"8.896,00"
010,004,010004,013560,"8.861,00"
010,004,010004,094366,"8.249,00"
010,004,010004,128694,"9.466,00"
010,004,010004,162043,"8.536,00"
010,005,010005,094366,"8.883,00"
010,005,010005,128694,"8.839,00"
010,005,010005,162043,"8.281,00"
010,005,010005,175579,"7.987,00"
010,006,010006,095052,"7.971,00"
010,006,010006,128694,"8.334,00"
010,006,010006,162043,"7.855,00"
010,006,010006,175579,"9.066,00"
010,007,010007,052450,"7.382,00"
010,007,010007,095052,"7.682,00"
010,007,010007,131415,"7.682,00"
010,007,010007,162043,"7.682,00"
010,008,010008,004260,"9.179,00"
010,008,010008,013560,"8.050,00"
010,008,010008,094366,"8.870,00"
010,008,010008,162043,"8.797,00"
010,009,010009,004260,"8.398,00"
010,009,010009,094366,"8.876,00"
010,009,010009,162043,"8.152,00"
010,009,010009,175579,"7.826,00"
010,010,010010,004260,"8.542,00"
010,010,010010,095052,"8.753,00"
010,010,010010,162043,"8.018,00"
010,010,010010,175579,"8.457,00"
010,011,010011,014974,"6.575,00"
010,011,010011,052450,"8.403,00"
010,011,010011,095052,"6.493,00"
010,011,010011,162043,"6.738,00"
010,011,010011,203742,"6.602,00"
010,012,010012,014974,"5.663,00"
010,012,010012,024970,"6.977,00"
010,012,010012,052450,"7.737,00"
010,012,010012,152528,"5.949,00"
010,012,010012,154687,"6.115,00"
010,013,010013,052450,"7.201,00"
010,013,010013,152528,"5.891,00"
010,013,010013,154687,"5.717,00"
010,014,010014,024970,"5.133,00"
010,014,010014,038741,"5.568,00"
010,014,010014,052450,"7.901,00"
010,014,010014,154687,"6.183,00"
010,015,010015,004260,"9.175,00"
010,015,010015,013560,"8.917,00"
010,015,010015,094366,"9.172,00"
010,015,010015,180408,"9.186,00"
010,016,010016,004260,"8.419,00"
010,016,010016,094366,"8.747,00"
010,016,010016,175579,"9.323,00"
010,016,010016,180408,"8.561,00"
010,017,010017,004260,"7.909,00"
010,017,010017,095052,"8.297,00"
010,017,010017,175579,"7.742,00"
010,017,010017,180408,"7.983,00"
010,018,010018,014974,"6.827,00"
010,018,010018,052450,"7.161,00"
010,018,010018,095052,"6.969,00"
010,018,010018,180408,"7.231,00"
010,019,010019,013560,"9.031,00"
010,019,010019,094366,"8.637,00"
010,019,010019,154121,"9.618,00"
010,019,010019,180408,"9.425,00"
010,020,010020,013560,"9.150,00"
010,020,010020,094366,"7.454,00"
010,020,010020,109479,"6.590,00"
010,020,010020,137170,"7.904,00"
010,020,010020,154121,"7.870,00"
010,021,010021,094366,"8.804,00"
010,021,010021,137170,"8.286,00"
010,021,010021,154121,"8.608,00"
010,021,010021,180408,"8.640,00"
010,022,010022,052450,"4.387,00"
010,022,010022,109479,"4.387,00"
010,022,010022,137170,"4.387,00"
010,022,010022,180408,"4.387,00"
010,023,010023,014974,"6.345,00"
010,023,010023,030341,"5.650,00"
010,023,010023,052450,"7.817,00"
010,023,010023,159999,"6.014,00"
010,024,010024,014974,"6.129,00"
010,024,010024,024970,"6.878,00"
010,024,010024,030341,"6.271,00"
010,024,010024,054186,"6.167,00"
010,025,010025,014974,"5.965,00"
010,025,010025,024970,"6.988,00"
010,025,010025,041203,"6.408,00"
010,025,010025,154687,"6.581,00"
010,026,010026,024970,"5.142,00"
010,026,010026,038741,"5.405,00"
010,026,010026,041203,"5.543,00"
010,026,010026,154687,"5.531,00"
010,027,010027,026174,"5.383,00"
010,027,010027,041203,"5.329,00"
010,027,010027,153117,"4.983,00"
010,028,010028,001040,"5.273,00"
010,028,010028,020788,"5.250,00"
010,028,010028,026174,"5.297,00"
010,029,010029,001040,"4.585,00"
010,029,010029,020788,"5.363,00"
010,029,010029,026174,"5.108,00"
010,029,010029,148040,"4.512,00"
010,030,010030,013560,"9.627,00"
010,030,010030,052450,"7.599,00"
010,030,010030,109479,"6.480,00"
010,030,010030,124427,"7.154,00"
010,030,010030,156230,"7.078,00"
010,031,010031,030341,"5.770,00"
010,031,010031,052450,"7.555,00"
010,031,010031,070262,"5.729,00"
010,031,010031,159999,"5.664,00"
010,032,010032,024970,"6.433,00"
010,032,010032,030341,"6.653,00"
010,032,010032,054186,"6.253,00"
010,032,010032,070262,"6.441,00"
010,033,010033,014974,"6.256,00"
010,033,010033,024970,"7.357,00"
010,033,010033,041203,"6.549,00"
010,033,010033,160288,"5.880,00"
010,034,010034,041203,"6.731,00"
010,034,010034,087300,"5.167,00"
010,034,010034,095982,"5.142,00"
010,034,010034,138835,"4.136,00"
010,034,010034,160440,"5.011,00"
010,035,010035,028126,"5.364,00"
010,035,010035,041203,"6.334,00"
010,035,010035,148040,"4.421,00"
010,035,010035,153117,"4.894,00"
010,035,010035,160440,"5.105,00"
010,035,010035,167088,"4.588,00"
010,036,010036,001040,"4.554,00"
010,036,010036,026174,"3.998,00"
010,036,010036,148040,"3.791,00"
010,036,010036,153117,"5.188,00"
010,037,010037,013560,"8.620,00"
010,037,010037,052450,"7.306,00"
010,037,010037,124427,"7.063,00"
010,037,010037,156566,"14.534,00"
010,038,010038,016160,"10.001,00"
010,038,010038,030341,"10.128,00"
010,038,010038,052450,"10.148,00"
010,038,010038,136964,"10.110,00"
010,039,010039,030341,"6.101,00"
010,039,010039,052450,"7.959,00"
010,039,010039,070262,"5.752,00"
010,039,010039,136964,"10.261,00"
010,040,010040,030341,"6.840,00"
010,040,010040,070262,"6.583,00"
010,040,010040,085626,"6.105,00"
010,040,010040,136964,"6.237,00"
010,041,010041,024970,"7.122,00"
010,041,010041,070262,"6.161,00"
010,041,010041,085626,"6.240,00"
010,041,010041,136964,"6.849,00"
010,041,010041,188360,"5.637,00"
010,043,010043,024970,"6.416,00"
010,043,010043,041203,"6.126,00"
010,043,010043,136964,"6.234,00"
010,043,010043,160288,"6.357,00"
010,044,010044,028363,"5.880,00"
010,044,010044,041203,"6.471,00"
010,044,010044,160288,"5.943,00"
010,045,010045,041203,"6.186,00"
010,045,010045,095982,"5.073,00"
010,045,010045,138835,"4.197,00"
010,045,010045,160288,"6.036,00"
010,046,010046,087300,"5.178,00"
010,046,010046,095982,"5.096,00"
010,046,010046,138835,"4.578,00"
010,046,010046,160288,"6.050,00"
010,047,010047,087300,"4.017,00"
010,047,010047,095982,"5.054,00"
010,047,010047,138835,"4.636,00"
010,048,010048,028126,"5.806,00"
010,048,010048,087300,"5.142,00"
010,048,010048,160288,"6.493,00"
010,048,010048,160440,"5.048,00"
010,049,010049,028126,"6.246,00"
010,049,010049,145777,"5.538,00"
010,049,010049,148040,"4.341,00"
010,050,010050,016160,"10.438,00"
010,050,010050,030341,"10.668,00"
010,050,010050,052450,"10.498,00"
010,050,010050,156566,"36.186,00"
010,051,010051,030341,"10.365,00"
010,051,010051,085626,"10.365,00"
010,051,010051,122025,"10.365,00"
010,051,010051,156566,"34.146,00"
010,052,010052,016160,"10.479,00"
010,052,010052,030341,"10.876,00"
010,052,010052,085626,"10.364,00"
010,052,010052,122025,"10.198,00"
010,053,010053,016160,"6.388,00"
010,053,010053,030341,"6.723,00"
010,053,010053,085626,"6.940,00"
010,053,010053,136964,"6.603,00"
010,054,010054,024970,"11.086,00"
010,054,010054,085626,"10.910,00"
010,054,010054,122025,"11.086,00"
010,054,010054,156566,"33.891,00"
010,055,010055,016160,"9.796,00"
010,055,010055,024970,"10.699,00"
010,055,010055,085626,"10.447,00"
010,055,010055,122025,"10.241,00"
010,056,010056,016160,"6.766,00"
010,056,010056,024970,"6.682,00"
010,056,010056,085626,"6.079,00"
010,056,010056,136964,"5.997,00"
010,057,010057,024970,"9.700,00"
010,057,010057,041203,"11.002,00"
010,057,010057,122025,"9.960,00"
010,057,010057,156566,"34.149,00"
010,058,010058,016160,"9.826,00"
010,058,010058,024970,"10.673,00"
010,058,010058,041203,"10.188,00"
010,058,010058,122025,"10.623,00"
010,059,010059,016160,"6.277,00"
010,059,010059,024970,"7.704,00"
010,059,010059,041203,"6.233,00"
010,059,010059,136964,"5.597,00"
010,060,010060,016160,"6.668,00"
010,060,010060,028363,"6.438,00"
010,060,010060,041203,"6.723,00"
010,060,010060,160288,"6.483,00"
010,060,010060,332887,"5.880,00"
010,061,010061,002070,"5.998,00"
010,061,010061,028126,"6.947,00"
010,061,010061,043214,"8.661,00"
010,061,010061,141380,"5.987,00"
010,061,010061,160288,"6.407,00"
010,062,010062,002070,"6.672,00"
010,062,010062,028126,"6.260,00"
010,062,010062,145777,"6.467,00"
010,062,010062,148040,"4.387,00"
010,063,010063,052450,"7.362,00"
010,063,010063,334480,"6.117,00"
010,065,010065,030341,"10.977,00"
010,065,010065,052450,"10.608,00"
010,065,010065,156566,"36.499,00"
010,065,010065,177911,"10.084,00"
010,066,010066,030341,"11.484,00"
010,066,010066,085626,"11.058,00"
010,066,010066,156566,"33.521,00"
010,066,010066,177911,"11.137,00"
010,067,010067,024970,"10.635,00"
010,067,010067,085626,"10.228,00"
010,067,010067,156566,"34.083,00"
010,067,010067,177911,"11.285,00"
010,068,010068,024970,"12.276,00"
010,068,010068,103624,"10.910,00"
010,068,010068,156566,"34.230,00"
010,068,010068,177911,"10.910,00"
010,069,010069,103624,"10.586,00"
010,069,010069,156566,"34.960,00"
010,069,010069,172405,"11.036,00"
010,069,010069,177911,"11.484,00"
010,073,010073,043214,"9.468,00"
010,073,010073,156566,"35.965,00"
010,073,010073,160288,"9.468,00"
010,073,010073,164356,"9.468,00"
010,074,010074,052450,"9.765,00"
010,074,010074,100048,"9.175,00"
010,074,010074,169196,"6.394,00"
010,074,010074,177911,"9.469,00"
010,075,010075,030341,"10.854,00"
010,075,010075,052450,"10.727,00"
010,075,010075,100048,"10.872,00"
010,075,010075,177911,"10.780,00"
010,076,010076,030341,"10.539,00"
010,076,010076,085626,"11.061,00"
010,076,010076,100048,"11.042,00"
010,076,010076,177911,"10.952,00"
010,077,010077,024970,"11.420,00"
010,077,010077,085626,"11.361,00"
010,077,010077,100048,"11.286,00"
010,077,010077,177911,"11.437,00"
010,078,010078,024970,"10.627,00"
010,078,010078,100048,"10.985,00"
010,078,010078,103624,"10.945,00"
010,078,010078,177911,"10.522,00"
010,079,010079,100048,"10.800,00"
010,079,010079,103624,"10.926,00"
010,079,010079,172405,"10.957,00"
010,079,010079,177911,"10.614,00"
010,080,010080,100048,"10.687,00"
010,080,010080,160288,"10.747,00"
010,080,010080,172405,"10.525,00"
010,080,010080,177911,"11.105,00"
010,081,010081,156566,"36.060,00"
010,081,010081,160288,"11.125,00"
010,081,010081,172405,"10.373,00"
010,081,010081,177911,"11.209,00"
010,082,010082,052450,"10.107,00"
010,082,010082,096423,"8.915,00"
010,082,010082,100048,"8.564,00"
010,082,010082,169196,"7.245,00"
010,083,010083,030341,"10.498,00"
010,083,010083,052450,"10.642,00"
010,083,010083,096423,"10.967,00"
010,083,010083,100048,"11.194,00"
010,084,010084,030341,"10.850,00"
010,084,010084,096423,"10.390,00"
010,084,010084,100048,"11.008,00"
010,084,010084,140678,"10.169,00"
010,085,010085,085626,"11.286,00"
010,085,010085,096423,"10.982,00"
010,085,010085,100048,"10.955,00"
010,085,010085,140678,"10.163,00"
010,085,010085,421910,"10.181,00"
010,086,010086,024970,"11.286,00"
010,086,010086,085626,"11.282,00"
010,086,010086,096423,"10.485,00"
010,086,010086,100048,"10.996,00"
010,087,010087,024970,"12.082,00"
010,087,010087,096423,"10.766,00"
010,087,010087,100048,"11.206,00"
010,087,010087,103624,"10.850,00"
010,088,010088,096423,"10.932,00"
010,088,010088,100048,"10.658,00"
010,088,010088,103624,"10.658,00"
010,088,010088,172405,"10.961,00"
010,089,010089,096423,"10.652,00"
010,089,010089,100048,"10.657,00"
010,089,010089,160288,"10.604,00"
010,089,010089,172405,"10.829,00"
010,090,010090,045268,"10.885,00"
010,090,010090,096423,"10.885,00"
010,090,010090,100048,"10.885,00"
010,090,010090,160288,"10.885,00"
010,091,010091,052450,"9.513,00"
010,091,010091,073067,"9.813,00"
010,091,010091,096423,"9.163,00"
010,091,010091,169196,"6.839,00"
010,092,010092,030341,"11.065,00"
010,092,010092,052450,"10.477,00"
010,092,010092,073067,"10.453,00"
010,092,010092,096423,"10.970,00"
010,093,010093,030341,"10.761,00"
010,093,010093,073067,"10.765,00"
010,093,010093,085626,"10.523,00"
010,093,010093,096423,"11.242,00"
010,094,010094,024970,"11.607,00"
010,094,010094,073067,"10.472,00"
010,094,010094,085626,"10.721,00"
010,094,010094,096423,"11.105,00"
010,095,010095,024970,"10.652,00"
010,095,010095,073067,"11.015,00"
010,095,010095,096423,"10.907,00"
010,095,010095,103624,"10.882,00"
010,096,010096,073067,"10.885,00"
010,096,010096,096423,"10.885,00"
010,096,010096,103624,"10.885,00"
010,096,010096,172405,"10.885,00"
010,097,010097,073067,"10.554,00"
010,097,010097,096423,"10.873,00"
010,097,010097,160288,"10.727,00"
010,097,010097,172405,"10.766,00"
010,098,010098,045268,"10.844,00"
010,098,010098,073067,"10.857,00"
010,098,010098,096423,"10.809,00"
010,098,010098,160288,"10.837,00"
010,099,010099,016160,"9.538,00"
010,099,010099,041203,"9.882,00"
010,099,010099,043478,"10.100,00"
010,099,010099,156566,"34.117,00"
010,099,010099,172405,"10.882,00"
010,100,010100,016160,"6.593,00"
010,100,010100,043478,"6.593,00"
010,100,010100,160288,"6.593,00"
010,101,010101,043478,"9.538,00"
010,101,010101,156566,"34.117,00"
010,101,010101,160288,"10.539,00"
010,101,010101,172405,"10.982,00"
011,001,011001,006718,"2.939,00"
011,001,011001,036919,"2.618,00"
011,001,011001,041904,"2.913,00"
011,002,011002,006718,"2.645,00"
011,002,011002,022713,"3.440,00"
011,002,011002,036919,"2.965,00"
011,002,011002,041904,"3.365,00"
011,003,011003,006718,"3.403,00"
011,003,011003,163171,"3.128,00"
011,003,011003,164470,"2.935,00"
011,005,011005,080446,"3.059,00"
011,005,011005,101370,"2.927,00"
011,005,011005,185191,"4.033,00"
011,007,011007,029041,"3.103,00"
011,007,011007,042480,"2.741,00"
011,007,011007,101370,"2.774,00"
011,007,011007,141461,"2.837,00"
011,008,011008,006718,"3.479,00"
011,008,011008,022713,"2.841,00"
011,008,011008,045870,"3.135,00"
011,009,011009,006718,"2.620,00"
011,009,011009,045870,"2.620,00"
011,009,011009,163171,"2.620,00"
011,010,011010,015130,"3.418,00"
011,010,011010,022713,"2.971,00"
011,010,011010,045870,"3.418,00"
011,010,011010,053996,"3.272,00"
011,011,011011,164470,"3.156,00"
011,011,011011,194476,"3.011,00"
011,012,011012,081736,"3.034,00"
011,012,011012,161870,"3.443,00"
011,012,011012,164470,"3.383,00"
011,012,011012,164593,"2.932,00"
011,012,011012,194476,"3.239,00"
011,013,011013,081736,"2.850,00"
011,013,011013,194921,"3.272,00"
011,014,011014,081736,"3.176,00"
011,014,011014,106267,"2.964,00"
011,015,011015,081736,"3.260,00"
011,015,011015,164593,"3.214,00"
011,016,011016,081736,"2.944,00"
011,016,011016,106267,"3.030,00"
011,016,011016,194921,"2.803,00"
011,016,011016,336831,"3.816,00"
011,017,011017,024546,"3.071,00"
011,017,011017,027421,"3.245,00"
011,017,011017,090557,"3.105,00"
011,017,011017,187658,"2.910,00"
011,019,011019,042480,"3.500,00"
011,019,011019,086096,"3.383,00"
011,019,011019,149462,"3.475,00"
011,019,011019,200611,"3.475,00"
011,020,011020,042480,"2.803,00"
011,020,011020,101370,"3.326,00"
011,020,011020,108995,"3.295,00"
011,021,011021,042480,"4.313,00"
011,021,011021,101370,"3.475,00"
011,021,011021,108995,"3.352,00"
011,021,011021,199273,"3.305,00"
011,022,011022,038806,"6.096,00"
011,022,011022,042480,"6.113,00"
011,022,011022,092134,"5.140,00"
011,022,011022,108995,"4.814,00"
011,022,011022,199273,"5.897,00"
011,023,011023,024694,"3.280,00"
011,023,011023,029009,"4.815,00"
011,023,011023,038806,"5.455,00"
011,023,011023,042480,"7.425,00"
011,024,011024,024694,"3.540,00"
011,024,011024,029009,"5.812,00"
011,024,011024,042480,"7.045,00"
011,024,011024,104361,"5.872,00"
011,025,011025,024694,"6.316,00"
011,025,011025,042480,"7.807,00"
011,025,011025,088110,"6.022,00"
011,025,011025,104361,"5.821,00"
011,026,011026,034150,"5.216,00"
011,026,011026,042480,"6.833,00"
011,026,011026,070548,"6.309,00"
011,026,011026,088110,"6.243,00"
011,026,011026,095486,"6.134,00"
011,027,011027,005975,"3.192,00"
011,027,011027,015130,"3.352,00"
011,027,011027,022713,"3.421,00"
011,028,011028,005975,"3.053,00"
011,028,011028,161870,"3.283,00"
011,028,011028,164470,"2.599,00"
011,029,011029,161870,"3.100,00"
011,029,011029,164470,"2.599,00"
011,029,011029,164593,"3.026,00"
011,030,011030,161870,"3.318,00"
011,030,011030,164470,"3.458,00"
011,030,011030,164593,"2.599,00"
011,031,011031,081736,"3.062,00"
011,031,011031,115037,"3.286,00"
011,031,011031,164593,"3.033,00"
011,031,011031,336831,"3.293,00"
011,032,011032,115037,"3.036,00"
011,032,011032,164593,"3.135,00"
011,032,011032,336831,"3.475,00"
011,033,011033,024546,"3.343,00"
011,033,011033,187658,"3.109,00"
011,033,011033,336831,"3.639,00"
011,034,011034,027421,"3.043,00"
011,034,011034,090557,"3.318,00"
011,034,011034,124133,"3.296,00"
011,034,011034,149209,"3.228,00"
011,034,011034,185736,"3.704,00"
011,034,011034,187658,"3.252,00"
011,035,011035,042480,"3.002,00"
011,035,011035,090557,"3.127,00"
011,035,011035,124184,"3.260,00"
011,035,011035,185736,"3.904,00"
011,036,011036,042480,"3.127,00"
011,036,011036,090557,"3.099,00"
011,036,011036,096369,"3.074,00"
011,036,011036,124184,"3.127,00"
011,036,011036,177768,"3.187,00"
011,037,011037,042480,"3.339,00"
011,037,011037,096369,"2.807,00"
011,037,011037,177768,"3.162,00"
011,038,011038,042480,"3.311,00"
011,038,011038,070025,"3.402,00"
011,038,011038,081698,"3.434,00"
011,038,011038,160938,"3.928,00"
011,038,011038,200611,"3.475,00"
011,039,011039,070025,"3.475,00"
011,039,011039,081698,"3.475,00"
011,039,011039,200611,"3.313,00"
011,040,011040,086096,"3.475,00"
011,040,011040,149462,"3.475,00"
011,040,011040,200611,"3.384,00"
011,041,011041,086096,"3.397,00"
011,041,011041,108995,"3.475,00"
011,041,011041,199273,"3.475,00"
011,042,011042,086096,"3.475,00"
011,042,011042,108995,"3.475,00"
011,042,011042,137944,"3.475,00"
011,042,011042,199273,"3.424,00"
011,043,011043,085545,"3.185,00"
011,043,011043,086096,"3.475,00"
011,043,011043,137944,"3.475,00"
011,043,011043,178462,"3.370,00"
011,044,011044,108995,"3.500,00"
011,044,011044,137944,"3.475,00"
011,044,011044,178462,"3.475,00"
011,044,011044,182567,"3.475,00"
011,045,011045,024694,"3.337,00"
011,045,011045,038806,"3.475,00"
011,045,011045,104361,"3.412,00"
011,045,011045,182567,"3.475,00"
011,045,011045,191019,"3.364,00"
011,046,011046,035556,"3.430,00"
011,046,011046,039390,"3.365,00"
011,046,011046,128155,"3.450,00"
011,046,011046,182567,"3.509,00"
011,046,011046,191019,"3.441,00"
011,047,011047,024694,"3.411,00"
011,047,011047,088110,"3.173,00"
011,047,011047,104361,"3.475,00"
011,047,011047,191019,"3.425,00"
011,048,011048,000787,"3.417,00"
011,048,011048,070548,"3.475,00"
011,048,011048,088110,"3.475,00"
011,048,011048,095486,"3.318,00"
011,048,011048,191019,"3.537,00"
011,049,011049,035556,"3.475,00"
011,049,011049,095010,"3.475,00"
011,049,011049,128155,"3.475,00"
011,049,011049,191019,"3.428,00"
011,050,011050,095010,"3.663,00"
011,050,011050,096067,"3.411,00"
011,050,011050,128155,"3.428,00"
011,050,011050,152706,"5.231,00"
011,051,011051,022713,"3.649,00"
011,051,011051,086150,"3.680,00"
011,051,011051,091170,"3.680,00"
011,052,011052,005975,"3.370,00"
011,052,011052,022713,"3.479,00"
011,052,011052,161870,"3.273,00"
011,053,011053,022713,"2.807,00"
011,053,011053,161870,"2.861,00"
011,054,011054,022713,"2.771,00"
011,054,011054,042480,"3.198,00"
011,054,011054,161870,"3.418,00"
011,054,011054,164593,"3.418,00"
011,054,011054,195898,"3.198,00"
011,054,011054,336831,"3.418,00"
011,055,011055,042480,"3.828,00"
011,055,011055,149209,"3.200,00"
011,055,011055,185736,"3.627,00"
011,055,011055,195898,"3.069,00"
011,056,011056,042480,"3.255,00"
011,056,011056,185736,"3.822,00"
011,057,011057,071846,"3.475,00"
011,057,011057,095605,"3.499,00"
011,057,011057,160938,"3.892,00"
011,057,011057,227692,"3.475,00"
011,058,011058,095605,"3.475,00"
011,058,011058,160938,"3.950,00"
011,058,011058,188123,"3.418,00"
011,059,011059,070025,"3.438,00"
011,059,011059,160938,"3.950,00"
011,059,011059,200611,"3.446,00"
011,060,011060,085545,"3.169,00"
011,060,011060,086096,"3.475,00"
011,060,011060,199427,"3.210,00"
011,061,011061,022870,"3.954,00"
011,061,011061,048674,"4.710,00"
011,061,011061,085545,"3.374,00"
011,061,011061,086096,"3.475,00"
011,062,011062,085545,"3.475,00"
011,062,011062,086096,"3.475,00"
011,062,011062,128155,"3.475,00"
011,063,011063,039390,"3.475,00"
011,063,011063,085545,"3.475,00"
011,063,011063,128155,"3.491,00"
011,064,011064,048674,"3.854,00"
011,064,011064,086096,"3.482,00"
011,064,011064,094196,"3.490,00"
011,064,011064,128155,"3.475,00"
011,064,011064,152706,"5.361,00"
011,065,011065,094196,"3.433,00"
011,065,011065,128155,"3.314,00"
011,065,011065,152706,"5.361,00"
011,066,011066,004260,"4.447,00"
011,066,011066,061735,"3.685,00"
011,066,011066,094447,"4.669,00"
011,066,011066,152706,"5.445,00"
011,067,011067,094447,"3.607,00"
011,067,011067,152706,"5.278,00"
011,067,011067,192350,"3.607,00"
011,069,011069,009210,"2.929,00"
011,069,011069,009660,"3.346,00"
011,069,011069,042005,"3.444,00"
011,069,011069,086150,"4.045,00"
011,069,011069,334421,"3.395,00"
011,070,011070,009660,"4.002,00"
011,070,011070,022713,"3.333,00"
011,070,011070,042005,"3.844,00"
011,070,011070,086150,"3.017,00"
011,070,011070,151149,"3.551,00"
011,071,011071,009660,"3.627,00"
011,071,011071,022713,"3.214,00"
011,071,011071,151149,"3.405,00"
011,072,011072,009210,"3.705,00"
011,072,011072,009660,"2.714,00"
011,072,011072,055077,"3.576,00"
011,072,011072,336831,"3.535,00"
011,072,011072,435295,"3.326,00"
011,073,011073,009210,"3.485,00"
011,073,011073,009660,"3.541,00"
011,073,011073,042005,"3.750,00"
011,074,011074,009660,"3.950,00"
011,074,011074,042005,"3.326,00"
011,074,011074,151149,"3.459,00"
011,074,011074,175021,"3.371,00"
011,075,011075,042005,"3.532,00"
011,075,011075,077160,"5.473,00"
011,075,011075,151149,"3.532,00"
011,075,011075,175021,"3.532,00"
011,075,011075,336831,"3.532,00"
011,076,011076,009660,"3.547,00"
011,076,011076,022713,"4.045,00"
011,076,011076,077160,"5.338,00"
011,076,011076,151149,"3.547,00"
011,076,011076,336831,"3.547,00"
011,077,011077,005053,"2.415,00"
011,077,011077,022713,"2.415,00"
011,077,011077,042480,"2.415,00"
011,077,011077,094749,"2.415,00"
011,077,011077,144339,"2.415,00"
011,078,011078,005053,"3.475,00"
011,078,011078,030945,"2.916,00"
011,078,011078,045527,"3.258,00"
011,078,011078,071846,"3.433,00"
011,078,011078,095605,"3.345,00"
011,078,011078,103500,"3.285,00"
011,078,011078,227692,"3.235,00"
011,079,011079,068640,"3.475,00"
011,079,011079,095605,"3.356,00"
011,079,011079,188123,"3.513,00"
011,080,011080,045527,"3.463,00"
011,080,011080,068640,"3.475,00"
011,080,011080,103500,"3.466,00"
011,080,011080,188123,"3.459,00"
011,081,011081,000949,"3.475,00"
011,081,011081,045527,"3.475,00"
011,081,011081,192945,"3.475,00"
011,081,011081,199427,"3.540,00"
011,082,011082,029939,"3.390,00"
011,082,011082,192945,"3.453,00"
011,082,011082,334448,"3.421,00"
011,083,011083,029939,"3.475,00"
011,083,011083,157686,"3.364,00"
011,083,011083,192945,"3.475,00"
011,083,011083,334448,"3.475,00"
011,084,011084,000949,"3.475,00"
011,084,011084,022870,"3.869,00"
011,084,011084,157686,"2.656,00"
011,084,011084,192945,"3.518,00"
011,085,011085,004260,"4.102,00"
011,085,011085,048674,"3.854,00"
011,085,011085,061735,"4.102,00"
011,086,011086,004260,"8.552,00"
011,086,011086,022497,"8.024,00"
011,086,011086,061735,"10.192,00"
011,086,011086,096105,"8.024,00"
011,087,011087,004260,"9.709,00"
011,087,011087,034169,"9.665,00"
011,087,011087,111511,"9.448,00"
011,087,011087,162043,"8.851,00"
011,087,011087,171387,"9.572,00"
011,088,011088,004260,"9.407,00"
011,088,011088,034169,"9.665,00"
011,088,011088,061735,"9.665,00"
011,088,011088,152951,"8.891,00"
011,088,011088,171387,"10.794,00"
011,089,011089,019917,"10.465,00"
011,089,011089,161195,"10.617,00"
011,089,011089,162043,"10.349,00"
011,089,011089,171387,"10.428,00"
011,090,011090,061735,"9.665,00"
011,090,011090,171387,"10.241,00"
011,091,011091,019917,"9.586,00"
011,091,011091,128694,"10.696,00"
011,091,011091,161195,"10.510,00"
011,091,011091,171387,"10.794,00"
011,092,011092,019917,"9.822,00"
011,092,011092,087718,"10.263,00"
011,092,011092,128694,"10.400,00"
011,092,011092,171387,"10.705,00"
011,094,011094,029939,"3.509,00"
011,094,011094,157686,"3.364,00"
011,094,011094,160466,"3.475,00"
011,095,011095,022497,"3.986,00"
011,095,011095,095621,"3.736,00"
011,095,011095,096105,"6.492,00"
011,096,011096,022497,"3.784,00"
011,096,011096,026190,"3.873,00"
011,096,011096,095621,"2.778,00"
011,097,011097,004260,"4.594,00"
011,097,011097,022497,"7.258,00"
011,097,011097,026190,"3.903,00"
011,097,011097,046710,"4.594,00"
011,098,011098,004260,"9.488,00"
011,098,011098,022497,"10.088,00"
011,098,011098,189855,"8.762,00"
011,099,011099,004260,"8.716,00"
011,099,011099,019917,"8.907,00"
011,099,011099,111511,"9.210,00"
011,099,011099,162043,"9.148,00"
011,099,011099,189855,"8.552,00"
011,099,011099,197211,"9.482,00"
011,100,011100,019917,"10.832,00"
011,100,011100,027227,"10.570,00"
011,100,011100,162043,"10.620,00"
011,100,011100,197211,"10.459,00"
011,101,011101,013560,"8.573,00"
011,101,011101,027227,"8.861,00"
011,101,011101,128694,"8.940,00"
011,101,011101,162043,"7.927,00"
011,102,011102,013560,"7.760,00"
011,102,011102,019917,"8.129,00"
011,102,011102,087718,"8.448,00"
011,102,011102,128694,"8.810,00"
011,103,011103,094404,"3.475,00"
011,103,011103,094706,"3.475,00"
011,103,011103,095389,"3.475,00"
011,103,011103,096130,"3.494,00"
011,104,011104,094749,"3.258,00"
011,104,011104,096130,"3.415,00"
011,105,011105,013471,"3.649,00"
011,105,011105,094404,"3.422,00"
011,105,011105,095389,"3.415,00"
011,105,011105,096130,"3.201,00"
011,106,011106,013471,"3.490,00"
011,106,011106,094315,"3.475,00"
011,107,011107,094315,"3.663,00"
011,107,011107,096113,"2.916,00"
011,107,011107,157686,"3.129,00"
011,108,011108,041939,"3.295,00"
011,108,011108,095621,"3.295,00"
011,108,011108,157686,"3.295,00"
011,109,011109,026190,"3.944,00"
011,109,011109,046710,"4.588,00"
011,109,011109,068993,"4.017,00"
011,109,011109,077682,"3.920,00"
011,109,011109,080640,"3.960,00"
011,109,011109,095621,"2.990,00"
011,110,011110,026190,"3.920,00"
011,110,011110,095621,"3.736,00"
011,111,011111,026190,"3.903,00"
011,111,011111,046710,"4.074,00"
011,112,011112,027227,"9.479,00"
011,112,011112,046710,"9.327,00"
011,112,011112,154121,"9.413,00"
011,112,011112,180408,"8.456,00"
011,113,011113,004260,"9.425,00"
011,113,011113,027227,"9.407,00"
011,113,011113,046710,"9.487,00"
011,113,011113,180408,"8.561,00"
011,114,011114,004260,"9.384,00"
011,114,011114,022497,"10.828,00"
011,114,011114,027227,"9.665,00"
011,114,011114,162043,"9.525,00"
011,114,011114,197211,"10.838,00"
011,115,011115,013471,"3.475,00"
011,115,011115,096113,"3.475,00"
011,116,011116,013471,"3.422,00"
011,116,011116,094722,"3.296,00"
011,116,011116,096113,"3.548,00"
011,117,011117,041939,"3.266,00"
011,117,011117,095834,"3.876,00"
011,118,011118,013471,"3.869,00"
011,118,011118,094722,"3.491,00"
011,118,011118,095834,"3.919,00"
011,119,011119,041939,"3.027,00"
011,119,011119,095338,"3.903,00"
011,119,011119,095834,"3.869,00"
011,120,011120,041939,"3.320,00"
011,120,011120,095338,"3.862,00"
011,120,011120,095621,"3.869,00"
011,120,011120,095834,"4.017,00"
011,121,011121,027227,"9.465,00"
011,121,011121,046710,"9.273,00"
011,121,011121,080640,"6.820,00"
011,121,011121,154121,"9.112,00"
011,122,011122,013560,"9.595,00"
011,122,011122,027227,"9.469,00"
011,122,011122,080640,"9.343,00"
011,122,011122,154121,"9.487,00"
011,123,011123,013560,"9.214,00"
011,123,011123,027227,"9.008,00"
011,123,011123,154121,"8.678,00"
011,123,011123,180408,"8.778,00"
011,124,011124,004260,"8.412,00"
011,124,011124,013560,"8.686,00"
011,124,011124,027227,"9.147,00"
011,124,011124,180408,"8.971,00"
011,125,011125,037206,"3.746,00"
011,125,011125,045900,"3.903,00"
011,125,011125,144339,"3.491,00"
011,126,011126,013471,"3.903,00"
011,126,011126,037206,"4.017,00"
011,126,011126,095621,"3.793,00"
011,126,011126,142638,"3.882,00"
011,127,011127,027227,"3.926,00"
011,127,011127,068500,"3.329,00"
011,127,011127,095621,"3.942,00"
011,127,011127,139840,"4.354,00"
011,127,011127,148148,"3.922,00"
011,128,011128,095621,"3.897,00"
011,128,011128,095834,"3.903,00"
011,129,011129,027227,"4.336,00"
011,129,011129,095621,"3.843,00"
011,130,011130,027227,"3.598,00"
011,130,011130,080640,"3.838,00"
011,130,011130,095621,"3.875,00"
011,131,011131,013560,"9.615,00"
011,131,011131,027227,"8.377,00"
011,131,011131,080640,"9.226,00"
011,131,011131,148148,"9.450,00"
011,132,011132,022713,"6.363,00"
011,132,011132,045900,"3.828,00"
011,132,011132,103039,"3.843,00"
011,132,011132,144339,"2.778,00"
011,133,011133,022713,"5.314,00"
011,133,011133,037206,"3.903,00"
011,133,011133,045900,"3.809,00"
011,133,011133,103039,"3.734,00"
011,133,011133,184292,"3.876,00"
011,134,011134,022713,"5.894,00"
011,134,011134,037214,"5.311,00"
011,134,011134,068500,"6.471,00"
011,134,011134,095621,"5.692,00"
011,134,011134,139840,"5.837,00"
011,134,011134,184292,"5.352,00"
011,135,011135,037206,"3.903,00"
011,135,011135,094234,"3.903,00"
011,135,011135,142638,"3.903,00"
011,136,011136,139840,"5.263,00"
011,136,011136,148148,"4.037,00"
011,137,011137,013560,"10.034,00"
011,137,011137,139840,"6.231,00"
011,137,011137,148148,"10.034,00"
011,137,011137,156566,"15.943,00"
011,139,011139,005053,"3.428,00"
011,139,011139,042480,"3.717,00"
011,139,011139,071846,"3.475,00"
011,139,011139,135020,"3.381,00"
011,139,011139,160938,"3.979,00"
011,140,011140,005053,"3.376,00"
011,140,011140,071846,"3.475,00"
011,140,011140,135020,"3.342,00"
011,140,011140,227692,"3.397,00"
011,141,011141,045527,"3.220,00"
011,141,011141,094706,"3.307,00"
011,141,011141,096130,"3.326,00"
011,141,011141,166332,"3.475,00"
011,142,011142,005053,"3.396,00"
011,142,011142,071846,"3.490,00"
011,142,011142,227692,"3.443,00"
011,143,011143,045527,"3.397,00"
011,143,011143,182737,"3.405,00"
011,143,011143,192945,"3.396,00"
011,144,011144,013471,"2.356,00"
011,144,011144,029939,"3.315,00"
011,144,011144,094404,"3.315,00"
011,144,011144,157686,"3.129,00"
011,144,011144,160466,"2.356,00"
011,145,011145,045527,"3.475,00"
011,145,011145,103500,"3.475,00"
011,145,011145,166332,"3.475,00"
011,145,011145,182737,"3.392,00"
011,146,011146,029939,"3.313,00"
011,146,011146,166332,"3.475,00"
011,146,011146,182737,"3.383,00"
011,147,011147,045527,"3.403,00"
011,147,011147,103500,"3.387,00"
011,147,011147,166332,"3.418,00"
011,148,011148,094706,"3.257,00"
011,148,011148,166332,"3.310,00"
011,149,011149,009210,"2.412,00"
011,149,011149,033162,"2.719,00"
011,149,011149,055077,"2.719,00"
011,149,011149,086150,"2.944,00"
011,150,011150,009210,"3.220,00"
011,150,011150,009660,"2.738,00"
011,150,011150,033162,"2.563,00"
011,150,011150,055077,"2.696,00"
011,151,011151,029041,"3.343,00"
011,151,011151,080446,"2.791,00"
011,151,011151,101370,"3.365,00"
011,151,011151,141461,"3.040,00"
011,151,011151,185191,"3.579,00"
011,151,011151,188930,"3.144,00"
011,152,011152,029041,"3.343,00"
011,152,011152,141461,"3.194,00"
011,152,011152,188930,"3.264,00"
011,153,011153,141461,"3.343,00"
011,153,011153,188930,"2.961,00"
011,153,011153,336831,"3.061,00"
011,154,011154,029041,"2.840,00"
011,154,011154,042480,"3.403,00"
011,154,011154,096369,"3.151,00"
011,154,011154,141461,"3.343,00"
011,154,011154,177768,"3.285,00"
011,154,011154,685356,"3.304,00"
011,155,011155,090557,"3.081,00"
011,155,011155,096369,"3.343,00"
011,155,011155,141461,"3.343,00"
011,155,011155,177768,"2.837,00"
011,156,011156,024546,"2.686,00"
011,156,011156,090557,"3.225,00"
011,156,011156,141461,"2.924,00"
011,157,011157,006718,"2.932,00"
011,157,011157,156531,"3.088,00"
011,157,011157,164330,"3.418,00"
011,157,011157,164470,"2.983,00"
011,158,011158,133655,"2.895,00"
011,158,011158,156531,"2.932,00"
011,158,011158,164330,"2.908,00"
011,159,011159,133655,"3.001,00"
011,159,011159,156531,"3.418,00"
011,159,011159,164330,"3.093,00"
011,159,011159,185191,"3.764,00"
011,159,011159,194921,"2.952,00"
011,159,011159,703826,"2.999,00"
011,160,011160,042005,"3.017,00"
011,160,011160,151149,"3.185,00"
011,160,011160,175021,"3.354,00"
011,160,011160,336831,"3.185,00"
011,161,011161,077160,"5.370,00"
011,161,011161,151149,"3.471,00"
011,161,011161,336831,"3.471,00"
012,001,012001,025739,"2.110,00"
012,001,012001,128902,"2.740,00"
012,001,012001,134392,"2.309,00"
012,001,012001,196002,"2.166,00"
012,002,012002,128902,"2.078,00"
012,002,012002,134392,"2.182,00"
012,002,012002,182141,"2.118,00"
012,002,012002,196002,"2.166,00"
012,003,012003,028274,"2.252,00"
012,003,012003,128902,"2.181,00"
012,003,012003,182141,"2.270,00"
012,004,012004,028274,"2.270,00"
012,004,012004,084603,"2.030,00"
012,004,012004,128902,"2.246,00"
012,004,012004,170577,"1.993,00"
012,004,012004,297089,"2.188,00"
012,005,012005,022306,"2.321,00"
012,005,012005,025739,"2.823,00"
012,005,012005,129348,"2.049,00"
012,005,012005,134392,"2.554,00"
012,005,012005,173339,"2.321,00"
012,005,012005,176320,"2.361,00"
012,006,012006,134392,"2.296,00"
012,006,012006,173339,"2.296,00"
012,006,012006,176320,"2.374,00"
012,007,012007,103055,"2.244,00"
012,007,012007,134392,"2.214,00"
012,007,012007,176320,"2.248,00"
012,007,012007,196002,"2.280,00"
012,008,012008,134392,"2.233,00"
012,008,012008,182141,"2.246,00"
012,008,012008,196002,"2.251,00"
012,009,012009,022306,"2.246,00"
012,009,012009,103055,"2.246,00"
012,009,012009,176320,"2.246,00"
012,010,012010,022306,"2.236,00"
012,010,012010,103055,"2.230,00"
012,010,012010,196002,"2.217,00"
012,011,012011,022306,"2.223,00"
012,011,012011,129348,"2.236,00"
012,011,012011,167649,"2.249,00"
012,012,012012,022306,"2.157,00"
012,012,012012,167649,"2.160,00"
012,012,012012,196002,"1.482,00"
012,013,012013,100714,"2.176,00"
012,013,012013,129348,"2.163,00"
012,013,012013,167649,"2.150,00"
012,014,012014,028274,"1.889,00"
012,014,012014,167649,"2.141,00"
012,014,012014,196002,"1.570,00"
012,015,012015,028274,"1.839,00"
012,015,012015,182141,"1.822,00"
012,015,012015,196002,"1.706,00"
012,015,012015,227714,"1.790,00"
012,016,012016,001902,"2.074,00"
012,016,012016,028274,"1.983,00"
012,016,012016,084603,"1.560,00"
012,016,012016,100706,"1.819,00"
012,016,012016,103357,"1.705,00"
012,016,012016,140236,"2.223,00"
012,017,012017,084603,"2.239,00"
012,017,012017,140236,"2.239,00"
012,017,012017,170577,"2.145,00"
012,017,012017,187526,"2.156,00"
012,018,012018,025739,"2.394,00"
012,018,012018,098922,"1.721,00"
012,018,012018,100706,"1.541,00"
012,018,012018,129348,"1.743,00"
012,018,012018,722120,"1.277,00"
012,019,012019,001902,"1.634,00"
012,019,012019,085332,"1.287,00"
012,019,012019,103357,"1.299,00"
012,019,012019,167207,"1.491,00"
012,020,012020,001902,"1.699,00"
012,020,012020,056936,"1.667,00"
012,020,012020,069949,"1.686,00"
012,020,012020,103357,"1.746,00"
012,020,012020,140236,"2.321,00"
012,021,012021,025275,"1.394,00"
012,021,012021,038873,"2.670,00"
012,021,012021,049930,"2.747,00"
012,021,012021,056936,"1.710,00"
012,021,012021,065145,"1.612,00"
012,021,012021,140236,"2.595,00"
012,021,012021,172367,"1.775,00"
012,022,012022,025275,"3.506,00"
012,022,012022,084603,"3.554,00"
012,022,012022,140236,"4.015,00"
012,022,012022,172367,"3.006,00"
012,023,012023,025275,"3.742,00"
012,023,012023,084603,"3.578,00"
012,023,012023,140236,"3.715,00"
012,023,012023,187526,"3.686,00"
012,024,012024,001902,"1.425,00"
012,024,012024,020001,"1.538,00"
012,024,012024,069949,"1.505,00"
012,024,012024,085332,"1.539,00"
012,024,012024,103357,"1.375,00"
012,024,012024,165549,"1.167,00"
012,025,012025,020001,"1.639,00"
012,025,012025,033596,"1.522,00"
012,025,012025,033642,"1.637,00"
012,025,012025,050539,"1.658,00"
012,025,012025,069949,"1.630,00"
012,025,012025,160571,"1.646,00"
012,026,012026,056936,"1.579,00"
012,026,012026,065145,"1.669,00"
012,027,012027,025275,"3.762,00"
012,027,012027,038873,"3.452,00"
012,027,012027,084603,"3.951,00"
012,027,012027,169030,"3.566,00"
012,028,012028,025275,"3.702,00"
012,028,012028,084603,"3.340,00"
012,028,012028,169030,"3.892,00"
012,028,012028,187526,"3.579,00"
012,030,012030,033596,"1.602,00"
012,030,012030,033642,"1.647,00"
012,030,012030,069949,"1.624,00"
012,030,012030,142999,"1.691,00"
012,032,012032,027766,"2.074,00"
012,032,012032,051306,"2.282,00"
012,032,012032,081418,"1.924,00"
012,033,012033,027766,"2.652,00"
012,033,012033,038873,"2.746,00"
012,033,012033,049930,"2.454,00"
012,033,012033,051306,"2.544,00"
012,033,012033,062642,"1.479,00"
012,033,012033,081418,"1.479,00"
012,033,012033,171476,"1.479,00"
012,034,012034,027766,"3.570,00"
012,034,012034,038873,"3.198,00"
012,034,012034,084603,"3.112,00"
012,034,012034,169030,"3.532,00"
012,035,012035,027766,"3.815,00"
012,035,012035,084603,"3.355,00"
012,035,012035,169030,"3.724,00"
012,035,012035,187526,"3.873,00"
012,037,012037,073610,"2.927,00"
012,037,012037,147990,"2.580,00"
012,037,012037,158445,"2.755,00"
012,037,012037,164631,"3.254,00"
012,037,012037,178500,"2.670,00"
012,037,012037,316512,"2.755,00"
012,038,012038,027766,"2.005,00"
012,038,012038,051306,"2.567,00"
012,038,012038,081418,"1.394,00"
012,038,012038,164631,"3.031,00"
012,039,012039,027766,"2.126,00"
012,039,012039,038873,"2.315,00"
012,039,012039,051306,"2.241,00"
012,039,012039,164631,"3.216,00"
012,040,012040,027766,"3.919,00"
012,040,012040,038873,"2.059,00"
012,040,012040,084603,"4.138,00"
012,040,012040,164631,"4.516,00"
012,041,012041,027766,"3.699,00"
012,041,012041,084603,"3.805,00"
012,041,012041,164631,"4.841,00"
012,041,012041,187526,"3.909,00"
012,042,012042,038873,"2.413,00"
012,042,012042,054569,"2.361,00"
012,042,012042,073610,"2.463,00"
012,042,012042,164631,"3.220,00"
012,043,012043,006718,"4.645,00"
012,043,012043,038873,"2.535,00"
012,043,012043,054569,"4.043,00"
012,043,012043,164631,"3.888,00"
012,044,012044,006718,"4.187,00"
012,044,012044,054569,"4.143,00"
012,044,012044,164631,"4.406,00"
012,044,012044,187526,"4.106,00"
012,044,012044,428558,"3.657,00"
012,045,012045,086150,"3.673,00"
012,045,012045,170984,"1.735,00"
012,045,012045,174335,"1.929,00"
012,046,012046,147990,"2.545,00"
012,046,012046,164631,"3.302,00"
012,046,012046,178500,"2.637,00"
012,048,012048,038873,"2.778,00"
012,048,012048,054569,"2.626,00"
012,048,012048,073610,"2.532,00"
012,048,012048,191981,"2.380,00"
012,049,012049,006718,"4.928,00"
012,049,012049,038873,"3.856,00"
012,049,012049,054569,"3.942,00"
012,049,012049,191981,"3.862,00"
012,050,012050,006718,"4.240,00"
012,050,012050,054569,"3.932,00"
012,050,012050,187526,"4.155,00"
012,050,012050,191981,"3.941,00"
012,051,012051,056456,"2.885,00"
012,051,012051,164631,"3.216,00"
012,052,012052,013048,"2.506,00"
012,052,012052,147990,"2.560,00"
012,052,012052,164631,"3.252,00"
012,052,012052,178500,"2.598,00"
012,052,012052,651770,"2.683,00"
012,053,012053,013048,"2.756,00"
012,053,012053,147990,"2.611,00"
012,053,012053,157902,"2.633,00"
012,053,012053,176435,"2.851,00"
012,055,012055,006033,"2.520,00"
012,055,012055,013048,"2.602,00"
012,055,012055,041904,"2.501,00"
012,055,012055,176435,"2.637,00"
012,056,012056,102733,"1.545,00"
012,056,012056,170984,"1.706,00"
012,056,012056,190489,"1.646,00"
012,057,012057,038873,"2.419,00"
012,057,012057,042161,"2.784,00"
012,057,012057,073610,"2.454,00"
012,057,012057,191981,"2.875,00"
012,058,012058,006718,"4.469,00"
012,058,012058,038873,"3.835,00"
012,058,012058,042161,"3.955,00"
012,058,012058,191981,"3.838,00"
012,059,012059,006718,"4.158,00"
012,059,012059,042161,"4.056,00"
012,059,012059,187526,"3.689,00"
012,059,012059,191981,"4.056,00"
012,059,012059,434116,"3.393,00"
012,060,012060,008001,"2.605,00"
012,060,012060,087297,"2.951,00"
012,060,012060,147303,"2.611,00"
012,060,012060,155179,"2.665,00"
012,060,012060,176435,"2.438,00"
012,061,012061,008001,"2.586,00"
012,061,012061,155179,"2.532,00"
012,061,012061,157902,"2.438,00"
012,061,012061,176435,"2.438,00"
012,062,012062,151769,"2.667,00"
012,062,012062,155179,"2.639,00"
012,062,012062,157902,"2.755,00"
012,062,012062,176435,"2.673,00"
012,063,012063,147990,"2.923,00"
012,063,012063,151769,"2.557,00"
012,063,012063,155179,"2.755,00"
012,063,012063,176435,"2.626,00"
012,064,012064,041904,"2.589,00"
012,064,012064,142573,"2.516,00"
012,064,012064,147990,"2.535,00"
012,064,012064,176435,"2.538,00"
012,065,012065,041904,"2.522,00"
012,065,012065,142573,"2.514,00"
012,065,012065,147990,"2.747,00"
012,065,012065,155179,"2.611,00"
012,066,012066,041904,"2.533,00"
012,066,012066,073610,"2.520,00"
012,066,012066,155179,"2.173,00"
012,066,012066,178500,"2.409,00"
012,067,012067,038873,"2.697,00"
012,067,012067,042161,"2.406,00"
012,067,012067,073610,"2.594,00"
012,067,012067,155179,"2.607,00"
012,068,012068,006718,"4.609,00"
012,068,012068,038768,"3.931,00"
012,068,012068,038873,"4.093,00"
012,068,012068,042161,"3.969,00"
012,068,012068,435317,"3.667,00"
012,070,012070,006718,"4.191,00"
012,070,012070,038768,"4.040,00"
012,070,012070,058343,"4.015,00"
012,070,012070,078280,"3.781,00"
012,071,012071,038768,"3.292,00"
012,071,012071,086150,"3.813,00"
012,071,012071,107921,"3.329,00"
012,071,012071,154245,"3.364,00"
012,072,012072,038768,"3.389,00"
012,072,012072,087297,"3.389,00"
012,072,012072,154245,"3.389,00"
012,072,012072,155179,"3.389,00"
012,073,012073,018058,"2.528,00"
012,073,012073,038768,"3.034,00"
012,073,012073,087297,"2.968,00"
012,073,012073,155179,"2.656,00"
012,073,012073,157902,"2.986,00"
012,074,012074,038768,"3.024,00"
012,074,012074,147990,"2.948,00"
012,074,012074,155179,"2.977,00"
012,074,012074,157902,"3.021,00"
012,075,012075,038768,"3.217,00"
012,075,012075,041904,"3.129,00"
012,075,012075,147990,"3.286,00"
012,075,012075,155179,"3.055,00"
012,076,012076,038768,"2.664,00"
012,076,012076,041904,"2.799,00"
012,076,012076,073610,"2.582,00"
012,076,012076,155179,"2.487,00"
012,077,012077,038768,"2.831,00"
012,077,012077,038873,"2.727,00"
012,077,012077,073610,"2.567,00"
012,077,012077,155179,"2.290,00"
012,078,012078,003964,"3.354,00"
012,078,012078,038768,"3.323,00"
012,078,012078,086150,"3.746,00"
012,078,012078,154245,"3.293,00"
012,078,012078,435309,"3.121,00"
012,080,012080,003964,"2.658,00"
012,080,012080,038768,"2.652,00"
012,080,012080,087297,"2.676,00"
012,080,012080,157902,"2.635,00"
012,080,012080,435325,"2.635,00"
012,081,012081,003964,"2.586,00"
012,081,012081,038768,"2.719,00"
012,081,012081,147990,"2.684,00"
012,081,012081,157902,"2.510,00"
012,082,012082,003964,"2.614,00"
012,082,012082,038768,"3.102,00"
012,082,012082,041904,"3.279,00"
012,082,012082,147990,"3.273,00"
012,083,012083,003964,"2.605,00"
012,083,012083,038768,"2.427,00"
012,083,012083,038873,"2.550,00"
012,083,012083,041904,"2.614,00"
012,083,012083,686727,"2.520,00"
012,084,012084,003964,"3.950,00"
012,084,012084,006718,"4.162,00"
012,084,012084,038768,"3.938,00"
012,084,012084,038873,"3.829,00"
012,085,012085,003964,"3.931,00"
012,085,012085,006718,"3.829,00"
012,085,012085,038768,"4.056,00"
012,085,012085,163236,"4.184,00"
012,086,012086,003964,"3.813,00"
012,086,012086,038768,"4.130,00"
012,086,012086,078280,"3.995,00"
012,086,012086,163236,"3.973,00"
012,087,012087,003964,"3.384,00"
012,087,012087,019429,"3.191,00"
012,087,012087,086150,"4.102,00"
012,087,012087,154245,"3.293,00"
012,088,012088,019429,"2.734,00"
012,088,012088,154245,"3.077,00"
012,088,012088,184055,"2.580,00"
012,089,012089,003964,"2.699,00"
012,089,012089,087297,"2.693,00"
012,089,012089,154245,"2.671,00"
012,089,012089,184055,"2.623,00"
012,090,012090,003964,"2.970,00"
012,090,012090,019429,"3.427,00"
012,090,012090,087297,"2.919,00"
012,090,012090,157902,"2.867,00"
012,091,012091,003964,"2.759,00"
012,091,012091,019429,"2.690,00"
012,091,012091,147990,"2.765,00"
012,091,012091,157902,"2.778,00"
012,092,012092,003964,"2.746,00"
012,092,012092,019429,"2.818,00"
012,092,012092,041904,"2.740,00"
012,092,012092,147990,"3.128,00"
012,093,012093,003964,"2.752,00"
012,093,012093,019429,"2.721,00"
012,093,012093,038873,"2.897,00"
012,093,012093,041904,"2.528,00"
012,094,012094,003964,"2.689,00"
012,094,012094,006718,"2.592,00"
012,094,012094,038873,"2.689,00"
012,095,012095,003964,"2.804,00"
012,095,012095,006718,"3.520,00"
012,095,012095,019429,"3.368,00"
012,095,012095,163236,"2.633,00"
012,096,012096,003964,"4.071,00"
012,096,012096,019429,"4.130,00"
012,096,012096,078280,"3.882,00"
012,096,012096,163236,"4.392,00"
012,098,012098,019429,"2.239,00"
012,098,012098,061182,"2.687,00"
012,098,012098,082422,"2.687,00"
012,098,012098,087297,"2.794,00"
012,098,012098,157902,"2.490,00"
012,098,012098,169323,"2.859,00"
012,099,012099,019429,"2.818,00"
012,099,012099,071676,"2.804,00"
012,099,012099,147990,"3.006,00"
012,099,012099,157902,"3.440,00"
012,100,012100,019429,"2.942,00"
012,100,012100,036919,"2.924,00"
012,100,012100,041904,"3.217,00"
012,100,012100,147990,"2.922,00"
012,101,012101,006718,"3.771,00"
012,101,012101,019429,"3.030,00"
012,101,012101,036919,"2.924,00"
012,101,012101,041904,"2.832,00"
012,102,012102,006718,"2.794,00"
012,102,012102,019429,"3.201,00"
012,102,012102,032964,"2.834,00"
012,102,012102,164330,"3.093,00"
012,102,012102,194883,"3.168,00"
012,103,012103,032964,"2.765,00"
012,103,012103,163236,"2.987,00"
012,104,012104,019402,"4.097,00"
012,104,012104,019429,"4.068,00"
012,104,012104,078280,"4.005,00"
012,104,012104,163236,"4.238,00"
012,104,012104,395340,"3.550,00"
012,105,012105,019402,"4.363,00"
012,105,012105,078280,"3.957,00"
012,105,012105,092630,"3.942,00"
012,105,012105,163236,"3.925,00"
012,106,012106,032964,"3.405,00"
012,106,012106,039993,"3.077,00"
012,106,012106,078280,"3.018,00"
012,106,012106,092630,"3.069,00"
012,106,012106,163236,"3.204,00"
012,106,012106,193747,"3.315,00"
012,106,012106,194883,"3.163,00"
012,106,012106,200468,"3.162,00"
012,106,012106,694894,"3.072,00"
012,107,012107,103411,"2.649,00"
012,107,012107,114880,"3.083,00"
012,107,012107,193747,"2.910,00"
012,107,012107,200468,"2.784,00"
012,108,012108,013102,"2.796,00"
012,108,012108,194883,"2.715,00"
012,108,012108,200468,"3.099,00"
012,109,012109,049930,"1.929,00"
012,109,012109,056936,"1.620,00"
012,109,012109,062642,"1.394,00"
012,109,012109,065145,"1.708,00"
012,109,012109,066753,"1.734,00"
012,109,012109,069949,"1.753,00"
012,109,012109,073571,"2.695,00"
012,109,012109,080543,"1.822,00"
012,109,012109,081418,"1.535,00"
012,109,012109,142999,"1.662,00"
012,109,012109,164631,"3.781,00"
012,109,012109,171476,"1.611,00"
012,109,012109,183253,"2.602,00"
012,109,012109,226670,"1.650,00"
012,109,012109,316636,"1.558,00"
012,109,012109,509140,"1.650,00"
012,109,012109,669296,"1.650,00"
012,109,012109,670006,"1.694,00"
012,110,012110,013102,"3.034,00"
012,110,012110,164330,"2.668,00"
012,111,012111,013102,"2.599,00"
012,111,012111,164330,"2.599,00"
012,111,012111,185191,"3.548,00"
012,111,012111,316628,"2.599,00"
012,112,012112,013102,"3.181,00"
012,112,012112,114880,"3.064,00"
012,112,012112,200468,"2.765,00"
012,112,012112,316628,"3.004,00"
012,113,012113,038326,"3.315,00"
012,113,012113,039993,"3.002,00"
012,113,012113,078280,"3.102,00"
012,113,012113,103411,"2.995,00"
012,113,012113,114880,"3.103,00"
012,114,012114,038326,"3.654,00"
012,114,012114,078280,"3.214,00"
012,114,012114,114880,"3.627,00"
012,114,012114,185191,"5.915,00"
012,114,012114,316610,"3.499,00"
012,116,012116,087297,"2.695,00"
012,116,012116,098612,"2.755,00"
012,116,012116,155179,"2.699,00"
012,117,012117,003336,"3.188,00"
012,117,012117,098612,"3.182,00"
012,117,012117,147303,"3.238,00"
012,117,012117,155179,"3.242,00"
012,117,012117,164631,"3.503,00"
012,117,012117,199052,"3.340,00"
012,118,012118,003336,"2.724,00"
012,118,012118,147303,"2.724,00"
012,118,012118,164631,"3.198,00"
012,119,012119,022713,"3.173,00"
012,119,012119,071676,"3.122,00"
012,119,012119,114707,"3.277,00"
012,119,012119,157902,"3.191,00"
012,120,012120,022713,"3.619,00"
012,120,012120,038474,"3.075,00"
012,121,012121,022713,"3.594,00"
012,121,012121,038474,"3.277,00"
012,121,012121,045870,"3.225,00"
012,121,012121,061182,"3.173,00"
012,122,012122,061182,"3.078,00"
012,122,012122,083291,"3.222,00"
012,122,012122,100978,"2.687,00"
012,123,012123,082422,"3.277,00"
012,123,012123,083291,"3.277,00"
012,123,012123,169323,"3.277,00"
012,124,012124,082422,"3.307,00"
012,124,012124,083291,"3.277,00"
012,124,012124,120596,"3.307,00"
012,124,012124,198889,"3.335,00"
012,125,012125,120596,"3.166,00"
012,125,012125,185493,"3.277,00"
012,125,012125,198889,"3.053,00"
012,126,012126,086150,"2.759,00"
012,126,012126,097837,"2.985,00"
012,126,012126,185493,"3.277,00"
012,126,012126,198889,"3.162,00"
012,127,012127,086150,"3.244,00"
012,127,012127,124150,"3.277,00"
012,127,012127,185493,"3.191,00"
012,127,012127,198889,"3.277,00"
012,128,012128,061182,"3.036,00"
012,128,012128,100978,"3.229,00"
012,128,012128,120596,"3.277,00"
012,128,012128,125369,"3.277,00"
012,128,012128,185493,"3.277,00"
012,128,012128,198889,"3.277,00"
012,129,012129,022713,"3.747,00"
012,129,012129,045870,"3.277,00"
012,129,012129,061182,"3.138,00"
012,129,012129,140759,"3.318,00"
012,130,012130,015130,"3.153,00"
012,130,012130,022713,"3.043,00"
012,130,012130,061182,"3.277,00"
012,130,012130,140759,"3.313,00"
012,131,012131,015130,"3.138,00"
012,131,012131,022713,"3.797,00"
012,131,012131,058041,"3.197,00"
012,131,012131,061182,"2.687,00"
012,132,012132,058041,"3.260,00"
012,132,012132,061182,"3.277,00"
012,132,012132,091170,"3.272,00"
012,132,012132,125369,"3.272,00"
012,132,012132,198889,"3.277,00"
012,133,012133,091170,"3.223,00"
012,133,012133,124150,"3.342,00"
012,133,012133,191205,"3.127,00"
012,133,012133,198889,"3.203,00"
012,134,012134,086150,"3.291,00"
012,134,012134,091170,"3.327,00"
012,134,012134,124150,"3.277,00"
012,134,012134,191205,"3.376,00"
012,135,012135,086150,"3.884,00"
012,135,012135,107921,"3.217,00"
012,135,012135,164631,"3.293,00"
012,135,012135,199052,"3.176,00"
012,136,012136,013048,"2.861,00"
012,136,012136,147303,"2.676,00"
012,136,012136,157902,"2.478,00"
012,136,012136,164631,"3.198,00"
012,136,012136,176435,"2.686,00"
012,137,012137,019429,"3.788,00"
012,137,012137,030112,"3.788,00"
012,137,012137,086150,"3.906,00"
012,137,012137,154245,"3.788,00"
012,139,012139,080543,"1.696,00"
012,139,012139,086150,"3.903,00"
012,139,012139,142999,"1.539,00"
012,139,012139,170984,"1.527,00"
012,139,012139,178098,"1.422,00"
012,139,012139,203149,"1.546,00"
012,139,012139,670006,"1.546,00"
012,140,012140,033596,"1.494,00"
012,140,012140,142999,"1.604,00"
012,140,012140,170984,"1.579,00"
012,140,012140,203149,"1.558,00"
012,140,012140,316318,"1.558,00"
012,141,012141,025739,"2.022,00"
012,141,012141,098922,"1.539,00"
012,141,012141,722120,"1.277,00"
012,142,012142,025739,"2.298,00"
012,142,012142,033596,"1.604,00"
012,142,012142,085332,"1.728,00"
012,142,012142,112860,"1.358,00"
012,142,012142,167207,"1.744,00"
012,142,012142,722120,"1.522,00"
012,143,012143,020001,"1.497,00"
012,143,012143,033596,"1.385,00"
012,143,012143,082309,"1.167,00"
012,143,012143,085332,"1.593,00"
012,143,012143,112860,"1.429,00"
012,144,012144,066753,"2.586,00"
012,144,012144,073571,"2.579,00"
012,144,012144,183253,"2.466,00"
012,144,012144,669296,"2.235,00"
012,145,012145,080543,"3.023,00"
012,145,012145,183253,"2.983,00"
012,146,012146,056456,"2.602,00"
012,146,012146,066753,"2.930,00"
012,146,012146,073571,"2.487,00"
012,146,012146,183253,"2.544,00"
012,147,012147,056456,"2.787,00"
012,147,012147,066753,"2.667,00"
012,147,012147,073571,"2.681,00"
012,147,012147,164631,"3.487,00"
012,148,012148,067318,"2.491,00"
012,148,012148,073571,"2.744,00"
012,148,012148,086150,"3.667,00"
012,148,012148,183253,"2.775,00"
012,149,012149,080543,"2.674,00"
012,149,012149,183253,"2.772,00"
012,149,012149,190039,"2.574,00"
012,150,012150,056456,"2.768,00"
012,150,012150,067318,"2.604,00"
012,150,012150,073571,"2.680,00"
012,150,012150,164631,"3.349,00"
012,150,012150,316261,"2.684,00"
012,151,012151,067318,"2.511,00"
012,151,012151,073571,"2.583,00"
012,151,012151,183253,"2.624,00"
012,151,012151,190039,"2.692,00"
012,152,012152,080543,"2.235,00"
012,152,012152,109584,"2.576,00"
012,152,012152,183253,"2.516,00"
012,152,012152,190039,"2.810,00"
012,153,012153,067377,"2.604,00"
012,153,012153,080543,"2.787,00"
012,153,012153,109584,"2.645,00"
012,153,012153,183253,"2.248,00"
012,154,012154,067377,"2.818,00"
012,154,012154,080543,"2.591,00"
012,154,012154,104094,"3.006,00"
012,154,012154,183253,"2.712,00"
012,155,012155,080543,"2.588,00"
012,155,012155,104094,"2.787,00"
012,155,012155,172901,"2.787,00"
012,155,012155,174351,"2.787,00"
012,156,012156,080543,"3.072,00"
012,156,012156,086150,"3.914,00"
012,156,012156,172901,"2.406,00"
012,156,012156,174351,"2.680,00"
012,157,012157,086150,"3.891,00"
012,157,012157,104094,"2.680,00"
012,157,012157,172901,"2.432,00"
012,157,012157,183253,"2.503,00"
012,158,012158,056456,"2.599,00"
012,158,012158,073571,"2.620,00"
012,158,012158,183253,"2.667,00"
012,158,012158,190039,"2.454,00"
012,159,012159,067318,"2.741,00"
012,159,012159,073571,"2.665,00"
012,159,012159,145149,"2.803,00"
012,160,012160,086150,"4.455,00"
012,160,012160,145149,"3.570,00"
012,160,012160,164631,"3.570,00"
012,161,012161,019429,"2.444,00"
012,161,012161,030112,"2.957,00"
012,161,012161,082422,"3.031,00"
012,161,012161,086150,"3.679,00"
012,161,012161,087297,"2.760,00"
012,161,012161,097837,"3.138,00"
012,161,012161,154245,"3.056,00"
012,161,012161,198889,"3.277,00"
012,162,012162,006033,"2.564,00"
012,162,012162,013048,"2.744,00"
012,162,012162,148741,"2.760,00"
012,162,012162,176435,"2.908,00"
012,163,012163,013048,"2.573,00"
012,163,012163,147990,"2.610,00"
012,163,012163,148741,"2.627,00"
012,163,012163,176435,"2.481,00"
012,164,012164,038768,"2.747,00"
012,164,012164,062308,"2.695,00"
012,164,012164,087297,"2.664,00"
012,164,012164,154245,"2.724,00"
012,165,012165,003964,"2.818,00"
012,165,012165,062308,"2.643,00"
012,165,012165,087297,"2.664,00"
012,165,012165,154245,"2.440,00"
012,168,012168,006718,"4.478,00"
012,168,012168,042161,"3.983,00"
012,168,012168,058343,"3.869,00"
012,168,012168,187526,"3.951,00"
012,168,012168,316474,"3.860,00"
012,169,012169,006033,"2.674,00"
012,169,012169,013048,"2.738,00"
012,169,012169,041904,"2.700,00"
012,169,012169,178500,"2.840,00"
012,170,012170,006033,"2.731,00"
012,170,012170,013048,"2.438,00"
012,170,012170,148741,"2.697,00"
012,170,012170,178500,"2.755,00"
012,171,012171,013048,"3.072,00"
012,171,012171,147990,"2.744,00"
012,171,012171,148741,"2.755,00"
012,171,012171,178500,"2.712,00"
012,172,012172,102733,"1.609,00"
012,172,012172,170984,"1.740,00"
012,172,012172,174335,"1.627,00"
012,172,012172,190489,"1.483,00"
012,172,012172,444626,"1.929,00"
012,173,012173,025739,"2.620,00"
012,173,012173,033596,"1.215,00"
012,173,012173,086150,"3.458,00"
012,173,012173,170984,"1.251,00"
012,173,012173,174335,"1.675,00"
012,173,012173,190489,"1.314,00"
012,173,012173,651672,"1.649,00"
013,001,013001,021490,"5.552,00"
013,001,013001,023140,"5.784,00"
013,001,013001,077160,"5.985,00"
013,001,013001,151149,"5.527,00"
013,001,013001,433349,"5.357,00"
013,002,013002,021490,"3.485,00"
013,002,013002,022713,"3.721,00"
013,002,013002,023140,"2.860,00"
013,003,013003,021490,"5.746,00"
013,003,013003,023140,"5.442,00"
013,003,013003,182788,"5.559,00"
013,004,013004,022713,"5.329,00"
013,004,013004,182788,"4.853,00"
013,004,013004,188131,"5.215,00"
013,005,013005,022713,"6.136,00"
013,005,013005,064793,"6.136,00"
013,005,013005,169196,"6.136,00"
013,005,013005,188131,"6.136,00"
013,006,013006,021490,"5.761,00"
013,006,013006,042005,"5.418,00"
013,006,013006,077160,"5.538,00"
013,006,013006,151149,"5.506,00"
013,006,013006,396141,"4.899,00"
013,006,013006,433357,"4.799,00"
013,007,013007,021490,"6.170,00"
013,007,013007,042005,"6.606,00"
013,007,013007,151149,"6.711,00"
013,007,013007,188131,"6.033,00"
013,008,013008,021490,"6.086,00"
013,008,013008,023140,"5.925,00"
013,008,013008,151149,"6.562,00"
013,008,013008,188131,"6.552,00"
013,009,013009,023507,"5.638,00"
013,009,013009,064793,"6.111,00"
013,009,013009,151149,"6.105,00"
013,009,013009,152641,"6.111,00"
013,009,013009,169196,"7.373,00"
013,009,013009,188131,"5.847,00"
013,010,013010,137952,"8.844,00"
013,010,013010,169196,"6.953,00"
013,010,013010,189472,"8.844,00"
013,011,013011,052450,"9.232,00"
013,011,013011,073067,"9.016,00"
013,011,013011,099791,"8.882,00"
013,011,013011,137952,"9.242,00"
013,011,013011,189472,"9.620,00"
013,012,013012,030341,"10.923,00"
013,012,013012,052450,"10.724,00"
013,012,013012,073067,"11.121,00"
013,012,013012,189472,"11.152,00"
013,013,013013,009210,"5.558,00"
013,013,013013,021490,"5.683,00"
013,013,013013,042005,"5.496,00"
013,013,013013,077160,"5.420,00"
013,013,013013,336831,"5.492,00"
013,014,013014,009210,"6.545,00"
013,014,013014,021490,"6.076,00"
013,014,013014,042005,"6.224,00"
013,014,013014,111686,"5.676,00"
013,014,013014,188131,"6.517,00"
013,015,013015,023507,"6.862,00"
013,015,013015,042005,"6.711,00"
013,015,013015,151149,"6.212,00"
013,015,013015,188131,"6.367,00"
013,016,013016,023507,"5.647,00"
013,016,013016,042005,"6.036,00"
013,016,013016,151149,"6.108,00"
013,016,013016,169196,"7.431,00"
013,016,013016,484075,"5.238,00"
013,017,013017,119890,"10.766,00"
013,017,013017,137952,"9.284,00"
013,017,013017,169196,"7.161,00"
013,017,013017,189472,"9.112,00"
013,018,013018,052450,"9.441,00"
013,018,013018,119890,"10.641,00"
013,018,013018,137952,"9.772,00"
013,018,013018,189472,"9.902,00"
013,019,013019,030341,"11.083,00"
013,019,013019,052450,"10.563,00"
013,019,013019,119890,"11.907,00"
013,019,013019,189472,"11.051,00"
013,020,013020,009210,"5.843,00"
013,020,013020,021490,"6.435,00"
013,020,013020,055077,"5.354,00"
013,020,013020,336831,"5.599,00"
013,021,013021,009210,"6.360,00"
013,021,013021,021490,"6.994,00"
013,021,013021,055077,"5.969,00"
013,021,013021,188131,"6.994,00"
013,021,013021,433365,"5.714,00"
013,022,013022,009210,"6.247,00"
013,022,013022,023507,"5.966,00"
013,022,013022,042005,"6.473,00"
013,022,013022,188131,"5.768,00"
013,023,013023,009210,"5.941,00"
013,023,013023,023507,"5.265,00"
013,023,013023,042005,"5.990,00"
013,023,013023,169196,"7.151,00"
013,023,013023,433373,"5.238,00"
013,024,013024,137952,"9.678,00"
013,024,013024,151149,"9.261,00"
013,024,013024,169196,"7.154,00"
013,024,013024,210340,"9.106,00"
013,025,013025,119890,"10.632,00"
013,025,013025,137952,"9.040,00"
013,025,013025,151149,"9.932,00"
013,025,013025,169196,"7.596,00"
013,026,013026,052450,"9.396,00"
013,026,013026,119890,"11.431,00"
013,026,013026,137952,"9.049,00"
013,026,013026,151149,"12.683,00"
013,026,013026,232211,"8.511,00"
013,027,013027,030341,"11.080,00"
013,027,013027,052450,"10.371,00"
013,027,013027,119890,"11.389,00"
013,027,013027,151149,"12.295,00"
013,028,013028,021490,"5.300,00"
013,028,013028,054615,"5.270,00"
013,028,013028,055077,"5.243,00"
013,028,013028,077160,"5.341,00"
013,028,013028,103870,"5.511,00"
013,028,013028,413054,"5.338,00"
013,029,013029,021490,"5.985,00"
013,029,013029,055077,"6.340,00"
013,029,013029,103870,"6.588,00"
013,029,013029,188131,"6.052,00"
013,030,013030,009210,"6.619,00"
013,030,013030,023507,"6.994,00"
013,030,013030,055077,"5.846,00"
013,030,013030,188131,"6.009,00"
013,031,013031,009210,"5.906,00"
013,031,013031,023507,"5.524,00"
013,031,013031,055077,"5.839,00"
013,031,013031,169196,"7.176,00"
013,032,013032,066516,"7.048,00"
013,032,013032,076910,"8.050,00"
013,032,013032,169196,"8.050,00"
013,033,013033,045071,"9.364,00"
013,033,013033,066516,"6.845,00"
013,033,013033,076910,"7.164,00"
013,033,013033,112011,"9.050,00"
013,033,013033,137952,"10.094,00"
013,033,013033,169196,"7.387,00"
013,033,013033,210340,"9.183,00"
013,033,013033,428574,"8.511,00"
013,034,013034,052450,"9.810,00"
013,034,013034,066516,"7.343,00"
013,034,013034,137952,"9.892,00"
013,034,013034,151149,"13.684,00"
013,035,013035,030341,"10.728,00"
013,035,013035,052450,"10.992,00"
013,035,013035,066516,"7.663,00"
013,035,013035,151149,"13.177,00"
013,036,013036,021490,"6.331,00"
013,036,013036,031399,"6.104,00"
013,036,013036,103870,"6.014,00"
013,036,013036,119350,"6.060,00"
013,036,013036,188131,"6.410,00"
013,037,013037,023507,"5.834,00"
013,037,013037,103870,"6.303,00"
013,037,013037,119350,"5.963,00"
013,037,013037,188131,"6.237,00"
013,038,013038,023507,"6.165,00"
013,038,013038,055077,"6.279,00"
013,038,013038,103870,"6.118,00"
013,038,013038,188131,"6.072,00"
013,039,013039,005657,"4.982,00"
013,039,013039,023507,"5.489,00"
013,039,013039,103870,"5.763,00"
013,039,013039,119350,"5.424,00"
013,040,013040,005657,"5.369,00"
013,040,013040,103870,"5.755,00"
013,040,013040,119350,"6.351,00"
013,040,013040,169196,"6.583,00"
013,041,013041,023507,"5.499,00"
013,041,013041,055077,"5.773,00"
013,041,013041,103870,"5.711,00"
013,041,013041,169196,"7.258,00"
013,042,013042,066516,"7.772,00"
013,042,013042,076910,"8.092,00"
013,042,013042,103870,"5.058,00"
013,042,013042,169196,"7.511,00"
013,043,013043,024848,"6.830,00"
013,043,013043,066516,"6.802,00"
013,043,013043,076910,"8.838,00"
013,043,013043,103870,"6.584,00"
013,044,013044,024848,"6.766,00"
013,044,013044,035815,"6.820,00"
013,044,013044,066516,"7.624,00"
013,044,013044,082503,"6.861,00"
013,044,013044,098779,"6.861,00"
013,044,013044,177253,"6.861,00"
013,045,013045,066516,"7.599,00"
013,045,013045,082503,"6.861,00"
013,045,013045,098779,"6.861,00"
013,045,013045,195472,"6.861,00"
013,046,013046,021490,"6.351,00"
013,046,013046,031399,"6.351,00"
013,046,013046,087149,"5.515,00"
013,046,013046,188131,"6.320,00"
013,047,013047,023507,"5.581,00"
013,047,013047,087149,"6.731,00"
013,047,013047,119350,"5.748,00"
013,047,013047,188131,"4.982,00"
013,047,013047,394858,"4.985,00"
013,048,013048,023507,"5.395,00"
013,048,013048,087149,"6.422,00"
013,048,013048,119350,"6.000,00"
013,048,013048,169196,"7.713,00"
013,048,013048,394858,"5.533,00"
013,049,013049,005550,"5.912,00"
013,049,013049,035815,"7.157,00"
013,049,013049,169196,"7.505,00"
013,050,013050,005550,"5.700,00"
013,050,013050,035815,"6.660,00"
013,050,013050,076910,"8.109,00"
013,050,013050,103870,"5.300,00"
013,050,013050,169196,"7.086,00"
013,051,013051,024848,"6.861,00"
013,051,013051,035815,"6.395,00"
013,051,013051,076910,"9.422,00"
013,051,013051,103870,"6.678,00"
013,052,013052,035815,"7.495,00"
013,052,013052,082503,"6.861,00"
013,052,013052,177253,"6.861,00"
013,052,013052,195472,"6.861,00"
013,052,013052,200298,"6.861,00"
013,052,013052,692824,"6.861,00"
013,053,013053,021490,"4.534,00"
013,053,013053,074730,"5.307,00"
013,053,013053,087149,"6.528,00"
013,053,013053,188131,"5.745,00"
013,054,013054,023507,"5.341,00"
013,054,013054,074730,"6.351,00"
013,054,013054,087149,"6.430,00"
013,054,013054,188131,"5.619,00"
013,055,013055,023507,"5.746,00"
013,055,013055,074730,"5.739,00"
013,055,013055,087149,"5.773,00"
013,055,013055,162639,"7.170,00"
013,055,013055,165360,"5.142,00"
013,056,013056,035815,"7.091,00"
013,056,013056,115347,"5.045,00"
013,056,013056,122661,"5.045,00"
013,056,013056,165360,"5.045,00"
013,057,013057,035815,"7.495,00"
013,057,013057,067750,"5.121,00"
013,057,013057,076910,"10.062,00"
013,057,013057,122661,"5.218,00"
013,058,013058,024848,"6.751,00"
013,058,013058,035815,"7.256,00"
013,058,013058,067750,"6.796,00"
013,058,013058,076910,"9.397,00"
013,059,013059,021490,"3.728,00"
013,059,013059,067750,"6.132,00"
013,059,013059,074730,"5.981,00"
013,059,013059,188131,"5.970,00"
013,060,013060,023507,"5.869,00"
013,060,013060,067750,"6.224,00"
013,060,013060,074730,"6.732,00"
013,060,013060,188131,"5.947,00"
013,061,013061,023507,"5.821,00"
013,061,013061,067750,"5.992,00"
013,061,013061,074730,"6.121,00"
013,061,013061,162639,"5.789,00"
013,062,013062,067750,"4.648,00"
013,062,013062,162639,"6.861,00"
013,062,013062,165360,"4.648,00"
013,062,013062,169196,"6.874,00"
013,063,013063,067750,"4.929,00"
013,063,013063,115347,"5.317,00"
013,063,013063,122661,"5.622,00"
013,063,013063,165360,"5.912,00"
013,063,013063,169196,"7.035,00"
013,064,013064,021490,"4.329,00"
013,064,013064,067750,"6.145,00"
013,064,013064,105180,"6.197,00"
013,064,013064,188131,"5.998,00"
013,064,013064,325520,"5.789,00"
013,065,013065,023507,"5.666,00"
013,065,013065,067750,"6.080,00"
013,065,013065,105180,"5.975,00"
013,065,013065,188131,"5.748,00"
013,066,013066,023507,"6.028,00"
013,066,013066,067750,"5.953,00"
013,066,013066,105180,"6.145,00"
013,066,013066,162639,"6.367,00"
013,067,013067,067750,"5.254,00"
013,067,013067,105180,"4.724,00"
013,067,013067,162639,"6.260,00"
013,067,013067,169196,"7.753,00"
013,068,013068,067750,"4.874,00"
013,068,013068,081701,"4.755,00"
013,068,013068,105180,"7.171,00"
013,068,013068,169196,"7.923,00"
013,069,013069,067750,"5.615,00"
013,069,013069,076910,"9.793,00"
013,069,013069,081701,"4.925,00"
013,069,013069,105180,"6.955,00"
013,069,013069,432121,"4.755,00"
013,070,013070,024848,"6.861,00"
013,070,013070,067750,"6.750,00"
013,070,013070,076910,"8.656,00"
013,070,013070,082252,"7.542,00"
013,071,013071,024848,"6.852,00"
013,071,013071,035815,"7.199,00"
013,071,013071,082252,"6.761,00"
013,071,013071,082503,"6.861,00"
013,071,013071,195472,"6.861,00"
013,072,013072,035815,"7.201,00"
013,072,013072,082503,"6.861,00"
013,072,013072,195472,"6.861,00"
013,073,013073,035815,"7.495,00"
013,073,013073,153770,"6.861,00"
013,073,013073,161616,"6.861,00"
013,073,013073,195472,"6.861,00"
013,073,013073,327883,"6.861,00"
013,074,013074,035815,"6.492,00"
013,074,013074,051756,"7.100,00"
013,074,013074,091308,"6.704,00"
013,074,013074,147290,"6.704,00"
013,074,013074,153770,"6.861,00"
013,074,013074,161616,"6.546,00"
013,074,013074,327883,"6.704,00"
013,075,013075,051756,"10.496,00"
013,075,013075,082252,"6.895,00"
013,075,013075,091308,"6.861,00"
013,075,013075,161616,"6.861,00"
013,075,013075,195472,"6.861,00"
014,001,014001,030341,"10.854,00"
014,001,014001,073067,"11.131,00"
014,001,014001,085626,"10.977,00"
014,001,014001,189472,"10.859,00"
014,002,014002,030341,"11.150,00"
014,002,014002,085626,"10.848,00"
014,002,014002,119890,"12.145,00"
014,002,014002,189472,"10.848,00"
014,002,014002,432792,"10.351,00"
014,003,014003,024970,"11.893,00"
014,003,014003,073067,"10.983,00"
014,003,014003,085626,"11.042,00"
014,003,014003,189472,"10.951,00"
014,004,014004,030341,"11.059,00"
014,004,014004,085626,"10.834,00"
014,004,014004,119890,"11.669,00"
014,004,014004,151149,"13.745,00"
014,005,014005,024970,"11.767,00"
014,005,014005,085626,"11.204,00"
014,005,014005,119890,"11.610,00"
014,005,014005,189472,"10.903,00"
014,006,014006,024970,"11.121,00"
014,006,014006,073067,"10.649,00"
014,006,014006,103624,"10.771,00"
014,006,014006,189472,"10.988,00"
014,007,014007,030341,"10.986,00"
014,007,014007,085626,"11.311,00"
014,007,014007,151149,"12.970,00"
014,007,014007,178519,"10.547,00"
014,008,014008,024970,"11.582,00"
014,008,014008,085626,"11.068,00"
014,008,014008,119890,"11.749,00"
014,008,014008,151149,"13.392,00"
014,009,014009,024970,"11.449,00"
014,009,014009,103624,"11.216,00"
014,009,014009,119890,"11.172,00"
014,009,014009,189472,"11.136,00"
014,010,014010,073067,"10.598,00"
014,010,014010,103624,"10.885,00"
014,010,014010,110787,"10.815,00"
014,010,014010,172405,"10.850,00"
014,011,014011,030341,"11.198,00"
014,011,014011,085626,"11.406,00"
014,011,014011,178519,"11.242,00"
014,011,014011,185892,"11.431,00"
014,012,014012,024970,"12.002,00"
014,012,014012,066516,"7.060,00"
014,012,014012,085626,"11.234,00"
014,012,014012,151149,"13.269,00"
014,013,014013,024970,"11.153,00"
014,013,014013,103624,"10.936,00"
014,013,014013,119890,"12.269,00"
014,013,014013,151149,"12.997,00"
014,014,014014,103624,"11.298,00"
014,014,014014,110787,"10.771,00"
014,014,014014,119890,"10.802,00"
014,014,014014,172405,"11.002,00"
014,014,014014,196401,"10.913,00"
014,015,014015,073067,"10.663,00"
014,015,014015,110787,"10.885,00"
014,015,014015,160288,"10.724,00"
014,015,014015,172405,"10.758,00"
014,016,014016,030341,"11.196,00"
014,016,014016,066516,"6.733,00"
014,016,014016,085626,"10.687,00"
014,016,014016,185892,"10.807,00"
014,017,014017,024970,"11.635,00"
014,017,014017,041602,"11.144,00"
014,017,014017,066516,"7.357,00"
014,017,014017,103624,"11.010,00"
014,017,014017,151149,"12.626,00"
014,017,014017,433411,"10.090,00"
014,018,014018,103624,"11.206,00"
014,018,014018,119890,"10.788,00"
014,018,014018,151149,"10.753,00"
014,018,014018,172405,"10.898,00"
014,018,014018,433446,"10.094,00"
014,019,014019,110787,"10.894,00"
014,019,014019,119890,"10.983,00"
014,019,014019,160288,"10.966,00"
014,019,014019,172405,"10.812,00"
014,019,014019,433438,"10.889,00"
014,020,014020,045268,"10.827,00"
014,020,014020,073067,"10.686,00"
014,020,014020,110787,"10.567,00"
014,020,014020,160288,"10.257,00"
014,020,014020,324655,"10.585,00"
014,021,014021,014893,"6.861,00"
014,021,014021,066516,"7.772,00"
014,021,014021,194026,"6.861,00"
014,021,014021,195472,"6.861,00"
014,022,014022,014893,"6.861,00"
014,022,014022,051756,"7.681,00"
014,022,014022,066516,"7.981,00"
014,022,014022,194026,"6.861,00"
014,022,014022,324620,"6.861,00"
014,023,014023,021644,"5.454,00"
014,023,014023,051756,"5.454,00"
014,023,014023,066516,"5.454,00"
014,023,014023,088153,"5.454,00"
014,024,014024,041602,"11.500,00"
014,024,014024,055220,"10.885,00"
014,024,014024,066516,"7.600,00"
014,024,014024,103624,"11.075,00"
014,025,014025,041602,"10.941,00"
014,025,014025,103624,"11.207,00"
014,025,014025,151149,"10.925,00"
014,025,014025,171638,"11.073,00"
014,026,014026,041602,"10.900,00"
014,026,014026,055220,"10.885,00"
014,026,014026,066516,"8.044,00"
014,026,014026,172405,"10.914,00"
014,027,014027,041602,"10.788,00"
014,027,014027,151149,"11.461,00"
014,027,014027,171638,"10.078,00"
014,027,014027,172405,"10.825,00"
014,028,014028,041602,"10.545,00"
014,028,014028,151149,"10.885,00"
014,028,014028,160288,"10.692,00"
014,028,014028,172405,"10.699,00"
014,029,014029,119890,"11.392,00"
014,029,014029,151149,"11.089,00"
014,029,014029,160288,"11.074,00"
014,029,014029,172405,"10.951,00"
014,029,014029,433454,"10.455,00"
014,030,014030,045268,"10.816,00"
014,030,014030,110787,"10.455,00"
014,030,014030,160288,"11.010,00"
014,030,014030,187356,"10.532,00"
014,031,014031,014893,"6.861,00"
014,031,014031,194026,"6.861,00"
014,031,014031,195472,"6.861,00"
014,032,014032,014893,"6.861,00"
014,032,014032,051756,"6.993,00"
014,032,014032,145467,"6.861,00"
014,032,014032,194026,"6.861,00"
014,032,014032,195472,"6.861,00"
014,033,014033,051756,"7.489,00"
014,033,014033,084336,"6.861,00"
014,033,014033,088153,"6.928,00"
014,033,014033,138720,"6.796,00"
014,034,014034,021644,"6.069,00"
014,034,014034,088153,"6.861,00"
014,034,014034,138720,"6.861,00"
014,034,014034,176451,"6.861,00"
014,035,014035,066516,"6.975,00"
014,035,014035,123684,"9.895,00"
014,035,014035,160288,"10.848,00"
014,035,014035,172405,"10.885,00"
014,036,014036,041602,"10.835,00"
014,036,014036,123684,"10.778,00"
014,036,014036,160288,"10.664,00"
014,036,014036,172405,"10.758,00"
014,037,014037,041602,"10.756,00"
014,037,014037,045268,"10.449,00"
014,037,014037,151149,"10.827,00"
014,037,014037,160288,"10.541,00"
014,037,014037,433420,"10.004,00"
014,038,014038,045268,"10.755,00"
014,038,014038,119890,"11.402,00"
014,038,014038,151149,"10.646,00"
014,038,014038,160288,"10.444,00"
014,039,014039,045268,"10.504,00"
014,039,014039,110787,"10.374,00"
014,039,014039,119890,"11.011,00"
014,039,014039,148040,"8.978,00"
014,040,014040,035815,"7.495,00"
014,040,014040,051756,"8.273,00"
014,040,014040,145467,"6.861,00"
014,040,014040,195472,"6.861,00"
014,041,014041,035815,"7.495,00"
014,041,014041,051756,"6.944,00"
014,041,014041,084336,"6.861,00"
014,041,014041,138720,"6.861,00"
014,042,014042,035815,"7.256,00"
014,042,014042,084336,"6.861,00"
014,042,014042,138720,"6.861,00"
014,043,014043,021644,"6.883,00"
014,043,014043,034401,"6.861,00"
014,043,014043,035815,"6.993,00"
014,043,014043,082775,"6.861,00"
014,043,014043,084336,"6.861,00"
014,043,014043,138720,"6.861,00"
014,043,014043,176451,"6.861,00"
014,044,014044,021644,"6.861,00"
014,044,014044,034401,"6.861,00"
014,044,014044,088153,"6.861,00"
014,045,014045,021644,"6.861,00"
014,045,014045,040703,"7.382,00"
014,045,014045,066516,"7.347,00"
014,045,014045,088153,"6.807,00"
014,045,014045,165298,"6.861,00"
014,046,014046,026620,"10.665,00"
014,046,014046,041602,"10.885,00"
014,046,014046,045268,"10.655,00"
014,046,014046,066516,"7.772,00"
014,046,014046,160288,"10.885,00"
014,046,014046,203610,"7.772,00"
014,047,014047,045268,"10.885,00"
014,047,014047,054682,"10.342,00"
014,047,014047,148040,"8.461,00"
014,047,014047,166693,"10.711,00"
014,048,014048,037770,"10.796,00"
014,048,014048,045268,"10.885,00"
014,048,014048,054682,"10.578,00"
014,048,014048,148040,"8.839,00"
014,049,014049,037770,"10.623,00"
014,049,014049,045268,"10.698,00"
014,049,014049,119890,"10.078,00"
014,049,014049,148040,"8.106,00"
014,050,014050,110787,"10.885,00"
014,050,014050,119890,"10.493,00"
014,050,014050,148040,"8.997,00"
014,050,014050,153729,"11.396,00"
014,051,014051,021644,"6.861,00"
014,051,014051,034401,"6.861,00"
014,051,014051,035815,"7.461,00"
014,052,014052,021644,"6.861,00"
014,052,014052,034401,"6.884,00"
014,052,014052,035815,"7.611,00"
014,052,014052,040703,"8.735,00"
014,053,014053,035815,"7.904,00"
014,053,014053,040703,"8.161,00"
014,053,014053,084581,"6.861,00"
014,053,014053,148040,"6.395,00"
014,054,014054,040703,"8.437,00"
014,054,014054,066516,"7.376,00"
014,054,014054,084581,"6.861,00"
014,054,014054,148040,"7.265,00"
014,054,014054,203610,"6.861,00"
014,055,014055,045268,"10.687,00"
014,055,014055,066516,"7.605,00"
014,055,014055,154296,"10.885,00"
014,055,014055,166693,"10.775,00"
014,055,014055,203610,"10.783,00"
014,056,014056,066516,"7.772,00"
014,056,014056,148040,"7.770,00"
014,056,014056,154296,"10.870,00"
014,056,014056,166693,"10.827,00"
014,057,014057,066516,"7.772,00"
014,057,014057,148040,"9.216,00"
014,057,014057,152471,"11.046,00"
014,058,014058,119890,"11.155,00"
014,058,014058,148040,"8.577,00"
014,058,014058,153729,"12.172,00"
014,059,014059,083747,"10.900,00"
014,059,014059,119890,"11.215,00"
014,059,014059,153729,"11.229,00"
014,059,014059,186929,"11.056,00"
014,060,014060,029653,"10.991,00"
014,060,014060,040037,"11.034,00"
014,060,014060,119890,"11.011,00"
014,060,014060,153729,"11.279,00"
014,061,014061,029653,"11.074,00"
014,061,014061,040037,"11.206,00"
014,061,014061,110787,"10.958,00"
014,061,014061,153729,"11.483,00"
014,061,014061,443620,"10.106,00"
014,062,014062,035815,"7.151,00"
014,062,014062,063339,"5.027,00"
014,062,014062,088153,"5.087,00"
014,062,014062,148040,"7.439,00"
014,063,014063,063339,"5.087,00"
014,063,014063,066516,"7.772,00"
014,063,014063,088153,"5.247,00"
014,063,014063,148040,"7.439,00"
014,064,014064,066516,"7.688,00"
014,064,014064,152471,"10.658,00"
014,064,014064,153729,"11.493,00"
014,065,014065,038059,"10.947,00"
014,065,014065,040037,"11.341,00"
014,065,014065,085634,"10.299,00"
014,065,014065,153729,"11.193,00"
014,066,014066,040037,"11.264,00"
014,066,014066,083747,"10.964,00"
014,066,014066,085634,"10.731,00"
014,066,014066,153729,"11.513,00"
014,067,014067,040037,"11.292,00"
014,067,014067,083747,"11.215,00"
014,067,014067,119890,"11.339,00"
014,067,014067,186929,"11.276,00"
014,068,014068,029653,"10.983,00"
014,068,014068,040037,"10.725,00"
014,068,014068,105481,"11.062,00"
014,068,014068,119890,"10.989,00"
014,069,014069,029653,"10.682,00"
014,069,014069,040037,"10.488,00"
014,069,014069,105481,"11.026,00"
014,069,014069,110787,"10.948,00"
014,070,014070,035815,"7.703,00"
014,070,014070,048798,"5.087,00"
014,070,014070,063339,"4.761,00"
014,070,014070,104230,"5.045,00"
014,071,014071,048798,"5.001,00"
014,071,014071,063339,"5.087,00"
014,071,014071,088153,"5.060,00"
014,071,014071,104230,"5.087,00"
014,072,014072,048798,"5.136,00"
014,072,014072,063339,"5.087,00"
014,072,014072,066516,"7.772,00"
014,072,014072,088153,"5.087,00"
014,073,014073,038059,"11.134,00"
014,073,014073,040037,"11.218,00"
014,073,014073,066516,"7.597,00"
014,073,014073,153729,"11.626,00"
014,074,014074,038059,"11.043,00"
014,074,014074,040037,"11.235,00"
014,074,014074,083747,"11.124,00"
014,074,014074,167312,"10.938,00"
014,075,014075,040037,"10.380,00"
014,075,014075,083747,"10.903,00"
014,075,014075,105481,"10.624,00"
014,075,014075,119890,"10.876,00"
014,076,014076,105481,"10.535,00"
014,076,014076,119890,"11.005,00"
014,076,014076,141178,"10.084,00"
014,076,014076,162795,"10.733,00"
014,077,014077,029653,"10.954,00"
014,077,014077,105481,"10.551,00"
014,077,014077,141178,"10.134,00"
014,077,014077,162795,"10.106,00"
014,078,014078,029653,"10.381,00"
014,078,014078,105481,"10.668,00"
014,078,014078,110787,"10.740,00"
014,078,014078,162795,"10.683,00"
014,079,014079,035815,"7.492,00"
014,079,014079,048798,"4.925,00"
014,079,014079,057436,"4.607,00"
014,079,014079,104230,"5.087,00"
014,080,014080,048798,"5.083,00"
014,080,014080,104230,"5.087,00"
014,080,014080,195448,"5.087,00"
014,080,014080,200328,"5.073,00"
014,081,014081,048798,"5.030,00"
014,081,014081,088153,"5.090,00"
014,081,014081,195448,"5.087,00"
014,081,014081,200328,"5.026,00"
014,082,014082,048798,"5.087,00"
014,082,014082,088153,"5.070,00"
014,082,014082,187984,"5.087,00"
014,082,014082,195448,"5.087,00"
014,083,014083,048798,"5.168,00"
014,083,014083,066516,"7.699,00"
014,083,014083,187984,"5.067,00"
014,083,014083,195448,"5.139,00"
014,084,014084,038059,"11.200,00"
014,084,014084,040037,"10.523,00"
014,084,014084,066516,"7.666,00"
014,084,014084,105481,"10.213,00"
014,085,014085,038059,"11.096,00"
014,085,014085,083747,"10.610,00"
014,085,014085,105481,"11.005,00"
014,085,014085,167312,"10.933,00"
014,086,014086,083747,"10.954,00"
014,086,014086,105481,"10.875,00"
014,086,014086,119890,"11.001,00"
014,086,014086,121657,"10.693,00"
014,086,014086,203769,"9.422,00"
014,087,014087,029653,"9.895,00"
014,087,014087,119890,"9.599,00"
014,087,014087,121657,"11.636,00"
014,087,014087,162795,"10.191,00"
014,088,014088,029653,"9.901,00"
014,088,014088,110787,"9.920,00"
014,088,014088,121657,"10.646,00"
014,088,014088,162795,"10.330,00"
014,088,014088,434302,"9.359,00"
014,089,014089,035815,"8.273,00"
014,089,014089,057436,"5.020,00"
014,089,014089,195448,"5.087,00"
014,090,014090,035815,"7.122,00"
014,090,014090,057436,"5.087,00"
014,090,014090,195448,"5.145,00"
014,091,014091,104230,"5.087,00"
014,091,014091,108502,"5.087,00"
014,091,014091,195448,"5.087,00"
014,091,014091,200328,"5.087,00"
014,092,014092,088153,"5.087,00"
014,092,014092,108502,"4.364,00"
014,092,014092,195448,"5.087,00"
014,092,014092,200328,"5.087,00"
014,093,014093,088153,"5.111,00"
014,093,014093,108502,"4.992,00"
014,093,014093,187984,"5.087,00"
014,093,014093,195448,"5.087,00"
014,094,014094,066516,"7.160,00"
014,094,014094,108502,"5.087,00"
014,094,014094,187984,"4.513,00"
014,094,014094,195448,"5.087,00"
014,095,014095,038059,"10.704,00"
014,095,014095,066516,"7.592,00"
014,095,014095,105481,"11.185,00"
014,095,014095,121657,"10.485,00"
014,095,014095,434310,"9.984,00"
014,096,014096,038059,"10.682,00"
014,096,014096,083747,"10.980,00"
014,096,014096,105481,"10.727,00"
014,096,014096,121657,"11.018,00"
014,096,014096,434329,"10.173,00"
014,097,014097,066516,"7.718,00"
014,097,014097,108502,"5.118,00"
014,097,014097,121657,"7.657,00"
014,097,014097,187984,"5.093,00"
014,098,014098,088153,"5.087,00"
014,098,014098,108502,"5.087,00"
014,098,014098,121657,"7.351,00"
014,098,014098,187984,"5.087,00"
014,099,014099,088153,"5.087,00"
014,099,014099,108502,"5.087,00"
014,099,014099,121657,"7.442,00"
014,099,014099,200328,"5.087,00"
014,100,014100,104230,"5.016,00"
014,100,014100,108502,"5.087,00"
014,100,014100,121657,"7.480,00"
014,100,014100,200328,"5.054,00"
014,101,014101,035815,"7.611,00"
014,101,014101,057436,"5.070,00"
014,101,014101,104230,"5.070,00"
014,101,014101,121657,"7.265,00"
014,102,014102,045268,"10.807,00"
014,102,014102,119890,"10.772,00"
014,102,014102,160288,"11.232,00"
014,102,014102,187356,"10.843,00"
014,103,014103,026620,"10.775,00"
014,103,014103,041602,"10.889,00"
014,103,014103,160288,"10.885,00"
015,001,015001,021490,"4.887,00"
015,001,015001,105180,"6.192,00"
015,001,015001,188131,"6.359,00"
015,001,015001,197866,"6.115,00"
015,001,015001,437859,"5.789,00"
015,002,015002,021490,"6.104,00"
015,002,015002,136824,"6.238,00"
015,002,015002,188131,"6.284,00"
015,002,015002,197866,"6.360,00"
015,002,015002,437867,"5.789,00"
015,003,015003,023507,"6.448,00"
015,003,015003,105180,"6.492,00"
015,003,015003,188131,"6.038,00"
015,003,015003,197866,"6.836,00"
015,004,015004,021490,"6.559,00"
015,004,015004,073016,"6.381,00"
015,004,015004,136824,"6.164,00"
015,004,015004,188131,"6.306,00"
015,005,015005,023507,"5.853,00"
015,005,015005,073016,"6.137,00"
015,005,015005,136824,"6.811,00"
015,005,015005,188131,"6.716,00"
015,006,015006,023507,"6.397,00"
015,006,015006,136824,"6.464,00"
015,006,015006,188131,"6.467,00"
015,006,015006,197866,"6.878,00"
015,007,015007,021490,"6.796,00"
015,007,015007,073016,"5.924,00"
015,007,015007,142824,"6.170,00"
015,007,015007,188131,"6.318,00"
015,008,015008,023507,"5.908,00"
015,008,015008,073016,"6.133,00"
015,008,015008,142824,"6.074,00"
015,008,015008,188131,"6.875,00"
015,009,015009,023507,"6.096,00"
015,009,015009,073016,"6.356,00"
015,009,015009,136824,"6.077,00"
015,009,015009,162639,"6.066,00"
015,010,015010,023507,"5.515,00"
015,010,015010,023515,"5.306,00"
015,010,015010,136824,"5.695,00"
015,010,015010,155527,"5.500,00"
015,011,015011,023507,"6.211,00"
015,011,015011,023515,"5.620,00"
015,011,015011,155527,"5.159,00"
015,011,015011,197866,"5.782,00"
015,012,015012,066664,"5.645,00"
015,012,015012,136824,"5.670,00"
015,012,015012,155527,"5.429,00"
015,012,015012,197866,"5.808,00"
015,013,015013,066664,"6.186,00"
015,013,015013,136824,"5.754,00"
015,013,015013,162639,"6.851,00"
015,013,015013,197866,"5.771,00"
015,014,015014,023507,"6.360,00"
015,014,015014,105180,"5.890,00"
015,014,015014,197866,"6.170,00"
015,014,015014,204226,"5.597,00"
015,015,015015,105180,"6.268,00"
015,015,015015,162639,"6.214,00"
015,015,015015,197866,"6.279,00"
015,015,015015,204226,"5.597,00"
015,016,015016,021490,"6.120,00"
015,016,015016,074608,"5.817,00"
015,016,015016,142824,"6.054,00"
015,016,015016,188131,"5.449,00"
015,017,015017,021490,"6.091,00"
015,017,015017,074608,"5.814,00"
015,017,015017,182850,"5.997,00"
015,017,015017,188131,"6.051,00"
015,018,015018,142824,"6.268,00"
015,018,015018,144410,"6.189,00"
015,018,015018,182850,"6.347,00"
015,018,015018,188131,"6.057,00"
015,019,015019,142824,"6.189,00"
015,019,015019,144410,"6.189,00"
015,019,015019,179698,"6.189,00"
015,019,015019,182850,"6.189,00"
015,020,015020,031933,"6.189,00"
015,020,015020,142824,"6.189,00"
015,020,015020,179698,"5.845,00"
015,020,015020,182850,"6.878,00"
015,021,015021,023507,"5.809,00"
015,021,015021,031933,"5.845,00"
015,021,015021,142824,"6.189,00"
015,021,015021,182850,"6.189,00"
015,022,015022,023507,"6.341,00"
015,022,015022,142824,"5.992,00"
015,022,015022,162639,"6.960,00"
015,022,015022,182850,"6.155,00"
015,023,015023,023507,"6.467,00"
015,023,015023,073016,"5.796,00"
015,023,015023,142824,"6.041,00"
015,023,015023,162639,"6.173,00"
015,024,015024,021490,"5.867,00"
015,024,015024,115169,"6.473,00"
015,024,015024,182850,"6.196,00"
015,024,015024,188131,"6.044,00"
015,024,015024,432873,"5.789,00"
015,025,015025,021490,"6.312,00"
015,025,015025,115169,"5.950,00"
015,025,015025,120464,"5.757,00"
015,026,015026,021490,"6.258,00"
015,026,015026,115169,"6.247,00"
015,026,015026,120464,"5.789,00"
015,026,015026,160172,"6.679,00"
015,026,015026,188131,"6.367,00"
015,027,015027,015938,"6.208,00"
015,027,015027,144410,"6.189,00"
015,027,015027,160172,"6.424,00"
015,027,015027,188131,"6.050,00"
015,028,015028,015938,"6.224,00"
015,028,015028,144410,"6.729,00"
015,028,015028,182850,"6.256,00"
015,028,015028,188131,"6.023,00"
015,029,015029,015938,"6.534,00"
015,029,015029,031933,"6.534,00"
015,029,015029,144410,"6.534,00"
015,029,015029,160172,"6.534,00"
015,030,015030,015938,"5.962,00"
015,030,015030,144410,"5.909,00"
015,030,015030,179698,"5.886,00"
015,030,015030,182850,"6.073,00"
015,031,015031,068977,"22.605,00"
015,031,015031,093149,"6.660,00"
015,031,015031,166723,"6.832,00"
015,032,015032,015938,"6.189,00"
015,032,015032,031933,"6.189,00"
015,032,015032,179698,"6.189,00"
015,032,015032,182850,"6.183,00"
015,033,015033,015938,"5.506,00"
015,033,015033,023507,"6.033,00"
015,033,015033,031933,"5.902,00"
015,033,015033,160172,"6.187,00"
015,034,015034,015938,"6.189,00"
015,034,015034,023507,"6.192,00"
015,034,015034,031933,"6.189,00"
015,034,015034,182850,"6.189,00"
015,035,015035,015938,"5.736,00"
015,035,015035,023507,"6.878,00"
015,035,015035,160172,"7.196,00"
015,035,015035,162639,"7.102,00"
015,036,015036,015938,"5.804,00"
015,036,015036,023507,"6.490,00"
015,036,015036,162639,"6.408,00"
015,036,015036,182850,"5.732,00"
015,037,015037,162639,"6.449,00"
015,037,015037,165522,"5.221,00"
015,037,015037,166707,"5.002,00"
015,037,015037,169196,"6.398,00"
015,038,015038,057150,"5.536,00"
015,038,015038,165522,"5.536,00"
015,038,015038,169196,"7.337,00"
015,039,015039,018600,"5.168,00"
015,039,015039,057150,"5.415,00"
015,039,015039,162639,"6.846,00"
015,039,015039,165522,"5.292,00"
015,039,015039,169196,"7.050,00"
015,040,015040,018600,"5.678,00"
015,040,015040,162639,"6.231,00"
015,040,015040,169196,"7.060,00"
015,040,015040,187623,"4.749,00"
015,041,015041,025917,"5.070,00"
015,041,015041,162639,"6.032,00"
015,041,015041,169196,"6.591,00"
015,041,015041,187623,"4.729,00"
015,042,015042,025917,"5.029,00"
015,042,015042,105180,"4.844,00"
015,042,015042,162639,"6.326,00"
015,042,015042,169196,"7.447,00"
015,042,015042,338214,"4.518,00"
015,043,015043,018600,"7.092,00"
015,043,015043,105180,"6.069,00"
015,043,015043,169196,"7.529,00"
015,043,015043,177105,"6.681,00"
015,044,015044,021490,"6.032,00"
015,044,015044,055964,"6.483,00"
015,044,015044,160172,"6.755,00"
015,044,015044,188131,"6.367,00"
015,045,015045,023507,"5.792,00"
015,045,015045,055964,"6.367,00"
015,045,015045,160172,"5.811,00"
015,045,015045,188131,"6.009,00"
015,045,015045,448400,"5.789,00"
015,046,015046,023507,"6.054,00"
015,046,015046,055964,"5.669,00"
015,046,015046,160172,"6.562,00"
015,046,015046,162639,"6.124,00"
015,047,015047,160172,"6.186,00"
015,047,015047,162639,"6.697,00"
015,047,015047,166707,"5.127,00"
015,047,015047,169196,"5.973,00"
015,048,015048,131784,"4.878,00"
015,048,015048,160172,"6.228,00"
015,048,015048,162639,"6.401,00"
015,048,015048,169196,"6.307,00"
015,049,015049,018600,"5.943,00"
015,049,015049,166707,"6.495,00"
015,049,015049,169196,"6.376,00"
015,049,015049,177105,"6.228,00"
015,051,015051,055107,"6.476,00"
015,051,015051,095575,"6.171,00"
015,051,015051,105180,"7.146,00"
015,051,015051,177105,"6.580,00"
015,052,015052,055107,"6.439,00"
015,052,015052,076910,"10.087,00"
015,052,015052,095575,"7.092,00"
015,052,015052,105180,"6.736,00"
015,052,015052,196550,"6.738,00"
015,053,015053,076910,"10.797,00"
015,053,015053,095575,"6.889,00"
015,053,015053,196550,"6.606,00"
015,054,015054,024848,"6.663,00"
015,054,015054,076910,"10.056,00"
015,054,015054,082252,"6.597,00"
015,054,015054,089656,"6.659,00"
015,055,015055,021490,"4.761,00"
015,055,015055,055964,"4.657,00"
015,055,015055,158933,"4.266,00"
015,056,015056,055964,"4.799,00"
015,056,015056,127868,"5.023,00"
015,056,015056,158933,"5.249,00"
015,056,015056,188131,"7.616,00"
015,057,015057,021490,"4.642,00"
015,057,015057,068977,"13.186,00"
015,057,015057,127868,"4.789,00"
015,057,015057,158933,"4.789,00"
015,057,015057,188131,"6.868,00"
015,058,015058,023507,"6.691,00"
015,058,015058,055964,"6.543,00"
015,058,015058,068977,"13.783,00"
015,058,015058,162639,"6.118,00"
015,058,015058,179450,"6.278,00"
015,058,015058,188131,"6.118,00"
015,058,015058,227552,"7.201,00"
015,058,015058,325872,"6.673,00"
015,059,015059,023507,"6.394,00"
015,059,015059,055964,"5.395,00"
015,059,015059,162639,"6.033,00"
015,060,015060,070076,"6.552,00"
015,060,015060,087068,"6.055,00"
015,060,015060,131784,"5.922,00"
015,060,015060,162639,"6.378,00"
015,062,015062,131784,"6.496,00"
015,062,015062,166707,"6.208,00"
015,062,015062,169196,"6.218,00"
015,062,015062,177105,"6.555,00"
015,064,015064,078352,"4.428,00"
015,064,015064,115371,"6.458,00"
015,064,015064,125563,"4.428,00"
015,065,015065,018600,"6.424,00"
015,065,015065,032395,"7.092,00"
015,065,015065,115371,"6.477,00"
015,065,015065,125563,"6.704,00"
015,065,015065,177105,"6.821,00"
015,066,015066,017019,"6.726,00"
015,066,015066,018600,"6.726,00"
015,066,015066,177105,"6.533,00"
015,066,015066,187976,"6.733,00"
015,067,015067,017019,"6.616,00"
015,067,015067,018600,"4.322,00"
015,067,015067,032395,"6.171,00"
015,067,015067,187976,"6.394,00"
015,068,015068,032395,"7.092,00"
015,068,015068,076910,"9.983,00"
015,068,015068,113930,"7.413,00"
015,068,015068,115371,"6.979,00"
015,069,015069,076910,"10.553,00"
015,069,015069,098132,"6.690,00"
015,069,015069,113930,"6.627,00"
015,070,015070,076910,"10.648,00"
015,070,015070,095575,"6.649,00"
015,070,015070,098132,"6.839,00"
015,070,015070,196550,"6.359,00"
015,071,015071,076910,"10.255,00"
015,071,015071,089656,"6.829,00"
015,072,015072,021490,"5.268,00"
015,072,015072,068977,"13.186,00"
015,072,015072,188131,"5.042,00"
015,073,015073,021490,"5.380,00"
015,073,015073,042765,"4.749,00"
015,073,015073,050636,"5.317,00"
015,073,015073,162639,"5.063,00"
015,073,015073,188131,"5.164,00"
015,073,015073,194620,"4.538,00"
015,074,015074,042765,"4.494,00"
015,074,015074,050636,"4.178,00"
015,074,015074,059161,"5.268,00"
015,074,015074,068195,"7.023,00"
015,074,015074,068977,"22.565,00"
015,074,015074,137065,"4.647,00"
015,075,015075,033472,"7.616,00"
015,075,015075,068977,"22.586,00"
015,075,015075,087068,"7.211,00"
015,075,015075,162639,"7.616,00"
015,075,015075,464791,"6.357,00"
015,076,015076,033472,"5.547,00"
015,076,015076,070076,"6.413,00"
015,076,015076,087068,"5.292,00"
015,076,015076,162639,"6.413,00"
015,078,015078,068977,"22.527,00"
015,078,015078,094820,"7.423,00"
015,078,015078,105309,"7.400,00"
015,078,015078,169196,"6.868,00"
015,078,015078,177105,"6.262,00"
015,079,015079,105309,"6.383,00"
015,079,015079,131784,"6.988,00"
015,079,015079,169196,"6.530,00"
015,079,015079,177105,"7.205,00"
015,080,015080,031437,"6.291,00"
015,080,015080,068977,"22.614,00"
015,080,015080,088269,"6.711,00"
015,080,015080,131784,"6.395,00"
015,080,015080,177105,"7.584,00"
015,083,015083,078352,"5.232,00"
015,083,015083,115371,"6.750,00"
015,083,015083,125563,"6.962,00"
015,085,015085,026093,"6.861,00"
015,085,015085,164569,"6.861,00"
015,085,015085,185159,"6.861,00"
015,086,015086,091880,"6.714,00"
015,086,015086,164569,"6.711,00"
015,086,015086,183873,"6.861,00"
015,087,015087,006084,"6.815,00"
015,087,015087,036935,"6.861,00"
015,087,015087,091880,"6.861,00"
015,087,015087,123820,"6.861,00"
015,088,015088,036935,"6.861,00"
015,088,015088,082252,"7.081,00"
015,088,015088,091880,"6.861,00"
015,088,015088,123820,"6.861,00"
015,089,015089,006084,"6.464,00"
015,089,015089,036935,"6.815,00"
015,089,015089,068080,"10.269,00"
015,089,015089,082252,"6.069,00"
015,090,015090,021490,"5.370,00"
015,090,015090,042765,"4.165,00"
015,090,015090,068195,"5.278,00"
015,091,015091,042765,"4.392,00"
015,092,015092,059161,"4.695,00"
015,092,015092,068977,"22.611,00"
015,092,015092,187542,"4.831,00"
015,093,015093,059161,"5.130,00"
015,093,015093,068195,"5.946,00"
015,093,015093,068977,"22.491,00"
015,093,015093,187542,"4.994,00"
015,094,015094,031437,"7.092,00"
015,094,015094,068977,"22.587,00"
015,094,015094,111813,"6.464,00"
015,094,015094,199397,"6.625,00"
015,095,015095,031437,"6.723,00"
015,095,015095,048259,"7.092,00"
015,095,015095,111813,"6.902,00"
015,095,015095,199397,"6.807,00"
015,096,015096,031437,"7.092,00"
015,096,015096,048259,"6.656,00"
015,096,015096,131784,"6.750,00"
015,096,015096,199397,"6.476,00"
015,097,015097,003387,"6.531,00"
015,097,015097,068977,"22.596,00"
015,097,015097,131784,"6.991,00"
015,097,015097,199397,"6.659,00"
015,098,015098,003387,"6.294,00"
015,098,015098,068977,"22.482,00"
015,098,015098,076910,"10.254,00"
015,098,015098,131784,"6.250,00"
015,099,015099,068977,"22.577,00"
015,099,015099,076910,"10.393,00"
015,099,015099,082031,"6.692,00"
015,099,015099,133752,"6.817,00"
015,099,015099,325848,"6.692,00"
015,100,015100,050563,"6.496,00"
015,100,015100,068977,"22.617,00"
015,100,015100,082031,"6.773,00"
015,100,015100,093149,"6.666,00"
015,100,015100,166723,"6.710,00"
015,101,015101,037222,"6.662,00"
015,101,015101,068977,"22.590,00"
015,101,015101,142697,"6.732,00"
015,101,015101,166723,"6.682,00"
015,101,015101,176583,"6.709,00"
015,101,015101,717533,"6.695,00"
015,102,015102,026093,"6.659,00"
015,102,015102,082031,"6.861,00"
015,102,015102,093505,"6.676,00"
015,102,015102,142697,"6.795,00"
015,102,015102,166723,"6.824,00"
015,102,015102,717533,"6.763,00"
015,103,015103,026093,"6.767,00"
015,103,015103,058742,"6.610,00"
015,103,015103,094838,"6.690,00"
015,104,015104,026093,"6.861,00"
015,104,015104,058742,"6.861,00"
015,104,015104,094838,"6.861,00"
015,104,015104,185159,"6.861,00"
015,105,015105,026093,"6.632,00"
015,105,015105,091880,"6.698,00"
015,105,015105,183873,"6.861,00"
015,105,015105,185159,"6.758,00"
015,106,015106,036935,"6.795,00"
015,106,015106,091880,"6.861,00"
015,106,015106,183873,"6.729,00"
015,107,015107,006084,"6.596,00"
015,107,015107,091880,"6.861,00"
015,107,015107,183873,"6.861,00"
015,108,015108,006084,"6.703,00"
015,108,015108,026093,"6.861,00"
015,108,015108,036935,"6.789,00"
015,108,015108,068080,"6.993,00"
015,109,015109,026093,"6.861,00"
015,109,015109,068080,"10.496,00"
015,109,015109,091880,"6.861,00"
015,109,015109,143723,"6.861,00"
015,110,015110,026093,"6.861,00"
015,110,015110,091880,"6.861,00"
015,110,015110,094838,"6.861,00"
015,110,015110,143723,"6.464,00"
015,110,015110,185159,"6.836,00"
015,111,015111,068080,"10.496,00"
015,111,015111,094838,"6.748,00"
015,111,015111,143723,"6.745,00"
015,111,015111,185159,"6.742,00"
015,112,015112,094838,"6.861,00"
015,112,015112,185159,"6.827,00"
015,112,015112,192678,"6.861,00"
015,113,015113,068080,"9.958,00"
015,113,015113,094838,"6.732,00"
015,113,015113,192678,"6.861,00"
015,113,015113,195138,"6.796,00"
015,115,015115,017531,"6.681,00"
015,115,015115,037222,"6.861,00"
015,115,015115,142697,"6.596,00"
015,115,015115,176583,"6.569,00"
015,116,015116,008907,"6.750,00"
015,116,015116,017531,"6.852,00"
015,116,015116,037222,"6.728,00"
015,116,015116,065900,"6.684,00"
015,116,015116,068977,"22.562,00"
015,116,015116,152510,"6.628,00"
015,117,015117,049336,"11.213,00"
015,117,015117,068977,"22.617,00"
015,117,015117,085278,"8.870,00"
015,118,015118,004081,"6.750,00"
015,118,015118,006831,"6.171,00"
015,118,015118,133752,"6.997,00"
015,118,015118,172138,"7.092,00"
015,119,015119,006831,"6.897,00"
015,119,015119,076910,"10.783,00"
015,119,015119,133752,"6.949,00"
015,119,015119,172138,"7.092,00"
015,120,015120,006831,"6.999,00"
015,120,015120,076910,"10.708,00"
015,120,015120,115371,"6.533,00"
015,120,015120,125563,"5.164,00"
015,120,015120,160946,"5.164,00"
015,121,015121,133752,"6.672,00"
015,121,015121,149845,"6.417,00"
015,121,015121,177105,"6.014,00"
015,121,015121,213357,"6.862,00"
015,122,015122,125563,"4.859,00"
015,122,015122,149845,"6.651,00"
015,122,015122,160946,"4.062,00"
015,122,015122,177105,"6.610,00"
015,123,015123,004081,"7.092,00"
015,123,015123,133752,"6.804,00"
015,123,015123,149845,"6.356,00"
015,123,015123,213357,"6.610,00"
015,125,015125,024848,"6.610,00"
015,125,015125,082252,"6.069,00"
015,125,015125,136492,"6.675,00"
015,125,015125,187461,"6.738,00"
015,126,015126,024848,"6.608,00"
015,126,015126,076910,"10.948,00"
015,126,015126,082252,"7.108,00"
015,126,015126,089656,"6.726,00"
015,126,015126,136492,"6.861,00"
015,126,015126,164569,"6.832,00"
015,126,015126,187461,"6.663,00"
015,126,015126,204650,"6.738,00"
015,127,015127,026093,"6.810,00"
015,127,015127,076910,"10.386,00"
015,127,015127,082031,"6.792,00"
015,127,015127,133752,"6.817,00"
015,127,015127,204650,"6.861,00"
015,128,015128,055107,"7.092,00"
015,128,015128,177105,"6.454,00"
015,128,015128,178349,"6.925,00"
015,128,015128,187976,"7.092,00"
015,129,015129,055107,"6.625,00"
015,129,015129,095575,"6.435,00"
015,129,015129,177105,"6.379,00"
015,129,015129,178349,"6.572,00"
015,130,015130,032395,"7.092,00"
015,130,015130,055107,"6.678,00"
015,130,015130,095575,"7.092,00"
015,130,015130,187976,"7.092,00"
015,130,015130,196550,"6.947,00"
015,131,015131,008907,"6.703,00"
015,131,015131,017531,"6.748,00"
015,131,015131,026093,"6.791,00"
015,131,015131,036234,"6.767,00"
015,131,015131,065900,"6.807,00"
015,131,015131,093505,"6.785,00"
015,131,015131,094838,"6.562,00"
015,131,015131,142697,"6.823,00"
015,132,015132,049336,"9.681,00"
015,132,015132,065900,"6.912,00"
015,132,015132,068977,"22.596,00"
015,132,015132,085278,"8.056,00"
015,132,015132,094838,"6.464,00"
015,132,015132,195138,"6.993,00"
015,133,015133,068977,"22.617,00"
015,133,015133,087068,"5.650,00"
015,133,015133,094820,"5.036,00"
015,133,015133,131784,"4.423,00"
015,133,015133,169196,"7.006,00"
015,134,015134,043605,"6.171,00"
015,134,015134,076910,"9.582,00"
015,134,015134,131784,"6.077,00"
015,134,015134,172138,"6.124,00"
015,135,015135,043605,"6.091,00"
015,135,015135,076910,"10.686,00"
015,135,015135,133752,"6.823,00"
015,135,015135,172138,"7.092,00"
015,136,015136,043605,"6.356,00"
015,136,015136,131784,"6.871,00"
015,136,015136,133752,"7.001,00"
015,136,015136,172138,"6.171,00"
015,136,015136,177105,"6.892,00"
016,002,016002,035815,"7.495,00"
016,002,016002,138720,"6.861,00"
016,002,016002,161616,"6.861,00"
016,003,016003,051756,"10.496,00"
016,003,016003,054437,"6.861,00"
016,003,016003,138720,"6.861,00"
016,003,016003,161616,"7.124,00"
016,004,016004,004464,"6.861,00"
016,004,016004,021644,"6.861,00"
016,004,016004,035815,"6.861,00"
016,004,016004,065293,"6.742,00"
016,004,016004,138720,"6.861,00"
016,004,016004,161616,"6.861,00"
016,004,016004,188743,"6.861,00"
016,005,016005,021644,"6.861,00"
016,005,016005,035815,"7.411,00"
016,005,016005,065293,"6.861,00"
016,006,016006,051756,"10.496,00"
016,006,016006,054437,"6.887,00"
016,006,016006,082252,"6.895,00"
016,006,016006,138720,"6.861,00"
016,007,016007,021644,"6.861,00"
016,007,016007,039110,"6.861,00"
016,007,016007,054437,"6.861,00"
016,007,016007,082252,"6.956,00"
016,007,016007,138720,"6.861,00"
016,008,016008,004464,"6.861,00"
016,008,016008,021644,"6.861,00"
016,008,016008,054437,"6.764,00"
016,008,016008,138720,"6.829,00"
016,009,016009,021644,"6.815,00"
016,009,016009,035815,"7.611,00"
016,009,016009,040703,"6.861,00"
016,010,016010,066095,"6.861,00"
016,010,016010,068080,"9.943,00"
016,010,016010,082252,"6.817,00"
016,010,016010,165379,"6.861,00"
016,011,016011,024635,"6.714,00"
016,011,016011,066095,"6.861,00"
016,011,016011,082252,"6.895,00"
016,011,016011,088064,"6.861,00"
016,012,016012,024635,"6.657,00"
016,012,016012,073121,"6.810,00"
016,012,016012,082252,"6.921,00"
016,012,016012,088064,"6.861,00"
016,013,016013,006084,"6.861,00"
016,013,016013,066095,"6.861,00"
016,013,016013,068080,"10.496,00"
016,013,016013,165379,"6.861,00"
016,014,016014,006084,"6.861,00"
016,014,016014,066095,"6.861,00"
016,014,016014,073121,"6.861,00"
016,014,016014,165379,"6.861,00"
016,015,016015,024635,"6.874,00"
016,015,016015,066095,"6.865,00"
016,015,016015,088064,"6.861,00"
016,015,016015,165379,"6.861,00"
016,016,016016,024635,"6.791,00"
016,016,016016,073121,"6.861,00"
016,016,016016,088064,"6.785,00"
016,016,016016,165379,"6.861,00"
016,017,016017,006084,"6.861,00"
016,017,016017,068080,"10.496,00"
016,017,016017,073121,"6.813,00"
016,018,016018,006084,"6.861,00"
016,018,016018,030821,"6.861,00"
016,018,016018,073121,"6.861,00"
016,018,016018,143723,"6.861,00"
016,018,016018,185094,"6.861,00"
016,019,016019,006084,"6.777,00"
016,019,016019,073121,"6.815,00"
016,019,016019,165379,"6.786,00"
016,019,016019,185094,"6.861,00"
016,020,016020,073121,"6.773,00"
016,020,016020,088064,"6.861,00"
016,020,016020,134210,"6.861,00"
016,020,016020,148040,"6.184,00"
016,020,016020,165379,"6.815,00"
016,021,016021,073121,"6.861,00"
016,021,016021,082252,"6.766,00"
016,021,016021,088064,"6.861,00"
016,021,016021,134210,"6.919,00"
016,022,016022,039110,"6.896,00"
016,022,016022,040703,"6.861,00"
016,022,016022,048984,"6.861,00"
016,022,016022,082252,"6.738,00"
016,022,016022,183172,"6.892,00"
016,023,016023,048984,"6.861,00"
016,023,016023,082252,"6.922,00"
016,023,016023,148040,"7.111,00"
016,024,016024,048984,"6.955,00"
016,024,016024,055697,"6.884,00"
016,024,016024,136204,"6.861,00"
016,024,016024,148040,"7.023,00"
016,025,016025,032611,"6.861,00"
016,025,016025,040703,"6.861,00"
016,025,016025,048984,"6.861,00"
016,025,016025,055697,"6.861,00"
016,025,016025,183172,"6.861,00"
016,026,016026,032611,"6.893,00"
016,026,016026,035815,"7.498,00"
016,026,016026,040703,"6.884,00"
016,026,016026,055697,"6.902,00"
016,027,016027,035815,"7.611,00"
016,027,016027,055697,"6.818,00"
016,027,016027,136204,"6.818,00"
016,027,016027,148040,"7.280,00"
016,028,016028,030821,"6.873,00"
016,028,016028,068080,"10.436,00"
016,028,016028,185094,"6.892,00"
016,029,016029,030821,"6.811,00"
016,029,016029,185094,"6.861,00"
016,029,016029,192678,"6.861,00"
016,030,016030,006084,"6.861,00"
016,030,016030,030821,"6.709,00"
016,030,016030,146730,"6.861,00"
016,030,016030,185094,"6.774,00"
016,031,016031,006084,"6.792,00"
016,031,016031,146730,"6.830,00"
016,031,016031,148040,"7.562,00"
016,031,016031,185094,"6.861,00"
016,032,016032,030821,"6.827,00"
016,032,016032,068080,"9.753,00"
016,032,016032,175323,"6.884,00"
016,032,016032,192678,"6.833,00"
016,032,016032,195138,"6.993,00"
016,033,016033,030821,"6.861,00"
016,033,016033,148040,"7.059,00"
016,033,016033,175323,"6.861,00"
016,033,016033,192678,"6.927,00"
016,034,016034,006084,"6.887,00"
016,034,016034,030821,"6.861,00"
016,034,016034,146730,"6.861,00"
016,034,016034,148040,"6.993,00"
016,034,016034,192678,"6.804,00"
016,035,016035,006084,"6.796,00"
016,035,016035,146730,"6.861,00"
016,035,016035,148040,"6.698,00"
016,038,016038,029980,"6.140,00"
016,038,016038,075124,"7.154,00"
016,038,016038,126667,"7.562,00"
016,038,016038,175323,"6.498,00"
016,040,016040,010278,"6.654,00"
016,040,016040,077224,"6.486,00"
016,040,016040,148040,"7.600,00"
016,041,016041,010278,"6.707,00"
016,041,016041,075124,"6.484,00"
016,041,016041,077224,"6.930,00"
016,041,016041,148040,"7.539,00"
016,042,016042,077224,"6.506,00"
016,042,016042,100536,"7.085,00"
016,042,016042,127108,"6.795,00"
016,042,016042,148040,"7.691,00"
016,044,016044,101893,"7.511,00"
016,044,016044,148040,"6.627,00"
016,044,016044,186864,"6.152,00"
016,044,016044,203084,"6.152,00"
016,045,016045,012149,"6.156,00"
016,045,016045,027839,"6.156,00"
016,045,016045,148040,"6.137,00"
016,045,016045,186864,"6.156,00"
016,046,016046,027839,"6.023,00"
016,046,016046,136620,"6.218,00"
016,046,016046,148040,"6.817,00"
016,046,016046,160113,"7.574,00"
016,047,016047,136620,"6.227,00"
016,047,016047,148040,"6.969,00"
016,047,016047,160113,"7.161,00"
016,047,016047,169854,"6.880,00"
016,048,016048,017086,"6.348,00"
016,048,016048,094323,"6.132,00"
016,048,016048,148040,"5.729,00"
016,048,016048,169854,"8.152,00"
016,049,016049,017086,"6.095,00"
016,049,016049,094323,"6.274,00"
016,049,016049,099309,"6.079,00"
016,049,016049,148040,"6.780,00"
016,050,016050,094323,"6.132,00"
016,050,016050,099309,"6.177,00"
016,050,016050,148040,"6.821,00"
016,050,016050,193887,"6.149,00"
016,052,016052,063339,"5.026,00"
016,052,016052,066184,"5.022,00"
016,052,016052,082252,"6.807,00"
016,052,016052,148040,"7.322,00"
016,053,016053,035815,"7.161,00"
016,053,016053,063339,"5.087,00"
016,053,016053,066184,"5.247,00"
016,053,016053,148040,"7.133,00"
016,054,016054,010278,"7.067,00"
016,054,016054,040410,"7.189,00"
016,054,016054,068977,"15.869,00"
016,054,016054,100536,"6.924,00"
016,055,016055,010278,"6.968,00"
016,055,016055,013137,"6.925,00"
016,055,016055,040410,"7.009,00"
016,055,016055,100536,"6.968,00"
016,055,016055,148040,"7.997,00"
016,056,016056,013137,"6.195,00"
016,056,016056,077224,"7.009,00"
016,056,016056,100536,"7.240,00"
016,056,016056,148040,"7.879,00"
016,057,016057,040410,"6.449,00"
016,057,016057,090468,"6.799,00"
016,057,016057,100536,"6.982,00"
016,057,016057,160113,"8.117,00"
016,058,016058,013137,"7.009,00"
016,058,016058,040410,"7.240,00"
016,058,016058,100536,"7.009,00"
016,058,016058,160113,"7.798,00"
016,059,016059,013137,"7.009,00"
016,059,016059,100536,"6.999,00"
016,059,016059,117854,"6.514,00"
016,059,016059,160113,"8.114,00"
016,060,016060,100536,"6.410,00"
016,060,016060,117854,"6.098,00"
016,060,016060,127108,"6.985,00"
016,060,016060,160113,"7.089,00"
016,061,016061,100536,"7.072,00"
016,061,016061,101893,"6.086,00"
016,061,016061,127108,"6.897,00"
016,061,016061,160113,"7.814,00"
016,062,016062,101893,"6.938,00"
016,062,016062,160113,"7.192,00"
016,062,016062,186864,"5.830,00"
016,062,016062,203084,"5.830,00"
016,063,016063,012149,"5.984,00"
016,063,016063,077186,"6.061,00"
016,063,016063,160113,"7.533,00"
016,063,016063,186864,"6.013,00"
016,064,016064,012149,"6.039,00"
016,064,016064,027839,"6.143,00"
016,064,016064,077186,"5.937,00"
016,064,016064,160113,"6.793,00"
016,065,016065,076716,"7.076,00"
016,065,016065,094323,"6.271,00"
016,065,016065,160113,"6.285,00"
016,065,016065,169854,"7.113,00"
016,066,016066,063339,"7.143,00"
016,066,016066,076716,"7.177,00"
016,066,016066,082252,"7.306,00"
016,066,016066,185400,"7.882,00"
016,067,016067,063339,"5.087,00"
016,067,016067,072605,"5.060,00"
016,067,016067,082252,"6.902,00"
016,067,016067,195448,"5.159,00"
016,068,016068,015849,"5.057,00"
016,068,016068,048798,"4.896,00"
016,068,016068,063339,"5.073,00"
016,068,016068,072605,"5.087,00"
016,069,016069,015849,"5.087,00"
016,069,016069,063339,"5.087,00"
016,069,016069,175404,"4.626,00"
016,069,016069,190934,"5.087,00"
016,070,016070,015849,"5.087,00"
016,070,016070,135380,"4.607,00"
016,070,016070,175404,"4.607,00"
016,070,016070,190934,"4.767,00"
016,071,016071,015849,"4.622,00"
016,071,016071,048798,"4.652,00"
016,071,016071,135380,"4.607,00"
016,071,016071,190934,"4.607,00"
016,072,016072,033863,"5.087,00"
016,072,016072,048798,"5.087,00"
016,072,016072,063339,"4.838,00"
016,072,016072,190934,"5.033,00"
016,073,016073,033863,"5.087,00"
016,073,016073,035815,"7.539,00"
016,073,016073,048798,"5.087,00"
016,073,016073,063339,"5.087,00"
016,074,016074,090468,"7.190,00"
016,074,016074,153036,"6.890,00"
016,074,016074,160113,"7.527,00"
016,074,016074,185523,"6.424,00"
016,074,016074,437824,"6.124,00"
016,074,016074,437832,"6.098,00"
016,075,016075,043362,"7.032,00"
016,075,016075,090000,"6.539,00"
016,075,016075,091405,"6.486,00"
016,075,016075,153036,"6.802,00"
016,075,016075,160113,"7.192,00"
016,075,016075,185523,"7.687,00"
016,076,016076,043362,"7.031,00"
016,076,016076,127108,"6.874,00"
016,076,016076,160113,"6.836,00"
016,076,016076,185523,"7.659,00"
016,077,016077,042803,"5.448,00"
016,077,016077,100749,"7.220,00"
016,077,016077,101893,"7.160,00"
016,077,016077,127108,"6.117,00"
016,077,016077,160113,"6.612,00"
016,078,016078,027839,"6.253,00"
016,078,016078,100749,"6.085,00"
016,078,016078,101893,"6.482,00"
016,078,016078,160113,"7.474,00"
016,079,016079,027839,"6.398,00"
016,079,016079,100749,"7.369,00"
016,079,016079,160113,"7.286,00"
016,079,016079,169854,"6.195,00"
016,079,016079,225606,"5.437,00"
016,079,016079,387860,"5.508,00"
016,080,016080,076716,"7.447,00"
016,080,016080,100749,"6.309,00"
016,080,016080,160113,"6.260,00"
016,080,016080,169854,"6.237,00"
016,081,016081,076716,"7.893,00"
016,081,016081,080098,"8.150,00"
016,081,016081,082252,"7.231,00"
016,081,016081,185400,"8.029,00"
016,082,016082,076716,"7.212,00"
016,082,016082,080098,"7.266,00"
016,082,016082,086991,"8.189,00"
016,082,016082,149713,"8.098,00"
016,082,016082,165972,"7.618,00"
016,083,016083,080098,"5.087,00"
016,083,016083,082252,"6.692,00"
016,083,016083,086991,"4.995,00"
016,083,016083,165972,"5.005,00"
016,084,016084,015849,"5.087,00"
016,084,016084,048798,"4.885,00"
016,084,016084,072605,"5.087,00"
016,084,016084,195448,"5.118,00"
016,085,016085,015849,"5.058,00"
016,085,016085,048798,"4.989,00"
016,085,016085,190934,"5.087,00"
016,085,016085,195448,"4.879,00"
016,086,016086,033863,"5.048,00"
016,086,016086,048798,"5.142,00"
016,086,016086,190934,"4.928,00"
016,086,016086,195448,"4.976,00"
016,087,016087,033863,"5.087,00"
016,087,016087,035815,"7.611,00"
016,087,016087,048798,"5.087,00"
016,087,016087,057436,"5.087,00"
016,088,016088,035815,"7.193,00"
016,088,016088,057436,"5.008,00"
016,088,016088,195448,"5.087,00"
016,089,016089,100749,"7.044,00"
016,089,016089,101893,"6.969,00"
016,089,016089,127108,"5.888,00"
016,089,016089,185523,"7.135,00"
016,089,016089,437840,"5.596,00"
016,090,016090,027839,"6.649,00"
016,090,016090,100749,"6.187,00"
016,090,016090,101893,"7.107,00"
016,090,016090,185523,"7.073,00"
016,091,016091,027839,"6.793,00"
016,091,016091,100749,"6.351,00"
016,091,016091,169854,"6.559,00"
016,091,016091,185523,"7.523,00"
016,092,016092,076716,"8.097,00"
016,092,016092,100749,"6.410,00"
016,092,016092,169854,"6.022,00"
016,092,016092,185523,"6.019,00"
016,093,016093,086991,"5.087,00"
016,093,016093,149713,"4.937,00"
016,093,016093,165972,"5.023,00"
016,093,016093,218804,"5.000,00"
016,094,016094,050342,"4.629,00"
016,094,016094,086991,"4.831,00"
016,094,016094,165972,"4.765,00"
016,094,016094,218804,"4.607,00"
016,095,016095,050342,"4.607,00"
016,095,016095,082252,"6.590,00"
016,095,016095,165972,"4.740,00"
016,095,016095,218804,"4.721,00"
016,096,016096,051055,"6.162,00"
016,096,016096,090468,"7.095,00"
016,096,016096,185523,"7.586,00"
016,096,016096,197769,"6.716,00"
016,097,016097,051055,"6.723,00"
016,097,016097,090468,"6.754,00"
016,097,016097,105562,"7.189,00"
016,097,016097,197769,"6.900,00"
016,098,016098,051055,"5.954,00"
016,098,016098,105562,"7.889,00"
016,098,016098,127108,"6.668,00"
016,098,016098,185523,"6.852,00"
016,099,016099,101893,"6.476,00"
016,099,016099,105562,"7.915,00"
016,099,016099,127108,"6.161,00"
016,099,016099,185523,"7.064,00"
016,100,016100,101893,"7.037,00"
016,100,016100,105562,"7.258,00"
016,100,016100,185523,"6.922,00"
016,100,016100,194204,"6.836,00"
016,101,016101,027839,"7.179,00"
016,101,016101,105562,"6.754,00"
016,101,016101,185523,"7.100,00"
016,101,016101,194204,"6.827,00"
016,102,016102,027839,"6.886,00"
016,102,016102,169854,"7.009,00"
016,102,016102,185523,"7.233,00"
016,102,016102,186201,"7.113,00"
016,103,016103,027839,"6.922,00"
016,103,016103,105562,"8.128,00"
016,103,016103,169854,"7.225,00"
016,103,016103,186201,"6.922,00"
016,104,016104,036005,"6.285,00"
016,104,016104,169854,"6.414,00"
016,104,016104,185523,"6.219,00"
016,104,016104,195804,"6.691,00"
016,105,016105,036005,"7.047,00"
016,105,016105,105562,"7.411,00"
016,105,016105,169854,"6.767,00"
016,105,016105,195804,"6.733,00"
016,106,016106,024236,"5.830,00"
016,106,016106,036005,"6.227,00"
016,106,016106,076716,"8.097,00"
016,106,016106,105562,"7.802,00"
016,106,016106,151220,"6.173,00"
016,106,016106,185523,"6.325,00"
016,107,016107,076716,"8.447,00"
016,107,016107,138142,"7.309,00"
016,107,016107,149713,"7.779,00"
016,108,016108,086991,"4.901,00"
016,108,016108,138142,"5.016,00"
016,108,016108,149713,"4.906,00"
016,108,016108,218804,"5.101,00"
016,109,016109,082252,"6.928,00"
016,109,016109,086991,"5.002,00"
016,109,016109,138142,"5.089,00"
016,109,016109,218804,"5.087,00"
016,110,016110,072605,"5.064,00"
016,110,016110,082252,"6.947,00"
016,110,016110,138142,"5.087,00"
016,110,016110,195448,"4.727,00"
016,111,016111,015849,"4.907,00"
016,111,016111,072605,"4.907,00"
016,111,016111,138142,"5.087,00"
016,111,016111,195448,"4.907,00"
016,112,016112,015849,"5.038,00"
016,112,016112,138142,"5.087,00"
016,112,016112,190934,"5.007,00"
016,112,016112,195448,"5.087,00"
016,113,016113,033863,"5.022,00"
016,113,016113,138142,"5.087,00"
016,113,016113,190934,"5.118,00"
016,113,016113,195448,"5.020,00"
016,114,016114,035815,"7.363,00"
016,114,016114,057436,"4.976,00"
016,114,016114,195448,"5.087,00"
016,115,016115,051055,"6.811,00"
016,115,016115,101893,"6.310,00"
016,115,016115,105562,"7.296,00"
016,115,016115,200182,"6.552,00"
016,118,016118,101893,"6.610,00"
016,118,016118,105562,"7.609,00"
016,118,016118,117897,"6.587,00"
016,118,016118,194204,"6.871,00"
016,119,016119,027839,"7.218,00"
016,119,016119,105562,"7.492,00"
016,119,016119,117897,"6.159,00"
016,119,016119,194204,"6.757,00"
016,120,016120,027839,"6.681,00"
016,120,016120,105562,"7.460,00"
016,120,016120,117897,"7.337,00"
016,120,016120,123366,"6.731,00"
016,120,016120,169854,"7.078,00"
016,120,016120,200140,"7.174,00"
016,120,016120,202630,"6.486,00"
016,121,016121,009997,"7.026,00"
016,121,016121,078255,"6.561,00"
016,121,016121,089206,"6.486,00"
016,121,016121,105562,"7.634,00"
016,121,016121,123269,"9.224,00"
016,121,016121,508586,"6.757,00"
016,122,016122,123269,"9.224,00"
016,122,016122,123366,"6.694,00"
016,122,016122,169854,"7.359,00"
016,122,016122,200140,"6.486,00"
016,123,016123,089206,"6.546,00"
016,123,016123,105562,"7.245,00"
016,123,016123,144576,"7.365,00"
016,123,016123,169854,"6.915,00"
016,124,016124,076716,"7.334,00"
016,124,016124,078255,"7.988,00"
016,124,016124,121657,"7.630,00"
016,124,016124,138142,"8.172,00"
016,124,016124,149713,"7.643,00"
016,125,016125,121657,"8.904,00"
016,125,016125,138142,"8.251,00"
016,125,016125,149713,"7.037,00"
016,125,016125,152226,"7.189,00"
016,126,016126,121657,"7.804,00"
016,126,016126,138142,"7.798,00"
016,126,016126,152226,"7.441,00"
016,126,016126,177032,"7.176,00"
016,127,016127,086991,"8.239,00"
016,127,016127,121657,"8.337,00"
016,127,016127,138142,"7.715,00"
016,127,016127,177032,"7.189,00"
016,128,016128,082252,"7.195,00"
016,128,016128,086991,"8.098,00"
016,128,016128,121657,"9.106,00"
016,128,016128,138142,"7.930,00"
016,129,016129,072605,"5.033,00"
016,129,016129,082252,"6.069,00"
016,129,016129,121657,"6.892,00"
016,129,016129,138142,"5.087,00"
016,130,016130,015849,"4.875,00"
016,130,016130,072605,"4.850,00"
016,130,016130,121657,"6.918,00"
016,130,016130,138142,"4.964,00"
016,131,016131,015849,"4.967,00"
016,131,016131,121657,"7.990,00"
016,131,016131,138142,"4.755,00"
016,131,016131,190934,"5.057,00"
016,132,016132,033863,"4.906,00"
016,132,016132,121657,"7.056,00"
016,132,016132,138142,"4.945,00"
016,132,016132,190934,"4.979,00"
016,133,016133,033863,"5.060,00"
016,133,016133,035815,"7.126,00"
016,133,016133,057436,"5.087,00"
016,133,016133,121657,"6.867,00"
016,134,016134,051055,"5.735,00"
016,134,016134,117897,"6.252,00"
016,134,016134,122238,"5.164,00"
016,134,016134,124680,"5.465,00"
016,135,016135,051055,"5.730,00"
016,135,016135,122238,"5.546,00"
016,135,016135,123269,"7.909,00"
016,135,016135,124680,"5.445,00"
016,136,016136,101893,"6.536,00"
016,136,016136,117897,"5.910,00"
016,136,016136,122238,"5.944,00"
016,136,016136,123269,"8.476,00"
016,137,016137,027839,"5.976,00"
016,137,016137,062499,"6.063,00"
016,137,016137,101893,"6.530,00"
016,137,016137,117897,"5.823,00"
016,137,016137,123269,"8.548,00"
016,137,016137,203661,"5.954,00"
016,137,016137,326259,"5.954,00"
016,139,016139,009997,"3.351,00"
016,139,016139,013153,"6.348,00"
016,139,016139,042099,"5.763,00"
016,139,016139,123269,"8.007,00"
016,139,016139,144576,"5.647,00"
016,139,016139,156280,"6.088,00"
016,139,016139,169854,"6.260,00"
016,140,016140,013153,"5.647,00"
016,140,016140,156280,"5.691,00"
016,140,016140,169854,"5.647,00"
016,141,016141,009997,"3.462,00"
016,141,016141,013153,"5.537,00"
016,141,016141,062499,"5.648,00"
016,141,016141,169854,"5.760,00"
016,144,016144,009997,"3.687,00"
016,144,016144,027839,"5.188,00"
016,144,016144,062499,"5.514,00"
016,144,016144,084735,"5.309,00"
016,145,016145,027839,"6.123,00"
016,145,016145,052469,"6.039,00"
016,145,016145,101893,"6.177,00"
016,145,016145,391328,"6.047,00"
016,146,016146,027839,"5.131,00"
016,146,016146,084735,"5.331,00"
016,146,016146,111139,"5.251,00"
016,146,016146,391328,"5.497,00"
016,147,016147,009997,"3.336,00"
016,147,016147,084735,"5.303,00"
016,147,016147,111139,"5.007,00"
016,147,016147,391328,"6.867,00"
016,148,016148,010537,"5.475,00"
016,148,016148,035793,"5.593,00"
016,148,016148,051055,"6.600,00"
016,148,016148,101893,"6.236,00"
016,148,016148,138983,"5.784,00"
016,148,016148,326232,"5.165,00"
016,148,016148,329304,"5.638,00"
016,148,016148,391328,"5.812,00"
016,148,016148,601659,"5.664,00"
016,148,016148,608181,"5.647,00"
016,148,016148,613428,"5.647,00"
016,148,016148,628182,"5.647,00"
016,148,016148,642665,"5.269,00"
016,150,016150,009997,"3.298,00"
016,150,016150,101893,"5.812,00"
016,150,016150,138983,"5.262,00"
016,150,016150,183849,"5.194,00"
016,151,016151,029980,"7.315,00"
016,151,016151,075124,"7.315,00"
016,151,016151,148040,"7.236,00"
016,152,016152,100536,"6.892,00"
016,152,016152,101893,"6.767,00"
016,152,016152,127108,"6.892,00"
016,152,016152,148040,"7.015,00"
016,153,016153,051055,"5.601,00"
016,153,016153,101893,"6.984,00"
016,153,016153,117897,"6.227,00"
016,153,016153,200182,"6.240,00"
016,154,016154,062499,"6.489,00"
016,154,016154,101850,"6.048,00"
016,154,016154,101893,"5.666,00"
016,154,016154,123269,"8.295,00"
016,154,016154,166375,"5.647,00"
016,155,016155,027839,"5.858,00"
016,155,016155,052469,"6.271,00"
016,155,016155,062499,"6.436,00"
016,155,016155,101850,"6.031,00"
016,155,016155,101893,"6.688,00"
016,155,016155,166375,"6.149,00"
016,156,016156,010278,"7.111,00"
016,156,016156,049336,"10.207,00"
016,156,016156,115207,"6.340,00"
016,156,016156,126667,"6.792,00"
016,156,016156,148040,"7.520,00"
016,156,016156,175323,"6.707,00"
016,156,016156,195138,"6.993,00"
016,157,016157,010278,"6.955,00"
016,157,016157,068977,"15.811,00"
016,157,016157,148040,"6.821,00"
016,157,016157,212911,"6.892,00"
016,158,016158,049336,"11.260,00"
016,158,016158,068977,"15.869,00"
016,158,016158,148040,"6.621,00"
016,158,016158,212911,"6.322,00"
016,159,016159,082252,"6.766,00"
016,159,016159,134210,"6.514,00"
016,159,016159,148040,"6.757,00"
016,160,016160,063339,"7.340,00"
016,160,016160,076716,"7.608,00"
016,160,016160,082252,"6.299,00"
016,160,016160,148040,"7.340,00"
016,162,016162,003808,"5.158,00"
016,162,016162,009997,"3.339,00"
016,162,016162,101893,"6.625,00"
016,162,016162,391328,"6.508,00"
016,163,016163,003808,"5.134,00"
016,163,016163,009997,"3.036,00"
016,163,016163,101893,"6.788,00"
016,163,016163,183849,"5.311,00"
016,164,016164,076716,"6.695,00"
016,164,016164,094323,"6.419,00"
016,164,016164,148040,"5.881,00"
016,164,016164,173681,"6.070,00"
016,165,016165,094323,"6.430,00"
016,165,016165,148040,"6.370,00"
016,165,016165,173681,"6.170,00"
016,165,016165,193887,"6.335,00"
016,166,016166,027839,"5.808,00"
016,166,016166,031666,"5.869,00"
016,166,016166,117897,"6.348,00"
016,166,016166,123269,"8.530,00"
016,166,016166,169854,"6.214,00"
016,167,016167,027839,"5.792,00"
016,167,016167,031666,"6.218,00"
016,167,016167,062499,"5.793,00"
016,167,016167,169854,"5.792,00"
016,167,016167,326267,"5.502,00"
016,168,016168,051055,"5.888,00"
016,168,016168,119768,"6.263,00"
016,168,016168,123269,"7.955,00"
016,168,016168,391328,"5.735,00"
016,169,016169,108030,"6.014,00"
016,169,016169,119768,"6.051,00"
016,169,016169,123269,"8.268,00"
016,169,016169,391328,"6.274,00"
016,170,016170,101893,"6.411,00"
016,170,016170,108030,"6.203,00"
016,170,016170,123269,"8.021,00"
016,170,016170,391328,"6.490,00"
017,003,017003,026794,"1.353,00"
017,003,017003,155624,"1.353,00"
017,003,017003,164739,"1.353,00"
017,004,017004,020338,"1.327,00"
017,004,017004,026794,"1.327,00"
017,004,017004,109517,"1.327,00"
017,004,017004,155624,"1.327,00"
017,006,017006,016535,"1.153,00"
017,006,017006,020338,"1.596,00"
017,006,017006,069841,"426,00"
017,006,017006,171751,"458,00"
017,007,017007,016535,"1.145,00"
017,007,017007,045616,"1.204,00"
017,007,017007,059110,"477,00"
017,007,017007,069841,"543,00"
017,007,017007,096580,"1.264,00"
017,007,017007,160040,"387,00"
017,007,017007,171751,"451,00"
017,007,017007,223131,"1.204,00"
017,008,017008,048518,"458,00"
017,008,017008,096580,"1.145,00"
017,008,017008,139378,"924,00"
017,008,017008,147117,"1.226,00"
017,010,017010,020338,"1.374,00"
017,010,017010,155624,"1.422,00"
017,010,017010,163937,"1.327,00"
017,010,017010,167533,"1.374,00"
017,011,017011,000736,"511,00"
017,011,017011,048518,"511,00"
017,011,017011,096580,"1.076,00"
017,011,017011,139378,"1.145,00"
017,012,017012,000736,"360,00"
017,012,017012,034452,"1.337,00"
017,012,017012,096580,"1.019,00"
017,012,017012,139378,"1.019,00"
017,016,017016,043320,"1.933,00"
017,016,017016,105287,"1.737,00"
017,016,017016,172782,"1.895,00"
017,016,017016,185787,"1.744,00"
017,017,017017,045616,"2.000,00"
017,017,017017,105287,"1.688,00"
017,017,017017,157066,"1.286,00"
017,017,017017,181978,"1.359,00"
017,018,017018,020338,"1.243,00"
017,018,017018,149039,"1.321,00"
017,018,017018,196860,"1.249,00"
017,018,017018,199710,"1.221,00"
017,020,017020,034452,"2.182,00"
017,020,017020,083593,"1.911,00"
017,020,017020,090654,"2.254,00"
017,020,017020,091375,"1.770,00"
017,020,017020,155829,"1.911,00"
017,021,017021,034452,"2.191,00"
017,021,017021,083593,"2.156,00"
017,021,017021,090654,"2.017,00"
017,021,017021,161993,"1.891,00"
017,022,017022,001341,"1.986,00"
017,022,017022,034452,"2.141,00"
017,022,017022,043320,"3.578,00"
017,022,017022,090581,"2.270,00"
017,022,017022,161993,"1.921,00"
017,024,017024,064327,"1.910,00"
017,024,017024,105287,"1.823,00"
017,024,017024,172782,"1.759,00"
017,024,017024,185787,"1.652,00"
017,025,017025,064327,"1.667,00"
017,025,017025,105287,"1.913,00"
017,025,017025,172782,"2.166,00"
017,025,017025,181978,"2.166,00"
017,026,017026,149039,"1.841,00"
017,026,017026,196860,"1.718,00"
017,026,017026,199710,"1.324,00"
017,027,017027,033502,"1.122,00"
017,027,017027,126845,"1.135,00"
017,027,017027,142611,"1.078,00"
017,027,017027,175846,"1.224,00"
017,027,017027,195502,"1.081,00"
017,028,017028,037877,"2.444,00"
017,028,017028,083593,"2.277,00"
017,028,017028,090654,"2.220,00"
017,028,017028,155829,"2.017,00"
017,029,017029,037877,"1.970,00"
017,029,017029,043320,"3.967,00"
017,029,017029,083593,"2.063,00"
017,029,017029,090654,"2.099,00"
017,030,017030,001341,"2.055,00"
017,030,017030,043320,"4.364,00"
017,030,017030,090654,"2.219,00"
017,030,017030,161993,"1.995,00"
017,031,017031,037877,"1.974,00"
017,031,017031,043320,"3.619,00"
017,031,017031,090581,"1.746,00"
017,031,017031,197904,"1.961,00"
017,032,017032,064327,"1.817,00"
017,032,017032,080489,"1.807,00"
017,032,017032,090581,"1.891,00"
017,032,017032,160156,"2.141,00"
017,032,017032,197904,"1.795,00"
017,034,017034,064327,"2.810,00"
017,034,017034,172782,"2.895,00"
017,034,017034,181978,"3.954,00"
017,034,017034,183334,"2.854,00"
017,037,017037,095966,"1.700,00"
017,037,017037,114081,"1.544,00"
017,037,017037,189057,"2.079,00"
017,038,017038,095966,"2.100,00"
017,038,017038,114081,"1.732,00"
017,038,017038,149039,"1.952,00"
017,038,017038,153079,"2.106,00"
017,038,017038,189057,"1.929,00"
017,039,017039,095966,"2.166,00"
017,039,017039,149039,"1.631,00"
017,039,017039,153079,"1.809,00"
017,039,017039,171123,"1.863,00"
017,040,017040,004375,"1.854,00"
017,040,017040,066940,"2.132,00"
017,040,017040,149039,"1.880,00"
017,041,017041,004375,"1.785,00"
017,041,017041,066940,"2.090,00"
017,041,017041,142611,"1.154,00"
017,041,017041,149039,"1.851,00"
017,041,017041,171123,"1.942,00"
017,041,017041,196860,"1.946,00"
017,042,017042,037877,"1.785,00"
017,042,017042,126845,"1.866,00"
017,042,017042,142611,"1.214,00"
017,042,017042,155829,"1.568,00"
017,042,017042,171123,"1.927,00"
017,042,017042,175846,"1.214,00"
017,043,017043,037877,"1.986,00"
017,043,017043,083593,"2.119,00"
017,043,017043,155829,"1.937,00"
017,043,017043,171123,"2.434,00"
017,044,017044,037877,"2.203,00"
017,044,017044,043320,"4.027,00"
017,044,017044,083593,"1.996,00"
017,044,017044,171123,"2.100,00"
017,045,017045,037877,"2.059,00"
017,045,017045,043320,"3.687,00"
017,045,017045,171123,"2.107,00"
017,045,017045,197904,"1.929,00"
017,046,017046,037877,"1.981,00"
017,046,017046,064327,"1.882,00"
017,046,017046,080489,"2.142,00"
017,046,017046,197904,"1.873,00"
017,046,017046,468649,"1.652,00"
017,047,017047,037877,"2.019,00"
017,047,017047,064327,"2.009,00"
017,047,017047,080489,"3.049,00"
017,047,017047,181978,"3.497,00"
017,048,017048,064327,"2.879,00"
017,048,017048,080489,"3.014,00"
017,048,017048,160156,"3.026,00"
017,048,017048,181978,"3.797,00"
017,049,017049,064327,"2.643,00"
017,049,017049,160156,"3.137,00"
017,049,017049,181978,"3.333,00"
017,049,017049,183334,"3.069,00"
017,052,017052,057070,"2.333,00"
017,052,017052,095966,"2.198,00"
017,052,017052,189057,"1.659,00"
017,052,017052,195162,"2.063,00"
017,053,017053,057070,"2.485,00"
017,053,017053,095966,"1.974,00"
017,053,017053,153079,"1.860,00"
017,053,017053,189057,"1.894,00"
017,054,017054,057070,"2.323,00"
017,054,017054,095966,"1.841,00"
017,054,017054,153079,"1.765,00"
017,054,017054,171123,"1.807,00"
017,055,017055,142247,"2.000,00"
017,055,017055,152765,"2.081,00"
017,055,017055,171123,"1.926,00"
017,055,017055,181811,"2.302,00"
017,056,017056,142247,"2.049,00"
017,056,017056,152765,"1.712,00"
017,056,017056,155829,"1.880,00"
017,056,017056,171123,"1.915,00"
017,057,017057,043320,"3.557,00"
017,057,017057,118680,"1.703,00"
017,057,017057,142247,"1.690,00"
017,057,017057,152765,"1.785,00"
017,058,017058,043320,"3.594,00"
017,058,017058,142247,"1.766,00"
017,058,017058,155829,"2.260,00"
017,058,017058,171123,"2.241,00"
017,059,017059,043320,"3.746,00"
017,059,017059,101770,"1.997,00"
017,059,017059,171123,"1.955,00"
017,059,017059,197904,"2.028,00"
017,060,017060,037877,"1.933,00"
017,060,017060,064327,"1.918,00"
017,060,017060,171123,"1.936,00"
017,060,017060,197904,"1.937,00"
017,061,017061,037877,"1.942,00"
017,061,017061,064327,"2.033,00"
017,061,017061,171123,"2.047,00"
017,061,017061,181978,"8.060,00"
017,064,017064,039918,"2.277,00"
017,064,017064,057070,"2.380,00"
017,064,017064,189057,"2.526,00"
017,064,017064,195162,"2.457,00"
017,065,017065,039918,"2.251,00"
017,065,017065,085707,"2.353,00"
017,065,017065,189057,"2.517,00"
017,065,017065,195162,"2.356,00"
017,066,017066,057070,"2.566,00"
017,066,017066,085707,"2.342,00"
017,066,017066,171123,"2.422,00"
017,066,017066,189057,"2.333,00"
017,067,017067,142247,"2.074,00"
017,067,017067,150800,"2.459,00"
017,067,017067,171123,"2.090,00"
017,067,017067,181811,"2.107,00"
017,068,017068,118680,"1.917,00"
017,068,017068,142247,"1.927,00"
017,068,017068,150800,"1.958,00"
017,068,017068,152765,"2.302,00"
017,069,017069,062677,"1.977,00"
017,069,017069,118680,"1.872,00"
017,069,017069,150800,"2.058,00"
017,069,017069,152765,"2.220,00"
017,070,017070,043320,"4.364,00"
017,070,017070,118680,"1.684,00"
017,070,017070,152765,"1.798,00"
017,071,017071,043320,"3.547,00"
017,071,017071,062677,"3.387,00"
017,071,017071,101770,"3.143,00"
017,071,017071,138258,"3.717,00"
017,071,017071,197904,"3.465,00"
017,072,017072,064327,"1.999,00"
017,072,017072,101770,"2.003,00"
017,072,017072,171123,"2.011,00"
017,072,017072,197904,"2.030,00"
017,073,017073,064327,"1.993,00"
017,073,017073,101770,"2.205,00"
017,073,017073,171123,"2.317,00"
017,073,017073,181978,"7.189,00"
017,075,017075,006521,"2.777,00"
017,075,017075,085707,"2.633,00"
017,075,017075,189057,"2.633,00"
017,075,017075,195162,"2.488,00"
017,076,017076,006521,"1.782,00"
017,076,017076,032077,"1.782,00"
017,076,017076,085707,"2.676,00"
017,076,017076,173185,"1.782,00"
017,076,017076,189057,"2.308,00"
017,077,017077,032077,"5.404,00"
017,077,017077,133035,"5.200,00"
017,077,017077,142247,"2.122,00"
017,077,017077,150800,"2.296,00"
017,077,017077,154385,"2.425,00"
017,078,017078,118680,"2.116,00"
017,078,017078,142247,"1.990,00"
017,078,017078,150800,"1.986,00"
017,078,017078,154385,"2.201,00"
017,079,017079,062677,"2.090,00"
017,079,017079,118680,"2.096,00"
017,079,017079,150800,"2.115,00"
017,079,017079,154385,"2.122,00"
017,080,017080,064327,"3.846,00"
017,080,017080,101770,"3.594,00"
017,080,017080,138258,"3.702,00"
017,080,017080,197904,"3.708,00"
017,081,017081,036536,"4.723,00"
017,081,017081,064327,"3.503,00"
017,081,017081,085430,"3.020,00"
017,081,017081,101770,"3.649,00"
017,081,017081,113000,"2.967,00"
017,081,017081,181978,"7.704,00"
017,083,017083,006521,"2.334,00"
017,083,017083,189057,"2.334,00"
017,083,017083,195162,"2.334,00"
017,083,017083,198439,"2.334,00"
017,084,017084,006521,"1.892,00"
017,084,017084,173185,"1.828,00"
017,084,017084,189057,"2.261,00"
017,084,017084,198439,"1.782,00"
017,085,017085,104850,"1.640,00"
017,085,017085,189057,"1.911,00"
017,085,017085,195162,"2.252,00"
017,085,017085,198439,"1.948,00"
017,088,017088,032077,"2.197,00"
017,088,017088,104850,"5.370,00"
017,088,017088,115258,"3.865,00"
017,088,017088,173185,"3.462,00"
017,089,017089,032077,"5.332,00"
017,089,017089,104850,"4.847,00"
017,089,017089,115258,"5.146,00"
017,089,017089,133035,"4.680,00"
017,089,017089,139670,"5.076,00"
017,090,017090,104850,"5.071,00"
017,090,017090,133035,"5.272,00"
017,090,017090,139670,"5.818,00"
017,091,017091,045390,"5.049,00"
017,091,017091,104850,"5.276,00"
017,091,017091,133035,"5.297,00"
017,091,017091,154385,"2.205,00"
017,091,017091,181978,"7.442,00"
017,092,017092,045390,"5.345,00"
017,092,017092,138266,"5.064,00"
017,092,017092,154385,"2.118,00"
017,092,017092,181978,"7.741,00"
017,093,017093,062677,"2.109,00"
017,093,017093,138258,"5.266,00"
017,093,017093,138266,"5.263,00"
017,093,017093,181978,"7.508,00"
017,094,017094,036536,"3.523,00"
017,094,017094,064327,"4.899,00"
017,094,017094,138258,"4.899,00"
017,094,017094,181978,"7.467,00"
017,096,017096,019186,"1.737,00"
017,096,017096,034452,"1.700,00"
017,096,017096,037877,"1.831,00"
017,096,017096,126845,"1.586,00"
017,096,017096,155829,"1.863,00"
017,096,017096,175846,"1.423,00"
017,097,017097,104850,"4.515,00"
017,097,017097,173185,"4.080,00"
017,097,017097,189057,"3.579,00"
017,097,017097,198439,"3.094,00"
017,101,017101,020338,"1.343,00"
017,101,017101,033502,"1.054,00"
017,101,017101,142611,"1.145,00"
017,101,017101,155039,"1.300,00"
017,101,017101,175846,"1.283,00"
017,101,017101,196860,"1.223,00"
017,101,017101,220353,"1.125,00"
017,101,017101,401587,"1.110,00"
017,101,017101,413828,"1.204,00"
