tipo,id,nome,destino,status,obs
"--- RUN 18/06/2026, 22:21:01  [ENSAIO / DRY-RUN]  total=992 ---",,,,,
pasta,1pVWe46Y3PNrCQkhvOm9x99qY2_ZVi0Ty,IRRF Tema 1130 - Potencial Urbano,02 — Leis & Jurisprudência,PLANEJADO,
pasta,1LGrKx7sY8Jot1b1ROG53mhb-yy-zHQLv,Novos,02 — Leis & Jurisprudência,PLANEJADO,
pasta,1TpZ8r_YPki0wCaQ9H64Qey9_lQDJqy1p,dados_pericia1,02 — Leis & Jurisprudência,PLANEJADO,
pasta,1XAUTRln1DK48hVTNwtIEZP3AIqvDZEHN,DataLake_TDC,03 — Tabelas & Engines,PLANEJADO,
pasta,1uMMvR8_PVjNv3hgDjzpA7fm6yoVOvwYg,TODOS TDC,03 — Tabelas & Engines,PLANEJADO,
pasta,1rcOIT-Kat1ffXeardlfnQwCx6zpNLxhZ,IPTU 12-05,03 — Tabelas & Engines,PLANEJADO,
pasta,1ItQzfFV5WsLHBOrNFmSLU4yvu7RVhV72,Colab Notebooks,03 — Tabelas & Engines,PLANEJADO,
pasta,1M4T65C4ckrccT8YPXWPYWM3XkuvAqpAW,Imagens_Extraidas,05 — Geo / Mapas,PLANEJADO,
arquivo,1rjpx0hVQJuzS7Qn2oXYNYy2bFtntfmyqNvB-UCrXk48,4.2-PLANO DE NEGÓCIOS,00 — Governança & Índice,PLANEJADO,
arquivo,1LZIeWG5z43rnEYvlzYO-EdoC2zMMXfMB,BASE_TDC_TOMBADOS_FINAL,00 — Governança & Índice,PLANEJADO,
arquivo,1-tPk18j-x0nqnvIzSZ6TCVjH8Y7tS27O,BASE_TDC_TOMBADOS_FINAL_v1_2.csv,00 — Governança & Índice,PLANEJADO,
arquivo,1uzTUwdYN7O_6lY7LeMXT8Q1PJDxzsFTD,BASE_TDC_TOMBADOS_FINAL_v1_3.csv,00 — Governança & Índice,PLANEJADO,
arquivo,1W8x0kK3dMBjX6_09DVKN18I_HtKBJMdG,BASE_TDC_TOMBADOS_FINAL_v1_3.csv,00 — Governança & Índice,PLANEJADO,
arquivo,1Ft2QEtPqshYJpaQ0T0G_9_84XgJfIuf9,BASE_TDC_TOMBADOS_FINAL_v1_3.csv,00 — Governança & Índice,PLANEJADO,
arquivo,1jAnX-8OTCJRalskuH6igBWDs0jiD_6jP,BASE_TDC_TOMBADOS_FINAL_v1_3.csv,00 — Governança & Índice,PLANEJADO,
arquivo,1jYwO0htt2xCXAw2Y3uGOo-o-7XfWEZtl,BASE_TDC_TOMBADOS_NOTAVEIS_v1_6.csv,00 — Governança & Índice,PLANEJADO,
arquivo,1e2ptjm61vRN4ky84HQiQX2z8pbxu91z8kRonB9VJ__g,Business Plan rev,00 — Governança & Índice,PLANEJADO,
arquivo,1KvPPbNecSM7pfOkf3Bxd5nIbK4x5u2m9yeOzVOOE0gM,BUSINESS PLAN: PROGRAMA DE ASSOCIADOS VIVA O CENTRO,00 — Governança & Índice,PLANEJADO,
arquivo,1mA67L8RO01a3F8w7mTXFE7V1sZdXFb02Fm4qdo_dgqE,Contrato de Parceria - TDC (Versão Revisada),00 — Governança & Índice,PLANEJADO,
arquivo,17JXwBrJkZGGBSWuzdb3aSRQ-_F5caHuZuhxHY5MOldk,Documento Base: Inteligência Tributária e Otimização Avançada do IPTU,00 — Governança & Índice,PLANEJADO,
arquivo,1LIYQZZeRp1qBPZw7EnZVcK5wJS0WHPOQZ_K5frZnsL0,documento mestre tdc,00 — Governança & Índice,PLANEJADO,
arquivo,1cK6cpJ-gM53V891mZ-QEzxh7DaVbayfLuhEx01G9u48,ESTADO_MESTRE ,00 — Governança & Índice,PLANEJADO,
arquivo,1359iGocKcGgBkqhCQafIdA3HvuewFPWQ,Estou compartilhando 'Codice_Mestre_V5-2_SELADO.md' com você do WPS Office,00 — Governança & Índice,PLANEJADO,
arquivo,1OMDpTd3eWOPep_jp4oPJ6z825my1rg3D9jxK4hYeiSA,Estudo_Profundo_IPTU_Documento_Base,00 — Governança & Índice,PLANEJADO,
arquivo,1typFWYS7Qeuziog90KdRJb0hQmmfPzTjALpH6CFvn0U,INVENTARIO_DRIVE_POTENCIAL_URBANO,00 — Governança & Índice,PLANEJADO,
arquivo,1WB3AHhrZYxxItRPqljwLaRsJ4OgUStFucx5vNvcx3J4,MAPA IPTU + TDC — Inventário Classificado e Estratégia de Tratamento (Escritório do MOU),00 — Governança & Índice,PLANEJADO,
arquivo,13IOZSF-is2jIfB6ythTKFUMRewe4b1MsFXLJM-UVrac,MOTOR 0-66 em Diante,00 — Governança & Índice,PLANEJADO,
arquivo,1Uc5_EMmA9SCB1f-Gsi_l1hi7qtaIGA8dy3OisYSuT0o,MOTOR 0-91 Á...,00 — Governança & Índice,PLANEJADO,
arquivo,1OfG9asZ6C7nAqNoF4Ij2HpdzIAzk-0ClBBm2bdKtdiM,MOTOR 0-ATÉ A 66,00 — Governança & Índice,PLANEJADO,
arquivo,1vgT5whUX-3oxY_qHrIvzYfg1JcLQr6VkNMSJB-M05R8,MÓDULO I: ENGENHARIA DE AVALIAÇÕES E MATEMÁTICA DO LANÇAMENTO,00 — Governança & Índice,PLANEJADO,
arquivo,1AGR45VzxdHV9Zs4UgYc3dNnZ8gYARvD638ZibR86pJI,PLANO DE NEGÓCIOS 4.0,00 — Governança & Índice,PLANEJADO,
arquivo,16PsCSOz4ZpFwy7DNBS87RaV4Cb6CQApsKKHHFwn1iyc,PLANO DE NEGÓCIOS 5.0,00 — Governança & Índice,PLANEJADO,
arquivo,1bIkey8J26xRd7ieCbUclbx-zwu0mwJq8,PLANO DE NEGÓCIOS 5.0.pdf,00 — Governança & Índice,PLANEJADO,
arquivo,1dxAO1IhcjY-P20HqNtYMU8Dua7YNAXOuaJXTNfNTSTs,Plano de Negócios Ambiental ,00 — Governança & Índice,PLANEJADO,
arquivo,1ejJqZtgfybqspUlcxR-Ev7h31B-FMSRlNgprT8aju_s,PLANO DE NEGÓCIOS REV 5.1,00 — Governança & Índice,PLANEJADO,
arquivo,1GSiMXheV7bBpQPZYNiJ-hfWFdQC_aZDd8cOXBTAwT8M,PLANO DE SANEAMENTO E DECISÕES — IPTU+TDC (Anexo de Execução),00 — Governança & Índice,PLANEJADO,
arquivo,1Ubi7bjAQkJTX1OXa8e2JC_20Llad9NcIAVt0Re-YntY,RAG IPTU — Documentação Faltante (Gap Analysis) e Correções,00 — Governança & Índice,PLANEJADO,
arquivo,1xszRfIPPY2svjQZMCRkztS_57NkvcJpxJ4EpNnKz1jw,📜 CÓDICE MESTRE DE INTELIGÊNCIA TRIBUTÁRIA MUNICIPAL - VERSÃO 4,00 — Governança & Índice,PLANEJADO,
arquivo,1THhBzsLrCd-4HiXBH5IrrhfCG3L-AWaF,PLANO DE NEGÓCIOS 5.0.pdf,00 — Governança & Índice,PLANEJADO,
arquivo,1YYSPX0sM2lYs0N1IZR_hhR7cZzRPCwr5,METODOLOGIA DO TRABALHO - Municipios.pdf,00 — Governança & Índice,PLANEJADO,
arquivo,14uQZNvBvcswcsy89CbKS0yLhjbcIR6ne,METODOLOGIA DO TRABALHO - Municipios.docx,00 — Governança & Índice,PLANEJADO,
arquivo,1HzGZhGQJOfx4BEYKojrdvjj-KJSYKnDx,OPORTUNIDADE AOS MUNICIPIOS – TEMA 1130 STF - SBA-Assis SP.pdf,00 — Governança & Índice,PLANEJADO,
arquivo,1lQzVboVibELdyCBhg1z8nbXOxEEzjxZR,Auditoria De Compliância e Riscos Urbanísticos,00 — Governança & Índice/Prompts & Gens (IA),PLANEJADO,
arquivo,1MM53Y67hym_LQK9s0MmeUGwUo-RVghCE,1-Matematico,00 — Governança & Índice/Prompts & Gens (IA),PLANEJADO,
arquivo,1WKFJ8nS7QJo7uUvxaUagdNhvnP_INpKB,Dossiê Limpo: Neutralidade em Produção,00 — Governança & Índice/Prompts & Gens (IA),PLANEJADO,
arquivo,1Gmh7srPk4wkAA2lTz9ju2IWwlXXDWFl1,GEN 2 AUDITOR FIDUCIÁRIO E DE NEGÓCIOS,00 — Governança & Índice/Prompts & Gens (IA),PLANEJADO,
arquivo,1Hx6sxdQDV5kRYK-7r6t--agPsQAyKA6E,2-Novo,00 — Governança & Índice/Prompts & Gens (IA),PLANEJADO,
arquivo,1ppQwm_faU-xF2Q3cq-mV81OpY12bX94l,Auditoria da Matriz de Pedra V61.0,00 — Governança & Índice/Prompts & Gens (IA),PLANEJADO,
arquivo,1boTHnMKgt9TBnQZ7I897QuawjLwXOMIx,TDC: Estratégia Anti-Crise e Lucro,00 — Governança & Índice/Prompts & Gens (IA),PLANEJADO,
arquivo,1IdSWc3OpkNLTCg9PEDy6ttPeZhDeNweS,Auditoria Legal e Matemática Rigorosa.,00 — Governança & Índice/Prompts & Gens (IA),PLANEJADO,
arquivo,1XuxJEFGIhCeNzzguT9j4dRldSxebp7XW,GEN 1: O Auditor Matemático e Urbanístico,00 — Governança & Índice/Prompts & Gens (IA),PLANEJADO,
arquivo,1sJFta3rilbrVB7ZJT9zMhMQeP5t-aB6Z,Auditoria Legal de Matriz de Ativo,00 — Governança & Índice/Prompts & Gens (IA),PLANEJADO,
arquivo,1ouMk5KWilo2CUW8zzZkFD5pWwSn-ste9,revisor ultimo,00 — Governança & Índice/Prompts & Gens (IA),PLANEJADO,
arquivo,1zROJTg54fErMRiqRwJK3ivzSk5QsVdqW,GEN 3 O CENSOR AGNÓSTICO,00 — Governança & Índice/Prompts & Gens (IA),PLANEJADO,
arquivo,1mhBRSmuATTbNmOx_bdu1Ys62TDUEFR35,Prompt Mestre De Saneamento Compulsório,00 — Governança & Índice/Prompts & Gens (IA),PLANEJADO,
arquivo,1B48oEI1yXJrhHJUikibQ3oA86OYsCyGy,Auditoria de Densidade e Viabilidade Fiduciária.,00 — Governança & Índice/Prompts & Gens (IA),PLANEJADO,
arquivo,1M0TSbTGzROG8U1-aDF1maMauVV5bwEVp,Master Compliance & Auditoria: Matriz Pedra,00 — Governança & Índice/Prompts & Gens (IA),PLANEJADO,
arquivo,1yNvP_RD5R_ysykFLDgj97dNHiP_Yehfx,Mathematical and Logical Stress Review.,00 — Governança & Índice/Prompts & Gens (IA),PLANEJADO,
arquivo,1bppIqR9slqHAlbB43qiMJusDoNnOCOz0,Criação do Documento Mestre IPTU,00 — Governança & Índice/Prompts & Gens (IA),PLANEJADO,
arquivo,1e29mksZmIYhuwThVpDhRBpZzwMG37gCF,Gen 5-Rev.91,00 — Governança & Índice/Prompts & Gens (IA),PLANEJADO,
arquivo,11ao-kFJFQetD5onbbXHS9rkhLQSd7mBh,Banco de Dados Imobiliário em São Paulo.,00 — Governança & Índice/Prompts & Gens (IA),PLANEJADO,
arquivo,1c4ntvcjf1cJqfE2p4Z53bF8-owYtnt1N,Documentos para Análise IPTU SP.,00 — Governança & Índice/Prompts & Gens (IA),PLANEJADO,
arquivo,1obxaKZhXviBv9ij-_KGkMYMVaUbfaV0f,Gen 2-Advogdo IPTU,00 — Governança & Índice/Prompts & Gens (IA),PLANEJADO,
arquivo,10LIrJ_Y3phOt04icYiw_oN6f7V3yHslf,Gen 1 Matematico IPTU,00 — Governança & Índice/Prompts & Gens (IA),PLANEJADO,
arquivo,19nZ7YQsex0gyr9r9Dbsnsg_xWj0hE5JG,Gen 1 Matematico IPTU,00 — Governança & Índice/Prompts & Gens (IA),PLANEJADO,
arquivo,1VuXTd2GG9b7wLClEVq-ONOspHw40xdPe,Organização Normativa do IPTU SP,00 — Governança & Índice/Prompts & Gens (IA),PLANEJADO,
arquivo,1W6rrB2cQdbLLmQfseFJp4iQ4xMeyRpX2,Auditoria e Compliance Urbano,00 — Governança & Índice/Prompts & Gens (IA),PLANEJADO,
arquivo,1UNXjFnDmXV3U1UVwTbA8jAk4NSod4pP7,Auditor de Motor 1,00 — Governança & Índice/Prompts & Gens (IA),PLANEJADO,
arquivo,1m4U3kJcPHT8n-pFiEyNx9unWMJKtYEOw,Gen 2-Advogdo IPTU,00 — Governança & Índice/Prompts & Gens (IA),PLANEJADO,
arquivo,1ZULzWaOZTfiPsklOkjThTyM97-yY4dzc,Gen 2 IPTU 1,00 — Governança & Índice/Prompts & Gens (IA),PLANEJADO,
arquivo,1A4wqEiQUTb_0by6m-KvOtN988iI1Xn7p,Gen 1 IPTU 1,00 — Governança & Índice/Prompts & Gens (IA),PLANEJADO,
arquivo,1A8RDOZqA1dDM9rIgsxsqT6gEwKMQBzQ5,Gen 3 IPTU 1,00 — Governança & Índice/Prompts & Gens (IA),PLANEJADO,
arquivo,1uosrxGT6OUiUNGcHQFsj4AdPyVat-5I_,Auditor RAG,00 — Governança & Índice/Prompts & Gens (IA),PLANEJADO,
arquivo,1RfdEU34SCD4xRCcyyzJsllxjt9YWvnA7,Gen 2: O Guardião do Codex,00 — Governança & Índice/Prompts & Gens (IA),PLANEJADO,
arquivo,1E9yk3dnaYp8cweCmW8dEV-G5406UvMv1,Gen 1: Estratégia (Business Plan),00 — Governança & Índice/Prompts & Gens (IA),PLANEJADO,
arquivo,1MJG3DxrNILfwRmmxT1b3IQlrYZAerIq3,Gestor do Códice Lucro Real,00 — Governança & Índice/Prompts & Gens (IA),PLANEJADO,
arquivo,1orDgBxj6Cop-PUYHLWERgi2FTWTSvoFk,Prompt Para Visualização de Processo,00 — Governança & Índice/Prompts & Gens (IA),PLANEJADO,
arquivo,1GefW8PqnU00PbLNJlaEsJvck4HpDaT3k,Copy of Estratégias de Restituição Tributária Municipal,00 — Governança & Índice/Prompts & Gens (IA),PLANEJADO,
arquivo,1OsFHUrl-YwRYB_BFRt92Goz1D2pNLXKG,Estratégias de Restituição Tributária Municipal,00 — Governança & Índice/Prompts & Gens (IA),PLANEJADO,
arquivo,1Hh8YIDrm8ReGJu_TEVcjT985tdDxNyZc,Municipio Cordex,00 — Governança & Índice/Prompts & Gens (IA),PLANEJADO,
arquivo,1F1Gi5Km-cEBkwVl2g4-2yH-JbT6j9zXE,Gen 3: O Diretor de Comunicação,00 — Governança & Índice/Prompts & Gens (IA),PLANEJADO,
arquivo,1MP11ViGMWi9ud69fnlu_y80Q1Py4RGQpaN6JTn6lp68,LEI  Nº   16.050,02 — Leis & Jurisprudência,PLANEJADO,
arquivo,13KLV94UXuly4Z83A9zQlMoGM3SyauvdfeFM9tU_G_js,lei-federal-6015-1973-etapa-1.tx,02 — Leis & Jurisprudência,PLANEJADO,
arquivo,1qwxespqokP0KrTAKmS3NPeeIkD868kgOdoc4Fj0QoN4,PESQUISA JURÍDICO-TRIBUTÁRIA — TEMA STF 1130 / RE 1.293.453,02 — Leis & Jurisprudência,PLANEJADO,
arquivo,1sAr3lqpTPQizUpissxz9iDFIpxAtk2Dz,2014-07-31 - LEI 16050 - PLANO DIRETOR ESTRATÉGICO.pdf,02 — Leis & Jurisprudência/2.1 Urbanística (PDE-LPUOS-COE),PLANEJADO,
arquivo,1yNzWkVw-AXHOHO6S8ZPExr01NU3LaeNo,Anexo Unico do Decreto 57_378-16_ com_Deliberações CTLU_19__01_2021.pdf,02 — Leis & Jurisprudência/2.1 Urbanística (PDE-LPUOS-COE),PLANEJADO,
arquivo,1a7Y7eC756t1NbYKp8M0Yo-6EuiA_KNOR,Certidão de Uso e Ocupação do Solo - Secretaria Municipal de Urbanismo e Licenciamento - Prefeitura.pdf,02 — Leis & Jurisprudência/2.1 Urbanística (PDE-LPUOS-COE),PLANEJADO,
arquivo,1TWtrpF1tF63KAE9p7FTRFxuNxejGYPcX,codigo_de_obras_ilustrado.pdf,02 — Leis & Jurisprudência/2.1 Urbanística (PDE-LPUOS-COE),PLANEJADO,
arquivo,1NofgsoosmvVVGNiaQm4Xr4gT6AwmqVKC,D57776.pdf,02 — Leis & Jurisprudência/2.1 Urbanística (PDE-LPUOS-COE),PLANEJADO,
arquivo,1pi0LrR98w1V493YMVGRcYhB16IykcxYZ,D57776_2017_anexos.pdf,02 — Leis & Jurisprudência/2.1 Urbanística (PDE-LPUOS-COE),PLANEJADO,
arquivo,1enQFVq5s1gCITh6_M-ETF_ZCtdpA4C1l,INSTRUÇÃO NORMATIVA SECRETARIA MUNICIPAL DE URBANISMO E LICENCIAMENTO - SMUL Nº 1 DE 16 DE OUTUBRO DE 2024 « Catálogo de Legislação Municipal.pdf,02 — Leis & Jurisprudência/2.1 Urbanística (PDE-LPUOS-COE),PLANEJADO,
arquivo,13uonwxQCxVzsSwrY8WU9hcnvzPv5FW6g,L16402.pdf,02 — Leis & Jurisprudência/2.1 Urbanística (PDE-LPUOS-COE),PLANEJADO,
arquivo,1CPtqgZ4ucdXvA0VJ7VW5p1xNwrgddRx0,L16642.pdf,02 — Leis & Jurisprudência/2.1 Urbanística (PDE-LPUOS-COE),PLANEJADO,
arquivo,1wOSDStL2wPYQTB7hxXea354QH1VQxdh2,LEI Nº 16.050 DE 31 DE JULHO DE 2014 « Catálogo de Legislação Municipal.pdf,02 — Leis & Jurisprudência/2.1 Urbanística (PDE-LPUOS-COE),PLANEJADO,
arquivo,1jX3lzgyYGjXeLdEEcX5x9lONwMZV4lzY,LEI Nº 16.050 de 31 de Julho de 2014.pdf,02 — Leis & Jurisprudência/2.1 Urbanística (PDE-LPUOS-COE),PLANEJADO,
arquivo,1PfVAfD0Pxukebn4q86NmNpjqkfLOli2X,LEI Nº 16.402 DE 22 DE MARÇO DE 2016 « Catálogo de Legislação Municipal.pdf,02 — Leis & Jurisprudência/2.1 Urbanística (PDE-LPUOS-COE),PLANEJADO,
arquivo,1HgiTJnG418wI6Toia87LpioloxME2o9f,LEI Nº 16.402.pdf,02 — Leis & Jurisprudência/2.1 Urbanística (PDE-LPUOS-COE),PLANEJADO,
arquivo,1Q1264Ei9IVZ018sz5rPl-wdZYRmVeevo,LEI Nº 16.642 DE 9 DE MAIO DE 2017 « Catálogo de Legislação Municipal.pdf,02 — Leis & Jurisprudência/2.1 Urbanística (PDE-LPUOS-COE),PLANEJADO,
arquivo,1brUHafl6KsWcvk0qvX-MZkpcyHRoLlDo,metadados smul.pdf,02 — Leis & Jurisprudência/2.1 Urbanística (PDE-LPUOS-COE),PLANEJADO,
arquivo,1drqYr5XO0IfOhFtui1mRtDXPVwXCVvRy,OUAguaBranca31dez18_EstoqueAnaliseOutorga.pdf,02 — Leis & Jurisprudência/2.1 Urbanística (PDE-LPUOS-COE),PLANEJADO,
arquivo,1e_I8tnXcsXUddvTnBvRrGuzS6O1bJSiU,OUAguaBranca31dez18_EstoqueConsumidoOutorga.pdf,02 — Leis & Jurisprudência/2.1 Urbanística (PDE-LPUOS-COE),PLANEJADO,
arquivo,1Fdg7wpXLSOisdqMqPWY3QXNZVv10afbC,OUAguaBranca31dez18_EstoqueGeralOutorga.pdf,02 — Leis & Jurisprudência/2.1 Urbanística (PDE-LPUOS-COE),PLANEJADO,
arquivo,1kz5qraVK6wzWz5uvekBld9zSUeMYzUNM,OUAguaBrancaFinanceiroOutorgaMar24_Publicacao.pdf,02 — Leis & Jurisprudência/2.1 Urbanística (PDE-LPUOS-COE),PLANEJADO,
arquivo,1p4oVrEPWuXbtUgd84RlPra74eANf2bAq,Outorga Onerosa do Direito de Construir - Secretaria Municipal de Urbanismo e Licenciamento - Prefeitura.pdf,02 — Leis & Jurisprudência/2.1 Urbanística (PDE-LPUOS-COE),PLANEJADO,
arquivo,1bH6QEeUohTbEInPo9zwturzDg8Ob5xLC,PDE2013_SUBST2_Quadro_10_Equipamentos.pdf,02 — Leis & Jurisprudência/2.1 Urbanística (PDE-LPUOS-COE),PLANEJADO,
arquivo,1ZeNM01_7xMVgzi7UG6sZJ2qXBj4xlngW,PDE2013_SUBST2_Quadro_11_polo_de_economia_criativa.pdf,02 — Leis & Jurisprudência/2.1 Urbanística (PDE-LPUOS-COE),PLANEJADO,
arquivo,1LBLNUJqFF3kAHzWLUKKjF5aeyHKX5GxP,PDE2013_SUBST2_Quadro_12_perimetro_cultural_paulista_luz.pdf,02 — Leis & Jurisprudência/2.1 Urbanística (PDE-LPUOS-COE),PLANEJADO,
arquivo,1xKA5rRVMtaAPcczrhU2nDGU4QPTkCGtc,PDE2013_SUBST2_Quadro_13_perimetro_tecnológico_jaguaré.pdf,02 — Leis & Jurisprudência/2.1 Urbanística (PDE-LPUOS-COE),PLANEJADO,
arquivo,1Oqg0xIPQzwJKnpYvXPMbx6SIGFh7imQg,PDE2013_SUBST2_Quadro_14_cadastro.pdf,02 — Leis & Jurisprudência/2.1 Urbanística (PDE-LPUOS-COE),PLANEJADO,
arquivo,1l_K7QSCfRXBOoSfzQ5YKYYJ3zJYv22oJ,PDE2013_SUBST2_Quadro_1_CA_Definicoes.pdf,02 — Leis & Jurisprudência/2.1 Urbanística (PDE-LPUOS-COE),PLANEJADO,
arquivo,1x0k9Pu-yoKCVpy3Luw7ymcGs8rKlP-P4,PDE2013_SUBST2_Quadro_2_CA_Eixos.pdf,02 — Leis & Jurisprudência/2.1 Urbanística (PDE-LPUOS-COE),PLANEJADO,
arquivo,1D0bge5O8yc60b8pHV4foQSrXF1kuw-Ax,PDE2013_SUBST2_Quadro_2A_CA_Macroareas.pdf,02 — Leis & Jurisprudência/2.1 Urbanística (PDE-LPUOS-COE),PLANEJADO,
arquivo,1MWeMRIjLE-BmkCNhZwM56nN1wX3Hcw08,PDE2013_SUBST2_Quadro_3_CA_ZEIS.pdf,02 — Leis & Jurisprudência/2.1 Urbanística (PDE-LPUOS-COE),PLANEJADO,
arquivo,1NRaluhpGBbOEVg9gF5EZZtRg6MFPtBJ3,PDE2013_SUBST2_Quadro_4_percentuais_ZEIS.pdf,02 — Leis & Jurisprudência/2.1 Urbanística (PDE-LPUOS-COE),PLANEJADO,
arquivo,1jer7zuG7cISzczR_zrFMXojmZ6EsfBsE,PDE2013_SUBST2_Quadro_5_ Fator_interesse_social_Fs.pdf,02 — Leis & Jurisprudência/2.1 Urbanística (PDE-LPUOS-COE),PLANEJADO,
arquivo,1DET4erUd7b1uBmJi-sMqmK7QcznIBbag,PDE2013_SUBST2_Quadro_6_Fator_planejamento_Fp.pdf,02 — Leis & Jurisprudência/2.1 Urbanística (PDE-LPUOS-COE),PLANEJADO,
arquivo,1f0CwPmCAzFCbsS8yMGKk1oX6a7dWvlUo,PDE2013_SUBST2_Quadro_7_Parques_municipais_existentes_propostos.pdf,02 — Leis & Jurisprudência/2.1 Urbanística (PDE-LPUOS-COE),PLANEJADO,
arquivo,1SwxNlAD65zNBDjal_IDlO5r1jfii3lUi,PDE2013_SUBST2_Quadro_8_Residuos_solidos.pdf,02 — Leis & Jurisprudência/2.1 Urbanística (PDE-LPUOS-COE),PLANEJADO,
arquivo,1oeSGOangR7Lg9TYEMrjFXSk18aTino8i,PDE2013_SUBST2_Quadro_9_viario-estrutural.pdf,02 — Leis & Jurisprudência/2.1 Urbanística (PDE-LPUOS-COE),PLANEJADO,
arquivo,1BSCKQCp-VQGvn9Po5i49aSoxsXnwIpsU,PORTARIA SECRETARIA MUNICIPAL DE URBANISMO E LICENCIAMENTO - SMUL Nº 172 DE 10 DE DEZEMBRO DE 2024 « Catálogo de Legislação Municipal.pdf,02 — Leis & Jurisprudência/2.1 Urbanística (PDE-LPUOS-COE),PLANEJADO,
arquivo,1iRmrbQEBJktAZ8fvnq0dmqNZk4XChF2L,PORTARIA SECRETARIA MUNICIPAL DE URBANISMO E LICENCIAMENTO - SMUL Nº 8 DE 30 DE JANEIRO DE 2025 « Catálogo de Legislação Municipal.pdf,02 — Leis & Jurisprudência/2.1 Urbanística (PDE-LPUOS-COE),PLANEJADO,
arquivo,1IG6c6A7J6-IHTlMi9cyw1odTQiW5-EmL,PRONUNCIAMENTO SMUL.ATECC.CTLU_001_2024 - Secretaria Municipal de Urbanismo e Licenciamento - Prefeitura.pdf,02 — Leis & Jurisprudência/2.1 Urbanística (PDE-LPUOS-COE),PLANEJADO,
arquivo,1iLgAyoAkqz27OpBoS_WeWNOd3IHP0Izt,RESOLUÇÃO SECRETARIA MUNICIPAL DE DESENVOLVIMENTO URBANO - SMDU_CTLU Nº 12 DE 17 DE DEZEMBRO DE 2020 « Catálogo de Legislação Municipal.pdf,02 — Leis & Jurisprudência/2.1 Urbanística (PDE-LPUOS-COE),PLANEJADO,
arquivo,1VgnEQYGGE38WrfFD8RugGFtiAq1c6Z4q,RESOLUÇÃO SECRETARIA MUNICIPAL DE LICENCIAMENTO - SEL_CEUSO Nº 139 DE 27 DE ABRIL DE 2020 « Catálogo de Legislação Municipal.pdf,02 — Leis & Jurisprudência/2.1 Urbanística (PDE-LPUOS-COE),PLANEJADO,
arquivo,1kv8n-gh5bCv-GmsEl_zDVQxaxXCVyGzL,RESOLUÇÃO SECRETARIA MUNICIPAL DE URBANISMO E LICENCIAMENTO - SMUL_CAEHIS Nº 2 DE 2 DE SETEMBRO DE 2021 « Catálogo de Legislação Municipal.pdf,02 — Leis & Jurisprudência/2.1 Urbanística (PDE-LPUOS-COE),PLANEJADO,
arquivo,1eQSukZchES9PzOG7nmQVjc3-fJoMlUJQ,RESOLUÇÃO SECRETARIA MUNICIPAL DE URBANISMO E LICENCIAMENTO - SMUL_CAEHIS Nº 3 DE 7 DE OUTUBRO DE 2021 « Catálogo de Legislação Municipal.pdf,02 — Leis & Jurisprudência/2.1 Urbanística (PDE-LPUOS-COE),PLANEJADO,
arquivo,1ybtcOHluFmb20wrFsEU_wHkCnE3L4H5t,RESOLUÇÃO SECRETARIA MUNICIPAL DE URBANISMO E LICENCIAMENTO - SMUL_CEUSO Nº 138 DE 14 DE JUNHO DE 2021 « Catálogo de Legislação Municipal.pdf,02 — Leis & Jurisprudência/2.1 Urbanística (PDE-LPUOS-COE),PLANEJADO,
arquivo,1KJ1Atleeb7VsooECZbbB-tkERscukH0B,RESOLUÇÃO SECRETARIA MUNICIPAL DE URBANISMO E LICENCIAMENTO - SMUL_CEUSO Nº 141 DE 8 DE FEVEREIRO DE 2021 « Catálogo de Legislação Municipal.pdf,02 — Leis & Jurisprudência/2.1 Urbanística (PDE-LPUOS-COE),PLANEJADO,
arquivo,1Mr4uuuaWz7gzGxux5zSFJ7TZDQzx_h3w,RESOLUÇÃO SECRETARIA MUNICIPAL DE URBANISMO E LICENCIAMENTO - SMUL_CEUSO Nº 146 DE 27 DE JANEIRO DE 2022 « Catálogo de Legislação Municipal.pdf,02 — Leis & Jurisprudência/2.1 Urbanística (PDE-LPUOS-COE),PLANEJADO,
arquivo,1MJgWT2CBbcPYADQYeXyJEpIMGSwHj7yb,RESOLUÇÃO SECRETARIA MUNICIPAL DE URBANISMO E LICENCIAMENTO - SMUL_CEUSO Nº 150 DE 22 DE AGOSTO DE 2022 « Catálogo de Legislação Municipal.pdf,02 — Leis & Jurisprudência/2.1 Urbanística (PDE-LPUOS-COE),PLANEJADO,
arquivo,1LBUlijnE3pW3hD40nC1mv-PEI-W8eT0o,RESOLUÇÃO SECRETARIA MUNICIPAL DE URBANISMO E LICENCIAMENTO - SMUL_CTLU Nº 1 DE 27 DE FEVEREIRO DE 2023 « Catálogo de Legislação Municipal.pdf,02 — Leis & Jurisprudência/2.1 Urbanística (PDE-LPUOS-COE),PLANEJADO,
arquivo,1sdYYOJdQ2gUrcfPLdZPYjfo2bYNjRyw8,RESOLUÇÃO SECRETARIA MUNICIPAL DE URBANISMO E LICENCIAMENTO - SMUL_CTLU Nº 12 DE 10 DE DEZEMBRO DE 2018 « Catálogo de Legislação Municipal.pdf,02 — Leis & Jurisprudência/2.1 Urbanística (PDE-LPUOS-COE),PLANEJADO,
arquivo,1B_Ta_35nm6dIBfjhd4ecIJOGltPANgC_,RESOLUÇÃO SECRETARIA MUNICIPAL DE URBANISMO E LICENCIAMENTO - SMUL_CTLU Nº 12 DE 11 DE NOVEMBRO DE 2021 « Catálogo de Legislação Municipal.pdf,02 — Leis & Jurisprudência/2.1 Urbanística (PDE-LPUOS-COE),PLANEJADO,
arquivo,1xEvKnS65joB795TpMK64sRDvz9aocb2c,RESOLUÇÃO SECRETARIA MUNICIPAL DE URBANISMO E LICENCIAMENTO - SMUL_CTLU Nº 4 DE 4 DE ABRIL DE 2024 « Catálogo de Legislação Municipal.pdf,02 — Leis & Jurisprudência/2.1 Urbanística (PDE-LPUOS-COE),PLANEJADO,
arquivo,1kSWQrlRgW_Q0n5u8TR9-J7pUDpu8ZZj_,01-23 - APT - Associação Feminina Beneficente e Instrutiva Analia Franco - Página (1).pdf,02 — Leis & Jurisprudência/2.2 TDC-Patrimônio-ZEPEC,PLANEJADO,
arquivo,1rUWSAEXi6k4hhwu5mn7bsXdE4UcikhIP,01-23 - APT Antigo Lar Analia Franco - MAPA - Página.pdf,02 — Leis & Jurisprudência/2.2 TDC-Patrimônio-ZEPEC,PLANEJADO,
arquivo,1RLquuvk1yj9NKKCZl-pdMC0Ks-TOha9d,01-25 - Arquivamento Parcial das Manchas I e J e ID 50 a 52 da Res.11-23 - MAPA - Página.pdf,02 — Leis & Jurisprudência/2.2 TDC-Patrimônio-ZEPEC,PLANEJADO,
arquivo,1jfRMtMM5cLNEMax8eJpN1Uykxt0X1zkh,01-25 - Arquivamento Parcial das Manchas I e J e ID 50 a 52 da Res.11-23 - Página.pdf,02 — Leis & Jurisprudência/2.2 TDC-Patrimônio-ZEPEC,PLANEJADO,
arquivo,1C0E4eIShRcACE36I20E8bs33fVdXRlQC,02-21 - APT  Avenida Angélica 1900.pdf,02 — Leis & Jurisprudência/2.2 TDC-Patrimônio-ZEPEC,PLANEJADO,
arquivo,127IahNlzYuPDtzFVMsiWvt0Tptzjv4bD,02-22 APT Conjunto do Sindicato dos Metroviarios(1).pdf,02 — Leis & Jurisprudência/2.2 TDC-Patrimônio-ZEPEC,PLANEJADO,
arquivo,1z4UIp87VhLioPrhbk1nUvs-xXCzPzR08,02-23 - APT Cemiterio de São Paulo.pdf,02 — Leis & Jurisprudência/2.2 TDC-Patrimônio-ZEPEC,PLANEJADO,
arquivo,1tIqNC7xDZK0sUzoucjvuce5FK_LG2d7a,02-23 - APT Cemiterio São Paulo - MAPA - Página.pdf,02 — Leis & Jurisprudência/2.2 TDC-Patrimônio-ZEPEC,PLANEJADO,
arquivo,1TXClmL6RavMANYbfqd0Lz6KR_9LVW8Dz,02-24_-_tombamento_mancha_dos_bombeiros_-_pgina_1719838448.pdf,02 — Leis & Jurisprudência/2.2 TDC-Patrimônio-ZEPEC,PLANEJADO,
arquivo,1YbLd77kHhAFbyz0hMTMg59qE0A1V1xP-,02-24_-_tombamento_mancha_dos_bombeiros_-_quadro_i_-_pgina_1_1719838684.pdf,02 — Leis & Jurisprudência/2.2 TDC-Patrimônio-ZEPEC,PLANEJADO,
arquivo,1DARVYHEDkYErwg7GnQUg0gsYTE51hjry,02-25 - Tombamento Ex Officio do Edifício Santo André - Página.pdf,02 — Leis & Jurisprudência/2.2 TDC-Patrimônio-ZEPEC,PLANEJADO,
arquivo,1Do8O4OzhaqhregJJ_V0wCf_1Nby9LOAJ,03-23 - RAE da Sede do Antigo Sitio Itaim - MAPAS - Página(1).pdf,02 — Leis & Jurisprudência/2.2 TDC-Patrimônio-ZEPEC,PLANEJADO,
arquivo,177qvl-MzvDA9H7xzDL3xXKBk_dhLQqZO,03-23 - RAE da Sede do Antigo Sitio Itaim - Página(1).pdf,02 — Leis & Jurisprudência/2.2 TDC-Patrimônio-ZEPEC,PLANEJADO,
arquivo,1dLYHLjwnlmYDoeTaxZcPAN2Bkk59JtRY,"03-24 - Tombamento do Conjunto da Escadaria da Rua Alves Guimarães - Anexos I, II e III - Página.pdf",02 — Leis & Jurisprudência/2.2 TDC-Patrimônio-ZEPEC,PLANEJADO,
arquivo,1scDSTGMazJS-ocmwslR3FYDicMC573CI,03-24 - Tombamento do Conjunto da Escadaria da Rua Alves Guimarães - Página.pdf,02 — Leis & Jurisprudência/2.2 TDC-Patrimônio-ZEPEC,PLANEJADO,
arquivo,1caan6wh4NFNbOdXddaI5-hg-HCA1NUDt,03-25 - Arquivamento da Mancha H da Res.11-23 - Página.pdf,02 — Leis & Jurisprudência/2.2 TDC-Patrimônio-ZEPEC,PLANEJADO,
arquivo,1uU076bHOAbrvcduwkr1A4Tt2OLDm4U6o,"04-22 - Alterar a redação Art 2º, da Res_ 34-18 - Mapas - Página(1).pdf",02 — Leis & Jurisprudência/2.2 TDC-Patrimônio-ZEPEC,PLANEJADO,
arquivo,1lj35-9s6igQUNx8B76Hk9POrHj7dQVEu,"04-22 - Alteração da redação Art 2º, da Res_ 34-18 - Página(1).pdf",02 — Leis & Jurisprudência/2.2 TDC-Patrimônio-ZEPEC,PLANEJADO,
arquivo,19WZps5vOQVD7Boj1ZREHevCbDtN46Y0P,04-24 -  Tombamento da Escadaria da Rua Cristiano Viana - Anexos I e II - Página.pdf,02 — Leis & Jurisprudência/2.2 TDC-Patrimônio-ZEPEC,PLANEJADO,
arquivo,1Qxvgh7Xqf80rxIGfslRUOIqBAC-WlsBY,04-24 -  Tombamento da Escadaria da Rua Cristiano Viana - Página.pdf,02 — Leis & Jurisprudência/2.2 TDC-Patrimônio-ZEPEC,PLANEJADO,
arquivo,1rxDysnAc2IvKrrZlL8N8wyqnDeaztYBW,04-24 - Tombamento da Escadaria da Rua Cristiano Viana - MAPA - Página.pdf,02 — Leis & Jurisprudência/2.2 TDC-Patrimônio-ZEPEC,PLANEJADO,
arquivo,1tPGJX-MyMAMXc-I_qUbnIQBYU3EV9aAP,04-25 - Arquivamento das Manchas C e G e ID 13 a 17 e 21 a 26 da Res.11-23 - Página.pdf,02 — Leis & Jurisprudência/2.2 TDC-Patrimônio-ZEPEC,PLANEJADO,
arquivo,1AgHx0k7yNj1a7UTP9qgGt5IAKOgcn-kD,05-22 - Tombamento das Luminárias Ornamentais da Light - Página.pdf,02 — Leis & Jurisprudência/2.2 TDC-Patrimônio-ZEPEC,PLANEJADO,
arquivo,1wgj8z3N8saBcYpGtWUKnqB0mLZmheeue,05-23 - ZEPEC- APC - Espaco Itau de cinema Augusta(1).pdf,02 — Leis & Jurisprudência/2.2 TDC-Patrimônio-ZEPEC,PLANEJADO,
arquivo,19kxHcNKlKNZ8TTFWMLZn9bzxnjMNWvDs,05-24_-_plano_salvaguarda_-_pgina_1720030244.pdf,02 — Leis & Jurisprudência/2.2 TDC-Patrimônio-ZEPEC,PLANEJADO,
arquivo,1AsEpxy-4R98NU1QuhJDa1T_rpflBsB5i,05-25 - Arquivamento dos IDs 02 a 04 e IDs 07 e 08 da Res. 11-23 - Página.pdf,02 — Leis & Jurisprudência/2.2 TDC-Patrimônio-ZEPEC,PLANEJADO,
arquivo,1ODvPCX8moSh798S3cYEzx4b9OPGn1W14,"06-20 - APT imóvel Rua Gal_ Isidoro Lopes, 36 - para DOC.pdf",02 — Leis & Jurisprudência/2.2 TDC-Patrimônio-ZEPEC,PLANEJADO,
arquivo,1Oal4u_-Eb_DFg0k93wnutPOs4vBS2vl7,06-22 - Patrimônio Cultural Imaterial - Novena solene em honra a Nossa Senhora do Carmo.pdf,02 — Leis & Jurisprudência/2.2 TDC-Patrimônio-ZEPEC,PLANEJADO,
arquivo,1zLmbtMs9yws_FFsKxqA8sPVjLexJbpCg,06-23_Complexo Esportivo do Ibirapuera(1).pdf,02 — Leis & Jurisprudência/2.2 TDC-Patrimônio-ZEPEC,PLANEJADO,
arquivo,167SGfCMro1cPgwnE_37-qXn2_IfaKvia,06-23_Complexo Esportivo do Ibirapuera_Mapa(1).pdf,02 — Leis & Jurisprudência/2.2 TDC-Patrimônio-ZEPEC,PLANEJADO,
arquivo,1NNyX7u1G4Aieaa_rxPbs4acNskUe-GTW,"06-24 - Tombamento Antigas Residencias Rua Bela Cintra,954 e Rua Itapeva, 700 - Página (1).pdf",02 — Leis & Jurisprudência/2.2 TDC-Patrimônio-ZEPEC,PLANEJADO,
arquivo,1FMJTNWzPwjt83aWZ59uidjUq367-S3Ws,06-25 - Arquivamento dos IDs 42 a 48 da Res. 11-23 - Página (1).pdf,02 — Leis & Jurisprudência/2.2 TDC-Patrimônio-ZEPEC,PLANEJADO,
arquivo,1O8-YTTgaqBNQPf4HWD6D7f5aE9RFr3pB,07-24_-_apt_terreiro_ile_ase_omi_1719499071.pdf,02 — Leis & Jurisprudência/2.2 TDC-Patrimônio-ZEPEC,PLANEJADO,
arquivo,1swUIBz45l2GJSCdHr90x8yVqjhKAUaqH,07-24_-_apt_terreiro_ile_ase_omo_igbo_omi_-_mapa_1719334062.pdf,02 — Leis & Jurisprudência/2.2 TDC-Patrimônio-ZEPEC,PLANEJADO,
arquivo,1uvJMFzmUhX5B84XuUTCEkHx7n00kNWel,07-25 - Enquadramento como ZEPEC-APC do Território Augusta de Cinema - Página.pdf,02 — Leis & Jurisprudência/2.2 TDC-Patrimônio-ZEPEC,PLANEJADO,
arquivo,1-DZCcak6MYebUf3KkBBYQ9PBeWmn7wHc,08-23 - Zepec-APC - Santa Marina Atlético Clube - MAPA - Página.pdf,02 — Leis & Jurisprudência/2.2 TDC-Patrimônio-ZEPEC,PLANEJADO,
arquivo,1h0dLr0y2UE4LvVKDAr93chvNlALznO57,08-23 - Zepec-APC - Santa Marina Atlético Clube - Página.pdf,02 — Leis & Jurisprudência/2.2 TDC-Patrimônio-ZEPEC,PLANEJADO,
arquivo,1aJNHFAc5srJBXUUklO9y4vtGTZKICVik,08-24 - APT Terreiro de Candomblé Abassá Oxum Oxóssi - MAPA - Página.pdf,02 — Leis & Jurisprudência/2.2 TDC-Patrimônio-ZEPEC,PLANEJADO,
arquivo,1Lm-Be7GBKRSYBD0EQ9X7W7RJJq-CYPJn,08-24 - APT Terreiro de Candomblé Abassá Oxum Oxóssi - Página.pdf,02 — Leis & Jurisprudência/2.2 TDC-Patrimônio-ZEPEC,PLANEJADO,
arquivo,1jJ7ZNBO_lDqHOykV-CzrYIilVCUHLZ4d,09-23 - Arquivamento da APT - Conjunto do Sindicato dos Metroviários de São Paulo.pdf,02 — Leis & Jurisprudência/2.2 TDC-Patrimônio-ZEPEC,PLANEJADO,
arquivo,1KukXvP1zy314YLyIV_HT06YBU8li4HY-,09-24 - Revalidação de Registro do Teatro de Grupo da Cidade - Página.pdf,02 — Leis & Jurisprudência/2.2 TDC-Patrimônio-ZEPEC,PLANEJADO,
arquivo,1NUZ-qPngwgbIE5CKCUmYjLfiqWPZJfiI,09-25 - Registro como Patrimônio Cultural Imaterial da Festa do Divino Espírito Santo da Freguesia do Ó - Página.pdf,02 — Leis & Jurisprudência/2.2 TDC-Patrimônio-ZEPEC,PLANEJADO,
arquivo,1H5AsWox1JmDY4AjjR4d3KVAoXHjq5O1b,10-23 - Tombamento Vila João Migliari - MAPA.pdf,02 — Leis & Jurisprudência/2.2 TDC-Patrimônio-ZEPEC,PLANEJADO,
arquivo,1xuI_0ve5FipAnEel2Mk8NEtc2oFotB18,10-23 - Tombamento Vila João Migliari.pdf,02 — Leis & Jurisprudência/2.2 TDC-Patrimônio-ZEPEC,PLANEJADO,
arquivo,1_OXIKno_j7fqCQU8frHELVZ5WMy46-t9,10-24 - Tombamento da Escola Panamericana de Artes - Página.pdf,02 — Leis & Jurisprudência/2.2 TDC-Patrimônio-ZEPEC,PLANEJADO,
arquivo,1Vt6LAXzIQ23wuFIYvGWTVgAKpPVLpdrt,10-25 - APT do Mobiliário Bar Balcão - Página.pdf,02 — Leis & Jurisprudência/2.2 TDC-Patrimônio-ZEPEC,PLANEJADO,
arquivo,1yo9wB-_MGF8AGRRHOJIZbtt9aOmSgWwM,11-23 - APT - Perímertro - MAPA_compressed.pdf,02 — Leis & Jurisprudência/2.2 TDC-Patrimônio-ZEPEC,PLANEJADO,
arquivo,1WHsRWFn97mvp_lfrRdioT-qOho4DtkHc,11-23 - APT Perímetro Cerqueira César - Anexo I - Página.pdf,02 — Leis & Jurisprudência/2.2 TDC-Patrimônio-ZEPEC,PLANEJADO,
arquivo,1LH77kNuWc7VETXsPdlHyNfEfwHl1vwi1,11-23 - APT Perímetro Cerqueira César - Anexo II - Página.pdf,02 — Leis & Jurisprudência/2.2 TDC-Patrimônio-ZEPEC,PLANEJADO,
arquivo,1O1zHAUpe_xDO3hmsHoLFs3nkKGM7ojK4,11-23 - APT Perímetro Cerqueira César - Anexo III - Página.pdf,02 — Leis & Jurisprudência/2.2 TDC-Patrimônio-ZEPEC,PLANEJADO,
arquivo,1wfcg7OOw5WOcfIPT9qTaiyUYvu5s7roX,11-23 - APT Perímetro Cerqueira César - Página.pdf,02 — Leis & Jurisprudência/2.2 TDC-Patrimônio-ZEPEC,PLANEJADO,
arquivo,1pZf_SJCR-SaZMD9sahzdS8su-YvPDKUW,11-24 - Exclusão de imóveis 05 e 06 do anexo I da Res. 11-23 - Página.pdf,02 — Leis & Jurisprudência/2.2 TDC-Patrimônio-ZEPEC,PLANEJADO,
arquivo,1GuNVLiYLICMmIJ42XZtXy4BHhtI0cA3E,11-25 - Enquandramento como  ZEPEC-APC do Santa Marina Atlético Clube - Página.pdf,02 — Leis & Jurisprudência/2.2 TDC-Patrimônio-ZEPEC,PLANEJADO,
arquivo,1AzO04NgN_qxR6rS4BZlxUwiWK8Ca39Cx,11-25 -Enquandramento como  ZEPEC-APC do Santa Marina Atlético Clube - MAPA.pdf,02 — Leis & Jurisprudência/2.2 TDC-Patrimônio-ZEPEC,PLANEJADO,
arquivo,1XOM1Yq1O1HrxynbLMYNx89Dr3QPKS1LW,12-23 - APT Capela Dom Bosco.pdf,02 — Leis & Jurisprudência/2.2 TDC-Patrimônio-ZEPEC,PLANEJADO,
arquivo,1IW-_AkWsXF1Vsv0DBotNaqA06TyNbvQf,12-24 - Arquivamento da APT de Residência na Rua General Isidoro Dias Lopes n° 36 - Vila Amália - Página.pdf,02 — Leis & Jurisprudência/2.2 TDC-Patrimônio-ZEPEC,PLANEJADO,
arquivo,1BRzsMMmvtJ1jsgVOB7SOjytzUuQ3oYfp,13-24 - APT do Terreiro de Candomblé Ilé Dara Asé Òsun Eyin - Mapa.pdf,02 — Leis & Jurisprudência/2.2 TDC-Patrimônio-ZEPEC,PLANEJADO,
arquivo,1_DbYkMpzutfS2FJkCO_zpGZx78iT5kcg,13-24 - APT do Terreiro de Candomblé Ilé Dara Asé Òsun Eyin - Página.pdf,02 — Leis & Jurisprudência/2.2 TDC-Patrimônio-ZEPEC,PLANEJADO,
arquivo,15Bbzyv5N8ANQKigmDBgBiPSyHF6ujf60,13-25 - Complemento ao Arquivamento Parcial da Mancha D da Res. 11-23 - Página.pdf,02 — Leis & Jurisprudência/2.2 TDC-Patrimônio-ZEPEC,PLANEJADO,
arquivo,1hSyk7E3PXs8IoBFb8bmahp82heJYpo0N,14-23 - APT Solar Fábio Prado - MAPA.pdf,02 — Leis & Jurisprudência/2.2 TDC-Patrimônio-ZEPEC,PLANEJADO,
arquivo,1rLWsrXjAZMOH9-uDl_ZLFo4HzN8R-i8g,14-23 -APT Solar Fábio Prado.pdf,02 — Leis & Jurisprudência/2.2 TDC-Patrimônio-ZEPEC,PLANEJADO,
arquivo,1QELAvw0izJxVmm3Tlno9tCvgFOTTntIN,14-24 - Arquivamento da Mancha N - Sílvio Sacramento e Arruda Alvim da Res.11-23 - Página.pdf,02 — Leis & Jurisprudência/2.2 TDC-Patrimônio-ZEPEC,PLANEJADO,
arquivo,1-cKO3TU6wfpS02m0E0KmLRr0hPYqEj7C,14-25 - APT do Mirante de Santana e da Praça Vaz Guaçu - Página.pdf,02 — Leis & Jurisprudência/2.2 TDC-Patrimônio-ZEPEC,PLANEJADO,
arquivo,1qiZZSTHJ6d7OOCtMAa_JM7gLFgUe78IO,15-23 - Tombamento Ex-Officio do Conjunto Visconde de Porto Seguro - MAPA - Página.pdf,02 — Leis & Jurisprudência/2.2 TDC-Patrimônio-ZEPEC,PLANEJADO,
arquivo,1npexDcDl0kY8sj4Q6zF_GdR7-CRly_rq,15-23 - Tombamento Ex-Officio do Conjunto Visconde de Porto Seguro.pdf,02 — Leis & Jurisprudência/2.2 TDC-Patrimônio-ZEPEC,PLANEJADO,
arquivo,1or7cP5OtZBQTgURGHdUJPvsmtPy9NiTC,15-24 - Arquivamento dos Itens 33 e 34 da Res. 23-16 - Página.pdf,02 — Leis & Jurisprudência/2.2 TDC-Patrimônio-ZEPEC,PLANEJADO,
arquivo,1MZobdQTHRn1dKOJIxfDhaLdo_ACbomUp,15-25 - APT do Campo dos Engenheiros - Página.pdf,02 — Leis & Jurisprudência/2.2 TDC-Patrimônio-ZEPEC,PLANEJADO,
arquivo,1XX8BLzd2O7PwtQw4THQPkW2yPXXoXjVz,16-24 - Registro das práticas da Banda de Clarins e do Carrossel da Polícia Militar - Página.pdf,02 — Leis & Jurisprudência/2.2 TDC-Patrimônio-ZEPEC,PLANEJADO,
arquivo,1AOcY_5XX6wD5J8UZK0ljk3EvPW_cZ6gQ,16-25 - Complementação da Resolução nº 54-CONPRESP-2018 - Página.pdf,02 — Leis & Jurisprudência/2.2 TDC-Patrimônio-ZEPEC,PLANEJADO,
arquivo,1S6hQ918X13XJ2ojcHM7RmveCJGiCjJCh,17-24 - Arquivamento das Manchas E e F da Res.11-23 - Página.pdf,02 — Leis & Jurisprudência/2.2 TDC-Patrimônio-ZEPEC,PLANEJADO,
arquivo,1XQxULwDXIJ_Qmf5iByGodAZKByZ4sArI,17-25 - Tombamento do Templo Espiritualista de Umbanda São Benedito - Anexo Planta Esquemática - Página.pdf,02 — Leis & Jurisprudência/2.2 TDC-Patrimônio-ZEPEC,PLANEJADO,
arquivo,1T_-1yr0iaDZ6nGwb5wdH5yOhyWiAnFp7,17-25 - Tombamento do Templo Espiritualista de Umbanda São Benedito - Página.pdf,02 — Leis & Jurisprudência/2.2 TDC-Patrimônio-ZEPEC,PLANEJADO,
arquivo,12lspu2zPVyrCdmIePUX_b4hEEbPoJ9vu,18-24 - Arquivamento da Mancha M e ID 27 a 41 da Res.11-23 - Página.pdf,02 — Leis & Jurisprudência/2.2 TDC-Patrimônio-ZEPEC,PLANEJADO,
arquivo,1phTX_GrgTKcO7i90bqpBLG3IZraRE3Tn,19-24 - Arquivamento das Manchas A e B e ID 9 a 11 da Res.11-23 - Página.pdf,02 — Leis & Jurisprudência/2.2 TDC-Patrimônio-ZEPEC,PLANEJADO,
arquivo,1_iYp9NPgXaeOaf9ovb3vMfexTvqMohqw,20-24 - Arquivamento Parcial da Mancha D e ID 18 a 20 da Res.11-23 - Página.pdf,02 — Leis & Jurisprudência/2.2 TDC-Patrimônio-ZEPEC,PLANEJADO,
arquivo,1Y6gUIlu-igGfHg5SSF5godPWX3quiNHi,2017_36_Sao-Paulo_RAE-Residencias-da-Familia-Ramos-de-Azevedo_1753284677017.pdf,02 — Leis & Jurisprudência/2.2 TDC-Patrimônio-ZEPEC,PLANEJADO,
arquivo,1PdQwejB_21xcMqQXLsIkZfzOEuOUljOF,2017_61_Sao-Paulo_Praca-da-Se-e-Catedral-Metropolitana_1753284675356.pdf,02 — Leis & Jurisprudência/2.2 TDC-Patrimônio-ZEPEC,PLANEJADO,
arquivo,1I9rdpMfs1WVS481rTTQdhX4H6ljTGHRo,2017_62_Sao-Paulo_Colegio-Dante-Alighieri-–-Edificios-Leonardo-Da-Vinci-e-Colmeia-incluindo-patio_1753284675510.pdf,02 — Leis & Jurisprudência/2.2 TDC-Patrimônio-ZEPEC,PLANEJADO,
arquivo,180wOKhNsh3VRZJmf8NVHcUBupDPdYCEB,2018_102_Sao-Paulo_Moinho-Matarazzo_1753238762358.pdf,02 — Leis & Jurisprudência/2.2 TDC-Patrimônio-ZEPEC,PLANEJADO,
arquivo,1W4w6BTM4KrjaICjFBedBoGms85T044_S,2018_103_Sao-Paulo_Parque-Estadual-Fontes-do-Ipiranga_1753238783798.pdf,02 — Leis & Jurisprudência/2.2 TDC-Patrimônio-ZEPEC,PLANEJADO,
arquivo,1gtexvyF0vg57O4ZveHJg-KmYWJh2izlL,2018_105_Sao-Paulo_Hospital-Psiquiatrico-Philippe-Pinel_1753238856743.pdf,02 — Leis & Jurisprudência/2.2 TDC-Patrimônio-ZEPEC,PLANEJADO,
arquivo,1ifzSPK-H48cyTFCs2_J9RMUvD9gIqJS7,2018_129_Sao-Paulo_Vila-dos-Ingleses_1753239240017.pdf,02 — Leis & Jurisprudência/2.2 TDC-Patrimônio-ZEPEC,PLANEJADO,
arquivo,13w2XTIXF-amaud_RtBfdeAv3fc5xD97x,2018_131_Diversos_Retificacao_1753239292359.pdf,02 — Leis & Jurisprudência/2.2 TDC-Patrimônio-ZEPEC,PLANEJADO,
arquivo,1MT0Dg5a-VKTcLesn-EyBqPLgj8Wpls27,2018_24_Sao-Paulo_Casa-a-Rua-Ceara_1753238584741.pdf,02 — Leis & Jurisprudência/2.2 TDC-Patrimônio-ZEPEC,PLANEJADO,
arquivo,16IXaCcbh2Ex5kRg3FV6Bfb-8SoHelTRU,2018_30_Sao-Paulo_Tecelagem-de-Seda-Italo-Brasileira_1753238709931.pdf,02 — Leis & Jurisprudência/2.2 TDC-Patrimônio-ZEPEC,PLANEJADO,
arquivo,1VmFNTIlKb8s3ZpS4KbjDhTiG2VLRTk4M,2019_31_Sao-Paulo_Equipamentos-de-Saude-no-Bairro-Cerqueira-Cesar_1753237602814.pdf,02 — Leis & Jurisprudência/2.2 TDC-Patrimônio-ZEPEC,PLANEJADO,
arquivo,1NphTqP2q0NGxokvWQsW19L85j860wBx2,2019_35_Sao-Paulo_Terreiro-Santa-Barbara_1753237911022.pdf,02 — Leis & Jurisprudência/2.2 TDC-Patrimônio-ZEPEC,PLANEJADO,
arquivo,1L44KrS5xuQtLS_6GbSNhN8NuY9KuZU8q,2019_47_Sao-Paulo_Casa-Guilherme-de-Almeida_1753238121058.pdf,02 — Leis & Jurisprudência/2.2 TDC-Patrimônio-ZEPEC,PLANEJADO,
arquivo,19sbDcnTPqwzIky8FipXy61MVZK_f5qfp,2019_49_Sao-Paulo_-Conjunto-de-bens-imoveis-no-bairro-de-Higienopolis_1753238164725.pdf,02 — Leis & Jurisprudência/2.2 TDC-Patrimônio-ZEPEC,PLANEJADO,
arquivo,1vhs71GY8VBMECSjicgMKJjy4TMIfVXC-,2021_18_Sao-Paulo_Igreja-da-Ordem-Terceira-de-Nossa-Senhora-do-Carmo_1753237189376.pdf,02 — Leis & Jurisprudência/2.2 TDC-Patrimônio-ZEPEC,PLANEJADO,
arquivo,1xzCMrcJDFHBdqa-q811T91lJXGIrPSYx,2021_37_Sao-Paulo_Bairros-dos-Jardins_1753237339808.pdf,02 — Leis & Jurisprudência/2.2 TDC-Patrimônio-ZEPEC,PLANEJADO,
arquivo,1wnEAf548xVcPr_nQKmAT057TiQzo87NE,2022_07_Campinas_Conjunto-da-Estacao-Ferroviaria-Guanabara_1753232568474.pdf,02 — Leis & Jurisprudência/2.2 TDC-Patrimônio-ZEPEC,PLANEJADO,
arquivo,125FZ_kbK_06-s-RQilfk6xWsOsSx-3qA,2022_11_Sao-Paulo_RAE_Largo-da-Memoria_1753232569595.pdf,02 — Leis & Jurisprudência/2.2 TDC-Patrimônio-ZEPEC,PLANEJADO,
arquivo,1h6UgLOtmaV7zJZ4dEQvyYXXsZhCKujO6,2022_49_Sao-Paulo_RAE-Casa-Mario-de-Andrade_1753232569470.pdf,02 — Leis & Jurisprudência/2.2 TDC-Patrimônio-ZEPEC,PLANEJADO,
arquivo,10YmwE3GPCe1za5pm-FMoJwCNCOZ_f0GM,2022_51_Arapei_Fazenda-Rialto_1753232569256.pdf,02 — Leis & Jurisprudência/2.2 TDC-Patrimônio-ZEPEC,PLANEJADO,
arquivo,1RfrfI0GNr0tMoYXyHvZmS5Tr3-TUECxt,2022_52_Sao-Paulo_RAE-Escola-de-Primeiras-Letras_1753232569115.pdf,02 — Leis & Jurisprudência/2.2 TDC-Patrimônio-ZEPEC,PLANEJADO,
arquivo,15XZ65yfgtIdiQB4ToSw37h40ofkkxn_F,2022_59_Sao-Paulo_-RAE-Memorial-da-America-Latina-transcricao_1753232839715.pdf,02 — Leis & Jurisprudência/2.2 TDC-Patrimônio-ZEPEC,PLANEJADO,
arquivo,1U6NBRhg8tAehd_OunFQndamfyKun1gYE,2024_01_15 - Livreto Cartilha de Calçadas 2024 - Vrs NOVA NORMA - V12-1-24_compressed(1).pdf,02 — Leis & Jurisprudência/2.2 TDC-Patrimônio-ZEPEC,PLANEJADO,
arquivo,1puOg1pGx-huZXYEEyhtdtV4b8GLFVyd8,2024_10_Sao-Paulo_RAE-Igreja-de-Sao-Goncalo_definida_1753230558796.pdf,02 — Leis & Jurisprudência/2.2 TDC-Patrimônio-ZEPEC,PLANEJADO,
arquivo,1FxFAftg9JeT2Ep2B4jKCt_iA0VB7_ZbS,2024_36_Sao-Paulo_RAE-Matadouro-da-Vila-Mariana_1753230559005.pdf,02 — Leis & Jurisprudência/2.2 TDC-Patrimônio-ZEPEC,PLANEJADO,
arquivo,16XogPXPkqzh8GqSilgpti2SH6v3sGTQe,2024_37_Sao-Jose-dos-Campos_RAE-Sanatorio-Vicentina-Aranha_1753230558904.pdf,02 — Leis & Jurisprudência/2.2 TDC-Patrimônio-ZEPEC,PLANEJADO,
arquivo,1uaEp9dO9muYx2JgziRZwFv5D_lV4blbx,2025_03_Sao-Paulo_RAE-Casa-do-Sitio-do-Tatuape_1753229566669.pdf,02 — Leis & Jurisprudência/2.2 TDC-Patrimônio-ZEPEC,PLANEJADO,
arquivo,1v3oRxRtHztM-6hQ7WwJfg9TUVZfwY8R0,2025_05_Sao-Paulo_RAE-Sede-do-Sitio-Ressaca_1753229566431.pdf,02 — Leis & Jurisprudência/2.2 TDC-Patrimônio-ZEPEC,PLANEJADO,
arquivo,1gZRZPIlaFj6duS-vcOl4BTNZ6MIXY6ND,2025_06_Sao-Paulo_RAE-Igreja-Nossa-Senhora-da-Boa-Morte_1753229566247.pdf,02 — Leis & Jurisprudência/2.2 TDC-Patrimônio-ZEPEC,PLANEJADO,
arquivo,1QGyZJmX0YPT06z4HO71CqNfTr-bKl5N8,2025_07_Itu_RAE-Pedreira-de-Varvitos_1753229567444.pdf,02 — Leis & Jurisprudência/2.2 TDC-Patrimônio-ZEPEC,PLANEJADO,
arquivo,1QIF6et2lKR4wfjUU2-EM8UqNTwoy6NcT,2025_08_Sao-Sebastiao_RAE-Casa-da-Esperanca_1753229567334.pdf,02 — Leis & Jurisprudência/2.2 TDC-Patrimônio-ZEPEC,PLANEJADO,
arquivo,1UOdqOhJkK1YtFzHNP7QXM-xpE3MV73hF,2025_19_Sao-Paulo_RAE-Casa-de-Vidro-do-Morumbi_1753229567245.pdf,02 — Leis & Jurisprudência/2.2 TDC-Patrimônio-ZEPEC,PLANEJADO,
arquivo,1mSNLDNo2LHh7mYa_bEQ6SMIf4pbgCABI,2025_20_Sao-Sebastiao_RAE-Centro-Historico_1753229567107.pdf,02 — Leis & Jurisprudência/2.2 TDC-Patrimônio-ZEPEC,PLANEJADO,
arquivo,16iWflW1Hkb-2qA1de9hOyRuxIYKab4ds,2025_31_Sao-Paulo_RAE-Castelinho-da-Brigadeiro_1753229566887.pdf,02 — Leis & Jurisprudência/2.2 TDC-Patrimônio-ZEPEC,PLANEJADO,
arquivo,1rGez7luvkFfI15EiFEiAWPNwGBZ0ic9N,2025_4_Sao-Paulo_RAE-Estadio-Paulo-Machado-de-Carvalho_1753229566534.pdf,02 — Leis & Jurisprudência/2.2 TDC-Patrimônio-ZEPEC,PLANEJADO,
arquivo,13W2ltVw67AVchj8vL-rx3p5r4MrT-Eh7,2025_80_Mogi das Cruzes_RAE Igreja Ordem Primeira e Terceira de Nossa Senhora do Carmo_1765548385222.pdf,02 — Leis & Jurisprudência/2.2 TDC-Patrimônio-ZEPEC,PLANEJADO,
arquivo,1tDU_4kttvDzyKBbckeTLy77DedfzfF00,2025_81_Sao Paulo_RAE_Sitio Itaim_1765548385444.pdf,02 — Leis & Jurisprudência/2.2 TDC-Patrimônio-ZEPEC,PLANEJADO,
arquivo,1TzvZAuqdENjrbfONpPbKmejcBI4o4Jds,2025_82_Sao Paulo_RAE_Sitio Capao_1765548385626.pdf,02 — Leis & Jurisprudência/2.2 TDC-Patrimônio-ZEPEC,PLANEJADO,
arquivo,1iv3Pix9wMqZ_JmKqNQtBuz7JbC_ceN10,2025_83_Sao Paulo_RAE_Residencia Marieta Teixeira de Carvalho_1765548385729.pdf,02 — Leis & Jurisprudência/2.2 TDC-Patrimônio-ZEPEC,PLANEJADO,
arquivo,1bXKBFus5JaNGfvcpV8nX_wrh6mIkhNJV,2025_84_Sao Paulo_RAE_Residencia Elias Pacheco Chaves_1765548385965.pdf,02 — Leis & Jurisprudência/2.2 TDC-Patrimônio-ZEPEC,PLANEJADO,
arquivo,1DLPBJMQI1akWee1PBgK8O05P5NH2Ce0M,2025_85_Sao Paulo_RAE_Edificio do Antigo Banco de Sao Paulo_1765548386216.pdf,02 — Leis & Jurisprudência/2.2 TDC-Patrimônio-ZEPEC,PLANEJADO,
arquivo,13hk3KnCk2TD-RMntcND5insH6xUjpNsJ,2025_87_Araras_RAE_Antigo Forum de Araras_1766061596076.pdf,02 — Leis & Jurisprudência/2.2 TDC-Patrimônio-ZEPEC,PLANEJADO,
arquivo,1abnOh2zBGCtjvGcO_wYvbfe0oMY5699I,2025_88_Sao Paulo_RAE Edificio Esther e Antigo Instituto de Educacao Caetano de Campos_1765548386380.pdf,02 — Leis & Jurisprudência/2.2 TDC-Patrimônio-ZEPEC,PLANEJADO,
arquivo,1slr_iBJKG_jzajEYmFnnd0yBzbva2EIw,2025_89_Sao Paulo_RAE_Casas de Aluguel da Rua Bento Freitas_1765548386536.pdf,02 — Leis & Jurisprudência/2.2 TDC-Patrimônio-ZEPEC,PLANEJADO,
arquivo,1RQOseOfql-i0vBcGomILCfFuKGhWjjVo,2025_90_Sao Paulo_RAE Teatro Municipal e Edificio Alexandre Mackenzie_1765549460513.pdf,02 — Leis & Jurisprudência/2.2 TDC-Patrimônio-ZEPEC,PLANEJADO,
arquivo,10I2qbCeZuiSL9paIxieTlUN15WTCi9Ob,2025_91_Sao Paulo_RAE Igreja Santo Antonio_1765549460684.pdf,02 — Leis & Jurisprudência/2.2 TDC-Patrimônio-ZEPEC,PLANEJADO,
arquivo,1OXdlppbNi46qHwJ1SVnRjgJ2eUDhpsCS,2025_92_Sao Paulo_RAE_Escola de Primeiras Letras_1765548386667.pdf,02 — Leis & Jurisprudência/2.2 TDC-Patrimônio-ZEPEC,PLANEJADO,
arquivo,1HMXd0Z38PBsivSeC1Rd814OFV9aGZbNx,2025_93_Imaterial_Culturas Circenses_1766063267282.pdf,02 — Leis & Jurisprudência/2.2 TDC-Patrimônio-ZEPEC,PLANEJADO,
arquivo,1_HiTqavN81LBguNoWqfG-IvwJFMqJG8G,cartilha_doacao_area_parhis.pdf,02 — Leis & Jurisprudência/2.2 TDC-Patrimônio-ZEPEC,PLANEJADO,
arquivo,1NQu0kG4h_ERIEyhIXJ9jpn1FGv6Tizcl,Certidão de Transferência de Potencial Construtivo - Secretaria Municipal de Urbanismo e Licenciamento - Prefeitura.pdf,02 — Leis & Jurisprudência/2.2 TDC-Patrimônio-ZEPEC,PLANEJADO,
arquivo,1lWxc0h3l1XZIB-PabPRtsrCd1EK_6bVU,Declaração de Potencial Construtivo Passível de Transferência - Secretaria Municipal de Urbanismo e Licenciamento - Prefeitura.pdf,02 — Leis & Jurisprudência/2.2 TDC-Patrimônio-ZEPEC,PLANEJADO,
arquivo,18DmJzF6M0arVRZGHGLqYjlRil2POkSn1,Enquadramento de Atividade CNAE - Secretaria Municipal de Urbanismo e Licenciamento - Prefeitura.pdf,02 — Leis & Jurisprudência/2.2 TDC-Patrimônio-ZEPEC,PLANEJADO,
arquivo,1Uk78Xjs9tdB0disrDs4bRSctGe-sTvtm,Mapa02_ZEPEC.pdf,02 — Leis & Jurisprudência/2.2 TDC-Patrimônio-ZEPEC,PLANEJADO,
arquivo,1ULSbF05Ru0E3SJyQS1ufruCXgb4G2Qsn,Mapa_1___Perimetros_das_Zonas_exceto_ZEPEC.pdf,02 — Leis & Jurisprudência/2.2 TDC-Patrimônio-ZEPEC,PLANEJADO,
arquivo,1agsxu9hKigQ09VVkXmwJrajsDnc7_hFZ,Re2314RegistrocomoBemImaterialdoConjuntodeTeatrosPDF_1413396489.pdf,02 — Leis & Jurisprudência/2.2 TDC-Patrimônio-ZEPEC,PLANEJADO,
arquivo,1rZmmpcz5cwX8PSDsGMreVqb6Os25_kJ-,re2316aptimoveisindicadospelapopulacaozepecrepdf_1561649853.pdf,02 — Leis & Jurisprudência/2.2 TDC-Patrimônio-ZEPEC,PLANEJADO,
arquivo,1AloFLVbl7NlvlKAw5pwBmPAFku6jnobO,Resolucao 01_22 CONPRESP.pdf,02 — Leis & Jurisprudência/2.2 TDC-Patrimônio-ZEPEC,PLANEJADO,
arquivo,12rDZFoqvc8DHrE4H5yApLPxQI8LIizW2,Resolucao 07-23_Mancha dos Bombeiros.pdf,02 — Leis & Jurisprudência/2.2 TDC-Patrimônio-ZEPEC,PLANEJADO,
arquivo,14RB0BOq79D82-WF9sr8rAT0bHBIAZnqo,Resolucao 07-23_Mancha dos Bombeiros_MAPA.pdf,02 — Leis & Jurisprudência/2.2 TDC-Patrimônio-ZEPEC,PLANEJADO,
arquivo,141hPZ3KEKhmyrq1Yo7cTu9FYIKbcPgyk,RESOLUÇÃO SECRETARIA MUNICIPAL DE CULTURA - SMC_CONPRESP Nº 13 DE 13 DE NOVEMBRO DE 2023.pdf,02 — Leis & Jurisprudência/2.2 TDC-Patrimônio-ZEPEC,PLANEJADO,
arquivo,1o3hXQaBC8hZ345tHR_f3cInCB-__J81g,RESOLUÇÃO SECRETARIA MUNICIPAL DE CULTURA - SMC_CONPRESP Nº 22 DE 13 DE DEZEMBRO DE 2002 « Catálogo de Legislação Municipal.pdf,02 — Leis & Jurisprudência/2.2 TDC-Patrimônio-ZEPEC,PLANEJADO,
arquivo,1muwGBNhaHZEEFrJn2ZS18t3gDqC4YIaw,Anexo I da Lei nº 17.719_2021.pdf,02 — Leis & Jurisprudência/2.3 IPTU-Tributário Municipal,PLANEJADO,
arquivo,1XTpOF--3AUoxiyY-87_VHs2kDGiM0ib0,"Anexo I integrante da Lei nº 15.889, de 5 de novembro de 2013.pdf",02 — Leis & Jurisprudência/2.3 IPTU-Tributário Municipal,PLANEJADO,
arquivo,13WMCiE8Xm1T_BkU0-xWPtBoZjx9F5s9r,Anexo II da Lei nº 17.719_2021.pdf,02 — Leis & Jurisprudência/2.3 IPTU-Tributário Municipal,PLANEJADO,
arquivo,1thIZNvUvcKJ6ru0tkX4y62Ia-CcFQeH7,Anexo III da Lei 15.889_2013.pdf,02 — Leis & Jurisprudência/2.3 IPTU-Tributário Municipal,PLANEJADO,
arquivo,1tEP858hvJdReey1dhKcQVZ8a0yKOdjvP,Anexo III da Lei nº 17.719_2021.pdf,02 — Leis & Jurisprudência/2.3 IPTU-Tributário Municipal,PLANEJADO,
arquivo,1UhFjf145eTexdyQ2SwNNuaOodQN8SPp4,Anexos I e II - LEI Nº 18.330 de 11 de Novembro de 2025.pdf,02 — Leis & Jurisprudência/2.3 IPTU-Tributário Municipal,PLANEJADO,
arquivo,1Z96DTndx0o9ZLLZBtTjlYeUM9pCPdPJV,LEI Nº 10.235 de 16 de Dezembro de 1986.pdf,02 — Leis & Jurisprudência/2.3 IPTU-Tributário Municipal,PLANEJADO,
arquivo,1AmYokvl-LAaqeTGX1UUPOCCsxWqgzx2b,LEI Nº 10.819 de 28 de Dezembro de 1989.pdf,02 — Leis & Jurisprudência/2.3 IPTU-Tributário Municipal,PLANEJADO,
arquivo,1FqcbmhH1qDV1BDqgpnTAmFx2i48FCS0c,LEI Nº 11.152 DE 30 DE DEZEMBRO DE 1991 « Catálogo de Legislação Municipal.pdf,02 — Leis & Jurisprudência/2.3 IPTU-Tributário Municipal,PLANEJADO,
arquivo,1RJPQk_iHUwxHO6jTdFLeebP83gO6oIc5,LEI Nº 11.152 de 30 de Dezembro de 1991.pdf,02 — Leis & Jurisprudência/2.3 IPTU-Tributário Municipal,PLANEJADO,
arquivo,1VTkncZYamPFbAaiEqUqmVjxpktaPLt8G,LEI Nº 11.154 DE 30 DE DEZEMBRO DE 1991 « Catálogo de Legislação Municipal.pdf,02 — Leis & Jurisprudência/2.3 IPTU-Tributário Municipal,PLANEJADO,
arquivo,1yFINMGdItkYpLH_GuaolvmYDODhWpjIu,LEI Nº 11.308 de 17 de Dezembro de 1992.pdf,02 — Leis & Jurisprudência/2.3 IPTU-Tributário Municipal,PLANEJADO,
arquivo,1KUumsskF0RV-HKEqDXzaDUIPV7I8cQ7S,Lei nº 11.428.pdf,02 — Leis & Jurisprudência/2.3 IPTU-Tributário Municipal,PLANEJADO,
arquivo,1a1g4lIu7L7etDZOVOKdW6Xau6A3JOGP_,LEI Nº 11.614 de 13 de Julho de 1994.pdf,02 — Leis & Jurisprudência/2.3 IPTU-Tributário Municipal,PLANEJADO,
arquivo,1g9F7BcvKwkrw5QnCihwWMYsFz6gF-ILn,LEI Nº 13.250 de 27 de Dezembro de 2001.pdf,02 — Leis & Jurisprudência/2.3 IPTU-Tributário Municipal,PLANEJADO,
arquivo,1LDTStMOKDl_PKY8Fvniq-mDQLh8il4-F,LEI Nº 13.402 de 5 de Agosto de 2002.pdf,02 — Leis & Jurisprudência/2.3 IPTU-Tributário Municipal,PLANEJADO,
arquivo,1ETHmpdahgwNn9qIAAiXZL9NRGMegVYl4,LEI Nº 13.698 de 24 de Dezembro de 2003.pdf,02 — Leis & Jurisprudência/2.3 IPTU-Tributário Municipal,PLANEJADO,
arquivo,10KxO2Ed8rv_zqUY-y-pN2LO1QUptwg5M,LEI Nº 13.776 de 10 de Fevereiro de 2004.pdf,02 — Leis & Jurisprudência/2.3 IPTU-Tributário Municipal,PLANEJADO,
arquivo,1HH2S3W3Jh5gu3MAfg6MM8ns6DTBVALbI,LEI Nº 13.879 de 28 de Julho de 2004.pdf,02 — Leis & Jurisprudência/2.3 IPTU-Tributário Municipal,PLANEJADO,
arquivo,1hRLLr-LmiBRIWvsj6rKOxTEYSz-OUcxl,LEI Nº 14.089 de 22 de Novembro de 2005.pdf,02 — Leis & Jurisprudência/2.3 IPTU-Tributário Municipal,PLANEJADO,
arquivo,1BxfKWwlkv-A6oBT3D--_5ojz6Y-bFXC7,LEI Nº 14.094 DE 6 DE DEZEMBRO DE 2005 « Catálogo de Legislação Municipal.pdf,02 — Leis & Jurisprudência/2.3 IPTU-Tributário Municipal,PLANEJADO,
arquivo,1Uzwubn73LpnZXbOA6dmAM_MzRbLMMFPy,LEI Nº 14.107 de 12 de Dezembro de 2005.pdf,02 — Leis & Jurisprudência/2.3 IPTU-Tributário Municipal,PLANEJADO,
arquivo,1ZVIHAySIsC1mrKjm6X00RuQFX5QcgO5O,LEI Nº 14.256 de 29 de Dezembro de 2006.pdf,02 — Leis & Jurisprudência/2.3 IPTU-Tributário Municipal,PLANEJADO,
arquivo,1Sr46ue7GTXpZdiq8dmhR5WJkejPcQ5yn,LEI Nº 14.865 de 29 de Dezembro de 2008.pdf,02 — Leis & Jurisprudência/2.3 IPTU-Tributário Municipal,PLANEJADO,
arquivo,1a9Y5eAQUrWHzWQQY_rjEeYR5sa6LqHjL,LEI Nº 15.044 DE 3 DE DEZEMBRO DE 2009 « Catálogo de Legislação Municipal.pdf,02 — Leis & Jurisprudência/2.3 IPTU-Tributário Municipal,PLANEJADO,
arquivo,1TsB_KCsjokGYNtN1ZH2hA4L117113UBn,LEI Nº 15.044 de 3 de Dezembro de 2009.pdf,02 — Leis & Jurisprudência/2.3 IPTU-Tributário Municipal,PLANEJADO,
arquivo,1uujcrDFVTvmeVcK40G-bVqEp3symy0_r,LEI Nº 15.150 DE 6 DE MAIO DE 2010 « Catálogo de Legislação Municipal.pdf,02 — Leis & Jurisprudência/2.3 IPTU-Tributário Municipal,PLANEJADO,
arquivo,1jYt-nEpD0Jy9njAxS7v_8vNX_sxd63PJ,LEI Nº 15.360 de 14 de Março de 2011.pdf,02 — Leis & Jurisprudência/2.3 IPTU-Tributário Municipal,PLANEJADO,
arquivo,1O8HI8LAGDkgER7zSDp7mRebH6rh6M4Ft,LEI Nº 15.406 de 8 de Julho de 2011.pdf,02 — Leis & Jurisprudência/2.3 IPTU-Tributário Municipal,PLANEJADO,
arquivo,1mOsQdr4gpT2h_1p-qgD1qKp4HBLnS24x,LEI Nº 15.723 DE 24 DE ABRIL DE 2013 « Catálogo de Legislação Municipal.pdf,02 — Leis & Jurisprudência/2.3 IPTU-Tributário Municipal,PLANEJADO,
arquivo,1mJx4aciny0rw1paZcTNW2Cyx0ubEooXm,LEI Nº 15.889 de 5 de Novembro de 2013.pdf,02 — Leis & Jurisprudência/2.3 IPTU-Tributário Municipal,PLANEJADO,
arquivo,1XBSkcnTB-SlLMen0RJQUO8SJrk5F4287,LEI Nº 16.757 de 14 de Novembro de 2017.pdf,02 — Leis & Jurisprudência/2.3 IPTU-Tributário Municipal,PLANEJADO,
arquivo,1V-kE2mjo0lJsqJEiA2pjqXfGOimKSZZG,LEI Nº 17.092 de 23 de Maio de 2019.pdf,02 — Leis & Jurisprudência/2.3 IPTU-Tributário Municipal,PLANEJADO,
arquivo,1cQjyd-nQx_fjNszOuRa6N5CBb9NraOiw,LEI Nº 17.104 DE 30 DE MAIO DE 2019 « Catálogo de Legislação Municipal.pdf,02 — Leis & Jurisprudência/2.3 IPTU-Tributário Municipal,PLANEJADO,
arquivo,1BzJm7JV5mrEZzmCmLSjTWoixYn7rmcz9,LEI Nº 17.202 DE 16 DE OUTUBRO DE 2019 « Catálogo de Legislação Municipal.pdf,02 — Leis & Jurisprudência/2.3 IPTU-Tributário Municipal,PLANEJADO,
arquivo,1jZUhmx71_NNTuKz77VQPcDXO3p_Ahb7Z,LEI Nº 17.217 DE 23 DE OUTUBRO DE 2019 « Catálogo de Legislação Municipal.pdf,02 — Leis & Jurisprudência/2.3 IPTU-Tributário Municipal,PLANEJADO,
arquivo,1t7VUYckCUxQePNlYzAJc9Axb_mwRu5yw,LEI Nº 17.557 de 26 de Maio de 2021.pdf,02 — Leis & Jurisprudência/2.3 IPTU-Tributário Municipal,PLANEJADO,
arquivo,1LCqgXQmT8HIcVSaa0-WGezxDAPvF1bOh,LEI Nº 17.577 DE 20 DE JULHO DE 2021 « Catálogo de Legislação Municipal.pdf,02 — Leis & Jurisprudência/2.3 IPTU-Tributário Municipal,PLANEJADO,
arquivo,1ISllik23zsVeefYTWwC2MCYB4E2no8Kx,LEI Nº 17.719 de 26 de Novembro de 2021.pdf,02 — Leis & Jurisprudência/2.3 IPTU-Tributário Municipal,PLANEJADO,
arquivo,13cu1rgCXTnPeBvd0uryDTABBFmFhctHy,LEI Nº 17.733 DE 11 DE JANEIRO DE 2022 « Catálogo de Legislação Municipal.pdf,02 — Leis & Jurisprudência/2.3 IPTU-Tributário Municipal,PLANEJADO,
arquivo,1pnKdd7n8cMPatJ1zKfd9J5ZpmMbBIsM5,LEI Nº 17.734 DE 11 DE JANEIRO DE 2022 « Catálogo de Legislação Municipal.pdf,02 — Leis & Jurisprudência/2.3 IPTU-Tributário Municipal,PLANEJADO,
arquivo,1LaCDRmdJ41EWnQbrt3WzOMouDIceQs6Z,LEI Nº 17.844 DE 14 DE SETEMBRO DE 2022 « Catálogo de Legislação Municipal.pdf,02 — Leis & Jurisprudência/2.3 IPTU-Tributário Municipal,PLANEJADO,
arquivo,1mcCEbTa7ujsYiG1-kT9IPFa3vfsH1HK4,LEI Nº 17.853 DE 29 DE NOVEMBRO DE 2022 « Catálogo de Legislação Municipal.pdf,02 — Leis & Jurisprudência/2.3 IPTU-Tributário Municipal,PLANEJADO,
arquivo,1xoEiPW-wqmsPFpLqM_Ybp-Q7A1WH2UU3,LEI Nº 17.975 DE 8 DE JULHO DE 2023 « Catálogo de Legislação Municipal.pdf,02 — Leis & Jurisprudência/2.3 IPTU-Tributário Municipal,PLANEJADO,
arquivo,1l6BEAUryN8TIW3KSqpEIAUXjbvu2FA6I,LEI Nº 18.081 DE 19 DE JANEIRO DE 2024 « Catálogo de Legislação Municipal.pdf,02 — Leis & Jurisprudência/2.3 IPTU-Tributário Municipal,PLANEJADO,
arquivo,1B2aLXzlZY837l2BwTcGhXGDRNcK5QZ98,LEI Nº 18.095 de 19 de Março de 2024.pdf,02 — Leis & Jurisprudência/2.3 IPTU-Tributário Municipal,PLANEJADO,
arquivo,1TVYkcjCIYOSYr_vNzMltuyxUjWkqVA1C,LEI Nº 18.177 DE 25 DE JULHO DE 2024 « Catálogo de Legislação Municipal.pdf,02 — Leis & Jurisprudência/2.3 IPTU-Tributário Municipal,PLANEJADO,
arquivo,1c2LQ22vpNM2-suKYJNTJ-PgUKGLF50j6,LEI Nº 18.209 DE 20 DE DEZEMBRO DE 2024 « Catálogo de Legislação Municipal.pdf,02 — Leis & Jurisprudência/2.3 IPTU-Tributário Municipal,PLANEJADO,
arquivo,1k8ezfvkmMOiUsoL_pzA-vBIUhm44SvmC,LEI Nº 18.222 DE 27 DE DEZEMBRO DE 2024 « Catálogo de Legislação Municipal.pdf,02 — Leis & Jurisprudência/2.3 IPTU-Tributário Municipal,PLANEJADO,
arquivo,1F8Bcj4DfmKt3-uFsXdMO7CqMqO70hgcj,LEI Nº 18.270 de 12 de Junho de 2025.pdf,02 — Leis & Jurisprudência/2.3 IPTU-Tributário Municipal,PLANEJADO,
arquivo,1F__Xn0_m3May46FpP3e6YFNloTdqdfwh,LEI Nº 18.298 DE 17 DE SETEMBRO DE 2025 « Catálogo de Legislação Municipal.pdf,02 — Leis & Jurisprudência/2.3 IPTU-Tributário Municipal,PLANEJADO,
arquivo,1Z3MjJAnPPqHh6UKZ9mNC9PpfaDbDXEKI,LEI Nº 18.330 de 11 de Novembro de 2025.pdf,02 — Leis & Jurisprudência/2.3 IPTU-Tributário Municipal,PLANEJADO,
arquivo,1XU4Ol06BrfVp3xhUepIr26nhZaKNo0UW,LEI Nº 6.989 de 29 de Dezembro de 1966.pdf,02 — Leis & Jurisprudência/2.3 IPTU-Tributário Municipal,PLANEJADO,
arquivo,1ekB9Ufwq_xA05LtUxbYakAkEC_kZ45P-,MAPA da Lei nº 18081_2024.pdf,02 — Leis & Jurisprudência/2.3 IPTU-Tributário Municipal,PLANEJADO,
arquivo,1vn2hJEakthUiKiX3_LymPNA6vl2hmigg,RAZÕES DO VETO AO PROJETO DE LEI Nº 272_2015; OFÍCIO DE 22 DE MARÇO DE 2016 « Catálogo de Legislação Municipal.pdf,02 — Leis & Jurisprudência/2.3 IPTU-Tributário Municipal,PLANEJADO,
arquivo,1ecFHFCR5hgAJ9A4oH3qcy_hjP67F7Acc,Tabela - Faixa de consumo mensal em kWh X Valor em R$ LEI Nº 17.719 de 26 de Novembro de 2021.pdf,02 — Leis & Jurisprudência/2.3 IPTU-Tributário Municipal,PLANEJADO,
arquivo,1Nd65GkWXGs0jZk6fGLwYq7pf1drfLNKv,_lei-federal-4591-1964.txt,02 — Leis & Jurisprudência/2.4 Federal e Constituição,PLANEJADO,
arquivo,1gPnYPi-3kjMvk85dAJ7Asp2pcoPATesj,"Art. 156 da Constituição Federal, de 1988.pdf",02 — Leis & Jurisprudência/2.4 Federal e Constituição,PLANEJADO,
arquivo,16ELdzUPdLmRQ4b-Ux_QVD60q4XFFQdCT,Cartilha Estatuto da Cidade 10 anos.pdf,02 — Leis & Jurisprudência/2.4 Federal e Constituição,PLANEJADO,
arquivo,1aZmX-dbVdJJsYLxcnGYHteWP5PPkIhR2,Constituição.pdf,02 — Leis & Jurisprudência/2.4 Federal e Constituição,PLANEJADO,
arquivo,1jrIjLb8kjqTpRHC0WAFMIGP_5zSHO7Ls,"Código Tributário Nacional LEI Nº 5.172, DE 25 DE OUTUBRO DE 1966.pdf",02 — Leis & Jurisprudência/2.4 Federal e Constituição,PLANEJADO,
arquivo,1sdHIT_dpxxobf4nhtsrmS62p4bbKv4qo,L10257.pdf,02 — Leis & Jurisprudência/2.4 Federal e Constituição,PLANEJADO,
arquivo,1B-29u5vWlTrjzYuA4ugMLp56i1sxRRG1,L10931.pdf,02 — Leis & Jurisprudência/2.4 Federal e Constituição,PLANEJADO,
arquivo,1XiAq9CmY7dQZLPTSa2wY1i1jkraCNV2O,L12651.pdf,02 — Leis & Jurisprudência/2.4 Federal e Constituição,PLANEJADO,
arquivo,1JAUEHk3pko9yeaUWJE88OdP-4lhdFJ6n,L6830.pdf,02 — Leis & Jurisprudência/2.4 Federal e Constituição,PLANEJADO,
arquivo,1eIc406loOGeRdvnCxGXYSe6bnr0wFMk4,L6938.pdf,02 — Leis & Jurisprudência/2.4 Federal e Constituição,PLANEJADO,
arquivo,1-e-gjoMNF1TLBKEwVMqJM9UmkSMgnFum,L8009.pdf,02 — Leis & Jurisprudência/2.4 Federal e Constituição,PLANEJADO,
arquivo,1EGQFd7sQe8s_QX1Bxa2E7MXUvY5UE3F4,L8668.pdf,02 — Leis & Jurisprudência/2.4 Federal e Constituição,PLANEJADO,
arquivo,1Yb3seugmh3OYutHBJ53LMKkCEEqWmbX4,L9514.pdf,02 — Leis & Jurisprudência/2.4 Federal e Constituição,PLANEJADO,
arquivo,1Hu1z-YXe7QxEYY5ZyTCeiBJ20xypsz7J,Lei nº 11.101.pdf,02 — Leis & Jurisprudência/2.4 Federal e Constituição,PLANEJADO,
arquivo,1ankJJd8hGGINab_FUPdFbjBoFEO-ebEv,"LEI Nº 9.514, DE 20 DE NOVEMBRO DE 1997.pdf",02 — Leis & Jurisprudência/2.4 Federal e Constituição,PLANEJADO,
arquivo,1Q_UIMVOV_LpdsfOSiwh1B6mZxMhNBG3Z,lei-federal-6015-1973-etapa-1.tx.txt,02 — Leis & Jurisprudência/2.4 Federal e Constituição,PLANEJADO,
arquivo,1jeKokg0iyJMq1vCWNvboNRS099FjpwnY,03-22 - Detalhamento da Resolução 22-2002 - para página.pdf,02 — Leis & Jurisprudência/2.5 Infralegal,PLANEJADO,
arquivo,16XJbm0jcR0HTH6MSoorxBd7hG460n1-r,08-25 - Complementação e detalhamento da Resolução 02-24 - MAPA.pdf,02 — Leis & Jurisprudência/2.5 Infralegal,PLANEJADO,
arquivo,1ANmGCiBvvK40j5Y8wBV6iWq05sYjzfNU,08-25 - Complementação e detalhamento da Resolução 02-24 - Página.pdf,02 — Leis & Jurisprudência/2.5 Infralegal,PLANEJADO,
arquivo,1jgXGfKPQ4vMsKL4G9Kl6brjBhalojYeE,08-25 - Complementação e detalhamento da Resolução 02-24 - QUADRO 1.pdf,02 — Leis & Jurisprudência/2.5 Infralegal,PLANEJADO,
arquivo,1mdRC13p9TYhV3sVazkCS6hvEWd41ld61,08-25 - Complementação e detalhamento da Resolução 02-24 - QUADRO II.pdf,02 — Leis & Jurisprudência/2.5 Infralegal,PLANEJADO,
arquivo,16MqsmItsvYOKy5mAUE_zmtl8G2-NLaY2,19-25 - Revisão da Resolução 05-2020 - Página.pdf,02 — Leis & Jurisprudência/2.5 Infralegal,PLANEJADO,
arquivo,1ADStSbYhp9byERMW2vvEBuLuuAvxG1Mb,Anexo I do Decreto 58_289_2018.pdf,02 — Leis & Jurisprudência/2.5 Infralegal,PLANEJADO,
arquivo,1XwbeX64SbWTeAIdRotqmFydZAa6FcPPs,Anexo V do Decreto 58.289_2018.pdf,02 — Leis & Jurisprudência/2.5 Infralegal,PLANEJADO,
arquivo,1upT7KQ2GMacQc-0uFS-rxM-ec_O48A1i,Anexo Único do Decreto 52.884_2011.pdf,02 — Leis & Jurisprudência/2.5 Infralegal,PLANEJADO,
arquivo,1CYAD8JIelwJRRMhJ33CYMb_Ra5lA_-NA,ARQUIP _ DOSP - 105163385 - Decreto.pdf,02 — Leis & Jurisprudência/2.5 Infralegal,PLANEJADO,
arquivo,1wgmDArNgFALh0RypRZnT45pk6XcSKRVd,ARQUIP _ DOSP - 148669538 - Decreto.pdf,02 — Leis & Jurisprudência/2.5 Infralegal,PLANEJADO,
arquivo,1-bQT2Ko7aC7PscGKJwMxN4yQgh9RJqCG,ARQUIP _ DOSP - 149729786 - Portaria.pdf,02 — Leis & Jurisprudência/2.5 Infralegal,PLANEJADO,
arquivo,1O6swdMMqOCE86d3EllLWcGLws0JMZU6a,D57536.pdf,02 — Leis & Jurisprudência/2.5 Infralegal,PLANEJADO,
arquivo,1lixqSHNwb-fKnHWkst1upJfr2KbeqpIx,"decreto n.59.263, de 05.06.2013.pdf",02 — Leis & Jurisprudência/2.5 Infralegal,PLANEJADO,
arquivo,1TNDxjtBm4ruAdBrYmroQwlsoNoVB11Vm,DECRETO Nº 52.884 DE 28 DE DEZEMBRO DE 2011 « Catálogo de Legislação Municipal.pdf,02 — Leis & Jurisprudência/2.5 Infralegal,PLANEJADO,
arquivo,15tPipqJEgwWcI4hnHkUsV4kR4XAjVHlD,DECRETO Nº 52.884 de 28 de Dezembro de 2011.pdf,02 — Leis & Jurisprudência/2.5 Infralegal,PLANEJADO,
arquivo,14BGpfJXZ1Mmh86b2jIAcVUeEPg7MVFZf,DECRETO Nº 56.954 de 28 de Abril de 2016.pdf,02 — Leis & Jurisprudência/2.5 Infralegal,PLANEJADO,
arquivo,1UOJLuP_iP2TsDQirL8pikJozHKbkl5rC,DECRETO Nº 57.299 DE 8 DE SETEMBRO DE 2016 « Catálogo de Legislação Municipal.pdf,02 — Leis & Jurisprudência/2.5 Infralegal,PLANEJADO,
arquivo,1PieuCjPGrWio22UwcYEmGR33JM58OHEx,DECRETO Nº 57.443 DE 10 DE NOVEMBRO DE 2016 « Catálogo de Legislação Municipal.pdf,02 — Leis & Jurisprudência/2.5 Infralegal,PLANEJADO,
arquivo,1Eg2RUyTRfEgRT7gj25Dn3h8yaJgiDkw7,DECRETO Nº 57.521 DE 9 DE DEZEMBRO DE 2016 « Catálogo de Legislação Municipal.pdf,02 — Leis & Jurisprudência/2.5 Infralegal,PLANEJADO,
arquivo,1hLFR5EZWVUOi4rS9gMvkynudDLjUekFk,DECRETO Nº 57.536 DE 15 DE DEZEMBRO DE 2016 « Catálogo de Legislação Municipal.pdf,02 — Leis & Jurisprudência/2.5 Infralegal,PLANEJADO,
arquivo,1vJxueY0EQljJXYbFmYEVUwfIfJUvjSgc,DECRETO Nº 57.565 DE 27 DE DEZEMBRO DE 2016 « Catálogo de Legislação Municipal.pdf,02 — Leis & Jurisprudência/2.5 Infralegal,PLANEJADO,
arquivo,13ejOZxiVBL5CsLbJ8AagcEP0zeCubesl,DECRETO Nº 57.770 DE 3 DE JULHO DE 2017 « Catálogo de Legislação Municipal.pdf,02 — Leis & Jurisprudência/2.5 Infralegal,PLANEJADO,
arquivo,1USVfYQgBZ3q3nmXdDyZmcYck1RQ9wDRj,DECRETO Nº 57.776 DE 7 DE JULHO DE 2017 « Catálogo de Legislação Municipal.pdf,02 — Leis & Jurisprudência/2.5 Infralegal,PLANEJADO,
arquivo,1LZWeHQeNOVnv2SonFbA931_98pJMl2pQ,DECRETO Nº 58.028 DE 11 DE DEZEMBRO DE 2017 « Catálogo de Legislação Municipal.pdf,02 — Leis & Jurisprudência/2.5 Infralegal,PLANEJADO,
arquivo,1cbyfF-eRsgMZdzfPruMXkBKoe_-fDTcQ,DECRETO Nº 58.094 DE 21 DE FEVEREIRO DE 2018 « Catálogo de Legislação Municipal.pdf,02 — Leis & Jurisprudência/2.5 Infralegal,PLANEJADO,
arquivo,1QpzghHXhuXTcDY_FhzasyGLuhQvbPaVa,DECRETO Nº 58.176 DE 3 DE ABRIL DE 2018 « Catálogo de Legislação Municipal.pdf,02 — Leis & Jurisprudência/2.5 Infralegal,PLANEJADO,
arquivo,1sP4PPjXg2P0SISeAilJtbCpkVXLR7Zk8,DECRETO Nº 58.592 de 27 de Dezembro de 2018.pdf,02 — Leis & Jurisprudência/2.5 Infralegal,PLANEJADO,
arquivo,1zCjN_PtAyiVG6w3rFGar_XoH1jCytJqT,DECRETO Nº 58.707 DE 8 DE ABRIL DE 2019 « Catálogo de Legislação Municipal.pdf,02 — Leis & Jurisprudência/2.5 Infralegal,PLANEJADO,
arquivo,1nRlg9QQOIhDf5JFR33Qwo4bJR2U55qzL,DECRETO Nº 58.955 DE 20 DE SETEMBRO DE 2019 « Catálogo de Legislação Municipal.pdf,02 — Leis & Jurisprudência/2.5 Infralegal,PLANEJADO,
arquivo,1p-3BdWwkmA0V2kTmR-R98f2zq1KCqaNQ,DECRETO Nº 59.163 DE 27 DE DEZEMBRO DE 2019 « Catálogo de Legislação Municipal.pdf,02 — Leis & Jurisprudência/2.5 Infralegal,PLANEJADO,
arquivo,1lfqvnfC8mG_fFJhdk0u_FMNwqCjFLT1b,DECRETO Nº 59.164 DE 27 DE DEZEMBRO DE 2019 « Catálogo de Legislação Municipal.pdf,02 — Leis & Jurisprudência/2.5 Infralegal,PLANEJADO,
arquivo,1kJOU1pq-OEzwdj0p5FUUC-llE_0MltkT,DECRETO Nº 59.671 DE 7 DE AGOSTO DE 2020 « Catálogo de Legislação Municipal.pdf,02 — Leis & Jurisprudência/2.5 Infralegal,PLANEJADO,
arquivo,1sxEJFp35kRHUtRNQAKDgbmncywSPsnsC,DECRETO Nº 59.886 DE 4 DE NOVEMBRO DE 2020 « Catálogo de Legislação Municipal.pdf,02 — Leis & Jurisprudência/2.5 Infralegal,PLANEJADO,
arquivo,1gc737AIUz31BK5xu_FOtI0WPxiLGhR1c,DECRETO Nº 60.581 DE 27 DE SETEMBRO DE 2021 « Catálogo de Legislação Municipal.pdf,02 — Leis & Jurisprudência/2.5 Infralegal,PLANEJADO,
arquivo,1O9xarXPHT1EbPJUxMyOpkYf4DjKSSJpo,DECRETO Nº 60.939 DE 23 DE DEZEMBRO DE 2021 « Catálogo de Legislação Municipal.pdf,02 — Leis & Jurisprudência/2.5 Infralegal,PLANEJADO,
arquivo,1lk_nv-Ksa-LYLZ4k8eoQC2FstySQW_JK,DECRETO Nº 60.939 de 23 de Dezembro de 2021.pdf,02 — Leis & Jurisprudência/2.5 Infralegal,PLANEJADO,
arquivo,1uPBliLcqm0tLc4rSVt_WQBKtAdxNJ-BK,DECRETO Nº 61.137 DE 10 DE MARÇO DE 2022 « Catálogo de Legislação Municipal.pdf,02 — Leis & Jurisprudência/2.5 Infralegal,PLANEJADO,
arquivo,1JTAOjP6OrBhZjFuXh9jgWzmONzY8j0KC,DECRETO Nº 61.218 DE 6 DE ABRIL DE 2022 « Catálogo de Legislação Municipal.pdf,02 — Leis & Jurisprudência/2.5 Infralegal,PLANEJADO,
arquivo,1NaejVn7PWGPYRaMyx43tjn51GpNV9lLL,DECRETO Nº 62.175 DE 24 DE FEVEREIRO DE 2023 « Catálogo de Legislação Municipal.pdf,02 — Leis & Jurisprudência/2.5 Infralegal,PLANEJADO,
arquivo,1fD7wIU7bRBXDhoCUw4hhU-pPCq47HIEx,DECRETO Nº 63.423 DE 21 DE MAIO DE 2024 « Catálogo de Legislação Municipal.pdf,02 — Leis & Jurisprudência/2.5 Infralegal,PLANEJADO,
arquivo,1PUq3IVyY9vDBvJk2LPVWQELIGUXcBSPW,DECRETO Nº 63.437 DE 23 DE MAIO DE 2024 « Catálogo de Legislação Municipal.pdf,02 — Leis & Jurisprudência/2.5 Infralegal,PLANEJADO,
arquivo,1R0cxJDEUYQI3OoIxv9wYEexcGYNOb7Qy,DECRETO Nº 63.504 DE 14 DE JUNHO DE 2024 « Catálogo de Legislação Municipal.pdf,02 — Leis & Jurisprudência/2.5 Infralegal,PLANEJADO,
arquivo,1qDGqUnJ4wQYmEMrpWLqPzY0so8qiilB4,DECRETO Nº 63.698 DE 27 DE AGOSTO DE 2024 « Catálogo de Legislação Municipal - Copia.pdf,02 — Leis & Jurisprudência/2.5 Infralegal,PLANEJADO,
arquivo,1rt_LEy7INQmohKFvcTpfmqZPE9bfbHnz,DECRETO Nº 63.698 DE 27 DE AGOSTO DE 2024 « Catálogo de Legislação Municipal.pdf,02 — Leis & Jurisprudência/2.5 Infralegal,PLANEJADO,
arquivo,19HZwxFWXs12CImZxpWHw-PQmKnt_6ctB,DECRETO Nº 63.698 de 27 de Agosto de 2024.pdf,02 — Leis & Jurisprudência/2.5 Infralegal,PLANEJADO,
arquivo,1nN-ZQkSpGQPS3jUHoCV_-htldsN1s13t,DECRETO Nº 63.728 DE 10 DE SETEMBRO DE 2024 « Catálogo de Legislação Municipal.pdf,02 — Leis & Jurisprudência/2.5 Infralegal,PLANEJADO,
arquivo,1qONx6VZ5LZ13DxLEUqIp_K0RtDNz4iKz,DECRETO Nº 63.999 DE 30 DE DEZEMBRO DE 2024 « Catálogo de Legislação Municipal.pdf,02 — Leis & Jurisprudência/2.5 Infralegal,PLANEJADO,
arquivo,1grkJi7cprZ6hO7wuaajxuczgNksGsogN,DECRETO Nº 64.018 DE 30 DE JANEIRO DE 2025 « Catálogo de Legislação Municipal.pdf,02 — Leis & Jurisprudência/2.5 Infralegal,PLANEJADO,
arquivo,1kEyFmkI_08vuDnIpmM9UjaQYa5rB0E2V,INSTRUÇÃO NORMATIVA SECRETARIA MUNICIPAL DA FAZENDA - SF_SUREM Nº 10 DE 4 DE DEZEMBRO DE 2019 « Catálogo de Legislação Municipal.pdf,02 — Leis & Jurisprudência/2.5 Infralegal,PLANEJADO,
arquivo,1t3mMUiNvGmgJMaKOrSvO_ciSQQiZw3K6,INSTRUÇÃO NORMATIVA SECRETARIA MUNICIPAL DA FAZENDA - SF_SUREM Nº 14 DE 18 DE DEZEMBRO DE 2020 « Catálogo de Legislação Municipal.pdf,02 — Leis & Jurisprudência/2.5 Infralegal,PLANEJADO,
arquivo,1M1_6mMjV7IsYWXSt-4xSf7Pn0tNrl8Mh,INSTRUÇÃO NORMATIVA SECRETARIA MUNICIPAL DA FAZENDA - SF_SUREM Nº 2 DE 10 DE MARÇO DE 2020 « Catálogo de Legislação Municipal.pdf,02 — Leis & Jurisprudência/2.5 Infralegal,PLANEJADO,
arquivo,1UyAIgcDL-mCoptCc7lfkGqdsZaV1Knzg,INSTRUÇÃO NORMATIVA SECRETARIA MUNICIPAL DE LICENCIAMENTO - SEL Nº 6 DE 4 DE DEZEMBRO DE 2020 « Catálogo de Legislação Municipal.pdf,02 — Leis & Jurisprudência/2.5 Infralegal,PLANEJADO,
arquivo,1HXYX0i3UXRFVYK1AuBNAaWO-bUPW9zs0,Portaria CAT 15 de 2003.pdf,02 — Leis & Jurisprudência/2.5 Infralegal,PLANEJADO,
arquivo,15gsiCqILtwH8-nG3IuA-eqXpg2vXJn8W,PORTARIA SECRETARIA MUNICIPAL DE COORDENAÇÃO DAS SUBPREFEITURAS - SMSP Nº 20 DE 3 DE MAIO DE 2016 « Catálogo de Legislação Municipal.pdf,02 — Leis & Jurisprudência/2.5 Infralegal,PLANEJADO,
arquivo,1voo0ZYEdgNLR55vBaQa5IVWyfX6XYWcY,PORTARIA SECRETARIA MUNICIPAL DE LICENCIAMENTO - SEL Nº 1 DE 8 DE JANEIRO DE 2020 « Catálogo de Legislação Municipal.pdf,02 — Leis & Jurisprudência/2.5 Infralegal,PLANEJADO,
arquivo,1izK9BSgEyfrqwk6lWBlAPhwRYanyuX3_,PORTARIA SECRETARIA MUNICIPAL DE LICENCIAMENTO - SEL Nº 15 DE 2 DE MAIO DE 2016 « Catálogo de Legislação Municipal.pdf,02 — Leis & Jurisprudência/2.5 Infralegal,PLANEJADO,
arquivo,1yjYHBnrliWwbbQ8NTMIQe4p2JkO6TuKJ,Resolucao 04 CONSPRESP 2023 - MAPA.pdf,02 — Leis & Jurisprudência/2.5 Infralegal,PLANEJADO,
arquivo,1FWmrt0H7HOZPrrYZ3fPCZ7Pft8Cdekjb,Resolucao 04 CONSPRESP 2023.pdf,02 — Leis & Jurisprudência/2.5 Infralegal,PLANEJADO,
arquivo,1wtiIZEefkc9INY4xYx287Fe6yvqjCiyD,Resolucao 07-23_Quadro I.pdf,02 — Leis & Jurisprudência/2.5 Infralegal,PLANEJADO,
arquivo,1TbKRJBdxv2HvzdcsMmOfOOzCNWlRtpkE,Resolucao 07-23_Quadro II.pdf,02 — Leis & Jurisprudência/2.5 Infralegal,PLANEJADO,
arquivo,1SIdZHRjL0SKcGW139JTyJOCqfFePP20E,Resolucao 07-23_Quadro III.pdf,02 — Leis & Jurisprudência/2.5 Infralegal,PLANEJADO,
arquivo,1_NbWz_JixDrx5UDFeBqsvf1jjIU3rCLS,20240000801524.pdf,02 — Leis & Jurisprudência/2.6 Jurisprudência,PLANEJADO,
arquivo,1Vwdtm0g1r3yahagPc0rnG3sEEneXjnxF,20250000963993.pdf,02 — Leis & Jurisprudência/2.6 Jurisprudência,PLANEJADO,
arquivo,1rZeHvz8kRyk7lNvg331xvLADf6UrNuPc,20260000280408.pdf,02 — Leis & Jurisprudência/2.6 Jurisprudência,PLANEJADO,
arquivo,1cPc6M4WL1urOV1zx4C4vLcIfxBh0ggbC,20260000519522.pdf,02 — Leis & Jurisprudência/2.6 Jurisprudência,PLANEJADO,
arquivo,1GSI1S31O1kQA9RH076yPMMTbuM5tNBFm,20260603091339371.pdf,02 — Leis & Jurisprudência/2.6 Jurisprudência,PLANEJADO,
arquivo,1PaMRCIwAHR21iAZ_N4NQUKSHZAEXUKth,ACORDAO_ADI_2187640_ARCO_PINHEIROS.pdf,02 — Leis & Jurisprudência/2.6 Jurisprudência,PLANEJADO,
arquivo,1qKL23LHQGfeqieLFYXu2x57Bnj-9jnrm,ACORDAO_TJSP_1025594-05.2021.8.26.0053.pdf,02 — Leis & Jurisprudência/2.6 Jurisprudência,PLANEJADO,
arquivo,14tHqV92dfiCpq4yVQr9l-ZLmE-LiVSAG,ACORDAO_TJSP_1053798-54.2024.8.26.0053.pdf,02 — Leis & Jurisprudência/2.6 Jurisprudência,PLANEJADO,
arquivo,1-qP0GoU77rVb8JWyCCUxpQQNNKRu3_fp,ACORDAO_TJSP_1054600-28.2019.8.26.0053.pdf,02 — Leis & Jurisprudência/2.6 Jurisprudência,PLANEJADO,
arquivo,1-VwgpSe3vBbBIvcwr2_3ueoJJfCk_NDK,ACORDAO_TJSP_1509864-53.2016.8.26.0090_AC.pdf,02 — Leis & Jurisprudência/2.6 Jurisprudência,PLANEJADO,
arquivo,1s7cF_Be2Xj-bsoc2AhUa-qA0fLoD8AkB,ACORDAO_TJSP_1509864-53.2016.8.26.0090_ED.pdf,02 — Leis & Jurisprudência/2.6 Jurisprudência,PLANEJADO,
arquivo,1Ryrhndyq1KjLPh-GWl6BMnkYqj9oW9rJ,ACORDAO_TJSP_1568276-30.2023.8.26.0090.pdf,02 — Leis & Jurisprudência/2.6 Jurisprudência,PLANEJADO,
arquivo,1TDEHG0izHjQxqd6lKv-DEojMYMf7q74U,ACORDAO_TJSP_2390222-33.2025.8.26.0000.pdf,02 — Leis & Jurisprudência/2.6 Jurisprudência,PLANEJADO,
arquivo,10qFNSG_PvePPeIGt43D2uaCDH3bOp-K0,ACORDAO_TJSP_2390222-33.2025.8.26.0000_AI.pdf,02 — Leis & Jurisprudência/2.6 Jurisprudência,PLANEJADO,
arquivo,1DhrwqlvfIRLOvF0eADTVGkhr8DaKfDSr,ACORDAO_TJSP_2390222-33.2025.8.26.0000_ED.pdf,02 — Leis & Jurisprudência/2.6 Jurisprudência,PLANEJADO,
arquivo,1EAoYVJRBp4EfqYtvHTbdDtvP-Mhr3L5s,ARE_1216078_Acordao_Tema1062_STF.pdf,02 — Leis & Jurisprudência/2.6 Jurisprudência,PLANEJADO,
arquivo,15MZf-TB7tfLZokrJ-JHYM7nNHbjKVsa2,ARQUIP _ DOSP - 097088730 - Lei.pdf,02 — Leis & Jurisprudência/2.6 Jurisprudência,PLANEJADO,
arquivo,1cfD8qXsbhrF8K0rfvmqzJv-afnyFrpYT,ARQUIP _ DOSP - 107504220 - Lei.pdf,02 — Leis & Jurisprudência/2.6 Jurisprudência,PLANEJADO,
arquivo,13X9l_5SmJSBqAmkOvlEZVDElYV2pbwnQ,ARQUIP _ DOSP - 155292571 - Decisão.pdf,02 — Leis & Jurisprudência/2.6 Jurisprudência,PLANEJADO,
arquivo,1hqUzM2g711wKWJifI-B83S8tJFc_8UG-,ARQUIP _ DOSP - 156981397 - Decisão.pdf,02 — Leis & Jurisprudência/2.6 Jurisprudência,PLANEJADO,
arquivo,1ZwsVFcClncSUaYLCQSDc1u0fX2m8unDY,Jurisprudência do STF sobre IPTU nos contratos de concessão de serviços públicos.pdf,02 — Leis & Jurisprudência/2.6 Jurisprudência,PLANEJADO,
arquivo,1hui8FLA3hp5eCCCshJWnLnnDHuXkD4pd,NSCGJ_TOMO_II_NORMAL.pdf,02 — Leis & Jurisprudência/2.6 Jurisprudência,PLANEJADO,
arquivo,1Q0ayDWtqS8PDaOpAzI1BmcA8a0vo-Ocu,RESP-1949182-2025-03-19.pdf,02 — Leis & Jurisprudência/2.6 Jurisprudência,PLANEJADO,
arquivo,1700LFO3nSSADQxLorQrL7utMTBaroPdp,STF vai reiniciar caso de IPTU sobre imóveis de serviço essencial.pdf,02 — Leis & Jurisprudência/2.6 Jurisprudência,PLANEJADO,
arquivo,1jWoePqwVaOvpPsHb5PdFDgQ3SNr-4209,stf-sumula-539 (1).txt,02 — Leis & Jurisprudência/2.6 Jurisprudência,PLANEJADO,
arquivo,1LqHz7kHG-SyqEh4R795mQoQXBUL1FDoH,stf-sumula-539 (2).txt,02 — Leis & Jurisprudência/2.6 Jurisprudência,PLANEJADO,
arquivo,1B4qqNtC1R6hUjgj1Ilc-Xhbp_FM145Lz,stf-sumula-539 (3).txt,02 — Leis & Jurisprudência/2.6 Jurisprudência,PLANEJADO,
arquivo,1FMH9asZA-sGC2Wkr0aORvGRhvAXRJ_0C,stf-sumula-539 (4).txt,02 — Leis & Jurisprudência/2.6 Jurisprudência,PLANEJADO,
arquivo,1c9sDXAUsHHWjd-Z01vVmmKyHDl5zxqqf,stf-sumula-539 (5).txt,02 — Leis & Jurisprudência/2.6 Jurisprudência,PLANEJADO,
arquivo,1L16ZacFYfv4_ABclZe64zOj761m_PK9d,stf-sumula-539.txt,02 — Leis & Jurisprudência/2.6 Jurisprudência,PLANEJADO,
arquivo,1kTZFvh7M57bN8aCavgEYTKPJQy0xOwqa,stf-sumula-589 (1).txt,02 — Leis & Jurisprudência/2.6 Jurisprudência,PLANEJADO,
arquivo,1D28Od_TpjJa31RJb9kyHYlPb2ULyytXC,stf-sumula-589 (2).txt,02 — Leis & Jurisprudência/2.6 Jurisprudência,PLANEJADO,
arquivo,1jojd4A3qvF0qSnw1KBZ318mt8csLjNc6,stf-sumula-589.txt,02 — Leis & Jurisprudência/2.6 Jurisprudência,PLANEJADO,
arquivo,1GD9PH2cL9wIm1bMUgjlymQCpHYUdBkS3,stf-sumula-668 (1).txt,02 — Leis & Jurisprudência/2.6 Jurisprudência,PLANEJADO,
arquivo,13pyQ0xKDyphWlSJCBBhktxAlCGssjdIb,stf-sumula-668 (2).txt,02 — Leis & Jurisprudência/2.6 Jurisprudência,PLANEJADO,
arquivo,1UUH5feKumfLjaRHNVXuuJ5iWSu98omRH,stf-sumula-668.txt,02 — Leis & Jurisprudência/2.6 Jurisprudência,PLANEJADO,
arquivo,1y-DTBpeX6qHq4cfLbS822pRhLNYWQUMz,stf-sumula-670 (1).txt,02 — Leis & Jurisprudência/2.6 Jurisprudência,PLANEJADO,
arquivo,14Nq6I2YlHrQbUtmTTG2QHDKp7gdeBtvN,stf-sumula-670 (2).txt,02 — Leis & Jurisprudência/2.6 Jurisprudência,PLANEJADO,
arquivo,1I6msIG4xWfhKgJFSG2VMp5kU2p1Ms770,stf-sumula-670.txt,02 — Leis & Jurisprudência/2.6 Jurisprudência,PLANEJADO,
arquivo,1bEBJrLDRgnNcR-lGkBq23n1eF1-XNBLM,stf-sumula-724 (1).txt,02 — Leis & Jurisprudência/2.6 Jurisprudência,PLANEJADO,
arquivo,18DHBwgqGrAaxsj9l09x5nuqFl6gvpZwH,stf-sumula-724 (2).txt,02 — Leis & Jurisprudência/2.6 Jurisprudência,PLANEJADO,
arquivo,1zJXKwtR3mTjuzR06CW78FYO9kod4i4lt,stf-sumula-724.txt,02 — Leis & Jurisprudência/2.6 Jurisprudência,PLANEJADO,
arquivo,1vfi39m0QNpBV7NxboRGChtHhAUM-ymVI,stf-sv-19 (1).txt,02 — Leis & Jurisprudência/2.6 Jurisprudência,PLANEJADO,
arquivo,11ZDVwqRPxVk6yPLFCM0GYib1ubLW2587,stf-sv-19 (2).txt,02 — Leis & Jurisprudência/2.6 Jurisprudência,PLANEJADO,
arquivo,1DyRduyd8wLTGtrVdJRH_B3hW5RVxGPuv,stf-sv-19.txt,02 — Leis & Jurisprudência/2.6 Jurisprudência,PLANEJADO,
arquivo,12yID6_KDzJ4N83B0pCXjOWC8KSHy7T0F,stf-tema-1020 (1).txt,02 — Leis & Jurisprudência/2.6 Jurisprudência,PLANEJADO,
arquivo,185aNsrl-imv65InLqilRtVSKjm3MCJkQ,stf-tema-1020 (2).txt,02 — Leis & Jurisprudência/2.6 Jurisprudência,PLANEJADO,
arquivo,1CabM7_WkIMQpAOQY8vp9cctE5KCRTyOC,stf-tema-1020.txt,02 — Leis & Jurisprudência/2.6 Jurisprudência,PLANEJADO,
arquivo,1yNTpkrckg7JjwwhSku5R-syW0bUKlCOH,stf-tema-1084 (1).txt,02 — Leis & Jurisprudência/2.6 Jurisprudência,PLANEJADO,
arquivo,1bnw3318xqRO870YRmk_y9ZLTC0alyojz,stf-tema-1084 (2).txt,02 — Leis & Jurisprudência/2.6 Jurisprudência,PLANEJADO,
arquivo,13y1InqQDm4sabuFFdm-X2WYKyXmM5ekE,stf-tema-1084.txt,02 — Leis & Jurisprudência/2.6 Jurisprudência,PLANEJADO,
arquivo,1XNoWqGwVQywCT73FxPBAjZNLX8TgL2o9,stf-tema-155 (1).txt,02 — Leis & Jurisprudência/2.6 Jurisprudência,PLANEJADO,
arquivo,1594U0HVb7XEmvA4TIO9-qShC6kqlxayS,stf-tema-155 (2).txt,02 — Leis & Jurisprudência/2.6 Jurisprudência,PLANEJADO,
arquivo,1kR1qbgvn8xi5gDSXcy69FTdSvNIaBUSp,stf-tema-155.txt,02 — Leis & Jurisprudência/2.6 Jurisprudência,PLANEJADO,
arquivo,1sxwpkwv9Zyjm8mVKzdTwzEoF3eBdgZgB,stf-tema-523 (1).txt,02 — Leis & Jurisprudência/2.6 Jurisprudência,PLANEJADO,
arquivo,1K53ehPuflJIUqPrGLRq9vdFyKk_YGJeP,stf-tema-523 (2).txt,02 — Leis & Jurisprudência/2.6 Jurisprudência,PLANEJADO,
arquivo,1I8hJa-p6LejAxMdzcS3zwuekaX5g1VLW,stf-tema-523.txt,02 — Leis & Jurisprudência/2.6 Jurisprudência,PLANEJADO,
arquivo,1lJcApFuMJM1m8Dxhe9qc4lVdo25qcVVi,stf-tema-94 (1).txt,02 — Leis & Jurisprudência/2.6 Jurisprudência,PLANEJADO,
arquivo,11IbxLz-nUiol2qhZbXPbF4C-_Dwvl4Y4,stf-tema-94 (2).txt,02 — Leis & Jurisprudência/2.6 Jurisprudência,PLANEJADO,
arquivo,1PbLdXi4Yg1jZIHJ0R_rtK99IxoyotI0k,stf-tema-94.txt,02 — Leis & Jurisprudência/2.6 Jurisprudência,PLANEJADO,
arquivo,1ED-kDue-Cc3fECCZAPWakoFqqWacC-mn,STJ - Precedentes Qualificados.pdf,02 — Leis & Jurisprudência/2.6 Jurisprudência,PLANEJADO,
arquivo,1cOFKubKC3PEePzO-tAbrHB-6ccjVA8yZ,stj-resp-1112646.txt,02 — Leis & Jurisprudência/2.6 Jurisprudência,PLANEJADO,
arquivo,1bX1m_2jP0-fupWCwZUd8SCa8jYIIaSp0,stj-resp-1130545.txt,02 — Leis & Jurisprudência/2.6 Jurisprudência,PLANEJADO,
arquivo,1qhx8x8hFHsjsSVFrEtAL2IrMAcHHVYZ8,stj-resp-1202136.txt,02 — Leis & Jurisprudência/2.6 Jurisprudência,PLANEJADO,
arquivo,15oPSue6cBDY1J0aafZ3E4eSmtp6i-uQK,stj-resp-1645832.txt,02 — Leis & Jurisprudência/2.6 Jurisprudência,PLANEJADO,
arquivo,19rf0bvgRUPA-12F5qGKLxLNhdK0KKSH6,stj-resp-1658054.txt,02 — Leis & Jurisprudência/2.6 Jurisprudência,PLANEJADO,
arquivo,10ey-SpZM4usfc_eZHd4qxKt-MqRuGdIr,stj-revista-sumulas-2010_11_capSumula160.pdf,02 — Leis & Jurisprudência/2.6 Jurisprudência,PLANEJADO,
arquivo,1DgHWFolqVY7PW_f5l8nH_fwwea__c4H8,stj-sumula-314.txt,02 — Leis & Jurisprudência/2.6 Jurisprudência,PLANEJADO,
arquivo,1f_MhNua3iayhYldeKkupn7jMm-lQNv6I,stj-sumula-392.txt,02 — Leis & Jurisprudência/2.6 Jurisprudência,PLANEJADO,
arquivo,1NTrU8aaRPqCmj66rRVb3ose6IhZCEVII,stj-sumula-393.txt,02 — Leis & Jurisprudência/2.6 Jurisprudência,PLANEJADO,
arquivo,1iBpmCnBJOYp_y0JxmpyYAdOzMttnX5XB,stj-sumula-397.txt,02 — Leis & Jurisprudência/2.6 Jurisprudência,PLANEJADO,
arquivo,1pvR82OftqEem5UUR7tzjhR_uIDXX55g1,stj-sumula-399.txt,02 — Leis & Jurisprudência/2.6 Jurisprudência,PLANEJADO,
arquivo,1H78eGfdDxqZWnaovVOT5Ti-iOF1ZOm6R,stj-sumula-409.txt,02 — Leis & Jurisprudência/2.6 Jurisprudência,PLANEJADO,
arquivo,1hsghLM4xRzDsK6TwQSAUQBGuB_bReY4J,stj-sumula-481.txt,02 — Leis & Jurisprudência/2.6 Jurisprudência,PLANEJADO,
arquivo,1Z0-VXpyI2N75p5AX5M29x00d29QhJgYj,stj-sumula-614.txt,02 — Leis & Jurisprudência/2.6 Jurisprudência,PLANEJADO,
arquivo,1ILg9qx3rhXYihnmmnbXAPaNz41SePXm2,stj-sumula-626.txt,02 — Leis & Jurisprudência/2.6 Jurisprudência,PLANEJADO,
arquivo,19J8rR3GTN55AruHAoBQt1i_6B5aE6Kvo,Sumulas_Vinculantes_19_41_52_e_Tema_1062_STF.txt,02 — Leis & Jurisprudência/2.6 Jurisprudência,PLANEJADO,
arquivo,16Q5FSGl-OM09k5A_98ZcVHxoyZscZC9d,Sumulas_Vinculantes_CMT_1_a_8.txt,02 — Leis & Jurisprudência/2.6 Jurisprudência,PLANEJADO,
arquivo,1z49IkXUTzifn3VCGJ_k-ETVmTm9MZsdi,Sumulas_Vinculantes_CMT_nos_1_a_8.txt,02 — Leis & Jurisprudência/2.6 Jurisprudência,PLANEJADO,
arquivo,1WW_dVnNADWdPYNAX-81NKnucpcx_mzu-,1-QUADRO_1_FINAL.docx,02 — Leis & Jurisprudência/2.7 Doutrina-Estudos-Avaliação,PLANEJADO,
arquivo,1FG9_7EC7DHvALkAQ_sYM2VSYEkiXtmy2,10-QUADRO_4A_FINAL.docx,02 — Leis & Jurisprudência/2.7 Doutrina-Estudos-Avaliação,PLANEJADO,
arquivo,1j5PXBpbEx-SJxDR0cN5XGmOb34ioB0FC,11-QUADRO_4B_FINAL.docx,02 — Leis & Jurisprudência/2.7 Doutrina-Estudos-Avaliação,PLANEJADO,
arquivo,1u6502vRLHyZDRjl5DZW6JEip8eH2aVt6,12-QUADRO_5_FINAL.doc,02 — Leis & Jurisprudência/2.7 Doutrina-Estudos-Avaliação,PLANEJADO,
arquivo,1Wau0Qz12UhHBLm_fmy1ol6ioKaAyWTqN,2-QUADRO_2_FINAL.docx,02 — Leis & Jurisprudência/2.7 Doutrina-Estudos-Avaliação,PLANEJADO,
arquivo,1mqyX_tuiTfzdaT7t_gjG7aDlzKPxIIjz,2020_dis_mpfreire.pdf,02 — Leis & Jurisprudência/2.7 Doutrina-Estudos-Avaliação,PLANEJADO,
arquivo,1qIhCeMImfdCRgLv8-DAm2Q2agrhA7gFU,3-QUADRO_2A_FINAL.docx,02 — Leis & Jurisprudência/2.7 Doutrina-Estudos-Avaliação,PLANEJADO,
arquivo,1pab3rLbqDIiEj_pY3g_M0empWKHJMCp9,4-QUADRO_2B_FINAL.docx,02 — Leis & Jurisprudência/2.7 Doutrina-Estudos-Avaliação,PLANEJADO,
arquivo,1BLXCfEqxsVKQcpwVC2d2wYRKCcgOUz7u,5-QUADRO_3_FINAL.docx,02 — Leis & Jurisprudência/2.7 Doutrina-Estudos-Avaliação,PLANEJADO,
arquivo,1R0xx8b7jKgfUdfjULVTh3S4ZXgxBjHFi,6-QUADRO_3A_FINAL.docx,02 — Leis & Jurisprudência/2.7 Doutrina-Estudos-Avaliação,PLANEJADO,
arquivo,1XyZGg9aM2Dgn7yznDf2Hd5a7E0cIJV_I,7-QUADRO_3B_FINAL.doc,02 — Leis & Jurisprudência/2.7 Doutrina-Estudos-Avaliação,PLANEJADO,
arquivo,1q14btLjd5ZI7YriuNY3DFW7x4ayd-7OE,8-QUADRO_3C_FINAL.doc,02 — Leis & Jurisprudência/2.7 Doutrina-Estudos-Avaliação,PLANEJADO,
arquivo,1BcjrwFcR-a45RVoA3cs-RUTOdbcX4HbE,9-QUADRO_4_FINAL.doc,02 — Leis & Jurisprudência/2.7 Doutrina-Estudos-Avaliação,PLANEJADO,
arquivo,1PSw0EHD-L6A-0eOiMo8Wjbuzo3aBf9pD,A inconstitucionalidade do IPTU de Salvador _ Jusbrasil.pdf,02 — Leis & Jurisprudência/2.7 Doutrina-Estudos-Avaliação,PLANEJADO,
arquivo,13mH9mm-2Tq8UuKmToSyy17nRiFadDKg4,A possibilidade de isenção do IPTU por APP no município de Campinas (SP) _ Jusbrasil.pdf,02 — Leis & Jurisprudência/2.7 Doutrina-Estudos-Avaliação,PLANEJADO,
arquivo,17qqkeTmxEaZszo8-Zavca57CbkfISUfZ,ABNT.pdf,02 — Leis & Jurisprudência/2.7 Doutrina-Estudos-Avaliação,PLANEJADO,
arquivo,1Oh9nUUcjMHATtu1_cEYdeoXvR60_qmXA,ACADEM~1.PDF,02 — Leis & Jurisprudência/2.7 Doutrina-Estudos-Avaliação,PLANEJADO,
arquivo,1R7y8V5dGTH4ItryiRfQJsiIn0lKlFV8z,Base de cálculo do IPTU - Migalhas.pdf,02 — Leis & Jurisprudência/2.7 Doutrina-Estudos-Avaliação,PLANEJADO,
arquivo,1OzLQzlZzE3nr1eOI6qRm60J3_Ev5GrQJ,Base de cálculo do IPTU.pdf,02 — Leis & Jurisprudência/2.7 Doutrina-Estudos-Avaliação,PLANEJADO,
arquivo,1Hrof6KIDJYxa5jA3lsbhCPA-zkkCr6VP,Comprador de imóvel financiado é responsável pelo IPTU.pdf,02 — Leis & Jurisprudência/2.7 Doutrina-Estudos-Avaliação,PLANEJADO,
arquivo,1YN-DkjbsD8Y-xt0Z9L3vUwm9UPAsLDde,Dino suspende julgamento sobre imunidade de IPTU a imóveis estatais.pdf,02 — Leis & Jurisprudência/2.7 Doutrina-Estudos-Avaliação,PLANEJADO,
arquivo,1YKPOozkmybFXc-anqXJgWtTCMrC9A1O2,Dono de imóvel em área de preservação não precisa pagar IPTU.pdf,02 — Leis & Jurisprudência/2.7 Doutrina-Estudos-Avaliação,PLANEJADO,
arquivo,1M_GhuuTwS1yk2zSjpTZ2YwL5CZb7ZTt9,Dívidas de ITBI e cartório não permitem penhorar bem de família.pdf,02 — Leis & Jurisprudência/2.7 Doutrina-Estudos-Avaliação,PLANEJADO,
arquivo,1bWb6KA6JAb8M-Ri2kJ2umklSKtzY6Y_v,ESCOLA~1.PDF,02 — Leis & Jurisprudência/2.7 Doutrina-Estudos-Avaliação,PLANEJADO,
arquivo,1zMgKevbn6rsIX1sXMNbv2lbjlQRTNlCB,Fachin restabelece lei municipal que atualizou base de cálculo do IPTU - Migalhas.pdf,02 — Leis & Jurisprudência/2.7 Doutrina-Estudos-Avaliação,PLANEJADO,
arquivo,1NjN418uGT5qIxFVQHHXlc3VmHy32j44F,Inconstitucionalidade da cobrança de IPTU em concessões ferroviárias.pdf,02 — Leis & Jurisprudência/2.7 Doutrina-Estudos-Avaliação,PLANEJADO,
arquivo,1AEmAZVFRZE_nn-si_4mn2iy_KqAMVjBU,IPTU sobre imóveis federais cedidos a concessionários.pdf,02 — Leis & Jurisprudência/2.7 Doutrina-Estudos-Avaliação,PLANEJADO,
arquivo,1YOprfkxFJI7MGFZ8ueJLXwfkQ8FYpUEJ,IPTU Verde_ projeto de lei estabelece descontos para imóveis que adotam medidas de preservação do meio ambiente _ Jusbrasil.pdf,02 — Leis & Jurisprudência/2.7 Doutrina-Estudos-Avaliação,PLANEJADO,
arquivo,1hn5EMuJSXk9OEDejiDAXkT642iHGHl6e,IPTU-TDC_stj-tema-1113.txt,02 — Leis & Jurisprudência/2.7 Doutrina-Estudos-Avaliação,PLANEJADO,
arquivo,11BR6tZ4zPXIcaIBeRRQz4P5D4j61RSgy,IPTU-TDC_stj-tema-1158.txt,02 — Leis & Jurisprudência/2.7 Doutrina-Estudos-Avaliação,PLANEJADO,
arquivo,1unv2IGIh-d6L4fOC5BMjf_Yo2HcuJfbq,IPTU-TDC_stj-tema-1350.txt,02 — Leis & Jurisprudência/2.7 Doutrina-Estudos-Avaliação,PLANEJADO,
arquivo,19QtvSOOJI1cwjalzNx4PghcPbJ4tbBWu,IPTU-TDC_stj-tema-174 (1).txt,02 — Leis & Jurisprudência/2.7 Doutrina-Estudos-Avaliação,PLANEJADO,
arquivo,1JUK_uiInZdrdMNDKpXHA-h4GA2T8c_dv,IPTU-TDC_stj-tema-174.txt,02 — Leis & Jurisprudência/2.7 Doutrina-Estudos-Avaliação,PLANEJADO,
arquivo,17gTnZrKAXVrxRQA0wFHVmqcwBTwii6_J,IPTU-TDC_stj-tema-262 (1).txt,02 — Leis & Jurisprudência/2.7 Doutrina-Estudos-Avaliação,PLANEJADO,
arquivo,1Y467rZEJ4XMTCVWHp6vGYLhiHTshh2cC,IPTU-TDC_stj-tema-262.txt,02 — Leis & Jurisprudência/2.7 Doutrina-Estudos-Avaliação,PLANEJADO,
arquivo,1kM0REyUDnSQmd8y5l3yu8nuAVyP3F_Yt,IPTU-TDC_stj-tema-399.txt,02 — Leis & Jurisprudência/2.7 Doutrina-Estudos-Avaliação,PLANEJADO,
arquivo,1d8KUZh9aNeNympMGkPLirbMuoHGPoLFq,IPTU-TDC_stj-tema-566.txt,02 — Leis & Jurisprudência/2.7 Doutrina-Estudos-Avaliação,PLANEJADO,
arquivo,1tswnAIPL084asIagr34Z5V-RSTmWooA2,IPTU_ análise dos seus aspectos centrais e de suas principais controvérsias _ Jusbrasil.pdf,02 — Leis & Jurisprudência/2.7 Doutrina-Estudos-Avaliação,PLANEJADO,
arquivo,1EmLbI3p4y25HsuDYlAZUnWJ-N-UnnGtv,"Joaquim Marcelo Barbosa da Silva., Parcelamento ou edificação compulsórios, IPTU progressivo no tempo e a desapropriação com pagamento de títulos, Livro.pdf",02 — Leis & Jurisprudência/2.7 Doutrina-Estudos-Avaliação,PLANEJADO,
arquivo,1o30Od6wzKd8-hDcdPa_pwE0EsZqzofq3,MIGALHAS nº 6.206.pdf,02 — Leis & Jurisprudência/2.7 Doutrina-Estudos-Avaliação,PLANEJADO,
arquivo,1vhATHGrA0FXajJ-nAYCInosYxR35SiMq,MINERACAO_IPTU_SP_Teses_Impugnacao_Base_Calculo.txt,02 — Leis & Jurisprudência/2.7 Doutrina-Estudos-Avaliação,PLANEJADO,
arquivo,1KwSD2SO6cxnMMlFLgVIaPd2dfi2yg3Xx,Município não deve cobrar IPTU retroativo sobre terreno.pdf,02 — Leis & Jurisprudência/2.7 Doutrina-Estudos-Avaliação,PLANEJADO,
arquivo,1ejVW0EM9MtcQ1KRdCGQ0prW5Oa8WR1lw,NBR14653-2_IMVEIS_URBANOS.pdf,02 — Leis & Jurisprudência/2.7 Doutrina-Estudos-Avaliação,PLANEJADO,
arquivo,1FJbRaFbadkIe66Q4MMzY4mPt2bLJpUsu,O Dragão _ Jusbrasil.pdf,02 — Leis & Jurisprudência/2.7 Doutrina-Estudos-Avaliação,PLANEJADO,
arquivo,1SsWh5ubmICp3ogN1XBHT6sLIQak3_iCn,Pesquisa_Academica_IPTU_Tributario_Avaliacao.txt,02 — Leis & Jurisprudência/2.7 Doutrina-Estudos-Avaliação,PLANEJADO,
arquivo,1qORYAgd9jkovRSvrdroV_a--ll-Vs9JA,Pesquisa_IPTU_Direito_Tributario_Engenharia_Avaliacoes.txt,02 — Leis & Jurisprudência/2.7 Doutrina-Estudos-Avaliação,PLANEJADO,
arquivo,1O-3dTSke1P_LpD8kzbid_L6u1H2qTeFt,"PGV suspensa, ITBI paralisado_ O limbo tributário de piracicaba - Migalhas.pdf",02 — Leis & Jurisprudência/2.7 Doutrina-Estudos-Avaliação,PLANEJADO,
arquivo,12CJLuuFp13-Xvi3tdL_6--zRHlOGNNC9,Propriedade e desigualdade_ IPTU e acesso à habitação em São Paulo (1995-2020).pdf,02 — Leis & Jurisprudência/2.7 Doutrina-Estudos-Avaliação,PLANEJADO,
arquivo,1icLSP8440SItGF-ylxSZiOCvt5rnIkrL,Reforma tributária e novas regras para ITBI e IPTU.pdf,02 — Leis & Jurisprudência/2.7 Doutrina-Estudos-Avaliação,PLANEJADO,
arquivo,1J12hnvVtcVQnMwGMjqLLFU4j_a2NgYzP,RELATORIO_INTELIGENCIA_TRIBUTARIA_IPTU (1).txt,02 — Leis & Jurisprudência/2.7 Doutrina-Estudos-Avaliação,PLANEJADO,
arquivo,1ejlX1FAZpjW1Hi8M6eLF-jVyHoPGj3Qr,RELATORIO_INTELIGENCIA_TRIBUTARIA_IPTU.txt,02 — Leis & Jurisprudência/2.7 Doutrina-Estudos-Avaliação,PLANEJADO,
arquivo,1miP58OB8r07qKOE-K-Pz6YP-X-dwRHhC,Relatorio_Inteligencia_Tributaria_IPTU_2026.txt,02 — Leis & Jurisprudência/2.7 Doutrina-Estudos-Avaliação,PLANEJADO,
arquivo,1Q4x-rbKlMoGIq6zHWjSt2qCm0BtsK3uM,REPOSITORIO PUCSP_ Imposto sobre a propriedade predial e territorial urbana_ um estudo sobre o critério material da regra matriz de incidência tributária.pdf,02 — Leis & Jurisprudência/2.7 Doutrina-Estudos-Avaliação,PLANEJADO,
arquivo,1h3cpjMtrGbwZH-DU-iCguQaOLzr0wSMY,REPOSITORIO PUCSP_ IPTU e progressividade fiscal.pdf,02 — Leis & Jurisprudência/2.7 Doutrina-Estudos-Avaliação,PLANEJADO,
arquivo,1An5-QsVrBy0-tmMSSo4fZAu6Yf-WnCIY,REPOSITORIO PUCSP_ Materialidade e Base de Cálculo do IPTU.pdf,02 — Leis & Jurisprudência/2.7 Doutrina-Estudos-Avaliação,PLANEJADO,
arquivo,1aswiJ3kY25YbgTkuG34zJbgpFSQoGw0D,Repositório Institucional UFC_ Avaliação imobiliária para fins tributários_ um estudo do método evolutivo aplicado no cálculo do IPTU de Fortaleza-CE.pdf,02 — Leis & Jurisprudência/2.7 Doutrina-Estudos-Avaliação,PLANEJADO,
arquivo,1dSLQ4ImiBjl9nAiVsEjUkBR0ROGUcPTE,REPOSI~1.PDF,02 — Leis & Jurisprudência/2.7 Doutrina-Estudos-Avaliação,PLANEJADO,
arquivo,1wJBdlrw8gUkOIMtPzwgeFAyyr2mq1atg,001 - QUADRO_1_FINAL.csv,03 — Tabelas & Engines,PLANEJADO,
arquivo,1ytFrWAuUiSIoLjlskBrbD_Bsn2Eq8mJc,001_-_QUADRO_1_FINAL.csv,03 — Tabelas & Engines,PLANEJADO,
arquivo,1Tq6Co-B_2_Lz6mOW8heo7AL9WDjA2Aoz,002 - QUADRO_2_FINAL.csv,03 — Tabelas & Engines,PLANEJADO,
arquivo,1wX-koAPK9UKC9XyTvsSnsvsby-uPwnIW,003 - QUADRO_2A_FINAL.csv,03 — Tabelas & Engines,PLANEJADO,
arquivo,11aKOXYElCoHR97SjlmlZSb3Dgahtuz15,004 - QUADRO_2B_FINAL.csv,03 — Tabelas & Engines,PLANEJADO,
arquivo,1zeJpzs6kZbRxXrijAzdQyDtmNoFw-h35,005 - QUADRO_3_FINAL.csv,03 — Tabelas & Engines,PLANEJADO,
arquivo,19AGzK7iNVmehxpwqW7_oJLPtxgT61Ohh,006 - QUADRO_3A_FINAL.csv,03 — Tabelas & Engines,PLANEJADO,
arquivo,1Ds-5P_NOuspibvKwCeto0z3-60327Lk9,007 - QUADRO_3B_FINAL.csv,03 — Tabelas & Engines,PLANEJADO,
arquivo,1lct8bmacyfUKHhwvaACYt86v6GO1U6v7,007_-_QUADRO_3B_FINAL.csv,03 — Tabelas & Engines,PLANEJADO,
arquivo,1Rfh9YRBgHIfAA4a76SZxea3-oA_Pp-D3,008 - QUADRO_3C_FINAL.csv,03 — Tabelas & Engines,PLANEJADO,
arquivo,1CWtHd-c-A61-CoWzSu_fvD3fXFekeHHr,009 - QUADRO_4_FINAL.csv,03 — Tabelas & Engines,PLANEJADO,
arquivo,1iCmok2KJdG9QgKzwC4Z7VNFYqkqVX-QK,010 - QUADRO_4A_FINAL.csv,03 — Tabelas & Engines,PLANEJADO,
arquivo,1FY6a_glyYJ_T_cGTcjiU8rzxO50VE_kV,011 - QUADRO_4B_FINAL.csv,03 — Tabelas & Engines,PLANEJADO,
arquivo,1M_mzMY1G3HjwUH-WRR5TXt4Tj8sEBe0m,012 - QUADRO_5_FINAL.csv,03 — Tabelas & Engines,PLANEJADO,
arquivo,1Y6yW5yvVtNLNr0XLcmyJkXUSMI2N8uzj,1773019207408.csv,03 — Tabelas & Engines,PLANEJADO,
arquivo,1uxwJLMvJTUMd2wa_qA20BTX110ofTzFP,2013 - anual.xls,03 — Tabelas & Engines,PLANEJADO,
arquivo,1yAlK2a3ZaUH4ggTA0cirzODwdNoZcUIh,2014 - anual.xls,03 — Tabelas & Engines,PLANEJADO,
arquivo,1uPlCWCcxrzKuYNxEIOrpxIDYLRO_0QoT,2014-07-31 - LEI 16050 - PLANO DIRETOR ESTRATÉGICO.csv,03 — Tabelas & Engines,PLANEJADO,
arquivo,125yL-Iy7jWcXWpL88FzWAH0wtkL0yeC-,2015 - anual.xls,03 — Tabelas & Engines,PLANEJADO,
arquivo,1hn4OCWfuxvJKBYhbMEFtKrdNweqGhn0C,2021.xlsx,03 — Tabelas & Engines,PLANEJADO,
arquivo,1daPA_NbX7cNZPNBh-gL-zy0I3rdap__r,2022 (4) (1)(1).xlsx,03 — Tabelas & Engines,PLANEJADO,
arquivo,1OP3JO5cRO6-d17OdDiBZZzISw1OJcNaU,aceleracoes_proponentes.xlsx,03 — Tabelas & Engines,PLANEJADO,
arquivo,1bCiud2ksDQOcS78NfkWLWH2XA-Bp3HQT,Anexo_Cobranca_Recebidos_Formulas.xlsx,03 — Tabelas & Engines,PLANEJADO,
arquivo,1apCfwhInKpLOYxYyeulOE_Sotznjr-7_,Anexo_Cobranca_Recebidos_Formulas.xlsx,03 — Tabelas & Engines,PLANEJADO,
arquivo,1irQNPZcbZWh1j1kvURZ0Z82TmS-5-HC5,Anexo_Cobranca_Sem_OC_Formulas.xlsx,03 — Tabelas & Engines,PLANEJADO,
arquivo,1ec1UDzpF0cxbRZO51O5UgyxPs-RJpaty,ANEXOS_DO_PL_586_23___SEM_O_MAPA.csv,03 — Tabelas & Engines,PLANEJADO,
arquivo,1287KOzQ3Rk4pTaNz0WV2TIBlB2z2JgeL,Ano_2023_SISSEL.xls,03 — Tabelas & Engines,PLANEJADO,
arquivo,1M5dHel-4gertsfFFSfGdJBy9930nhl8B,Ano_2024_AD.xlsx,03 — Tabelas & Engines,PLANEJADO,
arquivo,1y0P03fNeOUBRr2fefGpp9p0oI1B25nlh,Ano_2025_AD_12.xlsx,03 — Tabelas & Engines,PLANEJADO,
arquivo,1lm_QWG6gZkj1WNbjzEUmun3D4FPDW_QX,Ano_2026_AD_01.xlsx,03 — Tabelas & Engines,PLANEJADO,
arquivo,17AgTa3aSavPSZyhkzq8cUClOHpYamT94,ANUAL - 2022.xlsx,03 — Tabelas & Engines,PLANEJADO,
arquivo,1RmRzGGnPDpPaRG4cQ6wLXBA0DMxDQo1Z,anual2004.xls,03 — Tabelas & Engines,PLANEJADO,
arquivo,1fZe01n7QjrM36Wa06djuAPbAidgXHXfd,anual2005.xls,03 — Tabelas & Engines,PLANEJADO,
arquivo,1c6egKNeZwTaN5rduLzaODz8ey_h_JjzI,anual2006.xls,03 — Tabelas & Engines,PLANEJADO,
arquivo,1PuEKIOe7OnYYjFgUUE_eGwbPA7KevlNH,anual2007.xls,03 — Tabelas & Engines,PLANEJADO,
arquivo,1hkBiyXW2Av0cW05QXrGcynMGBjYWC5s5,anual2008.xls,03 — Tabelas & Engines,PLANEJADO,
arquivo,1g5LBELn83QcZGaq0TJHuhcucIp0TdfVu,anual2009.xls,03 — Tabelas & Engines,PLANEJADO,
arquivo,1zijXtTdvVr7l8drJ9iwy-1ZL8n7-0faW,anual2010.xls,03 — Tabelas & Engines,PLANEJADO,
arquivo,11bG1XBxFWffwsxn-OQf_4CShRkyc8obp,Anual2011.xls,03 — Tabelas & Engines,PLANEJADO,
arquivo,1PqtTPUd54nUpYcDZ0ivGodLURvMLHe4u,Anual2019.xls,03 — Tabelas & Engines,PLANEJADO,
arquivo,14Q1dsf_VemONHFz3PR4h42urE8Jx7sfq,Anual2020_ate_dezembro.xls,03 — Tabelas & Engines,PLANEJADO,
arquivo,1JweqKeggHG5fIUOpcfBuRIhL8DrT5sM3,anual_2000.xls,03 — Tabelas & Engines,PLANEJADO,
arquivo,1utqm7zOcTzT-lDJqqSvKV3qLvFG-4Tyf,anual_2001.xls,03 — Tabelas & Engines,PLANEJADO,
arquivo,1JIuk1-Fdl_tEGJaS8MxtcgFM4JrhR-X1,anual_2002.xls,03 — Tabelas & Engines,PLANEJADO,
arquivo,11jmQaAP7ukKvm6r15PqxkUM1GlkgqL9I,Anual_2003.xls,03 — Tabelas & Engines,PLANEJADO,
arquivo,1X8hkpjN_oGIcpnhB1RzSDQOgeoUUutJW,anual_2012.xls,03 — Tabelas & Engines,PLANEJADO,
arquivo,1Q_j7KiKozBsJXuKa8pU74B4MpTtP9h3q,anual_2016 (1).xls,03 — Tabelas & Engines,PLANEJADO,
arquivo,1M6Z9xkyr_z_iDU4gNeRfW51SIolHIwnw,anual_2016.xls,03 — Tabelas & Engines,PLANEJADO,
arquivo,1w4P8ca1zu8wrivSY4WuETThqKJK8GnVU,Anual_2017_dezembro.xls,03 — Tabelas & Engines,PLANEJADO,
arquivo,1Yqq3feMF-Sw35a78-KTMWGKNyaDKnXQK,Anual_2018.xls,03 — Tabelas & Engines,PLANEJADO,
arquivo,1BevQmC6kLO50TmBV8ObfNvSVgRSgeeRA,anual_2021_ate_dezembro.xls,03 — Tabelas & Engines,PLANEJADO,
arquivo,1FKfkkoj130-dS0Dei6ZXYwMEufGIualo,Análise de Omissões da Legislação - Secretaria Municipal de Urbanismo e Licenciamento - Prefeitura.csv,03 — Tabelas & Engines,PLANEJADO,
arquivo,1ewgYMYHetSrNRAo5zg_8mCFEi5T8AdTK,Aprova Digital_dezembro2020.xlsx,03 — Tabelas & Engines,PLANEJADO,
arquivo,1_h6ZeNoyM3WxQPiriQSzCiSG7tXsFXkg,area_potencial_e_suspeita_de_contaminacao.csv,03 — Tabelas & Engines,PLANEJADO,
arquivo,1_EZO1mNf6JiTW989k_Jd_n0P-J9QCSe0,area_potencial_e_suspeita_de_contaminacao.ods,03 — Tabelas & Engines,PLANEJADO,
arquivo,1JWPBp9zd-u9zkwQkOqcKjeth25KQEQey,area_potencial_e_suspeita_de_contaminacao.xlsx,03 — Tabelas & Engines,PLANEJADO,
arquivo,1f_LKhRmvMJK8HcJaZEJygmZ71wznDVCE,Ativação de Zonas de Estruturação (ZEUP e ZEMP) por Particular - Secretaria Municipal de Urbanismo e Licenciamento - Prefeitura.csv,03 — Tabelas & Engines,PLANEJADO,
arquivo,1Q499wCFws3H1d3w0jY1PFYOkCD5PjieF,Atualizacacao_Q14_anoref2025.csv,03 — Tabelas & Engines,PLANEJADO,
arquivo,1W9_8qbzU89cgwhaLbWH1h63OsCtdX3AI,Auditoria TDC São Paulo_ Memorial de Fundamentação Estratégica.csv,03 — Tabelas & Engines,PLANEJADO,
arquivo,1JM7spa4En4KmicoL5_HVVXp-E7ZNgs6T,AUDITORIA_1_BASE_ORIGINAL_COMPLETA.csv,03 — Tabelas & Engines,PLANEJADO,
arquivo,1k-zbLK3o1Oo41bfPVDJ1SsDoxDld_cPZ,AUDITORIA_2_MOTOR_1_ATUAL.csv,03 — Tabelas & Engines,PLANEJADO,
arquivo,1AahH3kMHd509-Nar799P3fBZZAmZt_mO,biosampa_geosampa_apas.ods,03 — Tabelas & Engines,PLANEJADO,
arquivo,18HfjwCgEDMGC8dKKsaY8EiQJzg7Q_QKC,catalogo_oficiais_para_preenchimento_20260307_223820.csv,03 — Tabelas & Engines,PLANEJADO,
arquivo,1shDJGqs3hofi6ovShiMK9qTvckZeDA0t,Certidão de Uso e Ocupação do Solo - Secretaria Municipal de Urbanismo e Licenciamento - Prefeitura.csv,03 — Tabelas & Engines,PLANEJADO,
arquivo,1ZyjtHHUDe4Tomb6WZ1pDlNmbgbwFm5WE,D57536.csv,03 — Tabelas & Engines,PLANEJADO,
arquivo,18aS4wR54NxmbVLWpY88vZnXHA8fX2qf-,ddf-01.26.xlsx,03 — Tabelas & Engines,PLANEJADO,
arquivo,1L_gwlWQmbWxb8MG4R18lfoeaSMtK6GyM,ddf-12.25.xlsx,03 — Tabelas & Engines,PLANEJADO,
arquivo,1KVXSmKIKiucjF2Q6_E1i0zPnm9LvkCPl,Declaração de Potencial Construtivo Passível de Transferência - Secretaria Municipal de Urbanismo e Licenciamento - Prefeitura.csv,03 — Tabelas & Engines,PLANEJADO,
arquivo,1gU_mxinFX8t3wbUCl__AmlPpcrf5dL2O,DEEP_SCAN_BRONZE_ORIGINAIS.csv,03 — Tabelas & Engines,PLANEJADO,
arquivo,1_Hj4_c5oQXHfQW9_cC8NRN3fjfzsKkOF,DEEP_SCAN_SILVER_MOTOR1.csv,03 — Tabelas & Engines,PLANEJADO,
arquivo,1d_WEkDRy-B_n-pw163mG_19RlFopLNki,dic_area_potencial_e_suspeita_de_contaminacao-arquivo.csv,03 — Tabelas & Engines,PLANEJADO,
arquivo,1XNq8sd_z0medUQAtfridFsH9CXO1qdGZ,dic_area_potencial_e_suspeita_de_contaminacao-variaveis.csv,03 — Tabelas & Engines,PLANEJADO,
arquivo,1X1-ArwtElMTZeWpE8tdzoOD8C9qwecGf,dic_area_potencial_e_suspeita_de_contaminacao.ods,03 — Tabelas & Engines,PLANEJADO,
arquivo,1wZBUpFfY4rAk1dC8bd4UaeZIaVI1csXz,dic_area_potencial_e_suspeita_de_contaminacao.xls,03 — Tabelas & Engines,PLANEJADO,
arquivo,1gDo375GIYkrCkTArLmOeW6gSMhhujdLY,dicionario_ad_v1.2.xlsx,03 — Tabelas & Engines,PLANEJADO,
arquivo,1-7ARNezeetcB1MgG9FR7q95B0HGZPuyZ,dicionario_ad_v1.xlsx,03 — Tabelas & Engines,PLANEJADO,
arquivo,1J09_7HER_DbfPYWqAgWHijTrZovKH6iZ,dicionario_geosampa_apas.ods,03 — Tabelas & Engines,PLANEJADO,
arquivo,178GlSInuP-XBcgFZLArq9rmROZN5VrRI,dicionario_geosampa_apas.xls,03 — Tabelas & Engines,PLANEJADO,
arquivo,1ovv4M6hvkS7eH7d4T6IV7jBw9uqqn8H5,dicionario_geosampa_apas_arquivo.csv,03 — Tabelas & Engines,PLANEJADO,
arquivo,1GnOw3tsxWJcpET0pKtS0sZpcsK2bu-S4,dicionario_geosampa_apas_variaveis.csv,03 — Tabelas & Engines,PLANEJADO,
arquivo,1W4NKKz4HlioobdlHhekjzpJJgFkMJOph,DIVERSOS_IA.csv,03 — Tabelas & Engines,PLANEJADO,
arquivo,1-LRNyTwNt4Ar5KLd2lq0TxDKaA8D5Vmz,Enquadramento de Atividade CNAE - Secretaria Municipal de Urbanismo e Licenciamento - Prefeitura.csv,03 — Tabelas & Engines,PLANEJADO,
arquivo,1_Bz4sfUum20OXPs_d4AeovYOTWaZ0XRF,extrato-aprova-digital-1-sem.-2025.csv,03 — Tabelas & Engines,PLANEJADO,
arquivo,1yr68Vt4S4kL-GSMt0XkalXVz4iatlU8D,extrato_ad_2020-2023.csv,03 — Tabelas & Engines,PLANEJADO,
arquivo,16sezCSclG_4QYrkB8UuGHLxuzVvgIju3,extrato_ad_2024_1.csv,03 — Tabelas & Engines,PLANEJADO,
arquivo,11TUe5fGYJ5JxeGbDyArqNql9F9Z3wahM,extrato_ad_2024_2.csv,03 — Tabelas & Engines,PLANEJADO,
arquivo,1rN_fsOefqdvDU8icHG-ptHGMemzX72NA,fila_tdc_5porcento_fundurb_dez_2025-pdf.csv,03 — Tabelas & Engines,PLANEJADO,
arquivo,1V7vAURIjLBcttWNS6gxVWmw1vn9w5yJC8Wkg67XEIcM,Formulario de Requisitos Residuos Sólidos,03 — Tabelas & Engines,PLANEJADO,
arquivo,14FmpnvQGUUdg8DWhAW58pLDUxaZIdGLw,geoportal_area_contaminada_reabilitada_svma.xlsx,03 — Tabelas & Engines,PLANEJADO,
arquivo,1fJflpi0oVmGAEvQjD9eebUwJcrOAFy2H,GUIAS DE ITBI PAGAS (1).xlsx,03 — Tabelas & Engines,PLANEJADO,
arquivo,1IvF7JkpiUWwGMZKaYPM9876ASF_YgjMt,GUIAS DE ITBI PAGAS (28012026) XLS.xlsx,03 — Tabelas & Engines,PLANEJADO,
arquivo,1ZESc3arRBppUx9HNMdsYDQh8Urnupsrh,GUIAS-DE-ITBI-PAGAS-2023.xlsx,03 — Tabelas & Engines,PLANEJADO,
arquivo,1DEzDLix11FtG_1lhKY1qhnXJAu23Nny_,GUIAS-DE-ITBI-PAGAS-2024.xlsx,03 — Tabelas & Engines,PLANEJADO,
arquivo,1dd1x5JxHS-JAc4Grsuucn1ly-X1NT9KD,GUIAS_DE_ITBI_PAGAS_(2019).xlsx,03 — Tabelas & Engines,PLANEJADO,
arquivo,1exBLt0dNS6uP604XnXUWGL9Qwtj8idu3,GUIAS_DE_ITBI_PAGAS_(2020).xlsx,03 — Tabelas & Engines,PLANEJADO,
arquivo,1sxMxJ2EKIll7-vpGJTv6TLptDSJDOg1d,GUIAS_DE_ITBI_PAGAS_(2021).xlsx,03 — Tabelas & Engines,PLANEJADO,
arquivo,1uQw1WO9Bu5B_wnFDpC-K3gVzKKkCX0AY,GUIAS_DE_ITBI_PAGAS_12-2022.xlsx,03 — Tabelas & Engines,PLANEJADO,
arquivo,1AeNFgVhXDZ66DyBMu2FPvu71o0x2PWnv,guias_de_itbi_pagas_2006.xlsx,03 — Tabelas & Engines,PLANEJADO,
arquivo,1NIC90aYDZeYg1KqPusbQP03mjJAIT4eL,guias_de_itbi_pagas_2007.xlsx,03 — Tabelas & Engines,PLANEJADO,
arquivo,1CZegdbWD_8wtvoufFXre6rHJa30IiGty,guias_de_itbi_pagas_2008.xlsx,03 — Tabelas & Engines,PLANEJADO,
arquivo,1nWmPE4ivH1Vj3DX4chGAPIb10vXKtAY5,guias_de_itbi_pagas_2009.xlsx,03 — Tabelas & Engines,PLANEJADO,
arquivo,19wCVbWHXVs9AGF3aVo7ClNm4EHeS4hTC,guias_de_itbi_pagas_2010.xlsx,03 — Tabelas & Engines,PLANEJADO,
arquivo,1cnv7OdGP2iqu7O_0qtVYWRY_4UWQ8M0d,guias_de_itbi_pagas_2011.xlsx,03 — Tabelas & Engines,PLANEJADO,
arquivo,1lIqmcYJ8umsJNUtMx4SwVBqTsUFSXkz9,guias_de_itbi_pagas_2012.xlsx,03 — Tabelas & Engines,PLANEJADO,
arquivo,1SfnE6j9ldJJPS7aANddL44xpNmVqLZZZ,guias_de_itbi_pagas_2013.xlsx,03 — Tabelas & Engines,PLANEJADO,
arquivo,12EWDLKUquA9lLjfmCIQkTI2eyE0JMMF4,guias_de_itbi_pagas_2014.xlsx,03 — Tabelas & Engines,PLANEJADO,
arquivo,1gD4UQqbNqEZVsRhiyoqrkyEtvY2-Z58R,guias_de_itbi_pagas_2015.xlsx,03 — Tabelas & Engines,PLANEJADO,
arquivo,1Ce1vTcxVUhOqawurxoVXNNu5FbmIB8Kt,guias_de_itbi_pagas_2016.xlsx,03 — Tabelas & Engines,PLANEJADO,
arquivo,1DrWLPXozufPLGonW-bZYMFaBfcX-lF9f,guias_de_itbi_pagas_2017.xlsx,03 — Tabelas & Engines,PLANEJADO,
arquivo,1G_qUEJysBqHtPGP7A1xTI9RiZgu7QDSw,guias_de_itbi_pagas_2018.xlsx,03 — Tabelas & Engines,PLANEJADO,
arquivo,1kuSyb8jyoWHgQ7XvzeXE1DfLNfamad_H,INSTRUÇÃO NORMATIVA SECRETARIA MUNICIPAL DE URBANISMO E LICENCIAMENTO - SMUL Nº 1 DE 16 DE OUTUBRO DE 2024 « Catálogo de Legislação Municipal.csv,03 — Tabelas & Engines,PLANEJADO,
arquivo,1rqvg4Fqlm9Edq-46gQZUp6GuZCL_Q0lKPot7IAFxZO0,IPTU-BASE,03 — Tabelas & Engines,PLANEJADO,
arquivo,1HPvwPOkjRwlC4dfgEYpYkfyDJ5l94tNM,IPTU_2026.csv,03 — Tabelas & Engines,PLANEJADO,
arquivo,1-xmmkyCCf8NwHE3So3Yj3kKVT8yFuH1t,"LEI Nº 13.430 , DE 13 DE SETEMBRO DE 2002 - Secretaria Municipal de Urbanismo e Licenciamento - Prefeitura.csv",03 — Tabelas & Engines,PLANEJADO,
arquivo,1Nn8n_n9BxNeLT5_Q9qxv5MMvYa7YtThy,"LEI Nº 13.430 , DE 13 DE SETEMBRO DE 2002 - Secretaria Municipal de Urbanismo e Licenciamento - Prefeitura12.csv",03 — Tabelas & Engines,PLANEJADO,
arquivo,1en2WC2A-Wd21NNDhZ8ThheAyHmODIOl-,lista_certidao_ZEPEC-BIR_agosto-2025.xlsx,03 — Tabelas & Engines,PLANEJADO,
arquivo,17j94xkgVk4eberaRpRLK2j_ekz480Lny,lista_declaracoes_ZEPEC-BIR_agosto-2025.xlsx,03 — Tabelas & Engines,PLANEJADO,
arquivo,1EyzQ9O6HTbiUSBgotHYBun_haesZHGC_,LOTES_Parte_1_IA.csv,03 — Tabelas & Engines,PLANEJADO,
arquivo,1Ze3bOM75N2FmgNYya9kntyL4boRQRCYF,LOTES_Parte_2_IA.csv,03 — Tabelas & Engines,PLANEJADO,
arquivo,1nWjbPVvpWuis9t576Cw_pSTQurmU0swV,LOTES_Parte_3_IA.csv,03 — Tabelas & Engines,PLANEJADO,
arquivo,1qeMNZTRj8itKc-6V3_T0uHcn_wDEY0iP,LOTES_Parte_4_IA.csv,03 — Tabelas & Engines,PLANEJADO,
arquivo,1zQeOweWGTpizppN8owIv_p1qh4EH6jio,LOTES_Parte_5_IA.csv,03 — Tabelas & Engines,PLANEJADO,
arquivo,13a9ws7XCUmU9Mz99UqRiPwDaeFmKyGxm,MASTER_PARAMETROS_URBANISTICOS.xlsx,03 — Tabelas & Engines,PLANEJADO,
arquivo,1lcNJOi7NQLPDtujP4Z4BsOol3cheqa3-,MEGA_PLANILHA_ENRIQUECIDA_FINAL_V2.csv,03 — Tabelas & Engines,PLANEJADO,
arquivo,1ufhOE9tnBtgAEo4Kp-f2yx5Ago5op7Pm,MEGA_PLANILHA_SANEADA_TOMBADOS_V1.csv,03 — Tabelas & Engines,PLANEJADO,
arquivo,1l1YZYLfR535wY-w53JdffwtJ1Z6rv_1A,metadados_area_potencial_e_suspeita_de_contaminacao.csv,03 — Tabelas & Engines,PLANEJADO,
arquivo,1GYYJCDqsFGypR5v3tkbkEt79e8kaBr12,metadados_area_potencial_e_suspeita_de_contaminacao.ods,03 — Tabelas & Engines,PLANEJADO,
arquivo,1OxsFBlSqBAGB1nugVU1fJk485etE9yIZ,metadados_area_potencial_e_suspeita_de_contaminacao.xls,03 — Tabelas & Engines,PLANEJADO,
arquivo,1lgUAWy8u-WT6eKc4T3xJbvqjQM-8NuF3,metadados_geosampa_apas.ods,03 — Tabelas & Engines,PLANEJADO,
arquivo,1tQ88UoLKaAzorp_VPfK7ptoNwK9zmn9U,metadadosgeoportal_area_contaminada_reabilitada_svma.csv,03 — Tabelas & Engines,PLANEJADO,
arquivo,1jR-rSCYcv24sfizyhqU3i6nxK6mdQXhG,Notas Nilson Grotti.xlsx,03 — Tabelas & Engines,PLANEJADO,
arquivo,1IvHck6ce6VwuSHd_EWVa9RmnJW0nWF8j,OODC_2024-2025.xlsx,03 — Tabelas & Engines,PLANEJADO,
arquivo,1fhPHv_s7RownkK3jszbBF2RCMSClW_B0,Outorga Onerosa do Direito de Construir - Secretaria Municipal de Urbanismo e Licenciamento - Prefeitura.csv,03 — Tabelas & Engines,PLANEJADO,
arquivo,1as1JwV3JQK3gMyBHvOCLo_OJGOg2a3aT,PCA_Consolidado_IA.csv,03 — Tabelas & Engines,PLANEJADO,
arquivo,1AI1W-yYaAn_fa476xvk5H9v3rm8uK-9f,PDE2013_SUBST2_Quadro_10_Equipamentos (1).csv,03 — Tabelas & Engines,PLANEJADO,
arquivo,1lxVs_kqDfVb6cF0609SERS3wjGe-uSn0,PDE2013_SUBST2_Quadro_10_Equipamentos.csv,03 — Tabelas & Engines,PLANEJADO,
arquivo,1KPeSlCXVtWyuFr52gr0Wg4uzPqymbVaD,PDE2013_SUBST2_Quadro_14_cadastro.csv,03 — Tabelas & Engines,PLANEJADO,
arquivo,1xnSzIAMqDeq00Y1xaeroaJOE8IMoiWPf,PDE2013_SUBST2_Quadro_1_CA_Definicoes.csv,03 — Tabelas & Engines,PLANEJADO,
arquivo,103drHBN4-5D9gaQwdQxnjFRtQVmngmYI,PDE2013_SUBST2_Quadro_2_CA_Eixos.csv,03 — Tabelas & Engines,PLANEJADO,
arquivo,1vTorsekskSqMQmYqMWx0l_v7xoAzv3qZ,PDE2013_SUBST2_Quadro_2A_CA_Macroareas.csv,03 — Tabelas & Engines,PLANEJADO,
arquivo,1yXk-CDJMo87-WmkG8B1-mAzIIT_z8yvs,PDE2013_SUBST2_Quadro_3_CA_ZEIS.csv,03 — Tabelas & Engines,PLANEJADO,
arquivo,1p0VH1fpgeL-8pmHMipjUMDXY-CTLhNyR,PDE2013_SUBST2_Quadro_4_percentuais_ZEIS.csv,03 — Tabelas & Engines,PLANEJADO,
arquivo,1mzoewH1DEjCbkLKXTB0EKnzUOPfxW2DF,PDE2013_SUBST2_Quadro_5_ Fator_interesse_social_Fs.csv,03 — Tabelas & Engines,PLANEJADO,
arquivo,1oakoO1ZyCwclapUWWed8SXEJD_6v1qMk,PDE2013_SUBST2_Quadro_6_Fator_planejamento_Fp.csv,03 — Tabelas & Engines,PLANEJADO,
arquivo,1jRs-Wm_-HAnoh0xnpDs5Sk5t7q0GHSRT,PDE2013_SUBST2_Quadro_7_Parques_municipais_existentes_propostos.csv,03 — Tabelas & Engines,PLANEJADO,
arquivo,10y3GLl2SMs07TIak1rbgaax7oXZFd2nU,PDE2013_SUBST2_Quadro_8_Residuos_solidos.csv,03 — Tabelas & Engines,PLANEJADO,
arquivo,1_kVUJO-x7Wel7AHgJlgAUYf82up2iU0W,PDE2013_SUBST2_Quadro_9_viario-estrutural.csv,03 — Tabelas & Engines,PLANEJADO,
arquivo,18Kt2Rot4uXytSUL3G4USC1EFT_3ropQh,Pedido de Reconhecimento de Complexo de Saúde por Particular - Secretaria Municipal de Urbanismo e Licenciamento - Prefeitura.csv,03 — Tabelas & Engines,PLANEJADO,
arquivo,1R0NzBWR62l3Mw7onglejR3rwGQimXbre,PLANILHA_ENRIQUECIDA_FINAL_ITBI_V2.csv,03 — Tabelas & Engines,PLANEJADO,
arquivo,1QfjxeoCPpx4HiTHUfBPbqSmiFFRANkyV,Projeto de Intervenção Urbana apresentado por particular - Secretaria Municipal de Urbanismo e Licenciamento - Prefeitura.csv,03 — Tabelas & Engines,PLANEJADO,
arquivo,1oHLuv5J8qAmOdmiVDXGQCIDsXwQDyIzA,PRONUNCIAMENTO SMUL.ATECC.CTLU_001_2024 - Secretaria Municipal de Urbanismo e Licenciamento - Prefeitura.csv,03 — Tabelas & Engines,PLANEJADO,
arquivo,1kpWkFjahcOVu9XVVvZdWlyOIyn1IUsHs1tZy7geC-2s,"Qual o erro nessa fórmula?=IMPORTRANGE(""https://do...",03 — Tabelas & Engines,PLANEJADO,
arquivo,1SQ7KIqf4FobhvtfumvJCp5NSsHv_Q0Wc,RESOLUÇÃO SECRETARIA MUNICIPAL DE URBANISMO E LICENCIAMENTO - SMUL_CTLU Nº 4 DE 4 DE ABRIL DE 2024 « Catálogo de Legislação Municipal.csv,03 — Tabelas & Engines,PLANEJADO,
arquivo,1WVR4hUQvM-N4jcqooLk_MMO77ACM-4bX,RUAS_Consolidado_IA.csv,03 — Tabelas & Engines,PLANEJADO,
arquivo,1wx5xEoCv6wImhff6gHHy0Eq70fCBFUcG,SIMULADOR_QA_atualizado_lei_18081_24_v4.xls,03 — Tabelas & Engines,PLANEJADO,
arquivo,1xS2NCo3w5lFCSM3LHXaRYjTeQ6SxTdEb,sissel_ANO_2024.xlsx,03 — Tabelas & Engines,PLANEJADO,
arquivo,1-GuG5lL5Z5WE9hBj2N_HACsDxYzFijxk,sissel_ANO_2025_12.xls,03 — Tabelas & Engines,PLANEJADO,
arquivo,18EmEgbrbdi6kJN1bNM7alXhS6Z5W3og-,sissel_ano_2026_01.xls,03 — Tabelas & Engines,PLANEJADO,
arquivo,1W064ho4UMhcwXpnbrYioAjfFtWm1ZsNH,Transferência do Direito de Construir - Secretaria Municipal de Urbanismo e Licenciamento - Prefeitura.csv,03 — Tabelas & Engines,PLANEJADO,
arquivo,1oOJHSaNhBbWBx5xYtJFMJAMf8mOnUB7H,ZONEAMENTO_IA.csv,03 — Tabelas & Engines,PLANEJADO,
arquivo,1KAvM0NuHZzDo6jE-4BUX_CDBmIWXfi2m,Modelo Reduzido IPTU.xlsx,03 — Tabelas & Engines,PLANEJADO,
arquivo,1dtXD8Nt2efUtU-Re-0_liAq_JyllzMEsgA2zikr4Pss,Modelo Reduzido IPTU.xlsx (Converted - 2026-04-12 14:51),03 — Tabelas & Engines,PLANEJADO,
arquivo,1FD6HQNFI4n_hmS5D-ytTz2TuwGtP-AUc,Planilha_Operacional_IRRF_Tema1130.csv,03 — Tabelas & Engines,PLANEJADO,
arquivo,1SKsFOtPiOrgl4tZx9U49Vy4OQ-EUtjl6,Planilha_Operacional_IRRF_Tema1130.xlsx,03 — Tabelas & Engines,PLANEJADO,
arquivo,1gXJGl_giCjcNrZZElv1wiSkn6YGgEF-G,Relatorio_IRRF_Candido_Mota_Tema1130.docx,03 — Tabelas & Engines,PLANEJADO,
arquivo,1aPsK0qJsATK8jgMmQU2HlPFXT3VSTMFm,IRRF_Candido_Mota_Tema1130_TESTE.csv,03 — Tabelas & Engines,PLANEJADO,
arquivo,1AKlALz8jPbI1mNLDSZ5rtmn4Y_b1ZgA9,IRRF_Cidades_SBA_Tema1130.xlsx,03 — Tabelas & Engines,PLANEJADO,
arquivo,1d7wdp7oep3uqsXgeKvxjZKtYk3LBfms6,IRRF_Candido_Mota_Tema1130_TESTE.xlsx,03 — Tabelas & Engines,PLANEJADO,
arquivo,1FoIgFRcfI39O0zIBLOLzmPWNgv4gVydp,area_potencial_e_suspeita_de_contaminacao.xlsx.gpkg,05 — Geo / Mapas,PLANEJADO,
arquivo,1xlbAzT83WsHhA_F7zny40Pc4wDNCklht,datageo-VWM_AREAS_CONTAMINADAS_GEODADOS_CETESB_PTO.kml,05 — Geo / Mapas,PLANEJADO,
arquivo,1RSFwjoafEwV5oz5DA7Z1uzleLGCn-ctR,layer_geosampa_apas.gpkg,05 — Geo / Mapas,PLANEJADO,
arquivo,1jvqj63D7G8DF7feRZ5zS9XCEJWRDmcdS,SIRGAS_SHP_areaenvoltoriacondephaat1.csv,05 — Geo / Mapas,PLANEJADO,
arquivo,1G9F8xzLdXeG_Bigyw9VRnhErBkrM10x9,SIRGAS_SHP_areaenvoltoriacondephaat2.csv,05 — Geo / Mapas,PLANEJADO,
arquivo,1Nv42J5Ksy4fbQsvkYJUATaBYy7VOMQ5p,SIRGAS_SHP_areaenvoltoriaiphan1.csv,05 — Geo / Mapas,PLANEJADO,
arquivo,1gUbP_Rb-SgkCMBa79sk79IqdAoJmit1B,SIRGAS_SHP_areaenvoltoriaiphan2.csv,05 — Geo / Mapas,PLANEJADO,
arquivo,1-1l5WX_B4kJaTZZqs71Mc0Vrfq5_1TB6,SIRGAS_SHP_benstombados.cpg,05 — Geo / Mapas,PLANEJADO,
arquivo,14Y9Ma8JgLEPcmmEv2qsCjymsiSLBeAYw,SIRGAS_SHP_benstombados.dbf,05 — Geo / Mapas,PLANEJADO,
arquivo,10CpweOGwQ0Ppzs0ijikIIOvfQNf8HhIz,SIRGAS_SHP_benstombados.shp,05 — Geo / Mapas,PLANEJADO,
arquivo,1J8hrYY_9-lmVP9oEHvZTklQ3WPKaZYfZ,SIRGAS_SHP_benstombados.shx,05 — Geo / Mapas,PLANEJADO,
arquivo,1_dn94DJY1aZGD0U_iMLuuEje-1lhH1g_CWfOx3_VClo,SIRGAS_SHP_benstombados1,05 — Geo / Mapas,PLANEJADO,
arquivo,1IQtSyiGWotwnYD79w6EJoN6UxtOJw5EqFxw_yTRjpOs,SIRGAS_SHP_benstombados1,05 — Geo / Mapas,PLANEJADO,
arquivo,151Rwikuh2bBi4DAvi5v6KSjYE2lEr5eX,SIRGAS_SHP_benstombados1.csv,05 — Geo / Mapas,PLANEJADO,
arquivo,1z9cOo_eQ04CvB1KyenyKmwhZLARvQGpd,SIRGAS_SHP_benstombados1.csv,05 — Geo / Mapas,PLANEJADO,
arquivo,1_y90TcV6LPsDNZorlxJMiAG1_mROjKXS,SIRGAS_SHP_benstombados1.csv,05 — Geo / Mapas,PLANEJADO,
arquivo,14IiO6j8gx2QlA-REiLCAxKftlwxnkK58,SIRGAS_SHP_benstombados1.csv,05 — Geo / Mapas,PLANEJADO,
arquivo,1E-U2w2uuBUOUWrP_gQahCKJAKbo7MIY1,SIRGAS_SHP_logradouronbl.cpg,05 — Geo / Mapas,PLANEJADO,
arquivo,1Rzu5YrRgQO_eTKNBQ64vuk9lZcU3CPfL,SIRGAS_SHP_logradouronbl.dbf,05 — Geo / Mapas,PLANEJADO,
arquivo,1wWIKVfwaH9cLQSwmIHNaP2PO0c2u76U7,SIRGAS_SHP_logradouronbl.shp,05 — Geo / Mapas,PLANEJADO,
arquivo,1ixG80yIdVSsLKTGbTE75YA5saQdGglCK,SIRGAS_SHP_logradouronbl.shx,05 — Geo / Mapas,PLANEJADO,
arquivo,1Dho3YVtcF-9GfLCq1NV6xzOjs0TY3Yhc,SIRGAS_SHP_LOTES_03_ANHANGUERA.shp,05 — Geo / Mapas,PLANEJADO,
arquivo,1eqmZkgwtGTOQsxexVXqQdowL72Ww1wSe,SIRGAS_SHP_LOTES_04_ARICANDUVA.shp,05 — Geo / Mapas,PLANEJADO,
arquivo,1cTaGrDX3iiTjSkW1aeMt5k7hl2DdBIuO,SIRGAS_SHP_LOTES_05_ARTUR_ALVIM.shp,05 — Geo / Mapas,PLANEJADO,
arquivo,1znUgmc7AjUEF9x-T1Ck25nybicUy4AlF,SIRGAS_SHP_LOTES_08_BELEM.shp,05 — Geo / Mapas,PLANEJADO,
arquivo,1wu2PspBOqqblopMKWjkbHAjOWwdRfAV8,SIRGAS_SHP_LOTES_09_BOM_RETIRO.shp,05 — Geo / Mapas,PLANEJADO,
arquivo,1vUTWNmiC10Oy2mw120BpV_3IrnyKnmIY,SIRGAS_SHP_LOTES_10_BRAS.shp,05 — Geo / Mapas,PLANEJADO,
arquivo,1_fhh6pr8zNAp-59JFYpdfxEeITHk-DF2,SIRGAS_SHP_LOTES_11_BRASILANDIA.shp,05 — Geo / Mapas,PLANEJADO,
arquivo,1uxk6gDwJZMcuN6dYQa6qwFwyYQJB9pOt,SIRGAS_SHP_LOTES_12_BUTANTA.shp,05 — Geo / Mapas,PLANEJADO,
arquivo,1q_MopVRChIiuTBPiQ8LX6q-W_8o1m110,SIRGAS_SHP_LOTES_13_CACHOEIRINHA.shp,05 — Geo / Mapas,PLANEJADO,
arquivo,1tm9E49OPkm8g2QRCEzMCGKeUG6S8RT7O,SIRGAS_SHP_LOTES_14_CAMBUCI.shp,05 — Geo / Mapas,PLANEJADO,
arquivo,1eIxui4FWFktdmxRIgmr39sN61ubME3fM,SIRGAS_SHP_LOTES_15_CAMPO_BELO.shp,05 — Geo / Mapas,PLANEJADO,
arquivo,1NBOU1pR67tvrj5ag5nucQAfjblznnMfS,SIRGAS_SHP_LOTES_16_CAMPO_GRANDE.shp,05 — Geo / Mapas,PLANEJADO,
arquivo,1dv6immLv5_7clJnDT97OWKdl6mvCXj4B,SIRGAS_SHP_LOTES_17_CAMPO_LIMPO.shp,05 — Geo / Mapas,PLANEJADO,
arquivo,1GwJ5wn--UkEn8yoSjBqhLWOylykXO-h4,SIRGAS_SHP_LOTES_18_CANGAIBA.shp,05 — Geo / Mapas,PLANEJADO,
arquivo,1m7SxgsU650EjWkkEYyXhgg1745n-N1ct,SIRGAS_SHP_LOTES_19_CAPAO_REDONDO.shp,05 — Geo / Mapas,PLANEJADO,
arquivo,1U-47Sz8vgTFp0dgpYy31ZgBvv_OU8wAD,SIRGAS_SHP_LOTES_20_CARRAO.shp,05 — Geo / Mapas,PLANEJADO,
arquivo,13fjuZFPnw6OzEvMiPWr_Uj4q0YCK0acH,SIRGAS_SHP_LOTES_21_CASA_VERDE.shp,05 — Geo / Mapas,PLANEJADO,
arquivo,1LUBwTmjwKOa9T0_p9DC0jlsiLWLD67oD,SIRGAS_SHP_LOTES_22_CIDADE_ADEMAR.shp,05 — Geo / Mapas,PLANEJADO,
arquivo,1_wCkmKMTPyTrmjxU9VUAmtR1A_5Xkypi,SIRGAS_SHP_LOTES_23_CIDADE_DUTRA.shp,05 — Geo / Mapas,PLANEJADO,
arquivo,1D1VqYxDQu2VOcbAkjmueNWe7h6oSr5KE,SIRGAS_SHP_LOTES_24_CIDADE_LIDER.shp,05 — Geo / Mapas,PLANEJADO,
arquivo,1Ur3CjoN_qITpyj8oW4xBza4GottRJNTQ,SIRGAS_SHP_LOTES_25_CIDADE_TIRADENTES.shp,05 — Geo / Mapas,PLANEJADO,
arquivo,1XZajobB1j3FN9_Rtr96SDESM0-vsQGxF,SIRGAS_SHP_LOTES_27_CURSINO.shp,05 — Geo / Mapas,PLANEJADO,
arquivo,1_hV3grpRydqzV087zC0NuSO97EUtdQSr,SIRGAS_SHP_LOTES_28_ERMELINO_MATARAZZO.shp,05 — Geo / Mapas,PLANEJADO,
arquivo,1BJ1oWbRQtc4GPHyMDlVHwWXmaFSGTxG6,SIRGAS_SHP_LOTES_29_FREGUESIA_DO_O.shp,05 — Geo / Mapas,PLANEJADO,
arquivo,1EpKfftisR6QZ6RoewSvR7h6fjFGF08NN,SIRGAS_SHP_LOTES_30_GRAJAU.shp,05 — Geo / Mapas,PLANEJADO,
arquivo,1o56Mk5R4SGBu1h1XZGx2WCeRv94mcIiX,SIRGAS_SHP_LOTES_31_GUAIANASES.shp,05 — Geo / Mapas,PLANEJADO,
arquivo,18x1aJpUe_k3rZr7CmpovRs2svHfFJcT3,SIRGAS_SHP_LOTES_32_MOEMA.shp,05 — Geo / Mapas,PLANEJADO,
arquivo,1ufY5vQz3hBUyF-QxcjpIFyqE0D9cD_yw,SIRGAS_SHP_LOTES_33_IGUATEMI.shp,05 — Geo / Mapas,PLANEJADO,
arquivo,11T6e0Gud3HmUu1zzhm3Pf01kSaiMuqtZ,SIRGAS_SHP_LOTES_34_IPIRANGA.shp,05 — Geo / Mapas,PLANEJADO,
arquivo,1pOtPE16D8OoDZO4395lESk4nLkUiEiFv,SIRGAS_SHP_LOTES_35_ITAIM_BIBI.shp,05 — Geo / Mapas,PLANEJADO,
arquivo,1eKkqkKGVlz-atP9-MDujjHqgz6xclmn8,SIRGAS_SHP_LOTES_36_ITAIM_PAULISTA.shp,05 — Geo / Mapas,PLANEJADO,
arquivo,1Is6lzAxye6vrfVYGA9jdslFuYAVzuBLm,SIRGAS_SHP_LOTES_37_ITAQUERA.shp,05 — Geo / Mapas,PLANEJADO,
arquivo,1a2Owysvx0nxGEJ2SZjWanwzSRgoD9lX9,SIRGAS_SHP_LOTES_38_JABAQUARA.shp,05 — Geo / Mapas,PLANEJADO,
arquivo,1Db4RF_DdMsexyLqdf8qmcdqEG-yRBQ_H,SIRGAS_SHP_LOTES_39_JACANA.shp,05 — Geo / Mapas,PLANEJADO,
arquivo,1kX3WdgydTuYJI-g3-0FTu9o_P5V-1RS1,SIRGAS_SHP_LOTES_40_JAGUARA.shp,05 — Geo / Mapas,PLANEJADO,
arquivo,13ONyLnBl0iGzOKcuNGzWmyAoS8unfx2P,SIRGAS_SHP_LOTES_41_JAGUARE.shp,05 — Geo / Mapas,PLANEJADO,
arquivo,1YP97-hhPM7ddDeDhPiWUatdld8NCA0WD,SIRGAS_SHP_LOTES_42_JARAGUA.shp,05 — Geo / Mapas,PLANEJADO,
arquivo,11X9pA3X7B37e4Kz6mjpfjGi7FxsIlD8e,SIRGAS_SHP_LOTES_43_JARDIM_ANGELA.cpg,05 — Geo / Mapas,PLANEJADO,
arquivo,1knvhlt9cpzSwABEkAZ6gziyupxWFtTtN,SIRGAS_SHP_LOTES_43_JARDIM_ANGELA.dbf,05 — Geo / Mapas,PLANEJADO,
arquivo,1v7DNdfxpdxlJ-kGdtp96ZSq9Cv05FmLD,SIRGAS_SHP_LOTES_43_JARDIM_ANGELA.shp,05 — Geo / Mapas,PLANEJADO,
arquivo,1rLFpEZc5KIrSV5j-jDiNRgN23Fl20nU8,SIRGAS_SHP_LOTES_43_JARDIM_ANGELA.shx,05 — Geo / Mapas,PLANEJADO,
arquivo,11rN6AzOLinEiBNtbnAkrG4_yUGWBdDQe,SIRGAS_SHP_LOTES_44_JARDIM_HELENA.cpg,05 — Geo / Mapas,PLANEJADO,
arquivo,1vi2KWxW0RQ2rfcO4cl5a6tDwlflQsCre,SIRGAS_SHP_LOTES_44_JARDIM_HELENA.shp,05 — Geo / Mapas,PLANEJADO,
arquivo,12JSu0C2my6N0GOBVu75CL6pSLEN6nx5z,SIRGAS_SHP_LOTES_45_JARDIM_PAULISTA.cpg,05 — Geo / Mapas,PLANEJADO,
arquivo,18_XYaV249lWFHmZl9nxzSqQAbOuR7nYP,SIRGAS_SHP_LOTES_45_JARDIM_PAULISTA.shp,05 — Geo / Mapas,PLANEJADO,
arquivo,1pOwa2ZwlZ3RHCW61njCKgf68vzBtGJ7A,SIRGAS_SHP_LOTES_46_JARDIM_SAO_LUIS.shp,05 — Geo / Mapas,PLANEJADO,
arquivo,1wUkT1W2owfCISsdnbS3rmryuD7b_jSwJ,SIRGAS_SHP_LOTES_47_JOSE_BONIFACIO.shp,05 — Geo / Mapas,PLANEJADO,
arquivo,1fX_D-WtWWvNSIwWrGAJlwDHcAHZ-eKi2,SIRGAS_SHP_LOTES_48_LAPA.shp,05 — Geo / Mapas,PLANEJADO,
arquivo,1bMRtLalYHHnUz1T7tY0gU2q5cG2BMlVR,SIRGAS_SHP_LOTES_49_LIBERDADE.shp,05 — Geo / Mapas,PLANEJADO,
arquivo,1LsQZBETL0ShdcYvvMejGQOcfRTj7AtDM,SIRGAS_SHP_LOTES_50_LIMAO.shp,05 — Geo / Mapas,PLANEJADO,
arquivo,11IJG_Lq5qCe4D8cjATxt46yKxz05QS6T,SIRGAS_SHP_LOTES_51_MANDAQUI.shp,05 — Geo / Mapas,PLANEJADO,
arquivo,1WkZX8jiY3YMRWLpxJjDg2gwGEpys60pU,SIRGAS_SHP_LOTES_53_MOOCA.shp,05 — Geo / Mapas,PLANEJADO,
arquivo,1RaRhoUAVe2EkFRp35XFsDj9N8ZkQNktg,SIRGAS_SHP_LOTES_54_MORUMBI.shp,05 — Geo / Mapas,PLANEJADO,
arquivo,1Bv55bLkW3gTGAvqAU1BK0y9V1UtdrTnV,SIRGAS_SHP_LOTES_55_PARELHEIROS.shp,05 — Geo / Mapas,PLANEJADO,
arquivo,1ie4TOdiq75hVclJB2Ui-GYwThZ_mwHib,SIRGAS_SHP_LOTES_56_PARI.shp,05 — Geo / Mapas,PLANEJADO,
arquivo,1AM84aI9StYAUwr_dN6N8KE7s4TthyJh4,SIRGAS_SHP_LOTES_57_PARQUE_DO_CARMO.cpg,05 — Geo / Mapas,PLANEJADO,
arquivo,1f7EhS-7wEfNH-dw8EI4SRJBL6yp35MXt,SIRGAS_SHP_LOTES_57_PARQUE_DO_CARMO.shp,05 — Geo / Mapas,PLANEJADO,
arquivo,1LmWChB25frsB8Q8nRi_lMzBcM2SC9R93,SIRGAS_SHP_LOTES_58_PEDREIRA.shp,05 — Geo / Mapas,PLANEJADO,
arquivo,1fJy9aEeNfI9ZK0OkRCmzCWWbGMABnCl1,SIRGAS_SHP_LOTES_59_PENHA.cpg,05 — Geo / Mapas,PLANEJADO,
arquivo,1O7oNEVBy4IlRmlugybFszOWeV6-VNnlF,SIRGAS_SHP_LOTES_59_PENHA.shp,05 — Geo / Mapas,PLANEJADO,
arquivo,1pZ5TWPULUVU6JfRBpaeKeOpqznCX2jtN,SIRGAS_SHP_LOTES_60_PERDIZES.cpg,05 — Geo / Mapas,PLANEJADO,
arquivo,1AV69P69L2qIYoTm3UdJ53imUjbavA3ZW,SIRGAS_SHP_LOTES_60_PERDIZES.shp,05 — Geo / Mapas,PLANEJADO,
arquivo,1cZa2f_HZWH0Dj2dFIPuE_YZPW0H1Ay96,SIRGAS_SHP_LOTES_61_PERUS.cpg,05 — Geo / Mapas,PLANEJADO,
arquivo,1hlEMOur9rGAUCK_Qwjv3jvVUXU8XlyHn,SIRGAS_SHP_LOTES_61_PERUS.shp,05 — Geo / Mapas,PLANEJADO,
arquivo,1uGXS16lLvzlgJWpdyLcfG4HfZxR5Eig-,SIRGAS_SHP_LOTES_62_PINHEIROS.cpg,05 — Geo / Mapas,PLANEJADO,
arquivo,1Z-_JRStOf9n9wYNWTWRtJlnnsqktg5tg,SIRGAS_SHP_LOTES_62_PINHEIROS.shp,05 — Geo / Mapas,PLANEJADO,
arquivo,1qvP6opEpfvWLZQbG-VdGk5gAZJJf7F6v,SIRGAS_SHP_LOTES_63_PIRITUBA.cpg,05 — Geo / Mapas,PLANEJADO,
arquivo,1PHPP3kF1rnEdktxxdk7L0tQ-CUUcdj59,SIRGAS_SHP_LOTES_63_PIRITUBA.shp,05 — Geo / Mapas,PLANEJADO,
arquivo,1tbVJvIZdPBinruXVRnH5S7R2OAcWPSiE,SIRGAS_SHP_LOTES_64_PONTE_RASA.cpg,05 — Geo / Mapas,PLANEJADO,
arquivo,1wOh21k6MOj0ci8o1R7XcEYE9f2y8NFrx,SIRGAS_SHP_LOTES_64_PONTE_RASA.shp,05 — Geo / Mapas,PLANEJADO,
arquivo,142Txax4yH5Y_Vx7p7K6T0u9G1ctlqGKt,SIRGAS_SHP_LOTES_65_RAPOSO_TAVARES.cpg,05 — Geo / Mapas,PLANEJADO,
arquivo,12FA_ZikxJL0_qRiPPBvZmywVKQjJtZX1,SIRGAS_SHP_LOTES_65_RAPOSO_TAVARES.shp,05 — Geo / Mapas,PLANEJADO,
arquivo,1lY-iv2Ds6ycpG5DCAR3QK5evnIG6C-hv,SIRGAS_SHP_LOTES_66_REPUBLICA.cpg,05 — Geo / Mapas,PLANEJADO,
arquivo,1KPANSI-3vrOPbmLDVpavFUJAF4p-NwtV,SIRGAS_SHP_LOTES_67_RIO_PEQUENO.cpg,05 — Geo / Mapas,PLANEJADO,
arquivo,1xu9ODzhZvqdvQuQUUJdYelZDI6ONzRBv,SIRGAS_SHP_LOTES_67_RIO_PEQUENO.shp,05 — Geo / Mapas,PLANEJADO,
arquivo,18bkQFmS6oCGjcVR99iAsrFISW437pARe,SIRGAS_SHP_LOTES_68_SACOMA.cpg,05 — Geo / Mapas,PLANEJADO,
arquivo,1PKyod6BF1FMXd6XjMpsGv_SJfNRzRrd2,SIRGAS_SHP_LOTES_68_SACOMA.shp,05 — Geo / Mapas,PLANEJADO,
arquivo,1cfOnZ3qmpDmjuQhquQLitUT85NDzQ4F-,SIRGAS_SHP_LOTES_69_SANTA_CECILIA.cpg,05 — Geo / Mapas,PLANEJADO,
arquivo,1p5AWmJj8R_Ihcz0LaOOgmei9wE2YPzZU,SIRGAS_SHP_LOTES_69_SANTA_CECILIA.shp,05 — Geo / Mapas,PLANEJADO,
arquivo,1DqVy_YrIJ-MaK_NH8X8r5Ts8m1d3AHPN,SIRGAS_SHP_LOTES_70_SANTANA.cpg,05 — Geo / Mapas,PLANEJADO,
arquivo,12QZYmijO9IM0JoV2t_JEU94krCad_2r7,SIRGAS_SHP_LOTES_70_SANTANA.shp,05 — Geo / Mapas,PLANEJADO,
arquivo,1xvidK_pYLxL0zcsdc__qVq-YCccIe7HL,SIRGAS_SHP_LOTES_71_SANTO_AMARO.cpg,05 — Geo / Mapas,PLANEJADO,
arquivo,1yJRyY4L_Fy6cUulOb91Lvun9agi6tK86,SIRGAS_SHP_LOTES_71_SANTO_AMARO.shp,05 — Geo / Mapas,PLANEJADO,
arquivo,1faC3uBUqtf1NGdx0wvm7jhCsa98WdKqq,SIRGAS_SHP_LOTES_72_SAO_LUCAS.cpg,05 — Geo / Mapas,PLANEJADO,
arquivo,1n_8uJ_2YO-52grXBqLJqrm3AFlDpPMsA,SIRGAS_SHP_LOTES_72_SAO_LUCAS.shp,05 — Geo / Mapas,PLANEJADO,
arquivo,1hNEsLDeCM1JMUfmlefQhbzhVE4od2q4X,SIRGAS_SHP_LOTES_73_SAO_MATEUS.cpg,05 — Geo / Mapas,PLANEJADO,
arquivo,145V1bSAnX0g70-n3EPmVtSGoG-eOqABR,SIRGAS_SHP_LOTES_73_SAO_MATEUS.shp,05 — Geo / Mapas,PLANEJADO,
arquivo,1QCD4RbojOSV1KY9DARFdh1u9_ZspBm6Z,SIRGAS_SHP_LOTES_74_SAO_MIGUEL.cpg,05 — Geo / Mapas,PLANEJADO,
arquivo,1svGIZ--MdInwbmK41Z5PVdAmRbd_VTut,SIRGAS_SHP_LOTES_74_SAO_MIGUEL.shp,05 — Geo / Mapas,PLANEJADO,
arquivo,1j7SXNgKGF6SV_K4g1gC7bQe8yu-az92s,SIRGAS_SHP_LOTES_75_SAO_RAFAEL.cpg,05 — Geo / Mapas,PLANEJADO,
arquivo,1FMhH5HxinG25xrWf1oUVN09xIrlSQwDh,SIRGAS_SHP_LOTES_75_SAO_RAFAEL.shp,05 — Geo / Mapas,PLANEJADO,
arquivo,1xIPee6JRr_FcCMIHKyzdp-s9n4Vwdn4T,SIRGAS_SHP_LOTES_76_SAPOPEMBA.cpg,05 — Geo / Mapas,PLANEJADO,
arquivo,16Y2m5he9ny16kpPcIPOWaCruhTUjH0RT,SIRGAS_SHP_LOTES_76_SAPOPEMBA.shp,05 — Geo / Mapas,PLANEJADO,
arquivo,1WH8pm-8Rll-gENuAvCcAqb_FV5loPAio,SIRGAS_SHP_LOTES_77_SAUDE.cpg,05 — Geo / Mapas,PLANEJADO,
arquivo,1bbqp9UId-K3ObeUEXaV6K-ach3mjvOxV,SIRGAS_SHP_LOTES_77_SAUDE.shp,05 — Geo / Mapas,PLANEJADO,
arquivo,1bukkA1yC1uvgpuE06XIy80ooSrLL7rDh,SIRGAS_SHP_LOTES_78_SE.cpg,05 — Geo / Mapas,PLANEJADO,
arquivo,1t_V0JXd2obS3LQn0JtF91lEZM4-9xW7d,SIRGAS_SHP_LOTES_79_SOCORRO.cpg,05 — Geo / Mapas,PLANEJADO,
arquivo,18-L1FvZ9xK51X1Wib0LVc2PfQtos4BeU,SIRGAS_SHP_LOTES_79_SOCORRO.shp,05 — Geo / Mapas,PLANEJADO,
arquivo,1zTbM-1npNoCt5xx-UQ4gscJRr2z4EtwN,SIRGAS_SHP_LOTES_80_TATUAPE.cpg,05 — Geo / Mapas,PLANEJADO,
arquivo,1vZ8qH8LisMyMRH_J1ex5CRzaAeWQfl_l,SIRGAS_SHP_LOTES_80_TATUAPE.shp,05 — Geo / Mapas,PLANEJADO,
arquivo,1TT01AglMypnG_uIIYyT3wmoYpgy4Wj6K,SIRGAS_SHP_LOTES_81_TREMEMBE.cpg,05 — Geo / Mapas,PLANEJADO,
arquivo,1Xo15K46ffuEct7JxqUb5LpmFJWEn8Nws,SIRGAS_SHP_LOTES_81_TREMEMBE.shp,05 — Geo / Mapas,PLANEJADO,
arquivo,1tNyKu7_jvBiGuJVnjbPcuTb_OQ4RNqkw,SIRGAS_SHP_LOTES_82_TUCURUVI.cpg,05 — Geo / Mapas,PLANEJADO,
arquivo,1TS6PCWtWDK_WRklEAoC-eXaA1gbRAxqO,SIRGAS_SHP_LOTES_82_TUCURUVI.shp,05 — Geo / Mapas,PLANEJADO,
arquivo,1FqzSYgJSvxMaF2U7GmmvrjZVdtA8eAFo,SIRGAS_SHP_LOTES_83_VILA_ANDRADE.cpg,05 — Geo / Mapas,PLANEJADO,
arquivo,17IqAc-S6l3Nszqswk0A4iyvrsACYc-ec,SIRGAS_SHP_LOTES_83_VILA_ANDRADE.shp,05 — Geo / Mapas,PLANEJADO,
arquivo,1VNTq2wFxsdMr_1UTV3wlS9mBAvudqsR0,SIRGAS_SHP_LOTES_84_VILA_CURUCA.cpg,05 — Geo / Mapas,PLANEJADO,
arquivo,1EprsZ5IYqlhZrDNO3O8zSpESLQRH9jki,SIRGAS_SHP_LOTES_84_VILA_CURUCA.shp,05 — Geo / Mapas,PLANEJADO,
arquivo,101IZhOOzGu8yWoaA273eFAL4FEsF9xgp,SIRGAS_SHP_LOTES_85_VILA_FORMOSA.cpg,05 — Geo / Mapas,PLANEJADO,
arquivo,1a6oSTqVdEfT1G9TiQ8XH0HeoT8XwO4HP,SIRGAS_SHP_LOTES_85_VILA_FORMOSA.shp,05 — Geo / Mapas,PLANEJADO,
arquivo,1z6_rUUaLWE2y26u3L7AfL06hGS4S2vz0,SIRGAS_SHP_LOTES_86_VILA_GUILHERME.cpg,05 — Geo / Mapas,PLANEJADO,
arquivo,1mX_rZgWR0BqSUMvD-L0R4x9i72FE1e_L,SIRGAS_SHP_LOTES_86_VILA_GUILHERME.shp,05 — Geo / Mapas,PLANEJADO,
arquivo,1AHFkXkEcOm7ZXherKPNzZNirVrtRBPdF,SIRGAS_SHP_LOTES_87_VILA_JACUI.cpg,05 — Geo / Mapas,PLANEJADO,
arquivo,1fLlcs5iKd94XxK-eb-IhVGYEWxzR-EkZ,SIRGAS_SHP_LOTES_87_VILA_JACUI.shp,05 — Geo / Mapas,PLANEJADO,
arquivo,1D2gCtB7tgktMkArnCdndXCvo3ey2xtD-,SIRGAS_SHP_LOTES_88_VILA_LEOPOLDINA.cpg,05 — Geo / Mapas,PLANEJADO,
arquivo,1uD5YJhqLtsMEzGIHEXOHJlgywcfm4rma,SIRGAS_SHP_LOTES_88_VILA_LEOPOLDINA.shp,05 — Geo / Mapas,PLANEJADO,
arquivo,1cnUxpN8PQtfUr7_f1QWIn0Bh0xe88V-y,SIRGAS_SHP_LOTES_89_VILA_MARIA.cpg,05 — Geo / Mapas,PLANEJADO,
arquivo,1JRizcJ6cK0wueTvVY2sJp5OFKswdXXsQ,SIRGAS_SHP_LOTES_89_VILA_MARIA.shp,05 — Geo / Mapas,PLANEJADO,
arquivo,1CsTqoHKAxTXvunxlNxNBAd0OfaF0Zb4K,SIRGAS_SHP_LOTES_90_VILA_MARIANA.cpg,05 — Geo / Mapas,PLANEJADO,
arquivo,1xCdKMS_NVb4zKUD1Gi60UMJ8xYU_l0v3,SIRGAS_SHP_LOTES_90_VILA_MARIANA.shp,05 — Geo / Mapas,PLANEJADO,
arquivo,1BeLw8VxIGtdKgbM5vK2CrJZJPaQMwO_S,SIRGAS_SHP_LOTES_91_VILA_MATILDE.cpg,05 — Geo / Mapas,PLANEJADO,
arquivo,1d6T4xqk9pJssMbSSTbruRoYWamAGHZd8,SIRGAS_SHP_LOTES_91_VILA_MATILDE.shp,05 — Geo / Mapas,PLANEJADO,
arquivo,1bvTWNnM0i10uPcmzLmaVBYSIEjvar4n4,SIRGAS_SHP_LOTES_92_VILA_MEDEIROS.cpg,05 — Geo / Mapas,PLANEJADO,
arquivo,19LeU-v7KhEzUqUIRfU_ag6lqZr12PfaY,SIRGAS_SHP_LOTES_92_VILA_MEDEIROS.shp,05 — Geo / Mapas,PLANEJADO,
arquivo,1k7dWQnUiDP4SA-2b0cqaZH1xn_2lMZyz,SIRGAS_SHP_LOTES_93_VILA_PRUDENTE.cpg,05 — Geo / Mapas,PLANEJADO,
arquivo,1_ub3QYvVL4evEAjcLshWaCulfqDx-KSC,SIRGAS_SHP_LOTES_93_VILA_PRUDENTE.shp,05 — Geo / Mapas,PLANEJADO,
arquivo,1XoLIjyMLOe6RjBnyp0_Hn6z0ukrc1he4,SIRGAS_SHP_LOTES_94_VILA_SONIA.cpg,05 — Geo / Mapas,PLANEJADO,
arquivo,1XkB_2eW4u4KBAt4tKYwsWXcakco5AwbA,SIRGAS_SHP_LOTES_94_VILA_SONIA.shp,05 — Geo / Mapas,PLANEJADO,
arquivo,1UmiZxDGYHBXoVUMwu0fh5FvorFHZU0ZZ,SIRGAS_SHP_LOTES_95_SAO_DOMINGOS.cpg,05 — Geo / Mapas,PLANEJADO,
arquivo,1J8WsRyenYmvZjIzty_7_BfP5bSt6_8Ki,SIRGAS_SHP_LOTES_95_SAO_DOMINGOS.shp,05 — Geo / Mapas,PLANEJADO,
arquivo,11ENoXVqE2vwLPnRV5WthJK9Acz6mXqMg,SIRGAS_SHP_LOTES_96_LAJEADO.cpg,05 — Geo / Mapas,PLANEJADO,
arquivo,1xhpn8dIAH_CpJwiiOru39dw8nKX20XS3,SIRGAS_SHP_LOTES_96_LAJEADO.shp,05 — Geo / Mapas,PLANEJADO,
arquivo,1NNgCwbalBxqbiajwAxASzPDjA2n_KNeB,SIRGAS_SHP_PLANO_DIRETOR_DRENAGEM.cpg,05 — Geo / Mapas,PLANEJADO,
arquivo,1Dpen8VAWRxx475IYP2GIRC9vRi94Fyxe,SIRGAS_SHP_PLANO_DIRETOR_DRENAGEM.dbf,05 — Geo / Mapas,PLANEJADO,
arquivo,1hK7XUSexcYWyCTFXYUp1do84UtQmUyIX,SIRGAS_SHP_PLANO_DIRETOR_DRENAGEM.prj,05 — Geo / Mapas,PLANEJADO,
arquivo,1Zptlf7Wk-kaVMo_oygWJJw0TIngGh51P,SIRGAS_SHP_PLANO_DIRETOR_DRENAGEM.shp,05 — Geo / Mapas,PLANEJADO,
arquivo,1gjS1Z7ujF7rdq6Fksv_Eg1zBI7Dtd8lm,SIRGAS_SHP_PLANO_DIRETOR_DRENAGEM.shx,05 — Geo / Mapas,PLANEJADO,
arquivo,17EK318mHaIqnV6zngNqsKWfHLsG7mOus,SIRGAS_SHP_quadraMDSF.cpg,05 — Geo / Mapas,PLANEJADO,
arquivo,1i9u5aP1opomn6yLh64Kk2NQEVjDIUckJ,SIRGAS_SHP_quadraMDSF.dbf,05 — Geo / Mapas,PLANEJADO,
arquivo,1jQK8Xl5iXm_FlLmbd2sLtT9lTyfeMzcf,SIRGAS_SHP_quadraMDSF.shp,05 — Geo / Mapas,PLANEJADO,
arquivo,1fwPoaQUmB6wiYnV3KfWiRR_0e2idUbk1,SIRGAS_SHP_quadraMDSF.shx,05 — Geo / Mapas,PLANEJADO,
arquivo,1bRFOwuRvftDmNxk9nLwkggCo0XXDSroN,SIRGAS_SHP_restricaomirantesantana_polygon.cpg,05 — Geo / Mapas,PLANEJADO,
arquivo,1aU-7mwSaDNVpGQyjy8-rbV608evLfpln,SIRGAS_SHP_restricaomirantesantana_polygon.dbf,05 — Geo / Mapas,PLANEJADO,
arquivo,14XlL8QuHzLOMXCC4HhTOA-sWB78aSrmi,SIRGAS_SHP_restricaomirantesantana_polygon.shp,05 — Geo / Mapas,PLANEJADO,
arquivo,1GLfmJGkpRirjmW3piUTuZNMO6s_IzUtN,SIRGAS_SHP_restricaomirantesantana_polygon.shx,05 — Geo / Mapas,PLANEJADO,
arquivo,1KpeyXXyOwk1itnRe2VLZqtjKPqU43i0M,SIRGAS_SHP_setorfiscal.cpg,05 — Geo / Mapas,PLANEJADO,
arquivo,1yBrq0PLEexKnnvjmE4bgxBlIp7fcsKTE,SIRGAS_SHP_setorfiscal.dbf,05 — Geo / Mapas,PLANEJADO,
arquivo,1vf06UAdDLi7aNzBnOGb_74c-PyzuOmYH,SIRGAS_SHP_setorfiscal.shp,05 — Geo / Mapas,PLANEJADO,
arquivo,1nYDvls-p1wf4VSTtarK82r3MoJ5G9yF7,SIRGAS_SHP_setorfiscal.shx,05 — Geo / Mapas,PLANEJADO,
arquivo,1KLrg4eX-hafU8oBDQE_2tWdvbIkk58G5,SIRGAS_SHP_ZEPEC1.csv,05 — Geo / Mapas,PLANEJADO,
arquivo,1O6cHvsqq-3HcOtwNfQ1OeMV0XPwqf6AB,SIRGAS_SHP_ZEPEC2.csv,05 — Geo / Mapas,PLANEJADO,
arquivo,1GwE10ccA5XPcJ4KWbRFyIMaC6F1wI_qc,ZEPEC_APC.cpg,05 — Geo / Mapas,PLANEJADO,
arquivo,1AWnl7ezYuj4gsAAX_M2IOeYjCxoG620P,ZEPEC_APC.dbf,05 — Geo / Mapas,PLANEJADO,
arquivo,1-snDbGihSYLymOcGr8P9HHRLNQSrVp_C,ZEPEC_APC.shp,05 — Geo / Mapas,PLANEJADO,
arquivo,10l4K0D0itkC7_6Bk8EEOHeJ4yaF1Kwu6,ZEPEC_APC.shx,05 — Geo / Mapas,PLANEJADO,
arquivo,1r8kXPeBpzs4rmJE7JoeF2qm-aAxlO9PH,ZEPEC_APP-BIR.cpg,05 — Geo / Mapas,PLANEJADO,
arquivo,1FzQ2DPPw69yNt-X-R91MO3WC7_BTNk42,ZEPEC_APP-BIR.dbf,05 — Geo / Mapas,PLANEJADO,
arquivo,1nSJNIe4lhxSGAuVgdY2bMbr0pkLyoQbN,ZEPEC_APP-BIR.shp,05 — Geo / Mapas,PLANEJADO,
arquivo,16CU97jmdfj1mglc1Ap654ZGpmawM75a4,ZEPEC_APP-BIR.shx,05 — Geo / Mapas,PLANEJADO,
arquivo,1THtgVEq2HHNNJ5LBUoAFOTfX2Zw96TdO,ZEPEC_APP.cpg,05 — Geo / Mapas,PLANEJADO,
arquivo,144-a6rbdq3MXD2RGZ3MIYRNhg9S4oohe,ZEPEC_APP.dbf,05 — Geo / Mapas,PLANEJADO,
arquivo,1tkLhl4tSUnAR8g-cLUDyrwKlf-qPeQGO,ZEPEC_APP.shp,05 — Geo / Mapas,PLANEJADO,
arquivo,16DifiS7Ci_CD07XJV9586c4S0RueYDkK,ZEPEC_APP.shx,05 — Geo / Mapas,PLANEJADO,
arquivo,1v_eb9tyrOHk0qsBFQjGk_gPrJ9rzqkr5,ZEPEC_AUE.cpg,05 — Geo / Mapas,PLANEJADO,
arquivo,1m13JbSH9lC80g98D3kpEU5OIehBANaR2,ZEPEC_AUE.dbf,05 — Geo / Mapas,PLANEJADO,
arquivo,1o8kSDTfd-c3WqhjYE2Q_mX3w7PcU_ClZ,ZEPEC_AUE.shp,05 — Geo / Mapas,PLANEJADO,
arquivo,1H2ZoqDnvu_k2KounBmX-UTyKGL8nSSv-,ZEPEC_AUE.shx,05 — Geo / Mapas,PLANEJADO,
arquivo,1I0Zden8s7K8WyZxPaQ4ZoueYKqKi-T5L,ZEPEC_AUE_INDIC.cpg,05 — Geo / Mapas,PLANEJADO,
arquivo,1pHLWE7TpRvI8MHzu5JHAuIoLvDami6JB,ZEPEC_AUE_INDIC.dbf,05 — Geo / Mapas,PLANEJADO,
arquivo,1dDetrn1ez653eZYKHGFi187uRZkUsSML,ZEPEC_AUE_INDIC.shp,05 — Geo / Mapas,PLANEJADO,
arquivo,1TwV1xjk5LsL912EbLnuH6kvhaP6VQ6vP,ZEPEC_AUE_INDIC.shx,05 — Geo / Mapas,PLANEJADO,
arquivo,1j22wt6DYvqB9t6khrdIz2-PzB6sN4usK,ZEPEC_BIR.cpg,05 — Geo / Mapas,PLANEJADO,
arquivo,1fq3eFCoRtMzi7DgP0fDqDLW3o7RR64Yi,ZEPEC_BIR.dbf,05 — Geo / Mapas,PLANEJADO,
arquivo,1SMJ5NlYfloTSOKt_PwwI618OToAKZQUk,ZEPEC_BIR.shp,05 — Geo / Mapas,PLANEJADO,
arquivo,1wPsdcCFcNN0SQ-bMVFx4Hnn1zgXF2Bg8,ZEPEC_BIR.shx,05 — Geo / Mapas,PLANEJADO,
arquivo,1PuO2wyKZeXyEvibtdkRE4vn5RuejWstS,ZEPEC_BIR_INDIC.cpg,05 — Geo / Mapas,PLANEJADO,
arquivo,1GB1laiLUOoRK4uPNOXMqkMCbWfCagyS6,ZEPEC_BIR_INDIC.dbf,05 — Geo / Mapas,PLANEJADO,
arquivo,1X0muNAcafJYXqb52GsI5Jn69gSnQ_Arc,ZEPEC_BIR_INDIC.shp,05 — Geo / Mapas,PLANEJADO,
arquivo,1yT-tice8jVgPARUtpdpZjmsFqXx3IKWw,ZEPEC_BIR_INDIC.shx,05 — Geo / Mapas,PLANEJADO,
arquivo,1JzTQwiQNPdHClXsJ2hejub2Yd2ihJAwN,01-24_-_regulamentao_da_implantao_de_estao_rdio-base_erb_-_rerratificada_-_pgina_1_1715872319.pdf,99 — Inbox / Triagem,PLANEJADO,
arquivo,12YdB-Y33swJlWnfaxPFN8Pl8IaVeQU2y,02-23 - Anexo I.pdf,99 — Inbox / Triagem,PLANEJADO,
arquivo,1Od_Hfp6ln7H0gBCQe6lF_u_tM20PC1u5,02-23 - Anexo II.pdf,99 — Inbox / Triagem,PLANEJADO,
arquivo,1tImieDTt34vMj1pCpsLj9mpjAT1bHMho,21-24 - Reorganização do Selo de Valor Cultural - Página.pdf,99 — Inbox / Triagem,PLANEJADO,
arquivo,1BAftD9AWl-XlNn8iynK6yBCgLlfBkjEU,49c99_22_T_Bairro_da_Bela_Vista.pdf,99 — Inbox / Triagem,PLANEJADO,
arquivo,1zGE-_IvO0C4Z_LWT14viUR_lyRAVu4tO,Anexo 1 do D 57_536_2016.pdf,99 — Inbox / Triagem,PLANEJADO,
arquivo,1jrbCc3xZXsihZUmPRfZlNbmmb0zrj5uI,Anexo 8 do D 57.536_2016_1.pdf,99 — Inbox / Triagem,PLANEJADO,
arquivo,1Tf-tV2TmeIxDhWG4QJ5ERyD0fwA8CrAa,Anexo 9 do D 57.536_2016.pdf,99 — Inbox / Triagem,PLANEJADO,
arquivo,19LgdlZN-IXDnfjqV8yIwIGWgHb3T16Ch,Anexo_2024-06501-00.pdf,99 — Inbox / Triagem,PLANEJADO,
arquivo,1j4_wkUc-sVY_FPYYhAGpo7KWnfPdTOHa,ANEXOS_DO_PL_586_23___SEM_O_MAPA (1).pdf,99 — Inbox / Triagem,PLANEJADO,
arquivo,1Sti8VuTpJN439jrdyzWeLIu1EUrRFnFg,Análise de Omissões da Legislação - Secretaria Municipal de Urbanismo e Licenciamento - Prefeitura.pdf,99 — Inbox / Triagem,PLANEJADO,
arquivo,1zF0dKxP3AmeYgsuFKHZlgaO4hFg3eyTwz99oklWPmZs,Análise e Correção de Dados TDC,99 — Inbox / Triagem,PLANEJADO,
arquivo,1zy--Cx4wKvH72stiZSqpLXec05K-0y0b,Ativação de Zonas de Estruturação (ZEUP e ZEMP) por Particular - Secretaria Municipal de Urbanismo e Licenciamento - Prefeitura.pdf,99 — Inbox / Triagem,PLANEJADO,
arquivo,1Oh1RZpVrsbaId5ba4AFlTUNF8LLwaUx9,atos.cnj.jus.br_atos_detalhar_2014.pdf,99 — Inbox / Triagem,PLANEJADO,
arquivo,1-_o0yldO83-ZtNQ3i51Oes0XgZeWd9xl,Atualizacacao_Q14_anoref2025.pdf,99 — Inbox / Triagem,PLANEJADO,
arquivo,1VM5iOyzkVSiQxqjp1O8t6c3EzfdYYNlPKYXgqHWeObk,Auditoria TDC São Paulo: Memorial de Fundamentação Estratégica,99 — Inbox / Triagem,PLANEJADO,
arquivo,1cNAFJ2_bk1umCCEzni7ZJfkYSNVbDufcVmoJRtLOywA,Auditoria TDC São Paulo: Stress-Test Metodologia,99 — Inbox / Triagem,PLANEJADO,
arquivo,19ZbY8tv-CkZ_h9r91UuTLsQ_5gI6rGCE,Auditoria TDC São Paulo_ Memorial de Fundamentação Estratégica.pdf,99 — Inbox / Triagem,PLANEJADO,
arquivo,1hY7I4CMKiKkN0RhQMSwIJ7WvChg_6RruSbR3ayr6cEw,Auditoria TDC V8.0: Relatório de Profundidade,99 — Inbox / Triagem,PLANEJADO,
arquivo,1p5udqWv-zI-I42WqgeoD083iZRVzRTm4,CGP_NotaTecnica.pdf,99 — Inbox / Triagem,PLANEJADO,
arquivo,1itZ0vaGsvHFK4BbozGVJKX9Py7IJJCBM,Cnae_X_Item_Lista_Servicos.pdf,99 — Inbox / Triagem,PLANEJADO,
arquivo,1CoDNe8BYBdtM97L-s8dPZScI3A6OtffsOg8gaSDuHpM,Controle de Parcelamentos Tributário,99 — Inbox / Triagem,PLANEJADO,
arquivo,1yVrF5Q6KUzv7VCSmkJxNyqe0yVPTk8Zu,Controle de Parcelamentos Tributário atualizado.xlsx,99 — Inbox / Triagem,PLANEJADO,
arquivo,11f9k8t8nbGGTwlXggPhPPQ1Al8alyZQYc5zyHSSHP0M,Controle de Parcelamentos Tributário para Jira,99 — Inbox / Triagem,PLANEJADO,
arquivo,1PPz1Y9Np-2aiPmpZE2Tlkl7Roq5KhC9q,Controle de Parcelamentos Tributário para Jira.xlsx,99 — Inbox / Triagem,PLANEJADO,
arquivo,1DjNzdv9DhebFkZ8rB6vSWDeuBJUJTIyk,d833c_05_TEO_89_itens (1).pdf,99 — Inbox / Triagem,PLANEJADO,
arquivo,1GRu3oAkqrUgbKnARw94xmLXcPN6S8Mm8,d833c_05_TEO_89_itens.pdf,99 — Inbox / Triagem,PLANEJADO,
arquivo,1xie8VKkSo_oP5sZ1MMYjG7q2wn2pl-0d,dados de advogado.pdf,99 — Inbox / Triagem,PLANEJADO,
arquivo,1zGMGKMe2d-qTBK2Qfj2znS3eRy0RMWvY,dl-57-1966 (1).txt,99 — Inbox / Triagem,PLANEJADO,
arquivo,1j5RrD-324T5alXV_dDRISA4rEkeQe-_o,dl-57-1966.txt,99 — Inbox / Triagem,PLANEJADO,
arquivo,1s_vU0VW1j8Zj4_usuE_WvbHrliFOkt7-,downloadPeca.pdf,99 — Inbox / Triagem,PLANEJADO,
arquivo,1pYIWFnIHIoDwV50tD6AJH06txHiSE6HZ,ec-116-2022.txt,99 — Inbox / Triagem,PLANEJADO,
arquivo,1gYvYSuvLnsNSv2XvLpxDebuqTxVS9ynD,ec-132-2023.txt,99 — Inbox / Triagem,PLANEJADO,
arquivo,1tvefC5VKryIGFCYxm8fC642nqKtOeKMU,ec-132-20273.txt,99 — Inbox / Triagem,PLANEJADO,
arquivo,1K5mLZoGE5ICxkjjkBXnRGHixaga3J7ZX,ec-29-2000.txt,99 — Inbox / Triagem,PLANEJADO,
arquivo,1wp7fSIGqreMp5JbviJiCduxl4s9WFzqy,fila_tdc_5porcento_fundurb-2026- fevereiro.pdf,99 — Inbox / Triagem,PLANEJADO,
arquivo,1H0bFBm-FV7VyfELOQh6x5K9c2wFuS5bZ,fila_tdc_5porcento_fundurb_dez_2025-pdf.pdf,99 — Inbox / Triagem,PLANEJADO,
arquivo,1Gh_J3eJamRTXWv4cbuwiyeUTa0zOCMMQ,Fisco não pode revisar lançamento com base em fatos já conhecidos.pdf,99 — Inbox / Triagem,PLANEJADO,
arquivo,1gS2rONEUKB_0npohXGmnPtNpjB_OkorOuU5bj6gSjLM,Imóveis Tombados e Elegíveis para TDC,99 — Inbox / Triagem,PLANEJADO,
arquivo,1kRwaS672KC1MQow2VfVBf_AlaNAd6owS,iphan_sao_paulo_sp_1591728555.pdf,99 — Inbox / Triagem,PLANEJADO,
arquivo,1clixZA0K8CCoLMiF-a-YWsYKDGWS2jWG,Jeronimo Dix-Neuf Rosado dos Santos.pdf,99 — Inbox / Triagem,PLANEJADO,
arquivo,19bSySq_pzYuHrOyGTG7hsr49klQIuJL6,L6.015consolidado.pdf,99 — Inbox / Triagem,PLANEJADO,
arquivo,1jCeAaRZjLtUub3gAoycOOb8Keii-Ymia,Lcp 227.pdf,99 — Inbox / Triagem,PLANEJADO,
arquivo,13BfvQbViHWdsXQmCoEuwH3NcFshLqVE,Levantamento Preliminar TDC,99 — Inbox / Triagem,PLANEJADO,
arquivo,13Osb_XhQ1p8kbV3a3IGLFUJKUYs3hZ8,Levantamento Preliminar TDC (File responses),99 — Inbox / Triagem,PLANEJADO,
arquivo,1vHojOn-1-92kYQ12wiD8puiP24mwcykn,manual de licenciamento de projetos.pdf,99 — Inbox / Triagem,PLANEJADO,
arquivo,1ju82YtOpBEWFJVH9py4rajcbSeKb1HwsiwUdYvzErZ4,Manual Operacional Negócio TDC,99 — Inbox / Triagem,PLANEJADO,
arquivo,1KVspqKo2nYGzgskCjTMvu3_uRXNEePIs,Mapa 05 22(1).pdf,99 — Inbox / Triagem,PLANEJADO,
arquivo,1Rm8r0zvXhBi0Lc3sdcHh-DJSaRieN5mV,Mapa03_QUOTA.pdf,99 — Inbox / Triagem,PLANEJADO,
arquivo,1l4JDsh7Jx7K8r9Ywc7HwvAncU-Pim7p4,Mapa04_GARAGEM.pdf,99 — Inbox / Triagem,PLANEJADO,
arquivo,1rQp0t-YV8zyFi7yGfLAJ2a1F846KdCGh,Mapa1_ZONAS_com_perimetros_vetados.pdf,99 — Inbox / Triagem,PLANEJADO,
arquivo,1e1dDm6_LlzQjys3xjqM3rKHm1pmiLyti,MAPA_39924_POS_VETOS (1).pdf,99 — Inbox / Triagem,PLANEJADO,
arquivo,1bKOnLh0xrDfk1zVHDsehKd_exQ6vszWv,Mapas 1 a 9.pdf,99 — Inbox / Triagem,PLANEJADO,
arquivo,1D1C2YKS3KoWU4xlCMxsappPSwkMez2jm,MON.pdf,99 — Inbox / Triagem,PLANEJADO,
arquivo,1kihuu3OjZ6ry3JJVdccfw8jYZhJMWioL,mover_pdfs_STJ.ps1,99 — Inbox / Triagem,PLANEJADO,
arquivo,10tCiERz2YTwc44ExghpT2yuwDJbk4IMy,Novo Relatorio SITE 2021.pdf,99 — Inbox / Triagem,PLANEJADO,
arquivo,1UAb7j8_MI6gqEy5xfk84mzQX4_f2pRCzlK_8AQvUREM,Novo TDC,99 — Inbox / Triagem,PLANEJADO,
arquivo,1KhlNNaRHXWT6k7LLxRjRjRbICyz6VzuA0FxwUWtmXGQ,Novo TDC,99 — Inbox / Triagem,PLANEJADO,
arquivo,1dDHjx68lbWMWhwdA_-Rvh7OojefVJPF6,Novo TDC.xlsx,99 — Inbox / Triagem,PLANEJADO,
arquivo,1cjBeEUDYRMEWTS6yKmPo4O0AVi0wJnfB,Pedido de Reconhecimento de Complexo de Saúde por Particular - Secretaria Municipal de Urbanismo e Licenciamento - Prefeitura.pdf,99 — Inbox / Triagem,PLANEJADO,
arquivo,1u2aLvVGM-xzoLhSs8RA_bY2ss8N6bbE1,PLANTAS.pdf,99 — Inbox / Triagem,PLANEJADO,
arquivo,1_D6ONkTvbPshCxdcSezp8PhKxNNX92VU,Portal de Serviços e-SAJ.pdf,99 — Inbox / Triagem,PLANEJADO,
arquivo,1QQoWH8O3AAwMS8p7GxGFKMYySK-i-qrd,Portal de Serviços e-SAJ2.pdf,99 — Inbox / Triagem,PLANEJADO,
arquivo,14z4do86ipEULjsYUMUp3qpmufgJQE2wy,Portal de Serviços e-SAJ3.pdf,99 — Inbox / Triagem,PLANEJADO,
arquivo,14jkVUB4_uiXF9VJ0OO2A8V4RHJR8czo3,Portal de Serviços e-SAJ5.pdf,99 — Inbox / Triagem,PLANEJADO,
arquivo,1C8sciB0TaLmgpbyEjR_UEYGoo5576U0-,Portal de Serviços e-SAJ6.pdf,99 — Inbox / Triagem,PLANEJADO,
arquivo,1lxvi9Ss2vVfat1UJ6qn4ZBduVq5Nz76O,Projeto de Intervenção Urbana apresentado por particular - Secretaria Municipal de Urbanismo e Licenciamento - Prefeitura.pdf,99 — Inbox / Triagem,PLANEJADO,
arquivo,1s-E2MuTualbhmP1ZvFqmsDySO6RNDZ0J,Quadro 1 – Conceitos e definições.pdf,99 — Inbox / Triagem,PLANEJADO,
arquivo,1VbpjUD882vUEJAFevaW6-YiXQKSTPaNg,Quadro 3B - Composição da pontuação da Quota Ambiental.pdf,99 — Inbox / Triagem,PLANEJADO,
arquivo,1S-3rIMC1JdeCqUMEciVs77G5mkV0ANcS,Quadro 6 – Obras de drenagem urbana previstas.pdf,99 — Inbox / Triagem,PLANEJADO,
arquivo,1Rhs1yxu0IFcCCl28giq84TXBU3_W_rFL,QUADROS.pdf,99 — Inbox / Triagem,PLANEJADO,
arquivo,1NuYXYCCZQP57ZQelQKRRiKZE7Ia5zIdU,Re0716RegulamentacaoProcedimentosRegistroBensImateriaisPDF_1457716829.pdf,99 — Inbox / Triagem,PLANEJADO,
arquivo,1Y28tvDDfTSZGorc3aZgXgNRuKTP96bQk,re1219aptconjuntovilasoperariasmigliaripdfve_1568922885.pdf,99 — Inbox / Triagem,PLANEJADO,
arquivo,1AG-qnw8mPssdrzthvG5_E57P-eJMwWiZ,Requerimento DEUSO(1).pdf,99 — Inbox / Triagem,PLANEJADO,
arquivo,1PgtgfPMxPc_S7k4vIh4o-jsj0VaYkyNu,Tabela VI - Tipos e padrões de construção - Lei 16768-2017.tgz,99 — Inbox / Triagem,PLANEJADO,
arquivo,1lkzW2nPJsGS-55EfVlBQPLUArc7xdgFh,tabela_2025_Retificado_em_12-02-25.pdf,99 — Inbox / Triagem,PLANEJADO,
arquivo,1MLutS0a6O6dN9MSATC0C_V-gdwcay4iInVDN5lwuWbM,Tdc Incompleto ,99 — Inbox / Triagem,PLANEJADO,
arquivo,1QmHE2DSV7_5iosTo7JDrtwAUnUf0VM89b2ViCjHDFNI,TDC OFICIAL,99 — Inbox / Triagem,PLANEJADO,
arquivo,1Wyh9ZL0BZDhPqT5-RL0IH9Ok0eMGjcSy,Transferência do Direito de Construir - Secretaria Municipal de Urbanismo e Licenciamento - Prefeitura.pdf,99 — Inbox / Triagem,PLANEJADO,
arquivo,1qj-x3grT5O19SLvrQgCidkym2wM5onki,Transferência do Direito de Construir - Secretaria Municipal de Urbanismo e Licenciamento - Prefeitura2.pdf,99 — Inbox / Triagem,PLANEJADO,
arquivo,1BtOrPirKvSa-mfz0qfoQpMoA3SSIF2b8Bamw4AzzPNo,tributario 2,99 — Inbox / Triagem,PLANEJADO,
arquivo,1_96kREpfCCf1f5R6D7UHPuFoX8M9Uxv6WofJRyPNfss,Tributario Cidades 2,99 — Inbox / Triagem,PLANEJADO,
arquivo,1QyrOayOt5AeNxaw3nUytdRlFgBxQfJ9KN8Soa_vdXkQ,Validação Memorial Técnico TDC São Paulo,99 — Inbox / Triagem,PLANEJADO,
arquivo,19OwrBS4xZOdfjdAVsZrqThZe_JCepImMbWbMij_Xmyg,Validação Memorial Técnico TDC São Paulo,99 — Inbox / Triagem,PLANEJADO,
#ERROR!,,,,,