drive_id,titulo,destino,destino_folderId
1gx0kxXhPcxd7cB0zr94eItvWs2Vo9pSYh50FFuOk_Yc,# BÍBLIA DA INTELIGÊNCIA DE NEGÓCIOS- HUB TDC-SP (INSTITUTO BAIRRO VIVO),00 — Governança & Índice,1zfDGtvhZh1JDUykC6kouDPqm-E3u0bgO
1TTtd8pr_t4jFIkW8BLzTXX1-UTmIR-X9,Todas as 7 páginas renderizaram normalmente.txt,00 — Governança & Índice,1zfDGtvhZh1JDUykC6kouDPqm-E3u0bgO
1kfJjK7rN6mwvSNyXG4CIpSf0lpcNf8Sb,## Extração concluída — 14 arquivos gerados.txt,00 — Governança & Índice,1zfDGtvhZh1JDUykC6kouDPqm-E3u0bgO
1TnUM4z0vC9IqVqtMuFnf0HU0KmkBF33L,## Extração concluída — 11 arquivos IPTU-TDC.txt,00 — Governança & Índice,1zfDGtvhZh1JDUykC6kouDPqm-E3u0bgO
1B9YUKwtDjLtYVMBBSstnsiJaiOe6zQ45,Todos os __12 arquivos__ foram baixados com sucesso.txt,00 — Governança & Índice,1zfDGtvhZh1JDUykC6kouDPqm-E3u0bgO
18lqzAEwTh5EK_osq3MndozlrvOmUWrBx,s.txt,00 — Governança & Índice,1zfDGtvhZh1JDUykC6kouDPqm-E3u0bgO
14V_6kR6k2v19H0JUlr-Burb2C6idJhFm,## Downloads concluídos — 15 arquivos.txt,00 — Governança & Índice,1zfDGtvhZh1JDUykC6kouDPqm-E3u0bgO
1j1LM2I2DNz9GMxKGEfDJO-YD2cJX5bLt,r que.txt,00 — Governança & Índice,1zfDGtvhZh1JDUykC6kouDPqm-E3u0bgO
1p-icDGiZbmKcEH_jnyJa52L4yo9z4gWR,Contrato de Gestão Comercial e Parceria Estratégica.docx,00 — Governança & Índice,1zfDGtvhZh1JDUykC6kouDPqm-E3u0bgO
1dKEYckBqmnsZlulx8RfyV4Laym_PUB1M,puliccompletaport_alt.pdf,00 — Governança & Índice,1zfDGtvhZh1JDUykC6kouDPqm-E3u0bgO
1NCd6OgavWjNJ5rYFPl7tc7ZnpaAwTaRm,MOTOR_3_CATALOGO_ESPACIAL.md,00 — Governança & Índice,1zfDGtvhZh1JDUykC6kouDPqm-E3u0bgO
1WAKYRURg1_Vu3VD29r_hFfV_UFTlEISQ,log_extracao_textual_silver_20260307_233509.json,00 — Governança & Índice,1zfDGtvhZh1JDUykC6kouDPqm-E3u0bgO
1zTprFDf2qogUaDtcCUmrHCOHuw1X_gep,ESTRUTURA_SILVER_IA.md,00 — Governança & Índice,1zfDGtvhZh1JDUykC6kouDPqm-E3u0bgO
1WRRf1F7yVw088yf_-rmcqL2BbIaNVmzx,manifesto_datalake_20260307_221836.json,00 — Governança & Índice,1zfDGtvhZh1JDUykC6kouDPqm-E3u0bgO
1B0skZ8lObI3B2Q6CAghNNP93IgwQhqcQ,datalake_delta_load_20260307_220830.json,00 — Governança & Índice,1zfDGtvhZh1JDUykC6kouDPqm-E3u0bgO
17lSV7mb1a5API54-R2aJcIG39e5rlVPX,GUIA DE ESTRUTURA DE PASTAS - GOOGLE DRIVE.pdf,00 — Governança & Índice,1zfDGtvhZh1JDUykC6kouDPqm-E3u0bgO
1EXx9TlRegzD-ko8lVWCBkGZt1PlaiNNG,MANUAL DE PADRONIZAÇÃO TÉCNICA - RAG PIPELINE.pdf,00 — Governança & Índice,1zfDGtvhZh1JDUykC6kouDPqm-E3u0bgO
1qXyJOgni06eiT0e4Bo5FVUlaxzgVTEW4,Balanco_Financeiro_05MAI2025.ods,00 — Governança & Índice,1zfDGtvhZh1JDUykC6kouDPqm-E3u0bgO
1tt9VADQiTyHpbxzYzcuNJ2StIpoA_zXe,Balanco_Financeiro_09SET2025.pdf,00 — Governança & Índice,1zfDGtvhZh1JDUykC6kouDPqm-E3u0bgO
148qluDvwqn3x7wcLcroc1hNFxA0b33I7,Balanco_Financeiro_06JUN2025.pdf,00 — Governança & Índice,1zfDGtvhZh1JDUykC6kouDPqm-E3u0bgO
1rqdJkmfblG_mfoX2nP6fqG3Pdro7sE6c,Balanco_Financeiro_04ABR2025555.pdf,00 — Governança & Índice,1zfDGtvhZh1JDUykC6kouDPqm-E3u0bgO
1dGYKRn6d3wY6ap-GEkcVjFaJVC1LKt2u,Balanco_Financeiro_05MAI2025.pdf,00 — Governança & Índice,1zfDGtvhZh1JDUykC6kouDPqm-E3u0bgO
1OJpZwU3tp6qv-h9BuB30yWB6he3Ipq1v,Balanco_Financeiro_02FEV2025.pdf,00 — Governança & Índice,1zfDGtvhZh1JDUykC6kouDPqm-E3u0bgO
1suTHuq_Irehqq9FhjFc3b-KQmvK-gkL7,Balanco_Financeiro_10OUT2025.pdf,00 — Governança & Índice,1zfDGtvhZh1JDUykC6kouDPqm-E3u0bgO
1xRvcmiK_nk6j8pbOPw9vy0kLC02OME8i,Balanco_Financeiro_08AGO2025.pdf,00 — Governança & Índice,1zfDGtvhZh1JDUykC6kouDPqm-E3u0bgO
1Fab0bmEtfMJ6pDtv-VWTuAW2ts1M3KZ3,Balanco_Financeiro_07JUL2025 (1).pdf,00 — Governança & Índice,1zfDGtvhZh1JDUykC6kouDPqm-E3u0bgO
1Cjc8HQI9e_4o9egtyWitu0dzZlcwGj46,Balanco_Financeiro_03MAR2025 (1).pdf,00 — Governança & Índice,1zfDGtvhZh1JDUykC6kouDPqm-E3u0bgO
15ez1ehgYXB8bevIIX4o-JNpdcPE49ggf,Balanco_Financeiro_01JAN2025.pdf,00 — Governança & Índice,1zfDGtvhZh1JDUykC6kouDPqm-E3u0bgO
1wUlePaDESvbEGgrdm_RcoFNVETIHSHTj,Balanco_Financeiro_11NOV2025.pdf,00 — Governança & Índice,1zfDGtvhZh1JDUykC6kouDPqm-E3u0bgO
1iKcaW5bD1OIFG48AxeXC_8WMeL9JNWpk,Chamada B+P Smart Factory - BNDES2025 - Projeto KEEPEE - Keepee Assist (SGF 338383)– Copiaree_Pesquisável.pdf,00 — Governança & Índice,1zfDGtvhZh1JDUykC6kouDPqm-E3u0bgO
1cc1wa0PmSfyXfWXp7OGoFviUhmAJOD1T,CONHECIMENTO_MESTRE_IA_V3.1_INABALAVEL.md,00 — Governança & Índice,1zfDGtvhZh1JDUykC6kouDPqm-E3u0bgO
17gBHBK2-_yxgjc-A6qNQ5KMU2pyf3ANc,CONHECIMENTO_MESTRE_IA_V3.md,00 — Governança & Índice,1zfDGtvhZh1JDUykC6kouDPqm-E3u0bgO
1beVEYuySxBQFEwfS8FtApFmJwPl8CdJa,RELATORIO_DUPLICADOS_FORENSE.md,00 — Governança & Índice,1zfDGtvhZh1JDUykC6kouDPqm-E3u0bgO
1K9x76SnkKDUi2XulzHHvcCCoR_GiyGU4,MANIFESTO_PLATINA_FINAL.md,00 — Governança & Índice,1zfDGtvhZh1JDUykC6kouDPqm-E3u0bgO
1tmfcxSqiNqYuEIaBNDuEZr9a-cezjxSw,HIERARQUIA_DE_FONTES_ORACULO.md,00 — Governança & Índice,1zfDGtvhZh1JDUykC6kouDPqm-E3u0bgO
1Wfw7l-hBDl--T-YNF0URR4QvbhNA4Gy8,MANIFESTO_TOTAL_DE_TRANSICAO.md,00 — Governança & Índice,1zfDGtvhZh1JDUykC6kouDPqm-E3u0bgO
1S1r4a6fJLSXAfSwrBeZNvlSlRI0EyB2L,ORACULO_MESTRE_RELACIONAL_V4.md,00 — Governança & Índice,1zfDGtvhZh1JDUykC6kouDPqm-E3u0bgO
1TkS48mVcsC92nJIqVzig4ov6L_fahNlo,ORACULO_GEOGRAFICO_DEFINITIVO_V3.md,00 — Governança & Índice,1zfDGtvhZh1JDUykC6kouDPqm-E3u0bgO
14hPZ6ZlJoiNwwvhoP-9WpOM4FC8xaDlt,CONCLUSAO_FASE_DADOS_PERFEITOS.md,00 — Governança & Índice,1zfDGtvhZh1JDUykC6kouDPqm-E3u0bgO
1V_lQK7PiPiOu9ZCUoyQ5Y0A5tsKoaqoC,RELATORIO_INTEGRIDADE_MAPAS_FINAL.md,00 — Governança & Índice,1zfDGtvhZh1JDUykC6kouDPqm-E3u0bgO
1GyOTXrKvFeHRrJbEZVN_J4VjdwJRrzXb,MANIFESTO_AUDITORIA_PROJETO.md,00 — Governança & Índice,1zfDGtvhZh1JDUykC6kouDPqm-E3u0bgO
1YiWDsj_vYfFoqfSR1nznIzKZJM4RFA-9,GatewayCertificaPDF (2).pdf,00 — Governança & Índice,1zfDGtvhZh1JDUykC6kouDPqm-E3u0bgO
1MIWFnNts-x1GKmEDYPudPKXqk87x9FCh,GatewayCertificaPDF (1).pdf,00 — Governança & Índice,1zfDGtvhZh1JDUykC6kouDPqm-E3u0bgO
1qmjICeFlmDRs1WXG64Nccz4IiDdsk1_o,GatewayPDF.pdf,00 — Governança & Índice,1zfDGtvhZh1JDUykC6kouDPqm-E3u0bgO
14glqKHH57Hrn9RbS5F0e_oBZwHDq2hS0,GatewayCertificaPDF.pdf,00 — Governança & Índice,1zfDGtvhZh1JDUykC6kouDPqm-E3u0bgO
1IEoFiqIKuZqDuoJ71olaeOnefRLKTr-I,MASTER_RITOS_E_PROCEDIMENTOS.md,00 — Governança & Índice,1zfDGtvhZh1JDUykC6kouDPqm-E3u0bgO
1kc3gUMGDJV1m-hkmAWAPsxVWFiu_odN_,Formulário para levantamento de IPTU.docx,00 — Governança & Índice,1zfDGtvhZh1JDUykC6kouDPqm-E3u0bgO
1aA_2Qbzg5wlrTp-TdGVnRh7gGPH3PlER,Todas Versões.docx,00 — Governança & Índice,1zfDGtvhZh1JDUykC6kouDPqm-E3u0bgO
1yyMHU4g9aQoWgG_zcckyafBPC-J0wY5r,download.pdf,00 — Governança & Índice,1zfDGtvhZh1JDUykC6kouDPqm-E3u0bgO
1RSoqcK42sLTXXMElT-dH-N4j3XIhgtpb,Paulo prédio Libero capa IPTU 2025 Libero Badaro 306 e 310.pdf,00 — Governança & Índice,1zfDGtvhZh1JDUykC6kouDPqm-E3u0bgO
1DEf5YeK_AnEKEg7TKPH8WE7uJBEOU6uA,WhatsApp Image 2026-03-09 at 11.36.35.jpeg,00 — Governança & Índice,1zfDGtvhZh1JDUykC6kouDPqm-E3u0bgO
1NdmUz-FEn8Ft4nfpZJqDugbSOsQkkflC,MAPA_EXATO_DATALAKE.txt,00 — Governança & Índice,1zfDGtvhZh1JDUykC6kouDPqm-E3u0bgO
1lnLhEQlFUrRven7jxiTuNM9RGAiNrb8C,# BÍBLIA DA INTELIGÊNCIA DE NEGÓCIOS- HUB TDC-SP (INSTITUTO BAIRRO VIVO).docx,00 — Governança & Índice,1zfDGtvhZh1JDUykC6kouDPqm-E3u0bgO
1NRig02k3OYkEwHmvd07TlfVXnKkZ-yUV,CODEX_TDC_MASTER.docx,00 — Governança & Índice,1zfDGtvhZh1JDUykC6kouDPqm-E3u0bgO
1PgtgfPMxPc_S7k4vIh4o-jsj0VaYkyNu,Tabela VI - Tipos e padrões de construção - Lei 16768-2017.tgz,02 — Leis & Jurisprudência/2.1 Urbanística (PDE-LPUOS-COE),1WO6GyvQs-fSwDclrdWvcw8Aky6P4VAPp
1jX3lzgyYGjXeLdEEcX5x9lONwMZV4lzY,LEI Nº 16.050 de 31 de Julho de 2014.pdf,02 — Leis & Jurisprudência/2.1 Urbanística (PDE-LPUOS-COE),1WO6GyvQs-fSwDclrdWvcw8Aky6P4VAPp
1jrbCc3xZXsihZUmPRfZlNbmmb0zrj5uI,Anexo 8 do D 57.536_2016_1.pdf,02 — Leis & Jurisprudência/2.1 Urbanística (PDE-LPUOS-COE),1WO6GyvQs-fSwDclrdWvcw8Aky6P4VAPp
1Tf-tV2TmeIxDhWG4QJ5ERyD0fwA8CrAa,Anexo 9 do D 57.536_2016.pdf,02 — Leis & Jurisprudência/2.1 Urbanística (PDE-LPUOS-COE),1WO6GyvQs-fSwDclrdWvcw8Aky6P4VAPp
1PfVAfD0Pxukebn4q86NmNpjqkfLOli2X,LEI Nº 16.402 DE 22 DE MARÇO DE 2016 « Catálogo de Legislação Municipal.pdf,02 — Leis & Jurisprudência/2.1 Urbanística (PDE-LPUOS-COE),1WO6GyvQs-fSwDclrdWvcw8Aky6P4VAPp
13uonwxQCxVzsSwrY8WU9hcnvzPv5FW6g,L16402.pdf,02 — Leis & Jurisprudência/2.1 Urbanística (PDE-LPUOS-COE),1WO6GyvQs-fSwDclrdWvcw8Aky6P4VAPp
1pi0LrR98w1V493YMVGRcYhB16IykcxYZ,D57776_2017_anexos.pdf,02 — Leis & Jurisprudência/2.1 Urbanística (PDE-LPUOS-COE),1WO6GyvQs-fSwDclrdWvcw8Aky6P4VAPp
1NofgsoosmvVVGNiaQm4Xr4gT6AwmqVKC,D57776.pdf,02 — Leis & Jurisprudência/2.1 Urbanística (PDE-LPUOS-COE),1WO6GyvQs-fSwDclrdWvcw8Aky6P4VAPp
1TWtrpF1tF63KAE9p7FTRFxuNxejGYPcX,codigo_de_obras_ilustrado.pdf,02 — Leis & Jurisprudência/2.1 Urbanística (PDE-LPUOS-COE),1WO6GyvQs-fSwDclrdWvcw8Aky6P4VAPp
1brUHafl6KsWcvk0qvX-MZkpcyHRoLlDo,metadados smul.pdf,02 — Leis & Jurisprudência/2.1 Urbanística (PDE-LPUOS-COE),1WO6GyvQs-fSwDclrdWvcw8Aky6P4VAPp
1Q1264Ei9IVZ018sz5rPl-wdZYRmVeevo,LEI Nº 16.642 DE 9 DE MAIO DE 2017 « Catálogo de Legislação Municipal.pdf,02 — Leis & Jurisprudência/2.1 Urbanística (PDE-LPUOS-COE),1WO6GyvQs-fSwDclrdWvcw8Aky6P4VAPp
1CPtqgZ4ucdXvA0VJ7VW5p1xNwrgddRx0,L16642.pdf,02 — Leis & Jurisprudência/2.1 Urbanística (PDE-LPUOS-COE),1WO6GyvQs-fSwDclrdWvcw8Aky6P4VAPp
1zGE-_IvO0C4Z_LWT14viUR_lyRAVu4tO,Anexo 1 do D 57_536_2016.pdf,02 — Leis & Jurisprudência/2.1 Urbanística (PDE-LPUOS-COE),1WO6GyvQs-fSwDclrdWvcw8Aky6P4VAPp
1kz5qraVK6wzWz5uvekBld9zSUeMYzUNM,OUAguaBrancaFinanceiroOutorgaMar24_Publicacao.pdf,02 — Leis & Jurisprudência/2.1 Urbanística (PDE-LPUOS-COE),1WO6GyvQs-fSwDclrdWvcw8Aky6P4VAPp
1Fdg7wpXLSOisdqMqPWY3QXNZVv10afbC,OUAguaBranca31dez18_EstoqueGeralOutorga.pdf,02 — Leis & Jurisprudência/2.1 Urbanística (PDE-LPUOS-COE),1WO6GyvQs-fSwDclrdWvcw8Aky6P4VAPp
1drqYr5XO0IfOhFtui1mRtDXPVwXCVvRy,OUAguaBranca31dez18_EstoqueAnaliseOutorga.pdf,02 — Leis & Jurisprudência/2.1 Urbanística (PDE-LPUOS-COE),1WO6GyvQs-fSwDclrdWvcw8Aky6P4VAPp
1e_I8tnXcsXUddvTnBvRrGuzS6O1bJSiU,OUAguaBranca31dez18_EstoqueConsumidoOutorga.pdf,02 — Leis & Jurisprudência/2.1 Urbanística (PDE-LPUOS-COE),1WO6GyvQs-fSwDclrdWvcw8Aky6P4VAPp
1yNzWkVw-AXHOHO6S8ZPExr01NU3LaeNo,Anexo Unico do Decreto 57_378-16_ com_Deliberações CTLU_19__01_2021.pdf,02 — Leis & Jurisprudência/2.1 Urbanística (PDE-LPUOS-COE),1WO6GyvQs-fSwDclrdWvcw8Aky6P4VAPp
1B_Ta_35nm6dIBfjhd4ecIJOGltPANgC_,RESOLUÇÃO SECRETARIA MUNICIPAL DE URBANISMO E LICENCIAMENTO - SMUL_CTLU Nº 12 DE 11 DE NOVEMBRO DE 2021 « Catálogo de Legislação Municipal.pdf,02 — Leis & Jurisprudência/2.1 Urbanística (PDE-LPUOS-COE),1WO6GyvQs-fSwDclrdWvcw8Aky6P4VAPp
1sdYYOJdQ2gUrcfPLdZPYjfo2bYNjRyw8,RESOLUÇÃO SECRETARIA MUNICIPAL DE URBANISMO E LICENCIAMENTO - SMUL_CTLU Nº 12 DE 10 DE DEZEMBRO DE 2018 « Catálogo de Legislação Municipal.pdf,02 — Leis & Jurisprudência/2.1 Urbanística (PDE-LPUOS-COE),1WO6GyvQs-fSwDclrdWvcw8Aky6P4VAPp
1MJgWT2CBbcPYADQYeXyJEpIMGSwHj7yb,RESOLUÇÃO SECRETARIA MUNICIPAL DE URBANISMO E LICENCIAMENTO - SMUL_CEUSO Nº 150 DE 22 DE AGOSTO DE 2022 « Catálogo de Legislação Municipal.pdf,02 — Leis & Jurisprudência/2.1 Urbanística (PDE-LPUOS-COE),1WO6GyvQs-fSwDclrdWvcw8Aky6P4VAPp
1ybtcOHluFmb20wrFsEU_wHkCnE3L4H5t,RESOLUÇÃO SECRETARIA MUNICIPAL DE URBANISMO E LICENCIAMENTO - SMUL_CEUSO Nº 138 DE 14 DE JUNHO DE 2021 « Catálogo de Legislação Municipal.pdf,02 — Leis & Jurisprudência/2.1 Urbanística (PDE-LPUOS-COE),1WO6GyvQs-fSwDclrdWvcw8Aky6P4VAPp
1kv8n-gh5bCv-GmsEl_zDVQxaxXCVyGzL,RESOLUÇÃO SECRETARIA MUNICIPAL DE URBANISMO E LICENCIAMENTO - SMUL_CAEHIS Nº 2 DE 2 DE SETEMBRO DE 2021 « Catálogo de Legislação Municipal.pdf,02 — Leis & Jurisprudência/2.1 Urbanística (PDE-LPUOS-COE),1WO6GyvQs-fSwDclrdWvcw8Aky6P4VAPp
1eQSukZchES9PzOG7nmQVjc3-fJoMlUJQ,RESOLUÇÃO SECRETARIA MUNICIPAL DE URBANISMO E LICENCIAMENTO - SMUL_CAEHIS Nº 3 DE 7 DE OUTUBRO DE 2021 « Catálogo de Legislação Municipal.pdf,02 — Leis & Jurisprudência/2.1 Urbanística (PDE-LPUOS-COE),1WO6GyvQs-fSwDclrdWvcw8Aky6P4VAPp
1VgnEQYGGE38WrfFD8RugGFtiAq1c6Z4q,RESOLUÇÃO SECRETARIA MUNICIPAL DE LICENCIAMENTO - SEL_CEUSO Nº 139 DE 27 DE ABRIL DE 2020 « Catálogo de Legislação Municipal.pdf,02 — Leis & Jurisprudência/2.1 Urbanística (PDE-LPUOS-COE),1WO6GyvQs-fSwDclrdWvcw8Aky6P4VAPp
1iLgAyoAkqz27OpBoS_WeWNOd3IHP0Izt,RESOLUÇÃO SECRETARIA MUNICIPAL DE DESENVOLVIMENTO URBANO - SMDU_CTLU Nº 12 DE 17 DE DEZEMBRO DE 2020 « Catálogo de Legislação Municipal.pdf,02 — Leis & Jurisprudência/2.1 Urbanística (PDE-LPUOS-COE),1WO6GyvQs-fSwDclrdWvcw8Aky6P4VAPp
1BSCKQCp-VQGvn9Po5i49aSoxsXnwIpsU,PORTARIA SECRETARIA MUNICIPAL DE URBANISMO E LICENCIAMENTO - SMUL Nº 172 DE 10 DE DEZEMBRO DE 2024 « Catálogo de Legislação Municipal.pdf,02 — Leis & Jurisprudência/2.1 Urbanística (PDE-LPUOS-COE),1WO6GyvQs-fSwDclrdWvcw8Aky6P4VAPp
1KJ1Atleeb7VsooECZbbB-tkERscukH0B,RESOLUÇÃO SECRETARIA MUNICIPAL DE URBANISMO E LICENCIAMENTO - SMUL_CEUSO Nº 141 DE 8 DE FEVEREIRO DE 2021 « Catálogo de Legislação Municipal.pdf,02 — Leis & Jurisprudência/2.1 Urbanística (PDE-LPUOS-COE),1WO6GyvQs-fSwDclrdWvcw8Aky6P4VAPp
1Mr4uuuaWz7gzGxux5zSFJ7TZDQzx_h3w,RESOLUÇÃO SECRETARIA MUNICIPAL DE URBANISMO E LICENCIAMENTO - SMUL_CEUSO Nº 146 DE 27 DE JANEIRO DE 2022 « Catálogo de Legislação Municipal.pdf,02 — Leis & Jurisprudência/2.1 Urbanística (PDE-LPUOS-COE),1WO6GyvQs-fSwDclrdWvcw8Aky6P4VAPp
1LBUlijnE3pW3hD40nC1mv-PEI-W8eT0o,RESOLUÇÃO SECRETARIA MUNICIPAL DE URBANISMO E LICENCIAMENTO - SMUL_CTLU Nº 1 DE 27 DE FEVEREIRO DE 2023 « Catálogo de Legislação Municipal.pdf,02 — Leis & Jurisprudência/2.1 Urbanística (PDE-LPUOS-COE),1WO6GyvQs-fSwDclrdWvcw8Aky6P4VAPp
1lxvi9Ss2vVfat1UJ6qn4ZBduVq5Nz76O,Projeto de Intervenção Urbana apresentado por particular - Secretaria Municipal de Urbanismo e Licenciamento - Prefeitura.pdf,02 — Leis & Jurisprudência/2.1 Urbanística (PDE-LPUOS-COE),1WO6GyvQs-fSwDclrdWvcw8Aky6P4VAPp
1IG6c6A7J6-IHTlMi9cyw1odTQiW5-EmL,PRONUNCIAMENTO SMUL.ATECC.CTLU_001_2024 - Secretaria Municipal de Urbanismo e Licenciamento - Prefeitura.pdf,02 — Leis & Jurisprudência/2.1 Urbanística (PDE-LPUOS-COE),1WO6GyvQs-fSwDclrdWvcw8Aky6P4VAPp
1enQFVq5s1gCITh6_M-ETF_ZCtdpA4C1l,INSTRUÇÃO NORMATIVA SECRETARIA MUNICIPAL DE URBANISMO E LICENCIAMENTO - SMUL Nº 1 DE 16 DE OUTUBRO DE 2024 « Catálogo de Legislação Municipal.pdf,02 — Leis & Jurisprudência/2.1 Urbanística (PDE-LPUOS-COE),1WO6GyvQs-fSwDclrdWvcw8Aky6P4VAPp
1p4oVrEPWuXbtUgd84RlPra74eANf2bAq,Outorga Onerosa do Direito de Construir - Secretaria Municipal de Urbanismo e Licenciamento - Prefeitura.pdf,02 — Leis & Jurisprudência/2.1 Urbanística (PDE-LPUOS-COE),1WO6GyvQs-fSwDclrdWvcw8Aky6P4VAPp
1a7Y7eC756t1NbYKp8M0Yo-6EuiA_KNOR,Certidão de Uso e Ocupação do Solo - Secretaria Municipal de Urbanismo e Licenciamento - Prefeitura.pdf,02 — Leis & Jurisprudência/2.1 Urbanística (PDE-LPUOS-COE),1WO6GyvQs-fSwDclrdWvcw8Aky6P4VAPp
1zy--Cx4wKvH72stiZSqpLXec05K-0y0b,Ativação de Zonas de Estruturação (ZEUP e ZEMP) por Particular - Secretaria Municipal de Urbanismo e Licenciamento - Prefeitura.pdf,02 — Leis & Jurisprudência/2.1 Urbanística (PDE-LPUOS-COE),1WO6GyvQs-fSwDclrdWvcw8Aky6P4VAPp
1Sti8VuTpJN439jrdyzWeLIu1EUrRFnFg,Análise de Omissões da Legislação - Secretaria Municipal de Urbanismo e Licenciamento - Prefeitura.pdf,02 — Leis & Jurisprudência/2.1 Urbanística (PDE-LPUOS-COE),1WO6GyvQs-fSwDclrdWvcw8Aky6P4VAPp
1xEvKnS65joB795TpMK64sRDvz9aocb2c,RESOLUÇÃO SECRETARIA MUNICIPAL DE URBANISMO E LICENCIAMENTO - SMUL_CTLU Nº 4 DE 4 DE ABRIL DE 2024 « Catálogo de Legislação Municipal.pdf,02 — Leis & Jurisprudência/2.1 Urbanística (PDE-LPUOS-COE),1WO6GyvQs-fSwDclrdWvcw8Aky6P4VAPp
1Oqg0xIPQzwJKnpYvXPMbx6SIGFh7imQg,PDE2013_SUBST2_Quadro_14_cadastro.pdf,02 — Leis & Jurisprudência/2.1 Urbanística (PDE-LPUOS-COE),1WO6GyvQs-fSwDclrdWvcw8Aky6P4VAPp
1oeSGOangR7Lg9TYEMrjFXSk18aTino8i,PDE2013_SUBST2_Quadro_9_viario-estrutural.pdf,02 — Leis & Jurisprudência/2.1 Urbanística (PDE-LPUOS-COE),1WO6GyvQs-fSwDclrdWvcw8Aky6P4VAPp
1wOSDStL2wPYQTB7hxXea354QH1VQxdh2,LEI Nº 16.050 DE 31 DE JULHO DE 2014 « Catálogo de Legislação Municipal.pdf,02 — Leis & Jurisprudência/2.1 Urbanística (PDE-LPUOS-COE),1WO6GyvQs-fSwDclrdWvcw8Aky6P4VAPp
1j4_wkUc-sVY_FPYYhAGpo7KWnfPdTOHa,ANEXOS_DO_PL_586_23___SEM_O_MAPA (1).pdf,02 — Leis & Jurisprudência/2.1 Urbanística (PDE-LPUOS-COE),1WO6GyvQs-fSwDclrdWvcw8Aky6P4VAPp
1iRmrbQEBJktAZ8fvnq0dmqNZk4XChF2L,PORTARIA SECRETARIA MUNICIPAL DE URBANISMO E LICENCIAMENTO - SMUL Nº 8 DE 30 DE JANEIRO DE 2025 « Catálogo de Legislação Municipal.pdf,02 — Leis & Jurisprudência/2.1 Urbanística (PDE-LPUOS-COE),1WO6GyvQs-fSwDclrdWvcw8Aky6P4VAPp
1l_K7QSCfRXBOoSfzQ5YKYYJ3zJYv22oJ,PDE2013_SUBST2_Quadro_1_CA_Definicoes.pdf,02 — Leis & Jurisprudência/2.1 Urbanística (PDE-LPUOS-COE),1WO6GyvQs-fSwDclrdWvcw8Aky6P4VAPp
1SwxNlAD65zNBDjal_IDlO5r1jfii3lUi,PDE2013_SUBST2_Quadro_8_Residuos_solidos.pdf,02 — Leis & Jurisprudência/2.1 Urbanística (PDE-LPUOS-COE),1WO6GyvQs-fSwDclrdWvcw8Aky6P4VAPp
1LBLNUJqFF3kAHzWLUKKjF5aeyHKX5GxP,PDE2013_SUBST2_Quadro_12_perimetro_cultural_paulista_luz.pdf,02 — Leis & Jurisprudência/2.1 Urbanística (PDE-LPUOS-COE),1WO6GyvQs-fSwDclrdWvcw8Aky6P4VAPp
1bH6QEeUohTbEInPo9zwturzDg8Ob5xLC,PDE2013_SUBST2_Quadro_10_Equipamentos.pdf,02 — Leis & Jurisprudência/2.1 Urbanística (PDE-LPUOS-COE),1WO6GyvQs-fSwDclrdWvcw8Aky6P4VAPp
1jer7zuG7cISzczR_zrFMXojmZ6EsfBsE,PDE2013_SUBST2_Quadro_5_ Fator_interesse_social_Fs.pdf,02 — Leis & Jurisprudência/2.1 Urbanística (PDE-LPUOS-COE),1WO6GyvQs-fSwDclrdWvcw8Aky6P4VAPp
1ZeNM01_7xMVgzi7UG6sZJ2qXBj4xlngW,PDE2013_SUBST2_Quadro_11_polo_de_economia_criativa.pdf,02 — Leis & Jurisprudência/2.1 Urbanística (PDE-LPUOS-COE),1WO6GyvQs-fSwDclrdWvcw8Aky6P4VAPp
1DET4erUd7b1uBmJi-sMqmK7QcznIBbag,PDE2013_SUBST2_Quadro_6_Fator_planejamento_Fp.pdf,02 — Leis & Jurisprudência/2.1 Urbanística (PDE-LPUOS-COE),1WO6GyvQs-fSwDclrdWvcw8Aky6P4VAPp
1NRaluhpGBbOEVg9gF5EZZtRg6MFPtBJ3,PDE2013_SUBST2_Quadro_4_percentuais_ZEIS.pdf,02 — Leis & Jurisprudência/2.1 Urbanística (PDE-LPUOS-COE),1WO6GyvQs-fSwDclrdWvcw8Aky6P4VAPp
1f0CwPmCAzFCbsS8yMGKk1oX6a7dWvlUo,PDE2013_SUBST2_Quadro_7_Parques_municipais_existentes_propostos.pdf,02 — Leis & Jurisprudência/2.1 Urbanística (PDE-LPUOS-COE),1WO6GyvQs-fSwDclrdWvcw8Aky6P4VAPp
1x0k9Pu-yoKCVpy3Luw7ymcGs8rKlP-P4,PDE2013_SUBST2_Quadro_2_CA_Eixos.pdf,02 — Leis & Jurisprudência/2.1 Urbanística (PDE-LPUOS-COE),1WO6GyvQs-fSwDclrdWvcw8Aky6P4VAPp
1D0bge5O8yc60b8pHV4foQSrXF1kuw-Ax,PDE2013_SUBST2_Quadro_2A_CA_Macroareas.pdf,02 — Leis & Jurisprudência/2.1 Urbanística (PDE-LPUOS-COE),1WO6GyvQs-fSwDclrdWvcw8Aky6P4VAPp
1MWeMRIjLE-BmkCNhZwM56nN1wX3Hcw08,PDE2013_SUBST2_Quadro_3_CA_ZEIS.pdf,02 — Leis & Jurisprudência/2.1 Urbanística (PDE-LPUOS-COE),1WO6GyvQs-fSwDclrdWvcw8Aky6P4VAPp
1HgiTJnG418wI6Toia87LpioloxME2o9f,LEI Nº 16.402.pdf,02 — Leis & Jurisprudência/2.1 Urbanística (PDE-LPUOS-COE),1WO6GyvQs-fSwDclrdWvcw8Aky6P4VAPp
1sAr3lqpTPQizUpissxz9iDFIpxAtk2Dz,2014-07-31 - LEI 16050 - PLANO DIRETOR ESTRATÉGICO.pdf,02 — Leis & Jurisprudência/2.1 Urbanística (PDE-LPUOS-COE),1WO6GyvQs-fSwDclrdWvcw8Aky6P4VAPp
1gjaNlj4sW_d1Oe14wKmNgJW_PqyS9kXJ,leia-me_dados-sistema-ad.pdf,02 — Leis & Jurisprudência/2.1 Urbanística (PDE-LPUOS-COE),1WO6GyvQs-fSwDclrdWvcw8Aky6P4VAPp
13AUlueEv40Suw08chbfTIdn6B6-lCCNI,LEI Nº 18.298 DE 17 DE SETEMBRO DE 2025 « Catálogo de Legislação Municipal.pdf,02 — Leis & Jurisprudência/2.1 Urbanística (PDE-LPUOS-COE),1WO6GyvQs-fSwDclrdWvcw8Aky6P4VAPp
1Iz1CZfIfwPWncIyRSW6vHXNIx6VP9gHq,DECRETO Nº 57.565 DE 27 DE DEZEMBRO DE 2016 « Catálogo de Legislação Municipal.pdf,02 — Leis & Jurisprudência/2.1 Urbanística (PDE-LPUOS-COE),1WO6GyvQs-fSwDclrdWvcw8Aky6P4VAPp
1wttjXQGDl4I4HuQrxHAinRu_PMgzvuWw,"decreto n.59.263, de 05.06.2013.pdf",02 — Leis & Jurisprudência/2.1 Urbanística (PDE-LPUOS-COE),1WO6GyvQs-fSwDclrdWvcw8Aky6P4VAPp
1_HiTqavN81LBguNoWqfG-IvwJFMqJG8G,cartilha_doacao_area_parhis.pdf,02 — Leis & Jurisprudência/2.2 TDC-Patrimônio-ZEPEC,1WdUk6QDru841pU-vgtPmz_0aIIEQn9Sv
1xzCMrcJDFHBdqa-q811T91lJXGIrPSYx,2021_37_Sao-Paulo_Bairros-dos-Jardins_1753237339808.pdf,02 — Leis & Jurisprudência/2.2 TDC-Patrimônio-ZEPEC,1WdUk6QDru841pU-vgtPmz_0aIIEQn9Sv
1qiZZSTHJ6d7OOCtMAa_JM7gLFgUe78IO,15-23 - Tombamento Ex-Officio do Conjunto Visconde de Porto Seguro - MAPA - Página.pdf,02 — Leis & Jurisprudência/2.2 TDC-Patrimônio-ZEPEC,1WdUk6QDru841pU-vgtPmz_0aIIEQn9Sv
1PdQwejB_21xcMqQXLsIkZfzOEuOUljOF,2017_61_Sao-Paulo_Praca-da-Se-e-Catedral-Metropolitana_1753284675356.pdf,02 — Leis & Jurisprudência/2.2 TDC-Patrimônio-ZEPEC,1WdUk6QDru841pU-vgtPmz_0aIIEQn9Sv
1BRzsMMmvtJ1jsgVOB7SOjytzUuQ3oYfp,13-24 - APT do Terreiro de Candomblé Ilé Dara Asé Òsun Eyin - Mapa.pdf,02 — Leis & Jurisprudência/2.2 TDC-Patrimônio-ZEPEC,1WdUk6QDru841pU-vgtPmz_0aIIEQn9Sv
1hSyk7E3PXs8IoBFb8bmahp82heJYpo0N,14-23 - APT Solar Fábio Prado - MAPA.pdf,02 — Leis & Jurisprudência/2.2 TDC-Patrimônio-ZEPEC,1WdUk6QDru841pU-vgtPmz_0aIIEQn9Sv
16iWflW1Hkb-2qA1de9hOyRuxIYKab4ds,2025_31_Sao-Paulo_RAE-Castelinho-da-Brigadeiro_1753229566887.pdf,02 — Leis & Jurisprudência/2.2 TDC-Patrimônio-ZEPEC,1WdUk6QDru841pU-vgtPmz_0aIIEQn9Sv
1O1zHAUpe_xDO3hmsHoLFs3nkKGM7ojK4,11-23 - APT Perímetro Cerqueira César - Anexo III - Página.pdf,02 — Leis & Jurisprudência/2.2 TDC-Patrimônio-ZEPEC,1WdUk6QDru841pU-vgtPmz_0aIIEQn9Sv
1LH77kNuWc7VETXsPdlHyNfEfwHl1vwi1,11-23 - APT Perímetro Cerqueira César - Anexo II - Página.pdf,02 — Leis & Jurisprudência/2.2 TDC-Patrimônio-ZEPEC,1WdUk6QDru841pU-vgtPmz_0aIIEQn9Sv
1yo9wB-_MGF8AGRRHOJIZbtt9aOmSgWwM,11-23 - APT - Perímertro - MAPA_compressed.pdf,02 — Leis & Jurisprudência/2.2 TDC-Patrimônio-ZEPEC,1WdUk6QDru841pU-vgtPmz_0aIIEQn9Sv
1H5AsWox1JmDY4AjjR4d3KVAoXHjq5O1b,10-23 - Tombamento Vila João Migliari - MAPA.pdf,02 — Leis & Jurisprudência/2.2 TDC-Patrimônio-ZEPEC,1WdUk6QDru841pU-vgtPmz_0aIIEQn9Sv
1aJNHFAc5srJBXUUklO9y4vtGTZKICVik,08-24 - APT Terreiro de Candomblé Abassá Oxum Oxóssi - MAPA - Página.pdf,02 — Leis & Jurisprudência/2.2 TDC-Patrimônio-ZEPEC,1WdUk6QDru841pU-vgtPmz_0aIIEQn9Sv
1AzO04NgN_qxR6rS4BZlxUwiWK8Ca39Cx,11-25 -Enquandramento como  ZEPEC-APC do Santa Marina Atlético Clube - MAPA.pdf,02 — Leis & Jurisprudência/2.2 TDC-Patrimônio-ZEPEC,1WdUk6QDru841pU-vgtPmz_0aIIEQn9Sv
1-DZCcak6MYebUf3KkBBYQ9PBeWmn7wHc,08-23 - Zepec-APC - Santa Marina Atlético Clube - MAPA - Página.pdf,02 — Leis & Jurisprudência/2.2 TDC-Patrimônio-ZEPEC,1WdUk6QDru841pU-vgtPmz_0aIIEQn9Sv
167SGfCMro1cPgwnE_37-qXn2_IfaKvia,06-23_Complexo Esportivo do Ibirapuera_Mapa(1).pdf,02 — Leis & Jurisprudência/2.2 TDC-Patrimônio-ZEPEC,1WdUk6QDru841pU-vgtPmz_0aIIEQn9Sv
1rxDysnAc2IvKrrZlL8N8wyqnDeaztYBW,04-24 - Tombamento da Escadaria da Rua Cristiano Viana - MAPA - Página.pdf,02 — Leis & Jurisprudência/2.2 TDC-Patrimônio-ZEPEC,1WdUk6QDru841pU-vgtPmz_0aIIEQn9Sv
1uU076bHOAbrvcduwkr1A4Tt2OLDm4U6o,"04-22 - Alterar a redação Art 2º, da Res_ 34-18 - Mapas - Página(1).pdf",02 — Leis & Jurisprudência/2.2 TDC-Patrimônio-ZEPEC,1WdUk6QDru841pU-vgtPmz_0aIIEQn9Sv
1Do8O4OzhaqhregJJ_V0wCf_1Nby9LOAJ,03-23 - RAE da Sede do Antigo Sitio Itaim - MAPAS - Página(1).pdf,02 — Leis & Jurisprudência/2.2 TDC-Patrimônio-ZEPEC,1WdUk6QDru841pU-vgtPmz_0aIIEQn9Sv
1tIqNC7xDZK0sUzoucjvuce5FK_LG2d7a,02-23 - APT Cemiterio São Paulo - MAPA - Página.pdf,02 — Leis & Jurisprudência/2.2 TDC-Patrimônio-ZEPEC,1WdUk6QDru841pU-vgtPmz_0aIIEQn9Sv
1rUWSAEXi6k4hhwu5mn7bsXdE4UcikhIP,01-23 - APT Antigo Lar Analia Franco - MAPA - Página.pdf,02 — Leis & Jurisprudência/2.2 TDC-Patrimônio-ZEPEC,1WdUk6QDru841pU-vgtPmz_0aIIEQn9Sv
1RLquuvk1yj9NKKCZl-pdMC0Ks-TOha9d,01-25 - Arquivamento Parcial das Manchas I e J e ID 50 a 52 da Res.11-23 - MAPA - Página.pdf,02 — Leis & Jurisprudência/2.2 TDC-Patrimônio-ZEPEC,1WdUk6QDru841pU-vgtPmz_0aIIEQn9Sv
141hPZ3KEKhmyrq1Yo7cTu9FYIKbcPgyk,RESOLUÇÃO SECRETARIA MUNICIPAL DE CULTURA - SMC_CONPRESP Nº 13 DE 13 DE NOVEMBRO DE 2023.pdf,02 — Leis & Jurisprudência/2.2 TDC-Patrimônio-ZEPEC,1WdUk6QDru841pU-vgtPmz_0aIIEQn9Sv
1rZmmpcz5cwX8PSDsGMreVqb6Os25_kJ-,re2316aptimoveisindicadospelapopulacaozepecrepdf_1561649853.pdf,02 — Leis & Jurisprudência/2.2 TDC-Patrimônio-ZEPEC,1WdUk6QDru841pU-vgtPmz_0aIIEQn9Sv
12rDZFoqvc8DHrE4H5yApLPxQI8LIizW2,Resolucao 07-23_Mancha dos Bombeiros.pdf,02 — Leis & Jurisprudência/2.2 TDC-Patrimônio-ZEPEC,1WdUk6QDru841pU-vgtPmz_0aIIEQn9Sv
14RB0BOq79D82-WF9sr8rAT0bHBIAZnqo,Resolucao 07-23_Mancha dos Bombeiros_MAPA.pdf,02 — Leis & Jurisprudência/2.2 TDC-Patrimônio-ZEPEC,1WdUk6QDru841pU-vgtPmz_0aIIEQn9Sv
1AloFLVbl7NlvlKAw5pwBmPAFku6jnobO,Resolucao 01_22 CONPRESP.pdf,02 — Leis & Jurisprudência/2.2 TDC-Patrimônio-ZEPEC,1WdUk6QDru841pU-vgtPmz_0aIIEQn9Sv
1AG-qnw8mPssdrzthvG5_E57P-eJMwWiZ,Requerimento DEUSO(1).pdf,02 — Leis & Jurisprudência/2.2 TDC-Patrimônio-ZEPEC,1WdUk6QDru841pU-vgtPmz_0aIIEQn9Sv
1I9rdpMfs1WVS481rTTQdhX4H6ljTGHRo,2017_62_Sao-Paulo_Colegio-Dante-Alighieri-–-Edificios-Leonardo-Da-Vinci-e-Colmeia-incluindo-patio_1753284675510.pdf,02 — Leis & Jurisprudência/2.2 TDC-Patrimônio-ZEPEC,1WdUk6QDru841pU-vgtPmz_0aIIEQn9Sv
12lspu2zPVyrCdmIePUX_b4hEEbPoJ9vu,18-24 - Arquivamento da Mancha M e ID 27 a 41 da Res.11-23 - Página.pdf,02 — Leis & Jurisprudência/2.2 TDC-Patrimônio-ZEPEC,1WdUk6QDru841pU-vgtPmz_0aIIEQn9Sv
1S6hQ918X13XJ2ojcHM7RmveCJGiCjJCh,17-24 - Arquivamento das Manchas E e F da Res.11-23 - Página.pdf,02 — Leis & Jurisprudência/2.2 TDC-Patrimônio-ZEPEC,1WdUk6QDru841pU-vgtPmz_0aIIEQn9Sv
1phTX_GrgTKcO7i90bqpBLG3IZraRE3Tn,19-24 - Arquivamento das Manchas A e B e ID 9 a 11 da Res.11-23 - Página.pdf,02 — Leis & Jurisprudência/2.2 TDC-Patrimônio-ZEPEC,1WdUk6QDru841pU-vgtPmz_0aIIEQn9Sv
1_iYp9NPgXaeOaf9ovb3vMfexTvqMohqw,20-24 - Arquivamento Parcial da Mancha D e ID 18 a 20 da Res.11-23 - Página.pdf,02 — Leis & Jurisprudência/2.2 TDC-Patrimônio-ZEPEC,1WdUk6QDru841pU-vgtPmz_0aIIEQn9Sv
1tImieDTt34vMj1pCpsLj9mpjAT1bHMho,21-24 - Reorganização do Selo de Valor Cultural - Página.pdf,02 — Leis & Jurisprudência/2.2 TDC-Patrimônio-ZEPEC,1WdUk6QDru841pU-vgtPmz_0aIIEQn9Sv
1wp7fSIGqreMp5JbviJiCduxl4s9WFzqy,fila_tdc_5porcento_fundurb-2026- fevereiro.pdf,02 — Leis & Jurisprudência/2.2 TDC-Patrimônio-ZEPEC,1WdUk6QDru841pU-vgtPmz_0aIIEQn9Sv
19sbDcnTPqwzIky8FipXy61MVZK_f5qfp,2019_49_Sao-Paulo_-Conjunto-de-bens-imoveis-no-bairro-de-Higienopolis_1753238164725.pdf,02 — Leis & Jurisprudência/2.2 TDC-Patrimônio-ZEPEC,1WdUk6QDru841pU-vgtPmz_0aIIEQn9Sv
1L44KrS5xuQtLS_6GbSNhN8NuY9KuZU8q,2019_47_Sao-Paulo_Casa-Guilherme-de-Almeida_1753238121058.pdf,02 — Leis & Jurisprudência/2.2 TDC-Patrimônio-ZEPEC,1WdUk6QDru841pU-vgtPmz_0aIIEQn9Sv
1NphTqP2q0NGxokvWQsW19L85j860wBx2,2019_35_Sao-Paulo_Terreiro-Santa-Barbara_1753237911022.pdf,02 — Leis & Jurisprudência/2.2 TDC-Patrimônio-ZEPEC,1WdUk6QDru841pU-vgtPmz_0aIIEQn9Sv
1vhs71GY8VBMECSjicgMKJjy4TMIfVXC-,2021_18_Sao-Paulo_Igreja-da-Ordem-Terceira-de-Nossa-Senhora-do-Carmo_1753237189376.pdf,02 — Leis & Jurisprudência/2.2 TDC-Patrimônio-ZEPEC,1WdUk6QDru841pU-vgtPmz_0aIIEQn9Sv
1VmFNTIlKb8s3ZpS4KbjDhTiG2VLRTk4M,2019_31_Sao-Paulo_Equipamentos-de-Saude-no-Bairro-Cerqueira-Cesar_1753237602814.pdf,02 — Leis & Jurisprudência/2.2 TDC-Patrimônio-ZEPEC,1WdUk6QDru841pU-vgtPmz_0aIIEQn9Sv
1_OXIKno_j7fqCQU8frHELVZ5WMy46-t9,10-24 - Tombamento da Escola Panamericana de Artes - Página.pdf,02 — Leis & Jurisprudência/2.2 TDC-Patrimônio-ZEPEC,1WdUk6QDru841pU-vgtPmz_0aIIEQn9Sv
1RfrfI0GNr0tMoYXyHvZmS5Tr3-TUECxt,2022_52_Sao-Paulo_RAE-Escola-de-Primeiras-Letras_1753232569115.pdf,02 — Leis & Jurisprudência/2.2 TDC-Patrimônio-ZEPEC,1WdUk6QDru841pU-vgtPmz_0aIIEQn9Sv
10YmwE3GPCe1za5pm-FMoJwCNCOZ_f0GM,2022_51_Arapei_Fazenda-Rialto_1753232569256.pdf,02 — Leis & Jurisprudência/2.2 TDC-Patrimônio-ZEPEC,1WdUk6QDru841pU-vgtPmz_0aIIEQn9Sv
1_DbYkMpzutfS2FJkCO_zpGZx78iT5kcg,13-24 - APT do Terreiro de Candomblé Ilé Dara Asé Òsun Eyin - Página.pdf,02 — Leis & Jurisprudência/2.2 TDC-Patrimônio-ZEPEC,1WdUk6QDru841pU-vgtPmz_0aIIEQn9Sv
1QELAvw0izJxVmm3Tlno9tCvgFOTTntIN,14-24 - Arquivamento da Mancha N - Sílvio Sacramento e Arruda Alvim da Res.11-23 - Página.pdf,02 — Leis & Jurisprudência/2.2 TDC-Patrimônio-ZEPEC,1WdUk6QDru841pU-vgtPmz_0aIIEQn9Sv
1XX8BLzd2O7PwtQw4THQPkW2yPXXoXjVz,16-24 - Registro das práticas da Banda de Clarins e do Carrossel da Polícia Militar - Página.pdf,02 — Leis & Jurisprudência/2.2 TDC-Patrimônio-ZEPEC,1WdUk6QDru841pU-vgtPmz_0aIIEQn9Sv
1NNyX7u1G4Aieaa_rxPbs4acNskUe-GTW,"06-24 - Tombamento Antigas Residencias Rua Bela Cintra,954 e Rua Itapeva, 700 - Página (1).pdf",02 — Leis & Jurisprudência/2.2 TDC-Patrimônio-ZEPEC,1WdUk6QDru841pU-vgtPmz_0aIIEQn9Sv
1KukXvP1zy314YLyIV_HT06YBU8li4HY-,09-24 - Revalidação de Registro do Teatro de Grupo da Cidade - Página.pdf,02 — Leis & Jurisprudência/2.2 TDC-Patrimônio-ZEPEC,1WdUk6QDru841pU-vgtPmz_0aIIEQn9Sv
1wfcg7OOw5WOcfIPT9qTaiyUYvu5s7roX,11-23 - APT Perímetro Cerqueira César - Página.pdf,02 — Leis & Jurisprudência/2.2 TDC-Patrimônio-ZEPEC,1WdUk6QDru841pU-vgtPmz_0aIIEQn9Sv
1WHsRWFn97mvp_lfrRdioT-qOho4DtkHc,11-23 - APT Perímetro Cerqueira César - Anexo I - Página.pdf,02 — Leis & Jurisprudência/2.2 TDC-Patrimônio-ZEPEC,1WdUk6QDru841pU-vgtPmz_0aIIEQn9Sv
1pZf_SJCR-SaZMD9sahzdS8su-YvPDKUW,11-24 - Exclusão de imóveis 05 e 06 do anexo I da Res. 11-23 - Página.pdf,02 — Leis & Jurisprudência/2.2 TDC-Patrimônio-ZEPEC,1WdUk6QDru841pU-vgtPmz_0aIIEQn9Sv
1rLWsrXjAZMOH9-uDl_ZLFo4HzN8R-i8g,14-23 -APT Solar Fábio Prado.pdf,02 — Leis & Jurisprudência/2.2 TDC-Patrimônio-ZEPEC,1WdUk6QDru841pU-vgtPmz_0aIIEQn9Sv
1npexDcDl0kY8sj4Q6zF_GdR7-CRly_rq,15-23 - Tombamento Ex-Officio do Conjunto Visconde de Porto Seguro.pdf,02 — Leis & Jurisprudência/2.2 TDC-Patrimônio-ZEPEC,1WdUk6QDru841pU-vgtPmz_0aIIEQn9Sv
13w2XTIXF-amaud_RtBfdeAv3fc5xD97x,2018_131_Diversos_Retificacao_1753239292359.pdf,02 — Leis & Jurisprudência/2.2 TDC-Patrimônio-ZEPEC,1WdUk6QDru841pU-vgtPmz_0aIIEQn9Sv
1ifzSPK-H48cyTFCs2_J9RMUvD9gIqJS7,2018_129_Sao-Paulo_Vila-dos-Ingleses_1753239240017.pdf,02 — Leis & Jurisprudência/2.2 TDC-Patrimônio-ZEPEC,1WdUk6QDru841pU-vgtPmz_0aIIEQn9Sv
1ODvPCX8moSh798S3cYEzx4b9OPGn1W14,"06-20 - APT imóvel Rua Gal_ Isidoro Lopes, 36 - para DOC.pdf",02 — Leis & Jurisprudência/2.2 TDC-Patrimônio-ZEPEC,1WdUk6QDru841pU-vgtPmz_0aIIEQn9Sv
1gtexvyF0vg57O4ZveHJg-KmYWJh2izlL,2018_105_Sao-Paulo_Hospital-Psiquiatrico-Philippe-Pinel_1753238856743.pdf,02 — Leis & Jurisprudência/2.2 TDC-Patrimônio-ZEPEC,1WdUk6QDru841pU-vgtPmz_0aIIEQn9Sv
1W4w6BTM4KrjaICjFBedBoGms85T044_S,2018_103_Sao-Paulo_Parque-Estadual-Fontes-do-Ipiranga_1753238783798.pdf,02 — Leis & Jurisprudência/2.2 TDC-Patrimônio-ZEPEC,1WdUk6QDru841pU-vgtPmz_0aIIEQn9Sv
16IXaCcbh2Ex5kRg3FV6Bfb-8SoHelTRU,2018_30_Sao-Paulo_Tecelagem-de-Seda-Italo-Brasileira_1753238709931.pdf,02 — Leis & Jurisprudência/2.2 TDC-Patrimônio-ZEPEC,1WdUk6QDru841pU-vgtPmz_0aIIEQn9Sv
180wOKhNsh3VRZJmf8NVHcUBupDPdYCEB,2018_102_Sao-Paulo_Moinho-Matarazzo_1753238762358.pdf,02 — Leis & Jurisprudência/2.2 TDC-Patrimônio-ZEPEC,1WdUk6QDru841pU-vgtPmz_0aIIEQn9Sv
1MT0Dg5a-VKTcLesn-EyBqPLgj8Wpls27,2018_24_Sao-Paulo_Casa-a-Rua-Ceara_1753238584741.pdf,02 — Leis & Jurisprudência/2.2 TDC-Patrimônio-ZEPEC,1WdUk6QDru841pU-vgtPmz_0aIIEQn9Sv
1HMXd0Z38PBsivSeC1Rd814OFV9aGZbNx,2025_93_Imaterial_Culturas Circenses_1766063267282.pdf,02 — Leis & Jurisprudência/2.2 TDC-Patrimônio-ZEPEC,1WdUk6QDru841pU-vgtPmz_0aIIEQn9Sv
1h6UgLOtmaV7zJZ4dEQvyYXXsZhCKujO6,2022_49_Sao-Paulo_RAE-Casa-Mario-de-Andrade_1753232569470.pdf,02 — Leis & Jurisprudência/2.2 TDC-Patrimônio-ZEPEC,1WdUk6QDru841pU-vgtPmz_0aIIEQn9Sv
125FZ_kbK_06-s-RQilfk6xWsOsSx-3qA,2022_11_Sao-Paulo_RAE_Largo-da-Memoria_1753232569595.pdf,02 — Leis & Jurisprudência/2.2 TDC-Patrimônio-ZEPEC,1WdUk6QDru841pU-vgtPmz_0aIIEQn9Sv
10I2qbCeZuiSL9paIxieTlUN15WTCi9Ob,2025_91_Sao Paulo_RAE Igreja Santo Antonio_1765549460684.pdf,02 — Leis & Jurisprudência/2.2 TDC-Patrimônio-ZEPEC,1WdUk6QDru841pU-vgtPmz_0aIIEQn9Sv
1wnEAf548xVcPr_nQKmAT057TiQzo87NE,2022_07_Campinas_Conjunto-da-Estacao-Ferroviaria-Guanabara_1753232568474.pdf,02 — Leis & Jurisprudência/2.2 TDC-Patrimônio-ZEPEC,1WdUk6QDru841pU-vgtPmz_0aIIEQn9Sv
1OXdlppbNi46qHwJ1SVnRjgJ2eUDhpsCS,2025_92_Sao Paulo_RAE_Escola de Primeiras Letras_1765548386667.pdf,02 — Leis & Jurisprudência/2.2 TDC-Patrimônio-ZEPEC,1WdUk6QDru841pU-vgtPmz_0aIIEQn9Sv
15XZ65yfgtIdiQB4ToSw37h40ofkkxn_F,2022_59_Sao-Paulo_-RAE-Memorial-da-America-Latina-transcricao_1753232839715.pdf,02 — Leis & Jurisprudência/2.2 TDC-Patrimônio-ZEPEC,1WdUk6QDru841pU-vgtPmz_0aIIEQn9Sv
16XogPXPkqzh8GqSilgpti2SH6v3sGTQe,2024_37_Sao-Jose-dos-Campos_RAE-Sanatorio-Vicentina-Aranha_1753230558904.pdf,02 — Leis & Jurisprudência/2.2 TDC-Patrimônio-ZEPEC,1WdUk6QDru841pU-vgtPmz_0aIIEQn9Sv
1FxFAftg9JeT2Ep2B4jKCt_iA0VB7_ZbS,2024_36_Sao-Paulo_RAE-Matadouro-da-Vila-Mariana_1753230559005.pdf,02 — Leis & Jurisprudência/2.2 TDC-Patrimônio-ZEPEC,1WdUk6QDru841pU-vgtPmz_0aIIEQn9Sv
1puOg1pGx-huZXYEEyhtdtV4b8GLFVyd8,2024_10_Sao-Paulo_RAE-Igreja-de-Sao-Goncalo_definida_1753230558796.pdf,02 — Leis & Jurisprudência/2.2 TDC-Patrimônio-ZEPEC,1WdUk6QDru841pU-vgtPmz_0aIIEQn9Sv
1h0dLr0y2UE4LvVKDAr93chvNlALznO57,08-23 - Zepec-APC - Santa Marina Atlético Clube - Página.pdf,02 — Leis & Jurisprudência/2.2 TDC-Patrimônio-ZEPEC,1WdUk6QDru841pU-vgtPmz_0aIIEQn9Sv
1xuI_0ve5FipAnEel2Mk8NEtc2oFotB18,10-23 - Tombamento Vila João Migliari.pdf,02 — Leis & Jurisprudência/2.2 TDC-Patrimônio-ZEPEC,1WdUk6QDru841pU-vgtPmz_0aIIEQn9Sv
1Qxvgh7Xqf80rxIGfslRUOIqBAC-WlsBY,04-24 -  Tombamento da Escadaria da Rua Cristiano Viana - Página.pdf,02 — Leis & Jurisprudência/2.2 TDC-Patrimônio-ZEPEC,1WdUk6QDru841pU-vgtPmz_0aIIEQn9Sv
19kxHcNKlKNZ8TTFWMLZn9bzxnjMNWvDs,05-24_-_plano_salvaguarda_-_pgina_1720030244.pdf,02 — Leis & Jurisprudência/2.2 TDC-Patrimônio-ZEPEC,1WdUk6QDru841pU-vgtPmz_0aIIEQn9Sv
1swUIBz45l2GJSCdHr90x8yVqjhKAUaqH,07-24_-_apt_terreiro_ile_ase_omo_igbo_omi_-_mapa_1719334062.pdf,02 — Leis & Jurisprudência/2.2 TDC-Patrimônio-ZEPEC,1WdUk6QDru841pU-vgtPmz_0aIIEQn9Sv
1Oal4u_-Eb_DFg0k93wnutPOs4vBS2vl7,06-22 - Patrimônio Cultural Imaterial - Novena solene em honra a Nossa Senhora do Carmo.pdf,02 — Leis & Jurisprudência/2.2 TDC-Patrimônio-ZEPEC,1WdUk6QDru841pU-vgtPmz_0aIIEQn9Sv
1O8-YTTgaqBNQPf4HWD6D7f5aE9RFr3pB,07-24_-_apt_terreiro_ile_ase_omi_1719499071.pdf,02 — Leis & Jurisprudência/2.2 TDC-Patrimônio-ZEPEC,1WdUk6QDru841pU-vgtPmz_0aIIEQn9Sv
1RQOseOfql-i0vBcGomILCfFuKGhWjjVo,2025_90_Sao Paulo_RAE Teatro Municipal e Edificio Alexandre Mackenzie_1765549460513.pdf,02 — Leis & Jurisprudência/2.2 TDC-Patrimônio-ZEPEC,1WdUk6QDru841pU-vgtPmz_0aIIEQn9Sv
1slr_iBJKG_jzajEYmFnnd0yBzbva2EIw,2025_89_Sao Paulo_RAE_Casas de Aluguel da Rua Bento Freitas_1765548386536.pdf,02 — Leis & Jurisprudência/2.2 TDC-Patrimônio-ZEPEC,1WdUk6QDru841pU-vgtPmz_0aIIEQn9Sv
1DLPBJMQI1akWee1PBgK8O05P5NH2Ce0M,2025_85_Sao Paulo_RAE_Edificio do Antigo Banco de Sao Paulo_1765548386216.pdf,02 — Leis & Jurisprudência/2.2 TDC-Patrimônio-ZEPEC,1WdUk6QDru841pU-vgtPmz_0aIIEQn9Sv
1abnOh2zBGCtjvGcO_wYvbfe0oMY5699I,2025_88_Sao Paulo_RAE Edificio Esther e Antigo Instituto de Educacao Caetano de Campos_1765548386380.pdf,02 — Leis & Jurisprudência/2.2 TDC-Patrimônio-ZEPEC,1WdUk6QDru841pU-vgtPmz_0aIIEQn9Sv
13hk3KnCk2TD-RMntcND5insH6xUjpNsJ,2025_87_Araras_RAE_Antigo Forum de Araras_1766061596076.pdf,02 — Leis & Jurisprudência/2.2 TDC-Patrimônio-ZEPEC,1WdUk6QDru841pU-vgtPmz_0aIIEQn9Sv
1bXKBFus5JaNGfvcpV8nX_wrh6mIkhNJV,2025_84_Sao Paulo_RAE_Residencia Elias Pacheco Chaves_1765548385965.pdf,02 — Leis & Jurisprudência/2.2 TDC-Patrimônio-ZEPEC,1WdUk6QDru841pU-vgtPmz_0aIIEQn9Sv
1iv3Pix9wMqZ_JmKqNQtBuz7JbC_ceN10,2025_83_Sao Paulo_RAE_Residencia Marieta Teixeira de Carvalho_1765548385729.pdf,02 — Leis & Jurisprudência/2.2 TDC-Patrimônio-ZEPEC,1WdUk6QDru841pU-vgtPmz_0aIIEQn9Sv
1TzvZAuqdENjrbfONpPbKmejcBI4o4Jds,2025_82_Sao Paulo_RAE_Sitio Capao_1765548385626.pdf,02 — Leis & Jurisprudência/2.2 TDC-Patrimônio-ZEPEC,1WdUk6QDru841pU-vgtPmz_0aIIEQn9Sv
1tDU_4kttvDzyKBbckeTLy77DedfzfF00,2025_81_Sao Paulo_RAE_Sitio Itaim_1765548385444.pdf,02 — Leis & Jurisprudência/2.2 TDC-Patrimônio-ZEPEC,1WdUk6QDru841pU-vgtPmz_0aIIEQn9Sv
1mSNLDNo2LHh7mYa_bEQ6SMIf4pbgCABI,2025_20_Sao-Sebastiao_RAE-Centro-Historico_1753229567107.pdf,02 — Leis & Jurisprudência/2.2 TDC-Patrimônio-ZEPEC,1WdUk6QDru841pU-vgtPmz_0aIIEQn9Sv
13W2ltVw67AVchj8vL-rx3p5r4MrT-Eh7,2025_80_Mogi das Cruzes_RAE Igreja Ordem Primeira e Terceira de Nossa Senhora do Carmo_1765548385222.pdf,02 — Leis & Jurisprudência/2.2 TDC-Patrimônio-ZEPEC,1WdUk6QDru841pU-vgtPmz_0aIIEQn9Sv
1gZRZPIlaFj6duS-vcOl4BTNZ6MIXY6ND,2025_06_Sao-Paulo_RAE-Igreja-Nossa-Senhora-da-Boa-Morte_1753229566247.pdf,02 — Leis & Jurisprudência/2.2 TDC-Patrimônio-ZEPEC,1WdUk6QDru841pU-vgtPmz_0aIIEQn9Sv
1UOdqOhJkK1YtFzHNP7QXM-xpE3MV73hF,2025_19_Sao-Paulo_RAE-Casa-de-Vidro-do-Morumbi_1753229567245.pdf,02 — Leis & Jurisprudência/2.2 TDC-Patrimônio-ZEPEC,1WdUk6QDru841pU-vgtPmz_0aIIEQn9Sv
1QIF6et2lKR4wfjUU2-EM8UqNTwoy6NcT,2025_08_Sao-Sebastiao_RAE-Casa-da-Esperanca_1753229567334.pdf,02 — Leis & Jurisprudência/2.2 TDC-Patrimônio-ZEPEC,1WdUk6QDru841pU-vgtPmz_0aIIEQn9Sv
1QGyZJmX0YPT06z4HO71CqNfTr-bKl5N8,2025_07_Itu_RAE-Pedreira-de-Varvitos_1753229567444.pdf,02 — Leis & Jurisprudência/2.2 TDC-Patrimônio-ZEPEC,1WdUk6QDru841pU-vgtPmz_0aIIEQn9Sv
1wgj8z3N8saBcYpGtWUKnqB0mLZmheeue,05-23 - ZEPEC- APC - Espaco Itau de cinema Augusta(1).pdf,02 — Leis & Jurisprudência/2.2 TDC-Patrimônio-ZEPEC,1WdUk6QDru841pU-vgtPmz_0aIIEQn9Sv
1zLmbtMs9yws_FFsKxqA8sPVjLexJbpCg,06-23_Complexo Esportivo do Ibirapuera(1).pdf,02 — Leis & Jurisprudência/2.2 TDC-Patrimônio-ZEPEC,1WdUk6QDru841pU-vgtPmz_0aIIEQn9Sv
1C0E4eIShRcACE36I20E8bs33fVdXRlQC,02-21 - APT  Avenida Angélica 1900.pdf,02 — Leis & Jurisprudência/2.2 TDC-Patrimônio-ZEPEC,1WdUk6QDru841pU-vgtPmz_0aIIEQn9Sv
1v3oRxRtHztM-6hQ7WwJfg9TUVZfwY8R0,2025_05_Sao-Paulo_RAE-Sede-do-Sitio-Ressaca_1753229566431.pdf,02 — Leis & Jurisprudência/2.2 TDC-Patrimônio-ZEPEC,1WdUk6QDru841pU-vgtPmz_0aIIEQn9Sv
1lj35-9s6igQUNx8B76Hk9POrHj7dQVEu,"04-22 - Alteração da redação Art 2º, da Res_ 34-18 - Página(1).pdf",02 — Leis & Jurisprudência/2.2 TDC-Patrimônio-ZEPEC,1WdUk6QDru841pU-vgtPmz_0aIIEQn9Sv
1z4UIp87VhLioPrhbk1nUvs-xXCzPzR08,02-23 - APT Cemiterio de São Paulo.pdf,02 — Leis & Jurisprudência/2.2 TDC-Patrimônio-ZEPEC,1WdUk6QDru841pU-vgtPmz_0aIIEQn9Sv
1kSWQrlRgW_Q0n5u8TR9-J7pUDpu8ZZj_,01-23 - APT - Associação Feminina Beneficente e Instrutiva Analia Franco - Página (1).pdf,02 — Leis & Jurisprudência/2.2 TDC-Patrimônio-ZEPEC,1WdUk6QDru841pU-vgtPmz_0aIIEQn9Sv
1AgHx0k7yNj1a7UTP9qgGt5IAKOgcn-kD,05-22 - Tombamento das Luminárias Ornamentais da Light - Página.pdf,02 — Leis & Jurisprudência/2.2 TDC-Patrimônio-ZEPEC,1WdUk6QDru841pU-vgtPmz_0aIIEQn9Sv
177qvl-MzvDA9H7xzDL3xXKBk_dhLQqZO,03-23 - RAE da Sede do Antigo Sitio Itaim - Página(1).pdf,02 — Leis & Jurisprudência/2.2 TDC-Patrimônio-ZEPEC,1WdUk6QDru841pU-vgtPmz_0aIIEQn9Sv
1scDSTGMazJS-ocmwslR3FYDicMC573CI,03-24 - Tombamento do Conjunto da Escadaria da Rua Alves Guimarães - Página.pdf,02 — Leis & Jurisprudência/2.2 TDC-Patrimônio-ZEPEC,1WdUk6QDru841pU-vgtPmz_0aIIEQn9Sv
1rGez7luvkFfI15EiFEiAWPNwGBZ0ic9N,2025_4_Sao-Paulo_RAE-Estadio-Paulo-Machado-de-Carvalho_1753229566534.pdf,02 — Leis & Jurisprudência/2.2 TDC-Patrimônio-ZEPEC,1WdUk6QDru841pU-vgtPmz_0aIIEQn9Sv
1IW-_AkWsXF1Vsv0DBotNaqA06TyNbvQf,12-24 - Arquivamento da APT de Residência na Rua General Isidoro Dias Lopes n° 36 - Vila Amália - Página.pdf,02 — Leis & Jurisprudência/2.2 TDC-Patrimônio-ZEPEC,1WdUk6QDru841pU-vgtPmz_0aIIEQn9Sv
1uaEp9dO9muYx2JgziRZwFv5D_lV4blbx,2025_03_Sao-Paulo_RAE-Casa-do-Sitio-do-Tatuape_1753229566669.pdf,02 — Leis & Jurisprudência/2.2 TDC-Patrimônio-ZEPEC,1WdUk6QDru841pU-vgtPmz_0aIIEQn9Sv
127IahNlzYuPDtzFVMsiWvt0Tptzjv4bD,02-22 APT Conjunto do Sindicato dos Metroviarios(1).pdf,02 — Leis & Jurisprudência/2.2 TDC-Patrimônio-ZEPEC,1WdUk6QDru841pU-vgtPmz_0aIIEQn9Sv
1or7cP5OtZBQTgURGHdUJPvsmtPy9NiTC,15-24 - Arquivamento dos Itens 33 e 34 da Res. 23-16 - Página.pdf,02 — Leis & Jurisprudência/2.2 TDC-Patrimônio-ZEPEC,1WdUk6QDru841pU-vgtPmz_0aIIEQn9Sv
1YbLd77kHhAFbyz0hMTMg59qE0A1V1xP-,02-24_-_tombamento_mancha_dos_bombeiros_-_quadro_i_-_pgina_1_1719838684.pdf,02 — Leis & Jurisprudência/2.2 TDC-Patrimônio-ZEPEC,1WdUk6QDru841pU-vgtPmz_0aIIEQn9Sv
1TXClmL6RavMANYbfqd0Lz6KR_9LVW8Dz,02-24_-_tombamento_mancha_dos_bombeiros_-_pgina_1719838448.pdf,02 — Leis & Jurisprudência/2.2 TDC-Patrimônio-ZEPEC,1WdUk6QDru841pU-vgtPmz_0aIIEQn9Sv
1XQxULwDXIJ_Qmf5iByGodAZKByZ4sArI,17-25 - Tombamento do Templo Espiritualista de Umbanda São Benedito - Anexo Planta Esquemática - Página.pdf,02 — Leis & Jurisprudência/2.2 TDC-Patrimônio-ZEPEC,1WdUk6QDru841pU-vgtPmz_0aIIEQn9Sv
1T_-1yr0iaDZ6nGwb5wdH5yOhyWiAnFp7,17-25 - Tombamento do Templo Espiritualista de Umbanda São Benedito - Página.pdf,02 — Leis & Jurisprudência/2.2 TDC-Patrimônio-ZEPEC,1WdUk6QDru841pU-vgtPmz_0aIIEQn9Sv
1-cKO3TU6wfpS02m0E0KmLRr0hPYqEj7C,14-25 - APT do Mirante de Santana e da Praça Vaz Guaçu - Página.pdf,02 — Leis & Jurisprudência/2.2 TDC-Patrimônio-ZEPEC,1WdUk6QDru841pU-vgtPmz_0aIIEQn9Sv
1AOcY_5XX6wD5J8UZK0ljk3EvPW_cZ6gQ,16-25 - Complementação da Resolução nº 54-CONPRESP-2018 - Página.pdf,02 — Leis & Jurisprudência/2.2 TDC-Patrimônio-ZEPEC,1WdUk6QDru841pU-vgtPmz_0aIIEQn9Sv
15Bbzyv5N8ANQKigmDBgBiPSyHF6ujf60,13-25 - Complemento ao Arquivamento Parcial da Mancha D da Res. 11-23 - Página.pdf,02 — Leis & Jurisprudência/2.2 TDC-Patrimônio-ZEPEC,1WdUk6QDru841pU-vgtPmz_0aIIEQn9Sv
1Vt6LAXzIQ23wuFIYvGWTVgAKpPVLpdrt,10-25 - APT do Mobiliário Bar Balcão - Página.pdf,02 — Leis & Jurisprudência/2.2 TDC-Patrimônio-ZEPEC,1WdUk6QDru841pU-vgtPmz_0aIIEQn9Sv
1FMJTNWzPwjt83aWZ59uidjUq367-S3Ws,06-25 - Arquivamento dos IDs 42 a 48 da Res. 11-23 - Página (1).pdf,02 — Leis & Jurisprudência/2.2 TDC-Patrimônio-ZEPEC,1WdUk6QDru841pU-vgtPmz_0aIIEQn9Sv
1uvJMFzmUhX5B84XuUTCEkHx7n00kNWel,07-25 - Enquadramento como ZEPEC-APC do Território Augusta de Cinema - Página.pdf,02 — Leis & Jurisprudência/2.2 TDC-Patrimônio-ZEPEC,1WdUk6QDru841pU-vgtPmz_0aIIEQn9Sv
1AsEpxy-4R98NU1QuhJDa1T_rpflBsB5i,05-25 - Arquivamento dos IDs 02 a 04 e IDs 07 e 08 da Res. 11-23 - Página.pdf,02 — Leis & Jurisprudência/2.2 TDC-Patrimônio-ZEPEC,1WdUk6QDru841pU-vgtPmz_0aIIEQn9Sv
1ULSbF05Ru0E3SJyQS1ufruCXgb4G2Qsn,Mapa_1___Perimetros_das_Zonas_exceto_ZEPEC.pdf,02 — Leis & Jurisprudência/2.2 TDC-Patrimônio-ZEPEC,1WdUk6QDru841pU-vgtPmz_0aIIEQn9Sv
1tPGJX-MyMAMXc-I_qUbnIQBYU3EV9aAP,04-25 - Arquivamento das Manchas C e G e ID 13 a 17 e 21 a 26 da Res.11-23 - Página.pdf,02 — Leis & Jurisprudência/2.2 TDC-Patrimônio-ZEPEC,1WdUk6QDru841pU-vgtPmz_0aIIEQn9Sv
1caan6wh4NFNbOdXddaI5-hg-HCA1NUDt,03-25 - Arquivamento da Mancha H da Res.11-23 - Página.pdf,02 — Leis & Jurisprudência/2.2 TDC-Patrimônio-ZEPEC,1WdUk6QDru841pU-vgtPmz_0aIIEQn9Sv
1MZobdQTHRn1dKOJIxfDhaLdo_ACbomUp,15-25 - APT do Campo dos Engenheiros - Página.pdf,02 — Leis & Jurisprudência/2.2 TDC-Patrimônio-ZEPEC,1WdUk6QDru841pU-vgtPmz_0aIIEQn9Sv
1GuNVLiYLICMmIJ42XZtXy4BHhtI0cA3E,11-25 - Enquandramento como  ZEPEC-APC do Santa Marina Atlético Clube - Página.pdf,02 — Leis & Jurisprudência/2.2 TDC-Patrimônio-ZEPEC,1WdUk6QDru841pU-vgtPmz_0aIIEQn9Sv
1DARVYHEDkYErwg7GnQUg0gsYTE51hjry,02-25 - Tombamento Ex Officio do Edifício Santo André - Página.pdf,02 — Leis & Jurisprudência/2.2 TDC-Patrimônio-ZEPEC,1WdUk6QDru841pU-vgtPmz_0aIIEQn9Sv
1NUZ-qPngwgbIE5CKCUmYjLfiqWPZJfiI,09-25 - Registro como Patrimônio Cultural Imaterial da Festa do Divino Espírito Santo da Freguesia do Ó - Página.pdf,02 — Leis & Jurisprudência/2.2 TDC-Patrimônio-ZEPEC,1WdUk6QDru841pU-vgtPmz_0aIIEQn9Sv
1jfRMtMM5cLNEMax8eJpN1Uykxt0X1zkh,01-25 - Arquivamento Parcial das Manchas I e J e ID 50 a 52 da Res.11-23 - Página.pdf,02 — Leis & Jurisprudência/2.2 TDC-Patrimônio-ZEPEC,1WdUk6QDru841pU-vgtPmz_0aIIEQn9Sv
1agsxu9hKigQ09VVkXmwJrajsDnc7_hFZ,Re2314RegistrocomoBemImaterialdoConjuntodeTeatrosPDF_1413396489.pdf,02 — Leis & Jurisprudência/2.2 TDC-Patrimônio-ZEPEC,1WdUk6QDru841pU-vgtPmz_0aIIEQn9Sv
1XOM1Yq1O1HrxynbLMYNx89Dr3QPKS1LW,12-23 - APT Capela Dom Bosco.pdf,02 — Leis & Jurisprudência/2.2 TDC-Patrimônio-ZEPEC,1WdUk6QDru841pU-vgtPmz_0aIIEQn9Sv
1dLYHLjwnlmYDoeTaxZcPAN2Bkk59JtRY,"03-24 - Tombamento do Conjunto da Escadaria da Rua Alves Guimarães - Anexos I, II e III - Página.pdf",02 — Leis & Jurisprudência/2.2 TDC-Patrimônio-ZEPEC,1WdUk6QDru841pU-vgtPmz_0aIIEQn9Sv
19WZps5vOQVD7Boj1ZREHevCbDtN46Y0P,04-24 -  Tombamento da Escadaria da Rua Cristiano Viana - Anexos I e II - Página.pdf,02 — Leis & Jurisprudência/2.2 TDC-Patrimônio-ZEPEC,1WdUk6QDru841pU-vgtPmz_0aIIEQn9Sv
1Lm-Be7GBKRSYBD0EQ9X7W7RJJq-CYPJn,08-24 - APT Terreiro de Candomblé Abassá Oxum Oxóssi - Página.pdf,02 — Leis & Jurisprudência/2.2 TDC-Patrimônio-ZEPEC,1WdUk6QDru841pU-vgtPmz_0aIIEQn9Sv
1Y6gUIlu-igGfHg5SSF5godPWX3quiNHi,2017_36_Sao-Paulo_RAE-Residencias-da-Familia-Ramos-de-Azevedo_1753284677017.pdf,02 — Leis & Jurisprudência/2.2 TDC-Patrimônio-ZEPEC,1WdUk6QDru841pU-vgtPmz_0aIIEQn9Sv
1jJ7ZNBO_lDqHOykV-CzrYIilVCUHLZ4d,09-23 - Arquivamento da APT - Conjunto do Sindicato dos Metroviários de São Paulo.pdf,02 — Leis & Jurisprudência/2.2 TDC-Patrimônio-ZEPEC,1WdUk6QDru841pU-vgtPmz_0aIIEQn9Sv
1U6NBRhg8tAehd_OunFQndamfyKun1gYE,2024_01_15 - Livreto Cartilha de Calçadas 2024 - Vrs NOVA NORMA - V12-1-24_compressed(1).pdf,02 — Leis & Jurisprudência/2.2 TDC-Patrimônio-ZEPEC,1WdUk6QDru841pU-vgtPmz_0aIIEQn9Sv
1Uk78Xjs9tdB0disrDs4bRSctGe-sTvtm,Mapa02_ZEPEC.pdf,02 — Leis & Jurisprudência/2.2 TDC-Patrimônio-ZEPEC,1WdUk6QDru841pU-vgtPmz_0aIIEQn9Sv
1o3hXQaBC8hZ345tHR_f3cInCB-__J81g,RESOLUÇÃO SECRETARIA MUNICIPAL DE CULTURA - SMC_CONPRESP Nº 22 DE 13 DE DEZEMBRO DE 2002 « Catálogo de Legislação Municipal.pdf,02 — Leis & Jurisprudência/2.2 TDC-Patrimônio-ZEPEC,1WdUk6QDru841pU-vgtPmz_0aIIEQn9Sv
1qj-x3grT5O19SLvrQgCidkym2wM5onki,Transferência do Direito de Construir - Secretaria Municipal de Urbanismo e Licenciamento - Prefeitura2.pdf,02 — Leis & Jurisprudência/2.2 TDC-Patrimônio-ZEPEC,1WdUk6QDru841pU-vgtPmz_0aIIEQn9Sv
1Wyh9ZL0BZDhPqT5-RL0IH9Ok0eMGjcSy,Transferência do Direito de Construir - Secretaria Municipal de Urbanismo e Licenciamento - Prefeitura.pdf,02 — Leis & Jurisprudência/2.2 TDC-Patrimônio-ZEPEC,1WdUk6QDru841pU-vgtPmz_0aIIEQn9Sv
18DmJzF6M0arVRZGHGLqYjlRil2POkSn1,Enquadramento de Atividade CNAE - Secretaria Municipal de Urbanismo e Licenciamento - Prefeitura.pdf,02 — Leis & Jurisprudência/2.2 TDC-Patrimônio-ZEPEC,1WdUk6QDru841pU-vgtPmz_0aIIEQn9Sv
1H0bFBm-FV7VyfELOQh6x5K9c2wFuS5bZ,fila_tdc_5porcento_fundurb_dez_2025-pdf.pdf,02 — Leis & Jurisprudência/2.2 TDC-Patrimônio-ZEPEC,1WdUk6QDru841pU-vgtPmz_0aIIEQn9Sv
1lWxc0h3l1XZIB-PabPRtsrCd1EK_6bVU,Declaração de Potencial Construtivo Passível de Transferência - Secretaria Municipal de Urbanismo e Licenciamento - Prefeitura.pdf,02 — Leis & Jurisprudência/2.2 TDC-Patrimônio-ZEPEC,1WdUk6QDru841pU-vgtPmz_0aIIEQn9Sv
1NQu0kG4h_ERIEyhIXJ9jpn1FGv6Tizcl,Certidão de Transferência de Potencial Construtivo - Secretaria Municipal de Urbanismo e Licenciamento - Prefeitura.pdf,02 — Leis & Jurisprudência/2.2 TDC-Patrimônio-ZEPEC,1WdUk6QDru841pU-vgtPmz_0aIIEQn9Sv
19ZbY8tv-CkZ_h9r91UuTLsQ_5gI6rGCE,Auditoria TDC São Paulo_ Memorial de Fundamentação Estratégica.pdf,02 — Leis & Jurisprudência/2.2 TDC-Patrimônio-ZEPEC,1WdUk6QDru841pU-vgtPmz_0aIIEQn9Sv
1FqcbmhH1qDV1BDqgpnTAmFx2i48FCS0c,LEI Nº 11.152 DE 30 DE DEZEMBRO DE 1991 « Catálogo de Legislação Municipal.pdf,02 — Leis & Jurisprudência/2.3 IPTU-Tributário Municipal,1ugoTkeqN-FFN-bHA0VF7NPSAJqDXfO0z
1thIZNvUvcKJ6ru0tkX4y62Ia-CcFQeH7,Anexo III da Lei 15.889_2013.pdf,02 — Leis & Jurisprudência/2.3 IPTU-Tributário Municipal,1ugoTkeqN-FFN-bHA0VF7NPSAJqDXfO0z
1Z3MjJAnPPqHh6UKZ9mNC9PpfaDbDXEKI,LEI Nº 18.330 de 11 de Novembro de 2025.pdf,02 — Leis & Jurisprudência/2.3 IPTU-Tributário Municipal,1ugoTkeqN-FFN-bHA0VF7NPSAJqDXfO0z
1F8Bcj4DfmKt3-uFsXdMO7CqMqO70hgcj,LEI Nº 18.270 de 12 de Junho de 2025.pdf,02 — Leis & Jurisprudência/2.3 IPTU-Tributário Municipal,1ugoTkeqN-FFN-bHA0VF7NPSAJqDXfO0z
1t7VUYckCUxQePNlYzAJc9Axb_mwRu5yw,LEI Nº 17.557 de 26 de Maio de 2021.pdf,02 — Leis & Jurisprudência/2.3 IPTU-Tributário Municipal,1ugoTkeqN-FFN-bHA0VF7NPSAJqDXfO0z
1XBSkcnTB-SlLMen0RJQUO8SJrk5F4287,LEI Nº 16.757 de 14 de Novembro de 2017.pdf,02 — Leis & Jurisprudência/2.3 IPTU-Tributário Municipal,1ugoTkeqN-FFN-bHA0VF7NPSAJqDXfO0z
1B2aLXzlZY837l2BwTcGhXGDRNcK5QZ98,LEI Nº 18.095 de 19 de Março de 2024.pdf,02 — Leis & Jurisprudência/2.3 IPTU-Tributário Municipal,1ugoTkeqN-FFN-bHA0VF7NPSAJqDXfO0z
1mJx4aciny0rw1paZcTNW2Cyx0ubEooXm,LEI Nº 15.889 de 5 de Novembro de 2013.pdf,02 — Leis & Jurisprudência/2.3 IPTU-Tributário Municipal,1ugoTkeqN-FFN-bHA0VF7NPSAJqDXfO0z
1O8HI8LAGDkgER7zSDp7mRebH6rh6M4Ft,LEI Nº 15.406 de 8 de Julho de 2011.pdf,02 — Leis & Jurisprudência/2.3 IPTU-Tributário Municipal,1ugoTkeqN-FFN-bHA0VF7NPSAJqDXfO0z
1jYt-nEpD0Jy9njAxS7v_8vNX_sxd63PJ,LEI Nº 15.360 de 14 de Março de 2011.pdf,02 — Leis & Jurisprudência/2.3 IPTU-Tributário Municipal,1ugoTkeqN-FFN-bHA0VF7NPSAJqDXfO0z
1TsB_KCsjokGYNtN1ZH2hA4L117113UBn,LEI Nº 15.044 de 3 de Dezembro de 2009.pdf,02 — Leis & Jurisprudência/2.3 IPTU-Tributário Municipal,1ugoTkeqN-FFN-bHA0VF7NPSAJqDXfO0z
1Sr46ue7GTXpZdiq8dmhR5WJkejPcQ5yn,LEI Nº 14.865 de 29 de Dezembro de 2008.pdf,02 — Leis & Jurisprudência/2.3 IPTU-Tributário Municipal,1ugoTkeqN-FFN-bHA0VF7NPSAJqDXfO0z
1ZVIHAySIsC1mrKjm6X00RuQFX5QcgO5O,LEI Nº 14.256 de 29 de Dezembro de 2006.pdf,02 — Leis & Jurisprudência/2.3 IPTU-Tributário Municipal,1ugoTkeqN-FFN-bHA0VF7NPSAJqDXfO0z
1HH2S3W3Jh5gu3MAfg6MM8ns6DTBVALbI,LEI Nº 13.879 de 28 de Julho de 2004.pdf,02 — Leis & Jurisprudência/2.3 IPTU-Tributário Municipal,1ugoTkeqN-FFN-bHA0VF7NPSAJqDXfO0z
1g9F7BcvKwkrw5QnCihwWMYsFz6gF-ILn,LEI Nº 13.250 de 27 de Dezembro de 2001.pdf,02 — Leis & Jurisprudência/2.3 IPTU-Tributário Municipal,1ugoTkeqN-FFN-bHA0VF7NPSAJqDXfO0z
1LDTStMOKDl_PKY8Fvniq-mDQLh8il4-F,LEI Nº 13.402 de 5 de Agosto de 2002.pdf,02 — Leis & Jurisprudência/2.3 IPTU-Tributário Municipal,1ugoTkeqN-FFN-bHA0VF7NPSAJqDXfO0z
1RJPQk_iHUwxHO6jTdFLeebP83gO6oIc5,LEI Nº 11.152 de 30 de Dezembro de 1991.pdf,02 — Leis & Jurisprudência/2.3 IPTU-Tributário Municipal,1ugoTkeqN-FFN-bHA0VF7NPSAJqDXfO0z
1Uzwubn73LpnZXbOA6dmAM_MzRbLMMFPy,LEI Nº 14.107 de 12 de Dezembro de 2005.pdf,02 — Leis & Jurisprudência/2.3 IPTU-Tributário Municipal,1ugoTkeqN-FFN-bHA0VF7NPSAJqDXfO0z
1AmYokvl-LAaqeTGX1UUPOCCsxWqgzx2b,LEI Nº 10.819 de 28 de Dezembro de 1989.pdf,02 — Leis & Jurisprudência/2.3 IPTU-Tributário Municipal,1ugoTkeqN-FFN-bHA0VF7NPSAJqDXfO0z
1Z96DTndx0o9ZLLZBtTjlYeUM9pCPdPJV,LEI Nº 10.235 de 16 de Dezembro de 1986.pdf,02 — Leis & Jurisprudência/2.3 IPTU-Tributário Municipal,1ugoTkeqN-FFN-bHA0VF7NPSAJqDXfO0z
1XU4Ol06BrfVp3xhUepIr26nhZaKNo0UW,LEI Nº 6.989 de 29 de Dezembro de 1966.pdf,02 — Leis & Jurisprudência/2.3 IPTU-Tributário Municipal,1ugoTkeqN-FFN-bHA0VF7NPSAJqDXfO0z
1UhFjf145eTexdyQ2SwNNuaOodQN8SPp4,Anexos I e II - LEI Nº 18.330 de 11 de Novembro de 2025.pdf,02 — Leis & Jurisprudência/2.3 IPTU-Tributário Municipal,1ugoTkeqN-FFN-bHA0VF7NPSAJqDXfO0z
1V-kE2mjo0lJsqJEiA2pjqXfGOimKSZZG,LEI Nº 17.092 de 23 de Maio de 2019.pdf,02 — Leis & Jurisprudência/2.3 IPTU-Tributário Municipal,1ugoTkeqN-FFN-bHA0VF7NPSAJqDXfO0z
13WMCiE8Xm1T_BkU0-xWPtBoZjx9F5s9r,Anexo II da Lei nº 17.719_2021.pdf,02 — Leis & Jurisprudência/2.3 IPTU-Tributário Municipal,1ugoTkeqN-FFN-bHA0VF7NPSAJqDXfO0z
1a1g4lIu7L7etDZOVOKdW6Xau6A3JOGP_,LEI Nº 11.614 de 13 de Julho de 1994.pdf,02 — Leis & Jurisprudência/2.3 IPTU-Tributário Municipal,1ugoTkeqN-FFN-bHA0VF7NPSAJqDXfO0z
1ETHmpdahgwNn9qIAAiXZL9NRGMegVYl4,LEI Nº 13.698 de 24 de Dezembro de 2003.pdf,02 — Leis & Jurisprudência/2.3 IPTU-Tributário Municipal,1ugoTkeqN-FFN-bHA0VF7NPSAJqDXfO0z
10KxO2Ed8rv_zqUY-y-pN2LO1QUptwg5M,LEI Nº 13.776 de 10 de Fevereiro de 2004.pdf,02 — Leis & Jurisprudência/2.3 IPTU-Tributário Municipal,1ugoTkeqN-FFN-bHA0VF7NPSAJqDXfO0z
1ecFHFCR5hgAJ9A4oH3qcy_hjP67F7Acc,Tabela - Faixa de consumo mensal em kWh X Valor em R$ LEI Nº 17.719 de 26 de Novembro de 2021.pdf,02 — Leis & Jurisprudência/2.3 IPTU-Tributário Municipal,1ugoTkeqN-FFN-bHA0VF7NPSAJqDXfO0z
1yFINMGdItkYpLH_GuaolvmYDODhWpjIu,LEI Nº 11.308 de 17 de Dezembro de 1992.pdf,02 — Leis & Jurisprudência/2.3 IPTU-Tributário Municipal,1ugoTkeqN-FFN-bHA0VF7NPSAJqDXfO0z
1XTpOF--3AUoxiyY-87_VHs2kDGiM0ib0,"Anexo I integrante da Lei nº 15.889, de 5 de novembro de 2013.pdf",02 — Leis & Jurisprudência/2.3 IPTU-Tributário Municipal,1ugoTkeqN-FFN-bHA0VF7NPSAJqDXfO0z
1tEP858hvJdReey1dhKcQVZ8a0yKOdjvP,Anexo III da Lei nº 17.719_2021.pdf,02 — Leis & Jurisprudência/2.3 IPTU-Tributário Municipal,1ugoTkeqN-FFN-bHA0VF7NPSAJqDXfO0z
1muwGBNhaHZEEFrJn2ZS18t3gDqC4YIaw,Anexo I da Lei nº 17.719_2021.pdf,02 — Leis & Jurisprudência/2.3 IPTU-Tributário Municipal,1ugoTkeqN-FFN-bHA0VF7NPSAJqDXfO0z
1hRLLr-LmiBRIWvsj6rKOxTEYSz-OUcxl,LEI Nº 14.089 de 22 de Novembro de 2005.pdf,02 — Leis & Jurisprudência/2.3 IPTU-Tributário Municipal,1ugoTkeqN-FFN-bHA0VF7NPSAJqDXfO0z
1ISllik23zsVeefYTWwC2MCYB4E2no8Kx,LEI Nº 17.719 de 26 de Novembro de 2021.pdf,02 — Leis & Jurisprudência/2.3 IPTU-Tributário Municipal,1ugoTkeqN-FFN-bHA0VF7NPSAJqDXfO0z
1F__Xn0_m3May46FpP3e6YFNloTdqdfwh,LEI Nº 18.298 DE 17 DE SETEMBRO DE 2025 « Catálogo de Legislação Municipal.pdf,02 — Leis & Jurisprudência/2.3 IPTU-Tributário Municipal,1ugoTkeqN-FFN-bHA0VF7NPSAJqDXfO0z
1a9Y5eAQUrWHzWQQY_rjEeYR5sa6LqHjL,LEI Nº 15.044 DE 3 DE DEZEMBRO DE 2009 « Catálogo de Legislação Municipal.pdf,02 — Leis & Jurisprudência/2.3 IPTU-Tributário Municipal,1ugoTkeqN-FFN-bHA0VF7NPSAJqDXfO0z
1BxfKWwlkv-A6oBT3D--_5ojz6Y-bFXC7,LEI Nº 14.094 DE 6 DE DEZEMBRO DE 2005 « Catálogo de Legislação Municipal.pdf,02 — Leis & Jurisprudência/2.3 IPTU-Tributário Municipal,1ugoTkeqN-FFN-bHA0VF7NPSAJqDXfO0z
1VTkncZYamPFbAaiEqUqmVjxpktaPLt8G,LEI Nº 11.154 DE 30 DE DEZEMBRO DE 1991 « Catálogo de Legislação Municipal.pdf,02 — Leis & Jurisprudência/2.3 IPTU-Tributário Municipal,1ugoTkeqN-FFN-bHA0VF7NPSAJqDXfO0z
1l6BEAUryN8TIW3KSqpEIAUXjbvu2FA6I,LEI Nº 18.081 DE 19 DE JANEIRO DE 2024 « Catálogo de Legislação Municipal.pdf,02 — Leis & Jurisprudência/2.3 IPTU-Tributário Municipal,1ugoTkeqN-FFN-bHA0VF7NPSAJqDXfO0z
1KUumsskF0RV-HKEqDXzaDUIPV7I8cQ7S,Lei nº 11.428.pdf,02 — Leis & Jurisprudência/2.3 IPTU-Tributário Municipal,1ugoTkeqN-FFN-bHA0VF7NPSAJqDXfO0z
1p5udqWv-zI-I42WqgeoD083iZRVzRTm4,CGP_NotaTecnica.pdf,02 — Leis & Jurisprudência/2.3 IPTU-Tributário Municipal,1ugoTkeqN-FFN-bHA0VF7NPSAJqDXfO0z
1ekB9Ufwq_xA05LtUxbYakAkEC_kZ45P-,MAPA da Lei nº 18081_2024.pdf,02 — Leis & Jurisprudência/2.3 IPTU-Tributário Municipal,1ugoTkeqN-FFN-bHA0VF7NPSAJqDXfO0z
13cu1rgCXTnPeBvd0uryDTABBFmFhctHy,LEI Nº 17.733 DE 11 DE JANEIRO DE 2022 « Catálogo de Legislação Municipal.pdf,02 — Leis & Jurisprudência/2.3 IPTU-Tributário Municipal,1ugoTkeqN-FFN-bHA0VF7NPSAJqDXfO0z
1mOsQdr4gpT2h_1p-qgD1qKp4HBLnS24x,LEI Nº 15.723 DE 24 DE ABRIL DE 2013 « Catálogo de Legislação Municipal.pdf,02 — Leis & Jurisprudência/2.3 IPTU-Tributário Municipal,1ugoTkeqN-FFN-bHA0VF7NPSAJqDXfO0z
1BzJm7JV5mrEZzmCmLSjTWoixYn7rmcz9,LEI Nº 17.202 DE 16 DE OUTUBRO DE 2019 « Catálogo de Legislação Municipal.pdf,02 — Leis & Jurisprudência/2.3 IPTU-Tributário Municipal,1ugoTkeqN-FFN-bHA0VF7NPSAJqDXfO0z
1itZ0vaGsvHFK4BbozGVJKX9Py7IJJCBM,Cnae_X_Item_Lista_Servicos.pdf,02 — Leis & Jurisprudência/2.3 IPTU-Tributário Municipal,1ugoTkeqN-FFN-bHA0VF7NPSAJqDXfO0z
1vn2hJEakthUiKiX3_LymPNA6vl2hmigg,RAZÕES DO VETO AO PROJETO DE LEI Nº 272_2015; OFÍCIO DE 22 DE MARÇO DE 2016 « Catálogo de Legislação Municipal.pdf,02 — Leis & Jurisprudência/2.3 IPTU-Tributário Municipal,1ugoTkeqN-FFN-bHA0VF7NPSAJqDXfO0z
1k8ezfvkmMOiUsoL_pzA-vBIUhm44SvmC,LEI Nº 18.222 DE 27 DE DEZEMBRO DE 2024 « Catálogo de Legislação Municipal.pdf,02 — Leis & Jurisprudência/2.3 IPTU-Tributário Municipal,1ugoTkeqN-FFN-bHA0VF7NPSAJqDXfO0z
1LaCDRmdJ41EWnQbrt3WzOMouDIceQs6Z,LEI Nº 17.844 DE 14 DE SETEMBRO DE 2022 « Catálogo de Legislação Municipal.pdf,02 — Leis & Jurisprudência/2.3 IPTU-Tributário Municipal,1ugoTkeqN-FFN-bHA0VF7NPSAJqDXfO0z
1cQjyd-nQx_fjNszOuRa6N5CBb9NraOiw,LEI Nº 17.104 DE 30 DE MAIO DE 2019 « Catálogo de Legislação Municipal.pdf,02 — Leis & Jurisprudência/2.3 IPTU-Tributário Municipal,1ugoTkeqN-FFN-bHA0VF7NPSAJqDXfO0z
1LCqgXQmT8HIcVSaa0-WGezxDAPvF1bOh,LEI Nº 17.577 DE 20 DE JULHO DE 2021 « Catálogo de Legislação Municipal.pdf,02 — Leis & Jurisprudência/2.3 IPTU-Tributário Municipal,1ugoTkeqN-FFN-bHA0VF7NPSAJqDXfO0z
1pnKdd7n8cMPatJ1zKfd9J5ZpmMbBIsM5,LEI Nº 17.734 DE 11 DE JANEIRO DE 2022 « Catálogo de Legislação Municipal.pdf,02 — Leis & Jurisprudência/2.3 IPTU-Tributário Municipal,1ugoTkeqN-FFN-bHA0VF7NPSAJqDXfO0z
1mcCEbTa7ujsYiG1-kT9IPFa3vfsH1HK4,LEI Nº 17.853 DE 29 DE NOVEMBRO DE 2022 « Catálogo de Legislação Municipal.pdf,02 — Leis & Jurisprudência/2.3 IPTU-Tributário Municipal,1ugoTkeqN-FFN-bHA0VF7NPSAJqDXfO0z
1TVYkcjCIYOSYr_vNzMltuyxUjWkqVA1C,LEI Nº 18.177 DE 25 DE JULHO DE 2024 « Catálogo de Legislação Municipal.pdf,02 — Leis & Jurisprudência/2.3 IPTU-Tributário Municipal,1ugoTkeqN-FFN-bHA0VF7NPSAJqDXfO0z
1uujcrDFVTvmeVcK40G-bVqEp3symy0_r,LEI Nº 15.150 DE 6 DE MAIO DE 2010 « Catálogo de Legislação Municipal.pdf,02 — Leis & Jurisprudência/2.3 IPTU-Tributário Municipal,1ugoTkeqN-FFN-bHA0VF7NPSAJqDXfO0z
1jZUhmx71_NNTuKz77VQPcDXO3p_Ahb7Z,LEI Nº 17.217 DE 23 DE OUTUBRO DE 2019 « Catálogo de Legislação Municipal.pdf,02 — Leis & Jurisprudência/2.3 IPTU-Tributário Municipal,1ugoTkeqN-FFN-bHA0VF7NPSAJqDXfO0z
1-_o0yldO83-ZtNQ3i51Oes0XgZeWd9xl,Atualizacacao_Q14_anoref2025.pdf,02 — Leis & Jurisprudência/2.3 IPTU-Tributário Municipal,1ugoTkeqN-FFN-bHA0VF7NPSAJqDXfO0z
1c2LQ22vpNM2-suKYJNTJ-PgUKGLF50j6,LEI Nº 18.209 DE 20 DE DEZEMBRO DE 2024 « Catálogo de Legislação Municipal.pdf,02 — Leis & Jurisprudência/2.3 IPTU-Tributário Municipal,1ugoTkeqN-FFN-bHA0VF7NPSAJqDXfO0z
1xoEiPW-wqmsPFpLqM_Ybp-Q7A1WH2UU3,LEI Nº 17.975 DE 8 DE JULHO DE 2023 « Catálogo de Legislação Municipal.pdf,02 — Leis & Jurisprudência/2.3 IPTU-Tributário Municipal,1ugoTkeqN-FFN-bHA0VF7NPSAJqDXfO0z
1Hu1z-YXe7QxEYY5ZyTCeiBJ20xypsz7J,Lei nº 11.101.pdf,02 — Leis & Jurisprudência/2.4 Federal e Constituição,1vOw1BFccKvq89egFOs-k9Y3YN6AVMxw8
1B-29u5vWlTrjzYuA4ugMLp56i1sxRRG1,L10931.pdf,02 — Leis & Jurisprudência/2.4 Federal e Constituição,1vOw1BFccKvq89egFOs-k9Y3YN6AVMxw8
1Yb3seugmh3OYutHBJ53LMKkCEEqWmbX4,L9514.pdf,02 — Leis & Jurisprudência/2.4 Federal e Constituição,1vOw1BFccKvq89egFOs-k9Y3YN6AVMxw8
1EGQFd7sQe8s_QX1Bxa2E7MXUvY5UE3F4,L8668.pdf,02 — Leis & Jurisprudência/2.4 Federal e Constituição,1vOw1BFccKvq89egFOs-k9Y3YN6AVMxw8
1Q_UIMVOV_LpdsfOSiwh1B6mZxMhNBG3Z,lei-federal-6015-1973-etapa-1.tx.txt,02 — Leis & Jurisprudência/2.4 Federal e Constituição,1vOw1BFccKvq89egFOs-k9Y3YN6AVMxw8
1JAUEHk3pko9yeaUWJE88OdP-4lhdFJ6n,L6830.pdf,02 — Leis & Jurisprudência/2.4 Federal e Constituição,1vOw1BFccKvq89egFOs-k9Y3YN6AVMxw8
1-e-gjoMNF1TLBKEwVMqJM9UmkSMgnFum,L8009.pdf,02 — Leis & Jurisprudência/2.4 Federal e Constituição,1vOw1BFccKvq89egFOs-k9Y3YN6AVMxw8
19bSySq_pzYuHrOyGTG7hsr49klQIuJL6,L6.015consolidado.pdf,02 — Leis & Jurisprudência/2.4 Federal e Constituição,1vOw1BFccKvq89egFOs-k9Y3YN6AVMxw8
1Nd65GkWXGs0jZk6fGLwYq7pf1drfLNKv,_lei-federal-4591-1964.txt,02 — Leis & Jurisprudência/2.4 Federal e Constituição,1vOw1BFccKvq89egFOs-k9Y3YN6AVMxw8
1tvefC5VKryIGFCYxm8fC642nqKtOeKMU,ec-132-20273.txt,02 — Leis & Jurisprudência/2.4 Federal e Constituição,1vOw1BFccKvq89egFOs-k9Y3YN6AVMxw8
1gYvYSuvLnsNSv2XvLpxDebuqTxVS9ynD,ec-132-2023.txt,02 — Leis & Jurisprudência/2.4 Federal e Constituição,1vOw1BFccKvq89egFOs-k9Y3YN6AVMxw8
1pYIWFnIHIoDwV50tD6AJH06txHiSE6HZ,ec-116-2022.txt,02 — Leis & Jurisprudência/2.4 Federal e Constituição,1vOw1BFccKvq89egFOs-k9Y3YN6AVMxw8
1K5mLZoGE5ICxkjjkBXnRGHixaga3J7ZX,ec-29-2000.txt,02 — Leis & Jurisprudência/2.4 Federal e Constituição,1vOw1BFccKvq89egFOs-k9Y3YN6AVMxw8
1zGMGKMe2d-qTBK2Qfj2znS3eRy0RMWvY,dl-57-1966 (1).txt,02 — Leis & Jurisprudência/2.4 Federal e Constituição,1vOw1BFccKvq89egFOs-k9Y3YN6AVMxw8
1j5RrD-324T5alXV_dDRISA4rEkeQe-_o,dl-57-1966.txt,02 — Leis & Jurisprudência/2.4 Federal e Constituição,1vOw1BFccKvq89egFOs-k9Y3YN6AVMxw8
1ankJJd8hGGINab_FUPdFbjBoFEO-ebEv,"LEI Nº 9.514, DE 20 DE NOVEMBRO DE 1997.pdf",02 — Leis & Jurisprudência/2.4 Federal e Constituição,1vOw1BFccKvq89egFOs-k9Y3YN6AVMxw8
1gPnYPi-3kjMvk85dAJ7Asp2pcoPATesj,"Art. 156 da Constituição Federal, de 1988.pdf",02 — Leis & Jurisprudência/2.4 Federal e Constituição,1vOw1BFccKvq89egFOs-k9Y3YN6AVMxw8
1jrIjLb8kjqTpRHC0WAFMIGP_5zSHO7Ls,"Código Tributário Nacional LEI Nº 5.172, DE 25 DE OUTUBRO DE 1966.pdf",02 — Leis & Jurisprudência/2.4 Federal e Constituição,1vOw1BFccKvq89egFOs-k9Y3YN6AVMxw8
16ELdzUPdLmRQ4b-Ux_QVD60q4XFFQdCT,Cartilha Estatuto da Cidade 10 anos.pdf,02 — Leis & Jurisprudência/2.4 Federal e Constituição,1vOw1BFccKvq89egFOs-k9Y3YN6AVMxw8
1jCeAaRZjLtUub3gAoycOOb8Keii-Ymia,Lcp 227.pdf,02 — Leis & Jurisprudência/2.4 Federal e Constituição,1vOw1BFccKvq89egFOs-k9Y3YN6AVMxw8
1eIc406loOGeRdvnCxGXYSe6bnr0wFMk4,L6938.pdf,02 — Leis & Jurisprudência/2.4 Federal e Constituição,1vOw1BFccKvq89egFOs-k9Y3YN6AVMxw8
1XiAq9CmY7dQZLPTSa2wY1i1jkraCNV2O,L12651.pdf,02 — Leis & Jurisprudência/2.4 Federal e Constituição,1vOw1BFccKvq89egFOs-k9Y3YN6AVMxw8
1TNDxjtBm4ruAdBrYmroQwlsoNoVB11Vm,DECRETO Nº 52.884 DE 28 DE DEZEMBRO DE 2011 « Catálogo de Legislação Municipal.pdf,02 — Leis & Jurisprudência/2.5 Infralegal,1nb5IfAduzafEznk-qvefXm_zyIcR_ewI
1qDGqUnJ4wQYmEMrpWLqPzY0so8qiilB4,DECRETO Nº 63.698 DE 27 DE AGOSTO DE 2024 « Catálogo de Legislação Municipal - Copia.pdf,02 — Leis & Jurisprudência/2.5 Infralegal,1nb5IfAduzafEznk-qvefXm_zyIcR_ewI
1rt_LEy7INQmohKFvcTpfmqZPE9bfbHnz,DECRETO Nº 63.698 DE 27 DE AGOSTO DE 2024 « Catálogo de Legislação Municipal.pdf,02 — Leis & Jurisprudência/2.5 Infralegal,1nb5IfAduzafEznk-qvefXm_zyIcR_ewI
1upT7KQ2GMacQc-0uFS-rxM-ec_O48A1i,Anexo Único do Decreto 52.884_2011.pdf,02 — Leis & Jurisprudência/2.5 Infralegal,1nb5IfAduzafEznk-qvefXm_zyIcR_ewI
1O9xarXPHT1EbPJUxMyOpkYf4DjKSSJpo,DECRETO Nº 60.939 DE 23 DE DEZEMBRO DE 2021 « Catálogo de Legislação Municipal.pdf,02 — Leis & Jurisprudência/2.5 Infralegal,1nb5IfAduzafEznk-qvefXm_zyIcR_ewI
13ejOZxiVBL5CsLbJ8AagcEP0zeCubesl,DECRETO Nº 57.770 DE 3 DE JULHO DE 2017 « Catálogo de Legislação Municipal.pdf,02 — Leis & Jurisprudência/2.5 Infralegal,1nb5IfAduzafEznk-qvefXm_zyIcR_ewI
1t3mMUiNvGmgJMaKOrSvO_ciSQQiZw3K6,INSTRUÇÃO NORMATIVA SECRETARIA MUNICIPAL DA FAZENDA - SF_SUREM Nº 14 DE 18 DE DEZEMBRO DE 2020 « Catálogo de Legislação Municipal.pdf,02 — Leis & Jurisprudência/2.5 Infralegal,1nb5IfAduzafEznk-qvefXm_zyIcR_ewI
1M1_6mMjV7IsYWXSt-4xSf7Pn0tNrl8Mh,INSTRUÇÃO NORMATIVA SECRETARIA MUNICIPAL DA FAZENDA - SF_SUREM Nº 2 DE 10 DE MARÇO DE 2020 « Catálogo de Legislação Municipal.pdf,02 — Leis & Jurisprudência/2.5 Infralegal,1nb5IfAduzafEznk-qvefXm_zyIcR_ewI
1kEyFmkI_08vuDnIpmM9UjaQYa5rB0E2V,INSTRUÇÃO NORMATIVA SECRETARIA MUNICIPAL DA FAZENDA - SF_SUREM Nº 10 DE 4 DE DEZEMBRO DE 2019 « Catálogo de Legislação Municipal.pdf,02 — Leis & Jurisprudência/2.5 Infralegal,1nb5IfAduzafEznk-qvefXm_zyIcR_ewI
1lk_nv-Ksa-LYLZ4k8eoQC2FstySQW_JK,DECRETO Nº 60.939 de 23 de Dezembro de 2021.pdf,02 — Leis & Jurisprudência/2.5 Infralegal,1nb5IfAduzafEznk-qvefXm_zyIcR_ewI
1sP4PPjXg2P0SISeAilJtbCpkVXLR7Zk8,DECRETO Nº 58.592 de 27 de Dezembro de 2018.pdf,02 — Leis & Jurisprudência/2.5 Infralegal,1nb5IfAduzafEznk-qvefXm_zyIcR_ewI
14BGpfJXZ1Mmh86b2jIAcVUeEPg7MVFZf,DECRETO Nº 56.954 de 28 de Abril de 2016.pdf,02 — Leis & Jurisprudência/2.5 Infralegal,1nb5IfAduzafEznk-qvefXm_zyIcR_ewI
19HZwxFWXs12CImZxpWHw-PQmKnt_6ctB,DECRETO Nº 63.698 de 27 de Agosto de 2024.pdf,02 — Leis & Jurisprudência/2.5 Infralegal,1nb5IfAduzafEznk-qvefXm_zyIcR_ewI
15tPipqJEgwWcI4hnHkUsV4kR4XAjVHlD,DECRETO Nº 52.884 de 28 de Dezembro de 2011.pdf,02 — Leis & Jurisprudência/2.5 Infralegal,1nb5IfAduzafEznk-qvefXm_zyIcR_ewI
1XwbeX64SbWTeAIdRotqmFydZAa6FcPPs,Anexo V do Decreto 58.289_2018.pdf,02 — Leis & Jurisprudência/2.5 Infralegal,1nb5IfAduzafEznk-qvefXm_zyIcR_ewI
1vJxueY0EQljJXYbFmYEVUwfIfJUvjSgc,DECRETO Nº 57.565 DE 27 DE DEZEMBRO DE 2016 « Catálogo de Legislação Municipal.pdf,02 — Leis & Jurisprudência/2.5 Infralegal,1nb5IfAduzafEznk-qvefXm_zyIcR_ewI
1lixqSHNwb-fKnHWkst1upJfr2KbeqpIx,"decreto n.59.263, de 05.06.2013.pdf",02 — Leis & Jurisprudência/2.5 Infralegal,1nb5IfAduzafEznk-qvefXm_zyIcR_ewI
1HXYX0i3UXRFVYK1AuBNAaWO-bUPW9zs0,Portaria CAT 15 de 2003.pdf,02 — Leis & Jurisprudência/2.5 Infralegal,1nb5IfAduzafEznk-qvefXm_zyIcR_ewI
16XJbm0jcR0HTH6MSoorxBd7hG460n1-r,08-25 - Complementação e detalhamento da Resolução 02-24 - MAPA.pdf,02 — Leis & Jurisprudência/2.5 Infralegal,1nb5IfAduzafEznk-qvefXm_zyIcR_ewI
1NuYXYCCZQP57ZQelQKRRiKZE7Ia5zIdU,Re0716RegulamentacaoProcedimentosRegistroBensImateriaisPDF_1457716829.pdf,02 — Leis & Jurisprudência/2.5 Infralegal,1nb5IfAduzafEznk-qvefXm_zyIcR_ewI
1FWmrt0H7HOZPrrYZ3fPCZ7Pft8Cdekjb,Resolucao 04 CONSPRESP 2023.pdf,02 — Leis & Jurisprudência/2.5 Infralegal,1nb5IfAduzafEznk-qvefXm_zyIcR_ewI
1yjYHBnrliWwbbQ8NTMIQe4p2JkO6TuKJ,Resolucao 04 CONSPRESP 2023 - MAPA.pdf,02 — Leis & Jurisprudência/2.5 Infralegal,1nb5IfAduzafEznk-qvefXm_zyIcR_ewI
1SIdZHRjL0SKcGW139JTyJOCqfFePP20E,Resolucao 07-23_Quadro III.pdf,02 — Leis & Jurisprudência/2.5 Infralegal,1nb5IfAduzafEznk-qvefXm_zyIcR_ewI
1ADStSbYhp9byERMW2vvEBuLuuAvxG1Mb,Anexo I do Decreto 58_289_2018.pdf,02 — Leis & Jurisprudência/2.5 Infralegal,1nb5IfAduzafEznk-qvefXm_zyIcR_ewI
1jeKokg0iyJMq1vCWNvboNRS099FjpwnY,03-22 - Detalhamento da Resolução 22-2002 - para página.pdf,02 — Leis & Jurisprudência/2.5 Infralegal,1nb5IfAduzafEznk-qvefXm_zyIcR_ewI
1JzTQwiQNPdHClXsJ2hejub2Yd2ihJAwN,01-24_-_regulamentao_da_implantao_de_estao_rdio-base_erb_-_rerratificada_-_pgina_1_1715872319.pdf,02 — Leis & Jurisprudência/2.5 Infralegal,1nb5IfAduzafEznk-qvefXm_zyIcR_ewI
16MqsmItsvYOKy5mAUE_zmtl8G2-NLaY2,19-25 - Revisão da Resolução 05-2020 - Página.pdf,02 — Leis & Jurisprudência/2.5 Infralegal,1nb5IfAduzafEznk-qvefXm_zyIcR_ewI
1ANmGCiBvvK40j5Y8wBV6iWq05sYjzfNU,08-25 - Complementação e detalhamento da Resolução 02-24 - Página.pdf,02 — Leis & Jurisprudência/2.5 Infralegal,1nb5IfAduzafEznk-qvefXm_zyIcR_ewI
1jgXGfKPQ4vMsKL4G9Kl6brjBhalojYeE,08-25 - Complementação e detalhamento da Resolução 02-24 - QUADRO 1.pdf,02 — Leis & Jurisprudência/2.5 Infralegal,1nb5IfAduzafEznk-qvefXm_zyIcR_ewI
1mdRC13p9TYhV3sVazkCS6hvEWd41ld61,08-25 - Complementação e detalhamento da Resolução 02-24 - QUADRO II.pdf,02 — Leis & Jurisprudência/2.5 Infralegal,1nb5IfAduzafEznk-qvefXm_zyIcR_ewI
1wtiIZEefkc9INY4xYx287Fe6yvqjCiyD,Resolucao 07-23_Quadro I.pdf,02 — Leis & Jurisprudência/2.5 Infralegal,1nb5IfAduzafEznk-qvefXm_zyIcR_ewI
1TbKRJBdxv2HvzdcsMmOfOOzCNWlRtpkE,Resolucao 07-23_Quadro II.pdf,02 — Leis & Jurisprudência/2.5 Infralegal,1nb5IfAduzafEznk-qvefXm_zyIcR_ewI
1vHojOn-1-92kYQ12wiD8puiP24mwcykn,manual de licenciamento de projetos.pdf,02 — Leis & Jurisprudência/2.5 Infralegal,1nb5IfAduzafEznk-qvefXm_zyIcR_ewI
1-bQT2Ko7aC7PscGKJwMxN4yQgh9RJqCG,ARQUIP _ DOSP - 149729786 - Portaria.pdf,02 — Leis & Jurisprudência/2.5 Infralegal,1nb5IfAduzafEznk-qvefXm_zyIcR_ewI
1wgmDArNgFALh0RypRZnT45pk6XcSKRVd,ARQUIP _ DOSP - 148669538 - Decreto.pdf,02 — Leis & Jurisprudência/2.5 Infralegal,1nb5IfAduzafEznk-qvefXm_zyIcR_ewI
1CYAD8JIelwJRRMhJ33CYMb_Ra5lA_-NA,ARQUIP _ DOSP - 105163385 - Decreto.pdf,02 — Leis & Jurisprudência/2.5 Infralegal,1nb5IfAduzafEznk-qvefXm_zyIcR_ewI
1uPBliLcqm0tLc4rSVt_WQBKtAdxNJ-BK,DECRETO Nº 61.137 DE 10 DE MARÇO DE 2022 « Catálogo de Legislação Municipal.pdf,02 — Leis & Jurisprudência/2.5 Infralegal,1nb5IfAduzafEznk-qvefXm_zyIcR_ewI
1cbyfF-eRsgMZdzfPruMXkBKoe_-fDTcQ,DECRETO Nº 58.094 DE 21 DE FEVEREIRO DE 2018 « Catálogo de Legislação Municipal.pdf,02 — Leis & Jurisprudência/2.5 Infralegal,1nb5IfAduzafEznk-qvefXm_zyIcR_ewI
1lfqvnfC8mG_fFJhdk0u_FMNwqCjFLT1b,DECRETO Nº 59.164 DE 27 DE DEZEMBRO DE 2019 « Catálogo de Legislação Municipal.pdf,02 — Leis & Jurisprudência/2.5 Infralegal,1nb5IfAduzafEznk-qvefXm_zyIcR_ewI
1p-3BdWwkmA0V2kTmR-R98f2zq1KCqaNQ,DECRETO Nº 59.163 DE 27 DE DEZEMBRO DE 2019 « Catálogo de Legislação Municipal.pdf,02 — Leis & Jurisprudência/2.5 Infralegal,1nb5IfAduzafEznk-qvefXm_zyIcR_ewI
1kJOU1pq-OEzwdj0p5FUUC-llE_0MltkT,DECRETO Nº 59.671 DE 7 DE AGOSTO DE 2020 « Catálogo de Legislação Municipal.pdf,02 — Leis & Jurisprudência/2.5 Infralegal,1nb5IfAduzafEznk-qvefXm_zyIcR_ewI
1LZWeHQeNOVnv2SonFbA931_98pJMl2pQ,DECRETO Nº 58.028 DE 11 DE DEZEMBRO DE 2017 « Catálogo de Legislação Municipal.pdf,02 — Leis & Jurisprudência/2.5 Infralegal,1nb5IfAduzafEznk-qvefXm_zyIcR_ewI
1Eg2RUyTRfEgRT7gj25Dn3h8yaJgiDkw7,DECRETO Nº 57.521 DE 9 DE DEZEMBRO DE 2016 « Catálogo de Legislação Municipal.pdf,02 — Leis & Jurisprudência/2.5 Infralegal,1nb5IfAduzafEznk-qvefXm_zyIcR_ewI
19LgdlZN-IXDnfjqV8yIwIGWgHb3T16Ch,Anexo_2024-06501-00.pdf,02 — Leis & Jurisprudência/2.5 Infralegal,1nb5IfAduzafEznk-qvefXm_zyIcR_ewI
1USVfYQgBZ3q3nmXdDyZmcYck1RQ9wDRj,DECRETO Nº 57.776 DE 7 DE JULHO DE 2017 « Catálogo de Legislação Municipal.pdf,02 — Leis & Jurisprudência/2.5 Infralegal,1nb5IfAduzafEznk-qvefXm_zyIcR_ewI
1izK9BSgEyfrqwk6lWBlAPhwRYanyuX3_,PORTARIA SECRETARIA MUNICIPAL DE LICENCIAMENTO - SEL Nº 15 DE 2 DE MAIO DE 2016 « Catálogo de Legislação Municipal.pdf,02 — Leis & Jurisprudência/2.5 Infralegal,1nb5IfAduzafEznk-qvefXm_zyIcR_ewI
1voo0ZYEdgNLR55vBaQa5IVWyfX6XYWcY,PORTARIA SECRETARIA MUNICIPAL DE LICENCIAMENTO - SEL Nº 1 DE 8 DE JANEIRO DE 2020 « Catálogo de Legislação Municipal.pdf,02 — Leis & Jurisprudência/2.5 Infralegal,1nb5IfAduzafEznk-qvefXm_zyIcR_ewI
15gsiCqILtwH8-nG3IuA-eqXpg2vXJn8W,PORTARIA SECRETARIA MUNICIPAL DE COORDENAÇÃO DAS SUBPREFEITURAS - SMSP Nº 20 DE 3 DE MAIO DE 2016 « Catálogo de Legislação Municipal.pdf,02 — Leis & Jurisprudência/2.5 Infralegal,1nb5IfAduzafEznk-qvefXm_zyIcR_ewI
1fD7wIU7bRBXDhoCUw4hhU-pPCq47HIEx,DECRETO Nº 63.423 DE 21 DE MAIO DE 2024 « Catálogo de Legislação Municipal.pdf,02 — Leis & Jurisprudência/2.5 Infralegal,1nb5IfAduzafEznk-qvefXm_zyIcR_ewI
1NaejVn7PWGPYRaMyx43tjn51GpNV9lLL,DECRETO Nº 62.175 DE 24 DE FEVEREIRO DE 2023 « Catálogo de Legislação Municipal.pdf,02 — Leis & Jurisprudência/2.5 Infralegal,1nb5IfAduzafEznk-qvefXm_zyIcR_ewI
1JTAOjP6OrBhZjFuXh9jgWzmONzY8j0KC,DECRETO Nº 61.218 DE 6 DE ABRIL DE 2022 « Catálogo de Legislação Municipal.pdf,02 — Leis & Jurisprudência/2.5 Infralegal,1nb5IfAduzafEznk-qvefXm_zyIcR_ewI
1nN-ZQkSpGQPS3jUHoCV_-htldsN1s13t,DECRETO Nº 63.728 DE 10 DE SETEMBRO DE 2024 « Catálogo de Legislação Municipal.pdf,02 — Leis & Jurisprudência/2.5 Infralegal,1nb5IfAduzafEznk-qvefXm_zyIcR_ewI
1PUq3IVyY9vDBvJk2LPVWQELIGUXcBSPW,DECRETO Nº 63.437 DE 23 DE MAIO DE 2024 « Catálogo de Legislação Municipal.pdf,02 — Leis & Jurisprudência/2.5 Infralegal,1nb5IfAduzafEznk-qvefXm_zyIcR_ewI
1grkJi7cprZ6hO7wuaajxuczgNksGsogN,DECRETO Nº 64.018 DE 30 DE JANEIRO DE 2025 « Catálogo de Legislação Municipal.pdf,02 — Leis & Jurisprudência/2.5 Infralegal,1nb5IfAduzafEznk-qvefXm_zyIcR_ewI
1UyAIgcDL-mCoptCc7lfkGqdsZaV1Knzg,INSTRUÇÃO NORMATIVA SECRETARIA MUNICIPAL DE LICENCIAMENTO - SEL Nº 6 DE 4 DE DEZEMBRO DE 2020 « Catálogo de Legislação Municipal.pdf,02 — Leis & Jurisprudência/2.5 Infralegal,1nb5IfAduzafEznk-qvefXm_zyIcR_ewI
1QpzghHXhuXTcDY_FhzasyGLuhQvbPaVa,DECRETO Nº 58.176 DE 3 DE ABRIL DE 2018 « Catálogo de Legislação Municipal.pdf,02 — Leis & Jurisprudência/2.5 Infralegal,1nb5IfAduzafEznk-qvefXm_zyIcR_ewI
1zCjN_PtAyiVG6w3rFGar_XoH1jCytJqT,DECRETO Nº 58.707 DE 8 DE ABRIL DE 2019 « Catálogo de Legislação Municipal.pdf,02 — Leis & Jurisprudência/2.5 Infralegal,1nb5IfAduzafEznk-qvefXm_zyIcR_ewI
1nRlg9QQOIhDf5JFR33Qwo4bJR2U55qzL,DECRETO Nº 58.955 DE 20 DE SETEMBRO DE 2019 « Catálogo de Legislação Municipal.pdf,02 — Leis & Jurisprudência/2.5 Infralegal,1nb5IfAduzafEznk-qvefXm_zyIcR_ewI
1sxEJFp35kRHUtRNQAKDgbmncywSPsnsC,DECRETO Nº 59.886 DE 4 DE NOVEMBRO DE 2020 « Catálogo de Legislação Municipal.pdf,02 — Leis & Jurisprudência/2.5 Infralegal,1nb5IfAduzafEznk-qvefXm_zyIcR_ewI
1gc737AIUz31BK5xu_FOtI0WPxiLGhR1c,DECRETO Nº 60.581 DE 27 DE SETEMBRO DE 2021 « Catálogo de Legislação Municipal.pdf,02 — Leis & Jurisprudência/2.5 Infralegal,1nb5IfAduzafEznk-qvefXm_zyIcR_ewI
1UOJLuP_iP2TsDQirL8pikJozHKbkl5rC,DECRETO Nº 57.299 DE 8 DE SETEMBRO DE 2016 « Catálogo de Legislação Municipal.pdf,02 — Leis & Jurisprudência/2.5 Infralegal,1nb5IfAduzafEznk-qvefXm_zyIcR_ewI
1PieuCjPGrWio22UwcYEmGR33JM58OHEx,DECRETO Nº 57.443 DE 10 DE NOVEMBRO DE 2016 « Catálogo de Legislação Municipal.pdf,02 — Leis & Jurisprudência/2.5 Infralegal,1nb5IfAduzafEznk-qvefXm_zyIcR_ewI
1qONx6VZ5LZ13DxLEUqIp_K0RtDNz4iKz,DECRETO Nº 63.999 DE 30 DE DEZEMBRO DE 2024 « Catálogo de Legislação Municipal.pdf,02 — Leis & Jurisprudência/2.5 Infralegal,1nb5IfAduzafEznk-qvefXm_zyIcR_ewI
1R0cxJDEUYQI3OoIxv9wYEexcGYNOb7Qy,DECRETO Nº 63.504 DE 14 DE JUNHO DE 2024 « Catálogo de Legislação Municipal.pdf,02 — Leis & Jurisprudência/2.5 Infralegal,1nb5IfAduzafEznk-qvefXm_zyIcR_ewI
1hLFR5EZWVUOi4rS9gMvkynudDLjUekFk,DECRETO Nº 57.536 DE 15 DE DEZEMBRO DE 2016 « Catálogo de Legislação Municipal.pdf,02 — Leis & Jurisprudência/2.5 Infralegal,1nb5IfAduzafEznk-qvefXm_zyIcR_ewI
1O6swdMMqOCE86d3EllLWcGLws0JMZU6a,D57536.pdf,02 — Leis & Jurisprudência/2.5 Infralegal,1nb5IfAduzafEznk-qvefXm_zyIcR_ewI
1Z0-VXpyI2N75p5AX5M29x00d29QhJgYj,stj-sumula-614.txt,02 — Leis & Jurisprudência/2.6 Jurisprudência,1Aw4KZCV5rXjI_bGr7raOlnUqBNQkO1q4
1ILg9qx3rhXYihnmmnbXAPaNz41SePXm2,stj-sumula-626.txt,02 — Leis & Jurisprudência/2.6 Jurisprudência,1Aw4KZCV5rXjI_bGr7raOlnUqBNQkO1q4
1hsghLM4xRzDsK6TwQSAUQBGuB_bReY4J,stj-sumula-481.txt,02 — Leis & Jurisprudência/2.6 Jurisprudência,1Aw4KZCV5rXjI_bGr7raOlnUqBNQkO1q4
1iBpmCnBJOYp_y0JxmpyYAdOzMttnX5XB,stj-sumula-397.txt,02 — Leis & Jurisprudência/2.6 Jurisprudência,1Aw4KZCV5rXjI_bGr7raOlnUqBNQkO1q4
1H78eGfdDxqZWnaovVOT5Ti-iOF1ZOm6R,stj-sumula-409.txt,02 — Leis & Jurisprudência/2.6 Jurisprudência,1Aw4KZCV5rXjI_bGr7raOlnUqBNQkO1q4
1f_MhNua3iayhYldeKkupn7jMm-lQNv6I,stj-sumula-392.txt,02 — Leis & Jurisprudência/2.6 Jurisprudência,1Aw4KZCV5rXjI_bGr7raOlnUqBNQkO1q4
1pvR82OftqEem5UUR7tzjhR_uIDXX55g1,stj-sumula-399.txt,02 — Leis & Jurisprudência/2.6 Jurisprudência,1Aw4KZCV5rXjI_bGr7raOlnUqBNQkO1q4
1NTrU8aaRPqCmj66rRVb3ose6IhZCEVII,stj-sumula-393.txt,02 — Leis & Jurisprudência/2.6 Jurisprudência,1Aw4KZCV5rXjI_bGr7raOlnUqBNQkO1q4
1DgHWFolqVY7PW_f5l8nH_fwwea__c4H8,stj-sumula-314.txt,02 — Leis & Jurisprudência/2.6 Jurisprudência,1Aw4KZCV5rXjI_bGr7raOlnUqBNQkO1q4
19rf0bvgRUPA-12F5qGKLxLNhdK0KKSH6,stj-resp-1658054.txt,02 — Leis & Jurisprudência/2.6 Jurisprudência,1Aw4KZCV5rXjI_bGr7raOlnUqBNQkO1q4
15oPSue6cBDY1J0aafZ3E4eSmtp6i-uQK,stj-resp-1645832.txt,02 — Leis & Jurisprudência/2.6 Jurisprudência,1Aw4KZCV5rXjI_bGr7raOlnUqBNQkO1q4
1qhx8x8hFHsjsSVFrEtAL2IrMAcHHVYZ8,stj-resp-1202136.txt,02 — Leis & Jurisprudência/2.6 Jurisprudência,1Aw4KZCV5rXjI_bGr7raOlnUqBNQkO1q4
1bX1m_2jP0-fupWCwZUd8SCa8jYIIaSp0,stj-resp-1130545.txt,02 — Leis & Jurisprudência/2.6 Jurisprudência,1Aw4KZCV5rXjI_bGr7raOlnUqBNQkO1q4
1yNTpkrckg7JjwwhSku5R-syW0bUKlCOH,stf-tema-1084 (1).txt,02 — Leis & Jurisprudência/2.6 Jurisprudência,1Aw4KZCV5rXjI_bGr7raOlnUqBNQkO1q4
1bnw3318xqRO870YRmk_y9ZLTC0alyojz,stf-tema-1084 (2).txt,02 — Leis & Jurisprudência/2.6 Jurisprudência,1Aw4KZCV5rXjI_bGr7raOlnUqBNQkO1q4
1cOFKubKC3PEePzO-tAbrHB-6ccjVA8yZ,stj-resp-1112646.txt,02 — Leis & Jurisprudência/2.6 Jurisprudência,1Aw4KZCV5rXjI_bGr7raOlnUqBNQkO1q4
13y1InqQDm4sabuFFdm-X2WYKyXmM5ekE,stf-tema-1084.txt,02 — Leis & Jurisprudência/2.6 Jurisprudência,1Aw4KZCV5rXjI_bGr7raOlnUqBNQkO1q4
1sxwpkwv9Zyjm8mVKzdTwzEoF3eBdgZgB,stf-tema-523 (1).txt,02 — Leis & Jurisprudência/2.6 Jurisprudência,1Aw4KZCV5rXjI_bGr7raOlnUqBNQkO1q4
1CabM7_WkIMQpAOQY8vp9cctE5KCRTyOC,stf-tema-1020.txt,02 — Leis & Jurisprudência/2.6 Jurisprudência,1Aw4KZCV5rXjI_bGr7raOlnUqBNQkO1q4
185aNsrl-imv65InLqilRtVSKjm3MCJkQ,stf-tema-1020 (2).txt,02 — Leis & Jurisprudência/2.6 Jurisprudência,1Aw4KZCV5rXjI_bGr7raOlnUqBNQkO1q4
1I8hJa-p6LejAxMdzcS3zwuekaX5g1VLW,stf-tema-523.txt,02 — Leis & Jurisprudência/2.6 Jurisprudência,1Aw4KZCV5rXjI_bGr7raOlnUqBNQkO1q4
12yID6_KDzJ4N83B0pCXjOWC8KSHy7T0F,stf-tema-1020 (1).txt,02 — Leis & Jurisprudência/2.6 Jurisprudência,1Aw4KZCV5rXjI_bGr7raOlnUqBNQkO1q4
1kR1qbgvn8xi5gDSXcy69FTdSvNIaBUSp,stf-tema-155.txt,02 — Leis & Jurisprudência/2.6 Jurisprudência,1Aw4KZCV5rXjI_bGr7raOlnUqBNQkO1q4
1K53ehPuflJIUqPrGLRq9vdFyKk_YGJeP,stf-tema-523 (2).txt,02 — Leis & Jurisprudência/2.6 Jurisprudência,1Aw4KZCV5rXjI_bGr7raOlnUqBNQkO1q4
1594U0HVb7XEmvA4TIO9-qShC6kqlxayS,stf-tema-155 (2).txt,02 — Leis & Jurisprudência/2.6 Jurisprudência,1Aw4KZCV5rXjI_bGr7raOlnUqBNQkO1q4
1XNoWqGwVQywCT73FxPBAjZNLX8TgL2o9,stf-tema-155 (1).txt,02 — Leis & Jurisprudência/2.6 Jurisprudência,1Aw4KZCV5rXjI_bGr7raOlnUqBNQkO1q4
1PbLdXi4Yg1jZIHJ0R_rtK99IxoyotI0k,stf-tema-94.txt,02 — Leis & Jurisprudência/2.6 Jurisprudência,1Aw4KZCV5rXjI_bGr7raOlnUqBNQkO1q4
11IbxLz-nUiol2qhZbXPbF4C-_Dwvl4Y4,stf-tema-94 (2).txt,02 — Leis & Jurisprudência/2.6 Jurisprudência,1Aw4KZCV5rXjI_bGr7raOlnUqBNQkO1q4
1DyRduyd8wLTGtrVdJRH_B3hW5RVxGPuv,stf-sv-19.txt,02 — Leis & Jurisprudência/2.6 Jurisprudência,1Aw4KZCV5rXjI_bGr7raOlnUqBNQkO1q4
1lJcApFuMJM1m8Dxhe9qc4lVdo25qcVVi,stf-tema-94 (1).txt,02 — Leis & Jurisprudência/2.6 Jurisprudência,1Aw4KZCV5rXjI_bGr7raOlnUqBNQkO1q4
1UUH5feKumfLjaRHNVXuuJ5iWSu98omRH,stf-sumula-668.txt,02 — Leis & Jurisprudência/2.6 Jurisprudência,1Aw4KZCV5rXjI_bGr7raOlnUqBNQkO1q4
11ZDVwqRPxVk6yPLFCM0GYib1ubLW2587,stf-sv-19 (2).txt,02 — Leis & Jurisprudência/2.6 Jurisprudência,1Aw4KZCV5rXjI_bGr7raOlnUqBNQkO1q4
1vfi39m0QNpBV7NxboRGChtHhAUM-ymVI,stf-sv-19 (1).txt,02 — Leis & Jurisprudência/2.6 Jurisprudência,1Aw4KZCV5rXjI_bGr7raOlnUqBNQkO1q4
18DHBwgqGrAaxsj9l09x5nuqFl6gvpZwH,stf-sumula-724 (2).txt,02 — Leis & Jurisprudência/2.6 Jurisprudência,1Aw4KZCV5rXjI_bGr7raOlnUqBNQkO1q4
1zJXKwtR3mTjuzR06CW78FYO9kod4i4lt,stf-sumula-724.txt,02 — Leis & Jurisprudência/2.6 Jurisprudência,1Aw4KZCV5rXjI_bGr7raOlnUqBNQkO1q4
1I6msIG4xWfhKgJFSG2VMp5kU2p1Ms770,stf-sumula-670.txt,02 — Leis & Jurisprudência/2.6 Jurisprudência,1Aw4KZCV5rXjI_bGr7raOlnUqBNQkO1q4
1bEBJrLDRgnNcR-lGkBq23n1eF1-XNBLM,stf-sumula-724 (1).txt,02 — Leis & Jurisprudência/2.6 Jurisprudência,1Aw4KZCV5rXjI_bGr7raOlnUqBNQkO1q4
14Nq6I2YlHrQbUtmTTG2QHDKp7gdeBtvN,stf-sumula-670 (2).txt,02 — Leis & Jurisprudência/2.6 Jurisprudência,1Aw4KZCV5rXjI_bGr7raOlnUqBNQkO1q4
1y-DTBpeX6qHq4cfLbS822pRhLNYWQUMz,stf-sumula-670 (1).txt,02 — Leis & Jurisprudência/2.6 Jurisprudência,1Aw4KZCV5rXjI_bGr7raOlnUqBNQkO1q4
1jojd4A3qvF0qSnw1KBZ318mt8csLjNc6,stf-sumula-589.txt,02 — Leis & Jurisprudência/2.6 Jurisprudência,1Aw4KZCV5rXjI_bGr7raOlnUqBNQkO1q4
1GD9PH2cL9wIm1bMUgjlymQCpHYUdBkS3,stf-sumula-668 (1).txt,02 — Leis & Jurisprudência/2.6 Jurisprudência,1Aw4KZCV5rXjI_bGr7raOlnUqBNQkO1q4
13pyQ0xKDyphWlSJCBBhktxAlCGssjdIb,stf-sumula-668 (2).txt,02 — Leis & Jurisprudência/2.6 Jurisprudência,1Aw4KZCV5rXjI_bGr7raOlnUqBNQkO1q4
1D28Od_TpjJa31RJb9kyHYlPb2ULyytXC,stf-sumula-589 (2).txt,02 — Leis & Jurisprudência/2.6 Jurisprudência,1Aw4KZCV5rXjI_bGr7raOlnUqBNQkO1q4
1L16ZacFYfv4_ABclZe64zOj761m_PK9d,stf-sumula-539.txt,02 — Leis & Jurisprudência/2.6 Jurisprudência,1Aw4KZCV5rXjI_bGr7raOlnUqBNQkO1q4
1kTZFvh7M57bN8aCavgEYTKPJQy0xOwqa,stf-sumula-589 (1).txt,02 — Leis & Jurisprudência/2.6 Jurisprudência,1Aw4KZCV5rXjI_bGr7raOlnUqBNQkO1q4
1B4qqNtC1R6hUjgj1Ilc-Xhbp_FM145Lz,stf-sumula-539 (3).txt,02 — Leis & Jurisprudência/2.6 Jurisprudência,1Aw4KZCV5rXjI_bGr7raOlnUqBNQkO1q4
1c9sDXAUsHHWjd-Z01vVmmKyHDl5zxqqf,stf-sumula-539 (5).txt,02 — Leis & Jurisprudência/2.6 Jurisprudência,1Aw4KZCV5rXjI_bGr7raOlnUqBNQkO1q4
1LqHz7kHG-SyqEh4R795mQoQXBUL1FDoH,stf-sumula-539 (2).txt,02 — Leis & Jurisprudência/2.6 Jurisprudência,1Aw4KZCV5rXjI_bGr7raOlnUqBNQkO1q4
1jWoePqwVaOvpPsHb5PdFDgQ3SNr-4209,stf-sumula-539 (1).txt,02 — Leis & Jurisprudência/2.6 Jurisprudência,1Aw4KZCV5rXjI_bGr7raOlnUqBNQkO1q4
1FMH9asZA-sGC2Wkr0aORvGRhvAXRJ_0C,stf-sumula-539 (4).txt,02 — Leis & Jurisprudência/2.6 Jurisprudência,1Aw4KZCV5rXjI_bGr7raOlnUqBNQkO1q4
1700LFO3nSSADQxLorQrL7utMTBaroPdp,STF vai reiniciar caso de IPTU sobre imóveis de serviço essencial.pdf,02 — Leis & Jurisprudência/2.6 Jurisprudência,1Aw4KZCV5rXjI_bGr7raOlnUqBNQkO1q4
1ZwsVFcClncSUaYLCQSDc1u0fX2m8unDY,Jurisprudência do STF sobre IPTU nos contratos de concessão de serviços públicos.pdf,02 — Leis & Jurisprudência/2.6 Jurisprudência,1Aw4KZCV5rXjI_bGr7raOlnUqBNQkO1q4
1Gh_J3eJamRTXWv4cbuwiyeUTa0zOCMMQ,Fisco não pode revisar lançamento com base em fatos já conhecidos.pdf,02 — Leis & Jurisprudência/2.6 Jurisprudência,1Aw4KZCV5rXjI_bGr7raOlnUqBNQkO1q4
1clixZA0K8CCoLMiF-a-YWsYKDGWS2jWG,Jeronimo Dix-Neuf Rosado dos Santos.pdf,02 — Leis & Jurisprudência/2.6 Jurisprudência,1Aw4KZCV5rXjI_bGr7raOlnUqBNQkO1q4
1hqUzM2g711wKWJifI-B83S8tJFc_8UG-,ARQUIP _ DOSP - 156981397 - Decisão.pdf,02 — Leis & Jurisprudência/2.6 Jurisprudência,1Aw4KZCV5rXjI_bGr7raOlnUqBNQkO1q4
13X9l_5SmJSBqAmkOvlEZVDElYV2pbwnQ,ARQUIP _ DOSP - 155292571 - Decisão.pdf,02 — Leis & Jurisprudência/2.6 Jurisprudência,1Aw4KZCV5rXjI_bGr7raOlnUqBNQkO1q4
1ED-kDue-Cc3fECCZAPWakoFqqWacC-mn,STJ - Precedentes Qualificados.pdf,02 — Leis & Jurisprudência/2.6 Jurisprudência,1Aw4KZCV5rXjI_bGr7raOlnUqBNQkO1q4
1xie8VKkSo_oP5sZ1MMYjG7q2wn2pl-0d,dados de advogado.pdf,02 — Leis & Jurisprudência/2.6 Jurisprudência,1Aw4KZCV5rXjI_bGr7raOlnUqBNQkO1q4
1BAftD9AWl-XlNn8iynK6yBCgLlfBkjEU,49c99_22_T_Bairro_da_Bela_Vista.pdf,02 — Leis & Jurisprudência/2.6 Jurisprudência,1Aw4KZCV5rXjI_bGr7raOlnUqBNQkO1q4
1DjNzdv9DhebFkZ8rB6vSWDeuBJUJTIyk,d833c_05_TEO_89_itens (1).pdf,02 — Leis & Jurisprudência/2.6 Jurisprudência,1Aw4KZCV5rXjI_bGr7raOlnUqBNQkO1q4
1GRu3oAkqrUgbKnARw94xmLXcPN6S8Mm8,d833c_05_TEO_89_itens.pdf,02 — Leis & Jurisprudência/2.6 Jurisprudência,1Aw4KZCV5rXjI_bGr7raOlnUqBNQkO1q4
1cfD8qXsbhrF8K0rfvmqzJv-afnyFrpYT,ARQUIP _ DOSP - 107504220 - Lei.pdf,02 — Leis & Jurisprudência/2.6 Jurisprudência,1Aw4KZCV5rXjI_bGr7raOlnUqBNQkO1q4
15MZf-TB7tfLZokrJ-JHYM7nNHbjKVsa2,ARQUIP _ DOSP - 097088730 - Lei.pdf,02 — Leis & Jurisprudência/2.6 Jurisprudência,1Aw4KZCV5rXjI_bGr7raOlnUqBNQkO1q4
1C8sciB0TaLmgpbyEjR_UEYGoo5576U0-,Portal de Serviços e-SAJ6.pdf,02 — Leis & Jurisprudência/2.6 Jurisprudência,1Aw4KZCV5rXjI_bGr7raOlnUqBNQkO1q4
14jkVUB4_uiXF9VJ0OO2A8V4RHJR8czo3,Portal de Serviços e-SAJ5.pdf,02 — Leis & Jurisprudência/2.6 Jurisprudência,1Aw4KZCV5rXjI_bGr7raOlnUqBNQkO1q4
14z4do86ipEULjsYUMUp3qpmufgJQE2wy,Portal de Serviços e-SAJ3.pdf,02 — Leis & Jurisprudência/2.6 Jurisprudência,1Aw4KZCV5rXjI_bGr7raOlnUqBNQkO1q4
1QQoWH8O3AAwMS8p7GxGFKMYySK-i-qrd,Portal de Serviços e-SAJ2.pdf,02 — Leis & Jurisprudência/2.6 Jurisprudência,1Aw4KZCV5rXjI_bGr7raOlnUqBNQkO1q4
1_D6ONkTvbPshCxdcSezp8PhKxNNX92VU,Portal de Serviços e-SAJ.pdf,02 — Leis & Jurisprudência/2.6 Jurisprudência,1Aw4KZCV5rXjI_bGr7raOlnUqBNQkO1q4
11BR6tZ4zPXIcaIBeRRQz4P5D4j61RSgy,IPTU-TDC_stj-tema-1158.txt,02 — Leis & Jurisprudência/2.7 Doutrina-Estudos-Avaliação,1bU9Hl7HIFDS4BPokRalS3zs496ZNVMt1
1Y467rZEJ4XMTCVWHp6vGYLhiHTshh2cC,IPTU-TDC_stj-tema-262.txt,02 — Leis & Jurisprudência/2.7 Doutrina-Estudos-Avaliação,1bU9Hl7HIFDS4BPokRalS3zs496ZNVMt1
1unv2IGIh-d6L4fOC5BMjf_Yo2HcuJfbq,IPTU-TDC_stj-tema-1350.txt,02 — Leis & Jurisprudência/2.7 Doutrina-Estudos-Avaliação,1bU9Hl7HIFDS4BPokRalS3zs496ZNVMt1
1d8KUZh9aNeNympMGkPLirbMuoHGPoLFq,IPTU-TDC_stj-tema-566.txt,02 — Leis & Jurisprudência/2.7 Doutrina-Estudos-Avaliação,1bU9Hl7HIFDS4BPokRalS3zs496ZNVMt1
19QtvSOOJI1cwjalzNx4PghcPbJ4tbBWu,IPTU-TDC_stj-tema-174 (1).txt,02 — Leis & Jurisprudência/2.7 Doutrina-Estudos-Avaliação,1bU9Hl7HIFDS4BPokRalS3zs496ZNVMt1
1kM0REyUDnSQmd8y5l3yu8nuAVyP3F_Yt,IPTU-TDC_stj-tema-399.txt,02 — Leis & Jurisprudência/2.7 Doutrina-Estudos-Avaliação,1bU9Hl7HIFDS4BPokRalS3zs496ZNVMt1
1hn5EMuJSXk9OEDejiDAXkT642iHGHl6e,IPTU-TDC_stj-tema-1113.txt,02 — Leis & Jurisprudência/2.7 Doutrina-Estudos-Avaliação,1bU9Hl7HIFDS4BPokRalS3zs496ZNVMt1
17gTnZrKAXVrxRQA0wFHVmqcwBTwii6_J,IPTU-TDC_stj-tema-262 (1).txt,02 — Leis & Jurisprudência/2.7 Doutrina-Estudos-Avaliação,1bU9Hl7HIFDS4BPokRalS3zs496ZNVMt1
1JUK_uiInZdrdMNDKpXHA-h4GA2T8c_dv,IPTU-TDC_stj-tema-174.txt,02 — Leis & Jurisprudência/2.7 Doutrina-Estudos-Avaliação,1bU9Hl7HIFDS4BPokRalS3zs496ZNVMt1
1KwSD2SO6cxnMMlFLgVIaPd2dfi2yg3Xx,Município não deve cobrar IPTU retroativo sobre terreno.pdf,02 — Leis & Jurisprudência/2.7 Doutrina-Estudos-Avaliação,1bU9Hl7HIFDS4BPokRalS3zs496ZNVMt1
1AEmAZVFRZE_nn-si_4mn2iy_KqAMVjBU,IPTU sobre imóveis federais cedidos a concessionários.pdf,02 — Leis & Jurisprudência/2.7 Doutrina-Estudos-Avaliação,1bU9Hl7HIFDS4BPokRalS3zs496ZNVMt1
1NjN418uGT5qIxFVQHHXlc3VmHy32j44F,Inconstitucionalidade da cobrança de IPTU em concessões ferroviárias.pdf,02 — Leis & Jurisprudência/2.7 Doutrina-Estudos-Avaliação,1bU9Hl7HIFDS4BPokRalS3zs496ZNVMt1
1Hrof6KIDJYxa5jA3lsbhCPA-zkkCr6VP,Comprador de imóvel financiado é responsável pelo IPTU.pdf,02 — Leis & Jurisprudência/2.7 Doutrina-Estudos-Avaliação,1bU9Hl7HIFDS4BPokRalS3zs496ZNVMt1
1icLSP8440SItGF-ylxSZiOCvt5rnIkrL,Reforma tributária e novas regras para ITBI e IPTU.pdf,02 — Leis & Jurisprudência/2.7 Doutrina-Estudos-Avaliação,1bU9Hl7HIFDS4BPokRalS3zs496ZNVMt1
1o30Od6wzKd8-hDcdPa_pwE0EsZqzofq3,MIGALHAS nº 6.206.pdf,02 — Leis & Jurisprudência/2.7 Doutrina-Estudos-Avaliação,1bU9Hl7HIFDS4BPokRalS3zs496ZNVMt1
1aswiJ3kY25YbgTkuG34zJbgpFSQoGw0D,Repositório Institucional UFC_ Avaliação imobiliária para fins tributários_ um estudo do método evolutivo aplicado no cálculo do IPTU de Fortaleza-CE.pdf,02 — Leis & Jurisprudência/2.7 Doutrina-Estudos-Avaliação,1bU9Hl7HIFDS4BPokRalS3zs496ZNVMt1
1M_GhuuTwS1yk2zSjpTZ2YwL5CZb7ZTt9,Dívidas de ITBI e cartório não permitem penhorar bem de família.pdf,02 — Leis & Jurisprudência/2.7 Doutrina-Estudos-Avaliação,1bU9Hl7HIFDS4BPokRalS3zs496ZNVMt1
1YKPOozkmybFXc-anqXJgWtTCMrC9A1O2,Dono de imóvel em área de preservação não precisa pagar IPTU.pdf,02 — Leis & Jurisprudência/2.7 Doutrina-Estudos-Avaliação,1bU9Hl7HIFDS4BPokRalS3zs496ZNVMt1
1tswnAIPL084asIagr34Z5V-RSTmWooA2,IPTU_ análise dos seus aspectos centrais e de suas principais controvérsias _ Jusbrasil.pdf,02 — Leis & Jurisprudência/2.7 Doutrina-Estudos-Avaliação,1bU9Hl7HIFDS4BPokRalS3zs496ZNVMt1
1O-3dTSke1P_LpD8kzbid_L6u1H2qTeFt,"PGV suspensa, ITBI paralisado_ O limbo tributário de piracicaba - Migalhas.pdf",02 — Leis & Jurisprudência/2.7 Doutrina-Estudos-Avaliação,1bU9Hl7HIFDS4BPokRalS3zs496ZNVMt1
1R7y8V5dGTH4ItryiRfQJsiIn0lKlFV8z,Base de cálculo do IPTU - Migalhas.pdf,02 — Leis & Jurisprudência/2.7 Doutrina-Estudos-Avaliação,1bU9Hl7HIFDS4BPokRalS3zs496ZNVMt1
1zMgKevbn6rsIX1sXMNbv2lbjlQRTNlCB,Fachin restabelece lei municipal que atualizou base de cálculo do IPTU - Migalhas.pdf,02 — Leis & Jurisprudência/2.7 Doutrina-Estudos-Avaliação,1bU9Hl7HIFDS4BPokRalS3zs496ZNVMt1
1YN-DkjbsD8Y-xt0Z9L3vUwm9UPAsLDde,Dino suspende julgamento sobre imunidade de IPTU a imóveis estatais.pdf,02 — Leis & Jurisprudência/2.7 Doutrina-Estudos-Avaliação,1bU9Hl7HIFDS4BPokRalS3zs496ZNVMt1
1J12hnvVtcVQnMwGMjqLLFU4j_a2NgYzP,RELATORIO_INTELIGENCIA_TRIBUTARIA_IPTU (1).txt,02 — Leis & Jurisprudência/2.7 Doutrina-Estudos-Avaliação,1bU9Hl7HIFDS4BPokRalS3zs496ZNVMt1
1OzLQzlZzE3nr1eOI6qRm60J3_Ev5GrQJ,Base de cálculo do IPTU.pdf,02 — Leis & Jurisprudência/2.7 Doutrina-Estudos-Avaliação,1bU9Hl7HIFDS4BPokRalS3zs496ZNVMt1
1Q4x-rbKlMoGIq6zHWjSt2qCm0BtsK3uM,REPOSITORIO PUCSP_ Imposto sobre a propriedade predial e territorial urbana_ um estudo sobre o critério material da regra matriz de incidência tributária.pdf,02 — Leis & Jurisprudência/2.7 Doutrina-Estudos-Avaliação,1bU9Hl7HIFDS4BPokRalS3zs496ZNVMt1
1An5-QsVrBy0-tmMSSo4fZAu6Yf-WnCIY,REPOSITORIO PUCSP_ Materialidade e Base de Cálculo do IPTU.pdf,02 — Leis & Jurisprudência/2.7 Doutrina-Estudos-Avaliação,1bU9Hl7HIFDS4BPokRalS3zs496ZNVMt1
12CJLuuFp13-Xvi3tdL_6--zRHlOGNNC9,Propriedade e desigualdade_ IPTU e acesso à habitação em São Paulo (1995-2020).pdf,02 — Leis & Jurisprudência/2.7 Doutrina-Estudos-Avaliação,1bU9Hl7HIFDS4BPokRalS3zs496ZNVMt1
1h3cpjMtrGbwZH-DU-iCguQaOLzr0wSMY,REPOSITORIO PUCSP_ IPTU e progressividade fiscal.pdf,02 — Leis & Jurisprudência/2.7 Doutrina-Estudos-Avaliação,1bU9Hl7HIFDS4BPokRalS3zs496ZNVMt1
1dSLQ4ImiBjl9nAiVsEjUkBR0ROGUcPTE,REPOSI~1.PDF,02 — Leis & Jurisprudência/2.7 Doutrina-Estudos-Avaliação,1bU9Hl7HIFDS4BPokRalS3zs496ZNVMt1
1FJbRaFbadkIe66Q4MMzY4mPt2bLJpUsu,O Dragão _ Jusbrasil.pdf,02 — Leis & Jurisprudência/2.7 Doutrina-Estudos-Avaliação,1bU9Hl7HIFDS4BPokRalS3zs496ZNVMt1
1EmLbI3p4y25HsuDYlAZUnWJ-N-UnnGtv,"Joaquim Marcelo Barbosa da Silva., Parcelamento ou edificação compulsórios, IPTU progressivo no tempo e a desapropriação com pagamento de títulos, Livro.pdf",02 — Leis & Jurisprudência/2.7 Doutrina-Estudos-Avaliação,1bU9Hl7HIFDS4BPokRalS3zs496ZNVMt1
1bWb6KA6JAb8M-Ri2kJ2umklSKtzY6Y_v,ESCOLA~1.PDF,02 — Leis & Jurisprudência/2.7 Doutrina-Estudos-Avaliação,1bU9Hl7HIFDS4BPokRalS3zs496ZNVMt1
1PSw0EHD-L6A-0eOiMo8Wjbuzo3aBf9pD,A inconstitucionalidade do IPTU de Salvador _ Jusbrasil.pdf,02 — Leis & Jurisprudência/2.7 Doutrina-Estudos-Avaliação,1bU9Hl7HIFDS4BPokRalS3zs496ZNVMt1
1YOprfkxFJI7MGFZ8ueJLXwfkQ8FYpUEJ,IPTU Verde_ projeto de lei estabelece descontos para imóveis que adotam medidas de preservação do meio ambiente _ Jusbrasil.pdf,02 — Leis & Jurisprudência/2.7 Doutrina-Estudos-Avaliação,1bU9Hl7HIFDS4BPokRalS3zs496ZNVMt1
13mH9mm-2Tq8UuKmToSyy17nRiFadDKg4,A possibilidade de isenção do IPTU por APP no município de Campinas (SP) _ Jusbrasil.pdf,02 — Leis & Jurisprudência/2.7 Doutrina-Estudos-Avaliação,1bU9Hl7HIFDS4BPokRalS3zs496ZNVMt1
1Oh9nUUcjMHATtu1_cEYdeoXvR60_qmXA,ACADEM~1.PDF,02 — Leis & Jurisprudência/2.7 Doutrina-Estudos-Avaliação,1bU9Hl7HIFDS4BPokRalS3zs496ZNVMt1
1u6502vRLHyZDRjl5DZW6JEip8eH2aVt6,12-QUADRO_5_FINAL.doc,02 — Leis & Jurisprudência/2.7 Doutrina-Estudos-Avaliação,1bU9Hl7HIFDS4BPokRalS3zs496ZNVMt1
1BcjrwFcR-a45RVoA3cs-RUTOdbcX4HbE,9-QUADRO_4_FINAL.doc,02 — Leis & Jurisprudência/2.7 Doutrina-Estudos-Avaliação,1bU9Hl7HIFDS4BPokRalS3zs496ZNVMt1
1q14btLjd5ZI7YriuNY3DFW7x4ayd-7OE,8-QUADRO_3C_FINAL.doc,02 — Leis & Jurisprudência/2.7 Doutrina-Estudos-Avaliação,1bU9Hl7HIFDS4BPokRalS3zs496ZNVMt1
1XyZGg9aM2Dgn7yznDf2Hd5a7E0cIJV_I,7-QUADRO_3B_FINAL.doc,02 — Leis & Jurisprudência/2.7 Doutrina-Estudos-Avaliação,1bU9Hl7HIFDS4BPokRalS3zs496ZNVMt1
1WW_dVnNADWdPYNAX-81NKnucpcx_mzu-,1-QUADRO_1_FINAL.docx,02 — Leis & Jurisprudência/2.7 Doutrina-Estudos-Avaliação,1bU9Hl7HIFDS4BPokRalS3zs496ZNVMt1
1FG9_7EC7DHvALkAQ_sYM2VSYEkiXtmy2,10-QUADRO_4A_FINAL.docx,02 — Leis & Jurisprudência/2.7 Doutrina-Estudos-Avaliação,1bU9Hl7HIFDS4BPokRalS3zs496ZNVMt1
1j5PXBpbEx-SJxDR0cN5XGmOb34ioB0FC,11-QUADRO_4B_FINAL.docx,02 — Leis & Jurisprudência/2.7 Doutrina-Estudos-Avaliação,1bU9Hl7HIFDS4BPokRalS3zs496ZNVMt1
1BLXCfEqxsVKQcpwVC2d2wYRKCcgOUz7u,5-QUADRO_3_FINAL.docx,02 — Leis & Jurisprudência/2.7 Doutrina-Estudos-Avaliação,1bU9Hl7HIFDS4BPokRalS3zs496ZNVMt1
1Wau0Qz12UhHBLm_fmy1ol6ioKaAyWTqN,2-QUADRO_2_FINAL.docx,02 — Leis & Jurisprudência/2.7 Doutrina-Estudos-Avaliação,1bU9Hl7HIFDS4BPokRalS3zs496ZNVMt1
1pab3rLbqDIiEj_pY3g_M0empWKHJMCp9,4-QUADRO_2B_FINAL.docx,02 — Leis & Jurisprudência/2.7 Doutrina-Estudos-Avaliação,1bU9Hl7HIFDS4BPokRalS3zs496ZNVMt1
1R0xx8b7jKgfUdfjULVTh3S4ZXgxBjHFi,6-QUADRO_3A_FINAL.docx,02 — Leis & Jurisprudência/2.7 Doutrina-Estudos-Avaliação,1bU9Hl7HIFDS4BPokRalS3zs496ZNVMt1
1qIhCeMImfdCRgLv8-DAm2Q2agrhA7gFU,3-QUADRO_2A_FINAL.docx,02 — Leis & Jurisprudência/2.7 Doutrina-Estudos-Avaliação,1bU9Hl7HIFDS4BPokRalS3zs496ZNVMt1
1jR-rSCYcv24sfizyhqU3i6nxK6mdQXhG,Notas Nilson Grotti.xlsx,03 — Tabelas & Engines,1v4H2YsIZSNDwNXiMtOAV1w1qy-5kOuvy
1tQ88UoLKaAzorp_VPfK7ptoNwK9zmn9U,metadadosgeoportal_area_contaminada_reabilitada_svma.csv,03 — Tabelas & Engines,1v4H2YsIZSNDwNXiMtOAV1w1qy-5kOuvy
1lgUAWy8u-WT6eKc4T3xJbvqjQM-8NuF3,metadados_geosampa_apas.ods,03 — Tabelas & Engines,1v4H2YsIZSNDwNXiMtOAV1w1qy-5kOuvy
14FmpnvQGUUdg8DWhAW58pLDUxaZIdGLw,geoportal_area_contaminada_reabilitada_svma.xlsx,03 — Tabelas & Engines,1v4H2YsIZSNDwNXiMtOAV1w1qy-5kOuvy
1L_gwlWQmbWxb8MG4R18lfoeaSMtK6GyM,ddf-12.25.xlsx,03 — Tabelas & Engines,1v4H2YsIZSNDwNXiMtOAV1w1qy-5kOuvy
18aS4wR54NxmbVLWpY88vZnXHA8fX2qf-,ddf-01.26.xlsx,03 — Tabelas & Engines,1v4H2YsIZSNDwNXiMtOAV1w1qy-5kOuvy
1OxsFBlSqBAGB1nugVU1fJk485etE9yIZ,metadados_area_potencial_e_suspeita_de_contaminacao.xls,03 — Tabelas & Engines,1v4H2YsIZSNDwNXiMtOAV1w1qy-5kOuvy
1GYYJCDqsFGypR5v3tkbkEt79e8kaBr12,metadados_area_potencial_e_suspeita_de_contaminacao.ods,03 — Tabelas & Engines,1v4H2YsIZSNDwNXiMtOAV1w1qy-5kOuvy
1AahH3kMHd509-Nar799P3fBZZAmZt_mO,biosampa_geosampa_apas.ods,03 — Tabelas & Engines,1v4H2YsIZSNDwNXiMtOAV1w1qy-5kOuvy
1GnOw3tsxWJcpET0pKtS0sZpcsK2bu-S4,dicionario_geosampa_apas_variaveis.csv,03 — Tabelas & Engines,1v4H2YsIZSNDwNXiMtOAV1w1qy-5kOuvy
1ovv4M6hvkS7eH7d4T6IV7jBw9uqqn8H5,dicionario_geosampa_apas_arquivo.csv,03 — Tabelas & Engines,1v4H2YsIZSNDwNXiMtOAV1w1qy-5kOuvy
178GlSInuP-XBcgFZLArq9rmROZN5VrRI,dicionario_geosampa_apas.xls,03 — Tabelas & Engines,1v4H2YsIZSNDwNXiMtOAV1w1qy-5kOuvy
1J09_7HER_DbfPYWqAgWHijTrZovKH6iZ,dicionario_geosampa_apas.ods,03 — Tabelas & Engines,1v4H2YsIZSNDwNXiMtOAV1w1qy-5kOuvy
1l1YZYLfR535wY-w53JdffwtJ1Z6rv_1A,metadados_area_potencial_e_suspeita_de_contaminacao.csv,03 — Tabelas & Engines,1v4H2YsIZSNDwNXiMtOAV1w1qy-5kOuvy
1XNq8sd_z0medUQAtfridFsH9CXO1qdGZ,dic_area_potencial_e_suspeita_de_contaminacao-variaveis.csv,03 — Tabelas & Engines,1v4H2YsIZSNDwNXiMtOAV1w1qy-5kOuvy
1d_WEkDRy-B_n-pw163mG_19RlFopLNki,dic_area_potencial_e_suspeita_de_contaminacao-arquivo.csv,03 — Tabelas & Engines,1v4H2YsIZSNDwNXiMtOAV1w1qy-5kOuvy
1X1-ArwtElMTZeWpE8tdzoOD8C9qwecGf,dic_area_potencial_e_suspeita_de_contaminacao.ods,03 — Tabelas & Engines,1v4H2YsIZSNDwNXiMtOAV1w1qy-5kOuvy
1wZBUpFfY4rAk1dC8bd4UaeZIaVI1csXz,dic_area_potencial_e_suspeita_de_contaminacao.xls,03 — Tabelas & Engines,1v4H2YsIZSNDwNXiMtOAV1w1qy-5kOuvy
1OP3JO5cRO6-d17OdDiBZZzISw1OJcNaU,aceleracoes_proponentes.xlsx,03 — Tabelas & Engines,1v4H2YsIZSNDwNXiMtOAV1w1qy-5kOuvy
1JWPBp9zd-u9zkwQkOqcKjeth25KQEQey,area_potencial_e_suspeita_de_contaminacao.xlsx,03 — Tabelas & Engines,1v4H2YsIZSNDwNXiMtOAV1w1qy-5kOuvy
1_h6ZeNoyM3WxQPiriQSzCiSG7tXsFXkg,area_potencial_e_suspeita_de_contaminacao.csv,03 — Tabelas & Engines,1v4H2YsIZSNDwNXiMtOAV1w1qy-5kOuvy
1_EZO1mNf6JiTW989k_Jd_n0P-J9QCSe0,area_potencial_e_suspeita_de_contaminacao.ods,03 — Tabelas & Engines,1v4H2YsIZSNDwNXiMtOAV1w1qy-5kOuvy
18HfjwCgEDMGC8dKKsaY8EiQJzg7Q_QKC,catalogo_oficiais_para_preenchimento_20260307_223820.csv,03 — Tabelas & Engines,1v4H2YsIZSNDwNXiMtOAV1w1qy-5kOuvy
1_Hj4_c5oQXHfQW9_cC8NRN3fjfzsKkOF,DEEP_SCAN_SILVER_MOTOR1.csv,03 — Tabelas & Engines,1v4H2YsIZSNDwNXiMtOAV1w1qy-5kOuvy
1gU_mxinFX8t3wbUCl__AmlPpcrf5dL2O,DEEP_SCAN_BRONZE_ORIGINAIS.csv,03 — Tabelas & Engines,1v4H2YsIZSNDwNXiMtOAV1w1qy-5kOuvy
1JM7spa4En4KmicoL5_HVVXp-E7ZNgs6T,AUDITORIA_1_BASE_ORIGINAL_COMPLETA.csv,03 — Tabelas & Engines,1v4H2YsIZSNDwNXiMtOAV1w1qy-5kOuvy
1k-zbLK3o1Oo41bfPVDJ1SsDoxDld_cPZ,AUDITORIA_2_MOTOR_1_ATUAL.csv,03 — Tabelas & Engines,1v4H2YsIZSNDwNXiMtOAV1w1qy-5kOuvy
17j94xkgVk4eberaRpRLK2j_ekz480Lny,lista_declaracoes_ZEPEC-BIR_agosto-2025.xlsx,03 — Tabelas & Engines,1v4H2YsIZSNDwNXiMtOAV1w1qy-5kOuvy
1en2WC2A-Wd21NNDhZ8ThheAyHmODIOl-,lista_certidao_ZEPEC-BIR_agosto-2025.xlsx,03 — Tabelas & Engines,1v4H2YsIZSNDwNXiMtOAV1w1qy-5kOuvy
14Q1dsf_VemONHFz3PR4h42urE8Jx7sfq,Anual2020_ate_dezembro.xls,03 — Tabelas & Engines,1v4H2YsIZSNDwNXiMtOAV1w1qy-5kOuvy
1PqtTPUd54nUpYcDZ0ivGodLURvMLHe4u,Anual2019.xls,03 — Tabelas & Engines,1v4H2YsIZSNDwNXiMtOAV1w1qy-5kOuvy
11bG1XBxFWffwsxn-OQf_4CShRkyc8obp,Anual2011.xls,03 — Tabelas & Engines,1v4H2YsIZSNDwNXiMtOAV1w1qy-5kOuvy
1BevQmC6kLO50TmBV8ObfNvSVgRSgeeRA,anual_2021_ate_dezembro.xls,03 — Tabelas & Engines,1v4H2YsIZSNDwNXiMtOAV1w1qy-5kOuvy
1Yqq3feMF-Sw35a78-KTMWGKNyaDKnXQK,Anual_2018.xls,03 — Tabelas & Engines,1v4H2YsIZSNDwNXiMtOAV1w1qy-5kOuvy
1w4P8ca1zu8wrivSY4WuETThqKJK8GnVU,Anual_2017_dezembro.xls,03 — Tabelas & Engines,1v4H2YsIZSNDwNXiMtOAV1w1qy-5kOuvy
1M6Z9xkyr_z_iDU4gNeRfW51SIolHIwnw,anual_2016.xls,03 — Tabelas & Engines,1v4H2YsIZSNDwNXiMtOAV1w1qy-5kOuvy
1Q_j7KiKozBsJXuKa8pU74B4MpTtP9h3q,anual_2016 (1).xls,03 — Tabelas & Engines,1v4H2YsIZSNDwNXiMtOAV1w1qy-5kOuvy
11jmQaAP7ukKvm6r15PqxkUM1GlkgqL9I,Anual_2003.xls,03 — Tabelas & Engines,1v4H2YsIZSNDwNXiMtOAV1w1qy-5kOuvy
1JIuk1-Fdl_tEGJaS8MxtcgFM4JrhR-X1,anual_2002.xls,03 — Tabelas & Engines,1v4H2YsIZSNDwNXiMtOAV1w1qy-5kOuvy
1utqm7zOcTzT-lDJqqSvKV3qLvFG-4Tyf,anual_2001.xls,03 — Tabelas & Engines,1v4H2YsIZSNDwNXiMtOAV1w1qy-5kOuvy
1JweqKeggHG5fIUOpcfBuRIhL8DrT5sM3,anual_2000.xls,03 — Tabelas & Engines,1v4H2YsIZSNDwNXiMtOAV1w1qy-5kOuvy
1R0NzBWR62l3Mw7onglejR3rwGQimXbre,PLANILHA_ENRIQUECIDA_FINAL_ITBI_V2.csv,03 — Tabelas & Engines,1v4H2YsIZSNDwNXiMtOAV1w1qy-5kOuvy
1ytFrWAuUiSIoLjlskBrbD_Bsn2Eq8mJc,001_-_QUADRO_1_FINAL.csv,03 — Tabelas & Engines,1v4H2YsIZSNDwNXiMtOAV1w1qy-5kOuvy
1lct8bmacyfUKHhwvaACYt86v6GO1U6v7,007_-_QUADRO_3B_FINAL.csv,03 — Tabelas & Engines,1v4H2YsIZSNDwNXiMtOAV1w1qy-5kOuvy
1DEzDLix11FtG_1lhKY1qhnXJAu23Nny_,GUIAS-DE-ITBI-PAGAS-2024.xlsx,03 — Tabelas & Engines,1v4H2YsIZSNDwNXiMtOAV1w1qy-5kOuvy
1ZESc3arRBppUx9HNMdsYDQh8Urnupsrh,GUIAS-DE-ITBI-PAGAS-2023.xlsx,03 — Tabelas & Engines,1v4H2YsIZSNDwNXiMtOAV1w1qy-5kOuvy
1G_qUEJysBqHtPGP7A1xTI9RiZgu7QDSw,guias_de_itbi_pagas_2018.xlsx,03 — Tabelas & Engines,1v4H2YsIZSNDwNXiMtOAV1w1qy-5kOuvy
1DrWLPXozufPLGonW-bZYMFaBfcX-lF9f,guias_de_itbi_pagas_2017.xlsx,03 — Tabelas & Engines,1v4H2YsIZSNDwNXiMtOAV1w1qy-5kOuvy
1Ce1vTcxVUhOqawurxoVXNNu5FbmIB8Kt,guias_de_itbi_pagas_2016.xlsx,03 — Tabelas & Engines,1v4H2YsIZSNDwNXiMtOAV1w1qy-5kOuvy
1gD4UQqbNqEZVsRhiyoqrkyEtvY2-Z58R,guias_de_itbi_pagas_2015.xlsx,03 — Tabelas & Engines,1v4H2YsIZSNDwNXiMtOAV1w1qy-5kOuvy
12EWDLKUquA9lLjfmCIQkTI2eyE0JMMF4,guias_de_itbi_pagas_2014.xlsx,03 — Tabelas & Engines,1v4H2YsIZSNDwNXiMtOAV1w1qy-5kOuvy
1SfnE6j9ldJJPS7aANddL44xpNmVqLZZZ,guias_de_itbi_pagas_2013.xlsx,03 — Tabelas & Engines,1v4H2YsIZSNDwNXiMtOAV1w1qy-5kOuvy
1lIqmcYJ8umsJNUtMx4SwVBqTsUFSXkz9,guias_de_itbi_pagas_2012.xlsx,03 — Tabelas & Engines,1v4H2YsIZSNDwNXiMtOAV1w1qy-5kOuvy
1cnv7OdGP2iqu7O_0qtVYWRY_4UWQ8M0d,guias_de_itbi_pagas_2011.xlsx,03 — Tabelas & Engines,1v4H2YsIZSNDwNXiMtOAV1w1qy-5kOuvy
19wCVbWHXVs9AGF3aVo7ClNm4EHeS4hTC,guias_de_itbi_pagas_2010.xlsx,03 — Tabelas & Engines,1v4H2YsIZSNDwNXiMtOAV1w1qy-5kOuvy
1nWmPE4ivH1Vj3DX4chGAPIb10vXKtAY5,guias_de_itbi_pagas_2009.xlsx,03 — Tabelas & Engines,1v4H2YsIZSNDwNXiMtOAV1w1qy-5kOuvy
1CZegdbWD_8wtvoufFXre6rHJa30IiGty,guias_de_itbi_pagas_2008.xlsx,03 — Tabelas & Engines,1v4H2YsIZSNDwNXiMtOAV1w1qy-5kOuvy
1NIC90aYDZeYg1KqPusbQP03mjJAIT4eL,guias_de_itbi_pagas_2007.xlsx,03 — Tabelas & Engines,1v4H2YsIZSNDwNXiMtOAV1w1qy-5kOuvy
1AeNFgVhXDZ66DyBMu2FPvu71o0x2PWnv,guias_de_itbi_pagas_2006.xlsx,03 — Tabelas & Engines,1v4H2YsIZSNDwNXiMtOAV1w1qy-5kOuvy
1uQw1WO9Bu5B_wnFDpC-K3gVzKKkCX0AY,GUIAS_DE_ITBI_PAGAS_12-2022.xlsx,03 — Tabelas & Engines,1v4H2YsIZSNDwNXiMtOAV1w1qy-5kOuvy
1sxMxJ2EKIll7-vpGJTv6TLptDSJDOg1d,GUIAS_DE_ITBI_PAGAS_(2021).xlsx,03 — Tabelas & Engines,1v4H2YsIZSNDwNXiMtOAV1w1qy-5kOuvy
1exBLt0dNS6uP604XnXUWGL9Qwtj8idu3,GUIAS_DE_ITBI_PAGAS_(2020).xlsx,03 — Tabelas & Engines,1v4H2YsIZSNDwNXiMtOAV1w1qy-5kOuvy
1dd1x5JxHS-JAc4Grsuucn1ly-X1NT9KD,GUIAS_DE_ITBI_PAGAS_(2019).xlsx,03 — Tabelas & Engines,1v4H2YsIZSNDwNXiMtOAV1w1qy-5kOuvy
1IvF7JkpiUWwGMZKaYPM9876ASF_YgjMt,GUIAS DE ITBI PAGAS (28012026) XLS.xlsx,03 — Tabelas & Engines,1v4H2YsIZSNDwNXiMtOAV1w1qy-5kOuvy
1fJflpi0oVmGAEvQjD9eebUwJcrOAFy2H,GUIAS DE ITBI PAGAS (1).xlsx,03 — Tabelas & Engines,1v4H2YsIZSNDwNXiMtOAV1w1qy-5kOuvy
1lcNJOi7NQLPDtujP4Z4BsOol3cheqa3-,MEGA_PLANILHA_ENRIQUECIDA_FINAL_V2.csv,03 — Tabelas & Engines,1v4H2YsIZSNDwNXiMtOAV1w1qy-5kOuvy
1-GuG5lL5Z5WE9hBj2N_HACsDxYzFijxk,sissel_ANO_2025_12.xls,03 — Tabelas & Engines,1v4H2YsIZSNDwNXiMtOAV1w1qy-5kOuvy
1xS2NCo3w5lFCSM3LHXaRYjTeQ6SxTdEb,sissel_ANO_2024.xlsx,03 — Tabelas & Engines,1v4H2YsIZSNDwNXiMtOAV1w1qy-5kOuvy
18EmEgbrbdi6kJN1bNM7alXhS6Z5W3og-,sissel_ano_2026_01.xls,03 — Tabelas & Engines,1v4H2YsIZSNDwNXiMtOAV1w1qy-5kOuvy
1ewgYMYHetSrNRAo5zg_8mCFEi5T8AdTK,Aprova Digital_dezembro2020.xlsx,03 — Tabelas & Engines,1v4H2YsIZSNDwNXiMtOAV1w1qy-5kOuvy
1zijXtTdvVr7l8drJ9iwy-1ZL8n7-0faW,anual2010.xls,03 — Tabelas & Engines,1v4H2YsIZSNDwNXiMtOAV1w1qy-5kOuvy
1g5LBELn83QcZGaq0TJHuhcucIp0TdfVu,anual2009.xls,03 — Tabelas & Engines,1v4H2YsIZSNDwNXiMtOAV1w1qy-5kOuvy
1hkBiyXW2Av0cW05QXrGcynMGBjYWC5s5,anual2008.xls,03 — Tabelas & Engines,1v4H2YsIZSNDwNXiMtOAV1w1qy-5kOuvy
1lm_QWG6gZkj1WNbjzEUmun3D4FPDW_QX,Ano_2026_AD_01.xlsx,03 — Tabelas & Engines,1v4H2YsIZSNDwNXiMtOAV1w1qy-5kOuvy
1y0P03fNeOUBRr2fefGpp9p0oI1B25nlh,Ano_2025_AD_12.xlsx,03 — Tabelas & Engines,1v4H2YsIZSNDwNXiMtOAV1w1qy-5kOuvy
1M5dHel-4gertsfFFSfGdJBy9930nhl8B,Ano_2024_AD.xlsx,03 — Tabelas & Engines,1v4H2YsIZSNDwNXiMtOAV1w1qy-5kOuvy
1daPA_NbX7cNZPNBh-gL-zy0I3rdap__r,2022 (4) (1)(1).xlsx,03 — Tabelas & Engines,1v4H2YsIZSNDwNXiMtOAV1w1qy-5kOuvy
1hn4OCWfuxvJKBYhbMEFtKrdNweqGhn0C,2021.xlsx,03 — Tabelas & Engines,1v4H2YsIZSNDwNXiMtOAV1w1qy-5kOuvy
1287KOzQ3Rk4pTaNz0WV2TIBlB2z2JgeL,Ano_2023_SISSEL.xls,03 — Tabelas & Engines,1v4H2YsIZSNDwNXiMtOAV1w1qy-5kOuvy
17AgTa3aSavPSZyhkzq8cUClOHpYamT94,ANUAL - 2022.xlsx,03 — Tabelas & Engines,1v4H2YsIZSNDwNXiMtOAV1w1qy-5kOuvy
125yL-Iy7jWcXWpL88FzWAH0wtkL0yeC-,2015 - anual.xls,03 — Tabelas & Engines,1v4H2YsIZSNDwNXiMtOAV1w1qy-5kOuvy
1X8hkpjN_oGIcpnhB1RzSDQOgeoUUutJW,anual_2012.xls,03 — Tabelas & Engines,1v4H2YsIZSNDwNXiMtOAV1w1qy-5kOuvy
1PuEKIOe7OnYYjFgUUE_eGwbPA7KevlNH,anual2007.xls,03 — Tabelas & Engines,1v4H2YsIZSNDwNXiMtOAV1w1qy-5kOuvy
1RmRzGGnPDpPaRG4cQ6wLXBA0DMxDQo1Z,anual2004.xls,03 — Tabelas & Engines,1v4H2YsIZSNDwNXiMtOAV1w1qy-5kOuvy
1fZe01n7QjrM36Wa06djuAPbAidgXHXfd,anual2005.xls,03 — Tabelas & Engines,1v4H2YsIZSNDwNXiMtOAV1w1qy-5kOuvy
1c6egKNeZwTaN5rduLzaODz8ey_h_JjzI,anual2006.xls,03 — Tabelas & Engines,1v4H2YsIZSNDwNXiMtOAV1w1qy-5kOuvy
1yAlK2a3ZaUH4ggTA0cirzODwdNoZcUIh,2014 - anual.xls,03 — Tabelas & Engines,1v4H2YsIZSNDwNXiMtOAV1w1qy-5kOuvy
1uxwJLMvJTUMd2wa_qA20BTX110ofTzFP,2013 - anual.xls,03 — Tabelas & Engines,1v4H2YsIZSNDwNXiMtOAV1w1qy-5kOuvy
1wx5xEoCv6wImhff6gHHy0Eq70fCBFUcG,SIMULADOR_QA_atualizado_lei_18081_24_v4.xls,03 — Tabelas & Engines,1v4H2YsIZSNDwNXiMtOAV1w1qy-5kOuvy
1ufhOE9tnBtgAEo4Kp-f2yx5Ago5op7Pm,MEGA_PLANILHA_SANEADA_TOMBADOS_V1.csv,03 — Tabelas & Engines,1v4H2YsIZSNDwNXiMtOAV1w1qy-5kOuvy
1Q499wCFws3H1d3w0jY1PFYOkCD5PjieF,Atualizacacao_Q14_anoref2025.csv,03 — Tabelas & Engines,1v4H2YsIZSNDwNXiMtOAV1w1qy-5kOuvy
1W064ho4UMhcwXpnbrYioAjfFtWm1ZsNH,Transferência do Direito de Construir - Secretaria Municipal de Urbanismo e Licenciamento - Prefeitura.csv,03 — Tabelas & Engines,1v4H2YsIZSNDwNXiMtOAV1w1qy-5kOuvy
1SQ7KIqf4FobhvtfumvJCp5NSsHv_Q0Wc,RESOLUÇÃO SECRETARIA MUNICIPAL DE URBANISMO E LICENCIAMENTO - SMUL_CTLU Nº 4 DE 4 DE ABRIL DE 2024 « Catálogo de Legislação Municipal.csv,03 — Tabelas & Engines,1v4H2YsIZSNDwNXiMtOAV1w1qy-5kOuvy
1QfjxeoCPpx4HiTHUfBPbqSmiFFRANkyV,Projeto de Intervenção Urbana apresentado por particular - Secretaria Municipal de Urbanismo e Licenciamento - Prefeitura.csv,03 — Tabelas & Engines,1v4H2YsIZSNDwNXiMtOAV1w1qy-5kOuvy
18Kt2Rot4uXytSUL3G4USC1EFT_3ropQh,Pedido de Reconhecimento de Complexo de Saúde por Particular - Secretaria Municipal de Urbanismo e Licenciamento - Prefeitura.csv,03 — Tabelas & Engines,1v4H2YsIZSNDwNXiMtOAV1w1qy-5kOuvy
1Nn8n_n9BxNeLT5_Q9qxv5MMvYa7YtThy,"LEI Nº 13.430 , DE 13 DE SETEMBRO DE 2002 - Secretaria Municipal de Urbanismo e Licenciamento - Prefeitura12.csv",03 — Tabelas & Engines,1v4H2YsIZSNDwNXiMtOAV1w1qy-5kOuvy
1oHLuv5J8qAmOdmiVDXGQCIDsXwQDyIzA,PRONUNCIAMENTO SMUL.ATECC.CTLU_001_2024 - Secretaria Municipal de Urbanismo e Licenciamento - Prefeitura.csv,03 — Tabelas & Engines,1v4H2YsIZSNDwNXiMtOAV1w1qy-5kOuvy
1fhPHv_s7RownkK3jszbBF2RCMSClW_B0,Outorga Onerosa do Direito de Construir - Secretaria Municipal de Urbanismo e Licenciamento - Prefeitura.csv,03 — Tabelas & Engines,1v4H2YsIZSNDwNXiMtOAV1w1qy-5kOuvy
1-xmmkyCCf8NwHE3So3Yj3kKVT8yFuH1t,"LEI Nº 13.430 , DE 13 DE SETEMBRO DE 2002 - Secretaria Municipal de Urbanismo e Licenciamento - Prefeitura.csv",03 — Tabelas & Engines,1v4H2YsIZSNDwNXiMtOAV1w1qy-5kOuvy
1kuSyb8jyoWHgQ7XvzeXE1DfLNfamad_H,INSTRUÇÃO NORMATIVA SECRETARIA MUNICIPAL DE URBANISMO E LICENCIAMENTO - SMUL Nº 1 DE 16 DE OUTUBRO DE 2024 « Catálogo de Legislação Municipal.csv,03 — Tabelas & Engines,1v4H2YsIZSNDwNXiMtOAV1w1qy-5kOuvy
1KVXSmKIKiucjF2Q6_E1i0zPnm9LvkCPl,Declaração de Potencial Construtivo Passível de Transferência - Secretaria Municipal de Urbanismo e Licenciamento - Prefeitura.csv,03 — Tabelas & Engines,1v4H2YsIZSNDwNXiMtOAV1w1qy-5kOuvy
1shDJGqs3hofi6ovShiMK9qTvckZeDA0t,Certidão de Uso e Ocupação do Solo - Secretaria Municipal de Urbanismo e Licenciamento - Prefeitura.csv,03 — Tabelas & Engines,1v4H2YsIZSNDwNXiMtOAV1w1qy-5kOuvy
1rN_fsOefqdvDU8icHG-ptHGMemzX72NA,fila_tdc_5porcento_fundurb_dez_2025-pdf.csv,03 — Tabelas & Engines,1v4H2YsIZSNDwNXiMtOAV1w1qy-5kOuvy
1-LRNyTwNt4Ar5KLd2lq0TxDKaA8D5Vmz,Enquadramento de Atividade CNAE - Secretaria Municipal de Urbanismo e Licenciamento - Prefeitura.csv,03 — Tabelas & Engines,1v4H2YsIZSNDwNXiMtOAV1w1qy-5kOuvy
1ZyjtHHUDe4Tomb6WZ1pDlNmbgbwFm5WE,D57536.csv,03 — Tabelas & Engines,1v4H2YsIZSNDwNXiMtOAV1w1qy-5kOuvy
1f_LKhRmvMJK8HcJaZEJygmZ71wznDVCE,Ativação de Zonas de Estruturação (ZEUP e ZEMP) por Particular - Secretaria Municipal de Urbanismo e Licenciamento - Prefeitura.csv,03 — Tabelas & Engines,1v4H2YsIZSNDwNXiMtOAV1w1qy-5kOuvy
1FKfkkoj130-dS0Dei6ZXYwMEufGIualo,Análise de Omissões da Legislação - Secretaria Municipal de Urbanismo e Licenciamento - Prefeitura.csv,03 — Tabelas & Engines,1v4H2YsIZSNDwNXiMtOAV1w1qy-5kOuvy
1uPlCWCcxrzKuYNxEIOrpxIDYLRO_0QoT,2014-07-31 - LEI 16050 - PLANO DIRETOR ESTRATÉGICO.csv,03 — Tabelas & Engines,1v4H2YsIZSNDwNXiMtOAV1w1qy-5kOuvy
1ec1UDzpF0cxbRZO51O5UgyxPs-RJpaty,ANEXOS_DO_PL_586_23___SEM_O_MAPA.csv,03 — Tabelas & Engines,1v4H2YsIZSNDwNXiMtOAV1w1qy-5kOuvy
1KPeSlCXVtWyuFr52gr0Wg4uzPqymbVaD,PDE2013_SUBST2_Quadro_14_cadastro.csv,03 — Tabelas & Engines,1v4H2YsIZSNDwNXiMtOAV1w1qy-5kOuvy
1oOJHSaNhBbWBx5xYtJFMJAMf8mOnUB7H,ZONEAMENTO_IA.csv,03 — Tabelas & Engines,1v4H2YsIZSNDwNXiMtOAV1w1qy-5kOuvy
1zQeOweWGTpizppN8owIv_p1qh4EH6jio,LOTES_Parte_5_IA.csv,03 — Tabelas & Engines,1v4H2YsIZSNDwNXiMtOAV1w1qy-5kOuvy
13a9ws7XCUmU9Mz99UqRiPwDaeFmKyGxm,MASTER_PARAMETROS_URBANISTICOS.xlsx,03 — Tabelas & Engines,1v4H2YsIZSNDwNXiMtOAV1w1qy-5kOuvy
1qeMNZTRj8itKc-6V3_T0uHcn_wDEY0iP,LOTES_Parte_4_IA.csv,03 — Tabelas & Engines,1v4H2YsIZSNDwNXiMtOAV1w1qy-5kOuvy
1nWjbPVvpWuis9t576Cw_pSTQurmU0swV,LOTES_Parte_3_IA.csv,03 — Tabelas & Engines,1v4H2YsIZSNDwNXiMtOAV1w1qy-5kOuvy
1Ze3bOM75N2FmgNYya9kntyL4boRQRCYF,LOTES_Parte_2_IA.csv,03 — Tabelas & Engines,1v4H2YsIZSNDwNXiMtOAV1w1qy-5kOuvy
1lxVs_kqDfVb6cF0609SERS3wjGe-uSn0,PDE2013_SUBST2_Quadro_10_Equipamentos.csv,03 — Tabelas & Engines,1v4H2YsIZSNDwNXiMtOAV1w1qy-5kOuvy
1W9_8qbzU89cgwhaLbWH1h63OsCtdX3AI,Auditoria TDC São Paulo_ Memorial de Fundamentação Estratégica.csv,03 — Tabelas & Engines,1v4H2YsIZSNDwNXiMtOAV1w1qy-5kOuvy
1_kVUJO-x7Wel7AHgJlgAUYf82up2iU0W,PDE2013_SUBST2_Quadro_9_viario-estrutural.csv,03 — Tabelas & Engines,1v4H2YsIZSNDwNXiMtOAV1w1qy-5kOuvy
10y3GLl2SMs07TIak1rbgaax7oXZFd2nU,PDE2013_SUBST2_Quadro_8_Residuos_solidos.csv,03 — Tabelas & Engines,1v4H2YsIZSNDwNXiMtOAV1w1qy-5kOuvy
1oakoO1ZyCwclapUWWed8SXEJD_6v1qMk,PDE2013_SUBST2_Quadro_6_Fator_planejamento_Fp.csv,03 — Tabelas & Engines,1v4H2YsIZSNDwNXiMtOAV1w1qy-5kOuvy
1jRs-Wm_-HAnoh0xnpDs5Sk5t7q0GHSRT,PDE2013_SUBST2_Quadro_7_Parques_municipais_existentes_propostos.csv,03 — Tabelas & Engines,1v4H2YsIZSNDwNXiMtOAV1w1qy-5kOuvy
1yXk-CDJMo87-WmkG8B1-mAzIIT_z8yvs,PDE2013_SUBST2_Quadro_3_CA_ZEIS.csv,03 — Tabelas & Engines,1v4H2YsIZSNDwNXiMtOAV1w1qy-5kOuvy
1mzoewH1DEjCbkLKXTB0EKnzUOPfxW2DF,PDE2013_SUBST2_Quadro_5_ Fator_interesse_social_Fs.csv,03 — Tabelas & Engines,1v4H2YsIZSNDwNXiMtOAV1w1qy-5kOuvy
1p0VH1fpgeL-8pmHMipjUMDXY-CTLhNyR,PDE2013_SUBST2_Quadro_4_percentuais_ZEIS.csv,03 — Tabelas & Engines,1v4H2YsIZSNDwNXiMtOAV1w1qy-5kOuvy
1vTorsekskSqMQmYqMWx0l_v7xoAzv3qZ,PDE2013_SUBST2_Quadro_2A_CA_Macroareas.csv,03 — Tabelas & Engines,1v4H2YsIZSNDwNXiMtOAV1w1qy-5kOuvy
1xnSzIAMqDeq00Y1xaeroaJOE8IMoiWPf,PDE2013_SUBST2_Quadro_1_CA_Definicoes.csv,03 — Tabelas & Engines,1v4H2YsIZSNDwNXiMtOAV1w1qy-5kOuvy
103drHBN4-5D9gaQwdQxnjFRtQVmngmYI,PDE2013_SUBST2_Quadro_2_CA_Eixos.csv,03 — Tabelas & Engines,1v4H2YsIZSNDwNXiMtOAV1w1qy-5kOuvy
1AI1W-yYaAn_fa476xvk5H9v3rm8uK-9f,PDE2013_SUBST2_Quadro_10_Equipamentos (1).csv,03 — Tabelas & Engines,1v4H2YsIZSNDwNXiMtOAV1w1qy-5kOuvy
1EyzQ9O6HTbiUSBgotHYBun_haesZHGC_,LOTES_Parte_1_IA.csv,03 — Tabelas & Engines,1v4H2YsIZSNDwNXiMtOAV1w1qy-5kOuvy
1M_mzMY1G3HjwUH-WRR5TXt4Tj8sEBe0m,012 - QUADRO_5_FINAL.csv,03 — Tabelas & Engines,1v4H2YsIZSNDwNXiMtOAV1w1qy-5kOuvy
1FY6a_glyYJ_T_cGTcjiU8rzxO50VE_kV,011 - QUADRO_4B_FINAL.csv,03 — Tabelas & Engines,1v4H2YsIZSNDwNXiMtOAV1w1qy-5kOuvy
1iCmok2KJdG9QgKzwC4Z7VNFYqkqVX-QK,010 - QUADRO_4A_FINAL.csv,03 — Tabelas & Engines,1v4H2YsIZSNDwNXiMtOAV1w1qy-5kOuvy
17jxDexBvXStSVCsu3T5wYDcer-JHAcPz,documento_final_ia.pdf,03 — Tabelas & Engines,1v4H2YsIZSNDwNXiMtOAV1w1qy-5kOuvy
1Rfh9YRBgHIfAA4a76SZxea3-oA_Pp-D3,008 - QUADRO_3C_FINAL.csv,03 — Tabelas & Engines,1v4H2YsIZSNDwNXiMtOAV1w1qy-5kOuvy
1CWtHd-c-A61-CoWzSu_fvD3fXFekeHHr,009 - QUADRO_4_FINAL.csv,03 — Tabelas & Engines,1v4H2YsIZSNDwNXiMtOAV1w1qy-5kOuvy
1Ds-5P_NOuspibvKwCeto0z3-60327Lk9,007 - QUADRO_3B_FINAL.csv,03 — Tabelas & Engines,1v4H2YsIZSNDwNXiMtOAV1w1qy-5kOuvy
19AGzK7iNVmehxpwqW7_oJLPtxgT61Ohh,006 - QUADRO_3A_FINAL.csv,03 — Tabelas & Engines,1v4H2YsIZSNDwNXiMtOAV1w1qy-5kOuvy
1zeJpzs6kZbRxXrijAzdQyDtmNoFw-h35,005 - QUADRO_3_FINAL.csv,03 — Tabelas & Engines,1v4H2YsIZSNDwNXiMtOAV1w1qy-5kOuvy
11aKOXYElCoHR97SjlmlZSb3Dgahtuz15,004 - QUADRO_2B_FINAL.csv,03 — Tabelas & Engines,1v4H2YsIZSNDwNXiMtOAV1w1qy-5kOuvy
1wX-koAPK9UKC9XyTvsSnsvsby-uPwnIW,003 - QUADRO_2A_FINAL.csv,03 — Tabelas & Engines,1v4H2YsIZSNDwNXiMtOAV1w1qy-5kOuvy
1Tq6Co-B_2_Lz6mOW8heo7AL9WDjA2Aoz,002 - QUADRO_2_FINAL.csv,03 — Tabelas & Engines,1v4H2YsIZSNDwNXiMtOAV1w1qy-5kOuvy
1wJBdlrw8gUkOIMtPzwgeFAyyr2mq1atg,001 - QUADRO_1_FINAL.csv,03 — Tabelas & Engines,1v4H2YsIZSNDwNXiMtOAV1w1qy-5kOuvy
1W4NKKz4HlioobdlHhekjzpJJgFkMJOph,DIVERSOS_IA.csv,03 — Tabelas & Engines,1v4H2YsIZSNDwNXiMtOAV1w1qy-5kOuvy
1WVR4hUQvM-N4jcqooLk_MMO77ACM-4bX,RUAS_Consolidado_IA.csv,03 — Tabelas & Engines,1v4H2YsIZSNDwNXiMtOAV1w1qy-5kOuvy
1as1JwV3JQK3gMyBHvOCLo_OJGOg2a3aT,PCA_Consolidado_IA.csv,03 — Tabelas & Engines,1v4H2YsIZSNDwNXiMtOAV1w1qy-5kOuvy
1HPvwPOkjRwlC4dfgEYpYkfyDJ5l94tNM,IPTU_2026.csv,03 — Tabelas & Engines,1v4H2YsIZSNDwNXiMtOAV1w1qy-5kOuvy
1IvHck6ce6VwuSHd_EWVa9RmnJW0nWF8j,OODC_2024-2025.xlsx,03 — Tabelas & Engines,1v4H2YsIZSNDwNXiMtOAV1w1qy-5kOuvy
1ifKnqSFZcNF8zdc-CHpUfj56NyY-DlZE,OUTORGA_ONEROSA.xlsx,03 — Tabelas & Engines,1v4H2YsIZSNDwNXiMtOAV1w1qy-5kOuvy
1Z04ZHyuy0epwhg10SsVTAoZwG5cmiaK1,oo_2014-2023.xlsx,03 — Tabelas & Engines,1v4H2YsIZSNDwNXiMtOAV1w1qy-5kOuvy
1_w_WLS1P6QXsgBLF50roxL4gZ8vZzjIM,oo_2002-2014.xlsx,03 — Tabelas & Engines,1v4H2YsIZSNDwNXiMtOAV1w1qy-5kOuvy
1AV8v4esuCxGulgxvGskzo595vycDa3U-,iptu-2020-cep01.csv,03 — Tabelas & Engines,1v4H2YsIZSNDwNXiMtOAV1w1qy-5kOuvy
1gftoKzFaD-NyKClBg3SH8Eo0FYncQYvt,socios.csv,03 — Tabelas & Engines,1v4H2YsIZSNDwNXiMtOAV1w1qy-5kOuvy
1BrBRzC3G4atGZ8JqRZhGp4OnvBZTjOgr,holdings.csv,03 — Tabelas & Engines,1v4H2YsIZSNDwNXiMtOAV1w1qy-5kOuvy
1uRWg7wA4KuppJ1TSdEwRmV3H06fTXlnj,empresas.csv,03 — Tabelas & Engines,1v4H2YsIZSNDwNXiMtOAV1w1qy-5kOuvy
1qTUREEXNb4xKVZD1QdpSlaZc_vcnTzi_,012 - QUADRO_5_FINAL.pdf,03 — Tabelas & Engines,1v4H2YsIZSNDwNXiMtOAV1w1qy-5kOuvy
1EzRmfgGvjHQ4z9_MWj1syOIsD2Y4LTJC,011 - QUADRO_4B_FINAL.pdf,03 — Tabelas & Engines,1v4H2YsIZSNDwNXiMtOAV1w1qy-5kOuvy
1wbrY-MK1amnAgrbdAib3Q9HS8zP7F8tI,009 - QUADRO_4_FINAL.pdf,03 — Tabelas & Engines,1v4H2YsIZSNDwNXiMtOAV1w1qy-5kOuvy
1R1DMOgCXEnIpQPGp9asYoGvgDMnnEtII,010 - QUADRO_4A_FINAL.pdf,03 — Tabelas & Engines,1v4H2YsIZSNDwNXiMtOAV1w1qy-5kOuvy
1w1QTwUn9U90RBxkNUa4hDWh4eHAvf3HC,007 - QUADRO_3B_FINAL.pdf,03 — Tabelas & Engines,1v4H2YsIZSNDwNXiMtOAV1w1qy-5kOuvy
1RGSlN2o8d3p02ykMsUlKP4BrSDjL0wn5,005 - QUADRO_3_FINAL.pdf,03 — Tabelas & Engines,1v4H2YsIZSNDwNXiMtOAV1w1qy-5kOuvy
1uhb2UqXSMAkMlFSzeLWaVdK49BiToD3f,008 - QUADRO_3C_FINAL.pdf,03 — Tabelas & Engines,1v4H2YsIZSNDwNXiMtOAV1w1qy-5kOuvy
15OERH26m15vwGFkhg1K6uwLhE0-vOsff,004 - QUADRO_2B_FINAL.pdf,03 — Tabelas & Engines,1v4H2YsIZSNDwNXiMtOAV1w1qy-5kOuvy
14tYpbfw2q_FDS3EAuEUzeRNsKIks2wgU,003 - QUADRO_2A_FINAL.pdf,03 — Tabelas & Engines,1v4H2YsIZSNDwNXiMtOAV1w1qy-5kOuvy
18oqxak-1Y8utcwaOb3QY9bX_DD0E9ZhO,001 - QUADRO_1_FINAL.pdf,03 — Tabelas & Engines,1v4H2YsIZSNDwNXiMtOAV1w1qy-5kOuvy
1Y2_AQT8DEIEXksqdTNS0CqrXojCtbWpy,002 - QUADRO_2_FINAL.pdf,03 — Tabelas & Engines,1v4H2YsIZSNDwNXiMtOAV1w1qy-5kOuvy
1FoIgFRcfI39O0zIBLOLzmPWNgv4gVydp,area_potencial_e_suspeita_de_contaminacao.xlsx.gpkg,05 — Geo / Mapas,1VxXDspnEwYuiCMXjn9-YPp65h3vtb_pr
1KVspqKo2nYGzgskCjTMvu3_uRXNEePIs,Mapa 05 22(1).pdf,05 — Geo / Mapas,1VxXDspnEwYuiCMXjn9-YPp65h3vtb_pr
1RSFwjoafEwV5oz5DA7Z1uzleLGCn-ctR,layer_geosampa_apas.gpkg,05 — Geo / Mapas,1VxXDspnEwYuiCMXjn9-YPp65h3vtb_pr
1u2aLvVGM-xzoLhSs8RA_bY2ss8N6bbE1,PLANTAS.pdf,05 — Geo / Mapas,1VxXDspnEwYuiCMXjn9-YPp65h3vtb_pr
1bKOnLh0xrDfk1zVHDsehKd_exQ6vszWv,Mapas 1 a 9.pdf,05 — Geo / Mapas,1VxXDspnEwYuiCMXjn9-YPp65h3vtb_pr
1Rhs1yxu0IFcCCl28giq84TXBU3_W_rFL,QUADROS.pdf,05 — Geo / Mapas,1VxXDspnEwYuiCMXjn9-YPp65h3vtb_pr
1o8kSDTfd-c3WqhjYE2Q_mX3w7PcU_ClZ,ZEPEC_AUE.shp,05 — Geo / Mapas,1VxXDspnEwYuiCMXjn9-YPp65h3vtb_pr
1l4JDsh7Jx7K8r9Ywc7HwvAncU-Pim7p4,Mapa04_GARAGEM.pdf,05 — Geo / Mapas,1VxXDspnEwYuiCMXjn9-YPp65h3vtb_pr
1bRFOwuRvftDmNxk9nLwkggCo0XXDSroN,SIRGAS_SHP_restricaomirantesantana_polygon.cpg,05 — Geo / Mapas,1VxXDspnEwYuiCMXjn9-YPp65h3vtb_pr
1THtgVEq2HHNNJ5LBUoAFOTfX2Zw96TdO,ZEPEC_APP.cpg,05 — Geo / Mapas,1VxXDspnEwYuiCMXjn9-YPp65h3vtb_pr
1v_eb9tyrOHk0qsBFQjGk_gPrJ9rzqkr5,ZEPEC_AUE.cpg,05 — Geo / Mapas,1VxXDspnEwYuiCMXjn9-YPp65h3vtb_pr
1j22wt6DYvqB9t6khrdIz2-PzB6sN4usK,ZEPEC_BIR.cpg,05 — Geo / Mapas,1VxXDspnEwYuiCMXjn9-YPp65h3vtb_pr
1r8kXPeBpzs4rmJE7JoeF2qm-aAxlO9PH,ZEPEC_APP-BIR.cpg,05 — Geo / Mapas,1VxXDspnEwYuiCMXjn9-YPp65h3vtb_pr
1PuO2wyKZeXyEvibtdkRE4vn5RuejWstS,ZEPEC_BIR_INDIC.cpg,05 — Geo / Mapas,1VxXDspnEwYuiCMXjn9-YPp65h3vtb_pr
1I0Zden8s7K8WyZxPaQ4ZoueYKqKi-T5L,ZEPEC_AUE_INDIC.cpg,05 — Geo / Mapas,1VxXDspnEwYuiCMXjn9-YPp65h3vtb_pr
1GwE10ccA5XPcJ4KWbRFyIMaC6F1wI_qc,ZEPEC_APC.cpg,05 — Geo / Mapas,1VxXDspnEwYuiCMXjn9-YPp65h3vtb_pr
1X0muNAcafJYXqb52GsI5Jn69gSnQ_Arc,ZEPEC_BIR_INDIC.shp,05 — Geo / Mapas,1VxXDspnEwYuiCMXjn9-YPp65h3vtb_pr
1yT-tice8jVgPARUtpdpZjmsFqXx3IKWw,ZEPEC_BIR_INDIC.shx,05 — Geo / Mapas,1VxXDspnEwYuiCMXjn9-YPp65h3vtb_pr
1fq3eFCoRtMzi7DgP0fDqDLW3o7RR64Yi,ZEPEC_BIR.dbf,05 — Geo / Mapas,1VxXDspnEwYuiCMXjn9-YPp65h3vtb_pr
1SMJ5NlYfloTSOKt_PwwI618OToAKZQUk,ZEPEC_BIR.shp,05 — Geo / Mapas,1VxXDspnEwYuiCMXjn9-YPp65h3vtb_pr
1m13JbSH9lC80g98D3kpEU5OIehBANaR2,ZEPEC_AUE.dbf,05 — Geo / Mapas,1VxXDspnEwYuiCMXjn9-YPp65h3vtb_pr
1FzQ2DPPw69yNt-X-R91MO3WC7_BTNk42,ZEPEC_APP-BIR.dbf,05 — Geo / Mapas,1VxXDspnEwYuiCMXjn9-YPp65h3vtb_pr
1TwV1xjk5LsL912EbLnuH6kvhaP6VQ6vP,ZEPEC_AUE_INDIC.shx,05 — Geo / Mapas,1VxXDspnEwYuiCMXjn9-YPp65h3vtb_pr
1dDetrn1ez653eZYKHGFi187uRZkUsSML,ZEPEC_AUE_INDIC.shp,05 — Geo / Mapas,1VxXDspnEwYuiCMXjn9-YPp65h3vtb_pr
1nSJNIe4lhxSGAuVgdY2bMbr0pkLyoQbN,ZEPEC_APP-BIR.shp,05 — Geo / Mapas,1VxXDspnEwYuiCMXjn9-YPp65h3vtb_pr
1wPsdcCFcNN0SQ-bMVFx4Hnn1zgXF2Bg8,ZEPEC_BIR.shx,05 — Geo / Mapas,1VxXDspnEwYuiCMXjn9-YPp65h3vtb_pr
1GB1laiLUOoRK4uPNOXMqkMCbWfCagyS6,ZEPEC_BIR_INDIC.dbf,05 — Geo / Mapas,1VxXDspnEwYuiCMXjn9-YPp65h3vtb_pr
1H2ZoqDnvu_k2KounBmX-UTyKGL8nSSv-,ZEPEC_AUE.shx,05 — Geo / Mapas,1VxXDspnEwYuiCMXjn9-YPp65h3vtb_pr
16DifiS7Ci_CD07XJV9586c4S0RueYDkK,ZEPEC_APP.shx,05 — Geo / Mapas,1VxXDspnEwYuiCMXjn9-YPp65h3vtb_pr
1pHLWE7TpRvI8MHzu5JHAuIoLvDami6JB,ZEPEC_AUE_INDIC.dbf,05 — Geo / Mapas,1VxXDspnEwYuiCMXjn9-YPp65h3vtb_pr
16CU97jmdfj1mglc1Ap654ZGpmawM75a4,ZEPEC_APP-BIR.shx,05 — Geo / Mapas,1VxXDspnEwYuiCMXjn9-YPp65h3vtb_pr
1tkLhl4tSUnAR8g-cLUDyrwKlf-qPeQGO,ZEPEC_APP.shp,05 — Geo / Mapas,1VxXDspnEwYuiCMXjn9-YPp65h3vtb_pr
10l4K0D0itkC7_6Bk8EEOHeJ4yaF1Kwu6,ZEPEC_APC.shx,05 — Geo / Mapas,1VxXDspnEwYuiCMXjn9-YPp65h3vtb_pr
144-a6rbdq3MXD2RGZ3MIYRNhg9S4oohe,ZEPEC_APP.dbf,05 — Geo / Mapas,1VxXDspnEwYuiCMXjn9-YPp65h3vtb_pr
1AWnl7ezYuj4gsAAX_M2IOeYjCxoG620P,ZEPEC_APC.dbf,05 — Geo / Mapas,1VxXDspnEwYuiCMXjn9-YPp65h3vtb_pr
1-snDbGihSYLymOcGr8P9HHRLNQSrVp_C,ZEPEC_APC.shp,05 — Geo / Mapas,1VxXDspnEwYuiCMXjn9-YPp65h3vtb_pr
14XlL8QuHzLOMXCC4HhTOA-sWB78aSrmi,SIRGAS_SHP_restricaomirantesantana_polygon.shp,05 — Geo / Mapas,1VxXDspnEwYuiCMXjn9-YPp65h3vtb_pr
1aU-7mwSaDNVpGQyjy8-rbV608evLfpln,SIRGAS_SHP_restricaomirantesantana_polygon.dbf,05 — Geo / Mapas,1VxXDspnEwYuiCMXjn9-YPp65h3vtb_pr
1GLfmJGkpRirjmW3piUTuZNMO6s_IzUtN,SIRGAS_SHP_restricaomirantesantana_polygon.shx,05 — Geo / Mapas,1VxXDspnEwYuiCMXjn9-YPp65h3vtb_pr
1jQK8Xl5iXm_FlLmbd2sLtT9lTyfeMzcf,SIRGAS_SHP_quadraMDSF.shp,05 — Geo / Mapas,1VxXDspnEwYuiCMXjn9-YPp65h3vtb_pr
1i9u5aP1opomn6yLh64Kk2NQEVjDIUckJ,SIRGAS_SHP_quadraMDSF.dbf,05 — Geo / Mapas,1VxXDspnEwYuiCMXjn9-YPp65h3vtb_pr
1Rm8r0zvXhBi0Lc3sdcHh-DJSaRieN5mV,Mapa03_QUOTA.pdf,05 — Geo / Mapas,1VxXDspnEwYuiCMXjn9-YPp65h3vtb_pr
1rQp0t-YV8zyFi7yGfLAJ2a1F846KdCGh,Mapa1_ZONAS_com_perimetros_vetados.pdf,05 — Geo / Mapas,1VxXDspnEwYuiCMXjn9-YPp65h3vtb_pr
17EK318mHaIqnV6zngNqsKWfHLsG7mOus,SIRGAS_SHP_quadraMDSF.cpg,05 — Geo / Mapas,1VxXDspnEwYuiCMXjn9-YPp65h3vtb_pr
1fwPoaQUmB6wiYnV3KfWiRR_0e2idUbk1,SIRGAS_SHP_quadraMDSF.shx,05 — Geo / Mapas,1VxXDspnEwYuiCMXjn9-YPp65h3vtb_pr
1S-3rIMC1JdeCqUMEciVs77G5mkV0ANcS,Quadro 6 – Obras de drenagem urbana previstas.pdf,05 — Geo / Mapas,1VxXDspnEwYuiCMXjn9-YPp65h3vtb_pr
1s-E2MuTualbhmP1ZvFqmsDySO6RNDZ0J,Quadro 1 – Conceitos e definições.pdf,05 — Geo / Mapas,1VxXDspnEwYuiCMXjn9-YPp65h3vtb_pr
1VbpjUD882vUEJAFevaW6-YiXQKSTPaNg,Quadro 3B - Composição da pontuação da Quota Ambiental.pdf,05 — Geo / Mapas,1VxXDspnEwYuiCMXjn9-YPp65h3vtb_pr
1e1dDm6_LlzQjys3xjqM3rKHm1pmiLyti,MAPA_39924_POS_VETOS (1).pdf,05 — Geo / Mapas,1VxXDspnEwYuiCMXjn9-YPp65h3vtb_pr
1vf06UAdDLi7aNzBnOGb_74c-PyzuOmYH,SIRGAS_SHP_setorfiscal.shp,05 — Geo / Mapas,1VxXDspnEwYuiCMXjn9-YPp65h3vtb_pr
1KpeyXXyOwk1itnRe2VLZqtjKPqU43i0M,SIRGAS_SHP_setorfiscal.cpg,05 — Geo / Mapas,1VxXDspnEwYuiCMXjn9-YPp65h3vtb_pr
1nYDvls-p1wf4VSTtarK82r3MoJ5G9yF7,SIRGAS_SHP_setorfiscal.shx,05 — Geo / Mapas,1VxXDspnEwYuiCMXjn9-YPp65h3vtb_pr
1yBrq0PLEexKnnvjmE4bgxBlIp7fcsKTE,SIRGAS_SHP_setorfiscal.dbf,05 — Geo / Mapas,1VxXDspnEwYuiCMXjn9-YPp65h3vtb_pr
1v7DNdfxpdxlJ-kGdtp96ZSq9Cv05FmLD,SIRGAS_SHP_LOTES_43_JARDIM_ANGELA.shp,05 — Geo / Mapas,1VxXDspnEwYuiCMXjn9-YPp65h3vtb_pr
11X9pA3X7B37e4Kz6mjpfjGi7FxsIlD8e,SIRGAS_SHP_LOTES_43_JARDIM_ANGELA.cpg,05 — Geo / Mapas,1VxXDspnEwYuiCMXjn9-YPp65h3vtb_pr
1knvhlt9cpzSwABEkAZ6gziyupxWFtTtN,SIRGAS_SHP_LOTES_43_JARDIM_ANGELA.dbf,05 — Geo / Mapas,1VxXDspnEwYuiCMXjn9-YPp65h3vtb_pr
1rLFpEZc5KIrSV5j-jDiNRgN23Fl20nU8,SIRGAS_SHP_LOTES_43_JARDIM_ANGELA.shx,05 — Geo / Mapas,1VxXDspnEwYuiCMXjn9-YPp65h3vtb_pr
1wWIKVfwaH9cLQSwmIHNaP2PO0c2u76U7,SIRGAS_SHP_logradouronbl.shp,05 — Geo / Mapas,1VxXDspnEwYuiCMXjn9-YPp65h3vtb_pr
1Rzu5YrRgQO_eTKNBQ64vuk9lZcU3CPfL,SIRGAS_SHP_logradouronbl.dbf,05 — Geo / Mapas,1VxXDspnEwYuiCMXjn9-YPp65h3vtb_pr
1ixG80yIdVSsLKTGbTE75YA5saQdGglCK,SIRGAS_SHP_logradouronbl.shx,05 — Geo / Mapas,1VxXDspnEwYuiCMXjn9-YPp65h3vtb_pr
1E-U2w2uuBUOUWrP_gQahCKJAKbo7MIY1,SIRGAS_SHP_logradouronbl.cpg,05 — Geo / Mapas,1VxXDspnEwYuiCMXjn9-YPp65h3vtb_pr
14Y9Ma8JgLEPcmmEv2qsCjymsiSLBeAYw,SIRGAS_SHP_benstombados.dbf,05 — Geo / Mapas,1VxXDspnEwYuiCMXjn9-YPp65h3vtb_pr
1-1l5WX_B4kJaTZZqs71Mc0Vrfq5_1TB6,SIRGAS_SHP_benstombados.cpg,05 — Geo / Mapas,1VxXDspnEwYuiCMXjn9-YPp65h3vtb_pr
10CpweOGwQ0Ppzs0ijikIIOvfQNf8HhIz,SIRGAS_SHP_benstombados.shp,05 — Geo / Mapas,1VxXDspnEwYuiCMXjn9-YPp65h3vtb_pr
1J8hrYY_9-lmVP9oEHvZTklQ3WPKaZYfZ,SIRGAS_SHP_benstombados.shx,05 — Geo / Mapas,1VxXDspnEwYuiCMXjn9-YPp65h3vtb_pr
1NNgCwbalBxqbiajwAxASzPDjA2n_KNeB,SIRGAS_SHP_PLANO_DIRETOR_DRENAGEM.cpg,05 — Geo / Mapas,1VxXDspnEwYuiCMXjn9-YPp65h3vtb_pr
1Zptlf7Wk-kaVMo_oygWJJw0TIngGh51P,SIRGAS_SHP_PLANO_DIRETOR_DRENAGEM.shp,05 — Geo / Mapas,1VxXDspnEwYuiCMXjn9-YPp65h3vtb_pr
1Dpen8VAWRxx475IYP2GIRC9vRi94Fyxe,SIRGAS_SHP_PLANO_DIRETOR_DRENAGEM.dbf,05 — Geo / Mapas,1VxXDspnEwYuiCMXjn9-YPp65h3vtb_pr
1hK7XUSexcYWyCTFXYUp1do84UtQmUyIX,SIRGAS_SHP_PLANO_DIRETOR_DRENAGEM.prj,05 — Geo / Mapas,1VxXDspnEwYuiCMXjn9-YPp65h3vtb_pr
1gjS1Z7ujF7rdq6Fksv_Eg1zBI7Dtd8lm,SIRGAS_SHP_PLANO_DIRETOR_DRENAGEM.shx,05 — Geo / Mapas,1VxXDspnEwYuiCMXjn9-YPp65h3vtb_pr
151Rwikuh2bBi4DAvi5v6KSjYE2lEr5eX,SIRGAS_SHP_benstombados1.csv,05 — Geo / Mapas,1VxXDspnEwYuiCMXjn9-YPp65h3vtb_pr
1O6cHvsqq-3HcOtwNfQ1OeMV0XPwqf6AB,SIRGAS_SHP_ZEPEC2.csv,05 — Geo / Mapas,1VxXDspnEwYuiCMXjn9-YPp65h3vtb_pr
1G9F8xzLdXeG_Bigyw9VRnhErBkrM10x9,SIRGAS_SHP_areaenvoltoriacondephaat2.csv,05 — Geo / Mapas,1VxXDspnEwYuiCMXjn9-YPp65h3vtb_pr
1Nv42J5Ksy4fbQsvkYJUATaBYy7VOMQ5p,SIRGAS_SHP_areaenvoltoriaiphan1.csv,05 — Geo / Mapas,1VxXDspnEwYuiCMXjn9-YPp65h3vtb_pr
1KLrg4eX-hafU8oBDQE_2tWdvbIkk58G5,SIRGAS_SHP_ZEPEC1.csv,05 — Geo / Mapas,1VxXDspnEwYuiCMXjn9-YPp65h3vtb_pr
1gUbP_Rb-SgkCMBa79sk79IqdAoJmit1B,SIRGAS_SHP_areaenvoltoriaiphan2.csv,05 — Geo / Mapas,1VxXDspnEwYuiCMXjn9-YPp65h3vtb_pr
1jvqj63D7G8DF7feRZ5zS9XCEJWRDmcdS,SIRGAS_SHP_areaenvoltoriacondephaat1.csv,05 — Geo / Mapas,1VxXDspnEwYuiCMXjn9-YPp65h3vtb_pr
19LeU-v7KhEzUqUIRfU_ag6lqZr12PfaY,SIRGAS_SHP_LOTES_92_VILA_MEDEIROS.shp,05 — Geo / Mapas,1VxXDspnEwYuiCMXjn9-YPp65h3vtb_pr
1TS6PCWtWDK_WRklEAoC-eXaA1gbRAxqO,SIRGAS_SHP_LOTES_82_TUCURUVI.shp,05 — Geo / Mapas,1VxXDspnEwYuiCMXjn9-YPp65h3vtb_pr
1Xo15K46ffuEct7JxqUb5LpmFJWEn8Nws,SIRGAS_SHP_LOTES_81_TREMEMBE.shp,05 — Geo / Mapas,1VxXDspnEwYuiCMXjn9-YPp65h3vtb_pr
16Y2m5he9ny16kpPcIPOWaCruhTUjH0RT,SIRGAS_SHP_LOTES_76_SAPOPEMBA.shp,05 — Geo / Mapas,1VxXDspnEwYuiCMXjn9-YPp65h3vtb_pr
12QZYmijO9IM0JoV2t_JEU94krCad_2r7,SIRGAS_SHP_LOTES_70_SANTANA.shp,05 — Geo / Mapas,1VxXDspnEwYuiCMXjn9-YPp65h3vtb_pr
1PKyod6BF1FMXd6XjMpsGv_SJfNRzRrd2,SIRGAS_SHP_LOTES_68_SACOMA.shp,05 — Geo / Mapas,1VxXDspnEwYuiCMXjn9-YPp65h3vtb_pr
1PHPP3kF1rnEdktxxdk7L0tQ-CUUcdj59,SIRGAS_SHP_LOTES_63_PIRITUBA.shp,05 — Geo / Mapas,1VxXDspnEwYuiCMXjn9-YPp65h3vtb_pr
1a2Owysvx0nxGEJ2SZjWanwzSRgoD9lX9,SIRGAS_SHP_LOTES_38_JABAQUARA.shp,05 — Geo / Mapas,1VxXDspnEwYuiCMXjn9-YPp65h3vtb_pr
1eKkqkKGVlz-atP9-MDujjHqgz6xclmn8,SIRGAS_SHP_LOTES_36_ITAIM_PAULISTA.shp,05 — Geo / Mapas,1VxXDspnEwYuiCMXjn9-YPp65h3vtb_pr
1EpKfftisR6QZ6RoewSvR7h6fjFGF08NN,SIRGAS_SHP_LOTES_30_GRAJAU.shp,05 — Geo / Mapas,1VxXDspnEwYuiCMXjn9-YPp65h3vtb_pr
1BJ1oWbRQtc4GPHyMDlVHwWXmaFSGTxG6,SIRGAS_SHP_LOTES_29_FREGUESIA_DO_O.shp,05 — Geo / Mapas,1VxXDspnEwYuiCMXjn9-YPp65h3vtb_pr
1LUBwTmjwKOa9T0_p9DC0jlsiLWLD67oD,SIRGAS_SHP_LOTES_22_CIDADE_ADEMAR.shp,05 — Geo / Mapas,1VxXDspnEwYuiCMXjn9-YPp65h3vtb_pr
1_fhh6pr8zNAp-59JFYpdfxEeITHk-DF2,SIRGAS_SHP_LOTES_11_BRASILANDIA.shp,05 — Geo / Mapas,1VxXDspnEwYuiCMXjn9-YPp65h3vtb_pr
1xhpn8dIAH_CpJwiiOru39dw8nKX20XS3,SIRGAS_SHP_LOTES_96_LAJEADO.shp,05 — Geo / Mapas,1VxXDspnEwYuiCMXjn9-YPp65h3vtb_pr
1J8WsRyenYmvZjIzty_7_BfP5bSt6_8Ki,SIRGAS_SHP_LOTES_95_SAO_DOMINGOS.shp,05 — Geo / Mapas,1VxXDspnEwYuiCMXjn9-YPp65h3vtb_pr
1XkB_2eW4u4KBAt4tKYwsWXcakco5AwbA,SIRGAS_SHP_LOTES_94_VILA_SONIA.shp,05 — Geo / Mapas,1VxXDspnEwYuiCMXjn9-YPp65h3vtb_pr
1_ub3QYvVL4evEAjcLshWaCulfqDx-KSC,SIRGAS_SHP_LOTES_93_VILA_PRUDENTE.shp,05 — Geo / Mapas,1VxXDspnEwYuiCMXjn9-YPp65h3vtb_pr
1d6T4xqk9pJssMbSSTbruRoYWamAGHZd8,SIRGAS_SHP_LOTES_91_VILA_MATILDE.shp,05 — Geo / Mapas,1VxXDspnEwYuiCMXjn9-YPp65h3vtb_pr
1xCdKMS_NVb4zKUD1Gi60UMJ8xYU_l0v3,SIRGAS_SHP_LOTES_90_VILA_MARIANA.shp,05 — Geo / Mapas,1VxXDspnEwYuiCMXjn9-YPp65h3vtb_pr
1JRizcJ6cK0wueTvVY2sJp5OFKswdXXsQ,SIRGAS_SHP_LOTES_89_VILA_MARIA.shp,05 — Geo / Mapas,1VxXDspnEwYuiCMXjn9-YPp65h3vtb_pr
1uD5YJhqLtsMEzGIHEXOHJlgywcfm4rma,SIRGAS_SHP_LOTES_88_VILA_LEOPOLDINA.shp,05 — Geo / Mapas,1VxXDspnEwYuiCMXjn9-YPp65h3vtb_pr
1fLlcs5iKd94XxK-eb-IhVGYEWxzR-EkZ,SIRGAS_SHP_LOTES_87_VILA_JACUI.shp,05 — Geo / Mapas,1VxXDspnEwYuiCMXjn9-YPp65h3vtb_pr
1mX_rZgWR0BqSUMvD-L0R4x9i72FE1e_L,SIRGAS_SHP_LOTES_86_VILA_GUILHERME.shp,05 — Geo / Mapas,1VxXDspnEwYuiCMXjn9-YPp65h3vtb_pr
1a6oSTqVdEfT1G9TiQ8XH0HeoT8XwO4HP,SIRGAS_SHP_LOTES_85_VILA_FORMOSA.shp,05 — Geo / Mapas,1VxXDspnEwYuiCMXjn9-YPp65h3vtb_pr
1EprsZ5IYqlhZrDNO3O8zSpESLQRH9jki,SIRGAS_SHP_LOTES_84_VILA_CURUCA.shp,05 — Geo / Mapas,1VxXDspnEwYuiCMXjn9-YPp65h3vtb_pr
17IqAc-S6l3Nszqswk0A4iyvrsACYc-ec,SIRGAS_SHP_LOTES_83_VILA_ANDRADE.shp,05 — Geo / Mapas,1VxXDspnEwYuiCMXjn9-YPp65h3vtb_pr
1vZ8qH8LisMyMRH_J1ex5CRzaAeWQfl_l,SIRGAS_SHP_LOTES_80_TATUAPE.shp,05 — Geo / Mapas,1VxXDspnEwYuiCMXjn9-YPp65h3vtb_pr
18-L1FvZ9xK51X1Wib0LVc2PfQtos4BeU,SIRGAS_SHP_LOTES_79_SOCORRO.shp,05 — Geo / Mapas,1VxXDspnEwYuiCMXjn9-YPp65h3vtb_pr
1bbqp9UId-K3ObeUEXaV6K-ach3mjvOxV,SIRGAS_SHP_LOTES_77_SAUDE.shp,05 — Geo / Mapas,1VxXDspnEwYuiCMXjn9-YPp65h3vtb_pr
1FMhH5HxinG25xrWf1oUVN09xIrlSQwDh,SIRGAS_SHP_LOTES_75_SAO_RAFAEL.shp,05 — Geo / Mapas,1VxXDspnEwYuiCMXjn9-YPp65h3vtb_pr
1svGIZ--MdInwbmK41Z5PVdAmRbd_VTut,SIRGAS_SHP_LOTES_74_SAO_MIGUEL.shp,05 — Geo / Mapas,1VxXDspnEwYuiCMXjn9-YPp65h3vtb_pr
145V1bSAnX0g70-n3EPmVtSGoG-eOqABR,SIRGAS_SHP_LOTES_73_SAO_MATEUS.shp,05 — Geo / Mapas,1VxXDspnEwYuiCMXjn9-YPp65h3vtb_pr
1n_8uJ_2YO-52grXBqLJqrm3AFlDpPMsA,SIRGAS_SHP_LOTES_72_SAO_LUCAS.shp,05 — Geo / Mapas,1VxXDspnEwYuiCMXjn9-YPp65h3vtb_pr
1yJRyY4L_Fy6cUulOb91Lvun9agi6tK86,SIRGAS_SHP_LOTES_71_SANTO_AMARO.shp,05 — Geo / Mapas,1VxXDspnEwYuiCMXjn9-YPp65h3vtb_pr
1p5AWmJj8R_Ihcz0LaOOgmei9wE2YPzZU,SIRGAS_SHP_LOTES_69_SANTA_CECILIA.shp,05 — Geo / Mapas,1VxXDspnEwYuiCMXjn9-YPp65h3vtb_pr
1xu9ODzhZvqdvQuQUUJdYelZDI6ONzRBv,SIRGAS_SHP_LOTES_67_RIO_PEQUENO.shp,05 — Geo / Mapas,1VxXDspnEwYuiCMXjn9-YPp65h3vtb_pr
12FA_ZikxJL0_qRiPPBvZmywVKQjJtZX1,SIRGAS_SHP_LOTES_65_RAPOSO_TAVARES.shp,05 — Geo / Mapas,1VxXDspnEwYuiCMXjn9-YPp65h3vtb_pr
1wOh21k6MOj0ci8o1R7XcEYE9f2y8NFrx,SIRGAS_SHP_LOTES_64_PONTE_RASA.shp,05 — Geo / Mapas,1VxXDspnEwYuiCMXjn9-YPp65h3vtb_pr
1Z-_JRStOf9n9wYNWTWRtJlnnsqktg5tg,SIRGAS_SHP_LOTES_62_PINHEIROS.shp,05 — Geo / Mapas,1VxXDspnEwYuiCMXjn9-YPp65h3vtb_pr
1hlEMOur9rGAUCK_Qwjv3jvVUXU8XlyHn,SIRGAS_SHP_LOTES_61_PERUS.shp,05 — Geo / Mapas,1VxXDspnEwYuiCMXjn9-YPp65h3vtb_pr
1AV69P69L2qIYoTm3UdJ53imUjbavA3ZW,SIRGAS_SHP_LOTES_60_PERDIZES.shp,05 — Geo / Mapas,1VxXDspnEwYuiCMXjn9-YPp65h3vtb_pr
1O7oNEVBy4IlRmlugybFszOWeV6-VNnlF,SIRGAS_SHP_LOTES_59_PENHA.shp,05 — Geo / Mapas,1VxXDspnEwYuiCMXjn9-YPp65h3vtb_pr
1LmWChB25frsB8Q8nRi_lMzBcM2SC9R93,SIRGAS_SHP_LOTES_58_PEDREIRA.shp,05 — Geo / Mapas,1VxXDspnEwYuiCMXjn9-YPp65h3vtb_pr
1f7EhS-7wEfNH-dw8EI4SRJBL6yp35MXt,SIRGAS_SHP_LOTES_57_PARQUE_DO_CARMO.shp,05 — Geo / Mapas,1VxXDspnEwYuiCMXjn9-YPp65h3vtb_pr
1ie4TOdiq75hVclJB2Ui-GYwThZ_mwHib,SIRGAS_SHP_LOTES_56_PARI.shp,05 — Geo / Mapas,1VxXDspnEwYuiCMXjn9-YPp65h3vtb_pr
1Bv55bLkW3gTGAvqAU1BK0y9V1UtdrTnV,SIRGAS_SHP_LOTES_55_PARELHEIROS.shp,05 — Geo / Mapas,1VxXDspnEwYuiCMXjn9-YPp65h3vtb_pr
1RaRhoUAVe2EkFRp35XFsDj9N8ZkQNktg,SIRGAS_SHP_LOTES_54_MORUMBI.shp,05 — Geo / Mapas,1VxXDspnEwYuiCMXjn9-YPp65h3vtb_pr
1WkZX8jiY3YMRWLpxJjDg2gwGEpys60pU,SIRGAS_SHP_LOTES_53_MOOCA.shp,05 — Geo / Mapas,1VxXDspnEwYuiCMXjn9-YPp65h3vtb_pr
11IJG_Lq5qCe4D8cjATxt46yKxz05QS6T,SIRGAS_SHP_LOTES_51_MANDAQUI.shp,05 — Geo / Mapas,1VxXDspnEwYuiCMXjn9-YPp65h3vtb_pr
1LsQZBETL0ShdcYvvMejGQOcfRTj7AtDM,SIRGAS_SHP_LOTES_50_LIMAO.shp,05 — Geo / Mapas,1VxXDspnEwYuiCMXjn9-YPp65h3vtb_pr
1bMRtLalYHHnUz1T7tY0gU2q5cG2BMlVR,SIRGAS_SHP_LOTES_49_LIBERDADE.shp,05 — Geo / Mapas,1VxXDspnEwYuiCMXjn9-YPp65h3vtb_pr
1fX_D-WtWWvNSIwWrGAJlwDHcAHZ-eKi2,SIRGAS_SHP_LOTES_48_LAPA.shp,05 — Geo / Mapas,1VxXDspnEwYuiCMXjn9-YPp65h3vtb_pr
1wUkT1W2owfCISsdnbS3rmryuD7b_jSwJ,SIRGAS_SHP_LOTES_47_JOSE_BONIFACIO.shp,05 — Geo / Mapas,1VxXDspnEwYuiCMXjn9-YPp65h3vtb_pr
1pOwa2ZwlZ3RHCW61njCKgf68vzBtGJ7A,SIRGAS_SHP_LOTES_46_JARDIM_SAO_LUIS.shp,05 — Geo / Mapas,1VxXDspnEwYuiCMXjn9-YPp65h3vtb_pr
18_XYaV249lWFHmZl9nxzSqQAbOuR7nYP,SIRGAS_SHP_LOTES_45_JARDIM_PAULISTA.shp,05 — Geo / Mapas,1VxXDspnEwYuiCMXjn9-YPp65h3vtb_pr
1vi2KWxW0RQ2rfcO4cl5a6tDwlflQsCre,SIRGAS_SHP_LOTES_44_JARDIM_HELENA.shp,05 — Geo / Mapas,1VxXDspnEwYuiCMXjn9-YPp65h3vtb_pr
1YP97-hhPM7ddDeDhPiWUatdld8NCA0WD,SIRGAS_SHP_LOTES_42_JARAGUA.shp,05 — Geo / Mapas,1VxXDspnEwYuiCMXjn9-YPp65h3vtb_pr
13ONyLnBl0iGzOKcuNGzWmyAoS8unfx2P,SIRGAS_SHP_LOTES_41_JAGUARE.shp,05 — Geo / Mapas,1VxXDspnEwYuiCMXjn9-YPp65h3vtb_pr
1kX3WdgydTuYJI-g3-0FTu9o_P5V-1RS1,SIRGAS_SHP_LOTES_40_JAGUARA.shp,05 — Geo / Mapas,1VxXDspnEwYuiCMXjn9-YPp65h3vtb_pr
1Db4RF_DdMsexyLqdf8qmcdqEG-yRBQ_H,SIRGAS_SHP_LOTES_39_JACANA.shp,05 — Geo / Mapas,1VxXDspnEwYuiCMXjn9-YPp65h3vtb_pr
1Is6lzAxye6vrfVYGA9jdslFuYAVzuBLm,SIRGAS_SHP_LOTES_37_ITAQUERA.shp,05 — Geo / Mapas,1VxXDspnEwYuiCMXjn9-YPp65h3vtb_pr
1pOtPE16D8OoDZO4395lESk4nLkUiEiFv,SIRGAS_SHP_LOTES_35_ITAIM_BIBI.shp,05 — Geo / Mapas,1VxXDspnEwYuiCMXjn9-YPp65h3vtb_pr
11T6e0Gud3HmUu1zzhm3Pf01kSaiMuqtZ,SIRGAS_SHP_LOTES_34_IPIRANGA.shp,05 — Geo / Mapas,1VxXDspnEwYuiCMXjn9-YPp65h3vtb_pr
1ufY5vQz3hBUyF-QxcjpIFyqE0D9cD_yw,SIRGAS_SHP_LOTES_33_IGUATEMI.shp,05 — Geo / Mapas,1VxXDspnEwYuiCMXjn9-YPp65h3vtb_pr
18x1aJpUe_k3rZr7CmpovRs2svHfFJcT3,SIRGAS_SHP_LOTES_32_MOEMA.shp,05 — Geo / Mapas,1VxXDspnEwYuiCMXjn9-YPp65h3vtb_pr
1o56Mk5R4SGBu1h1XZGx2WCeRv94mcIiX,SIRGAS_SHP_LOTES_31_GUAIANASES.shp,05 — Geo / Mapas,1VxXDspnEwYuiCMXjn9-YPp65h3vtb_pr
1_hV3grpRydqzV087zC0NuSO97EUtdQSr,SIRGAS_SHP_LOTES_28_ERMELINO_MATARAZZO.shp,05 — Geo / Mapas,1VxXDspnEwYuiCMXjn9-YPp65h3vtb_pr
1XZajobB1j3FN9_Rtr96SDESM0-vsQGxF,SIRGAS_SHP_LOTES_27_CURSINO.shp,05 — Geo / Mapas,1VxXDspnEwYuiCMXjn9-YPp65h3vtb_pr
1Ur3CjoN_qITpyj8oW4xBza4GottRJNTQ,SIRGAS_SHP_LOTES_25_CIDADE_TIRADENTES.shp,05 — Geo / Mapas,1VxXDspnEwYuiCMXjn9-YPp65h3vtb_pr
1D1VqYxDQu2VOcbAkjmueNWe7h6oSr5KE,SIRGAS_SHP_LOTES_24_CIDADE_LIDER.shp,05 — Geo / Mapas,1VxXDspnEwYuiCMXjn9-YPp65h3vtb_pr
1_wCkmKMTPyTrmjxU9VUAmtR1A_5Xkypi,SIRGAS_SHP_LOTES_23_CIDADE_DUTRA.shp,05 — Geo / Mapas,1VxXDspnEwYuiCMXjn9-YPp65h3vtb_pr
13fjuZFPnw6OzEvMiPWr_Uj4q0YCK0acH,SIRGAS_SHP_LOTES_21_CASA_VERDE.shp,05 — Geo / Mapas,1VxXDspnEwYuiCMXjn9-YPp65h3vtb_pr
1U-47Sz8vgTFp0dgpYy31ZgBvv_OU8wAD,SIRGAS_SHP_LOTES_20_CARRAO.shp,05 — Geo / Mapas,1VxXDspnEwYuiCMXjn9-YPp65h3vtb_pr
1m7SxgsU650EjWkkEYyXhgg1745n-N1ct,SIRGAS_SHP_LOTES_19_CAPAO_REDONDO.shp,05 — Geo / Mapas,1VxXDspnEwYuiCMXjn9-YPp65h3vtb_pr
1GwJ5wn--UkEn8yoSjBqhLWOylykXO-h4,SIRGAS_SHP_LOTES_18_CANGAIBA.shp,05 — Geo / Mapas,1VxXDspnEwYuiCMXjn9-YPp65h3vtb_pr
1dv6immLv5_7clJnDT97OWKdl6mvCXj4B,SIRGAS_SHP_LOTES_17_CAMPO_LIMPO.shp,05 — Geo / Mapas,1VxXDspnEwYuiCMXjn9-YPp65h3vtb_pr
1NBOU1pR67tvrj5ag5nucQAfjblznnMfS,SIRGAS_SHP_LOTES_16_CAMPO_GRANDE.shp,05 — Geo / Mapas,1VxXDspnEwYuiCMXjn9-YPp65h3vtb_pr
1eIxui4FWFktdmxRIgmr39sN61ubME3fM,SIRGAS_SHP_LOTES_15_CAMPO_BELO.shp,05 — Geo / Mapas,1VxXDspnEwYuiCMXjn9-YPp65h3vtb_pr
1tm9E49OPkm8g2QRCEzMCGKeUG6S8RT7O,SIRGAS_SHP_LOTES_14_CAMBUCI.shp,05 — Geo / Mapas,1VxXDspnEwYuiCMXjn9-YPp65h3vtb_pr
1q_MopVRChIiuTBPiQ8LX6q-W_8o1m110,SIRGAS_SHP_LOTES_13_CACHOEIRINHA.shp,05 — Geo / Mapas,1VxXDspnEwYuiCMXjn9-YPp65h3vtb_pr
1uxk6gDwJZMcuN6dYQa6qwFwyYQJB9pOt,SIRGAS_SHP_LOTES_12_BUTANTA.shp,05 — Geo / Mapas,1VxXDspnEwYuiCMXjn9-YPp65h3vtb_pr
1vUTWNmiC10Oy2mw120BpV_3IrnyKnmIY,SIRGAS_SHP_LOTES_10_BRAS.shp,05 — Geo / Mapas,1VxXDspnEwYuiCMXjn9-YPp65h3vtb_pr
1wu2PspBOqqblopMKWjkbHAjOWwdRfAV8,SIRGAS_SHP_LOTES_09_BOM_RETIRO.shp,05 — Geo / Mapas,1VxXDspnEwYuiCMXjn9-YPp65h3vtb_pr
1znUgmc7AjUEF9x-T1Ck25nybicUy4AlF,SIRGAS_SHP_LOTES_08_BELEM.shp,05 — Geo / Mapas,1VxXDspnEwYuiCMXjn9-YPp65h3vtb_pr
1cTaGrDX3iiTjSkW1aeMt5k7hl2DdBIuO,SIRGAS_SHP_LOTES_05_ARTUR_ALVIM.shp,05 — Geo / Mapas,1VxXDspnEwYuiCMXjn9-YPp65h3vtb_pr
1UmiZxDGYHBXoVUMwu0fh5FvorFHZU0ZZ,SIRGAS_SHP_LOTES_95_SAO_DOMINGOS.cpg,05 — Geo / Mapas,1VxXDspnEwYuiCMXjn9-YPp65h3vtb_pr
11ENoXVqE2vwLPnRV5WthJK9Acz6mXqMg,SIRGAS_SHP_LOTES_96_LAJEADO.cpg,05 — Geo / Mapas,1VxXDspnEwYuiCMXjn9-YPp65h3vtb_pr
1XoLIjyMLOe6RjBnyp0_Hn6z0ukrc1he4,SIRGAS_SHP_LOTES_94_VILA_SONIA.cpg,05 — Geo / Mapas,1VxXDspnEwYuiCMXjn9-YPp65h3vtb_pr
1BeLw8VxIGtdKgbM5vK2CrJZJPaQMwO_S,SIRGAS_SHP_LOTES_91_VILA_MATILDE.cpg,05 — Geo / Mapas,1VxXDspnEwYuiCMXjn9-YPp65h3vtb_pr
1k7dWQnUiDP4SA-2b0cqaZH1xn_2lMZyz,SIRGAS_SHP_LOTES_93_VILA_PRUDENTE.cpg,05 — Geo / Mapas,1VxXDspnEwYuiCMXjn9-YPp65h3vtb_pr
1bvTWNnM0i10uPcmzLmaVBYSIEjvar4n4,SIRGAS_SHP_LOTES_92_VILA_MEDEIROS.cpg,05 — Geo / Mapas,1VxXDspnEwYuiCMXjn9-YPp65h3vtb_pr
1eqmZkgwtGTOQsxexVXqQdowL72Ww1wSe,SIRGAS_SHP_LOTES_04_ARICANDUVA.shp,05 — Geo / Mapas,1VxXDspnEwYuiCMXjn9-YPp65h3vtb_pr
1zTbM-1npNoCt5xx-UQ4gscJRr2z4EtwN,SIRGAS_SHP_LOTES_80_TATUAPE.cpg,05 — Geo / Mapas,1VxXDspnEwYuiCMXjn9-YPp65h3vtb_pr
1FqzSYgJSvxMaF2U7GmmvrjZVdtA8eAFo,SIRGAS_SHP_LOTES_83_VILA_ANDRADE.cpg,05 — Geo / Mapas,1VxXDspnEwYuiCMXjn9-YPp65h3vtb_pr
1AHFkXkEcOm7ZXherKPNzZNirVrtRBPdF,SIRGAS_SHP_LOTES_87_VILA_JACUI.cpg,05 — Geo / Mapas,1VxXDspnEwYuiCMXjn9-YPp65h3vtb_pr
1z6_rUUaLWE2y26u3L7AfL06hGS4S2vz0,SIRGAS_SHP_LOTES_86_VILA_GUILHERME.cpg,05 — Geo / Mapas,1VxXDspnEwYuiCMXjn9-YPp65h3vtb_pr
101IZhOOzGu8yWoaA273eFAL4FEsF9xgp,SIRGAS_SHP_LOTES_85_VILA_FORMOSA.cpg,05 — Geo / Mapas,1VxXDspnEwYuiCMXjn9-YPp65h3vtb_pr
1j7SXNgKGF6SV_K4g1gC7bQe8yu-az92s,SIRGAS_SHP_LOTES_75_SAO_RAFAEL.cpg,05 — Geo / Mapas,1VxXDspnEwYuiCMXjn9-YPp65h3vtb_pr
1cnUxpN8PQtfUr7_f1QWIn0Bh0xe88V-y,SIRGAS_SHP_LOTES_89_VILA_MARIA.cpg,05 — Geo / Mapas,1VxXDspnEwYuiCMXjn9-YPp65h3vtb_pr
1D2gCtB7tgktMkArnCdndXCvo3ey2xtD-,SIRGAS_SHP_LOTES_88_VILA_LEOPOLDINA.cpg,05 — Geo / Mapas,1VxXDspnEwYuiCMXjn9-YPp65h3vtb_pr
1CsTqoHKAxTXvunxlNxNBAd0OfaF0Zb4K,SIRGAS_SHP_LOTES_90_VILA_MARIANA.cpg,05 — Geo / Mapas,1VxXDspnEwYuiCMXjn9-YPp65h3vtb_pr
1TT01AglMypnG_uIIYyT3wmoYpgy4Wj6K,SIRGAS_SHP_LOTES_81_TREMEMBE.cpg,05 — Geo / Mapas,1VxXDspnEwYuiCMXjn9-YPp65h3vtb_pr
1VNTq2wFxsdMr_1UTV3wlS9mBAvudqsR0,SIRGAS_SHP_LOTES_84_VILA_CURUCA.cpg,05 — Geo / Mapas,1VxXDspnEwYuiCMXjn9-YPp65h3vtb_pr
1t_V0JXd2obS3LQn0JtF91lEZM4-9xW7d,SIRGAS_SHP_LOTES_79_SOCORRO.cpg,05 — Geo / Mapas,1VxXDspnEwYuiCMXjn9-YPp65h3vtb_pr
1bukkA1yC1uvgpuE06XIy80ooSrLL7rDh,SIRGAS_SHP_LOTES_78_SE.cpg,05 — Geo / Mapas,1VxXDspnEwYuiCMXjn9-YPp65h3vtb_pr
1xIPee6JRr_FcCMIHKyzdp-s9n4Vwdn4T,SIRGAS_SHP_LOTES_76_SAPOPEMBA.cpg,05 — Geo / Mapas,1VxXDspnEwYuiCMXjn9-YPp65h3vtb_pr
1tNyKu7_jvBiGuJVnjbPcuTb_OQ4RNqkw,SIRGAS_SHP_LOTES_82_TUCURUVI.cpg,05 — Geo / Mapas,1VxXDspnEwYuiCMXjn9-YPp65h3vtb_pr
1WH8pm-8Rll-gENuAvCcAqb_FV5loPAio,SIRGAS_SHP_LOTES_77_SAUDE.cpg,05 — Geo / Mapas,1VxXDspnEwYuiCMXjn9-YPp65h3vtb_pr
1Dho3YVtcF-9GfLCq1NV6xzOjs0TY3Yhc,SIRGAS_SHP_LOTES_03_ANHANGUERA.shp,05 — Geo / Mapas,1VxXDspnEwYuiCMXjn9-YPp65h3vtb_pr
1faC3uBUqtf1NGdx0wvm7jhCsa98WdKqq,SIRGAS_SHP_LOTES_72_SAO_LUCAS.cpg,05 — Geo / Mapas,1VxXDspnEwYuiCMXjn9-YPp65h3vtb_pr
1lY-iv2Ds6ycpG5DCAR3QK5evnIG6C-hv,SIRGAS_SHP_LOTES_66_REPUBLICA.cpg,05 — Geo / Mapas,1VxXDspnEwYuiCMXjn9-YPp65h3vtb_pr
142Txax4yH5Y_Vx7p7K6T0u9G1ctlqGKt,SIRGAS_SHP_LOTES_65_RAPOSO_TAVARES.cpg,05 — Geo / Mapas,1VxXDspnEwYuiCMXjn9-YPp65h3vtb_pr
1cfOnZ3qmpDmjuQhquQLitUT85NDzQ4F-,SIRGAS_SHP_LOTES_69_SANTA_CECILIA.cpg,05 — Geo / Mapas,1VxXDspnEwYuiCMXjn9-YPp65h3vtb_pr
1tbVJvIZdPBinruXVRnH5S7R2OAcWPSiE,SIRGAS_SHP_LOTES_64_PONTE_RASA.cpg,05 — Geo / Mapas,1VxXDspnEwYuiCMXjn9-YPp65h3vtb_pr
1QCD4RbojOSV1KY9DARFdh1u9_ZspBm6Z,SIRGAS_SHP_LOTES_74_SAO_MIGUEL.cpg,05 — Geo / Mapas,1VxXDspnEwYuiCMXjn9-YPp65h3vtb_pr
1DqVy_YrIJ-MaK_NH8X8r5Ts8m1d3AHPN,SIRGAS_SHP_LOTES_70_SANTANA.cpg,05 — Geo / Mapas,1VxXDspnEwYuiCMXjn9-YPp65h3vtb_pr
1xvidK_pYLxL0zcsdc__qVq-YCccIe7HL,SIRGAS_SHP_LOTES_71_SANTO_AMARO.cpg,05 — Geo / Mapas,1VxXDspnEwYuiCMXjn9-YPp65h3vtb_pr
1KPANSI-3vrOPbmLDVpavFUJAF4p-NwtV,SIRGAS_SHP_LOTES_67_RIO_PEQUENO.cpg,05 — Geo / Mapas,1VxXDspnEwYuiCMXjn9-YPp65h3vtb_pr
1qvP6opEpfvWLZQbG-VdGk5gAZJJf7F6v,SIRGAS_SHP_LOTES_63_PIRITUBA.cpg,05 — Geo / Mapas,1VxXDspnEwYuiCMXjn9-YPp65h3vtb_pr
1pZ5TWPULUVU6JfRBpaeKeOpqznCX2jtN,SIRGAS_SHP_LOTES_60_PERDIZES.cpg,05 — Geo / Mapas,1VxXDspnEwYuiCMXjn9-YPp65h3vtb_pr
18bkQFmS6oCGjcVR99iAsrFISW437pARe,SIRGAS_SHP_LOTES_68_SACOMA.cpg,05 — Geo / Mapas,1VxXDspnEwYuiCMXjn9-YPp65h3vtb_pr
1uGXS16lLvzlgJWpdyLcfG4HfZxR5Eig-,SIRGAS_SHP_LOTES_62_PINHEIROS.cpg,05 — Geo / Mapas,1VxXDspnEwYuiCMXjn9-YPp65h3vtb_pr
1hNEsLDeCM1JMUfmlefQhbzhVE4od2q4X,SIRGAS_SHP_LOTES_73_SAO_MATEUS.cpg,05 — Geo / Mapas,1VxXDspnEwYuiCMXjn9-YPp65h3vtb_pr
1cZa2f_HZWH0Dj2dFIPuE_YZPW0H1Ay96,SIRGAS_SHP_LOTES_61_PERUS.cpg,05 — Geo / Mapas,1VxXDspnEwYuiCMXjn9-YPp65h3vtb_pr
1fJy9aEeNfI9ZK0OkRCmzCWWbGMABnCl1,SIRGAS_SHP_LOTES_59_PENHA.cpg,05 — Geo / Mapas,1VxXDspnEwYuiCMXjn9-YPp65h3vtb_pr
11rN6AzOLinEiBNtbnAkrG4_yUGWBdDQe,SIRGAS_SHP_LOTES_44_JARDIM_HELENA.cpg,05 — Geo / Mapas,1VxXDspnEwYuiCMXjn9-YPp65h3vtb_pr
12JSu0C2my6N0GOBVu75CL6pSLEN6nx5z,SIRGAS_SHP_LOTES_45_JARDIM_PAULISTA.cpg,05 — Geo / Mapas,1VxXDspnEwYuiCMXjn9-YPp65h3vtb_pr
11xPsitBpfR5X2EBPoMDNLtRLg1jGP0RF,SIRGAS_SHP_LOTES_52_MARSILAC.cpg,05 — Geo / Mapas,1VxXDspnEwYuiCMXjn9-YPp65h3vtb_pr
1tEllev86gObzqgBhlNCso5WYmuBrNUVj,SIRGAS_SHP_LOTES_56_PARI.cpg,05 — Geo / Mapas,1VxXDspnEwYuiCMXjn9-YPp65h3vtb_pr
1X0L95B2_c8GZZpSO28ZJr9gzuRlufXF_,SIRGAS_SHP_LOTES_55_PARELHEIROS.cpg,05 — Geo / Mapas,1VxXDspnEwYuiCMXjn9-YPp65h3vtb_pr
1-K3FtacDgTlOaCOQQHW3oAE4-Y0JfAIs,SIRGAS_SHP_LOTES_53_MOOCA.cpg,05 — Geo / Mapas,1VxXDspnEwYuiCMXjn9-YPp65h3vtb_pr
1AM84aI9StYAUwr_dN6N8KE7s4TthyJh4,SIRGAS_SHP_LOTES_57_PARQUE_DO_CARMO.cpg,05 — Geo / Mapas,1VxXDspnEwYuiCMXjn9-YPp65h3vtb_pr
11eEW2g3134uAOATczvtTFbJ7m6VUAiEy,SIRGAS_SHP_LOTES_49_LIBERDADE.cpg,05 — Geo / Mapas,1VxXDspnEwYuiCMXjn9-YPp65h3vtb_pr
1Zj211JgFH34wPQ7pxTjeBp8JLbGGA67n,SIRGAS_SHP_LOTES_47_JOSE_BONIFACIO.cpg,05 — Geo / Mapas,1VxXDspnEwYuiCMXjn9-YPp65h3vtb_pr
1zIXf9BOp89YmIGMoCKq9nIWOXtIIH5oW,SIRGAS_SHP_LOTES_54_MORUMBI.cpg,05 — Geo / Mapas,1VxXDspnEwYuiCMXjn9-YPp65h3vtb_pr
1ReRixQGo-bPkjsCN1Wo8vfS1KWisO6px,SIRGAS_SHP_LOTES_51_MANDAQUI.cpg,05 — Geo / Mapas,1VxXDspnEwYuiCMXjn9-YPp65h3vtb_pr
1MwFCWES_0ddcrcb9MU8mBgkJT0DvhVy4,SIRGAS_SHP_LOTES_48_LAPA.cpg,05 — Geo / Mapas,1VxXDspnEwYuiCMXjn9-YPp65h3vtb_pr
1PDVAGQPFStfb6PEtgt5ICSMMoEvtgFdG,SIRGAS_SHP_LOTES_50_LIMAO.cpg,05 — Geo / Mapas,1VxXDspnEwYuiCMXjn9-YPp65h3vtb_pr
1E5g6kteH1lGlB8oIgAOaThG9lzc6WHpc,SIRGAS_SHP_LOTES_58_PEDREIRA.cpg,05 — Geo / Mapas,1VxXDspnEwYuiCMXjn9-YPp65h3vtb_pr
1FRyPpyw_jSpgSbLkrACxkK4-MCOpGdZY,SIRGAS_SHP_LOTES_46_JARDIM_SAO_LUIS.cpg,05 — Geo / Mapas,1VxXDspnEwYuiCMXjn9-YPp65h3vtb_pr
1uM7G194po_8pepwEodB1tVI6XvvyAJkz,SIRGAS_SHP_LOTES_02_ALTO_DE_PINHEIROS.shp,05 — Geo / Mapas,1VxXDspnEwYuiCMXjn9-YPp65h3vtb_pr
1s48BP8AfvaERKUaGcgYDxqfO-_FaxtpA,SIRGAS_SHP_LOTES_40_JAGUARA.cpg,05 — Geo / Mapas,1VxXDspnEwYuiCMXjn9-YPp65h3vtb_pr
1xhXWWWQfKPSXqkYvY1CwvEIxwmidNQLy,SIRGAS_SHP_LOTES_33_IGUATEMI.cpg,05 — Geo / Mapas,1VxXDspnEwYuiCMXjn9-YPp65h3vtb_pr
14r7NA6qBsKhy8APnbYc-r_EMCFYHnzFc,SIRGAS_SHP_LOTES_36_ITAIM_PAULISTA.cpg,05 — Geo / Mapas,1VxXDspnEwYuiCMXjn9-YPp65h3vtb_pr
1sdWEODP2kMw5AZHz86P9hckBysiL7i-j,SIRGAS_SHP_LOTES_32_MOEMA.cpg,05 — Geo / Mapas,1VxXDspnEwYuiCMXjn9-YPp65h3vtb_pr
1mIDoDCxn3u7W9ZbJNyMzTy--O4a-2VId,SIRGAS_SHP_LOTES_34_IPIRANGA.cpg,05 — Geo / Mapas,1VxXDspnEwYuiCMXjn9-YPp65h3vtb_pr
10_10_m0aRqTpEZOYYvL8cQTgCmCCshJY,SIRGAS_SHP_LOTES_28_ERMELINO_MATARAZZO.cpg,05 — Geo / Mapas,1VxXDspnEwYuiCMXjn9-YPp65h3vtb_pr
1VWDMVbDrotmUnB-_RQylKKfP6ARV5bQQ,SIRGAS_SHP_LOTES_37_ITAQUERA.cpg,05 — Geo / Mapas,1VxXDspnEwYuiCMXjn9-YPp65h3vtb_pr
17jewm5IpeGMr6n1nECWvbioGvLHPXZ8r,SIRGAS_SHP_LOTES_27_CURSINO.cpg,05 — Geo / Mapas,1VxXDspnEwYuiCMXjn9-YPp65h3vtb_pr
1iDZ1_gWp191s1gPkmWRnds7RtnI6fF-8,SIRGAS_SHP_LOTES_31_GUAIANASES.cpg,05 — Geo / Mapas,1VxXDspnEwYuiCMXjn9-YPp65h3vtb_pr
19PYoUsNmsppLIBJwJByxX96IQyFhC3m0,SIRGAS_SHP_LOTES_42_JARAGUA.cpg,05 — Geo / Mapas,1VxXDspnEwYuiCMXjn9-YPp65h3vtb_pr
1OKxXmh5-uGKDII3McafwcwV3C4VMmm74,SIRGAS_SHP_LOTES_38_JABAQUARA.cpg,05 — Geo / Mapas,1VxXDspnEwYuiCMXjn9-YPp65h3vtb_pr
1GM0ZzZHxZ93vcwA5ygcnP4oke-l0k1cI,SIRGAS_SHP_LOTES_30_GRAJAU.cpg,05 — Geo / Mapas,1VxXDspnEwYuiCMXjn9-YPp65h3vtb_pr
10EZsQiR9Bhau-MOAZpMN_1yxqVct403c,SIRGAS_SHP_LOTES_41_JAGUARE.cpg,05 — Geo / Mapas,1VxXDspnEwYuiCMXjn9-YPp65h3vtb_pr
1yOPzCx8m-aMSRGHL31QfVSBHB88d1HLN,SIRGAS_SHP_LOTES_39_JACANA.cpg,05 — Geo / Mapas,1VxXDspnEwYuiCMXjn9-YPp65h3vtb_pr
1-at5Mmz0ztlQxyqOrgzyalEVmVgfp4qB,SIRGAS_SHP_LOTES_35_ITAIM_BIBI.cpg,05 — Geo / Mapas,1VxXDspnEwYuiCMXjn9-YPp65h3vtb_pr
1e5oIvaoDKn0SibfCHEpSE1kgfJcc-4am,SIRGAS_SHP_LOTES_29_FREGUESIA_DO_O.cpg,05 — Geo / Mapas,1VxXDspnEwYuiCMXjn9-YPp65h3vtb_pr
18ECgaDDUWfS-6ft9vDBGCyl0zE0o4H9R,SIRGAS_SHP_LOTES_01_AGUA_RASA.shp,05 — Geo / Mapas,1VxXDspnEwYuiCMXjn9-YPp65h3vtb_pr
1TdKA4mDT4H976x7hQlF7uJZsO7H-U9Es,SIRGAS_SHP_LOTES_20_CARRAO.cpg,05 — Geo / Mapas,1VxXDspnEwYuiCMXjn9-YPp65h3vtb_pr
18hA6uejfmAZsthA26Udjy5jrVrt3NE52,SIRGAS_SHP_LOTES_24_CIDADE_LIDER.cpg,05 — Geo / Mapas,1VxXDspnEwYuiCMXjn9-YPp65h3vtb_pr
19qYE-rX43kA7ZGapJthIxSiydChkcjsK,SIRGAS_SHP_LOTES_11_BRASILANDIA.cpg,05 — Geo / Mapas,1VxXDspnEwYuiCMXjn9-YPp65h3vtb_pr
17enXtYVOLdxaWSr7icsS7m3E9CUZhTVP,SIRGAS_SHP_LOTES_17_CAMPO_LIMPO.cpg,05 — Geo / Mapas,1VxXDspnEwYuiCMXjn9-YPp65h3vtb_pr
1P-gY6SB1Cm43cz5v3-52lKoQGpTeubvn,SIRGAS_SHP_LOTES_18_CANGAIBA.cpg,05 — Geo / Mapas,1VxXDspnEwYuiCMXjn9-YPp65h3vtb_pr
1L7Rphc5FU53qnf2-Pqx6dC5k9uEPbHMz,SIRGAS_SHP_LOTES_21_CASA_VERDE.cpg,05 — Geo / Mapas,1VxXDspnEwYuiCMXjn9-YPp65h3vtb_pr
1n74XdX1nxnbT_Fyi83NtVfSdfxtBF0G9,SIRGAS_SHP_LOTES_13_CACHOEIRINHA.cpg,05 — Geo / Mapas,1VxXDspnEwYuiCMXjn9-YPp65h3vtb_pr
17KR6W7hhqS3nUD79baMxO6f0MjxUfTEi,SIRGAS_SHP_LOTES_14_CAMBUCI.cpg,05 — Geo / Mapas,1VxXDspnEwYuiCMXjn9-YPp65h3vtb_pr
12Q9SmPl-Qe6NiNLxqdJwhBhpPyeDknsf,SIRGAS_SHP_LOTES_19_CAPAO_REDONDO.cpg,05 — Geo / Mapas,1VxXDspnEwYuiCMXjn9-YPp65h3vtb_pr
1uAyLNmKuUkwL_QWlFuKZs_xRh-Z54qxe,SIRGAS_SHP_LOTES_26_CONSOLACAO.cpg,05 — Geo / Mapas,1VxXDspnEwYuiCMXjn9-YPp65h3vtb_pr
1bsGK2oOnRfqPrbuu3DedqBm8PyrR-vks,SIRGAS_SHP_LOTES_15_CAMPO_BELO.cpg,05 — Geo / Mapas,1VxXDspnEwYuiCMXjn9-YPp65h3vtb_pr
1-G-UzkDH6Cc-4EeSu700M33QJkJG7VKW,SIRGAS_SHP_LOTES_23_CIDADE_DUTRA.cpg,05 — Geo / Mapas,1VxXDspnEwYuiCMXjn9-YPp65h3vtb_pr
128wh5SFO5Orem2Y-j0chcdi34OpJGB1j,SIRGAS_SHP_LOTES_25_CIDADE_TIRADENTES.cpg,05 — Geo / Mapas,1VxXDspnEwYuiCMXjn9-YPp65h3vtb_pr
1syilzKHETZGALQaYLP-D9_3sX0t2tyHB,SIRGAS_SHP_LOTES_12_BUTANTA.cpg,05 — Geo / Mapas,1VxXDspnEwYuiCMXjn9-YPp65h3vtb_pr
1H4w4tUFOHCbqf66cRJv5bn1eKDm4Lr9K,SIRGAS_SHP_LOTES_22_CIDADE_ADEMAR.cpg,05 — Geo / Mapas,1VxXDspnEwYuiCMXjn9-YPp65h3vtb_pr
1nsa2UCrz1ovHQHF7duVXpOPnOFJ568jX,SIRGAS_SHP_LOTES_16_CAMPO_GRANDE.cpg,05 — Geo / Mapas,1VxXDspnEwYuiCMXjn9-YPp65h3vtb_pr
1579ulMrrS-11MTa09SDDv25cfqmMbtxP,SIRGAS_SHP_LOTES_10_BRAS.cpg,05 — Geo / Mapas,1VxXDspnEwYuiCMXjn9-YPp65h3vtb_pr
1SdJDrkMzbdD9G_f7Qj1OlF74CdZ_laoe,SIRGAS_SHP_LOTES_04_ARICANDUVA.cpg,05 — Geo / Mapas,1VxXDspnEwYuiCMXjn9-YPp65h3vtb_pr
1Wyb4iCOpmRo-xiHaVCEFNe33GcN3PxGa,SIRGAS_SHP_LOTES_07_BELA_VISTA.cpg,05 — Geo / Mapas,1VxXDspnEwYuiCMXjn9-YPp65h3vtb_pr
1ZWyhj0yMoy9GMWyLXPZnE6CmWm3ex_Y9,SIRGAS_SHP_LOTES_09_BOM_RETIRO.cpg,05 — Geo / Mapas,1VxXDspnEwYuiCMXjn9-YPp65h3vtb_pr
1qmEc9-zX8i4w2h_ZsytCuOxgXSLQoFJO,SIRGAS_SHP_LOTES_08_BELEM.cpg,05 — Geo / Mapas,1VxXDspnEwYuiCMXjn9-YPp65h3vtb_pr
1BMgJcQWuHsMm8HhBslvar17cZv7bcgP2,SIRGAS_SHP_LOTES_06_BARRA_FUNDA.cpg,05 — Geo / Mapas,1VxXDspnEwYuiCMXjn9-YPp65h3vtb_pr
1ngyMLmE4bWP-cD-qxct9MiI2RcW_amLz,SIRGAS_SHP_LOTES_02_ALTO_DE_PINHEIROS.cpg,05 — Geo / Mapas,1VxXDspnEwYuiCMXjn9-YPp65h3vtb_pr
1SFqEyhLRYOP4szYfkIGNgIZk3HK_6MZc,SIRGAS_SHP_LOTES_03_ANHANGUERA.cpg,05 — Geo / Mapas,1VxXDspnEwYuiCMXjn9-YPp65h3vtb_pr
15E66KeFoFh8D0xuTreq1AvxDovbYE65B,SIRGAS_SHP_LOTES_01_AGUA_RASA.cpg,05 — Geo / Mapas,1VxXDspnEwYuiCMXjn9-YPp65h3vtb_pr
12B7OLTZY3K6NChQ3FYMHjEpqgHXm0USZ,SIRGAS_SHP_LOTES_05_ARTUR_ALVIM.cpg,05 — Geo / Mapas,1VxXDspnEwYuiCMXjn9-YPp65h3vtb_pr
1l97rX4U0FhIJiAEEANmHcERjGCM83yoc,SIRGAS_SHP_LOTES_89_VILA_MARIA.shx,05 — Geo / Mapas,1VxXDspnEwYuiCMXjn9-YPp65h3vtb_pr
1w9BTEt1YaWFzr_Ufscom2IBICRhlOZkN,SIRGAS_SHP_LOTES_95_SAO_DOMINGOS.shx,05 — Geo / Mapas,1VxXDspnEwYuiCMXjn9-YPp65h3vtb_pr
1JaXthN-AIRfCM32xFt-sXimEZEZvfS3n,SIRGAS_SHP_LOTES_92_VILA_MEDEIROS.dbf,05 — Geo / Mapas,1VxXDspnEwYuiCMXjn9-YPp65h3vtb_pr
1N9EE_kEaA4NuZnSitVYWk39X6HuF0rJB,SIRGAS_SHP_LOTES_90_VILA_MARIANA.dbf,05 — Geo / Mapas,1VxXDspnEwYuiCMXjn9-YPp65h3vtb_pr
1CkeBeAuRdS1ksFWfXh--1yop-NDk3554,SIRGAS_SHP_LOTES_93_VILA_PRUDENTE.dbf,05 — Geo / Mapas,1VxXDspnEwYuiCMXjn9-YPp65h3vtb_pr
1t1ZHOU4e1zQEV4_dEdsLOCa9gd2rQEV5,SIRGAS_SHP_LOTES_91_VILA_MATILDE.dbf,05 — Geo / Mapas,1VxXDspnEwYuiCMXjn9-YPp65h3vtb_pr
1BPQjn7sAwHcZ-E6TMI4jgMOxJDPoe3LX,SIRGAS_SHP_LOTES_95_SAO_DOMINGOS.dbf,05 — Geo / Mapas,1VxXDspnEwYuiCMXjn9-YPp65h3vtb_pr
1RarQnJAbymB9HsNxEHq1UF7utldN_BIo,SIRGAS_SHP_LOTES_94_VILA_SONIA.dbf,05 — Geo / Mapas,1VxXDspnEwYuiCMXjn9-YPp65h3vtb_pr
1FtTzMd1EeqpthRPgDhgJZcmkFXAzDPsB,SIRGAS_SHP_LOTES_96_LAJEADO.dbf,05 — Geo / Mapas,1VxXDspnEwYuiCMXjn9-YPp65h3vtb_pr
1_XP1ygMs4MI3EhQSBtZTHddI6XxT-l5Z,SIRGAS_SHP_LOTES_89_VILA_MARIA.dbf,05 — Geo / Mapas,1VxXDspnEwYuiCMXjn9-YPp65h3vtb_pr
14TzWpmAv-wpweTClRig5_w-ROhEBsnKK,SIRGAS_SHP_LOTES_90_VILA_MARIANA.shx,05 — Geo / Mapas,1VxXDspnEwYuiCMXjn9-YPp65h3vtb_pr
1hXIqsHluJbXcneNQmC9MDH6FNMKS0sFU,SIRGAS_SHP_LOTES_93_VILA_PRUDENTE.shx,05 — Geo / Mapas,1VxXDspnEwYuiCMXjn9-YPp65h3vtb_pr
1IiJfDDF-NgN4cRf458mbC2sysgxOUGnH,SIRGAS_SHP_LOTES_92_VILA_MEDEIROS.shx,05 — Geo / Mapas,1VxXDspnEwYuiCMXjn9-YPp65h3vtb_pr
1qCbVvWBn0AZJMlU4pdCmbjq1t2EV0Uqc,SIRGAS_SHP_LOTES_94_VILA_SONIA.shx,05 — Geo / Mapas,1VxXDspnEwYuiCMXjn9-YPp65h3vtb_pr
1QUznG-hVG3gZK1Y983bY3BIMN4Nse2tZ,SIRGAS_SHP_LOTES_91_VILA_MATILDE.shx,05 — Geo / Mapas,1VxXDspnEwYuiCMXjn9-YPp65h3vtb_pr
1pGq8oevYoFKPNSUtBsQ3urTnNmvSIMNd,SIRGAS_SHP_LOTES_96_LAJEADO.shx,05 — Geo / Mapas,1VxXDspnEwYuiCMXjn9-YPp65h3vtb_pr
1QC2aORa5XmNweByRSCCwM5c-fprmJ5UP,SIRGAS_SHP_LOTES_85_VILA_FORMOSA.dbf,05 — Geo / Mapas,1VxXDspnEwYuiCMXjn9-YPp65h3vtb_pr
1PE-5cFTkKypb66GeeqWGhdsJLY4iitel,SIRGAS_SHP_LOTES_84_VILA_CURUCA.dbf,05 — Geo / Mapas,1VxXDspnEwYuiCMXjn9-YPp65h3vtb_pr
1Mxb4JGySDWDCTxo0AMPwxuHjWcdugsWa,SIRGAS_SHP_LOTES_87_VILA_JACUI.dbf,05 — Geo / Mapas,1VxXDspnEwYuiCMXjn9-YPp65h3vtb_pr
1rcMBS8HJJYh6cplV-dIc7lotYzxtXfVz,SIRGAS_SHP_LOTES_81_TREMEMBE.dbf,05 — Geo / Mapas,1VxXDspnEwYuiCMXjn9-YPp65h3vtb_pr
1hM1Vav-AxXfztTE68bFTn4Xda_ktDhAY,SIRGAS_SHP_LOTES_82_TUCURUVI.dbf,05 — Geo / Mapas,1VxXDspnEwYuiCMXjn9-YPp65h3vtb_pr
1Dhb-nlpQuer3WryV4xi238MSsGnchImQ,SIRGAS_SHP_LOTES_84_VILA_CURUCA.shx,05 — Geo / Mapas,1VxXDspnEwYuiCMXjn9-YPp65h3vtb_pr
1-vwjfp6Gvgg5dPxvYzcCQOLSLZDL3J80,SIRGAS_SHP_LOTES_86_VILA_GUILHERME.shx,05 — Geo / Mapas,1VxXDspnEwYuiCMXjn9-YPp65h3vtb_pr
12SnjQ90NWV7eqJQUmw1mwtwKZM0AEw7v,SIRGAS_SHP_LOTES_86_VILA_GUILHERME.dbf,05 — Geo / Mapas,1VxXDspnEwYuiCMXjn9-YPp65h3vtb_pr
128-Q6SMYzXoZnI-mLRgnArLsSq6MMhMd,SIRGAS_SHP_LOTES_81_TREMEMBE.shx,05 — Geo / Mapas,1VxXDspnEwYuiCMXjn9-YPp65h3vtb_pr
145L3HydsxAzQBRk6smHjMHWFjkxgFWcA,SIRGAS_SHP_LOTES_82_TUCURUVI.shx,05 — Geo / Mapas,1VxXDspnEwYuiCMXjn9-YPp65h3vtb_pr
11xihHf778wyp6iZlFOGDbhLZyRdcHCIo,SIRGAS_SHP_LOTES_85_VILA_FORMOSA.shx,05 — Geo / Mapas,1VxXDspnEwYuiCMXjn9-YPp65h3vtb_pr
1RCeVcS-P9cGfi7DkYlNsO_70AADHKXxE,SIRGAS_SHP_LOTES_87_VILA_JACUI.shx,05 — Geo / Mapas,1VxXDspnEwYuiCMXjn9-YPp65h3vtb_pr
1vwISYLloW9FWli5oBqCoUZK7YN5HEA1i,SIRGAS_SHP_LOTES_88_VILA_LEOPOLDINA.dbf,05 — Geo / Mapas,1VxXDspnEwYuiCMXjn9-YPp65h3vtb_pr
1AJHEgnte91VgyeO0V2mFjSFeVquG30Fb,SIRGAS_SHP_LOTES_83_VILA_ANDRADE.shx,05 — Geo / Mapas,1VxXDspnEwYuiCMXjn9-YPp65h3vtb_pr
1m45YOdSqrwhVgSJw9OM2qrx15xBNQdHz,SIRGAS_SHP_LOTES_83_VILA_ANDRADE.dbf,05 — Geo / Mapas,1VxXDspnEwYuiCMXjn9-YPp65h3vtb_pr
1m67OoFgHQOToMXY1dsKDp6A3Nb55ILa6,SIRGAS_SHP_LOTES_88_VILA_LEOPOLDINA.shx,05 — Geo / Mapas,1VxXDspnEwYuiCMXjn9-YPp65h3vtb_pr
1I6FGlutRb1KNThcetzwBDjumzhn7AwDk,SIRGAS_SHP_LOTES_80_TATUAPE.dbf,05 — Geo / Mapas,1VxXDspnEwYuiCMXjn9-YPp65h3vtb_pr
1M5SdXnV2YTqDEx1ivatE5mgWuFx8ugGV,SIRGAS_SHP_LOTES_78_SE.shp,05 — Geo / Mapas,1VxXDspnEwYuiCMXjn9-YPp65h3vtb_pr
1bUhph2BTbX5dKWyP52SGtkXESE5IY3uo,SIRGAS_SHP_LOTES_80_TATUAPE.shx,05 — Geo / Mapas,1VxXDspnEwYuiCMXjn9-YPp65h3vtb_pr
13XqOvH6V2O2_tdOqLUZO6ZIWv2MUhw7e,SIRGAS_SHP_LOTES_76_SAPOPEMBA.dbf,05 — Geo / Mapas,1VxXDspnEwYuiCMXjn9-YPp65h3vtb_pr
1nQV7O9GGtvklYGMo4KJi2kLR2pQ1XJtc,SIRGAS_SHP_LOTES_77_SAUDE.dbf,05 — Geo / Mapas,1VxXDspnEwYuiCMXjn9-YPp65h3vtb_pr
1iTabL6SkI9CVSqrDpjvnJXMwoLHQ8fuv,SIRGAS_SHP_LOTES_76_SAPOPEMBA.shx,05 — Geo / Mapas,1VxXDspnEwYuiCMXjn9-YPp65h3vtb_pr
1Q6dJ2fZDnTIIXwGdnVXZxlbIZiO-iTwv,SIRGAS_SHP_LOTES_74_SAO_MIGUEL.dbf,05 — Geo / Mapas,1VxXDspnEwYuiCMXjn9-YPp65h3vtb_pr
1w-aLtKj1xcvXZHE_0bfG4ABbQkUib4qa,SIRGAS_SHP_LOTES_75_SAO_RAFAEL.dbf,05 — Geo / Mapas,1VxXDspnEwYuiCMXjn9-YPp65h3vtb_pr
1W6nqVkl8h8GnJ9Kf33UMRqvLp18jGmdf,SIRGAS_SHP_LOTES_77_SAUDE.shx,05 — Geo / Mapas,1VxXDspnEwYuiCMXjn9-YPp65h3vtb_pr
1EsHlX4I5b2FbctSYQ1uYzkErA2ul1J36,SIRGAS_SHP_LOTES_73_SAO_MATEUS.shx,05 — Geo / Mapas,1VxXDspnEwYuiCMXjn9-YPp65h3vtb_pr
1X8bZrNvYvS0iWusRvjageSiPSy0QJ6Se,SIRGAS_SHP_LOTES_78_SE.dbf,05 — Geo / Mapas,1VxXDspnEwYuiCMXjn9-YPp65h3vtb_pr
11OB9B49SV8J9cD8ldyza3LNUgbIjnJWu,SIRGAS_SHP_LOTES_75_SAO_RAFAEL.shx,05 — Geo / Mapas,1VxXDspnEwYuiCMXjn9-YPp65h3vtb_pr
1P5yZccoN5Lj14YNjDmtZgH-HWTKi2QeI,SIRGAS_SHP_LOTES_78_SE.shx,05 — Geo / Mapas,1VxXDspnEwYuiCMXjn9-YPp65h3vtb_pr
16RwDwA1ZCeC-ejPqjzT52DDQYV2ubtYF,SIRGAS_SHP_LOTES_74_SAO_MIGUEL.shx,05 — Geo / Mapas,1VxXDspnEwYuiCMXjn9-YPp65h3vtb_pr
1XY-2d0q2yjx603qLk-x-IiiCknepsEJG,SIRGAS_SHP_LOTES_79_SOCORRO.dbf,05 — Geo / Mapas,1VxXDspnEwYuiCMXjn9-YPp65h3vtb_pr
1p4aC2CnZACSO6CQdCvYOmLArxyI8Lvpz,SIRGAS_SHP_LOTES_79_SOCORRO.shx,05 — Geo / Mapas,1VxXDspnEwYuiCMXjn9-YPp65h3vtb_pr
1dkU6rs8EHpVrxucxiTpBfqu21GB-c1Pe,SIRGAS_SHP_LOTES_72_SAO_LUCAS.shx,05 — Geo / Mapas,1VxXDspnEwYuiCMXjn9-YPp65h3vtb_pr
1Qv1dVB2_mQhy8xNwWBTzDHvGIcNwBk8D,SIRGAS_SHP_LOTES_72_SAO_LUCAS.dbf,05 — Geo / Mapas,1VxXDspnEwYuiCMXjn9-YPp65h3vtb_pr
1VnwHWT5TEuzteM-XtInxxvSfVF_A6brp,SIRGAS_SHP_LOTES_71_SANTO_AMARO.dbf,05 — Geo / Mapas,1VxXDspnEwYuiCMXjn9-YPp65h3vtb_pr
1bs9RN_MycmOR4IgroGKMtq00_LjKYuTS,SIRGAS_SHP_LOTES_69_SANTA_CECILIA.dbf,05 — Geo / Mapas,1VxXDspnEwYuiCMXjn9-YPp65h3vtb_pr
11q25wWSLeRIBsJlKfCXg5ucDXzH_Jcbu,SIRGAS_SHP_LOTES_67_RIO_PEQUENO.dbf,05 — Geo / Mapas,1VxXDspnEwYuiCMXjn9-YPp65h3vtb_pr
1zCc-6LrFaOcCI9mYMKCQLYt_YRcRcIqG,SIRGAS_SHP_LOTES_66_REPUBLICA.shp,05 — Geo / Mapas,1VxXDspnEwYuiCMXjn9-YPp65h3vtb_pr
1e5B1bZ-eh60ab6LC2vRxQXp4KkxMVdeZ,SIRGAS_SHP_LOTES_70_SANTANA.dbf,05 — Geo / Mapas,1VxXDspnEwYuiCMXjn9-YPp65h3vtb_pr
1z5DarUfhGTtgXT8LVjBkCZll50xCfUQn,SIRGAS_SHP_LOTES_71_SANTO_AMARO.shx,05 — Geo / Mapas,1VxXDspnEwYuiCMXjn9-YPp65h3vtb_pr
1WP06Gz1gI3HkXFoxXMAMZYOqf4Yktwk3,SIRGAS_SHP_LOTES_70_SANTANA.shx,05 — Geo / Mapas,1VxXDspnEwYuiCMXjn9-YPp65h3vtb_pr
1WrNWWrA6p7oRsSj7UHv7Jv8k_7Bo6v1V,SIRGAS_SHP_LOTES_69_SANTA_CECILIA.shx,05 — Geo / Mapas,1VxXDspnEwYuiCMXjn9-YPp65h3vtb_pr
1oFKRWBWrfZkgTBYh05HT5sGsLw45-KKr,SIRGAS_SHP_LOTES_67_RIO_PEQUENO.shx,05 — Geo / Mapas,1VxXDspnEwYuiCMXjn9-YPp65h3vtb_pr
1svRtUe9v3z-KcvW2vAsfj1Es3-VUzp44,SIRGAS_SHP_LOTES_66_REPUBLICA.shx,05 — Geo / Mapas,1VxXDspnEwYuiCMXjn9-YPp65h3vtb_pr
1oMd466wHGLgPz7EQAIyEsZTFzMyDv8Kj,SIRGAS_SHP_LOTES_68_SACOMA.dbf,05 — Geo / Mapas,1VxXDspnEwYuiCMXjn9-YPp65h3vtb_pr
1rxXU9s0XjD4CTA8Y2x9pha9WJLLU21pP,SIRGAS_SHP_LOTES_73_SAO_MATEUS.dbf,05 — Geo / Mapas,1VxXDspnEwYuiCMXjn9-YPp65h3vtb_pr
1gyX_ABVyGzxTJA633BgCmXz0fIYROU2Y,SIRGAS_SHP_LOTES_66_REPUBLICA.dbf,05 — Geo / Mapas,1VxXDspnEwYuiCMXjn9-YPp65h3vtb_pr
1K8GsbrMWeL96dwMkS9gQFARbSE6BGnc5,SIRGAS_SHP_LOTES_68_SACOMA.shx,05 — Geo / Mapas,1VxXDspnEwYuiCMXjn9-YPp65h3vtb_pr
1tzEal48NoGILdjEWRvN18oPjNaBN1hmK,SIRGAS_SHP_LOTES_64_PONTE_RASA.shx,05 — Geo / Mapas,1VxXDspnEwYuiCMXjn9-YPp65h3vtb_pr
1NGWRIBNnnyRr7o47qJNby7Abw56787I8,SIRGAS_SHP_LOTES_65_RAPOSO_TAVARES.shx,05 — Geo / Mapas,1VxXDspnEwYuiCMXjn9-YPp65h3vtb_pr
1DDifUY1oKzv3qxdL6qrv-Cpmd6s0r_uT,SIRGAS_SHP_LOTES_59_PENHA.dbf,05 — Geo / Mapas,1VxXDspnEwYuiCMXjn9-YPp65h3vtb_pr
1Ema8lBbNkwYbStDTZKWuX0qQr8E_i-Vx,SIRGAS_SHP_LOTES_60_PERDIZES.shx,05 — Geo / Mapas,1VxXDspnEwYuiCMXjn9-YPp65h3vtb_pr
1jgasFtfubTxaRaNX_aC7fnj0fkRnGgPy,SIRGAS_SHP_LOTES_64_PONTE_RASA.dbf,05 — Geo / Mapas,1VxXDspnEwYuiCMXjn9-YPp65h3vtb_pr
1vR05zPMPPU95vYDotY9ZncA8v3sQi6A3,SIRGAS_SHP_LOTES_65_RAPOSO_TAVARES.dbf,05 — Geo / Mapas,1VxXDspnEwYuiCMXjn9-YPp65h3vtb_pr
1-UWCNzq3m_ncQoLADSwsSsGMsiy9YVBe,SIRGAS_SHP_LOTES_60_PERDIZES.dbf,05 — Geo / Mapas,1VxXDspnEwYuiCMXjn9-YPp65h3vtb_pr
1vhYpZAl2PI3T5APXH5PgaD6Io-9aJKvv,SIRGAS_SHP_LOTES_63_PIRITUBA.shx,05 — Geo / Mapas,1VxXDspnEwYuiCMXjn9-YPp65h3vtb_pr
1qubsAXSrBz4D6ytvIn9tYuIhDR8CRF4B,SIRGAS_SHP_LOTES_59_PENHA.shx,05 — Geo / Mapas,1VxXDspnEwYuiCMXjn9-YPp65h3vtb_pr
1-lCwDI9arVE1KbcCESvPhslw8QxshvRy,SIRGAS_SHP_LOTES_63_PIRITUBA.dbf,05 — Geo / Mapas,1VxXDspnEwYuiCMXjn9-YPp65h3vtb_pr
14er5oN7z1PFaBBQFSSQt4ajeT6WtrIya,SIRGAS_SHP_LOTES_62_PINHEIROS.dbf,05 — Geo / Mapas,1VxXDspnEwYuiCMXjn9-YPp65h3vtb_pr
1Ni7Jcx9MKGBWs8ROy-q2McpJtYQSc8-F,SIRGAS_SHP_LOTES_62_PINHEIROS.shx,05 — Geo / Mapas,1VxXDspnEwYuiCMXjn9-YPp65h3vtb_pr
1FYGildvoDR8miM04A8mueLRHBTSBxI6z,SIRGAS_SHP_LOTES_61_PERUS.shx,05 — Geo / Mapas,1VxXDspnEwYuiCMXjn9-YPp65h3vtb_pr
1dRHpixkQ4Nry0lNRTVYe6sOKSzgWSjj0,SIRGAS_SHP_LOTES_61_PERUS.dbf,05 — Geo / Mapas,1VxXDspnEwYuiCMXjn9-YPp65h3vtb_pr
1oCb-H1HJ76q6FEUGEgUnzyCLd2Yk5nxh,SIRGAS_SHP_LOTES_58_PEDREIRA.dbf,05 — Geo / Mapas,1VxXDspnEwYuiCMXjn9-YPp65h3vtb_pr
16lbtKofmfx_ywBfvDAY1uWjDwo08Y1CM,SIRGAS_SHP_LOTES_58_PEDREIRA.shx,05 — Geo / Mapas,1VxXDspnEwYuiCMXjn9-YPp65h3vtb_pr
1ovz7xKPaeULmrzXtBHKsKqsAY-oSC9Lo,SIRGAS_SHP_LOTES_56_PARI.dbf,05 — Geo / Mapas,1VxXDspnEwYuiCMXjn9-YPp65h3vtb_pr
1CSl0Ou0S47IfS8_hb-Jy-NTS_XWNm054,SIRGAS_SHP_LOTES_55_PARELHEIROS.dbf,05 — Geo / Mapas,1VxXDspnEwYuiCMXjn9-YPp65h3vtb_pr
1IU6KOH3Rqqs24kuKhH3z9ARhTA1XusSK,SIRGAS_SHP_LOTES_55_PARELHEIROS.shx,05 — Geo / Mapas,1VxXDspnEwYuiCMXjn9-YPp65h3vtb_pr
1HKnGSP3zde8GM1X323gJLqP3VajzIZ4o,SIRGAS_SHP_LOTES_54_MORUMBI.shx,05 — Geo / Mapas,1VxXDspnEwYuiCMXjn9-YPp65h3vtb_pr
18VXOI9zZmG9xIh4AU3RVcpNwO8W1XeAQ,SIRGAS_SHP_LOTES_56_PARI.shx,05 — Geo / Mapas,1VxXDspnEwYuiCMXjn9-YPp65h3vtb_pr
19k0VhDZuBsbPxsAHu-l_Sg77Xyz5DVF-,SIRGAS_SHP_LOTES_52_MARSILAC.shx,05 — Geo / Mapas,1VxXDspnEwYuiCMXjn9-YPp65h3vtb_pr
1A48HdMmWjQohabROkf2xIs91pxwkDZx5,SIRGAS_SHP_LOTES_52_MARSILAC.shp,05 — Geo / Mapas,1VxXDspnEwYuiCMXjn9-YPp65h3vtb_pr
1qP9IZz_qk3xPwfYERSW7FcSrVqnyKnLx,SIRGAS_SHP_LOTES_53_MOOCA.shx,05 — Geo / Mapas,1VxXDspnEwYuiCMXjn9-YPp65h3vtb_pr
1MVSNlR_IsTAzVLEfkt3wdbroMpaSauxF,SIRGAS_SHP_LOTES_53_MOOCA.dbf,05 — Geo / Mapas,1VxXDspnEwYuiCMXjn9-YPp65h3vtb_pr
19fvltM8FYbg7QdNuRgjGKOIWDraB2Kte,SIRGAS_SHP_LOTES_57_PARQUE_DO_CARMO.shx,05 — Geo / Mapas,1VxXDspnEwYuiCMXjn9-YPp65h3vtb_pr
1M3MvOHSrSfEKNJZLXOuxcpH27mxxzExh,SIRGAS_SHP_LOTES_54_MORUMBI.dbf,05 — Geo / Mapas,1VxXDspnEwYuiCMXjn9-YPp65h3vtb_pr
1_Ar2AIN3PCsUsk6b9t9uWniWD_kla7kh,SIRGAS_SHP_LOTES_51_MANDAQUI.shx,05 — Geo / Mapas,1VxXDspnEwYuiCMXjn9-YPp65h3vtb_pr
1Sd4ubqF58u37Iy5KJ9MH9LZ9VS6FnW4K,SIRGAS_SHP_LOTES_57_PARQUE_DO_CARMO.dbf,05 — Geo / Mapas,1VxXDspnEwYuiCMXjn9-YPp65h3vtb_pr
1KEcBGB6DZTDz8qmPh16uvOHx-sBLqZGA,SIRGAS_SHP_LOTES_52_MARSILAC.dbf,05 — Geo / Mapas,1VxXDspnEwYuiCMXjn9-YPp65h3vtb_pr
1rUO8ZPBaRiTSr4DCSN_dtsiXigauIcSn,SIRGAS_SHP_LOTES_51_MANDAQUI.dbf,05 — Geo / Mapas,1VxXDspnEwYuiCMXjn9-YPp65h3vtb_pr
1fyh4Y4-AWuv2ubLQgXZ3__b64A9MrCGm,SIRGAS_SHP_LOTES_50_LIMAO.shx,05 — Geo / Mapas,1VxXDspnEwYuiCMXjn9-YPp65h3vtb_pr
1xS1fgMyAaZEIUJngZaPNV9n0eRyRAjEo,SIRGAS_SHP_LOTES_49_LIBERDADE.shx,05 — Geo / Mapas,1VxXDspnEwYuiCMXjn9-YPp65h3vtb_pr
1an86Fb4hoYuypXytaGroM4hiYOkDu1kb,SIRGAS_SHP_LOTES_49_LIBERDADE.dbf,05 — Geo / Mapas,1VxXDspnEwYuiCMXjn9-YPp65h3vtb_pr
133W7FKypghkjv8av3LwZi3Cvq8wZA4nt,SIRGAS_SHP_LOTES_48_LAPA.dbf,05 — Geo / Mapas,1VxXDspnEwYuiCMXjn9-YPp65h3vtb_pr
10NSK4m6xPCfHk7D15YMobZrYaV_m4Et_,SIRGAS_SHP_LOTES_47_JOSE_BONIFACIO.shx,05 — Geo / Mapas,1VxXDspnEwYuiCMXjn9-YPp65h3vtb_pr
1RmxHhiN3d4vRP5dcT1Xefl6bhl3OiQ43,SIRGAS_SHP_LOTES_47_JOSE_BONIFACIO.dbf,05 — Geo / Mapas,1VxXDspnEwYuiCMXjn9-YPp65h3vtb_pr
15KsijxtYdSXVmIiPWzo7rCTDHYxAY8Nu,SIRGAS_SHP_LOTES_44_JARDIM_HELENA.shx,05 — Geo / Mapas,1VxXDspnEwYuiCMXjn9-YPp65h3vtb_pr
1EYolc3JQ70n8PPxnijDcTnkQjUxX5jqP,SIRGAS_SHP_LOTES_44_JARDIM_HELENA.dbf,05 — Geo / Mapas,1VxXDspnEwYuiCMXjn9-YPp65h3vtb_pr
1w0p-NWVFsT9lWqP6WUXCL6uXX9yggAVg,SIRGAS_SHP_LOTES_48_LAPA.shx,05 — Geo / Mapas,1VxXDspnEwYuiCMXjn9-YPp65h3vtb_pr
1udVpBLbumU-fLwI54l3dW-VyeZS-APFh,SIRGAS_SHP_LOTES_45_JARDIM_PAULISTA.dbf,05 — Geo / Mapas,1VxXDspnEwYuiCMXjn9-YPp65h3vtb_pr
16FE-TMxgZChqKwAr7NgXAsKNBI-SoPjm,SIRGAS_SHP_LOTES_50_LIMAO.dbf,05 — Geo / Mapas,1VxXDspnEwYuiCMXjn9-YPp65h3vtb_pr
1gf-UJjS04DzVmxq7uCjkYkKZtjH5K7kV,SIRGAS_SHP_LOTES_46_JARDIM_SAO_LUIS.shx,05 — Geo / Mapas,1VxXDspnEwYuiCMXjn9-YPp65h3vtb_pr
1Uo_HQ5lUL-YI9Ct8SogGfJqB8sgrRs8f,SIRGAS_SHP_LOTES_45_JARDIM_PAULISTA.shx,05 — Geo / Mapas,1VxXDspnEwYuiCMXjn9-YPp65h3vtb_pr
1EbUR8rMuwwCeHUqWs-jysMRf_mx_m9rG,SIRGAS_SHP_LOTES_46_JARDIM_SAO_LUIS.dbf,05 — Geo / Mapas,1VxXDspnEwYuiCMXjn9-YPp65h3vtb_pr
16rCzIbKwVTnIHORTerc6361ANRQIXHD6,SIRGAS_SHP_LOTES_42_JARAGUA.shx,05 — Geo / Mapas,1VxXDspnEwYuiCMXjn9-YPp65h3vtb_pr
1thOZGp2kp9EE5DW3dA23Qn5MeBHb0-H2,SIRGAS_SHP_LOTES_39_JACANA.shx,05 — Geo / Mapas,1VxXDspnEwYuiCMXjn9-YPp65h3vtb_pr
1Nm329XYLcuwRmIJ5JY38UIjHwD73DSET,SIRGAS_SHP_LOTES_37_ITAQUERA.dbf,05 — Geo / Mapas,1VxXDspnEwYuiCMXjn9-YPp65h3vtb_pr
14SrGOV_YAmBNqEjguPCpnS9Th3Ur7-kv,SIRGAS_SHP_LOTES_41_JAGUARE.dbf,05 — Geo / Mapas,1VxXDspnEwYuiCMXjn9-YPp65h3vtb_pr
1J7Pjj_N4ri9DMPMpah4YiZhJovySUF8_,SIRGAS_SHP_LOTES_39_JACANA.dbf,05 — Geo / Mapas,1VxXDspnEwYuiCMXjn9-YPp65h3vtb_pr
1DQHyKRMG0oc9Vu3BGKUcC99pfUBMoPOR,SIRGAS_SHP_LOTES_37_ITAQUERA.shx,05 — Geo / Mapas,1VxXDspnEwYuiCMXjn9-YPp65h3vtb_pr
1akEtZ_cJaERt93QFAQNHJgKAKx9ymFFR,SIRGAS_SHP_LOTES_42_JARAGUA.dbf,05 — Geo / Mapas,1VxXDspnEwYuiCMXjn9-YPp65h3vtb_pr
1jrbJNHL12Y7cx8DXQfrEKBH4D4O0XT5D,SIRGAS_SHP_LOTES_38_JABAQUARA.dbf,05 — Geo / Mapas,1VxXDspnEwYuiCMXjn9-YPp65h3vtb_pr
1JzCSZ6HWQBt71MHF9VZ8RIcrjcZzspWa,SIRGAS_SHP_LOTES_38_JABAQUARA.shx,05 — Geo / Mapas,1VxXDspnEwYuiCMXjn9-YPp65h3vtb_pr
1bi121aMT_s2mCkL3hFCCsE9BLnlVnR1K,SIRGAS_SHP_LOTES_36_ITAIM_PAULISTA.dbf,05 — Geo / Mapas,1VxXDspnEwYuiCMXjn9-YPp65h3vtb_pr
1EWrPoWRPtfKpBYKHuVelT-cXwOr-DMRq,SIRGAS_SHP_LOTES_36_ITAIM_PAULISTA.shx,05 — Geo / Mapas,1VxXDspnEwYuiCMXjn9-YPp65h3vtb_pr
1VxxU_Vn05ztiToNnimjN39cTZesEreuX,SIRGAS_SHP_LOTES_35_ITAIM_BIBI.dbf,05 — Geo / Mapas,1VxXDspnEwYuiCMXjn9-YPp65h3vtb_pr
1fQDXybzMuZpUX-C8V1s_AG-64VdBgQ-q,SIRGAS_SHP_LOTES_40_JAGUARA.shx,05 — Geo / Mapas,1VxXDspnEwYuiCMXjn9-YPp65h3vtb_pr
1XgSO6txivYIC-Pb5JyRtm-4g7QjhgYCP,SIRGAS_SHP_LOTES_41_JAGUARE.shx,05 — Geo / Mapas,1VxXDspnEwYuiCMXjn9-YPp65h3vtb_pr
1m-8DQati_rZAaSMXZyRtAwgjZyl_OUUw,SIRGAS_SHP_LOTES_34_IPIRANGA.shx,05 — Geo / Mapas,1VxXDspnEwYuiCMXjn9-YPp65h3vtb_pr
1zw5eATxdfybhy3I3FQUhK7HG_GwFgtXg,SIRGAS_SHP_LOTES_40_JAGUARA.dbf,05 — Geo / Mapas,1VxXDspnEwYuiCMXjn9-YPp65h3vtb_pr
1ow3POFK_fZwg4CBOLt7v125LspLrGWEr,SIRGAS_SHP_LOTES_35_ITAIM_BIBI.shx,05 — Geo / Mapas,1VxXDspnEwYuiCMXjn9-YPp65h3vtb_pr
155j1SVjlYEsi0jmNnESnF9_TG_W4AUgJ,SIRGAS_SHP_LOTES_30_GRAJAU.shx,05 — Geo / Mapas,1VxXDspnEwYuiCMXjn9-YPp65h3vtb_pr
1LHd4bqLsSrWCSzTHdmlRbHuUx2CFj3eZ,SIRGAS_SHP_LOTES_33_IGUATEMI.dbf,05 — Geo / Mapas,1VxXDspnEwYuiCMXjn9-YPp65h3vtb_pr
1KShYeZLhvQC4_FsWUEBOsRNYLjmOVti_,SIRGAS_SHP_LOTES_34_IPIRANGA.dbf,05 — Geo / Mapas,1VxXDspnEwYuiCMXjn9-YPp65h3vtb_pr
1SLxlytFH4pyFgerqPzrTRpbJfP1ignPs,SIRGAS_SHP_LOTES_30_GRAJAU.dbf,05 — Geo / Mapas,1VxXDspnEwYuiCMXjn9-YPp65h3vtb_pr
1epcHlLAToSjIRHjp7JwFkGjd--CqZJ4L,SIRGAS_SHP_LOTES_27_CURSINO.dbf,05 — Geo / Mapas,1VxXDspnEwYuiCMXjn9-YPp65h3vtb_pr
1ibInoq_a-LUhzCON72rkLcp84lKluHmi,SIRGAS_SHP_LOTES_31_GUAIANASES.dbf,05 — Geo / Mapas,1VxXDspnEwYuiCMXjn9-YPp65h3vtb_pr
1Aqjv7b4VHNDXGW_e_XUSyQVd56m-xVd5,SIRGAS_SHP_LOTES_32_MOEMA.shx,05 — Geo / Mapas,1VxXDspnEwYuiCMXjn9-YPp65h3vtb_pr
1yL4uy55AofDI9krPjB5aK0O1_vikLn66,SIRGAS_SHP_LOTES_32_MOEMA.dbf,05 — Geo / Mapas,1VxXDspnEwYuiCMXjn9-YPp65h3vtb_pr
1NMSct-_PSqfwE5LD23yXtCVDLxZLNOIS,SIRGAS_SHP_LOTES_29_FREGUESIA_DO_O.shx,05 — Geo / Mapas,1VxXDspnEwYuiCMXjn9-YPp65h3vtb_pr
1QFJZEeLVDRNSf52Vh5raIneQutgKhg_y,SIRGAS_SHP_LOTES_29_FREGUESIA_DO_O.dbf,05 — Geo / Mapas,1VxXDspnEwYuiCMXjn9-YPp65h3vtb_pr
1sK777kMx3PeNCsMX_fWOCSXRShJ1yuha,SIRGAS_SHP_LOTES_33_IGUATEMI.shx,05 — Geo / Mapas,1VxXDspnEwYuiCMXjn9-YPp65h3vtb_pr
1sXMnFTWFLpZ4uFjhYsKXkuiqYO9FEcwP,SIRGAS_SHP_LOTES_31_GUAIANASES.shx,05 — Geo / Mapas,1VxXDspnEwYuiCMXjn9-YPp65h3vtb_pr
1NErQPFRvQuijdvAorPYkXTsqBBe3Qk4a,SIRGAS_SHP_LOTES_28_ERMELINO_MATARAZZO.dbf,05 — Geo / Mapas,1VxXDspnEwYuiCMXjn9-YPp65h3vtb_pr
1BZ3jmdV2G43M-u8rYyFj0D2y14YSqpcr,SIRGAS_SHP_LOTES_27_CURSINO.shx,05 — Geo / Mapas,1VxXDspnEwYuiCMXjn9-YPp65h3vtb_pr
1OK2gy38ii8UwDGC1kbwkPXyk3OrtWLSU,SIRGAS_SHP_LOTES_28_ERMELINO_MATARAZZO.shx,05 — Geo / Mapas,1VxXDspnEwYuiCMXjn9-YPp65h3vtb_pr
17U8mqfJidGUG4cNECFB9_MWpWQru30eI,SIRGAS_SHP_LOTES_26_CONSOLACAO.shx,05 — Geo / Mapas,1VxXDspnEwYuiCMXjn9-YPp65h3vtb_pr
1rHX1rEmaPNX9JLNLAHImyOzkeKprGW5K,SIRGAS_SHP_LOTES_26_CONSOLACAO.shp,05 — Geo / Mapas,1VxXDspnEwYuiCMXjn9-YPp65h3vtb_pr
1nVOp0H9lKeISP145z9zRoS-1yaP6yyCs,SIRGAS_SHP_LOTES_19_CAPAO_REDONDO.dbf,05 — Geo / Mapas,1VxXDspnEwYuiCMXjn9-YPp65h3vtb_pr
1Vp6pZp_WXed1WafORW9gj5ByVuGjlmwz,SIRGAS_SHP_LOTES_22_CIDADE_ADEMAR.dbf,05 — Geo / Mapas,1VxXDspnEwYuiCMXjn9-YPp65h3vtb_pr
17fh_SW1G4QIVcFYscpAWAkbjye3v-CBx,SIRGAS_SHP_LOTES_23_CIDADE_DUTRA.dbf,05 — Geo / Mapas,1VxXDspnEwYuiCMXjn9-YPp65h3vtb_pr
1dgb-rWqPHE1KaFF1eKcdko-awnMlA9as,SIRGAS_SHP_LOTES_24_CIDADE_LIDER.dbf,05 — Geo / Mapas,1VxXDspnEwYuiCMXjn9-YPp65h3vtb_pr
1La3lcOp2Urj2IC718HrZHclE68rtt_1l,SIRGAS_SHP_LOTES_22_CIDADE_ADEMAR.shx,05 — Geo / Mapas,1VxXDspnEwYuiCMXjn9-YPp65h3vtb_pr
1-JrFc1eXf-ujW0a1UPHTNUmk6P5QpdzC,SIRGAS_SHP_LOTES_20_CARRAO.dbf,05 — Geo / Mapas,1VxXDspnEwYuiCMXjn9-YPp65h3vtb_pr
1VgJ2qLBXDfFOV-9r7yZr66TDLS_Vq5hn,SIRGAS_SHP_LOTES_26_CONSOLACAO.dbf,05 — Geo / Mapas,1VxXDspnEwYuiCMXjn9-YPp65h3vtb_pr
1XKBoG50cZVU9GZr_n-uj4jCQYrlHfNgb,SIRGAS_SHP_LOTES_21_CASA_VERDE.dbf,05 — Geo / Mapas,1VxXDspnEwYuiCMXjn9-YPp65h3vtb_pr
1qzlJAAM8c4w2HZyIt2HRN-3WuO5i-lGr,SIRGAS_SHP_LOTES_20_CARRAO.shx,05 — Geo / Mapas,1VxXDspnEwYuiCMXjn9-YPp65h3vtb_pr
1a_4KFg5FsUwmasqhNfaQ22ik97Uahm7C,SIRGAS_SHP_LOTES_24_CIDADE_LIDER.shx,05 — Geo / Mapas,1VxXDspnEwYuiCMXjn9-YPp65h3vtb_pr
1BUC2LS8Q-SFLqlzOayoARsYV01GM86yE,SIRGAS_SHP_LOTES_19_CAPAO_REDONDO.shx,05 — Geo / Mapas,1VxXDspnEwYuiCMXjn9-YPp65h3vtb_pr
1JKl77g5p7ZRo3TXkZlL2DO05wlU3FzCt,SIRGAS_SHP_LOTES_23_CIDADE_DUTRA.shx,05 — Geo / Mapas,1VxXDspnEwYuiCMXjn9-YPp65h3vtb_pr
1jtlSmTUV4PFy9VgEm_izalDAxPxuiawp,SIRGAS_SHP_LOTES_25_CIDADE_TIRADENTES.shx,05 — Geo / Mapas,1VxXDspnEwYuiCMXjn9-YPp65h3vtb_pr
1pBSVKgyv1LrWJZ-qqKt7zw-cEq50FZLe,SIRGAS_SHP_LOTES_21_CASA_VERDE.shx,05 — Geo / Mapas,1VxXDspnEwYuiCMXjn9-YPp65h3vtb_pr
190IdhCnqySCOyqsTyONdwKaKnEbbxWKF,SIRGAS_SHP_LOTES_25_CIDADE_TIRADENTES.dbf,05 — Geo / Mapas,1VxXDspnEwYuiCMXjn9-YPp65h3vtb_pr
1eRrPESI-HaVAsMHKjh7xomcUR1GjuAmL,SIRGAS_SHP_LOTES_18_CANGAIBA.shx,05 — Geo / Mapas,1VxXDspnEwYuiCMXjn9-YPp65h3vtb_pr
1oHq43O23kz6muLIOH9FoJxM2Va3_jVte,SIRGAS_SHP_LOTES_14_CAMBUCI.shx,05 — Geo / Mapas,1VxXDspnEwYuiCMXjn9-YPp65h3vtb_pr
1lMNH6eCwLTHn8EuhJPjZzOY9Dr9bhsIn,SIRGAS_SHP_LOTES_14_CAMBUCI.dbf,05 — Geo / Mapas,1VxXDspnEwYuiCMXjn9-YPp65h3vtb_pr
1bi0ijZkiGG6vZFNlKocGPCLtsDSgxw7J,SIRGAS_SHP_LOTES_15_CAMPO_BELO.dbf,05 — Geo / Mapas,1VxXDspnEwYuiCMXjn9-YPp65h3vtb_pr
1aZo5oHotLhr7_aGV-8N5qZuyuLR_B9mV,SIRGAS_SHP_LOTES_18_CANGAIBA.dbf,05 — Geo / Mapas,1VxXDspnEwYuiCMXjn9-YPp65h3vtb_pr
1zBQReIZWfu4Eh70_bt2dZCQHFT1Ko8HA,SIRGAS_SHP_LOTES_17_CAMPO_LIMPO.dbf,05 — Geo / Mapas,1VxXDspnEwYuiCMXjn9-YPp65h3vtb_pr
1IGN6Ei5BMGb9WRJaYhfXdzUe-Vx0psWC,SIRGAS_SHP_LOTES_12_BUTANTA.shx,05 — Geo / Mapas,1VxXDspnEwYuiCMXjn9-YPp65h3vtb_pr
1jrTRZW8d5FYAkaGHkkRwRjtHwR_PZv7o,SIRGAS_SHP_LOTES_17_CAMPO_LIMPO.shx,05 — Geo / Mapas,1VxXDspnEwYuiCMXjn9-YPp65h3vtb_pr
1euhdiG7U9hxwGwm8OjEfPJ2V1D-NdLCe,SIRGAS_SHP_LOTES_15_CAMPO_BELO.shx,05 — Geo / Mapas,1VxXDspnEwYuiCMXjn9-YPp65h3vtb_pr
1HJ85JDVP7AkMLc0JPllC9DTFjyNO4AvN,SIRGAS_SHP_LOTES_13_CACHOEIRINHA.shx,05 — Geo / Mapas,1VxXDspnEwYuiCMXjn9-YPp65h3vtb_pr
1ryCbpO_CcsQzRhtVy7QCnpGboV2pt1fG,SIRGAS_SHP_LOTES_11_BRASILANDIA.shx,05 — Geo / Mapas,1VxXDspnEwYuiCMXjn9-YPp65h3vtb_pr
1rqv2hdWkex0sFuE88mdw-33AjxDxd7SQ,SIRGAS_SHP_LOTES_16_CAMPO_GRANDE.shx,05 — Geo / Mapas,1VxXDspnEwYuiCMXjn9-YPp65h3vtb_pr
1pnRH74jc_ghu6MsBPBPu9H3wBK8d3NMO,SIRGAS_SHP_LOTES_13_CACHOEIRINHA.dbf,05 — Geo / Mapas,1VxXDspnEwYuiCMXjn9-YPp65h3vtb_pr
1TVgoFFnjTIZuGIQ0HBikLtWr_7qJXdzm,SIRGAS_SHP_LOTES_16_CAMPO_GRANDE.dbf,05 — Geo / Mapas,1VxXDspnEwYuiCMXjn9-YPp65h3vtb_pr
1-oCvl5Al8VVnNVzy3KPpMeVpHT2raf2W,SIRGAS_SHP_LOTES_11_BRASILANDIA.dbf,05 — Geo / Mapas,1VxXDspnEwYuiCMXjn9-YPp65h3vtb_pr
1wzzJEb5B1AgDzpekTHW4tloJt0siWeFA,SIRGAS_SHP_LOTES_12_BUTANTA.dbf,05 — Geo / Mapas,1VxXDspnEwYuiCMXjn9-YPp65h3vtb_pr
1PjUWOqmKIkwUYV8iPA2MIAWwGVZLMhan,SIRGAS_SHP_LOTES_07_BELA_VISTA.shp,05 — Geo / Mapas,1VxXDspnEwYuiCMXjn9-YPp65h3vtb_pr
1Ds4-fWYjMLvcKXyOz5zeUwA6yvqG_V0T,SIRGAS_SHP_LOTES_07_BELA_VISTA.dbf,05 — Geo / Mapas,1VxXDspnEwYuiCMXjn9-YPp65h3vtb_pr
1JHds7xrTrvMkMambfpX1s0O3GwwvO2GP,SIRGAS_SHP_LOTES_10_BRAS.dbf,05 — Geo / Mapas,1VxXDspnEwYuiCMXjn9-YPp65h3vtb_pr
1R2p5tkqAfmzPafqQYbI-2DdGhRF6uQA5,SIRGAS_SHP_LOTES_06_BARRA_FUNDA.shp,05 — Geo / Mapas,1VxXDspnEwYuiCMXjn9-YPp65h3vtb_pr
1LpK_TzGGQjAj-wqgLwXDLrrsIvg0EIHw,SIRGAS_SHP_LOTES_08_BELEM.dbf,05 — Geo / Mapas,1VxXDspnEwYuiCMXjn9-YPp65h3vtb_pr
1EG0Z9j0RlypPXBp6YqwPxEfwhe5CFpl4,SIRGAS_SHP_LOTES_08_BELEM.shx,05 — Geo / Mapas,1VxXDspnEwYuiCMXjn9-YPp65h3vtb_pr
1hsv1m75688JHMbUkBywr99N0BHgei61k,SIRGAS_SHP_LOTES_09_BOM_RETIRO.shx,05 — Geo / Mapas,1VxXDspnEwYuiCMXjn9-YPp65h3vtb_pr
1AfroFtFUZeEtutM6mTfI_Z6qmIE40zvs,SIRGAS_SHP_LOTES_09_BOM_RETIRO.dbf,05 — Geo / Mapas,1VxXDspnEwYuiCMXjn9-YPp65h3vtb_pr
1g0-R4UpD2Xp_Z9lqny4Rq7CAhtUyitCt,SIRGAS_SHP_LOTES_10_BRAS.shx,05 — Geo / Mapas,1VxXDspnEwYuiCMXjn9-YPp65h3vtb_pr
1CJG1-puBa1Y0o2q0XFvVL73DwC8mQU1u,SIRGAS_SHP_LOTES_07_BELA_VISTA.shx,05 — Geo / Mapas,1VxXDspnEwYuiCMXjn9-YPp65h3vtb_pr
12sNTSivpBXB8BSSsbTx4YCPz-bcacVjj,SIRGAS_SHP_LOTES_04_ARICANDUVA.shx,05 — Geo / Mapas,1VxXDspnEwYuiCMXjn9-YPp65h3vtb_pr
1Hwg1BOX0STkDMXn305MPKPdOltuFEuUJ,SIRGAS_SHP_LOTES_04_ARICANDUVA.dbf,05 — Geo / Mapas,1VxXDspnEwYuiCMXjn9-YPp65h3vtb_pr
1Ao88zmCukVi-p2MCRhXGIMTohZIeOmcW,SIRGAS_SHP_LOTES_06_BARRA_FUNDA.shx,05 — Geo / Mapas,1VxXDspnEwYuiCMXjn9-YPp65h3vtb_pr
1WXutyqlKAkZa7LDhnztXite-WaZ7G-aB,SIRGAS_SHP_LOTES_06_BARRA_FUNDA.dbf,05 — Geo / Mapas,1VxXDspnEwYuiCMXjn9-YPp65h3vtb_pr
1IliJE4_5HaRTRUYQpwqO9Nj-Tsb8ZnEX,SIRGAS_SHP_LOTES_05_ARTUR_ALVIM.dbf,05 — Geo / Mapas,1VxXDspnEwYuiCMXjn9-YPp65h3vtb_pr
15q3wZEgioQj3dBaVSdhv4ZxOhvn6Kgqu,SIRGAS_SHP_LOTES_05_ARTUR_ALVIM.shx,05 — Geo / Mapas,1VxXDspnEwYuiCMXjn9-YPp65h3vtb_pr
1B1eIGHHnyyqpHE72uh1f4OMnOQR_xCht,SIRGAS_SHP_LOTES_03_ANHANGUERA.shx,05 — Geo / Mapas,1VxXDspnEwYuiCMXjn9-YPp65h3vtb_pr
1tDc0bv3_y7dE5-aCZRKye1UTpkRVvjF8,SIRGAS_SHP_LOTES_03_ANHANGUERA.dbf,05 — Geo / Mapas,1VxXDspnEwYuiCMXjn9-YPp65h3vtb_pr
1q6OQ-m7_HHDgWNXemlcszDd9bQ5kgyUT,SIRGAS_SHP_LOTES_01_AGUA_RASA.shx,05 — Geo / Mapas,1VxXDspnEwYuiCMXjn9-YPp65h3vtb_pr
1eAKH8f_kjaiIv7pehPP8P5X7_cYB0uGv,SIRGAS_SHP_LOTES_02_ALTO_DE_PINHEIROS.dbf,05 — Geo / Mapas,1VxXDspnEwYuiCMXjn9-YPp65h3vtb_pr
1kKiJC672uu1RerQqH335fFn-p-xjiynP,SIRGAS_SHP_LOTES_01_AGUA_RASA.dbf,05 — Geo / Mapas,1VxXDspnEwYuiCMXjn9-YPp65h3vtb_pr
1ex8-dAGUoW9OS2o1DJrzZv52myL5HUTp,SIRGAS_SHP_LOTES_02_ALTO_DE_PINHEIROS.shx,05 — Geo / Mapas,1VxXDspnEwYuiCMXjn9-YPp65h3vtb_pr
1Hxg3YrdhTZbMKZ_xujoLkQA9Ph1f7D9l,SIRGAS_SHP_subvencao_economica.cpg,05 — Geo / Mapas,1VxXDspnEwYuiCMXjn9-YPp65h3vtb_pr
19zdjqgfsAlU9ocuhonZMh5GuvVuKMhDx,SIRGAS_SHP_subvencao_economica.shx,05 — Geo / Mapas,1VxXDspnEwYuiCMXjn9-YPp65h3vtb_pr
1eGzN14zxTDaV_znzqLIijvUtS64m97Ua,SIRGAS_SHP_subvencao_economica.shp,05 — Geo / Mapas,1VxXDspnEwYuiCMXjn9-YPp65h3vtb_pr
11FokjBObWgM-IsfC5gDC_Q8nSNZ6vfpg,SIRGAS_SHP_subvencao_economica.dbf,05 — Geo / Mapas,1VxXDspnEwYuiCMXjn9-YPp65h3vtb_pr
1h4iZi96LST8biJ2Stwz8BWJYY5Fu6uig,SIRGAS_SHP_cota_solidariedade.cpg,05 — Geo / Mapas,1VxXDspnEwYuiCMXjn9-YPp65h3vtb_pr
1H7TahGLZwJqUNwzgZh07negXFNQ-Yv2S,SIRGAS_SHP_cota_solidariedade.dbf,05 — Geo / Mapas,1VxXDspnEwYuiCMXjn9-YPp65h3vtb_pr
1AoCFJZI-DOaQk7Ost7ENbDQNsGzCnAEw,SIRGAS_SHP_cota_solidariedade.shp,05 — Geo / Mapas,1VxXDspnEwYuiCMXjn9-YPp65h3vtb_pr
17J0OVGa07VhXV6e1h6NE4dfD6BTOHYQp,SIRGAS_SHP_cota_solidariedade.shx,05 — Geo / Mapas,1VxXDspnEwYuiCMXjn9-YPp65h3vtb_pr
1ag9iPMY-o3pV7NnSwcCH1xj4K1Bg8VQD,SIRGAS_SHP_requalifica_centro.cpg,05 — Geo / Mapas,1VxXDspnEwYuiCMXjn9-YPp65h3vtb_pr
1-T6KbKufdM5v3Y4iMNSiUr5xNvtYyofl,SIRGAS_SHP_requalifica_centro.shx,05 — Geo / Mapas,1VxXDspnEwYuiCMXjn9-YPp65h3vtb_pr
1pYUtN7vtb6hq-ifp7wWoutx9zg5xmyrn,SIRGAS_SHP_requalifica_centro.shp,05 — Geo / Mapas,1VxXDspnEwYuiCMXjn9-YPp65h3vtb_pr
1ZM53OjQNJLHanP6sTk6bjSFxFrsanio4,SIRGAS_SHP_requalifica_centro.dbf,05 — Geo / Mapas,1VxXDspnEwYuiCMXjn9-YPp65h3vtb_pr
1SsXVQI8iMgbIqxJuyZSMj47S2qr2khvX,SIRGAS_SHP_requalifica_centro.prj,05 — Geo / Mapas,1VxXDspnEwYuiCMXjn9-YPp65h3vtb_pr
1GT6XFSFC_5kRhBKyYgO_HC_PTP7zJql1,SIRGAS_SHP_baciahidro_polygon.cpg,05 — Geo / Mapas,1VxXDspnEwYuiCMXjn9-YPp65h3vtb_pr
1W7z9wbOZE6LlnnZMJBJzihM1HGCFroue,SIRGAS_SHP_baciahidro_polygon.shp,05 — Geo / Mapas,1VxXDspnEwYuiCMXjn9-YPp65h3vtb_pr
15eEn1M1EMQMlRNmWNE3X20mYDVIcr99c,SIRGAS_SHP_baciahidro_polygon.shx,05 — Geo / Mapas,1VxXDspnEwYuiCMXjn9-YPp65h3vtb_pr
1MT7QT9PqgfhJHpR8eX--GL6oRXj72kBZ,SIRGAS_SHP_baciahidro_polygon.dbf,05 — Geo / Mapas,1VxXDspnEwYuiCMXjn9-YPp65h3vtb_pr
1PGoE2b5nRqnq4DtR3P05zNaNPJxxEP1i,SIRGAS_SHP_zeup_zemp.shp,05 — Geo / Mapas,1VxXDspnEwYuiCMXjn9-YPp65h3vtb_pr
1a7YsRKOOg5SUJ13z5zztUr9Z_MHCAI-c,SIRGAS_SHP_zeup_zemp.shx,05 — Geo / Mapas,1VxXDspnEwYuiCMXjn9-YPp65h3vtb_pr
1sFHjx8wx-MLqW2Qsk48KxrgEEktC1fM1,SIRGAS_SHP_zeup_zemp.dbf,05 — Geo / Mapas,1VxXDspnEwYuiCMXjn9-YPp65h3vtb_pr
1C3p9fl9VCJO5c624ovJrXW2sXfSsYZDI,SIRGAS_SHP_zeup_zemp.prj,05 — Geo / Mapas,1VxXDspnEwYuiCMXjn9-YPp65h3vtb_pr
1TysWMS_9E3d1U-wSNpmqloUUmhRSknMA,SAD69-96_SHP_restricaomirantesantana_polygon.cpg,05 — Geo / Mapas,1VxXDspnEwYuiCMXjn9-YPp65h3vtb_pr
1llyfMIQQDBsaEhrVHmN0RiCeUJwAokZM,SAD69-96_SHP_restricaomirantesantana_polygon.dbf,05 — Geo / Mapas,1VxXDspnEwYuiCMXjn9-YPp65h3vtb_pr
1iiNlRYgl9gFNspn9IT4M4CtJ_Yh2F2WO,SAD69-96_SHP_restricaomirantesantana_polygon.shx,05 — Geo / Mapas,1VxXDspnEwYuiCMXjn9-YPp65h3vtb_pr
19lHfuCw4kRNP2Lq97T0G9Yu8pfUZgEbf,SAD69-96_SHP_restricaomirantesantana_polygon.shp,05 — Geo / Mapas,1VxXDspnEwYuiCMXjn9-YPp65h3vtb_pr
17z2SEbdtl_vdFJjVrimJDk1FF2ceNiOb,SIRGAS_SHP_hidrolinha.shp,05 — Geo / Mapas,1VxXDspnEwYuiCMXjn9-YPp65h3vtb_pr
1tb7C_wDN0gUmpKsfB6bycOwin57rVwqM,SIRGAS_SHP_hidrolinha.cpg,05 — Geo / Mapas,1VxXDspnEwYuiCMXjn9-YPp65h3vtb_pr
1lYp1Xuhi_TMw4usHM7X570i9KLqX6Rwj,SIRGAS_SHP_hidrolinha.dbf,05 — Geo / Mapas,1VxXDspnEwYuiCMXjn9-YPp65h3vtb_pr
1K0W8Xi7gHCMwMGB5mfxcGDJY1ipjgqh3,SIRGAS_SHP_hidrolinha.shx,05 — Geo / Mapas,1VxXDspnEwYuiCMXjn9-YPp65h3vtb_pr
1e_gqqVbOE5f6Dx7xGFbDNJrbgpv-JLEj,SIRGAS_SHP_planoacao_polygon.shp,05 — Geo / Mapas,1VxXDspnEwYuiCMXjn9-YPp65h3vtb_pr
1O7CZpt61wj3Jj0Qs8IOMSUzDvppgCTR8,SIRGAS_SHP_planomacro_polygon.shp,05 — Geo / Mapas,1VxXDspnEwYuiCMXjn9-YPp65h3vtb_pr
1Sll7KE-QKAH5f-UM2xRJ6aaKn0yvmPTl,SIRGAS_SHP_planoacao_polygon.cpg,05 — Geo / Mapas,1VxXDspnEwYuiCMXjn9-YPp65h3vtb_pr
1nKmp9gFN9Tc3oM0xlVUfYGkXDwDznHrw,SIRGAS_SHP_planomacro_polygon.cpg,05 — Geo / Mapas,1VxXDspnEwYuiCMXjn9-YPp65h3vtb_pr
1U8dsyHRzUMo1lsrcG89pG0FL7aE6Y2Cn,SAD69-96_SHP_planoacao_polygon.cpg,05 — Geo / Mapas,1VxXDspnEwYuiCMXjn9-YPp65h3vtb_pr
1iVhM8LnKSoZwuiV1MXTfrGad_mq5x6kY,SAD69-96_SHP_planomacro_polygon.cpg,05 — Geo / Mapas,1VxXDspnEwYuiCMXjn9-YPp65h3vtb_pr
1dt6t9A9pzxvXdB6glPgnD5v8fUakKgt6,SAD69-96_SHP_planomacro_polygon.shp,05 — Geo / Mapas,1VxXDspnEwYuiCMXjn9-YPp65h3vtb_pr
1kGWkcyhaFhRcxUZkxkPos1hX593m7k_l,SAD69-96_SHP_planoacao_polygon.shp,05 — Geo / Mapas,1VxXDspnEwYuiCMXjn9-YPp65h3vtb_pr
1BcQz18QxmMcNGdxAHpa5itV17gsoGasb,SIRGAS_SHP_planoacao_polygon.shx,05 — Geo / Mapas,1VxXDspnEwYuiCMXjn9-YPp65h3vtb_pr
1Rd6OBs92TavmZUkfU5VmoGDU55wq8q8V,SIRGAS_SHP_planomacro_polygon.dbf,05 — Geo / Mapas,1VxXDspnEwYuiCMXjn9-YPp65h3vtb_pr
1GugYGb4SxdoQCbR0HCdVn5vqPAHCvMRb,SIRGAS_SHP_planomacro_polygon.shx,05 — Geo / Mapas,1VxXDspnEwYuiCMXjn9-YPp65h3vtb_pr
1qf-jSYXfrfpt3uUW3pai405-ogaQT_il,SAD69-96_SHP_planomacro_polygon.shx,05 — Geo / Mapas,1VxXDspnEwYuiCMXjn9-YPp65h3vtb_pr
1YyPuqsGOmzd_YaChMJ6aHjhYBr5tTZiB,SAD69-96_SHP_planoacao_polygon.dbf,05 — Geo / Mapas,1VxXDspnEwYuiCMXjn9-YPp65h3vtb_pr
1oJlNUgxAOF7PRahdyqqM55baDtXF_YLB,SAD69-96_SHP_planoacao_polygon.shx,05 — Geo / Mapas,1VxXDspnEwYuiCMXjn9-YPp65h3vtb_pr
1GcXblKpaLcpi8Pevq6W6qISgdYu4OdSP,SAD69-96_SHP_planomacro_polygon.dbf,05 — Geo / Mapas,1VxXDspnEwYuiCMXjn9-YPp65h3vtb_pr
19weWy-LeCjEIcyqKYXGdzZTExHq2Ywig,ZM_u.shp,05 — Geo / Mapas,1VxXDspnEwYuiCMXjn9-YPp65h3vtb_pr
1bLd1lEzwts2J9PpuWNK86-naNUsk79s0,QA.shp,05 — Geo / Mapas,1VxXDspnEwYuiCMXjn9-YPp65h3vtb_pr
1OqCeQ2lsGMh2ZuK4zIuGVAz159mHHGQE,PCA_CANT.shp,05 — Geo / Mapas,1VxXDspnEwYuiCMXjn9-YPp65h3vtb_pr
1FD4Lb1eKdmnMs4DtlWGDmv23JZdMoV8W,ZM_a.shp,05 — Geo / Mapas,1VxXDspnEwYuiCMXjn9-YPp65h3vtb_pr
1_eCkxZdAAXuLG30tRvsQEGZEu1iBdFfa,ZEUP_u.shp,05 — Geo / Mapas,1VxXDspnEwYuiCMXjn9-YPp65h3vtb_pr
1TRPp3-6LFE4IRel2eA9a6KHgcEM1wpuw,ZEU_u.shp,05 — Geo / Mapas,1VxXDspnEwYuiCMXjn9-YPp65h3vtb_pr
1iPqiiqz-m9JyCaTA-6k3XffcdLqkMKKY,ZER_1.shp,05 — Geo / Mapas,1VxXDspnEwYuiCMXjn9-YPp65h3vtb_pr
16K0xGBlJVQdVRxSZISofcQlN7Jfb3Vsf,ZEPAM.shp,05 — Geo / Mapas,1VxXDspnEwYuiCMXjn9-YPp65h3vtb_pr
1rwSSsW4Xg4kA-cJwrarxynS6z1i7mdvB,ZEIS_1.shp,05 — Geo / Mapas,1VxXDspnEwYuiCMXjn9-YPp65h3vtb_pr
11Y5xYbk7YZ265omp2JwRopb_FFx1_ftq,ZC.shp,05 — Geo / Mapas,1VxXDspnEwYuiCMXjn9-YPp65h3vtb_pr
1mmK_Gkh-sYrPz3jYqyMzmmxfYptr7ZMe,ZPI_1.cpg,05 — Geo / Mapas,1VxXDspnEwYuiCMXjn9-YPp65h3vtb_pr
1VIJzUsxJ4elh9ypdyShA0n0ADmK7IfJA,ZPR.cpg,05 — Geo / Mapas,1VxXDspnEwYuiCMXjn9-YPp65h3vtb_pr
1vMGIHNL1kd2TLXoaGLqcu8pOgXlh-xZF,ZMIS_a.cpg,05 — Geo / Mapas,1VxXDspnEwYuiCMXjn9-YPp65h3vtb_pr
1YkR0bWqMFnVLvXaeewKPuuoo9r0_y4nJ,ZPDS_u.cpg,05 — Geo / Mapas,1VxXDspnEwYuiCMXjn9-YPp65h3vtb_pr
1G1_bQdeVaUvzSfard_wW6uBJmZy5TUj8,ZM_a.cpg,05 — Geo / Mapas,1VxXDspnEwYuiCMXjn9-YPp65h3vtb_pr
1xI4KkfhBV8Vu_3dhAcja3S8ITh09XbWr,ZOE.cpg,05 — Geo / Mapas,1VxXDspnEwYuiCMXjn9-YPp65h3vtb_pr
1LV_0IPE3-GttNX1bbotmbl1lDNxvGPDT,ZMIS_u.cpg,05 — Geo / Mapas,1VxXDspnEwYuiCMXjn9-YPp65h3vtb_pr
1XuYeON374NXQ_0g8PBYT8Wz09eLbJF5E,ZPDS_r.cpg,05 — Geo / Mapas,1VxXDspnEwYuiCMXjn9-YPp65h3vtb_pr
15kVJEMEjfSf20xHi2b-dvCwHN5bzaLrt,ZM_u.cpg,05 — Geo / Mapas,1VxXDspnEwYuiCMXjn9-YPp65h3vtb_pr
1J7SBx8hBFwZEga840Yq0PSsPzWwEvqFG,ZPI_2.cpg,05 — Geo / Mapas,1VxXDspnEwYuiCMXjn9-YPp65h3vtb_pr
190EZ5kAGnHsiHMNyIYcxLhP_aeC9nztc,ZER_2.cpg,05 — Geo / Mapas,1VxXDspnEwYuiCMXjn9-YPp65h3vtb_pr
1FPAlI-llKruMcWqXMZyJeHX-VZLq8BBG,ZER_1.cpg,05 — Geo / Mapas,1VxXDspnEwYuiCMXjn9-YPp65h3vtb_pr
1Nq2P4psHo_ZUy3tzF2xxppOuSqZzer0a,ZEU_a.cpg,05 — Geo / Mapas,1VxXDspnEwYuiCMXjn9-YPp65h3vtb_pr
1LYMwUWDclz6H_bwlcOPjxG1-v6UIP1Lr,ZEUP_a.cpg,05 — Geo / Mapas,1VxXDspnEwYuiCMXjn9-YPp65h3vtb_pr
1EwG1aOflt7friyPOMe25COnoflAc8NCM,ZEU_u.cpg,05 — Geo / Mapas,1VxXDspnEwYuiCMXjn9-YPp65h3vtb_pr
1mO-SgLXd_y_AouFdq3MuywXfTkRindse,ZEUP_u.cpg,05 — Geo / Mapas,1VxXDspnEwYuiCMXjn9-YPp65h3vtb_pr
1K20aRm_g65ly6Feo7VBeT9LlORFWJGE_,ZER_a.cpg,05 — Geo / Mapas,1VxXDspnEwYuiCMXjn9-YPp65h3vtb_pr
17f7Vewipl3NuCMfSzA66qCEE6Q4xQx0i,ZEP.cpg,05 — Geo / Mapas,1VxXDspnEwYuiCMXjn9-YPp65h3vtb_pr
1xSSLz9QIV78GmnrJQAqtK2pL2vdvYYXT,ZEPAM.cpg,05 — Geo / Mapas,1VxXDspnEwYuiCMXjn9-YPp65h3vtb_pr
1c9uui2OhVNF_J2iYvlqrLmqOXnjQd1lH,ZC_ZEIS.cpg,05 — Geo / Mapas,1VxXDspnEwYuiCMXjn9-YPp65h3vtb_pr
14Rjrzh4uT9RraqY-afSSfiCrjrzj04V6,ZDE_1.cpg,05 — Geo / Mapas,1VxXDspnEwYuiCMXjn9-YPp65h3vtb_pr
1DVUkM8_odEo21ecHkSNuQtReyQXXSbVI,ZEIS_4.cpg,05 — Geo / Mapas,1VxXDspnEwYuiCMXjn9-YPp65h3vtb_pr
1gsFDpwbdaZvr9KIYYdTtZclycvB0DlJ8,ZDE_2.cpg,05 — Geo / Mapas,1VxXDspnEwYuiCMXjn9-YPp65h3vtb_pr
163rJYnymSkYTGT4mQbSTXVSHJJAFVWpz,ZCOR_1.cpg,05 — Geo / Mapas,1VxXDspnEwYuiCMXjn9-YPp65h3vtb_pr
1tsplOU9ho4R-xxPnYu3THBuAiQAhCZai,ZEIS_1.cpg,05 — Geo / Mapas,1VxXDspnEwYuiCMXjn9-YPp65h3vtb_pr
1J-zgaGc5D-OaY8SwWa_Wsmnf5djRhhn5,ZEM.cpg,05 — Geo / Mapas,1VxXDspnEwYuiCMXjn9-YPp65h3vtb_pr
1GwBoHJUKsixPrNP7vif8DV7qJJKzH5FA,ZCOR_2.cpg,05 — Geo / Mapas,1VxXDspnEwYuiCMXjn9-YPp65h3vtb_pr
1Pe1znTs4FI-AoVEBKPV4FRzTapNybpdr,ZEMP.cpg,05 — Geo / Mapas,1VxXDspnEwYuiCMXjn9-YPp65h3vtb_pr
103wMss9sjzgoQob_3-sB66TjmrBq0rsW,ZEIS_3.cpg,05 — Geo / Mapas,1VxXDspnEwYuiCMXjn9-YPp65h3vtb_pr
1Li4MT28Z7rSm1oyeWaIR-f84HmYccqfB,ZEIS_2.cpg,05 — Geo / Mapas,1VxXDspnEwYuiCMXjn9-YPp65h3vtb_pr
1JTZDxTliouUMfJSi4HbC8NMnCBT24MUa,ZCOR_a.cpg,05 — Geo / Mapas,1VxXDspnEwYuiCMXjn9-YPp65h3vtb_pr
1ZF4T5XuXj3_YHp124O2HBXYC50cNbGyL,ZEIS_5.cpg,05 — Geo / Mapas,1VxXDspnEwYuiCMXjn9-YPp65h3vtb_pr
1tyIkQbBg0Ix2Wy47da7D8kYSPqU0LsD2,ZC_a.cpg,05 — Geo / Mapas,1VxXDspnEwYuiCMXjn9-YPp65h3vtb_pr
1naUSHdv3iDpXqLPnxR3GTW0D8si-h5Eo,ZC_u.cpg,05 — Geo / Mapas,1VxXDspnEwYuiCMXjn9-YPp65h3vtb_pr
1F2d9IbgBpDWFtI5pMtFl0xJcg8zI-Qkg,ZCOR_3.cpg,05 — Geo / Mapas,1VxXDspnEwYuiCMXjn9-YPp65h3vtb_pr
1wW2BJu1M-j1tkDqrIGRtKpj02_-I1641,VETOS_TODOS.cpg,05 — Geo / Mapas,1VxXDspnEwYuiCMXjn9-YPp65h3vtb_pr
1Xgt8bKsxGJ7Za5cv7Rjt_NczjI3fhxs9,ZC.cpg,05 — Geo / Mapas,1VxXDspnEwYuiCMXjn9-YPp65h3vtb_pr
1gG3wWAIZsdDRTIN70HSweikLp4lUJ7RR,INCENTIVO_GARAGEM.cpg,05 — Geo / Mapas,1VxXDspnEwYuiCMXjn9-YPp65h3vtb_pr
1aEuf7Q9FILBSRuDgkSK5QQ7EffvTI9z8,QA.cpg,05 — Geo / Mapas,1VxXDspnEwYuiCMXjn9-YPp65h3vtb_pr
1M8L-n3P7mYoPSE1YsQR2HfvDtx3efnD4,AC_1.cpg,05 — Geo / Mapas,1VxXDspnEwYuiCMXjn9-YPp65h3vtb_pr
1dM3k3m6prSDGUaUgu2GiTbKiW8J1tWfA,AC_2.cpg,05 — Geo / Mapas,1VxXDspnEwYuiCMXjn9-YPp65h3vtb_pr
1UT7P_qOupeXSBzTadsmMn2ZyJjEbcRWA,ZPI_1.shp,05 — Geo / Mapas,1VxXDspnEwYuiCMXjn9-YPp65h3vtb_pr
1vuGOxe6GWWqugNugYeFBSPgq1Wh6Emwc,ZPDS_u.shp,05 — Geo / Mapas,1VxXDspnEwYuiCMXjn9-YPp65h3vtb_pr
11ZNkoBrb6e6MB2tYVHvf-lDjIZEJniEf,ZPI_2.shp,05 — Geo / Mapas,1VxXDspnEwYuiCMXjn9-YPp65h3vtb_pr
16BiLHYYWi9I7JhkdCsEmaKyi8WYpp40D,ZPDS_r.shp,05 — Geo / Mapas,1VxXDspnEwYuiCMXjn9-YPp65h3vtb_pr
1nyj31_ynXjoQDBbvEjTHQ7lPMuPnNs7c,ZPR.shp,05 — Geo / Mapas,1VxXDspnEwYuiCMXjn9-YPp65h3vtb_pr
1DFwWOy9rnRy8lf8Pz9ukQ0mjjlAYUlJS,ZPR.dbf,05 — Geo / Mapas,1VxXDspnEwYuiCMXjn9-YPp65h3vtb_pr
11MbiCz40dRqbOHF601n644VYhZyKXVXH,ZPI_1.shx,05 — Geo / Mapas,1VxXDspnEwYuiCMXjn9-YPp65h3vtb_pr
17NLT7TSINcD6Z_7F0ZbCkEc518Ij0EVb,ZPI_2.shx,05 — Geo / Mapas,1VxXDspnEwYuiCMXjn9-YPp65h3vtb_pr
11MO3uFVRF2RS-zLAa86B0g88ojVWn3r1,ZPDS_u.dbf,05 — Geo / Mapas,1VxXDspnEwYuiCMXjn9-YPp65h3vtb_pr
1hgvnvJbe36QOOFJCjBOPoBhiMfL2ucRQ,ZPR.shx,05 — Geo / Mapas,1VxXDspnEwYuiCMXjn9-YPp65h3vtb_pr
1skhOhhIHl28Lfq6WyFpuAjTJrs_kdlKI,ZPI_2.dbf,05 — Geo / Mapas,1VxXDspnEwYuiCMXjn9-YPp65h3vtb_pr
1GuG38tUy0KKeLaNcgWWQ11PNrLii2qFJ,ZPDS_r.dbf,05 — Geo / Mapas,1VxXDspnEwYuiCMXjn9-YPp65h3vtb_pr
1lr4NtCeZEZgZ9XETam8G3NJLvdIa_yL7,ZPDS_u.shx,05 — Geo / Mapas,1VxXDspnEwYuiCMXjn9-YPp65h3vtb_pr
1ivNuFNTPAiDvRv_wyd7xJVgn23HIjyE-,ZPDS_r.shx,05 — Geo / Mapas,1VxXDspnEwYuiCMXjn9-YPp65h3vtb_pr
1Zd1SN4F8V2C4yLlvALxbh7yjp0fw6j33,ZPI_1.dbf,05 — Geo / Mapas,1VxXDspnEwYuiCMXjn9-YPp65h3vtb_pr
1WUY071cafV-pKYxM-LrZDJ7F_8CLhjiC,ZOE.shx,05 — Geo / Mapas,1VxXDspnEwYuiCMXjn9-YPp65h3vtb_pr
1y3LhvhIdxej1VTUiMi3zm_-m9moqac44,ZMIS_a.shp,05 — Geo / Mapas,1VxXDspnEwYuiCMXjn9-YPp65h3vtb_pr
1Eijny8fdzWLaDkoKD585NglRVvAdnoyk,ZMIS_u.shp,05 — Geo / Mapas,1VxXDspnEwYuiCMXjn9-YPp65h3vtb_pr
1yDfCqQLe_qT9XghN4mjpzc6FmfShNYVM,ZOE.shp,05 — Geo / Mapas,1VxXDspnEwYuiCMXjn9-YPp65h3vtb_pr
1eSu8iLw-0CNDssEnJDy0BqGykendvK1C,ZM_u.dbf,05 — Geo / Mapas,1VxXDspnEwYuiCMXjn9-YPp65h3vtb_pr
1rvPo-_lwN9mwUSIC2iM4OXwOwdrX_UMU,ZM_u.shx,05 — Geo / Mapas,1VxXDspnEwYuiCMXjn9-YPp65h3vtb_pr
1-oveJAJzfhCtK0qWbMHWkORl2OkfeEyD,ZM_a.dbf,05 — Geo / Mapas,1VxXDspnEwYuiCMXjn9-YPp65h3vtb_pr
1caM0kZT6jwEPh0HVM3wgizyYzwC_jBpx,ZMIS_u.shx,05 — Geo / Mapas,1VxXDspnEwYuiCMXjn9-YPp65h3vtb_pr
1S7wYJAlAxSuW73vWbKBnFIQDa0Zq5Nri,ZOE.dbf,05 — Geo / Mapas,1VxXDspnEwYuiCMXjn9-YPp65h3vtb_pr
1Fq2UDjO2-mYYEnGSsxELw4wnTfNqoilC,ZEUP_a.shp,05 — Geo / Mapas,1VxXDspnEwYuiCMXjn9-YPp65h3vtb_pr
1eVRFeSiyu0R2tvQx1F8Yy4ieZ7pQ61gu,ZMIS_a.shx,05 — Geo / Mapas,1VxXDspnEwYuiCMXjn9-YPp65h3vtb_pr
12egoS4557hlSGEttznCkznLmue2igSsc,ZEUP_a.shx,05 — Geo / Mapas,1VxXDspnEwYuiCMXjn9-YPp65h3vtb_pr
1A8KH8NR28iO7H9ESEC4-WxHZwHOkPham,ZM_a.shx,05 — Geo / Mapas,1VxXDspnEwYuiCMXjn9-YPp65h3vtb_pr
1lXxGn3P6GLUcuPJoP5B5EsJPE3bqWtKf,ZEUP_u.dbf,05 — Geo / Mapas,1VxXDspnEwYuiCMXjn9-YPp65h3vtb_pr
1_wYqb1RQJPXfh9-4GHo0stMkr5W_oNgf,ZMIS_a.dbf,05 — Geo / Mapas,1VxXDspnEwYuiCMXjn9-YPp65h3vtb_pr
1zwzQDFJ7f5uvQzOy4PmVGug6eJcNcS3D,ZMIS_u.dbf,05 — Geo / Mapas,1VxXDspnEwYuiCMXjn9-YPp65h3vtb_pr
1OO20L3l9jQNssssT--Z34f7PbdMMe_Nk,ZEUP_u.shx,05 — Geo / Mapas,1VxXDspnEwYuiCMXjn9-YPp65h3vtb_pr
1b-Sx5wuo_1ChnHGnzznuSbK9WkknjycD,ZEU_u.shx,05 — Geo / Mapas,1VxXDspnEwYuiCMXjn9-YPp65h3vtb_pr
1Wfc6xaFrEqc-JCMrfN8tEI44lbCSx3dm,QA.dbf,05 — Geo / Mapas,1VxXDspnEwYuiCMXjn9-YPp65h3vtb_pr
1NyQg5IKhWe-mMlt-IiY8tVdpEOveGi8J,ZER_2.shx,05 — Geo / Mapas,1VxXDspnEwYuiCMXjn9-YPp65h3vtb_pr
1aifZ4SkaSrbeyEi2NnGGHiNF7KMMsjhg,ZEU_a.shx,05 — Geo / Mapas,1VxXDspnEwYuiCMXjn9-YPp65h3vtb_pr
1Gnr-pmwD7WNR_x_nSSyNDokcqXjj7wa_,ZER_a.shp,05 — Geo / Mapas,1VxXDspnEwYuiCMXjn9-YPp65h3vtb_pr
123HKnI6KNfJWyXDuwkLpYFnZbQXVbVbB,ZEU_a.shp,05 — Geo / Mapas,1VxXDspnEwYuiCMXjn9-YPp65h3vtb_pr
1mi6sLBPd0644ewYcoaq711UMCBdWak2Y,ZER_2.shp,05 — Geo / Mapas,1VxXDspnEwYuiCMXjn9-YPp65h3vtb_pr
1MlEkpKBnQzk2u4ZbZTtqFyLDgkRrXlSy,ZER_1.shx,05 — Geo / Mapas,1VxXDspnEwYuiCMXjn9-YPp65h3vtb_pr
1hUwgV64I4VJptv-OZ_7kny0_1h8ZmZ5H,ZER_a.shx,05 — Geo / Mapas,1VxXDspnEwYuiCMXjn9-YPp65h3vtb_pr
1xHLDGWDboc1csBX9eoxF0mw1jxdBF1LD,ZEUP_a.dbf,05 — Geo / Mapas,1VxXDspnEwYuiCMXjn9-YPp65h3vtb_pr
1U80yaEG_Ndu1C7O0qAxrrikeeuZqQgl1,ZEU_u.dbf,05 — Geo / Mapas,1VxXDspnEwYuiCMXjn9-YPp65h3vtb_pr
1qp2LgRHgViD0cHOsYZ0mTyT1I_iSZmsW,ZER_2.dbf,05 — Geo / Mapas,1VxXDspnEwYuiCMXjn9-YPp65h3vtb_pr
1ro2b_Ac1Bg1rHAVF1FC4E-LqI18PiyNv,ZEU_a.dbf,05 — Geo / Mapas,1VxXDspnEwYuiCMXjn9-YPp65h3vtb_pr
13kYm8un2TwxT4OweE5Yczg2_FrnoA79p,ZER_1.dbf,05 — Geo / Mapas,1VxXDspnEwYuiCMXjn9-YPp65h3vtb_pr
1O2TJd_Lnk-BLEVV3wOQilEF4hTW5ecqu,ZER_a.dbf,05 — Geo / Mapas,1VxXDspnEwYuiCMXjn9-YPp65h3vtb_pr
1k9aW0i7XreOAMrkAKeCYlzHPDcfNVnrO,ZEM.shp,05 — Geo / Mapas,1VxXDspnEwYuiCMXjn9-YPp65h3vtb_pr
1v2EH7jrpZUTjCSKU1Lu2eXXq9RrLGSHV,ZEP.shx,05 — Geo / Mapas,1VxXDspnEwYuiCMXjn9-YPp65h3vtb_pr
1FvtRbRyYkWpO--6J16VPCPqe2DQPY31b,ZEMP.shp,05 — Geo / Mapas,1VxXDspnEwYuiCMXjn9-YPp65h3vtb_pr
1qIK4Va6Za1mF78XzwIHbSi_PDki5Pz_I,ZEM.shx,05 — Geo / Mapas,1VxXDspnEwYuiCMXjn9-YPp65h3vtb_pr
1ejhJ7GaSAV5dRqm6XM0O_3NIndq3CPDu,ZEPAM.shx,05 — Geo / Mapas,1VxXDspnEwYuiCMXjn9-YPp65h3vtb_pr
19NzxNGpYZYI4a7tU1CZmlj0IrvC4ozCJ,ZEP.shp,05 — Geo / Mapas,1VxXDspnEwYuiCMXjn9-YPp65h3vtb_pr
1dOdUWE2sB2iFjtx6svlPkfPb0gn0zMZz,ZEMP.dbf,05 — Geo / Mapas,1VxXDspnEwYuiCMXjn9-YPp65h3vtb_pr
168_cXFwPAKIiURtTYksxikwsvdyMaAP9,ZEIS_5.shx,05 — Geo / Mapas,1VxXDspnEwYuiCMXjn9-YPp65h3vtb_pr
1xuhp3kNNFtEB29L1zuyQW1ohb7zTMdkn,ZEIS_5.dbf,05 — Geo / Mapas,1VxXDspnEwYuiCMXjn9-YPp65h3vtb_pr
1CSV-YE9M15-qTHioBKWBhIqDsK6QkfLi,ZEPAM.dbf,05 — Geo / Mapas,1VxXDspnEwYuiCMXjn9-YPp65h3vtb_pr
1nloJFzjpTlSMge3K3tqh6gZrhT9ij6GH,ZEP.dbf,05 — Geo / Mapas,1VxXDspnEwYuiCMXjn9-YPp65h3vtb_pr
1SDtXEHqkpVdrPrZvJxwSehDc6CYSMVq0,ZEM.dbf,05 — Geo / Mapas,1VxXDspnEwYuiCMXjn9-YPp65h3vtb_pr
1tlKBb8RkYUAYLQ7MoqMx5idObIFFHuAY,ZEMP.shx,05 — Geo / Mapas,1VxXDspnEwYuiCMXjn9-YPp65h3vtb_pr
1e6YzQLTE7TLVV9xcM5P8UGz_Jatwr2G4,ZEIS_5.shp,05 — Geo / Mapas,1VxXDspnEwYuiCMXjn9-YPp65h3vtb_pr
1_qREQ40Xvfmft9rMhAIDLfOsENBXREQA,ZDE_2.dbf,05 — Geo / Mapas,1VxXDspnEwYuiCMXjn9-YPp65h3vtb_pr
1NrWLIe2zXy36vdZQh_QEO9GaAqwG536t,ZEIS_1.dbf,05 — Geo / Mapas,1VxXDspnEwYuiCMXjn9-YPp65h3vtb_pr
1wv0TldJu545RVzq20haSbjcApH5c7XHm,ZEIS_4.shp,05 — Geo / Mapas,1VxXDspnEwYuiCMXjn9-YPp65h3vtb_pr
1RfcxmRJSKHgK6bTUNWTtPfs53VIaf0bp,ZEIS_3.shp,05 — Geo / Mapas,1VxXDspnEwYuiCMXjn9-YPp65h3vtb_pr
10wmZOugPZglr8zqtZw_DkbkvU4zDdySE,ZEIS_2.shp,05 — Geo / Mapas,1VxXDspnEwYuiCMXjn9-YPp65h3vtb_pr
1RetqRsqfLePFkvxau6Zx657BM086tIcw,ZEIS_4.dbf,05 — Geo / Mapas,1VxXDspnEwYuiCMXjn9-YPp65h3vtb_pr
1kg3IWe6683CkFA9n2WGSeKqDTuA7EXD7,ZEIS_3.dbf,05 — Geo / Mapas,1VxXDspnEwYuiCMXjn9-YPp65h3vtb_pr
1pXL-MkpnmpGAYr7Ys9nwSvIQ8O-vEALK,ZEIS_3.shx,05 — Geo / Mapas,1VxXDspnEwYuiCMXjn9-YPp65h3vtb_pr
1XNVHpH_6ApE_ADLJy2INNyb9yjolN7E9,ZDE_1.shx,05 — Geo / Mapas,1VxXDspnEwYuiCMXjn9-YPp65h3vtb_pr
18vejRHExANd0hOQVpejUlsqbr16QZAnI,ZEIS_2.shx,05 — Geo / Mapas,1VxXDspnEwYuiCMXjn9-YPp65h3vtb_pr
1DpwrHxAvdxZe3rEXOeHqopaJn4UVwx4O,ZEIS_1.shx,05 — Geo / Mapas,1VxXDspnEwYuiCMXjn9-YPp65h3vtb_pr
13RXCWiJU3ZbkEel83_qJQ1Ath1tlAnJL,ZEIS_4.shx,05 — Geo / Mapas,1VxXDspnEwYuiCMXjn9-YPp65h3vtb_pr
1m5nHo4Nyjgd1AYBs31AA0Xz46plYNIzM,ZDE_1.shp,05 — Geo / Mapas,1VxXDspnEwYuiCMXjn9-YPp65h3vtb_pr
12DPtGoIqKw_53nxYcyVkRNbIcUuGDHVA,ZEIS_2.dbf,05 — Geo / Mapas,1VxXDspnEwYuiCMXjn9-YPp65h3vtb_pr
1y3XEDnsGnGRhah0GVh9GATjqNkHhNTu7,ZDE_2.shx,05 — Geo / Mapas,1VxXDspnEwYuiCMXjn9-YPp65h3vtb_pr
1mHJFdXCqzB1-v7LM6sJjm0gvIG9ydwsn,ZDE_2.shp,05 — Geo / Mapas,1VxXDspnEwYuiCMXjn9-YPp65h3vtb_pr
1k10ZZEJb8HZK-NUWJUUsixLL2lRaRQN8,ZCOR_a.shp,05 — Geo / Mapas,1VxXDspnEwYuiCMXjn9-YPp65h3vtb_pr
1Tj-usDMTxB1WN9qRIw9Z1VKELH3bvo20,ZDE_1.dbf,05 — Geo / Mapas,1VxXDspnEwYuiCMXjn9-YPp65h3vtb_pr
1YBc05-EDbgNB1F-sC0G-6OniPTR3N2p6,ZCOR_3.shp,05 — Geo / Mapas,1VxXDspnEwYuiCMXjn9-YPp65h3vtb_pr
1UP7C2pv1boB3UWdrMfuKSBw5ls_HUbFh,ZC_ZEIS.shp,05 — Geo / Mapas,1VxXDspnEwYuiCMXjn9-YPp65h3vtb_pr
13j4LaY4oT6z5oPjIUovzI9kqbh6vbf41,ZCOR_1.shx,05 — Geo / Mapas,1VxXDspnEwYuiCMXjn9-YPp65h3vtb_pr
1-B4RgaChsWJXM9w9-NYmHW52FsiwMuiz,ZC_ZEIS.dbf,05 — Geo / Mapas,1VxXDspnEwYuiCMXjn9-YPp65h3vtb_pr
1q0mZ6TJi6MljMCguYna8B3Ivkyoj4llX,ZCOR_3.shx,05 — Geo / Mapas,1VxXDspnEwYuiCMXjn9-YPp65h3vtb_pr
1BgRp7eKAEACdESRzTFW586bMRQjatqqA,ZCOR_a.dbf,05 — Geo / Mapas,1VxXDspnEwYuiCMXjn9-YPp65h3vtb_pr
1SprPCsSP2Hhr1TQ3QJVg9pI6zO8pSQHY,ZCOR_2.shp,05 — Geo / Mapas,1VxXDspnEwYuiCMXjn9-YPp65h3vtb_pr
1uw7KLDYAJbAQMu-d1ICA7SaRXo8kp5Cf,ZC_ZEIS.shx,05 — Geo / Mapas,1VxXDspnEwYuiCMXjn9-YPp65h3vtb_pr
10UMsRT1Fy3-lLkhLsFjCTJloAyH6gY8a,ZCOR_1.shp,05 — Geo / Mapas,1VxXDspnEwYuiCMXjn9-YPp65h3vtb_pr
1cF5AI3YYEPvDI4gCpOqCpdhhyc5v-40N,ZCOR_2.shx,05 — Geo / Mapas,1VxXDspnEwYuiCMXjn9-YPp65h3vtb_pr
1WYpB-TYqo-jaPp0DVXQO19rPmC7Vn5Db,ZCOR_1.dbf,05 — Geo / Mapas,1VxXDspnEwYuiCMXjn9-YPp65h3vtb_pr
10uZSNiUPZOl0PiE7eqYkAfFoLrsEgrdb,ZCOR_a.shx,05 — Geo / Mapas,1VxXDspnEwYuiCMXjn9-YPp65h3vtb_pr
1g3K5yf3Surs8OiCvzd_-7IHSy1_IAU69,ZCOR_3.dbf,05 — Geo / Mapas,1VxXDspnEwYuiCMXjn9-YPp65h3vtb_pr
175T1H-faKEXxSm2X8DH8-pFePqtyNxoR,ZCOR_2.dbf,05 — Geo / Mapas,1VxXDspnEwYuiCMXjn9-YPp65h3vtb_pr
1-etQxz4fiT-M7rovyvvTySTrY1a0o_gt,ZC.dbf,05 — Geo / Mapas,1VxXDspnEwYuiCMXjn9-YPp65h3vtb_pr
16vjZGj_3SlErOOq-YfOtvUaKUUdMJUQ6,VETOS_TODOS.shx,05 — Geo / Mapas,1VxXDspnEwYuiCMXjn9-YPp65h3vtb_pr
13tCFotdpWduBvPIrX8icDQxgK0XIqOd7,VETOS_TODOS.shp,05 — Geo / Mapas,1VxXDspnEwYuiCMXjn9-YPp65h3vtb_pr
1pMUyPMSXn-B73z0eOZlhqLbYLoYdOlLJ,ZC.shx,05 — Geo / Mapas,1VxXDspnEwYuiCMXjn9-YPp65h3vtb_pr
10NmRd7NeYi10u1Uo5RJSdPsLdLjrvvW1,ZC_a.dbf,05 — Geo / Mapas,1VxXDspnEwYuiCMXjn9-YPp65h3vtb_pr
13SlzdF4PkebHRiFoh11Cam7HNxGIrRZb,ZC_a.shp,05 — Geo / Mapas,1VxXDspnEwYuiCMXjn9-YPp65h3vtb_pr
1wZ0Qxh0gCgYo_gFHKUT9bGqSIRe9J23e,VETOS_TODOS.dbf,05 — Geo / Mapas,1VxXDspnEwYuiCMXjn9-YPp65h3vtb_pr
1Pxy0Kn_jUxZns5IfZYzHXiyF00lKmhT9,ZC_a.shx,05 — Geo / Mapas,1VxXDspnEwYuiCMXjn9-YPp65h3vtb_pr
1Nvsfvctxt15zWIFSFPprYlbg4zQQcW1W,INCENTIVO_GARAGEM.shx,05 — Geo / Mapas,1VxXDspnEwYuiCMXjn9-YPp65h3vtb_pr
1DB-2v3jBL3KZm_dRPwcSbNZpLBjGYHfD,AC_2.shx,05 — Geo / Mapas,1VxXDspnEwYuiCMXjn9-YPp65h3vtb_pr
1JYq0EGyAmyZ_kMYxFp-eOSiNz1FyKRBS,PCA_CANT.shx,05 — Geo / Mapas,1VxXDspnEwYuiCMXjn9-YPp65h3vtb_pr
1jLre7cJiQtjoFPsN43eecDCod0PhqbUq,QA.shx,05 — Geo / Mapas,1VxXDspnEwYuiCMXjn9-YPp65h3vtb_pr
1TSC8l1pJB3NGa6CXs4Y0R4VFrqDKBn6k,AC_1.dbf,05 — Geo / Mapas,1VxXDspnEwYuiCMXjn9-YPp65h3vtb_pr
17l-MZazK8qYzkZt5qOqtuZNcfnL9EQ6y,AC_1.shx,05 — Geo / Mapas,1VxXDspnEwYuiCMXjn9-YPp65h3vtb_pr
1XW-CVMN2EeJW0MPUOgb1heszSVgcHzmN,AC_2.shp,05 — Geo / Mapas,1VxXDspnEwYuiCMXjn9-YPp65h3vtb_pr
1SukNzLn6TxiUYN_gwP8n_ACn7g5hrKpn,INCENTIVO_GARAGEM.dbf,05 — Geo / Mapas,1VxXDspnEwYuiCMXjn9-YPp65h3vtb_pr
1LINsnn5v6S6gCUu7iwbvs0NRclqt2pDK,PCA_CANT.dbf,05 — Geo / Mapas,1VxXDspnEwYuiCMXjn9-YPp65h3vtb_pr
1Nzzx6pAmAdzRYtBWPcddpnSAppIvxi9c,INCENTIVO_GARAGEM.shp,05 — Geo / Mapas,1VxXDspnEwYuiCMXjn9-YPp65h3vtb_pr
1g_Ldv0X7JrDkt4_B-amrsmB2Jx673J1U,AC_1.shp,05 — Geo / Mapas,1VxXDspnEwYuiCMXjn9-YPp65h3vtb_pr
1_b6BA5OhZW24dfmV6OjTtj4g77on-1Ng,AC_2.dbf,05 — Geo / Mapas,1VxXDspnEwYuiCMXjn9-YPp65h3vtb_pr
1ai8cGimX4io3bhA96EWYblFsVoh7PnHM,SIRGAS_SHP (1).zip,05 — Geo / Mapas,1VxXDspnEwYuiCMXjn9-YPp65h3vtb_pr
1Y28tvDDfTSZGorc3aZgXgNRuKTP96bQk,re1219aptconjuntovilasoperariasmigliaripdfve_1568922885.pdf,99 — Inbox / Triagem,1p8d2Cx-qbLO0nRicRjbZ7h47cp2jqb7t
1lkzW2nPJsGS-55EfVlBQPLUArc7xdgFh,tabela_2025_Retificado_em_12-02-25.pdf,99 — Inbox / Triagem,1p8d2Cx-qbLO0nRicRjbZ7h47cp2jqb7t
12YdB-Y33swJlWnfaxPFN8Pl8IaVeQU2y,02-23 - Anexo I.pdf,99 — Inbox / Triagem,1p8d2Cx-qbLO0nRicRjbZ7h47cp2jqb7t
1Od_Hfp6ln7H0gBCQe6lF_u_tM20PC1u5,02-23 - Anexo II.pdf,99 — Inbox / Triagem,1p8d2Cx-qbLO0nRicRjbZ7h47cp2jqb7t
10tCiERz2YTwc44ExghpT2yuwDJbk4IMy,Novo Relatorio SITE 2021.pdf,99 — Inbox / Triagem,1p8d2Cx-qbLO0nRicRjbZ7h47cp2jqb7t
1cjBeEUDYRMEWTS6yKmPo4O0AVi0wJnfB,Pedido de Reconhecimento de Complexo de Saúde por Particular - Secretaria Municipal de Urbanismo e Licenciamento - Prefeitura.pdf,99 — Inbox / Triagem,1p8d2Cx-qbLO0nRicRjbZ7h47cp2jqb7t
