sql_mestre,x,y,epsg,status
0000000000,,,31983,sem_lote
0010000000,,,31983,sem_lote
0010060001,332783.33713809523,7395412.636978232,31983,ok
0010110001,333321.1876333333,7396292.07951111,31983,ok
0010110002,333314.5710615385,7396328.967623076,31983,ok
0010110003,333346.86803749995,7396335.8585250005,31983,ok
0010110067,333340.31182666664,7396302.614499999,31983,ok
0010180000,,,31983,sem_lote
0010180001,333082.97227068973,7396294.247046551,31983,ok
0010190004,332978.202875,7396023.186950001,31983,ok
0010190022,333023.13422857143,7396238.805442858,31983,ok
0010190023,333014.2393875,7396239.8748625005,31983,ok
0010190037,,,31983,sem_lote
0010190038,332913.85229999997,7396268.282249999,31983,ok
0010190069,332933.16972727276,7396069.110381818,31983,ok
0010190309,332941.3864444445,7396156.949833333,31983,ok
0010190343,333009.7537466667,7396213.901866668,31983,ok
0010200033,333118.36699999997,7396211.752853846,31983,ok
0010200034,333080.69080833334,7396221.958441667,31983,ok
0010230001,333320.14665,7396008.548766666,31983,ok
0010230149,333452.4178923077,7396134.754938462,31983,ok
0010230150,333445.9199111111,7396138.776166666,31983,ok
0010230151,333439.57864444447,7396140.471722222,31983,ok
0010230152,333432.45725,7396141.363790001,31983,ok
0010230153,333424.10547692305,7396145.593446152,31983,ok
0010230154,333416.55734999996,7396154.7733625,31983,ok
0010230155,333413.8220666667,7396141.272116666,31983,ok
0010230156,333413.06546250003,7396134.432699999,31983,ok
0010230157,333408.6512166667,7396129.436466667,31983,ok
0010230158,333417.70927500003,7396127.519491668,31983,ok
0010230159,333429.48567142856,7396124.853142858,31983,ok
0010230160,333433.95665,7396122.340733334,31983,ok
0010230161,333442.57393333333,7396120.1894,31983,ok
0010230162,333448.77499,7396121.69361,31983,ok
0010230163,333440.526225,7396088.865262499,31983,ok
0010230164,333432.81929,7396087.18402,31983,ok
0010230165,333425.86269000004,7396089.04898,31983,ok
0010230166,333419.9467000001,7396092.72586,31983,ok
0010230167,333410.53198181815,7396095.113036363,31983,ok
0010230168,333399.80647999997,7396095.9611100005,31983,ok
0010230169,333383.45352999994,7396097.1704400005,31983,ok
0010230170,333376.594,7396107.496571429,31983,ok
0010230171,333380.6386857143,7396113.658642857,31983,ok
0010230172,333378.70043749997,7396121.144675001,31983,ok
0010230173,333385.0624333333,7396128.059750001,31983,ok
0010230174,333385.3782375,7396136.0032,31983,ok
0010230175,333388.45495,7396141.0042,31983,ok
0010230176,333390.4961,7396151.592749999,31983,ok
0010230177,333392.8163428572,7396161.731642857,31983,ok
0010260001,332967.8612875,7395905.558825,31983,ok
0010260003,332958.77417499997,7395926.840208333,31983,ok
0010260004,332964.21374285716,7395934.836128571,31983,ok
0010260005,332968.56085999997,7395944.341239999,31983,ok
0010260012,332941.1715111111,7395951.048333332,31983,ok
0010260013,332943.3922833333,7395943.821649999,31983,ok
0010260014,332950.33776,7395932.98509,31983,ok
0010260103,332950.2340222222,7395913.176933332,31983,ok
0010260104,332925.23926666664,7395962.284066666,31983,ok
0010260105,332953.3650384616,7395961.928053847,31983,ok
0010270000,333073.9136692307,7395889.767792308,31983,ok
0010270002,333069.25344666664,7395922.860306667,31983,ok
0010270028,333039.54413571436,7395931.234235713,31983,ok
0010270031,333025.1757866667,7395906.94688,31983,ok
0010340024,333649.17455,7395871.20023,31983,ok
0010360000,333049.89184999996,7395741.947691667,31983,ok
0010360004,333075.0116888889,7395821.674066667,31983,ok
0010360008,333036.57331874996,7395764.54189375,31983,ok
0010360279,333040.33164666663,7395827.503826667,31983,ok
0010360427,333069.77663333336,7395800.204550001,31983,ok
0010360428,333065.13187142863,7395810.03957143,31983,ok
0010400000,333297.54341999994,7395688.416033333,31983,ok
0010400002,333299.30323636363,7395709.7558,31983,ok
0010400003,333299.9529888889,7395725.153900001,31983,ok
0010400004,333295.36255714286,7395737.975542856,31983,ok
0010400005,333292.90456000005,7395752.252039999,31983,ok
0010400006,333292.33618,7395760.80316,31983,ok
0010400008,333291.20346000005,7395777.8492,31983,ok
0010400009,333297.09965999995,7395786.0812599985,31983,ok
0010410012,333354.8105846154,7395779.898976923,31983,ok
0010410013,333351.0508888889,7395767.2978,31983,ok
0010410014,333353.54894285713,7395758.389342858,31983,ok
0010410015,333354.07431428565,7395750.734128572,31983,ok
0010410017,333355.8091875,7395736.288225,31983,ok
0010410018,333342.02938,7395728.42252,31983,ok
0010420000,333422.4731846154,7395764.832523077,31983,ok
0010420001,333422.56768333336,7395716.074091665,31983,ok
0010420013,333419.30996153847,7395739.302100002,31983,ok
0010440000,332868.5996857143,7395694.301342858,31983,ok
0010440046,332879.105,7395698.959588889,31983,ok
0010440050,,,31983,sem_lote
0010440051,,,31983,sem_lote
0010440096,,,31983,sem_lote
0010440304,332854.3174,7395685.165342857,31983,ok
0010440349,332917.9305333334,7395625.457166667,31983,ok
0010440351,332919.93232,7395614.39104,31983,ok
0010440356,332903.8486999999,7395695.137463638,31983,ok
0010440358,332905.5039264706,7395615.891241176,31983,ok
0010440361,332924.2822,7395717.23986,31983,ok
0010440365,332871.31576,7395679.842799999,31983,ok
0010450000,333021.50036363635,7395669.239981818,31983,ok
0010450002,333030.3804083333,7395706.421358333,31983,ok
0010450004,332972.34313125,7395661.76316875,31983,ok
0010450005,332994.20267,7395657.84147,31983,ok
0010460000,332966.90029374993,7395474.55138125,31983,ok
0010460002,332968.7588307693,7395499.934992308,31983,ok
0010460003,332989.0503947368,7395552.875510526,31983,ok
0010460007,332973.76623684214,7395596.72821579,31983,ok
0010460059,,,31983,sem_lote
0010460275,332982.8743928572,7395582.102328571,31983,ok
0010480000,333107.37086666666,7395560.98481111,31983,ok
0010490000,333256.5902142857,7395450.622735714,31983,ok
0010490018,,,31983,sem_lote
0010490029,333304.02436000004,7395657.867459999,31983,ok
0010490030,333296.5231142857,7395648.3787857145,31983,ok
0010490034,333294.06312666665,7395615.2823,31983,ok
0010490045,333255.44832499995,7395562.096050001,31983,ok
0010490046,333252.6504444444,7395553.012866667,31983,ok
0010490048,333259.81654285715,7395523.072685714,31983,ok
0010490049,333252.3725555555,7395515.3659666665,31983,ok
0010490055,333226.0469571429,7395447.509038095,31983,ok
0010490059,333241.4401625,7395372.3168,31983,ok
0010490235,333202.58601739135,7395402.305991302,31983,ok
0010490670,333281.27033809526,7395627.304371428,31983,ok
0010490824,333240.15824782604,7395478.751465218,31983,ok
0010500001,333293.4919166667,7395391.4657833325,31983,ok
0010500002,333297.5808,7395398.794371428,31983,ok
0010500003,333303.0296142857,7395403.597914285,31983,ok
0010500005,333312.36675999995,7395416.27933,31983,ok
0010500006,333318.4088909091,7395427.862845454,31983,ok
0010500007,333316.37786999997,7395439.673450001,31983,ok
0010500008,333320.09130000003,7395446.52164,31983,ok
0010500014,333320.2107444445,7395511.307288889,31983,ok
0010500018,333334.2761,7395540.261760001,31983,ok
0010500020,333339.5103166666,7395556.761616667,31983,ok
0010500023,333349.3699,7395573.530412501,31983,ok
0010500024,333347.35801666667,7395582.101066667,31983,ok
0010500025,333348.73874999996,7395587.361416667,31983,ok
0010500026,333346.10725,7395593.3747333335,31983,ok
0010500029,333351.61326,7395610.877999999,31983,ok
0010500030,333350.58091666666,7395623.816133332,31983,ok
0010500077,333340.04346666666,7395445.089044445,31983,ok
0010500081,333346.54464,7395419.68742,31983,ok
0010500085,333335.95536666666,7395392.975699999,31983,ok
0010500086,333337.268525,7395385.487249999,31983,ok
0010500087,333337.2849,7395378.3822375005,31983,ok
0010500088,333346.3321333333,7395365.965116666,31983,ok
0010500097,333350.4733727273,7395602.603545454,31983,ok
0010500113,333332.88128,7395397.789410001,31983,ok
0010500408,333332.29490833334,7395520.141458333,31983,ok
0010510000,333478.75830476196,7395687.220319047,31983,ok
0010510008,333431.22648750007,7395600.242862498,31983,ok
0010510024,333424.7034,7395651.030716666,31983,ok
0010510025,333423.00886,7395658.787020001,31983,ok
0010510028,333473.610297143,7395666.386537142,31983,ok
0010510053,333450.3055142857,7395566.2241857145,31983,ok
0010510054,333443.36836,7395563.397119999,31983,ok
0010510055,333435.0505625,7395573.894175,31983,ok
0010520006,333585.31121333333,7395675.042836668,31983,ok
0010520009,333617.17952222214,7395704.429222222,31983,ok
0010520019,333598.77369090915,7395642.639854545,31983,ok
0010520022,333587.68195,7395621.85702,31983,ok
0010520024,333583.30328181817,7395596.6280000005,31983,ok
0010520025,333584.2298571429,7395589.910657142,31983,ok
0010520026,333584.25461428566,7395580.225814285,31983,ok
0010530000,332873.93152187497,7395550.716009374,31983,ok
0010530006,332877.5361555556,7395574.482088889,31983,ok
0010530009,332851.90647058823,7395586.598258823,31983,ok
0010530012,332835.6832777778,7395600.836372223,31983,ok
0010530017,332832.21364444454,7395656.770022223,31983,ok
0010530018,332823.9875521739,7395668.235265219,31983,ok
0010530020,332796.9647727273,7395632.577936363,31983,ok
0010530025,,,31983,sem_lote
0010530026,,,31983,sem_lote
0010530030,332803.90068823524,7395538.9693941185,31983,ok
0010530033,332848.51878823526,7395569.834717646,31983,ok
0010530036,,,31983,sem_lote
0010530048,332782.2079166667,7395619.399850001,31983,ok
0010530049,332775.40641999996,7395614.4563299995,31983,ok
0010530228,332816.51144000003,7395529.846924001,31983,ok
0010530229,332851.7773625,7395595.329487499,31983,ok
0010530278,332818.41252400004,7395622.736392,31983,ok
0010530363,332779.15646,7395588.435086666,31983,ok
0010550004,332645.7055333333,7395476.201093334,31983,ok
0010550006,332679.21259999997,7395441.711666667,31983,ok
0010550007,332695.9649833333,7395439.1051,31983,ok
0010550161,,,31983,sem_lote
0010560001,332785.164821875,7395413.811668749,31983,ok
0010570000,332930.93417142855,7395469.973371429,31983,ok
0010570009,332924.2878411765,7395447.871088236,31983,ok
0010570018,332929.06125714286,7395514.296828571,31983,ok
0010570024,332942.17282000004,7395437.39454,31983,ok
0010570239,,,31983,sem_lote
0010580000,332898.10558000003,7395397.366566667,31983,ok
0010580001,332940.640224,7395321.529388001,31983,ok
0010580008,332938.90774444444,7395401.120044444,31983,ok
0010580033,332888.3197384616,7395394.4085769225,31983,ok
0010580047,332827.94625624997,7395349.780031249,31983,ok
0010580049,,,31983,sem_lote
0010580093,,,31983,sem_lote
0010610008,333066.56509999995,7395217.917442858,31983,ok
0010610009,333056.50308000005,7395218.112260001,31983,ok
0010610010,333048.40565,7395231.914531251,31983,ok
0010610011,333033.22741666663,7395224.2817,31983,ok
0010610012,333041.214545,7395240.771709999,31983,ok
0010620009,333110.47636470594,7395188.280082353,31983,ok
0010620011,333135.89931999997,7395242.11558,31983,ok
0010630005,333227.5299888889,7395179.649355556,31983,ok
0010630030,333204.06937647064,7395177.385652941,31983,ok
0010630052,333179.4236285714,7395155.53422143,31983,ok
0010640000,333259.0212894737,7395233.038063159,31983,ok
0010640003,333249.08948571427,7395292.645257143,31983,ok
0010640012,333291.96405,7395360.947866667,31983,ok
0010640402,333233.80931249994,7395271.458124999,31983,ok
0010640403,333285.6328625,7395351.281325,31983,ok
0010650001,333397.74885714287,7395459.617028571,31983,ok
0010650002,333403.5361,7395465.19826,31983,ok
0010650003,333404.68169999996,7395472.45662,31983,ok
0010650004,333405.81351999997,7395479.62694,31983,ok
0010650005,333406.95142,7395486.83696,31983,ok
0010650006,333408.08307999995,7395494.00732,31983,ok
0010650007,333409.2338599999,7395501.299200001,31983,ok
0010650008,333410.4022,7395508.7028399985,31983,ok
0010650009,333406.04066,7395516.79762,31983,ok
0010650010,333412.00962857145,7395525.176757142,31983,ok
0010670000,333463.84692000004,7395317.058320001,31983,ok
0010670021,333451.6538714286,7395496.708400001,31983,ok
0010670022,333450.90238,7395506.2047999995,31983,ok
0010670023,333451.92986,7395513.87086,31983,ok
0010670027,333482.06936666666,7395529.901666667,31983,ok
0010670028,333494.85007142863,7395532.375600001,31983,ok
0010670029,333502.2609,7395534.39373,31983,ok
0010670030,333511.5999888889,7395542.551411111,31983,ok
0010670043,333481.3409,7395425.1154000005,31983,ok
0010670045,333480.1930833334,7395412.320633333,31983,ok
0010670046,333484.3817166666,7395400.805916667,31983,ok
0010670243,333477.54657777783,7395435.737211111,31983,ok
0010670245,333449.5836857143,7395526.863642857,31983,ok
0010670246,333446.68835,7395394.3947749995,31983,ok
0010680000,333545.8069,7395518.604447619,31983,ok
0010690005,333536.7194714286,7395433.404171428,31983,ok
0010710000,333012.2845,7395164.087753846,31983,ok
0010720000,333082.52775999997,7395139.227875002,31983,ok
0010720093,333059.15541818185,7395083.620554546,31983,ok
0010720098,333033.21563750005,7395087.056,31983,ok
0010720099,333038.8554454546,7395102.524118181,31983,ok
0010720139,,,31983,sem_lote
0010730000,333104.4173529412,7395056.09834706,31983,ok
0010730002,333141.8234567568,7395096.754210812,31983,ok
0010730005,333147.91652307694,7395059.490569229,31983,ok
0010730006,333132.5164833333,7395053.203883334,31983,ok
0010740002,333219.00634090917,7395103.229909092,31983,ok
0010740019,333191.2983285714,7395046.7572714295,31983,ok
0010740020,333211.5456333333,7395050.197316666,31983,ok
0010740021,333224.21236666664,7395054.22461111,31983,ok
0010740025,333219.68433200003,7395072.791364001,31983,ok
0010750000,333311.0383161291,7395197.3620741945,31983,ok
0010750010,333314.74755652173,7395140.972904348,31983,ok
0010750021,333330.62137272727,7395249.968827272,31983,ok
0010750022,333333.87084999995,7395242.39831,31983,ok
0010750023,333339.4161875,7395225.3933375,31983,ok
0010750028,333362.61658,7395202.27544,31983,ok
0010750029,333357.97345,7395194.046583332,31983,ok
0010750051,333401.211375,7395091.105125,31983,ok
0010750135,333408.27509166667,7395099.3856999995,31983,ok
0010750136,333407.3391,7395094.82284,31983,ok
0010750505,333392.3130125,7395081.4418,31983,ok
0010750523,333357.9406083333,7395175.528008332,31983,ok
0010750524,333357.5551307692,7395184.926784616,31983,ok
0010750656,333311.9213642857,7395118.685264285,31983,ok
0010770000,333509.10581739125,7395240.571030434,31983,ok
0010770003,333472.7817611111,7395228.70733889,31983,ok
0010770009,333506.66387272725,7395278.639295456,31983,ok
0010780000,332955.9487,7395050.06434,31983,ok
0010790000,332926.8753000001,7394991.646159999,31983,ok
0010800000,333013.50566666666,7395046.271555554,31983,ok
0010800002,333028.9845666666,7395036.5554083325,31983,ok
0010800009,333003.822275,7394950.030900001,31983,ok
0010800010,332990.60633,7394944.480929999,31983,ok
0010800012,332993.11546666664,7394932.369511111,31983,ok
0010800014,332961.4959888889,7394948.325333334,31983,ok
0010800016,332981.5688307692,7394966.950615385,31983,ok
0010800019,332999.9371642857,7394997.8926928565,31983,ok
0010800181,333021.11302,7394983.34204,31983,ok
0010800182,333023.37622,7394987.85448,31983,ok
0010800183,333024.9963,7394991.073360001,31983,ok
0010800201,,,31983,sem_lote
0010800202,,,31983,sem_lote
0010800203,,,31983,sem_lote
0010800204,,,31983,sem_lote
0010800205,,,31983,sem_lote
0010800206,,,31983,sem_lote
0010800207,,,31983,sem_lote
0010810000,333111.2085769231,7394933.779484615,31983,ok
0010810003,333089.6964153846,7394981.842553846,31983,ok
0010810004,333090.60903124994,7394970.594081249,31983,ok
0010810005,333094.59933684213,7394948.206342106,31983,ok
0010810012,333056.9945916667,7394913.464175,31983,ok
0010810014,333028.61634000007,7394911.09896,31983,ok
0010810019,333063.44915,7394938.99705,31983,ok
0010810021,333066.36638749996,7394961.8153625,31983,ok
0010810022,333067.08834285714,7394969.997199999,31983,ok
0010810023,333069.83125,7394974.4277874995,31983,ok
0010810024,333074.3547166667,7394980.547858332,31983,ok
0010810025,333073.70041249995,7394993.7229125,31983,ok
0010820001,333173.14108888886,7394924.371355557,31983,ok
0010820004,333152.5240866666,7394955.780553334,31983,ok
0010820007,333153.5023272727,7394997.569881818,31983,ok
0010820014,333152.62055333337,7394921.2646200005,31983,ok
0010820015,333139.4497333334,7395023.029286667,31983,ok
0010830000,333228.8169923077,7394873.166715384,31983,ok
0010830002,333254.33377499995,7394997.1107250005,31983,ok
0010830004,333256.16096111113,7394937.122783333,31983,ok
0010830007,333241.51663333335,7394898.028183334,31983,ok
0010830011,333226.8356625,7394889.232812501,31983,ok
0010830016,333225.0337416667,7394942.798916667,31983,ok
0010830018,333229.61765862064,7394972.675948275,31983,ok
0010830020,333210.09402500006,7395001.642437501,31983,ok
0010830021,333205.81585,7395019.88373,31983,ok
0010830031,333238.7541941176,7395014.088670589,31983,ok
0010840000,333021.01012727275,7394875.786918181,31983,ok
0010840003,333054.03557142854,7394877.639685714,31983,ok
0010840006,333081.5526583334,7394868.803800001,31983,ok
0010840008,333104.11387999996,7394867.22481,31983,ok
0010840016,333138.6516947369,7394825.303300001,31983,ok
0010840021,333107.00183333334,7394840.950316668,31983,ok
0010840022,333093.3242125,7394848.058824999,31983,ok
0010840023,333078.50195,7394850.8796,31983,ok
0010850001,333173.6095571429,7394888.134214285,31983,ok
0010850003,333181.3147,7394857.906635715,31983,ok
0010853786,,,31983,sem_lote
0010860003,333190.4688166667,7394834.603299999,31983,ok
0010860004,333201.331475,7394833.739675,31983,ok
0010860009,333214.3913777778,7394800.849844445,31983,ok
0010860015,333179.5984785714,7394817.543707143,31983,ok
0010870000,,,31983,sem_lote
0010870001,333210.1744538461,7396350.300661539,31983,ok
0010870002,333243.7239099999,7396540.4818,31983,ok
0010870003,333214.5019714287,7396587.751914285,31983,ok
0020000000,,,31983,sem_lote
0020110015,333886.86862857145,7396237.204585714,31983,ok
0020110016,333894.24381,7396234.794819999,31983,ok
0020110017,333899.88756666664,7396234.869824999,31983,ok
0020110018,333905.6241545454,7396236.783436364,31983,ok
0020110019,333911.4486545455,7396236.509372727,31983,ok
0020110020,333916.15939999995,7396239.147475,31983,ok
0020110021,333924.95460000006,7396239.709733333,31983,ok
0020110022,333902.8772777778,7396226.627161111,31983,ok
0020110023,333917.1275571429,7396227.136299999,31983,ok
0020110024,333904.27376999997,7396219.6177900005,31983,ok
0020110025,333902.45921000006,7396215.492539999,31983,ok
0020110026,333902.42670999997,7396208.983,31983,ok
0020110027,333899.2746777778,7396204.798999999,31983,ok
0020110028,333900.3177,7396199.323299999,31983,ok
0020110029,333899.01881428575,7396191.1955,31983,ok
0020110030,333896.18331249995,7396188.515587499,31983,ok
0020110031,333892.49832222215,7396182.794911112,31983,ok
0020110032,333889.9274545455,7396178.1318727285,31983,ok
0020110033,333887.50267500005,7396173.999550001,31983,ok
0020110034,333888.316125,7396168.2125875,31983,ok
0020110035,333887.1014428571,7396160.721714286,31983,ok
0020110036,333882.8242,7396157.04771,31983,ok
0020110037,333878.69311428576,7396153.1525714295,31983,ok
0020110038,333876.67381428566,7396148.057821429,31983,ok
0020110039,333875.5404916667,7396142.999875001,31983,ok
0020110040,333874.20328,7396136.9233099995,31983,ok
0020110041,333870.38886,7396131.877229999,31983,ok
0020110042,333869.8146,7396128.197799999,31983,ok
0020110043,333866.4588857143,7396123.798471428,31983,ok
0020110044,333861.62920909096,7396131.418772727,31983,ok
0020110045,333856.65264,7396134.434899999,31983,ok
0020110046,333849.83530000004,7396133.6075,31983,ok
0020110047,333845.35666,7396135.375820001,31983,ok
0020110048,333840.86,7396137.151300001,31983,ok
0020110049,333836.43978333334,7396138.079933333,31983,ok
0020120001,333986.05741666665,7396196.111400001,31983,ok
0020120002,333988.3997333333,7396202.480822222,31983,ok
0020120003,333982.7387,7396210.396327273,31983,ok
0020120004,333984.8438307692,7396216.026415384,31983,ok
0020120005,334003.49152000004,7396225.26352,31983,ok
0020120006,333997.6502833333,7396222.659466666,31983,ok
0020120007,333991.58714285714,7396223.921314285,31983,ok
0020120008,333988.3388555555,7396225.793533334,31983,ok
0020120009,333982.696325,7396227.8805875,31983,ok
0020120010,333978.82934444444,7396227.330277778,31983,ok
0020120011,333971.894325,7396221.574708334,31983,ok
0020120012,333967.83538999996,7396227.478580001,31983,ok
0020120013,333962.4522,7396229.1152099995,31983,ok
0020120014,333956.54815,7396229.750290001,31983,ok
0020120015,333952.90346666664,7396234.6149,31983,ok
0020120016,333948.23741999996,7396237.52314,31983,ok
0020120017,333940.89715000003,7396236.732183333,31983,ok
0020120018,333942.13815,7396221.38416,31983,ok
0020120019,333938.3574285714,7396215.728499999,31983,ok
0020120020,333949.9568333333,7396215.077566667,31983,ok
0020120021,333955.9236833334,7396214.171833333,31983,ok
0020120022,333961.51915,7396211.997012501,31983,ok
0020120023,333963.71846249996,7396209.163275001,31983,ok
0020120024,333969.75341666664,7396208.87395,31983,ok
0020120025,333973.59035,7396204.733233334,31983,ok
0020120026,333978.8239625,7396203.239587499,31983,ok
0020130001,333972.5995833333,7396167.07915,31983,ok
0020130002,333973.9047,7396172.1816,31983,ok
0020130003,333975.4510571429,7396176.158357143,31983,ok
0020130004,333978.86653999996,7396180.552819999,31983,ok
0020130005,333971.30773,7396178.9027200015,31983,ok
0020130006,333965.02976666664,7396180.536033333,31983,ok
0020130007,333961.4929,7396185.873360001,31983,ok
0020130008,333954.37472857145,7396185.2334571425,31983,ok
0020130009,333952.37168571434,7396188.1344428575,31983,ok
0020130010,333944.91657142853,7396189.0091571435,31983,ok
0020130011,333942.44267499994,7396192.1931875,31983,ok
0020130012,333934.3908714286,7396197.914928571,31983,ok
0020130013,333930.8056142857,7396195.149457143,31983,ok
0020130014,333927.51203750004,7396185.820024999,31983,ok
0020130015,333927.779475,7396180.869875001,31983,ok
0020130016,333938.0015,7396180.6215625005,31983,ok
0020130017,333940.56431428576,7396177.670385714,31983,ok
0020130018,333948.056,7396176.889228572,31983,ok
0020130019,333950.02558571426,7396173.903914286,31983,ok
0020130020,333957.2423428571,7396173.249857143,31983,ok
0020130021,333959.7559625,7396171.015699999,31983,ok
0020130022,333967.2208125,7396168.9852875015,31983,ok
0020130023,333974.1146,7396161.2939,31983,ok
0020140005,333956.47508,7396148.080600001,31983,ok
0020140006,333951.92708,7396147.002680001,31983,ok
0020140007,333948.26952,7396151.34298,31983,ok
0020140008,333942.58546,7396153.62068,31983,ok
0020140009,333938.69421999995,7396155.184459999,31983,ok
0020140010,333933.73608,7396157.173559999,31983,ok
0020140011,333927.103925,7396156.920162501,31983,ok
0020140012,333919.07204444445,7396162.56941111,31983,ok
0020140013,333917.9121555556,7396159.6561888885,31983,ok
0020140014,333912.46609999996,7396152.49506,31983,ok
0020140015,333911.95560000004,7396146.639983334,31983,ok
0020140016,333922.3356428571,7396146.26087143,31983,ok
0020140017,333927.48504,7396141.752919999,31983,ok
0020140018,333934.2359142857,7396142.544757143,31983,ok
0020140019,333936.9118571429,7396139.240828572,31983,ok
0020140020,333942.15192,7396138.98236,31983,ok
0020140021,333946.84148,7396137.094500001,31983,ok
0020140022,333951.08608,7396132.284659999,31983,ok
0020150005,333943.1478714286,7396112.246185714,31983,ok
0020150006,333939.26458,7396115.453740001,31983,ok
0020150007,333934.32162,7396117.3838,31983,ok
0020150008,333927.6540142857,7396115.612999999,31983,ok
0020150009,333924.1054142858,7396117.007057143,31983,ok
0020150010,333919.25065000006,7396121.78645,31983,ok
0020150011,333914.96597142855,7396124.466157144,31983,ok
0020150012,333906.1573444444,7396128.640477778,31983,ok
0020150013,333904.72703,7396124.856380001,31983,ok
0020150014,333900.1588,7396118.6792,31983,ok
0020150015,333900.0232,7396111.7886833325,31983,ok
0020150016,333910.25204999995,7396110.1512124995,31983,ok
0020150017,333913.8037375,7396109.707125,31983,ok
0020150018,333921.018975,7396108.8333125,31983,ok
0020150019,333922.93356250005,7396106.163287501,31983,ok
0020150020,333928.06201999995,7396104.76948,31983,ok
0020150021,333932.99634,7396102.819340001,31983,ok
0020150022,333939.31862857146,7396100.540014285,31983,ok
0020160000,333837.5288363637,7396110.690854546,31983,ok
0020160002,333857.0611714286,7396103.492485714,31983,ok
0020160003,333862.89,7396097.8668875,31983,ok
0020160004,333868.5542,7396094.8991,31983,ok
0020160005,333880.65221428574,7396094.428357142,31983,ok
0020160006,333884.19346000004,7396090.250820001,31983,ok
0020160007,333887.5296777778,7396088.415233334,31983,ok
0020160008,333895.4705,7396089.640666667,31983,ok
0020160009,333897.2552142857,7396084.702871428,31983,ok
0020160010,333904.9644875,7396085.318112499,31983,ok
0020160011,333906.49934999994,7396082.4552374985,31983,ok
0020160012,333914.7070285714,7396083.1256,31983,ok
0020160013,333917.3944428571,7396082.230557144,31983,ok
0020160014,333923.37378749996,7396077.082300002,31983,ok
0020160015,333927.6383888889,7396077.688622223,31983,ok
0020160016,333933.18687,7396075.761659999,31983,ok
0020160019,333873.5679526317,7396074.333223683,31983,ok
0020170080,334102.8069375,7395862.2482791655,31983,ok
0020220094,,,31983,sem_lote
0020310001,333673.1727954545,7395553.112154544,31983,ok
0020320026,333636.01735714293,7395372.376735714,31983,ok
0020400001,334483.487782353,7395738.727229413,31983,ok
0020470043,334335.10708636366,7395507.108763636,31983,ok
0020480027,334515.90505,7395645.4475125,31983,ok
0020480028,334509.2507857143,7395638.0059,31983,ok
0020480029,334499.151475,7395632.567349999,31983,ok
0020480030,334479.4824999999,7395630.003585713,31983,ok
0020480031,334468.2587928571,7395604.557385714,31983,ok
0020480042,334482.74943749997,7395532.9525125,31983,ok
0020480043,334473.67833333334,7395477.345166667,31983,ok
0020480044,334474.05887142854,7395492.181728573,31983,ok
0020480045,334489.25303,7395508.1105,31983,ok
0020480046,334508.81278000004,7395524.737120001,31983,ok
0020480047,334517.4710714286,7395537.520442857,31983,ok
0020480048,334539.31198,7395542.97608,31983,ok
0020480049,334550.80606000003,7395550.992000001,31983,ok
0020520001,333842.561071698,7395306.847816981,31983,ok
0020570025,334657.63977500005,7395400.6676875,31983,ok
0020570026,334648.5774142857,7395407.0644000005,31983,ok
0020570027,334647.31097999995,7395409.57354,31983,ok
0020570028,334644.50295714283,7395412.676742857,31983,ok
0020570029,334643.59982,7395415.3316399995,31983,ok
0020570030,334643.7063833333,7395418.10005,31983,ok
0020570031,334642.1189,7395420.567333333,31983,ok
0020590000,333421.09508888895,7394793.092455556,31983,ok
0020590045,333432.2791,7394745.180899999,31983,ok
0020590047,333428.5107315789,7394770.07826842,31983,ok
0020590048,333427.661645,7394773.76233,31983,ok
0020590049,333434.86047142855,7394785.610571429,31983,ok
0020590051,333431.0881958333,7394808.913558335,31983,ok
0020590052,333407.5995333333,7394831.28931111,31983,ok
0020590054,333356.5604166667,7394856.758766667,31983,ok
0020590055,,,31983,sem_lote
0020590057,333379.73318333336,7394979.150133333,31983,ok
0020590365,333303.98556666664,7394920.6879,31983,ok
0020600000,333235.56713499996,7394834.506725,31983,ok
0020600002,333253.27023333334,7394835.5262,31983,ok
0020600003,333269.3138818182,7394832.92688182,31983,ok
0020600004,333246.28498928575,7394817.139782141,31983,ok
0020610002,333289.59878,7394802.143519999,31983,ok
0020610004,333299.58903,7394778.60165,31983,ok
0020610006,333276.6538375,7394770.587524999,31983,ok
0020620001,333326.47355555557,7394804.570044444,31983,ok
0020630001,333362.2321111111,7394819.31048889,31983,ok
0020660001,333540.51859999995,7394898.826566667,31983,ok
0020660002,333537.8041,7394909.093416666,31983,ok
0020660004,333538.7014166666,7394924.9841,31983,ok
0020660017,333493.68284,7395012.97898,31983,ok
0020660018,333489.39774000004,7395020.327500001,31983,ok
0020660019,333484.14965000004,7395027.980375,31983,ok
0020660037,333530.20312,7394915.290719999,31983,ok
0020670002,333488.28651923075,7394874.772669231,31983,ok
0020680002,333324.5716636363,7394759.422309091,31983,ok
0020680005,333377.0635615385,7394769.943399999,31983,ok
0020680006,333371.46061111114,7394755.028533333,31983,ok
0020680007,333384.7147666667,7394741.173016667,31983,ok
0020680008,333387.25508750003,7394732.841587499,31983,ok
0020680011,333354.98665000004,7394734.902191668,31983,ok
0020680013,333338.3322458334,7394742.919820834,31983,ok
0020700000,333498.6614071429,7394820.397635713,31983,ok
0020700699,333547.74531764706,7394720.707417646,31983,ok
0020720006,333307.7243833333,7394676.465341666,31983,ok
0020730001,333378.31910499994,7394686.898815001,31983,ok
0020730002,333394.31261666666,7394678.935716667,31983,ok
0020730003,333400.50909999997,7394665.1459125,31983,ok
0020730004,333379.40988461545,7394669.73333077,31983,ok
0020740000,333455.13645,7394675.55835,31983,ok
0020740006,333434.3544,7394704.187438463,31983,ok
0020740007,333445.0498166666,7394694.290016667,31983,ok
0020740019,333521.81266666664,7394692.24135,31983,ok
0020760076,334024.15478965524,7395136.978417242,31983,ok
0020760077,334096.7252541667,7395169.707995836,31983,ok
0020780003,334038.6656181818,7395028.012463638,31983,ok
0020780004,334039.11020000005,7395023.712136364,31983,ok
0020780005,334041.00436363637,7395014.4790181825,31983,ok
0020780006,334043.3468333333,7395010.570611113,31983,ok
0020780007,334046.9642625,7395001.0810124995,31983,ok
0020780008,334045.7605111111,7394995.623033334,31983,ok
0020780009,334050.58472,7394987.32192,31983,ok
0020780010,334050.12193,7394983.06231,31983,ok
0020780011,334056.4142714286,7394974.899300001,31983,ok
0020780012,334054.50438749994,7394969.918725,31983,ok
0020780013,334059.46233749995,7394962.0737,31983,ok
0020790022,334082.60694285715,7394969.778042858,31983,ok
0020790023,334083.0153666667,7394979.300333332,31983,ok
0020790024,334080.62614999997,7394985.4943875,31983,ok
0020790025,334076.3573875,7394992.8595375,31983,ok
0020790026,334076.2278625,7394998.7659249995,31983,ok
0020790027,334073.87323749997,7395009.090550001,31983,ok
0020790028,334067.42344,7395014.284039999,31983,ok
0020790029,334068.3085,7395019.006828571,31983,ok
0020790030,334065.82507142855,7395026.937114285,31983,ok
0020790031,334063.8463,7395033.260328571,31983,ok
0020790032,334062.1187,7395041.929814286,31983,ok
0020830001,334545.73522916663,7395214.698883335,31983,ok
0020830002,334544.7811833333,7395187.678441667,31983,ok
0020830003,334533.81776,7395202.23618,31983,ok
0020830004,334531.9105,7395205.025,31983,ok
0020830005,334529.5396,7395208.5168200005,31983,ok
0020830006,334527.16868,7395212.008599999,31983,ok
0020830007,334524.77546000003,7395215.53284,31983,ok
0020830008,334521.9355,7395219.735719999,31983,ok
0020830009,334520.04896,7395222.494220001,31983,ok
0020830010,334517.67805999995,7395225.986,31983,ok
0020830011,334515.30715999997,7395229.477780001,31983,ok
0020830012,334513.0997,7395232.730399999,31983,ok
0030000000,,,31983,sem_lote
0030020001,333540.8413285715,7394472.150114285,31983,ok
0030020003,333563.57102000003,7394458.15336,31983,ok
0030020004,333570.29091000004,7394452.065539999,31983,ok
0030020005,333573.07268,7394448.89446,31983,ok
0030020006,333580.97236666665,7394443.099355555,31983,ok
0030020007,333581.78740000003,7394437.520844444,31983,ok
0030020008,333588.4712888889,7394430.840388889,31983,ok
0030020009,333592.1528111111,7394426.646522222,31983,ok
0030020010,333596.85603333334,7394420.252744446,31983,ok
0030020011,333602.20556666673,7394414.779125001,31983,ok
0030020014,333617.1617599999,7394400.555886667,31983,ok
0030020015,333630.69342142856,7394389.642664284,31983,ok
0030020017,333593.4415818182,7394390.762877273,31983,ok
0030020018,333588.0147125,7394401.8695,31983,ok
0030020019,333578.59671428567,7394405.206057143,31983,ok
0030020020,333576.93122857145,7394413.130142857,31983,ok
0030020021,333572.92187142855,7394417.671728571,31983,ok
0030020022,333567.5683428572,7394423.737600001,31983,ok
0030020023,333562.92987142864,7394428.992614286,31983,ok
0030020024,333558.9473857143,7394433.5037,31983,ok
0030020025,333553.6308714286,7394439.527671428,31983,ok
0030020026,333549.87922857143,7394443.777171427,31983,ok
0030030000,333686.4575933333,7394542.73434,31983,ok
0030030001,333552.4719714286,7394558.567584126,31983,ok
0030030002,333953.8733,7394269.672999997,31983,ok
0030030045,333600.23883000005,7394504.500839999,31983,ok
0030030048,333586.2115714286,7394519.887028572,31983,ok
0030030049,333585.5928583333,7394532.418066666,31983,ok
0030040000,333701.145976,7394690.101175998,31983,ok
0030050001,333726.2865470588,7394631.74882353,31983,ok
0030060000,,,31983,sem_lote
0030060001,333681.919475,7394386.953808334,31983,ok
0030060002,333683.17600000004,7394396.677439999,31983,ok
0030060019,333683.10708125005,7394452.135456249,31983,ok
0030060020,333684.20393333334,7394445.099873333,31983,ok
0030060028,333700.86803333333,7394400.287144444,31983,ok
0030060029,333693.7656714286,7394396.6096,31983,ok
0030090001,333899.2622451614,7394515.952854837,31983,ok
0030100055,334103.3096368421,7394825.838457896,31983,ok
0030150002,334638.30653888895,7395149.357355556,31983,ok
0030150062,334682.07039999997,7395113.038581249,31983,ok
0030340001,334227.224190625,7394313.141684377,31983,ok
0030340024,334246.4866875001,7394321.107016665,31983,ok
0030450043,334850.93610232556,7394306.058769769,31983,ok
0030450044,334790.5765111111,7394261.984322222,31983,ok
0030600105,335303.84896000003,7394528.670980001,31983,ok
0030610002,335524.3600972223,7394214.48008889,31983,ok
0040080129,334875.17971538473,7394171.9923128225,31983,ok
0040110006,333841.90426842106,7394150.299889475,31983,ok
0040113883,,,31983,sem_lote
0040170001,334885.1818666667,7393958.599816666,31983,ok
0040170002,334827.06659411767,7394021.353447058,31983,ok
0040170003,334889.72965714283,7393966.716285715,31983,ok
0040170004,334890.43074285716,7393970.956985714,31983,ok
0040170005,334888.3187571429,7393975.570642858,31983,ok
0040170006,334888.9983285715,7393979.7066857135,31983,ok
0040170007,334889.6480714286,7393983.661071428,31983,ok
0040170008,334893.10252857144,7393987.119671428,31983,ok
0040170009,334893.8651,7393991.728971428,31983,ok
0040170010,334889.86188888893,7393996.978644445,31983,ok
0040170011,334892.49485714285,7394000.987328572,31983,ok
0040170012,334892.68200000003,7394005.599844445,31983,ok
0040170013,334892.6337,7394009.241529999,31983,ok
0040170014,334893.38345,7394013.484312501,31983,ok
0040170015,334893.5961125,7394017.926862501,31983,ok
0040170016,334894.324075,7394022.330562499,31983,ok
0040170017,334896.0321714286,7394026.386614286,31983,ok
0040170018,334896.33184999996,7394030.812674999,31983,ok
0040170019,334898.7725222222,7394033.940777777,31983,ok
0040170020,334897.46382857143,7394038.4081,31983,ok
0040240001,334076.68542222225,7393936.4927851865,31983,ok
0040310001,333867.2014983871,7393849.985040324,31983,ok
0040330000,334138.4291071429,7393729.962192857,31983,ok
0040330008,334086.26915625,7393804.226706251,31983,ok
0040340000,334375.92344444443,7393752.806822223,31983,ok
0040350000,334412.9213086957,7393907.917865217,31983,ok
0040380001,334414.9637407407,7393764.122044444,31983,ok
0040430001,333534.1932666666,7393564.428183333,31983,ok
0040430002,333540.3092833333,7393566.09545,31983,ok
0040430090,333540.17795555555,7393580.595633334,31983,ok
0040480027,334528.9902928571,7393820.875471428,31983,ok
0040500103,334846.0487461538,7393762.105930769,31983,ok
0040530001,334279.2472875,7393551.18490625,31983,ok
0040540000,334308.5453181818,7393679.657490909,31983,ok
0050000000,,,31983,sem_lote
0050010000,332860.88488333335,7394901.98995,31983,ok
0050020000,332842.7512,7394813.1162375,31983,ok
0050020002,332853.14430000004,7394826.007058333,31983,ok
0050020144,332824.6442041666,7394784.775520832,31983,ok
0050030003,332946.36544615374,7394861.839961539,31983,ok
0050030005,332969.59205,7394854.5329,31983,ok
0050030006,332957.2385928571,7394845.187100001,31983,ok
0050030007,332941.90890588233,7394845.67774706,31983,ok
0050030008,332937.35123333335,7394839.01498889,31983,ok
0050030009,332938.94863999996,7394826.51796,31983,ok
0050030011,332922.95642727276,7394817.733672726,31983,ok
0050030048,332926.96634615393,7394870.362184615,31983,ok
0050040003,333025.97573,7394813.933329999,31983,ok
0050040006,333057.6323555556,7394804.515399999,31983,ok
0050040013,333118.7609454546,7394773.197990909,31983,ok
0050040018,333060.91000000003,7394772.47511,31983,ok
0050040019,333051.15395,7394775.942687499,31983,ok
0050040023,333008.1572571429,7394787.434235713,31983,ok
0050040026,332963.6156,7394773.5162,31983,ok
0050040080,333028.2200888889,7394790.553572223,31983,ok
0050050000,333151.85668333335,7394768.375899999,31983,ok
0050050005,,,31983,sem_lote
0050080001,333177.85298260866,7394316.064065217,31983,ok
0050100000,332950.33616,7394711.923349999,31983,ok
0050100002,332950.40527999995,7394729.949110001,31983,ok
0050100003,332912.8217666667,7394012.425444444,31983,ok
0050100005,333011.37748,7394743.936480001,31983,ok
0050100006,332998.5516333334,7394733.089866666,31983,ok
0050110000,333039.0111727273,7394735.274463636,31983,ok
0050110011,333100.1209714286,7394701.189042857,31983,ok
0050110012,333096.0642166667,7394694.64305,31983,ok
0050110013,333094.38664285716,7394688.2284571435,31983,ok
0050110022,333000.5660333333,7394689.566633333,31983,ok
0050110384,333105.7029818182,7394729.133400002,31983,ok
0050120000,333227.7600428571,7394739.946528572,31983,ok
0050120001,333147.9725,7394736.979972727,31983,ok
0050120003,333166.96599999996,7394736.98622857,31983,ok
0050120004,333395.49875625,7394637.28645,31983,ok
0050120006,333199.68368571426,7394740.051264285,31983,ok
0050120011,333207.1604571428,7394720.899128572,31983,ok
0050120016,333157.46624000004,7394721.431493332,31983,ok
0050120019,333140.03472307697,7394728.835623076,31983,ok
0050120092,333221.4377333333,7394734.701650001,31983,ok
0050130004,332830.05380714283,7394671.5169,31983,ok
0050130005,332860.29076875,7394658.717318749,31983,ok
0050130007,332907.1679,7394630.218608334,31983,ok
0050130119,332860.1872153847,7394643.583215385,31983,ok
0050140000,333026.7443230769,7394629.021907693,31983,ok
0050140001,332935.45209333336,7394728.145806666,31983,ok
0050140003,333044.035625,7394623.2480833335,31983,ok
0050140005,333070.19808947365,7394609.86386842,31983,ok
0050140006,333078.1002482759,7394637.083348275,31983,ok
0050140030,332992.93248333334,7394651.106574998,31983,ok
0050150000,333136.13068571436,7394666.196885713,31983,ok
0050150007,333182.77675,7394668.628625,31983,ok
0050150008,333185.5160133334,7394658.328006666,31983,ok
0050150010,333151.31744285714,7394661.829085715,31983,ok
0050160000,332756.4252928571,7394552.138714285,31983,ok
0050160034,332735.9324692308,7394650.450930769,31983,ok
0050170039,332648.64946875,7394470.062724999,31983,ok
0050170048,,,31983,sem_lote
0050190000,332830.0560999999,7394601.889072727,31983,ok
0050190014,332871.64632307686,7394559.50273077,31983,ok
0050190017,332895.58579999994,7394542.944309089,31983,ok
0050191050,332900.88151538465,7394560.3245230755,31983,ok
0050200000,333052.31382,7394580.177720001,31983,ok
0050200037,333050.5225588236,7394557.400058823,31983,ok
0050200038,333045.7711933334,7394549.682006666,31983,ok
0050210000,333132.07677777775,7394580.373111111,31983,ok
0050210006,333159.9221888889,7394624.097111111,31983,ok
0050210007,333180.2110823529,7394626.512364706,31983,ok
0050220000,333133.26815,7394546.341014284,31983,ok
0050220002,333238.030726923,7394638.999115386,31983,ok
0050220003,333112.7469333333,7394501.997552381,31983,ok
0050220004,333120.7203909091,7394479.695790908,31983,ok
0050220005,333116.9639363637,7394485.918563637,31983,ok
0050220018,333102.0237083333,7394539.535433333,31983,ok
0050220021,,,31983,sem_lote
0050230000,332666.31248125003,7394338.42446875,31983,ok
0050230181,332659.00135000004,7394407.902275,31983,ok
0050240000,332742.3037333333,7394339.103191666,31983,ok
0050240003,332778.35542941175,7394336.686594118,31983,ok
0050240050,332749.74706153845,7394364.755461539,31983,ok
0050240667,332799.33379999996,7394342.137794117,31983,ok
0050250002,332998.1748,7394517.690844443,31983,ok
0050250008,333036.4455999999,7394496.97,31983,ok
0050250403,332990.45969687507,7394484.16273125,31983,ok
0050260001,333179.7327000001,7394505.536303336,31983,ok
0050280000,333232.21545555553,7394440.362966666,31983,ok
0050280004,333242.8635714286,7394457.708585714,31983,ok
0050280017,333222.4650222222,7394434.122277778,31983,ok
0050280018,333224.42916666664,7394423.231116666,31983,ok
0050280019,333202.31227777776,7394437.221377778,31983,ok
0050280021,333220.6966928571,7394444.482085714,31983,ok
0050280023,333223.5817428571,7394465.662535714,31983,ok
0050300000,333135.19804444443,7394356.340866666,31983,ok
0050300016,333085.0165888889,7394341.963266667,31983,ok
0050300018,333071.6057,7394326.795299999,31983,ok
0050300022,333100.8787666667,7394324.316799999,31983,ok
0050300065,333092.89690526313,7394368.612536841,31983,ok
0050320001,333289.50078378385,7394424.044924323,31983,ok
0050340000,332612.43845714285,7394076.730935714,31983,ok
0050340020,332669.8994083333,7394170.365066667,31983,ok
0050350000,332736.8570571429,7394085.775799998,31983,ok
0050350022,332771.63084000006,7394141.523,31983,ok
0050350029,332762.9909636364,7394070.220790909,31983,ok
0050350030,332772.13642222225,7394086.112811111,31983,ok
0050350031,332787.05944000004,7394087.22924,31983,ok
0050350033,332789.15140909096,7394100.824790909,31983,ok
0050350034,332792.6308625,7394104.99995,31983,ok
0050350035,332800.87811000005,7394112.399829999,31983,ok
0050350036,332799.7579384615,7394118.121423077,31983,ok
0050350037,332801.64195454546,7394123.149536363,31983,ok
0050350038,332809.42208750005,7394127.8457375,31983,ok
0050350046,332853.768125,7394196.638137501,31983,ok
0050350047,332864.21322,7394202.911880001,31983,ok
0050350048,332860.65989,7394210.84313,31983,ok
0050350049,332864.1422666667,7394219.221558333,31983,ok
0050350050,332875.739775,7394219.37185,31983,ok
0050350058,332860.75137142855,7394262.349371429,31983,ok
0050350772,332804.11266875,7394161.940793751,31983,ok
0050380002,333091.4794142857,7394279.0886,31983,ok
0050380003,333088.8059307693,7394274.700423077,31983,ok
0050380004,333086.3254416667,7394270.251533333,31983,ok
0050380005,333086.06978888885,7394263.605555555,31983,ok
0050380008,333075.26076,7394238.955,31983,ok
0050380013,333061.50480000005,7394177.036781483,31983,ok
0050380285,333069.7608,7394217.417170589,31983,ok
0050390000,333142.62361818185,7394229.2045590915,31983,ok
0050390019,333112.5949769231,7394123.976123079,31983,ok
0050400043,333255.41016875004,7394090.626225001,31983,ok
0050400047,333232.3595642857,7394153.896928571,31983,ok
0050430008,333557.26859999995,7394217.1969125,31983,ok
0050430009,333564.8415777778,7394218.394577778,31983,ok
0050430010,333567.78518999997,7394218.57781,31983,ok
0050430011,333572.98868888884,7394214.352433332,31983,ok
0050430012,333579.1231166666,7394218.302408334,31983,ok
0050430013,333584.52336923074,7394215.45123846,31983,ok
0050430014,333585.71155,7394206.387925001,31983,ok
0050430021,333579.6372777777,7394237.827444445,31983,ok
0050430022,333571.93284,7394235.921630001,31983,ok
0050430023,333568.52905000007,7394240.078290001,31983,ok
0050430024,333562.88122999994,7394240.715790001,31983,ok
0050430025,333558.52931,7394243.724790001,31983,ok
0050430026,333554.0629444445,7394243.720955555,31983,ok
0050430032,333590.71732500003,7394203.15,31983,ok
0050440000,333408.3143166666,7394147.5104,31983,ok
0050440014,333352.61379,7394149.114039999,31983,ok
0050440116,,,31983,sem_lote
0050440122,333365.96251599997,7394199.736896001,31983,ok
0050460000,333442.24835833337,7394090.721633333,31983,ok
0050460001,333500.9501210527,7394081.395663156,31983,ok
0050460002,333461.3039809524,7394146.548699999,31983,ok
0050460003,333445.9693666666,7394173.838233333,31983,ok
0050460056,333558.88543333334,7394096.422983333,31983,ok
0050460065,333640.82222,7394086.61622,31983,ok
0050460066,333643.5293111111,7394088.090799999,31983,ok
0050460067,333650.27301428566,7394084.324885713,31983,ok
0050460068,333653.62324,7394085.68511,31983,ok
0050460069,333659.2262181818,7394089.543418184,31983,ok
0050460070,333662.6027692308,7394088.230799999,31983,ok
0050460071,333670.5068625,7394085.89884375,31983,ok
0050460072,333674.4422,7394079.802041666,31983,ok
0050460073,333673.3205933334,7394089.549253332,31983,ok
0050460074,333674.62468181824,7394093.313927272,31983,ok
0050460075,333678.15118333325,7394101.038199998,31983,ok
0050460076,333680.61497,7394104.3038,31983,ok
0050460077,333682.91660833335,7394110.60585,31983,ok
0050460078,333670.76225,7394107.071169999,31983,ok
0050460079,333664.10976666666,7394108.324088888,31983,ok
0050460080,333667.0441363636,7394097.8166000005,31983,ok
0050460081,333647.07673333335,7394096.789008334,31983,ok
0050460082,333645.2064,7394102.4056,31983,ok
0050460083,333647.64221428573,7394105.4677142855,31983,ok
0050460084,333646.4269571429,7394110.787528572,31983,ok
0050460085,333648.7370285714,7394112.7684,31983,ok
0050460086,333649.72455000004,7394118.94173,31983,ok
0050460087,333649.29935555556,7394121.416477778,31983,ok
0050460088,333651.76316,7394126.461300001,31983,ok
0050460089,333653.22195,7394130.246483333,31983,ok
0050460090,333650.8731875,7394135.418037499,31983,ok
0050460093,333678.58670000004,7394137.935521739,31983,ok
0050460095,333673.79943333333,7394130.014166667,31983,ok
0050460096,333675.8651666666,7394128.032425,31983,ok
0050460097,333681.61899230775,7394127.643307692,31983,ok
0050460098,333687.92606666667,7394121.144983333,31983,ok
0050460099,333687.50476363645,7394129.364990908,31983,ok
0050460103,333700.63327692315,7394150.051138462,31983,ok
0050460104,333688.5965357143,7394145.756435714,31983,ok
0050460106,333678.3093444445,7394145.764477778,31983,ok
0050460107,333674.71445,7394150.982416667,31983,ok
0050460108,333668.1903333334,7394148.756177778,31983,ok
0050460109,333663.70218571427,7394148.755142857,31983,ok
0050460110,333658.8758,7394155.733071429,31983,ok
0050460111,333653.6614428572,7394150.976885714,31983,ok
0050460112,333649.9735,7394156.564255556,31983,ok
0050460132,333530.38905999996,7394189.57746,31983,ok
0050460133,333524.7582,7394190.950483333,31983,ok
0050460158,333506.7898,7394181.478911112,31983,ok
0050460159,333507.40364999993,7394187.795387501,31983,ok
0050460167,333445.6811882353,7394199.367052941,31983,ok
0050480009,332616.77716,7393816.8266,31983,ok
0050480010,332622.728,7393811.692657143,31983,ok
0050480011,332631.53118571424,7393810.367071427,31983,ok
0050480028,332643.02152857144,7393803.909200001,31983,ok
0050480029,332653.38840000005,7393806.6716,31983,ok
0050480030,332665.6085583333,7393802.64155,31983,ok
0050510039,333157.0861923077,7393963.1062538475,31983,ok
0050530030,333349.3975166667,7394025.738583333,31983,ok
0050580004,333152.9651263158,7393873.0741631575,31983,ok
0050610000,333019.4603238095,7393806.679890476,31983,ok
0050630046,333297.0948714285,7393835.524171429,31983,ok
0050660001,333498.10523,7393866.48847,31983,ok
0050660002,333497.96150000003,7393860.636645455,31983,ok
0050660003,333496.8820555555,7393853.649822222,31983,ok
0050660004,333498.95224,7393847.738519999,31983,ok
0050660005,333498.51897,7393840.14473,31983,ok
0050660006,333501.4652818181,7393834.834618182,31983,ok
0050660007,333499.21903636365,7393828.806418181,31983,ok
0050660008,333502.62247999996,7393822.495910001,31983,ok
0050660009,333516.4324076923,7393832.399530769,31983,ok
0050660010,333520.60445833334,7393836.042116667,31983,ok
0050660011,333527.0130454546,7393836.239481818,31983,ok
0050660012,333530.8091000001,7393834.401127272,31983,ok
0050660013,333537.3496230769,7393838.328723078,31983,ok
0050660014,333540.7252857143,7393839.085971429,31983,ok
0050660015,333547.31548,7393836.189490001,31983,ok
0050660016,333552.0439555556,7393837.762399999,31983,ok
0050660017,333558.51430833334,7393837.998091668,31983,ok
0050670017,333035.06573999993,7393727.41644,31983,ok
0050690025,333257.92728,7393529.35234,31983,ok
0050690047,333163.5721181818,7393480.448454545,31983,ok
0050690048,333157.5727,7393487.99841,31983,ok
0050710008,333431.9168666667,7393548.791583333,31983,ok
0050710009,333428.76220000006,7393560.383919999,31983,ok
0050710010,333427.005,7393572.519783333,31983,ok
0050710045,333365.97160909086,7393719.683190911,31983,ok
0050710483,333390.0828823529,7393714.321964705,31983,ok
0050720001,333452.0778625,7393559.741349999,31983,ok
0050720005,333483.63424000004,7393559.5071600005,31983,ok
0050720051,333461.26972999994,7393631.18348,31983,ok
0050720052,333464.9511777777,7393624.075955555,31983,ok
0050730010,333515.01662857144,7393682.951685714,31983,ok
0050730011,333528.6298142857,7393682.687385715,31983,ok
0050730019,333522.37525000004,7393632.5148,31983,ok
0050730050,333585.53030000004,7393739.194514285,31983,ok
0050760079,333510.83778999996,7394247.634960001,31983,ok
0050760080,333510.9598125,7394253.2156125,31983,ok
0050760081,333512.1107375,7394257.916475001,31983,ok
0050760082,333514.04982857144,7394263.515557142,31983,ok
0050760099,333555.690325,7394271.2005125,31983,ok
0050760100,333563.25599999994,7394273.91195,31983,ok
0050760101,333566.51136,7394273.789629999,31983,ok
0050760102,333572.20321249997,7394269.570525,31983,ok
0050760103,333576.1790375,7394267.21815,31983,ok
0050760104,333582.50435454544,7394269.284836364,31983,ok
0050760105,333586.26912142854,7394266.654071429,31983,ok
0050760106,333598.29276,7394255.463060001,31983,ok
0050760107,333597.4198555555,7394260.661788889,31983,ok
0050760108,333596.04249090905,7394266.14600909,31983,ok
0050760109,333598.22688333335,7394270.067191667,31983,ok
0050760110,333598.13850000006,7394276.1997,31983,ok
0050761684,333422.54698947363,7394338.477068421,31983,ok
0050790015,333038.0596200001,7394008.114949999,31983,ok
0050820000,333017.6859571429,7394165.456778571,31983,ok
0050820013,333018.20872222225,7394271.275722222,31983,ok
0050820014,333026.47525,7394248.824870001,31983,ok
0050820018,333018.80775555555,7394201.173933333,31983,ok
0050820355,333002.11203333334,7394082.103991666,31983,ok
0050840001,333361.183175,7393887.327175001,31983,ok
0050840006,333398.7583875,7393882.081862498,31983,ok
0050860059,332729.1958,7393745.594066667,31983,ok
0050860060,332723.1607,7393738.4086625,31983,ok
0050860061,332716.4516142857,7393733.152242857,31983,ok
0050860062,332724.2604166666,7393726.3127333345,31983,ok
0050870001,332948.78709230764,7393899.848269231,31983,ok
0050870002,332943.84928888886,7393892.560555555,31983,ok
0050870003,332948.8849857143,7393883.169799999,31983,ok
0050870004,332944.21346999996,7393874.2919,31983,ok
0050870017,332849.99905882357,7393680.237005881,31983,ok
0050900020,333560.6669444444,7394042.272666667,31983,ok
0050900021,333555.08517142857,7394040.418628572,31983,ok
0050920001,333442.1213,7393888.352750001,31983,ok
0050920019,333593.79391428566,7393906.736414286,31983,ok
0050930001,333540.1069076924,7394037.606638461,31983,ok
0060000000,,,31983,sem_lote
0060010002,331778.5247307692,7394833.938192308,31983,ok
0060010015,331755.89986875,7394790.5233375,31983,ok
0060020001,332627.9113764706,7394740.248117647,31983,ok
0060060000,332321.6978875,7395227.4269125005,31983,ok
0060070000,332306.05069999996,7395139.629878572,31983,ok
0060070010,332436.5642388889,7395083.838427778,31983,ok
0060070015,,,31983,sem_lote
0060070247,,,31983,sem_lote
0060070248,,,31983,sem_lote
0060070250,,,31983,sem_lote
0060070252,,,31983,sem_lote
0060070253,,,31983,sem_lote
0060070254,,,31983,sem_lote
0060070255,,,31983,sem_lote
0060070256,,,31983,sem_lote
0060070257,,,31983,sem_lote
0060070258,,,31983,sem_lote
0060070259,,,31983,sem_lote
0060070260,,,31983,sem_lote
0060070261,,,31983,sem_lote
0060070262,,,31983,sem_lote
0060070263,,,31983,sem_lote
0060070264,,,31983,sem_lote
0060070265,,,31983,sem_lote
0060070266,,,31983,sem_lote
0060070267,,,31983,sem_lote
0060070268,,,31983,sem_lote
0060070269,,,31983,sem_lote
0060070270,,,31983,sem_lote
0060070271,,,31983,sem_lote
0060070273,,,31983,sem_lote
0060070318,332312.4334611111,7395117.838938888,31983,ok
0060070413,332454.9980055556,7395065.903161111,31983,ok
0060070986,,,31983,sem_lote
0060080000,332363.6796631579,7395258.651468421,31983,ok
0060080014,332406.2104625,7395227.372125,31983,ok
0060080032,332492.72940999997,7395238.871869999,31983,ok
0060090000,332519.62149999995,7395328.099366667,31983,ok
0060090006,332506.05484117643,7395327.146199999,31983,ok
0060090007,332502.29750000004,7395335.195185,31983,ok
0060090010,332495.1578909091,7395370.925954545,31983,ok
0060090016,332459.87675555557,7395338.506638888,31983,ok
0060090018,332436.81767407403,7395326.546485185,31983,ok
0060090021,332477.6499571429,7395314.192395238,31983,ok
0060090022,332495.5912750001,7395301.97621,31983,ok
0060090082,,,31983,sem_lote
0060090083,,,31983,sem_lote
0060090084,,,31983,sem_lote
0060090085,,,31983,sem_lote
0060090086,,,31983,sem_lote
0060090087,,,31983,sem_lote
0060090088,,,31983,sem_lote
0060090089,,,31983,sem_lote
0060090090,,,31983,sem_lote
0060090091,,,31983,sem_lote
0060090092,,,31983,sem_lote
0060090093,,,31983,sem_lote
0060090094,,,31983,sem_lote
0060090095,,,31983,sem_lote
0060090096,,,31983,sem_lote
0060090097,,,31983,sem_lote
0060090098,,,31983,sem_lote
0060090099,,,31983,sem_lote
0060100000,332542.06639411766,7395383.594388235,31983,ok
0060100048,332588.1356421052,7395434.08611579,31983,ok
0060100552,,,31983,sem_lote
0060100553,,,31983,sem_lote
0060110017,331788.2121076923,7394653.9459,31983,ok
0060110018,331795.7234,7394645.1085625,31983,ok
0060110042,331846.50549999997,7394716.16904,31983,ok
0060110048,331829.970140625,7394696.259240624,31983,ok
0060121019,332004.9521896551,7394730.0366689665,31983,ok
0060130028,332082.9141736842,7394735.726531579,31983,ok
0060140001,332265.589992,7394122.44074,31983,ok
0060150000,332501.79243076924,7395198.777569231,31983,ok
0060150001,332323.99790869566,7394089.717847827,31983,ok
0060150024,332488.5966125,7395082.507558334,31983,ok
0060150726,,,31983,sem_lote
0060150727,,,31983,sem_lote
0060150728,,,31983,sem_lote
0060150729,,,31983,sem_lote
0060150730,,,31983,sem_lote
0060150731,,,31983,sem_lote
0060150732,,,31983,sem_lote
0060150733,,,31983,sem_lote
0060150734,,,31983,sem_lote
0060150735,,,31983,sem_lote
0060150736,,,31983,sem_lote
0060150737,,,31983,sem_lote
0060160000,332646.02189166675,7395170.328016666,31983,ok
0060160005,332648.8685285714,7395219.087228571,31983,ok
0060160011,332552.65770833334,7395262.061333333,31983,ok
0060160017,332613.588752,7395202.627271999,31983,ok
0060170000,332717.58838749997,7395243.822050001,31983,ok
0060170015,332665.14793888887,7395335.799861112,31983,ok
0060170016,332642.3122777778,7395337.159899998,31983,ok
0060170039,332727.37373333337,7395263.266783333,31983,ok
0060170045,332775.00306875,7395320.82124375,31983,ok
0060170822,332739.50611428573,7395306.194357143,31983,ok
0060201095,332032.90780000004,7394535.424986669,31983,ok
0060210675,332299.2041454546,7394807.301603031,31983,ok
0060230000,332469.87369411765,7394907.984735293,31983,ok
0060230016,332531.46217647055,7394934.745029411,31983,ok
0060230018,332509.86944615387,7394929.889961537,31983,ok
0060230019,332493.95052727265,7394933.53430909,31983,ok
0060240000,332606.93524117646,7395143.125088234,31983,ok
0060240004,332588.39366363635,7395122.384636364,31983,ok
0060250000,332622.31037272734,7394967.326999999,31983,ok
0060250015,332611.10086,7394954.40288,31983,ok
0060250019,332647.5769272727,7395022.431981818,31983,ok
0060250022,332666.5444285715,7395082.864407144,31983,ok
0060260001,332733.6662733333,7395163.830286667,31983,ok
0060270000,332873.09750000003,7395164.903753845,31983,ok
0060270010,332875.2025923077,7395246.721476922,31983,ok
0060270021,332814.16878571425,7395302.046314286,31983,ok
0060270025,332815.4759028571,7395225.954562858,31983,ok
0060270027,332811.6014105263,7395202.119078946,31983,ok
0060320000,332457.7844357143,7394762.285235715,31983,ok
0060320005,332477.36728571437,7394776.855428571,31983,ok
0060360000,332670.87854705885,7394937.687211766,31983,ok
0060360463,332720.63273448276,7395003.619682758,31983,ok
0060380000,332217.7253461539,7394474.617661539,31983,ok
0060380004,332241.63628750003,7394485.4420875,31983,ok
0060380016,332130.35724545456,7394425.044272727,31983,ok
0060380017,332123.5357,7394411.158987499,31983,ok
0060380018,332108.15722000005,7394414.77309,31983,ok
0060380020,332116.3757833333,7394394.3083833335,31983,ok
0060380028,332218.68811428576,7394428.069799999,31983,ok
0060380029,332223.52861111116,7394429.364711112,31983,ok
0060380030,332228.04341111117,7394428.3703,31983,ok
0060380140,332231.3076571429,7394451.219214286,31983,ok
0060390000,332192.78969375003,7394356.5186375,31983,ok
0060390011,332217.6828368421,7394385.735236842,31983,ok
0060390012,332206.0500375,7394383.12451875,31983,ok
0060390013,332197.05031428573,7394381.375078571,31983,ok
0060390014,332193.01331333333,7394379.414553334,31983,ok
0060390015,332187.34585333336,7394377.24994,31983,ok
0060390016,332177.47971111105,7394380.8471,31983,ok
0060390017,332169.62218999997,7394380.2323,31983,ok
0060390018,332167.4218545454,7394376.272236363,31983,ok
0060390019,332153.41550000006,7394366.171179999,31983,ok
0060390020,332127.98261,7394373.483629999,31983,ok
0060390021,332125.3197833333,7394364.266683335,31983,ok
0060390028,332137.7870142857,7394332.568571429,31983,ok
0060390029,332146.2069428572,7394334.7645,31983,ok
0060390045,332132.69214999996,7394334.2379125,31983,ok
0060400039,332304.85030000005,7394415.50453,31983,ok
0060430000,331829.82224285713,7394021.6084,31983,ok
0060440013,331860.52632857143,7394181.143357143,31983,ok
0060440022,331856.0084142857,7394116.2112,31983,ok
0060440025,331846.70991999994,7394096.462959999,31983,ok
0060440030,331858.9393538461,7394069.675876924,31983,ok
0060440038,331855.2373428572,7394017.5147857135,31983,ok
0060440039,331863.0794777778,7394023.732833334,31983,ok
0060440050,331889.03917500004,7394074.926318752,31983,ok
0060440051,331887.65960769233,7394082.241992308,31983,ok
0060440053,331885.39398000005,7394093.890713332,31983,ok
0060440058,331888.746575,7394120.9765625,31983,ok
0060440059,331890.55250000005,7394126.869185714,31983,ok
0060440060,331881.9543818182,7394133.086436365,31983,ok
0060440066,331875.56135,7394175.40192,31983,ok
0060440067,331875.197768421,7394181.054994737,31983,ok
0060440068,331882.99696428573,7394186.042085716,31983,ok
0060440072,331889.25592857145,7394210.294971429,31983,ok
0060440140,331885.2267125,7394237.2808625,31983,ok
0060440141,331889.56776249997,7394197.51395,31983,ok
0060440142,331889.8798857143,7394203.2395,31983,ok
0060450007,331938.31483571423,7394228.377471429,31983,ok
0060450016,331943.7679666668,7394175.245166668,31983,ok
0060450017,331949.43457142863,7394164.832085715,31983,ok
0060450018,331941.93162222224,7394157.442444444,31983,ok
0060450019,331949.6452,7394151.80509,31983,ok
0060450020,331944.07722222223,7394143.321744445,31983,ok
0060450028,331952.61894,7394094.27802,31983,ok
0060450031,331954.79010000004,7394074.403638888,31983,ok
0060450035,331934.53205,7394033.3731333325,31983,ok
0060450093,331956.61665625,7394262.927943749,31983,ok
0060450285,331969.6758285714,7394243.839242858,31983,ok
0060450286,331933.609325,7394233.786858334,31983,ok
0060470001,332165.0173607144,7394191.4138857145,31983,ok
0060470065,332197.2062125,7394163.8960125,31983,ok
0060470114,332134.78030999994,7394273.35247,31983,ok
0060470115,332136.6868142857,7394276.5295071425,31983,ok
0060470116,332131.0344,7394282.033366666,31983,ok
0060470121,332148.99756249995,7394302.855925,31983,ok
0060470122,332158.45334,7394308.68062,31983,ok
0060480010,332321.97166000004,7394237.456569999,31983,ok
0060480016,332321.7352789473,7394148.009489474,31983,ok
0060480024,332384.10149,7394137.1303,31983,ok
0060480025,332382.24101000006,7394146.069770001,31983,ok
0060480039,332381.90695,7394248.6125,31983,ok
0060480040,332379.41611999995,7394255.63934,31983,ok
0060480041,332380.87205999997,7394260.59622,31983,ok
0060480042,332366.0471333333,7394264.25772,31983,ok
0060480043,332367.1847583333,7394269.716791667,31983,ok
0060480049,332367.52357,7394320.150669999,31983,ok
0060480050,332363.633925,7394320.3917999985,31983,ok
0060480051,332356.34697,7394320.044760001,31983,ok
0060480052,332351.2649454545,7394322.86440909,31983,ok
0060480097,332316.81037499994,7394199.551341665,31983,ok
0060490002,332381.1002600001,7394167.9044,31983,ok
0060490003,332383.6332833334,7394173.592516667,31983,ok
0060490004,332377.72246666666,7394181.316466667,31983,ok
0060490005,332379.24305,7394187.3627,31983,ok
0060490006,332379.2530875,7394192.913587499,31983,ok
0060490007,332376.77826666663,7394200.247049999,31983,ok
0060490008,332376.41986666666,7394206.4353,31983,ok
0060490009,332375.3861818182,7394214.133854547,31983,ok
0060490010,332377.1407272727,7394219.919590908,31983,ok
0060490011,332377.87188181817,7394226.353963637,31983,ok
0060490012,332377.63132222224,7394232.86378889,31983,ok
0060490013,332370.37945625006,7394225.826693749,31983,ok
0060490014,332361.17548000003,7394232.745099999,31983,ok
0060490015,332358.3520333334,7394228.093283334,31983,ok
0060490018,332361.7693,7394212.66611,31983,ok
0060490019,332364.12489090906,7394207.438690909,31983,ok
0060490020,332364.37422727275,7394202.139436363,31983,ok
0060490021,332363.76593333326,7394196.159041666,31983,ok
0060490022,332363.30890769226,7394191.260907693,31983,ok
0060490023,332360.69106249994,7394187.298449999,31983,ok
0060490024,332365.32654285716,7394179.818385715,31983,ok
0060490025,332364.21245555556,7394176.472022222,31983,ok
0060490026,332359.79454,7394169.598540001,31983,ok
0060490027,332360.0845,7394164.52978,31983,ok
0060490028,332363.1538125,7394158.539799999,31983,ok
0060490030,332364.0966714286,7394219.356978571,31983,ok
0060510000,332510.6741,7394363.445599999,31983,ok
0060510034,332494.9721,7394229.9430142855,31983,ok
0060510035,332489.28525,7394231.6153375,31983,ok
0060510036,332484.33465714287,7394231.225757143,31983,ok
0060510037,332479.6112857143,7394229.235614285,31983,ok
0060510038,332474.6552625,7394229.553112499,31983,ok
0060510526,332502.157425,7394230.85095,31983,ok
0060510527,332507.6293222222,7394232.470533333,31983,ok
0060530000,332614.8668818181,7394365.556345454,31983,ok
0060530030,332573.714225,7394208.137480001,31983,ok
0060530033,332611.16121111106,7394229.228544446,31983,ok
0060530039,332610.05438181816,7394281.282418182,31983,ok
0060530056,332605.34612,7394391.7735,31983,ok
0060530057,332608.51534444443,7394396.470433333,31983,ok
0060530058,332607.79769375,7394401.0711,31983,ok
0060530059,332609.41028461535,7394406.067176923,31983,ok
0060530060,332606.9371071429,7394412.394442856,31983,ok
0060540031,332161.49795,7394070.569933333,31983,ok
0060550000,332358.34225,7394102.913050001,31983,ok
0060550011,332388.29856250004,7394104.449087501,31983,ok
0060560000,332432.31735,7394191.57975,31983,ok
0060560020,332487.4746,7394079.138677778,31983,ok
0060560035,,,31983,sem_lote
0060560036,,,31983,sem_lote
0060560048,332430.41458999994,7394199.645435001,31983,ok
0060560049,332432.5758333333,7394205.9135,31983,ok
0060560052,332404.7235142857,7394229.492114286,31983,ok
0060560053,332404.65554,7394234.6442599995,31983,ok
0060560054,332404.4391571428,7394238.904242856,31983,ok
0060560055,332410.9954363636,7394234.7815999985,31983,ok
0060560056,332417.42504999996,7394234.6869125,31983,ok
0060560057,332422.38229,7394233.931460001,31983,ok
0060560058,332426.68632222223,7394235.164144445,31983,ok
0060560059,332432.36206363636,7394234.74490909,31983,ok
0060560060,332437.03297,7394236.36966,31983,ok
0060560061,332442.54760833335,7394237.219608333,31983,ok
0060560062,332448.4474714286,7394242.23747143,31983,ok
0060560063,332449.65572000004,7394238.000940001,31983,ok
0060560064,332450.77228000003,7394231.41877,31983,ok
0060560065,332451.4927,7394227.89075,31983,ok
0060560066,332455.31513333326,7394222.273533334,31983,ok
0060560067,332453.2887333333,7394219.149688889,31983,ok
0060560068,332453.4127714285,7394212.388128571,31983,ok
0060560069,332454.09065714286,7394209.103142858,31983,ok
0060560070,332453.90645555564,7394203.000477779,31983,ok
0060560071,332455.37322,7394196.847920001,31983,ok
0060560072,332456.544025,7394192.448525,31983,ok
0060560073,332457.11206666665,7394186.902322222,31983,ok
0060560074,332455.36675000004,7394181.287075001,31983,ok
0060560075,332452.1789333333,7394177.619911111,31983,ok
0060560076,332453.0245,7394171.6939624995,31983,ok
0060560077,332453.0257857143,7394167.29822857,31983,ok
0060560078,332449.8450142857,7394162.120957143,31983,ok
0060560079,332450.72401428566,7394156.753714285,31983,ok
0060560080,332448.7852625,7394152.221937499,31983,ok
0060560081,332447.818875,7394147.7843875,31983,ok
0060560082,332447.98791666667,7394140.888550001,31983,ok
0060560083,332475.1722,7394136.639700001,31983,ok
0060560084,332477.14778,7394143.04744,31983,ok
0060560086,332476.4595363636,7394153.645618183,31983,ok
0060560087,332483.2600181818,7394142.496481818,31983,ok
0060560088,332489.5201833333,7394148.813583333,31983,ok
0060560089,332495.97457142855,7394144.363471428,31983,ok
0060560090,332500.5316909091,7394144.745709091,31983,ok
0060560091,332504.5396545455,7394143.642081819,31983,ok
0060560092,332509.85244000005,7394142.26496,31983,ok
0060560093,332514.14468,7394141.332629999,31983,ok
0060570001,332529.2142545454,7394219.034645454,31983,ok
0060570002,332530.01839999994,7394214.2679285705,31983,ok
0060570009,332539.56019999995,7394178.27625,31983,ok
0060570010,332542.2348714286,7394174.256128572,31983,ok
0060570011,332540.3973857143,7394167.7273,31983,ok
0060570013,332532.59201176476,7394171.8437882345,31983,ok
0060570014,332527.04684545455,7394170.358736365,31983,ok
0060570015,332520.9340727273,7394171.1898,31983,ok
0060570016,332516.85172727273,7394174.369363636,31983,ok
0060570017,332512.29010000004,7394173.896077777,31983,ok
0060570018,332505.31614444446,7394172.056744445,31983,ok
0060570019,332501.81415999995,7394175.50969,31983,ok
0060570020,332495.45981,7394176.026520001,31983,ok
0060570021,332490.74073571427,7394177.437257142,31983,ok
0060570022,332480.0920222222,7394169.0743888905,31983,ok
0060570023,332481.95377777773,7394177.3436,31983,ok
0060570024,332484.91942999995,7394180.58109,31983,ok
0060570025,332483.75145,7394187.218080001,31983,ok
0060570026,332482.409975,7394191.843762499,31983,ok
0060570027,332480.81401428574,7394199.4545142865,31983,ok
0060570028,332476.56466,7394204.9199,31983,ok
0060570029,332476.93933333334,7394210.490233333,31983,ok
0060570030,332480.5846333333,7394208.7102,31983,ok
0060570031,332485.98924285715,7394206.214242856,31983,ok
0060570032,332489.4304333333,7394208.8992,31983,ok
0060570033,332494.0886,7394208.265199999,31983,ok
0060570034,332499.30659999995,7394211.048819999,31983,ok
0060570035,332502.9668,7394210.311333333,31983,ok
0060570036,332507.68362,7394209.681020001,31983,ok
0060570037,332512.8035,7394209.446283334,31983,ok
0060570038,332516.5961166667,7394211.753833334,31983,ok
0060570039,332523.3916625,7394212.134899999,31983,ok
0060580000,332620.8968875,7394190.78445625,31983,ok
0060590001,332545.8300692308,7393863.10006923,31983,ok
0060590003,332533.615225,7393904.908116668,31983,ok
0060590004,332527.14308,7393911.71174,31983,ok
0060590005,332521.585725,7393914.5661,31983,ok
0060590006,332515.75185,7393921.15486,31983,ok
0060590007,332512.4863153846,7393926.502823078,31983,ok
0060590008,332507.40388571424,7393929.621728572,31983,ok
0060590009,332502.7991,7393934.957976923,31983,ok
0060590010,332495.70183636365,7393941.399381817,31983,ok
0060590011,332491.29004999995,7393946.610716667,31983,ok
0060590012,332487.22994166665,7393950.762175,31983,ok
0060590013,332484.1939583333,7393956.44125,31983,ok
0060590014,332476.5965500001,7393962.87552,31983,ok
0060590015,332471.9799666666,7393968.838475,31983,ok
0060590016,332468.2194421052,7393973.721663158,31983,ok
0060600027,332491.97501999995,7393979.51538,31983,ok
0060600028,332492.32623999997,7393973.36724,31983,ok
0060600029,332502.8010142857,7393972.2571,31983,ok
0060600030,332505.2823,7393967.693866666,31983,ok
0060600031,332509.3157818182,7393964.46918182,31983,ok
0060600032,332513.89679,7393957.53011,31983,ok
0060600033,332519.5315333333,7393951.534311112,31983,ok
0060600034,332523.5486,7393946.704466667,31983,ok
0060600035,332531.03729999997,7393943.457614286,31983,ok
0060600036,332534.66388888884,7393936.072011111,31983,ok
0060600037,332540.75353999995,7393930.971089999,31983,ok
0060600038,332546.19881,7393926.634469999,31983,ok
0060600039,332555.38559090905,7393915.897818182,31983,ok
0060630000,332401.9023470588,7394534.7039,31983,ok
0060640000,332235.45947692305,7395142.039525642,31983,ok
0060640047,332154.5499945946,7395045.011578378,31983,ok
0060644368,,,31983,sem_lote
0060680017,332091.36367500003,7394326.2485,31983,ok
0060680018,332091.67827499995,7394332.372537498,31983,ok
0060680288,332043.4062142857,7394342.960314286,31983,ok
0060730007,332095.3583125,7394252.4711625,31983,ok
0060730008,332092.8114666667,7394259.957333334,31983,ok
0060730009,332090.0721571428,7394265.741585714,31983,ok
0060730010,332092.67147142853,7394269.5242,31983,ok
0060730013,332087.60690714285,7394283.35242143,31983,ok
0060730014,332086.14588333335,7394288.249958334,31983,ok
0060730016,332078.94178,7394296.4518800005,31983,ok
0060730017,332074.42908000003,7394299.284820001,31983,ok
0060730020,332066.238025,7394298.106825,31983,ok
0060740006,332082.5558444445,7394063.583122221,31983,ok
0060740029,332058.31590476196,7394130.090942857,31983,ok
0060740099,332109.76422,7394106.254300001,31983,ok
0060740100,332107.35242,7394115.9949,31983,ok
0060740101,332090.3509266667,7394127.9901,31983,ok
0070000000,,,31983,sem_lote
0070010000,331224.3609416667,7396310.716650001,31983,ok
0070020027,331306.14406,7396256.176813334,31983,ok
0070060000,331344.66288,7396184.91738,31983,ok
0070080001,331472.52168823534,7396284.23592353,31983,ok
0070080033,331477.3413777778,7396254.171377777,31983,ok
0070130000,331523.3890125,7396073.0483125,31983,ok
0070220028,331012.4009333333,7395583.591955554,31983,ok
0070310044,331061.3683849999,7395518.2424,31983,ok
0070310214,331069.32584545447,7395498.405827272,31983,ok
0070430005,330987.4198333333,7395359.612179999,31983,ok
0070430006,330948.8133,7395331.08825,31983,ok
0070440003,331174.5417571428,7395363.686707141,31983,ok
0070460001,331541.8595727273,7395432.726061366,31983,ok
0070500009,332005.9999222222,7395442.11501111,31983,ok
0070500010,332006.95312857145,7395451.508842858,31983,ok
0070500011,332010.10507692304,7395456.467138461,31983,ok
0070510053,332003.46006363636,7395654.352672727,31983,ok
0070520000,332150.76195384614,7395689.898153846,31983,ok
0070530002,331152.48664285714,7395247.832014286,31983,ok
0070540001,331293.12206666666,7395230.292433333,31983,ok
0070570371,331597.08781666664,7395255.066683333,31983,ok
0070610578,332050.74124705885,7395496.601064704,31983,ok
0070620000,332144.78854615375,7395462.761992306,31983,ok
0070690000,331995.9068521739,7395242.720917391,31983,ok
0070690023,,,31983,sem_lote
0070700000,332056.04322941176,7395345.562729411,31983,ok
0070710000,332233.6888083333,7395455.981650001,31983,ok
0070720000,332290.77101176465,7395487.693741176,31983,ok
0070750000,332422.9188375,7395471.0027250005,31983,ok
0070750029,332475.87274666666,7395436.00952,31983,ok
0070750031,332509.2963444444,7395475.6440555565,31983,ok
0070750176,332484.5767315789,7395466.029589474,31983,ok
0070760510,331482.57394615386,7395059.364261538,31983,ok
0070850000,332107.13777333335,7395268.646453334,31983,ok
0070860000,332063.379775,7395161.760341668,31983,ok
0070860015,332079.8276125,7395147.702612499,31983,ok
0070860016,332088.0707625,7395147.4728500005,31983,ok
0070870000,332154.22692999995,7395178.459390001,31983,ok
0070880001,332223.41551578953,7395275.559576317,31983,ok
0070900009,332089.27028750005,7395112.0036875,31983,ok
0070910306,332034.72363,7395037.000029999,31983,ok
0080020004,331429.3091470588,7396453.871141178,31983,ok
0080020007,331396.7803866667,7396502.4979266655,31983,ok
0080020008,331390.57334,7396498.48494,31983,ok
0080020009,331385.53455999994,7396494.886120001,31983,ok
0080020010,331378.6119,7396493.9346,31983,ok
0080020011,331356.46143636364,7396481.319463637,31983,ok
0080020012,331360.39836666663,7396476.929688888,31983,ok
0080020013,331363.3973111111,7396472.018533334,31983,ok
0080020014,331367.67059,7396467.98554,31983,ok
0080020015,331372.7456777778,7396464.474922222,31983,ok
0080020016,331407.5308454546,7396501.62411818,31983,ok
0080020017,331407.2315222223,7396507.410788889,31983,ok
0080020018,331403.3442,7396509.908045455,31983,ok
0080020019,331399.63053,7396513.51841,31983,ok
0080020444,331390.258475,7396487.947845832,31983,ok
0080030001,332465.1743727273,7396365.108188638,31983,ok
0080030029,331452.0084555556,7396619.2367222225,31983,ok
0080030044,331472.05019130436,7396498.964091302,31983,ok
0080040028,331484.0543,7396641.105428572,31983,ok
0080090006,332048.78036000003,7396884.63032,31983,ok
0080120031,331492.5346714286,7396449.678785713,31983,ok
0080120032,331486.157975,7396448.5410124995,31983,ok
0080130000,331625.14278,7396461.529360001,31983,ok
0080140007,331761.6958071428,7396531.331471428,31983,ok
0080140008,331724.78749032255,7396562.725045162,31983,ok
0080150001,331882.8438666667,7396546.331993335,31983,ok
0080150007,331811.6052,7396615.310646155,31983,ok
0080150009,331806.72668,7396655.862326667,31983,ok
0080150015,331768.2136277778,7396615.110961111,31983,ok
0080160015,331921.20641,7396580.277849999,31983,ok
0080160023,,,31983,sem_lote
0080170031,331985.4673454545,7396707.738872727,31983,ok
0080180067,332131.85829090915,7396744.9618545445,31983,ok
0080190001,332202.2135071429,7396780.922564288,31983,ok
0080190002,332203.3028764706,7396815.12312353,31983,ok
0080210842,,,31983,sem_lote
0080210843,,,31983,sem_lote
0080210844,,,31983,sem_lote
0080220001,331879.4193392857,7396319.973432143,31983,ok
0080230010,331921.5605636364,7396514.0234181825,31983,ok
0080230011,331918.1167461538,7396507.489430768,31983,ok
0080230251,331967.02596999996,7396390.06378,31983,ok
0080240001,332035.0630238095,7396477.228361903,31983,ok
0080240017,331974.8806222222,7396522.237444443,31983,ok
0080240018,331983.00203125,7396510.925162499,31983,ok
0080240019,332000.74689999997,7396505.719626315,31983,ok
0080240021,332007.99585454544,7396554.936681818,31983,ok
0080250002,332169.66296,7396509.27693,31983,ok
0080250003,332176.12007999996,7396513.328910001,31983,ok
0080250004,332179.32182,7396519.6136799995,31983,ok
0080250005,332190.84612857143,7396515.912171428,31983,ok
0080250036,332067.93538000004,7396572.493370001,31983,ok
0080250037,332087.5100809523,7396572.358985714,31983,ok
0080250038,332096.06899166666,7396550.077508333,31983,ok
0080250039,332100.07374,7396542.14875,31983,ok
0080250040,332124.4335105263,7396532.77915263,31983,ok
0080250041,332138.8994909091,7396493.5796545455,31983,ok
0080250111,332164.92312941176,7396515.372817646,31983,ok
0080260001,332230.08194583334,7396567.411341667,31983,ok
0080260002,332221.26860666665,7396582.175193335,31983,ok
0080340013,331986.95523888886,7396310.437805556,31983,ok
0080340014,331973.9226272728,7396311.605518183,31983,ok
0080360027,332161.27207142854,7396441.984385714,31983,ok
0080360049,332163.373875,7396456.670224999,31983,ok
0080370003,332331.40517499996,7396445.63715,31983,ok
0080370004,332338.22253333335,7396447.86085,31983,ok
0080370005,332347.2515333334,7396449.847933333,31983,ok
0080370006,332351.47977142857,7396455.613371427,31983,ok
0080370007,332356.08997499995,7396461.1948,31983,ok
0080370010,332336.5132714286,7396491.762742857,31983,ok
0080370011,332326.8228,7396490.31902,31983,ok
0080370012,332322.02699999994,7396486.914739999,31983,ok
0080370013,332320.15271666663,7396477.514566666,31983,ok
0080370014,332310.09084,7396478.432979999,31983,ok
0080370017,332295.7013083333,7396457.536491667,31983,ok
0080370018,332288.68525833334,7396458.617566667,31983,ok
0080370019,332280.7043625,7396453.652787501,31983,ok
0080370020,332275.1954166666,7396451.50045,31983,ok
0080370021,332269.1494375,7396444.7435625,31983,ok
0080380024,332340.9459818182,7396558.900127271,31983,ok
0080380030,332371.2891133333,7396515.413466665,31983,ok
0080380031,332379.47234399995,7396505.296264,31983,ok
0080380032,332374.72775,7396478.5545625,31983,ok
0080390002,332407.4777533332,7396647.283706667,31983,ok
0080390048,332476.8516805195,7396592.1576389605,31983,ok
0080390049,332710.1220307692,7396350.978492308,31983,ok
0080390054,332675.3132106146,7396529.756272628,31983,ok
0080450000,332090.1246857143,7396083.113342858,31983,ok
0080530000,332063.1463,7395811.40588889,31983,ok
0080530004,332085.9853666667,7395791.4637555545,31983,ok
0080570008,332345.54622,7395981.51452,31983,ok
0080580012,332470.40515,7396162.3377625,31983,ok
0080580017,332453.46211666666,7396194.6778833335,31983,ok
0080590000,332539.87763000006,7396242.414419999,31983,ok
0080590002,332547.03744545457,7396169.161190909,31983,ok
0080590029,332513.8333818182,7396202.531172726,31983,ok
0080590453,332494.9929,7396207.8666,31983,ok
0080600001,332613.25148260867,7396228.606182608,31983,ok
0080600021,332573.22234166664,7396258.566491667,31983,ok
0080610000,332207.2109909091,7395766.972863636,31983,ok
0080650000,332481.97227499995,7396037.033319999,31983,ok
0080650002,332553.5290285714,7396036.107992858,31983,ok
0080650003,332547.9819727273,7396041.139254547,31983,ok
0080650004,332542.21861428575,7396044.4139357135,31983,ok
0080650005,332538.2914214286,7396047.540535713,31983,ok
0080650008,332531.28882,7396066.446080001,31983,ok
0080650009,332525.6571,7396070.8506000005,31983,ok
0080650010,332519.64408,7396076.310120001,31983,ok
0080650019,332446.15382,7396029.0607199995,31983,ok
0080650020,332453.56402000005,7396029.026520001,31983,ok
0080650021,332466.91738461546,7396028.370161539,31983,ok
0080650022,332463.76331,7396015.86937,31983,ok
0080650023,332469.1308666666,7396010.209933333,31983,ok
0080650024,332476.36952499993,7396008.9959125,31983,ok
0080650036,332539.72793999995,7396006.7281,31983,ok
0080650037,332543.40952000004,7396009.42474,31983,ok
0080650040,332564.2251076923,7396031.930030769,31983,ok
0080660049,332589.53742,7396075.19006,31983,ok
0080660050,332592.0846,7396071.59946,31983,ok
0080660051,332595.72198000003,7396066.419499999,31983,ok
0080660055,332618.3293,7396057.197939999,31983,ok
0080660060,332632.3320777777,7396099.762288888,31983,ok
0080670010,332692.82583636366,7396193.2080545435,31983,ok
0080670011,332693.89711666666,7396202.452649999,31983,ok
0080670012,332692.6080125,7396211.684012501,31983,ok
0080670013,332696.74151666666,7396221.104333333,31983,ok
0080670014,332683.4348333333,7396210.07145,31983,ok
0080670016,332671.76704999997,7396190.483883333,31983,ok
0080670065,332715.16252,7396134.5147,31983,ok
0080670066,332717.07378333336,7396143.173,31983,ok
0080670067,332721.80998,7396144.905739998,31983,ok
0080670069,332732.62292,7396143.27486,31983,ok
0080670070,332715.80564736837,7396152.477326318,31983,ok
0080670071,332735.35124,7396170.273119999,31983,ok
0080670072,332730.20475,7396173.659733333,31983,ok
0080670073,332728.08262,7396179.824519999,31983,ok
0080670074,332722.82846666663,7396183.289733333,31983,ok
0080670075,332720.58168,7396189.6129399985,31983,ok
0080670076,332716.66388,7396194.725040001,31983,ok
0080670077,332707.32989999995,7396176.010175,31983,ok
0080680022,332764.6957666667,7396173.8643333325,31983,ok
0080680023,332770.3362363637,7396187.715345456,31983,ok
0080700037,332301.482,7395732.5864625,31983,ok
0080700038,332293.51511111116,7395746.712811111,31983,ok
0080700039,332282.05188888893,7395761.1846888885,31983,ok
0080730000,332582.23944000003,7395929.402050001,31983,ok
0080730001,332546.97227142856,7395893.822985715,31983,ok
0080730005,332599.37082,7395944.14454,31983,ok
0080730006,332604.6250571428,7395950.795185714,31983,ok
0080730007,332614.05156666663,7395957.749033333,31983,ok
0080730008,332631.24945,7395951.492666668,31983,ok
0080730009,332621.58332857146,7395962.046942858,31983,ok
0080730010,332618.616975,7395965.394599999,31983,ok
0080730011,332614.2377333333,7395970.281583334,31983,ok
0080730012,332598.8214,7395966.904012501,31983,ok
0080730015,332596.89975,7395987.5655125,31983,ok
0080730020,332580.4317125,7395997.5433,31983,ok
0080730036,332562.14873571426,7395918.100092857,31983,ok
0080730097,332591.042,7396009.877712499,31983,ok
0080730100,332564.51636,7395986.095620001,31983,ok
0080730101,332568.65796000004,7395989.07216,31983,ok
0080730102,332575.12825714285,7395990.520585714,31983,ok
0080730121,332606.5579285714,7395981.513000001,31983,ok
0080730123,332590.03113749996,7395995.471850001,31983,ok
0080730124,,,31983,sem_lote
0080740002,332630.47621428565,7396011.890785716,31983,ok
0080740003,332650.05603846157,7396008.825884616,31983,ok
0080740015,332698.64253750007,7396014.577675,31983,ok
0080750017,332787.47205555555,7396080.190566667,31983,ok
0080750018,332787.607825,7396087.513325,31983,ok
0080750019,332779.04604999995,7396093.413399999,31983,ok
0080750034,332735.4559142856,7396085.9695,31983,ok
0080760019,332805.95852499997,7396150.252841669,31983,ok
0080760020,332787.2790833334,7396153.739524999,31983,ok
0080760024,332816.55094,7396135.5411,31983,ok
0080760094,332801.29865454545,7396140.451145454,31983,ok
0080780001,332321.80011999997,7395712.584380001,31983,ok
0080780002,332328.7295083334,7395706.862816668,31983,ok
0080780003,332335.65788,7395693.014780002,31983,ok
0080810000,332644.02352999995,7395833.779299999,31983,ok
0080810001,332603.15755454544,7395805.02439091,31983,ok
0080810002,332618.9923500001,7395822.06779,31983,ok
0080810010,332663.075584375,7395856.347818749,31983,ok
0080810012,332666.41824285715,7395873.128378571,31983,ok
0080810013,332659.6595222222,7395880.039811111,31983,ok
0080810014,332659.69450000004,7395887.6163125,31983,ok
0080810015,332660.14744000003,7395898.285699999,31983,ok
0080810016,332654.42358000006,7395906.49584,31983,ok
0080810023,332639.4546666667,7395882.305704761,31983,ok
0080810025,332615.3493333333,7395895.975833334,31983,ok
0080810026,332624.66442941176,7395879.8831058815,31983,ok
0080810027,332607.9957,7395883.541133334,31983,ok
0080810028,332600.3936857143,7395880.572585715,31983,ok
0080810181,332577.8587,7395872.9221250005,31983,ok
0080810244,332604.0732923077,7395845.2185923075,31983,ok
0080810263,332633.56516999996,7395827.1818,31983,ok
0080810264,332655.08736666664,7395846.255466666,31983,ok
0080814249,,,31983,sem_lote
0080820001,332714.95667857147,7395885.133621427,31983,ok
0080820004,332721.75973750005,7395913.23745,31983,ok
0080820005,332727.85193999996,7395914.62575,31983,ok
0080820017,332752.495325,7395954.0434875,31983,ok
0080820018,332752.2266888889,7395959.074611111,31983,ok
0080820020,332729.51298,7395987.9969999995,31983,ok
0080820021,332735.6597818182,7395971.6362727275,31983,ok
0080820022,332725.85183846153,7395958.767638462,31983,ok
0080820023,332710.0226875,7395950.3173,31983,ok
0080820024,332707.4150714286,7395946.969714286,31983,ok
0080820025,332701.59331428574,7395944.552728571,31983,ok
0080820029,332676.2024333333,7395930.403216667,31983,ok
0080820030,332682.3859666667,7395924.107911111,31983,ok
0080820031,332686.69153333333,7395915.089899999,31983,ok
0080820032,332691.9854833333,7395908.7639666675,31983,ok
0080820033,332694.23324000003,7395903.554199999,31983,ok
0080820034,332698.87377999997,7395896.77254,31983,ok
0080820035,332703.03106666665,7395892.662283334,31983,ok
0080820037,332761.8629666667,7395908.618833335,31983,ok
0080820038,332738.6156090909,7395917.646518182,31983,ok
0080820045,332753.4779666666,7395942.516874999,31983,ok
0080820046,332763.57326999994,7395924.064629999,31983,ok
0080820047,332714.37960000004,7395894.388358824,31983,ok
0080820048,332665.17438333336,7395948.295066667,31983,ok
0080820049,332667.68377999996,7395942.319659999,31983,ok
0080820050,332670.94816,7395937.55304,31983,ok
0080820051,332736.50513999996,7395984.979789999,31983,ok
0080820052,332748.49297,7395967.928230001,31983,ok
0080820054,332685.98878235294,7395935.801223529,31983,ok
0080830000,332822.80394615384,7395961.207207693,31983,ok
0080830001,332805.87185000005,7395958.374778571,31983,ok
0080830003,332839.51545,7395975.295308334,31983,ok
0080830004,332862.21036,7395983.010259999,31983,ok
0080830028,332777.73702,7395971.823539999,31983,ok
0080830097,332869.5644,7395996.40006,31983,ok
0080830100,332770.53291428566,7395981.720057144,31983,ok
0080880000,332672.95057999995,7395784.187846667,31983,ok
0080880001,332670.84734999994,7395716.036900001,31983,ok
0080880005,332700.0156166667,7395763.726933334,31983,ok
0080880006,332709.57667,7395767.547240001,31983,ok
0080880008,332736.9687916666,7395776.981225002,31983,ok
0080880009,332729.58950000006,7395786.799386665,31983,ok
0080880013,332695.9754,7395793.675514285,31983,ok
0080880014,332689.0482181818,7395796.14811818,31983,ok
0080880015,332685.28294999996,7395792.5323,31983,ok
0080880016,332674.17275,7395795.9965875,31983,ok
0080880018,332662.21332857147,7395778.6156,31983,ok
0080880215,332645.4977875,7395772.368975,31983,ok
0080880218,332694.04326666665,7395752.117033333,31983,ok
0080880219,332698.90816,7395751.5366400005,31983,ok
0080880226,332626.9985785714,7395768.526100001,31983,ok
0080880230,332663.0101285715,7395734.202742858,31983,ok
0080880231,332680.4765583333,7395753.8906999985,31983,ok
0080880267,332709.2028692308,7395807.471192309,31983,ok
0080890000,332774.9264222223,7395812.7624888895,31983,ok
0080890004,332787.6915571428,7395877.170128571,31983,ok
0080890008,332773.14002222224,7395866.600755556,31983,ok
0080890009,332770.1191666667,7395855.407811112,31983,ok
0080890010,332761.547125,7395854.5944875,31983,ok
0080890011,332753.88052222226,7395847.878244445,31983,ok
0080890012,332743.3681454546,7395845.014890909,31983,ok
0080890014,332767.6108058824,7395841.054476471,31983,ok
0080890015,332765.4158,7395826.09444,31983,ok
0080890016,332768.68506000005,7395821.083320001,31983,ok
0080890017,332777.00185,7395818.701187499,31983,ok
0080890019,332784.06020624994,7395807.905262499,31983,ok
0080890027,332840.0886666667,7395844.46655,31983,ok
0080890028,332832.98709999997,7395847.448342858,31983,ok
0080890029,332829.80189999996,7395854.42274,31983,ok
0080890030,332825.16514,7395861.0478,31983,ok
0080890031,332820.39749999996,7395869.411228572,31983,ok
0080890159,332800.5224642857,7395837.340514287,31983,ok
0080890170,332802.798,7395816.515439999,31983,ok
0080890171,332800.70918571425,7395814.817357143,31983,ok
0080890172,332797.7916142857,7395812.757385714,31983,ok
0080890174,332792.0343857143,7395808.691842857,31983,ok
0080890175,332789.34010000003,7395806.789871427,31983,ok
0080890176,332786.36610000004,7395804.6902,31983,ok
0080890177,332783.56407142855,7395802.712228571,31983,ok
0080890178,332780.86151428573,7395800.8041,31983,ok
0080890179,332778.37574,7395799.28978,31983,ok
0080890277,332801.03773125005,7395880.764562499,31983,ok
0080890278,332784.5275571429,7395874.9669571435,31983,ok
0080890279,332780.70199999993,7395864.306288888,31983,ok
0080900006,,,31983,sem_lote
0080900007,,,31983,sem_lote
0080900008,,,31983,sem_lote
0080900011,,,31983,sem_lote
0080900017,,,31983,sem_lote
0080900027,,,31983,sem_lote
0080900028,,,31983,sem_lote
0080900029,,,31983,sem_lote
0080900030,,,31983,sem_lote
0080900031,,,31983,sem_lote
0080900032,,,31983,sem_lote
0080900041,,,31983,sem_lote
0080900043,,,31983,sem_lote
0080930000,332763.91812499997,7395693.968583333,31983,ok
0080930051,332783.9373428571,7395709.531257144,31983,ok
0080930052,332774.62144,7395715.0083099995,31983,ok
0080930053,332773.07370000007,7395724.536274999,31983,ok
0080930054,332764.58644999994,7395732.3421125,31983,ok
0080930059,,,31983,sem_lote
0080930060,332749.0831590909,7395710.142713635,31983,ok
0080930061,332733.76046250004,7395718.357725001,31983,ok
0080930062,332728.0583285714,7395712.7671428565,31983,ok
0080930063,332718.15875833336,7395697.4903833335,31983,ok
0080930073,332721.2108083333,7395664.122008332,31983,ok
0080930074,332698.09011111106,7395702.658022221,31983,ok
0080930075,332767.8711,7395745.5487750005,31983,ok
0080930076,332757.5463599999,7395753.05379,31983,ok
0080930077,332763.0460375,7395757.0485875,31983,ok
0080930120,332699.75804444443,7395687.173177778,31983,ok
0080930253,332684.6044111111,7395690.914844445,31983,ok
0080930337,332719.77429375,7395679.5720374985,31983,ok
0080940000,332882.4447599999,7395769.46834,31983,ok
0080940009,332838.01031250006,7395796.156093751,31983,ok
0080940010,332818.55955,7395797.599262499,31983,ok
0080940013,332815.34830769233,7395787.820707693,31983,ok
0080940017,332816.2417625,7395756.955325,31983,ok
0080940018,332812.71147142857,7395749.860671429,31983,ok
0080940019,332824.2924875,7395747.964512501,31983,ok
0080940038,332842.0240857143,7395809.764357143,31983,ok
0080940039,332849.43906666664,7395814.75985,31983,ok
0080940040,332854.15211666666,7395818.185866668,31983,ok
0080940041,332857.39851666667,7395823.526400001,31983,ok
0080940044,332818.89235,7395769.325087501,31983,ok
0080940045,332802.9181833333,7395761.3555833325,31983,ok
0080940046,332810.6356125,7395772.779062499,31983,ok
0080940122,,,31983,sem_lote
0080940123,332838.4117666666,7395768.971141666,31983,ok
0080940467,332801.39116,7395789.80078,31983,ok
0090000000,,,31983,sem_lote
0090010000,331774.41990769224,7394049.524646154,31983,ok
0090040000,331854.59604000003,7393994.622020001,31983,ok
0090040001,331914.46384285716,7393979.5872,31983,ok
0090040002,331914.46441666665,7393973.096033335,31983,ok
0090040006,331902.84184999997,7393946.8864124995,31983,ok
0090040008,331904.38656666665,7393934.212200001,31983,ok
0090040009,331907.68357,7393926.5744199995,31983,ok
0090040011,331891.3866142857,7393936.306492857,31983,ok
0090040012,331880.8765333333,7393945.861439999,31983,ok
0090040013,331878.0905,7393931.634464286,31983,ok
0090040014,331868.72911666665,7393921.6265,31983,ok
0090040015,331866.75033333333,7393928.950088888,31983,ok
0090040016,331868.38574444444,7393932.3983,31983,ok
0090040017,331863.07201428566,7393937.474414287,31983,ok
0090040018,331870.5056,7393942.305050001,31983,ok
0090040019,331865.4514,7393947.0007,31983,ok
0090040020,331864.87022000004,7393951.86504,31983,ok
0090040021,331867.8833,7393959.911125001,31983,ok
0090040022,331865.9197285715,7393962.9936999995,31983,ok
0090040023,331864.12775,7393965.9391625,31983,ok
0090040024,331865.26316666673,7393971.864166667,31983,ok
0090040037,331911.8469615384,7393994.901707693,31983,ok
0090040039,331865.88100833335,7393991.594008334,31983,ok
0090040040,331915.84221000003,7393922.90181,31983,ok
0090040041,331900.5746,7393924.118349999,31983,ok
0090050000,332002.7448571429,7393848.357595238,31983,ok
0090050001,331954.23909999995,7393941.079409092,31983,ok
0090050006,331962.2427363636,7393909.412418181,31983,ok
0090050007,331955.79115,7393902.13776,31983,ok
0090050012,331964.577275,7393870.793699999,31983,ok
0090050023,331966.88764545455,7393794.88611818,31983,ok
0090050027,331961.13055000006,7393773.566683333,31983,ok
0090050029,331974.40969999996,7393789.623336364,31983,ok
0090050030,331979.58176666667,7393784.689325001,31983,ok
0090050031,331985.13794999995,7393788.811933335,31983,ok
0090050033,332002.01698749996,7393778.347312501,31983,ok
0090050034,332010.51052,7393776.6317,31983,ok
0090050081,332016.48792999994,7394000.181189999,31983,ok
0090050082,332016.1868444444,7394011.6027,31983,ok
0090050083,332013.25129411765,7394005.320641177,31983,ok
0090050084,332004.76613846153,7394003.0617615385,31983,ok
0090050085,332000.10900000005,7394005.319784616,31983,ok
0090050086,331993.34216363635,7394000.6892090915,31983,ok
0090050103,331968.09498571424,7393823.389857143,31983,ok
0090060012,332128.8593,7393962.607712501,31983,ok
0090060013,332125.0282333333,7393957.230366668,31983,ok
0090060014,332093.85537777777,7393950.266544444,31983,ok
0090060015,332096.42731666664,7393955.801533334,31983,ok
0090060016,332097.7343833333,7393960.352516666,31983,ok
0090060017,332106.5327571429,7393948.474564284,31983,ok
0090070006,332194.5225285714,7393982.861142858,31983,ok
0090070007,332199.2158428571,7393977.9674285725,31983,ok
0090070014,332203.8291416667,7393928.527983335,31983,ok
0090070015,332206.0090923077,7393924.705076924,31983,ok
0090070016,332202.87353333336,7393920.215208334,31983,ok
0090070017,332209.21074999997,7393916.263724999,31983,ok
0090070018,332205.32275833335,7393912.673200001,31983,ok
0090070019,332209.22076,7393908.15864,31983,ok
0090070020,332207.77573125,7393902.008974999,31983,ok
0090070026,332215.8454428571,7393859.702328571,31983,ok
0090070027,332218.81246999995,7393850.849949999,31983,ok
0090070031,332220.6887307692,7393825.499669231,31983,ok
0090070032,332227.5259,7393817.574927273,31983,ok
0090070078,332175.56779999996,7394022.160714286,31983,ok
0090070080,332188.12504,7394021.59168,31983,ok
0090070133,332171.68855,7394021.37025,31983,ok
0090070134,332168.3783583334,7394020.486008334,31983,ok
0090080017,332279.25485714286,7393945.325721429,31983,ok
0090080019,332287.2651625,7393929.336525,31983,ok
0090080023,332290.20187,7393897.38094,31983,ok
0090080029,332293.18666111113,7393857.564827777,31983,ok
0090080050,332256.54964,7393838.535149999,31983,ok
0090080051,332256.993225,7393845.0415624995,31983,ok
0090080067,332245.9923538462,7393953.018638462,31983,ok
0090080078,332224.68805384624,7394039.098869229,31983,ok
0090080110,332255.0477888889,7393908.201033333,31983,ok
0090080332,332295.14061999996,7393864.3531599995,31983,ok
0090080348,332250.1631529411,7393957.545882352,31983,ok
0090110002,331842.5796222222,7393891.680433334,31983,ok
0090110003,331843.61730000004,7393886.812114286,31983,ok
0090110004,331837.09265454544,7393880.394218182,31983,ok
0090110005,331833.3391666666,7393872.320088889,31983,ok
0090110006,331837.42362307693,7393864.022261539,31983,ok
0090110007,331837.2042571429,7393859.1358857155,31983,ok
0090110008,331840.2823727273,7393850.646918181,31983,ok
0090110021,331843.31687999994,7393768.50826,31983,ok
0090110023,331832.0132142856,7393764.938807143,31983,ok
0090110026,331822.96935555554,7393770.5477,31983,ok
0090110027,331816.1293125,7393766.799012501,31983,ok
0090110028,331809.3716090909,7393767.2415,31983,ok
0090110037,331814.9687769231,7393882.107146153,31983,ok
0090110040,331829.79038571427,7393894.845985715,31983,ok
0090110041,331837.3701571429,7393896.927828572,31983,ok
0090120010,331919.1715,7393851.2272,31983,ok
0090120018,331931.0048,7393791.299944445,31983,ok
0090120019,331936.3537,7393774.649885714,31983,ok
0090120020,331931.4091875,7393778.921875,31983,ok
0090120021,331924.07233,7393781.47097,31983,ok
0090120022,331915.59530909086,7393780.350672727,31983,ok
0090120023,331907.29381111107,7393783.068033333,31983,ok
0090120024,331902.85566249996,7393780.819062501,31983,ok
0090120026,331887.69785,7393770.10975,31983,ok
0090120027,331881.7886714285,7393764.73827143,31983,ok
0090120028,331880.15605,7393771.133375001,31983,ok
0090120036,331884.349475,7393837.959287501,31983,ok
0090120053,331917.02338666667,7393801.076973333,31983,ok
0090140003,331152.11765500007,7393322.634589998,31983,ok
0090140076,331197.7174344828,7393583.831031035,31983,ok
0090140096,331215.0568538461,7393608.020884614,31983,ok
0090150031,,,31983,sem_lote
0090150032,,,31983,sem_lote
0090160017,,,31983,sem_lote
0090160031,,,31983,sem_lote
0090160032,,,31983,sem_lote
0090161113,,,31983,sem_lote
0090170000,331595.4929952381,7393685.947919049,31983,ok
0090170007,331616.99956,7393533.629389999,31983,ok
0090170008,331616.04167777783,7393538.973622223,31983,ok
0090170009,331615.4178454546,7393544.239136364,31983,ok
0090170010,331616.6412916666,7393548.6515999995,31983,ok
0090170011,331614.03777,7393553.31796,31983,ok
0090170012,331614.3644454545,7393558.963127273,31983,ok
0090170014,331599.1355066666,7393569.687206666,31983,ok
0090170029,331575.96378333337,7393727.124966669,31983,ok
0090170030,331571.49262,7393715.579573333,31983,ok
0090170040,,,31983,sem_lote
0090170041,,,31983,sem_lote
0090170042,,,31983,sem_lote
0090170043,,,31983,sem_lote
0090170044,331563.6749733333,7393545.340926666,31983,ok
0090170045,331561.87012499996,7393540.014399999,31983,ok
0090170046,331564.7517727273,7393534.14520909,31983,ok
0090170052,331590.28558,7393504.938770001,31983,ok
0090170053,331590.41869,7393508.753470001,31983,ok
0090170054,331589.35358181817,7393512.900209091,31983,ok
0090170055,331590.7601272727,7393516.5782454545,31983,ok
0090170056,331588.440275,7393520.719716665,31983,ok
0090170057,331587.66658,7393525.7787999995,31983,ok
0090170058,331602.93085714284,7393528.470728571,31983,ok
0090170059,331592.9689818182,7393494.127736364,31983,ok
0090170060,331585.07571666664,7393493.8358,31983,ok
0090170061,331566.02180588234,7393492.493247058,31983,ok
0090170120,331541.7778,7393702.34994,31983,ok
0090170121,331538.57888181816,7393700.499372727,31983,ok
0090170122,331535.1399727273,7393695.609654545,31983,ok
0090170123,331532.2927153846,7393692.848615385,31983,ok
0090170124,331529.14396923076,7393686.884930769,31983,ok
0090170137,331522.2272318182,7393679.09025,31983,ok
0090170176,331586.66363749997,7393485.9612875,31983,ok
0090170177,331591.49042000005,7393483.56286,31983,ok
0090170178,331598.58572499995,7393485.4787375005,31983,ok
0090170179,331585.2152909091,7393461.6661363635,31983,ok
0090170180,331591.42439,7393459.04712,31983,ok
0090170238,331568.56186250004,7393451.75995625,31983,ok
0090170243,331596.2169875,7393460.563862501,31983,ok
0090170244,331565.6404733333,7393487.412493333,31983,ok
0090170802,331612.00135833333,7393563.174491667,31983,ok
0090170803,331601.3224888888,7393548.7651925925,31983,ok
0090180016,331675.67434,7393379.0248300005,31983,ok
0090180017,331679.9470272727,7393372.826027273,31983,ok
0090180018,331678.43988749996,7393368.7315375,31983,ok
0090180019,331678.1833923077,7393363.464184614,31983,ok
0090180020,331679.7096285714,7393358.27717143,31983,ok
0090180021,331678.5396230769,7393354.005584614,31983,ok
0090180022,331678.17759166664,7393348.2176,31983,ok
0090180023,331676.050676923,7393343.391915386,31983,ok
0090180024,331676.6061071428,7393338.68935,31983,ok
0090180025,331676.94175,7393333.13506,31983,ok
0090180026,331673.018311111,7393328.5843,31983,ok
0090180027,331674.96995,7393321.90775,31983,ok
0090180069,331676.57244444446,7393104.113499999,31983,ok
0090180070,331674.6834,7393097.376863635,31983,ok
0090180071,331675.1791727273,7393089.991536363,31983,ok
0090180072,331675.03464444453,7393085.926144445,31983,ok
0090180073,331676.1828444444,7393077.464422222,31983,ok
0090180074,331680.2359923077,7393070.908623076,31983,ok
0090180075,331668.8653105263,7393091.554852632,31983,ok
0090180076,331664.2195,7393100.985463637,31983,ok
0090180077,331657.30518749997,7393101.4431625,31983,ok
0090180078,331646.953925,7393104.6074,31983,ok
0090180079,331643.98742857145,7393108.010614286,31983,ok
0090180080,331642.05516,7393111.899150001,31983,ok
0090180081,331631.60432307696,7393123.639492307,31983,ok
0090180084,331626.01021999994,7393147.893620001,31983,ok
0090180085,331633.81610999996,7393152.488609999,31983,ok
0090180086,331632.753,7393157.764211111,31983,ok
0090180087,331630.9620625,7393161.9330875,31983,ok
0090180088,331632.72363636363,7393167.280518183,31983,ok
0090180118,331644.02147692296,7393115.160838461,31983,ok
0090180136,331650.0198640001,7393204.014328,31983,ok
0090190000,331759.12423333334,7393145.443866666,31983,ok
0090190001,331733.25413124997,7393433.3600062495,31983,ok
0090190002,331707.60355,7393074.925574999,31983,ok
0090190005,331714.93579375,7393102.16331875,31983,ok
0090190006,331724.6868416667,7393141.677019443,31983,ok
0090190020,331805.89550000004,7393187.587450001,31983,ok
0090190021,331806.99675555556,7393194.235088889,31983,ok
0090190022,331811.93355714285,7393195.517742857,31983,ok
0090190023,331819.6998,7393199.636557142,31983,ok
0090190024,331809.2039166667,7393207.192616667,31983,ok
0090190033,331786.3956428571,7393414.4590714285,31983,ok
0090190034,331778.76202,7393433.427194286,31983,ok
0090190035,331803.7925090909,7393467.167336365,31983,ok
0090190036,331803.6063333333,7393475.824200001,31983,ok
0090190037,331805.560925,7393479.5860625,31983,ok
0090190039,331796.21898181824,7393496.904427272,31983,ok
0090190041,331811.152125,7393567.365341666,31983,ok
0090190042,331810.5899,7393575.099625,31983,ok
0090190043,331810.14735,7393581.7061125,31983,ok
0090190044,331811.95415,7393587.12245,31983,ok
0090190045,331805.8441714286,7393595.02312857,31983,ok
0090190046,331807.908025,7393602.3239124995,31983,ok
0090190047,331805.66724999994,7393608.603730001,31983,ok
0090190048,331802.57879999996,7393615.716195239,31983,ok
0090190049,331780.1270407408,7393612.774962963,31983,ok
0090190050,331782.18585999997,7393603.91937,31983,ok
0090190052,331783.98454545456,7393559.687818181,31983,ok
0090190053,331782.73298421054,7393553.239042105,31983,ok
0090190054,331782.96138,7393543.475379999,31983,ok
0090190055,331779.16592222225,7393540.250677777,31983,ok
0090190056,331774.5473111111,7393534.939833334,31983,ok
0090190058,331759.70177000004,7393526.89253,31983,ok
0090190059,331751.33172500005,7393521.6148625,31983,ok
0090190060,331744.44038000004,7393517.48524,31983,ok
0090190061,331732.82791052625,7393516.38186842,31983,ok
0090190066,331713.2498333333,7393186.489933336,31983,ok
0090190067,331713.3614333333,7393179.950426667,31983,ok
0090190068,331712.2311166667,7393174.138538889,31983,ok
0090190069,331711.31175,7393169.059206249,31983,ok
0090190070,331711.32406153844,7393162.493976922,31983,ok
0090190071,331710.78995833336,7393157.495841667,31983,ok
0090190072,331710.9320461538,7393153.1748846155,31983,ok
0090190073,331708.04287999996,7393148.444490001,31983,ok
0090190074,331710.35821000003,7393142.66962,31983,ok
0090190075,331708.0727999999,7393138.32564,31983,ok
0090190076,331710.59654444444,7393132.9486,31983,ok
0090190077,331708.4375333333,7393127.967624999,31983,ok
0090190078,331708.45379999996,7393123.707418183,31983,ok
0090190079,331707.72465555556,7393117.129055555,31983,ok
0090190080,331708.67311538453,7393112.064638461,31983,ok
0090190081,331707.4111,7393103.536099999,31983,ok
0090190082,331704.1697142857,7393093.720657143,31983,ok
0090190083,331706.89225384616,7393086.000084614,31983,ok
0090190084,331703.4348166667,7393077.179166666,31983,ok
0090190087,331783.6770363637,7393592.778336364,31983,ok
0090190088,331783.64122727275,7393578.320945453,31983,ok
0090190089,331783.42236666667,7393572.522291667,31983,ok
0090190090,331782.39331904764,7393565.499428572,31983,ok
0090190091,331783.757475,7393587.431641665,31983,ok
0090190092,331761.9785153846,7393360.971065386,31983,ok
0090190094,331770.7461846154,7393531.403753847,31983,ok
0090190095,331764.8194769231,7393530.457138462,31983,ok
0090200001,331853.738884,7393686.273792001,31983,ok
0090200002,331840.1792076923,7393672.096653847,31983,ok
0090200003,331838.37758095236,7393664.255728571,31983,ok
0090200004,331839.8482421052,7393658.353131578,31983,ok
0090200005,331843.8809769231,7393652.003323078,31983,ok
0090200007,331842.3752909091,7393632.988600001,31983,ok
0090200008,331840.46510000003,7393627.78379,31983,ok
0090200009,331843.0168428571,7393623.204728573,31983,ok
0090200010,331841.7647,7393617.53785,31983,ok
0090200011,331845.1225454546,7393611.353554544,31983,ok
0090200012,331845.10195833334,7393606.570008333,31983,ok
0090200015,331849.7377916667,7393579.102766667,31983,ok
0090200016,331849.54814166663,7393573.0264,31983,ok
0090200021,331859.4877642857,7393493.684092858,31983,ok
0090200023,331869.81116000004,7393567.28809,31983,ok
0090200024,331868.15275384614,7393579.318961539,31983,ok
0090200025,331866.90565000003,7393586.745807143,31983,ok
0090200026,331868.2061357143,7393603.773764285,31983,ok
0090200027,331863.7646176471,7393610.111376471,31983,ok
0090200028,331864.9376363636,7393617.499163636,31983,ok
0090200029,331863.2586071429,7393624.790299999,31983,ok
0090200030,331862.92763529415,7393632.560752941,31983,ok
0090200031,331864.39256428566,7393655.6123,31983,ok
0090200032,331864.06200769235,7393660.891138462,31983,ok
0090200033,331867.772,7393667.0058699995,31983,ok
0090200034,331862.60055454547,7393672.5711909095,31983,ok
0090200035,331862.5513909091,7393676.938390908,31983,ok
0090200038,331862.72933571425,7393644.137285714,31983,ok
0090210001,331935.02848333336,7393748.959666667,31983,ok
0090210015,331902.35746,7393708.743900001,31983,ok
0090210017,331905.2123545454,7393694.405972726,31983,ok
0090210023,331904.3739846154,7393648.734061539,31983,ok
0090210024,331911.110885,7393642.978150001,31983,ok
0090210026,331904.0785,7393620.582354546,31983,ok
0090210027,331909.07744666666,7393616.570713333,31983,ok
0090210030,331916.434582353,7393591.322764706,31983,ok
0090210033,331916.4787818182,7393569.699218181,31983,ok
0090210034,331921.01428235293,7393563.995811765,31983,ok
0090210035,331927.47695333336,7393547.794880001,31983,ok
0090210036,331937.38376666664,7393537.287672222,31983,ok
0090210037,331950.18205714284,7393543.391392858,31983,ok
0090210038,331952.3797583334,7393549.535141666,31983,ok
0090210039,331949.1531333333,7393558.079625,31983,ok
0090210040,331950.1877692308,7393565.329661539,31983,ok
0090210043,331944.50475624995,7393586.102243751,31983,ok
0090210044,331944.34640000004,7393594.631961538,31983,ok
0090210045,331933.4776125,7393601.072341666,31983,ok
0090210046,331938.05268749996,7393609.455112499,31983,ok
0090210047,331943.294925,7393617.689075,31983,ok
0090210048,331929.01943,7393624.67441,31983,ok
0090210055,331924.32317499997,7393675.983283334,31983,ok
0090210056,331923.28436666663,7393688.827491667,31983,ok
0090210058,331930.77371249994,7393703.058375,31983,ok
0090210059,331929.5288916667,7393712.4013416665,31983,ok
0090210063,331932.32788181823,7393740.441309092,31983,ok
0090210083,331910.592775,7393599.031099999,31983,ok
0090211482,,,31983,sem_lote
0090220001,331967.121425,7393731.467424999,31983,ok
0090220002,331967.8691,7393726.5242111115,31983,ok
0090220003,331979.9674705882,7393723.5688,31983,ok
0090220020,331995.7997818182,7393605.862400001,31983,ok
0090220021,331994.9816,7393596.644311111,31983,ok
0090220024,332003.99155,7393571.503000001,31983,ok
0090220062,332025.38514117646,7393715.502111765,31983,ok
0090220066,331999.2365777778,7393741.413911112,31983,ok
0090220072,331964.07296666666,7393743.707644445,31983,ok
0090220145,332017.48108461534,7393549.484638462,31983,ok
0090220148,332038.7308875,7393747.3683,31983,ok
0090220155,331989.42052499996,7393638.139012501,31983,ok
0090220159,332006.64747,7393590.096609999,31983,ok
0090220160,332006.53492000006,7393580.15968,31983,ok
0090230011,332138.3979125,7393698.210868751,31983,ok
0090230012,332146.9859416667,7393693.959191665,31983,ok
0090230017,332142.77469999995,7393656.842545455,31983,ok
0090230020,332151.81450625,7393636.1026625,31983,ok
0090230022,332140.5261769231,7393616.241823077,31983,ok
0090230033,,,31983,sem_lote
0090230035,332115.33848235296,7393568.759094117,31983,ok
0090230099,332174.08658749994,7393560.3663875,31983,ok
0090240028,332216.3312333333,7393572.1011000015,31983,ok
0090240046,332211.84130000003,7393698.783530768,31983,ok
0090240047,332204.01684210525,7393708.959199998,31983,ok
0090250026,332290.9034307692,7393651.276592308,31983,ok
0090250027,332292.6048266667,7393645.36798,31983,ok
0090250033,332302.49818181817,7393615.143118181,31983,ok
0090250034,332305.76452857145,7393608.042757143,31983,ok
0090250035,332315.88655833335,7393602.393575001,31983,ok
0090250036,332324.43976000004,7393597.046490001,31983,ok
0090250058,332313.0174846153,7393726.3460769225,31983,ok
0090250404,332335.63471666665,7393584.167061111,31983,ok
0090260000,332420.9557888889,7393714.384477778,31983,ok
0090320000,332423.3678857143,7393606.714235715,31983,ok
0090320149,332461.44076190476,7393588.802647618,31983,ok
0090320446,332463.60904999997,7393499.070937499,31983,ok
0090320447,332442.03090285714,7393533.62106,31983,ok
0090370009,331865.4564545455,7393273.598236363,31983,ok
0090380001,331952.7856272728,7393517.595736364,31983,ok
0090380002,331954.8477769231,7393513.007007693,31983,ok
0090380003,331954.16667500004,7393507.853991668,31983,ok
0090380004,331959.2136083333,7393501.514225,31983,ok
0090380005,331959.73951000004,7393496.643619999,31983,ok
0090380006,331959.4636249999,7393490.709999998,31983,ok
0090380007,331963.24100999994,7393485.38008,31983,ok
0090380009,331959.51680000004,7393457.651733332,31983,ok
0090380010,331963.59187999996,7393448.988179999,31983,ok
0090380013,331959.09901428566,7393429.321899998,31983,ok
0090380014,331962.19396666664,7393422.14685,31983,ok
0090380017,331969.70537272724,7393400.116754546,31983,ok
0090380020,331970.7238428571,7393381.781685715,31983,ok
0090380026,331972.27944375004,7393341.06370625,31983,ok
0090380027,331966.9383058824,7393336.556570588,31983,ok
0090380029,331962.7380708334,7393322.3159041675,31983,ok
0090380031,331972.6289538462,7393309.909961537,31983,ok
0090380034,331967.81565,7393281.066891667,31983,ok
0090380040,331990.40032142855,7393214.739385714,31983,ok
0090380048,331989.01177777787,7393147.8181,31983,ok
0090380049,331984.4157285714,7393149.774342857,31983,ok
0090380050,331977.84595555556,7393152.8037,31983,ok
0090380051,331973.9597777778,7393158.121933334,31983,ok
0090380059,331945.8858923077,7393305.355792307,31983,ok
0090380060,331945.29905,7393312.69855,31983,ok
0090380061,331940.5120411765,7393331.993264707,31983,ok
0090380062,331942.5961368421,7393337.905273685,31983,ok
0090380063,331938.90513125004,7393343.860806252,31983,ok
0090380064,331938.8603866668,7393349.069086666,31983,ok
0090380066,331943.2783538461,7393363.717015385,31983,ok
0090380074,331931.62443846156,7393425.317961538,31983,ok
0090380075,331931.7345142857,7393431.98065,31983,ok
0090380076,331931.1718933334,7393439.484186666,31983,ok
0090380077,331932.34163750004,7393445.274762499,31983,ok
0090380078,331931.04906428565,7393455.936657141,31983,ok
0090380079,331938.6555375,7393484.92906875,31983,ok
0090380080,331938.5647894737,7393492.1967368405,31983,ok
0090380081,331932.21280344826,7393508.624175863,31983,ok
0090380082,331938.92236666667,7393357.930822222,31983,ok
0090380083,331942.65691,7393353.92816,31983,ok
0090380087,331944.6285875001,7393326.19440625,31983,ok
0090380088,331976.11483333335,7393328.074033334,31983,ok
0090380139,331944.9316363636,7393415.099799999,31983,ok
0090390000,332068.07995999994,7393280.032485001,31983,ok
0090390063,332065.0837727273,7393310.414490908,31983,ok
0090390069,332063.5892,7393354.664490909,31983,ok
0090390083,332058.1912818182,7393440.506772727,31983,ok
0090390084,332069.3209625,7393449.9935625,31983,ok
0090390140,,,31983,sem_lote
0090400001,332116.53755999997,7393294.42208,31983,ok
0090400002,332116.4862636364,7393308.189645454,31983,ok
0090410000,332171.5552533333,7393406.785779999,31983,ok
0090410026,332154.05458750005,7393382.85026875,31983,ok
0090410027,332149.835275,7393372.141368749,31983,ok
0090410031,332116.9356777778,7393371.4843666665,31983,ok
0090410032,332120.6444818182,7393380.107463636,31983,ok
0090410033,332119.94856153853,7393387.745161539,31983,ok
0090410034,332115.05358181824,7393398.590072728,31983,ok
0090410035,332113.56384545454,7393407.31700909,31983,ok
0090410036,332112.9587,7393413.94122,31983,ok
0090410039,332109.7868928572,7393438.582364285,31983,ok
0090410041,332107.60188888886,7393451.030677777,31983,ok
0090410044,332102.0832416667,7393467.934391667,31983,ok
0090410045,332104.6896769231,7393474.0790769225,31983,ok
0090410056,332115.74536,7393527.1906200005,31983,ok
0090410057,332119.66151111113,7393529.577333333,31983,ok
0090410058,332124.69344999996,7393527.7441875,31983,ok
0090410059,332133.39486,7393533.30996,31983,ok
0090410060,332136.74079999997,7393533.606380001,31983,ok
0090410061,332140.73114,7393533.97206,31983,ok
0090410062,332144.77040000004,7393534.34272,31983,ok
0090410063,332149.8116142857,7393534.005757144,31983,ok
0090420000,332274.55144999997,7393555.019350001,31983,ok
0090420001,332201.4401,7393543.133933333,31983,ok
0090420022,332229.8045,7393474.959435294,31983,ok
0090420023,332240.53550666664,7393480.38626,31983,ok
0090420024,332246.8127181818,7393487.745009092,31983,ok
0090420025,332252.48305384617,7393500.2285230765,31983,ok
0090420027,332277.45178461535,7393523.547646154,31983,ok
0090440002,332450.66043750005,7393433.8200624995,31983,ok
0090440004,332430.00135000004,7393411.878083332,31983,ok
0090440016,332425.0754714286,7393313.636214285,31983,ok
0090440017,332426.18445,7393307.41005,31983,ok
0090440018,332424.1939,7393304.119337499,31983,ok
0090440019,332423.6033857143,7393299.089585715,31983,ok
0090440045,332379.37228,7393439.599949999,31983,ok
0090440046,332375.37208,7393446.237129999,31983,ok
0090440308,332406.32623043476,7393328.093439129,31983,ok
0090480000,331541.9370428571,7392906.615828572,31983,ok
0090490026,331525.4217333334,7393076.3900666665,31983,ok
0090510021,,,31983,sem_lote
0090510028,331849.73721874994,7393139.71696875,31983,ok
0090510991,331796.0488866667,7393086.922393334,31983,ok
0090511589,331780.8774714285,7393080.483028573,31983,ok
0090511590,331770.60673125,7393066.1375,31983,ok
0090520019,332043.07217692304,7393000.278876924,31983,ok
0090520022,332057.25588666665,7392952.199266667,31983,ok
0090530000,332128.17906190484,7393131.302614286,31983,ok
0090530003,332094.230025,7393198.413383334,31983,ok
0090530021,332116.85370000004,7393057.824300001,31983,ok
0090530022,332128.36426,7393025.692796666,31983,ok
0090530024,332137.50903333334,7393038.491166667,31983,ok
0090530025,332136.4628875,7393045.9858874995,31983,ok
0090530026,332137.46681250003,7393052.591125,31983,ok
0090530027,332135.21331250004,7393061.7065125,31983,ok
0090530031,332117.50640232564,7393158.0766790705,31983,ok
0090530287,332099.14614,7393211.100540001,31983,ok
0090540012,332129.7609437499,7393238.32108125,31983,ok
0090540013,332157.3199,7393226.828739999,31983,ok
0090540014,332161.2384,7393225.880499999,31983,ok
0090540015,332166.13162,7393224.6951399995,31983,ok
0090540016,332171.89694,7393223.297560001,31983,ok
0090540017,332176.79126,7393222.11186,31983,ok
0090540018,332181.27671999997,7393223.02518,31983,ok
0090540019,332186.26685,7393218.54065,31983,ok
0090550005,332277.41718,7393206.190780001,31983,ok
0090550006,332282.53004,7393201.48695,31983,ok
0090570001,332328.3683461538,7393476.534792306,31983,ok
0090570005,332308.51332727267,7393452.331972728,31983,ok
0090570006,332292.8746125,7393454.273975,31983,ok
0090570045,332312.04576923075,7393412.705092306,31983,ok
0090570046,332317.6186909091,7393419.881999999,31983,ok
0090570048,332334.31690000003,7393449.75494,31983,ok
0090570300,332290.3272538461,7393434.872476922,31983,ok
0090640000,331719.9649727273,7392807.968090908,31983,ok
0090650000,331772.24435625,7392850.0986875,31983,ok
0090660007,331929.4007333334,7392707.8847,31983,ok
0090660667,331952.3620125,7392733.1626375,31983,ok
0090670000,332153.0079470589,7392892.86697647,31983,ok
0090690012,332244.55486923084,7393129.472230769,31983,ok
0090690013,332260.52987272723,7393136.814909091,31983,ok
0090690014,332265.651425,7393149.0216625,31983,ok
0090700000,332358.9103923077,7393123.152723078,31983,ok
0090700001,332317.62366153847,7393159.057607692,31983,ok
0090710000,332262.3737833333,7392702.049383334,31983,ok
0090710464,332206.0308033334,7392804.6889533335,31983,ok
0090800039,332108.34997547156,7392687.100581133,31983,ok
0090940001,331861.2502545455,7393739.630027273,31983,ok
0090940004,331840.95350000006,7393735.6858,31983,ok
0090940005,331833.50233,7393729.679520001,31983,ok
0090940006,331825.1193363636,7393719.788154545,31983,ok
0090940008,331813.4467363636,7393723.197663636,31983,ok
0090940009,331806.1098454545,7393719.998745454,31983,ok
0090940013,331788.1532333333,7393716.709125,31983,ok
0090940014,331779.46577692305,7393716.610807692,31983,ok
0090940028,331744.76815555553,7393575.917599999,31983,ok
0090940029,331746.8529769231,7393570.189407692,31983,ok
0090940030,331743.7473818182,7393565.892954546,31983,ok
0090940031,331744.57475,7393560.214642857,31983,ok
0090940034,331743.04022857134,7393547.090221428,31983,ok
0090940035,331748.85918125,7393550.138706251,31983,ok
0090940036,331754.78150499996,7393553.906579999,31983,ok
0090940037,331765.58268181817,7393554.269113638,31983,ok
0090940038,331759.6974846154,7393564.911384616,31983,ok
0090940039,331760.0197714286,7393573.189942857,31983,ok
0090940040,331763.26495882357,7393582.200147058,31983,ok
0090940041,331757.45388888894,7393588.568855556,31983,ok
0090940042,331752.1050307692,7393597.96166923,31983,ok
0090940043,331754.7081,7393605.458475,31983,ok
0090940044,331756.34140000003,7393616.0771200005,31983,ok
0090940045,331767.9416333334,7393635.58562,31983,ok
0090940046,331772.43637500005,7393632.004683333,31983,ok
0090940047,331777.9059181818,7393634.080454544,31983,ok
0090940048,331783.41501666664,7393632.727208332,31983,ok
0090940049,331787.8650375,7393636.71179375,31983,ok
0090940051,331803.7126722222,7393641.613633333,31983,ok
0090940052,331796.39471578953,7393650.098473684,31983,ok
0090940053,331801.88837894745,7393661.5002999995,31983,ok
0090940056,331814.8262117647,7393695.725376469,31983,ok
0090940057,331823.59166000003,7393698.502666665,31983,ok
0090940062,331860.83651176473,7393724.64512353,31983,ok
0090940154,331733.79697500006,7393538.210005,31983,ok
0090940155,331738.08784000005,7393552.152439999,31983,ok
0090950001,332515.53570833337,7393860.603858333,31983,ok
0090950020,332446.04195945954,7393869.397197297,31983,ok
0090960003,,,31983,sem_lote
0090970000,331681.08156666666,7393934.557744444,31983,ok
0090970145,331731.58902142855,7393929.059950002,31983,ok
0090970146,331737.29396875005,7393932.99691875,31983,ok
0090970147,331741.1802857142,7393929.941528572,31983,ok
0090970148,331747.3633545455,7393930.217227274,31983,ok
0090990001,331735.7287833333,7393764.998291667,31983,ok
0100000000,,,31983,sem_lote
0100020000,331134.82447272725,7395135.163890909,31983,ok
0100030000,331203.0701,7395162.400228573,31983,ok
0100030026,331216.04697,7395114.855880002,31983,ok
0100040000,330880.98478888883,7395133.769944444,31983,ok
0100040062,330962.1049833333,7395132.668133333,31983,ok
0100070060,331426.70584999997,7394832.634266667,31983,ok
0100070714,331400.2504557142,7394906.356242858,31983,ok
0100090006,330974.1299833333,7395011.2470333325,31983,ok
0100120014,331255.39918,7394635.291486667,31983,ok
0100130015,331476.5167916666,7394647.944125001,31983,ok
0100130024,331530.71599999996,7394676.091700001,31983,ok
0100130192,331440.244775,7394726.289575,31983,ok
0100140131,331698.19146842114,7394571.604794736,31983,ok
0100140323,331608.75669,7394729.990445,31983,ok
0100140438,331682.17389999994,7394644.109984616,31983,ok
0100150002,330762.829975,7394937.7519125,31983,ok
0100160000,330999.91825000005,7394841.909183334,31983,ok
0100220001,330848.9966942857,7394588.647917143,31983,ok
0100220002,331007.67187499994,7394671.27565,31983,ok
0100220003,331023.8342166667,7394632.549199999,31983,ok
0100260016,331647.00337777776,7394495.551655555,31983,ok
0100260017,331653.6038875,7394479.306187499,31983,ok
0100300061,330614.66884666664,7394377.69738,31983,ok
0100300062,330612.3579583334,7394373.426966667,31983,ok
0100300063,330609.40882857144,7394370.991642856,31983,ok
0100300064,330608.41736250004,7394366.85286875,31983,ok
0100300065,330603.5195199999,7394366.36842,31983,ok
0100300066,330602.1661333333,7394362.491239999,31983,ok
0100300067,330597.7235533334,7394361.670806667,31983,ok
0100300069,330593.0634666668,7394355.902033333,31983,ok
0100300070,330589.1727714286,7394353.40465,31983,ok
0100300071,330587.21776,7394350.389366666,31983,ok
0100300072,330582.51225,7394349.795550002,31983,ok
0100300073,330581.5856230769,7394345.415376925,31983,ok
0100300074,330576.54052727274,7394344.784854545,31983,ok
0100300076,330569.53979999997,7394341.3714,31983,ok
0100300080,330537.484125,7394349.613575,31983,ok
0100300081,330543.404775,7394355.046125001,31983,ok
0100300082,330546.00632499997,7394357.6191375,31983,ok
0100300083,330552.6010142857,7394362.695814286,31983,ok
0100300084,330554.84518571425,7394364.915842856,31983,ok
0100300226,330559.22223333333,7394370.086566667,31983,ok
0100300227,330565.21354,7394373.68906,31983,ok
0100300228,330567.87509999995,7394378.972862501,31983,ok
0100300229,330569.852275,7394380.9287875,31983,ok
0100300230,330575.78488,7394384.144939999,31983,ok
0100300231,330545.1315451613,7394376.270283873,31983,ok
0100370000,330395.79863846157,7394142.301038461,31983,ok
0100370015,330411.11505294114,7394215.541547059,31983,ok
0100500033,330453.08137692313,7394019.098946154,31983,ok
0100500050,330330.45293125,7393969.43080625,31983,ok
0100670000,330427.52600000007,7393715.304927274,31983,ok
0100680000,330557.47983076924,7393606.7163,31983,ok
0100690001,330695.6278,7393454.794254545,31983,ok
0100690011,330685.90378,7393524.53806,31983,ok
0100691220,,,31983,sem_lote
0100800019,330691.72296842106,7393255.8045947375,31983,ok
0100900001,330711.9702814815,7393100.862392596,31983,ok
0100990000,330796.60883499996,7393681.924890001,31983,ok
0110000000,,,31983,sem_lote
0110020075,328265.5605972974,7395276.914659458,31983,ok
0110050045,328966.0659285714,7395477.727957142,31983,ok
0110070004,329145.569772,7395306.2475999985,31983,ok
0110080010,328318.4491090909,7395142.241945455,31983,ok
0110120000,,,31983,sem_lote
0110230013,329565.7931047619,7395591.269476189,31983,ok
0110240009,329576.3358555556,7395715.869244445,31983,ok
0110250031,329838.71795714286,7395893.765707144,31983,ok
0110250032,329830.95428,7395893.87712,31983,ok
0110360035,329142.0599421053,7394940.558378947,31983,ok
0110620010,329878.1002736842,7395360.09664737,31983,ok
0110640016,329942.0711588235,7395447.930829412,31983,ok
0110770004,329576.26164032257,7394292.931883872,31983,ok
0110890001,330395.6769304349,7395346.066213045,31983,ok
0110890028,330383.62392857147,7395327.556742857,31983,ok
0110890029,330386.7327272727,7395334.337372726,31983,ok
0110890030,330391.01355000003,7395346.718650001,31983,ok
0110890031,330416.3637777778,7395356.027522221,31983,ok
0110890032,330410.20256666664,7395358.175216666,31983,ok
0110890033,330402.60655,7395362.478666666,31983,ok
0110890034,330397.12108333333,7395365.010533333,31983,ok
0110890035,330391.86964,7395366.9066,31983,ok
0110890036,330384.5347777778,7395374.779566668,31983,ok
0110890060,330284.47883333336,7395445.180446666,31983,ok
0110920275,330500.50476666674,7395515.251640742,31983,ok
0110920276,330555.0938294117,7395449.699305882,31983,ok
0110970001,330368.16473818186,7395105.760794546,31983,ok
0110980008,330380.9043,7395187.961,31983,ok
0110980009,330384.0164363636,7395204.9496,31983,ok
0110980010,330391.86564166663,7395203.537891666,31983,ok
0110980014,330426.90638823534,7395206.872335295,31983,ok
0110980024,330410.50682222226,7395212.318833334,31983,ok
0110980025,330399.390875,7395206.116558333,31983,ok
0110990000,330406.0283,7395270.18757,31983,ok
0111000000,330573.65668749996,7395280.730200002,31983,ok
0111000014,330556.97096666665,7395262.816291667,31983,ok
0111010000,330648.2135416667,7395309.0682,31983,ok
0111010018,330665.37746363634,7395230.714836365,31983,ok
0111080001,330065.5904262297,7394645.491984971,31983,ok
0111090018,330320.7829736842,7394715.510736844,31983,ok
0111140000,330519.61407,7395127.73734,31983,ok
0111140003,330533.9356555556,7395211.7957999995,31983,ok
0111140004,330525.4592111111,7395212.521311111,31983,ok
0111140005,330528.0314916667,7395199.294458334,31983,ok
0111140006,330519.63675,7395190.772841667,31983,ok
0111140007,330516.0312428571,7395190.456835714,31983,ok
0111140008,330508.04307777784,7395196.948111111,31983,ok
0111140009,330506.05495714286,7395193.711857143,31983,ok
0111140010,330506.51461111114,7395183.874616667,31983,ok
0111140011,330497.46435555554,7395189.523722223,31983,ok
0111140012,330489.54400000005,7395190.4845,31983,ok
0111140013,330484.6424222223,7395191.170055555,31983,ok
0111140014,330479.6535,7395189.4308124995,31983,ok
0111140015,330474.7881125,7395187.837537499,31983,ok
0111140018,330460.7646,7395183.711266667,31983,ok
0111140023,330434.4624545454,7395173.767209091,31983,ok
0111140024,330427.4367375,7395172.279925001,31983,ok
0111140025,330422.85857,7395168.22967,31983,ok
0111140026,330414.22875,7395168.3778,31983,ok
0111140136,330446.4203111111,7395176.523477779,31983,ok
0111140137,330439.02059090906,7395175.6528181825,31983,ok
0111140138,,,31983,sem_lote
0111140150,,,31983,sem_lote
0111220020,330593.6362,7394723.542181819,31983,ok
0111230000,330616.1535,7394870.7812,31983,ok
0111230118,,,31983,sem_lote
0111230119,,,31983,sem_lote
0111230120,,,31983,sem_lote
0111230121,,,31983,sem_lote
0111230122,,,31983,sem_lote
0111230123,,,31983,sem_lote
0111230124,,,31983,sem_lote
0111230125,,,31983,sem_lote
0111230126,,,31983,sem_lote
0111230127,,,31983,sem_lote
0111230128,,,31983,sem_lote
0111230129,,,31983,sem_lote
0111230130,,,31983,sem_lote
0111230131,,,31983,sem_lote
0111230132,,,31983,sem_lote
0111230133,,,31983,sem_lote
0111230134,,,31983,sem_lote
0111230135,,,31983,sem_lote
0111230136,,,31983,sem_lote
0111230137,,,31983,sem_lote
0111230138,,,31983,sem_lote
0111230139,,,31983,sem_lote
0111230140,,,31983,sem_lote
0111230141,,,31983,sem_lote
0111230142,,,31983,sem_lote
0111230143,,,31983,sem_lote
0111230144,,,31983,sem_lote
0111230145,,,31983,sem_lote
0111230146,,,31983,sem_lote
0111230147,,,31983,sem_lote
0111230148,,,31983,sem_lote
0111230149,,,31983,sem_lote
0111240072,330720.2416333333,7394998.3648333335,31983,ok
0111290011,330288.17268857145,7394440.373297144,31983,ok
0111330016,329981.10436590906,7394132.276743185,31983,ok
0111430027,329596.18405,7394762.795,31983,ok
0111440038,329717.50282500003,7394648.943724999,31983,ok
0111440039,329834.93073850014,7394754.916743001,31983,ok
0121230007,327986.18728666665,7394991.360806667,31983,ok
0121260007,328016.73450909095,7394798.342909092,31983,ok
0130030001,328452.9536909091,7393668.122584847,31983,ok
0130040035,329196.92515510204,7394123.84477959,31983,ok
0130040036,329171.07893333334,7394213.257766667,31983,ok
0130050001,328757.95601724135,7392959.98904138,31983,ok
0130050002,329368.17778444453,7394044.308416665,31983,ok
0130050003,328702.49066400004,7392958.126940001,31983,ok
0130090000,329343.0241714286,7393529.910242857,31983,ok
0130090082,329395.4036071428,7393853.687949999,31983,ok
0130090136,329252.20251442294,7393865.541238462,31983,ok
0130130215,328653.54564666667,7394109.565726667,31983,ok
0130140038,328747.7098833333,7393923.053691667,31983,ok
0130140039,328750.8908888889,7393917.440044444,31983,ok
0130140082,328720.5748625,7393959.9736,31983,ok
0130290000,328549.85555789474,7393826.454497367,31983,ok
0130360001,328560.2130200001,7393675.700841818,31983,ok
0130360011,328558.97118750005,7393641.340375001,31983,ok
0130360012,328555.6815,7393646.148,31983,ok
0130360013,328550.85541428573,7393649.578985714,31983,ok
0130360014,328550.4894285714,7393654.003414286,31983,ok
0130360015,328544.78902,7393656.572860001,31983,ok
0130360016,328542.61985,7393660.103119999,31983,ok
0130360017,328541.4006333333,7393665.2965,31983,ok
0130360018,328538.75010000006,7393669.133166667,31983,ok
0130360019,328534.90965,7393672.5717124995,31983,ok
0130360020,328532.5829714286,7393676.066957143,31983,ok
0130360021,328529.6425714286,7393680.541114286,31983,ok
0130360022,328527.9674,7393684.5463499995,31983,ok
0130360023,328536.82835,7393727.408585714,31983,ok
0130360024,328539.90555555554,7393720.998688888,31983,ok
0130360025,328546.18398750003,7393714.7473875005,31983,ok
0130360026,328550.0066076923,7393708.742500001,31983,ok
0130360027,328553.98647272727,7393703.150318182,31983,ok
0130360028,328554.56173333334,7393698.293322222,31983,ok
0130360029,328559.2196555555,7393693.843944444,31983,ok
0130360030,328562.0222636364,7393691.319418181,31983,ok
0130360031,328567.4842,7393680.965499999,31983,ok
0130360032,328570.41836666665,7393677.143633333,31983,ok
0130360033,328572.05787,7393672.9455699995,31983,ok
0130360048,328573.57040909096,7393697.194654546,31983,ok
0130360049,328573.0537714286,7393703.636200001,31983,ok
0130370021,328653.0304,7393530.024413333,31983,ok
0130530121,328302.36900000006,7393655.971185714,31983,ok
0130530123,328264.4510500001,7393629.253286665,31983,ok
0130590009,328143.0407333334,7393572.850422222,31983,ok
0130740001,329297.68160000007,7392441.819708821,31983,ok
0140230001,329719.48370222223,7392586.187718888,31983,ok
0140800020,330186.9439176471,7391827.34674706,31983,ok
0150080053,327906.7798733333,7393007.740180001,31983,ok
0150100001,328133.7166909091,7393019.277972728,31983,ok
0150100002,328128.0162666666,7393013.948900001,31983,ok
0150100005,328116.2509,7393001.506975001,31983,ok
0150100006,328109.43681,7393001.36428,31983,ok
0150100007,328122.14374545455,7392993.484181819,31983,ok
0150100008,328129.71542,7392990.174030001,31983,ok
0150100009,328132.270325,7392986.856512501,31983,ok
0150100010,328135.5772428572,7392981.164571428,31983,ok
0150100011,328137.80033333343,7392977.140288889,31983,ok
0150100012,328139.89412499993,7392970.989324999,31983,ok
0150100013,328141.8271083333,7392967.5156999985,31983,ok
0150100014,328146.9432636364,7392963.525754545,31983,ok
0150100015,328148.30407,7392960.073460001,31983,ok
0150100016,328153.72719999996,7392954.4193222225,31983,ok
0150100017,328155.8034777778,7392951.268855555,31983,ok
0150100018,328154.2570833334,7392942.939241667,31983,ok
0150100019,328171.1239333333,7392954.586266667,31983,ok
0150100020,328165.69624,7392960.16223,31983,ok
0150100021,328163.11728,7392964.02608,31983,ok
0150100022,328160.11170909094,7392969.941845453,31983,ok
0150100023,328154.55159285717,7392974.181799999,31983,ok
0150100024,328152.50010000006,7392981.374181818,31983,ok
0150100025,328150.18287,7392987.860719999,31983,ok
0150100026,328144.56651818176,7392991.62340909,31983,ok
0150100027,328141.69855,7392995.025558334,31983,ok
0150100028,328138.64404999994,7393002.04714,31983,ok
0150100029,328124.00481111114,7393004.980066667,31983,ok
0150110001,328177.5099894737,7393032.960094738,31983,ok
0150110002,328174.0223533333,7393029.486526666,31983,ok
0150110004,328158.1702583334,7393026.121541667,31983,ok
0150110005,328153.4697,7393026.588672727,31983,ok
0150110006,328148.6818625,7393025.538950002,31983,ok
0150110007,328145.6362,7393022.579728572,31983,ok
0150110008,328159.76066363644,7393015.7391090905,31983,ok
0150110011,328171.31350000005,7392997.954884615,31983,ok
0150110015,328182.93251538463,7392982.268569231,31983,ok
0150110016,328183.2153666666,7392977.392825001,31983,ok
0150110017,328186.7992818182,7392971.893781819,31983,ok
0150110018,328190.0800166666,7392967.363258333,31983,ok
0150110019,328187.69607142865,7392992.655885713,31983,ok
0150110020,328192.57427826093,7392982.887626087,31983,ok
0150110021,328197.51332142856,7392986.401985714,31983,ok
0150110022,328201.87260833336,7392990.936083333,31983,ok
0150110023,328207.82714285713,7392991.901499999,31983,ok
0150110024,328224.1060888889,7392987.9295666665,31983,ok
0150110029,328207.91302857135,7393011.511892856,31983,ok
0150110030,328204.77270909096,7393014.784790909,31983,ok
0150110031,328201.69202,7393016.9075299995,31983,ok
0150110032,328199.4209125,7393020.669712501,31983,ok
0150110033,328196.26685714285,7393023.060657143,31983,ok
0150110034,328194.4708384616,7393027.9419461535,31983,ok
0150110035,328194.99685,7393031.015149999,31983,ok
0150110036,328189.1457222222,7393033.728111112,31983,ok
0150110037,328189.66336249997,7393037.720937501,31983,ok
0150110057,328162.8957875,7393007.6954625,31983,ok
0150110058,328169.88465714286,7393005.1788142845,31983,ok
0150120000,328229.6928384615,7392975.759699999,31983,ok
0150120001,328183.61165,7392898.311062499,31983,ok
0150120002,328182.25788333337,7392905.525125001,31983,ok
0150120003,328182.0488083333,7392908.900333334,31983,ok
0150120004,328177.4506666667,7392913.702633334,31983,ok
0150120005,328177.9449800001,7392918.80485,31983,ok
0150120006,328169.6550166667,7392922.748775001,31983,ok
0150120007,328167.9042538461,7392927.683184614,31983,ok
0150120008,328159.84532666666,7392933.205826667,31983,ok
0150120009,328178.7666399999,7392934.22634,31983,ok
0150120010,328182.74741999997,7392938.674226668,31983,ok
0150120011,328189.08831333334,7392940.1592999995,31983,ok
0150120012,328192.25528,7392945.35726,31983,ok
0150120015,328208.2313272727,7392957.81758182,31983,ok
0150120016,328214.4501357143,7392957.371635715,31983,ok
0150120017,328219.5689714286,7392959.841607141,31983,ok
0150120018,328223.7110733333,7392964.622913334,31983,ok
0150120021,328239.69971111114,7392966.384099999,31983,ok
0150120022,328242.61192727275,7392960.350763637,31983,ok
0150120023,328247.97311111115,7392957.0541555565,31983,ok
0150120024,328251.09113333334,7392952.253555556,31983,ok
0150120025,328252.44888181816,7392943.717927273,31983,ok
0150120032,328218.31164545455,7392928.87960909,31983,ok
0150120033,328221.68947499996,7392937.511316668,31983,ok
0150120034,328226.44201666664,7392941.954899999,31983,ok
0150120035,328233.14014999993,7392945.693542859,31983,ok
0150120036,328204.691875,7392926.064716667,31983,ok
0150120037,328211.21382142854,7392929.133078573,31983,ok
0150120044,328203.93145384616,7392950.428330771,31983,ok
0150120045,328194.95766315784,7392916.896447368,31983,ok
0150130001,328190.6139333333,7392886.4381444445,31983,ok
0150130002,328196.3394625,7392884.049225001,31983,ok
0150130003,328197.7048333333,7392877.904544445,31983,ok
0150130004,328197.98154444445,7392871.945455555,31983,ok
0150130005,328202.5653583333,7392868.336233333,31983,ok
0150130006,328204.3750461538,7392860.310769232,31983,ok
0150130007,328209.8987454545,7392862.7287,31983,ok
0150130008,328215.4258444444,7392862.868333333,31983,ok
0150130015,328261.9475833333,7392894.088624999,31983,ok
0150130016,328265.34569000005,7392897.3329799995,31983,ok
0150130017,328276.6864375,7392891.422212501,31983,ok
0150130018,328283.13238888886,7392891.307033334,31983,ok
0150130019,328288.59222000005,7392894.8138999995,31983,ok
0150130020,328289.6711272727,7392899.0234,31983,ok
0150130021,328276.2597200001,7392906.475413335,31983,ok
0150130022,328271.90984166664,7392910.962274999,31983,ok
0150130023,328269.2575888889,7392915.8366,31983,ok
0150130024,328266.08131249994,7392919.1153125,31983,ok
0150130025,328266.02605,7392923.419,31983,ok
0150130026,328266.5288222222,7392928.313622221,31983,ok
0150130027,328259.3856444445,7392930.365611111,31983,ok
0150130031,328259.43907,7392890.5663,31983,ok
0150130032,328255.72407692304,7392885.920507693,31983,ok
0150130035,328254.2944894736,7392912.730468422,31983,ok
0150130036,328246.5620833333,7392910.204072222,31983,ok
0150130037,328239.8402,7392907.079676471,31983,ok
0150130038,328233.8529615384,7392905.086884616,31983,ok
0150140034,328210.0706875,7393065.934375,31983,ok
0150140035,328215.5741428571,7393057.817100001,31983,ok
0150140036,328220.5102428571,7393053.710885714,31983,ok
0150140039,328227.99607777776,7393041.117466667,31983,ok
0150140040,328231.47865,7393035.579375,31983,ok
0150140465,328221.3829857143,7393048.912900001,31983,ok
0150140466,328226.652325,7393044.9824375,31983,ok
0150150000,328366.59116818185,7392957.766490909,31983,ok
0150180000,327701.3702333334,7392999.837324999,31983,ok
0150180191,327760.60109999997,7393037.83794,31983,ok
0150190000,327741.64377333334,7392950.71276,31983,ok
0150200000,327770.67355,7392902.22475,31983,ok
0150200013,,,31983,sem_lote
0150210000,327858.3178,7392887.216290476,31983,ok
0150210015,,,31983,sem_lote
0150210058,,,31983,sem_lote
0150270000,327579.41610714287,7392905.180878572,31983,ok
0150270004,,,31983,sem_lote
0150280000,327611.45765384607,7392919.804561537,31983,ok
0150290001,327589.74931538466,7392828.364276924,31983,ok
0150320000,327696.8965944445,7392866.4368,31983,ok
0150320008,,,31983,sem_lote
0150320015,,,31983,sem_lote
0150330000,327618.57738421054,7392729.518342106,31983,ok
0150330029,,,31983,sem_lote
0150330030,,,31983,sem_lote
0150330031,,,31983,sem_lote
0150330032,,,31983,sem_lote
0150330033,,,31983,sem_lote
0150330034,,,31983,sem_lote
0150330035,,,31983,sem_lote
0150330036,,,31983,sem_lote
0150330037,,,31983,sem_lote
0150330038,,,31983,sem_lote
0150330039,,,31983,sem_lote
0150330040,,,31983,sem_lote
0150330048,,,31983,sem_lote
0150330049,,,31983,sem_lote
0150330050,,,31983,sem_lote
0150330051,,,31983,sem_lote
0150330052,,,31983,sem_lote
0150340000,327752.8105624999,7392804.7589937495,31983,ok
0150340037,,,31983,sem_lote
0150340038,,,31983,sem_lote
0150340039,,,31983,sem_lote
0150340041,,,31983,sem_lote
0150340042,,,31983,sem_lote
0150340045,,,31983,sem_lote
0150340046,,,31983,sem_lote
0150340047,,,31983,sem_lote
0150340048,,,31983,sem_lote
0150340049,,,31983,sem_lote
0150340050,,,31983,sem_lote
0150340053,,,31983,sem_lote
0150340054,,,31983,sem_lote
0150340152,,,31983,sem_lote
0150420000,328276.4384625,7392825.408962501,31983,ok
0150490019,328045.8914909091,7392497.55018182,31983,ok
0150490020,328053.11032000004,7392501.69261,31983,ok
0150490021,328058.1031083333,7392505.746666666,31983,ok
0150490022,328063.0714818181,7392508.673472727,31983,ok
0150560174,327284.7752585365,7392831.925358539,31983,ok
0150890022,328887.2302617646,7391983.510841177,31983,ok
0151320078,328096.15979000006,7391274.743555,31983,ok
0160090006,,,31983,sem_lote
0160090009,329529.9807562501,7391921.659025,31983,ok
0160090026,,,31983,sem_lote
0160090028,,,31983,sem_lote
0160310028,329028.3590562501,7391517.573949999,31983,ok
0160330018,328667.48696716403,7391351.842550746,31983,ok
0170000000,,,31983,sem_lote
0170660034,334609.9298166667,7396724.073350001,31983,ok
0170660035,,,31983,sem_lote
0170660087,334659.03146923083,7396797.694823077,31983,ok
0170760043,334648.6133481481,7396603.194196296,31983,ok
0171020034,334978.86471176473,7397274.688229411,31983,ok
0171130001,335595.9675745098,7397299.311384315,31983,ok
0180000000,,,31983,sem_lote
0180010008,333190.1931574713,7397844.028554023,31983,ok
0180050019,333631.65605555556,7397735.8891555555,31983,ok
0180230037,333585.05025757576,7397365.895309092,31983,ok
0180270001,332862.46981538465,7397033.4488256425,31983,ok
0180310000,333156.93720625,7397042.558481252,31983,ok
0180440020,332795.0163826086,7396892.346852174,31983,ok
0180500267,333325.4274583334,7396863.71105,31983,ok
0180500268,333268.18178636365,7396933.886322727,31983,ok
0180500269,333217.87706842105,7396888.154078948,31983,ok
0180500271,333291.32612222224,7397010.277355555,31983,ok
0180630001,333165.711890625,7396719.837884374,31983,ok
0180630003,333303.33629999997,7396693.188240001,31983,ok
0180640014,333495.63928571425,7396960.793571429,31983,ok
0180640015,333505.80019,7396957.5077100005,31983,ok
0180640016,333508.4355363636,7396954.7958,31983,ok
0180640017,333517.51662857144,7396952.1992714275,31983,ok
0180640018,333523.60464,7396949.963099999,31983,ok
0180640019,333525.35666999995,7396941.160830001,31983,ok
0180640020,333534.9874555555,7396940.439611112,31983,ok
0180640021,333539.0734,7396940.9592625005,31983,ok
0180640022,333546.3487875,7396934.8300875,31983,ok
0180640023,333550.2075875,7396937.1679625,31983,ok
0180640024,333556.2948142857,7396935.345857143,31983,ok
0180640025,333560.1994,7396932.3240375,31983,ok
0180640026,333569.5800714286,7396932.914471428,31983,ok
0180640027,333574.54087777785,7396928.976177778,31983,ok
0180640028,333581.7468076923,7396927.247261539,31983,ok
0180640029,333587.3229153846,7396929.8631384615,31983,ok
0180640030,333592.28681666666,7396927.281900001,31983,ok
0180640031,333599.33457692305,7396924.594707691,31983,ok
0180640032,333603.5718,7396923.258036363,31983,ok
0180640033,333611.69464,7396923.659719999,31983,ok
0180640034,333616.556875,7396920.050316665,31983,ok
0180640045,333481.7205666666,7396889.266374075,31983,ok
0180640047,333502.2665666667,7396918.133775,31983,ok
0180640049,333548.4774044776,7396909.122341791,31983,ok
0180640050,333476.7859222222,7396874.970327778,31983,ok
0180640051,333540.70713448274,7396724.991644827,31983,ok
0180640052,333541.2885232142,7396802.241983928,31983,ok
0180800001,333494.92117380945,7396634.89827143,31983,ok
0180810005,333796.9206045455,7396574.314872728,31983,ok
0180810006,333764.4530571429,7396613.656085715,31983,ok
0190700029,,,31983,sem_lote
0190730001,332302.6076304348,7397286.315330434,31983,ok
0200000000,,,31983,sem_lote
0200170004,331573.0203625,7396764.6382375,31983,ok
0200170279,331501.1257666667,7396883.163755556,31983,ok
0200170280,331519.37039999996,7396861.6402199995,31983,ok
0200170309,331540.3025625,7396819.988437499,31983,ok
0200170310,331532.02298,7396843.64002,31983,ok
0200170311,331530.32695,7396853.994666666,31983,ok
0200280023,331366.7145,7396923.401977778,31983,ok
0200280024,331361.3645,7396918.950412501,31983,ok
0200280025,331356.6135,7396919.378185715,31983,ok
0200280026,331351.97385714285,7396916.082485714,31983,ok
0200280027,331350.0542857143,7396911.811642857,31983,ok
0200290001,331381.3424666666,7396799.301995237,31983,ok
0200350045,331313.7918545454,7396717.0842,31983,ok
0200350046,331318.80301875,7396710.50775,31983,ok
0200350047,331320.38350000005,7396704.559653333,31983,ok
0200350048,331326.250675,7396696.32055,31983,ok
0200350049,331330.2064705882,7396689.412435295,31983,ok
0200350050,331333.4742722222,7396683.670472222,31983,ok
0200360016,330272.54888749996,7396745.2198250005,31983,ok
0200370017,330505.95680000004,7396754.916355554,31983,ok
0200410000,331097.7048642857,7396648.79437857,31983,ok
0200420006,331277.42108571425,7396629.489285716,31983,ok
0200430032,330349.7844666667,7396671.243044444,31983,ok
0200430033,330344.9137222222,7396666.7884777775,31983,ok
0200430034,330341.8233222223,7396661.6232,31983,ok
0200430035,330340.41478000005,7396657.416619999,31983,ok
0200430036,330339.75122857146,7396651.495242857,31983,ok
0200500013,331011.9493583333,7396437.5296749985,31983,ok
0200500015,330991.35353333334,7396469.615833334,31983,ok
0200500019,330901.379725,7396493.186875,31983,ok
0200500020,330906.75778571423,7396495.196557143,31983,ok
0200500021,330912.99026000005,7396502.14876,31983,ok
0200500053,331024.2481999999,7396496.295207144,31983,ok
0200500059,330952.40271666663,7396476.4914833335,31983,ok
0200500060,330943.41321875,7396483.622118749,31983,ok
0200510021,331116.3060666667,7396501.124633334,31983,ok
0200510022,331126.64436,7396494.78336,31983,ok
0200510023,331134.31814,7396490.07536,31983,ok
0200510044,331169.6715083333,7396560.005558334,31983,ok
0200510045,331186.5871285714,7396560.560699999,31983,ok
0200510194,331181.36305909086,7396534.541813636,31983,ok
0200520000,331175.58478000003,7396383.402186668,31983,ok
0200520006,331121.5629625,7396379.3379,31983,ok
0200520007,331112.1246555555,7396382.079600001,31983,ok
0200520011,331078.6254409091,7396406.376909092,31983,ok
0200520012,331059.1933222222,7396403.490155556,31983,ok
0200530001,330205.5744652174,7396633.184073913,31983,ok
0200550034,330174.07576875004,7396520.112256249,31983,ok
0200620043,,,31983,sem_lote
0200620046,330665.6833470588,7396414.372535295,31983,ok
0200620048,330677.68461875,7396448.835681249,31983,ok
0200620049,330694.77227,7396459.420909999,31983,ok
0200620054,330716.98938,7396521.24833,31983,ok
0200630011,330753.44875000004,7396443.906008333,31983,ok
0200630012,330746.4451833333,7396432.640383333,31983,ok
0200630019,330709.10429999995,7396369.498324999,31983,ok
0200630022,330691.33365555556,7396323.382077779,31983,ok
0200640012,330824.8758,7396371.427636364,31983,ok
0200640041,330829.22842,7396171.44548,31983,ok
0200660049,331082.6102818182,7396290.874981818,31983,ok
0200670033,330097.67791333335,7396470.483206666,31983,ok
0200680021,330116.3730111111,7396339.547977778,31983,ok
0200690007,330081.45762222225,7396293.546644445,31983,ok
0200730000,330461.782275,7396257.443841669,31983,ok
0200790028,330883.60260000004,7396080.827774999,31983,ok
0200800008,331022.5105090909,7395929.867545455,31983,ok
0200810180,329890.0375266666,7396145.634753333,31983,ok
0200910009,330967.5557666667,7395599.963555556,31983,ok
0200940000,330663.4652625,7395525.082237501,31983,ok
0200940007,330599.6706933334,7395597.8615,31983,ok
0200950000,330863.0055666667,7395420.8998833345,31983,ok
0200950021,330891.2449363636,7395364.662909091,31983,ok
0200950036,330918.45933000004,7395526.434549999,31983,ok
0200950527,,,31983,sem_lote
0200950528,,,31983,sem_lote
0200950529,,,31983,sem_lote
0200950530,,,31983,sem_lote
0200950531,,,31983,sem_lote
0200950532,,,31983,sem_lote
0200950533,,,31983,sem_lote
0200950534,,,31983,sem_lote
0200951381,330761.008554902,7395512.982678432,31983,ok
0210040072,329786.5629142857,7397009.25887143,31983,ok
0210080001,329960.18795,7397003.124233332,31983,ok
0210100027,329252.77523684205,7397029.060499999,31983,ok
0210120069,,,31983,sem_lote
0210120120,329421.9580518798,7396713.312206017,31983,ok
0210140004,329787.643971875,7396747.918128126,31983,ok
0210140009,329745.000675,7396708.808200002,31983,ok
0210140010,329760.26241818187,7396700.1939909095,31983,ok
0210140011,329770.0482625,7396692.9329125,31983,ok
0210140012,329777.4618374999,7396689.5027875,31983,ok
0210140013,329787.51407272724,7396689.014509091,31983,ok
0210140014,329795.21912727266,7396682.541363636,31983,ok
0210140039,329764.7811409091,7396728.284813637,31983,ok
0210210044,329680.72480714286,7396500.891371429,31983,ok
0210280001,329220.9139142857,7396812.744828572,31983,ok
0210280059,329214.16697500006,7396782.666506251,31983,ok
0210280062,329235.81775999995,7396808.09943,31983,ok
0210350023,329737.0674076924,7396220.638292308,31983,ok
0210350032,329833.2597375,7396185.707406251,31983,ok
0210390051,329218.815225,7396427.292037501,31983,ok
0210400074,329351.7412416667,7396291.924725,31983,ok
0210440006,329717.41734,7396167.970493333,31983,ok
0210440031,329622.90674166667,7396089.312016666,31983,ok
0210440032,329635.6014466667,7396088.192380001,31983,ok
0210440033,329641.8189538462,7396086.386246155,31983,ok
0210440042,,,31983,sem_lote
0210440052,329800.0387357143,7396133.213842857,31983,ok
0210530000,329388.7313555556,7396113.047561111,31983,ok
0210540013,329516.5036714286,7396106.00295,31983,ok
0210640001,329404.8050449999,7395928.620890001,31983,ok
0210740017,329447.77524444443,7395605.290177777,31983,ok
0210740019,329439.4619444445,7395643.947899999,31983,ok
0210820000,329402.6022444444,7395570.95325,31983,ok
0210910037,329252.44782666664,7395356.910573334,31983,ok
0210910038,329259.1491944445,7395362.208811112,31983,ok
0211150001,329995.49201060587,7397084.7456697,31983,ok
0211170002,330149.22200658696,7397196.144916767,31983,ok
0220060000,328910.68635,7397271.269325,31983,ok
0220060134,,,31983,sem_lote
0220100023,327853.13434285705,7397486.920666667,31983,ok
0220130083,328086.0491764706,7397404.732805883,31983,ok
0220210031,328151.1717375,7397229.339356252,31983,ok
0220260022,327893.626334375,7397141.159009375,31983,ok
0220650022,327843.27011111105,7396512.491411112,31983,ok
0220650023,327859.20067500003,7396505.224424999,31983,ok
0220650024,327870.2189933334,7396510.122073334,31983,ok
0220650025,327876.1654,7396507.722171429,31983,ok
0230100011,326845.8773089286,7397679.979544642,31983,ok
0230120297,326004.84617647075,7397674.324020587,31983,ok
0230170037,326295.79205,7397683.797625,31983,ok
0230390034,325916.5632935483,7397334.641503225,31983,ok
0230470000,327039.70000000007,7397239.094640002,31983,ok
0230470015,327045.7525538461,7397238.040492307,31983,ok
0230470016,327051.4038166666,7397239.634083332,31983,ok
0230470017,327055.92662222224,7397239.411555557,31983,ok
0230470018,327059.75875294115,7397248.276094116,31983,ok
0230470019,327065.1232888889,7397249.019566666,31983,ok
0230480099,,,31983,sem_lote
0230490001,327477.7509,7397273.455876923,31983,ok
0230490002,327473.0265875,7397271.884425,31983,ok
0230490003,327467.5015363636,7397273.086618182,31983,ok
0230490004,327459.73004285706,7397272.618014285,31983,ok
0230490005,327456.10968571436,7397274.330157143,31983,ok
0230490006,327448.2163444445,7397273.440022223,31983,ok
0230490007,327429.62628888886,7397266.919394445,31983,ok
0230490008,327413.63901428564,7397274.211514287,31983,ok
0230490009,327409.52955,7397272.694362499,31983,ok
0230490010,327404.89952727273,7397273.687709092,31983,ok
0230490011,327399.58640000003,7397271.643000001,31983,ok
0230490012,327394.5473454546,7397271.570981818,31983,ok
0230490013,327390.31143636367,7397271.6685272725,31983,ok
0230740001,,,31983,sem_lote
0230920001,326258.8092222222,7397957.724922221,31983,ok
0230930006,326640.5296344829,7397761.739186206,31983,ok
0240180001,326303.4457555555,7396849.788244445,31983,ok
0250370018,335530.87497999996,7396043.549319999,31983,ok
0250380072,335646.0341243902,7396139.842214636,31983,ok
0250410018,335313.34200000006,7395748.0881071435,31983,ok
0250440031,335594.5311645161,7395991.549003226,31983,ok
0250550002,335572.7269444444,7395768.962066666,31983,ok
0250550043,335651.3791076923,7395570.312346152,31983,ok
0250550044,335586.22876666667,7395656.760294445,31983,ok
0250610053,335439.84092499997,7395417.688058334,31983,ok
0250800000,334486.44369999995,7395941.158600001,31983,ok
0250800075,334452.1077260869,7395949.209117393,31983,ok
0260150107,336258.91932,7397012.906820001,31983,ok
0260150108,336256.4272923077,7397015.883223077,31983,ok
0260150109,336254.23263333336,7397019.488833333,31983,ok
0260150110,336249.24577142857,7397020.538164285,31983,ok
0260150112,336245.3072866667,7397028.088566666,31983,ok
0260150113,336241.31916666665,7397030.4138,31983,ok
0260150114,336240.4344583333,7397035.069933333,31983,ok
0260150191,336237.883425,7396994.4646875,31983,ok
0260150192,336233.8231,7396990.552214286,31983,ok
0260150193,336228.97959999996,7396986.52215,31983,ok
0260150194,336223.37492,7396981.5950299995,31983,ok
0260150195,336220.68238181813,7396977.072436363,31983,ok
0260150196,336217.8935777778,7396972.7632,31983,ok
0260150197,336209.2517444444,7396966.474933333,31983,ok
0260150198,336194.0884,7396985.756966667,31983,ok
0260150199,336198.141575,7396992.342887501,31983,ok
0260150200,336201.50433749997,7396995.905387499,31983,ok
0260150201,336206.3359375,7396999.4622375,31983,ok
0260150202,336211.85822500003,7397002.775925,31983,ok
0260150203,336216.21390000003,7397009.03735,31983,ok
0260150204,336218.1974399999,7397014.31979,31983,ok
0260150205,336221.4293818182,7397017.940790909,31983,ok
0260150206,336225.63736363646,7397020.432327271,31983,ok
0260150207,336231.9817357143,7397024.389614287,31983,ok
0260150208,336236.297625,7397036.846125,31983,ok
0260150209,336248.21761249995,7397009.17135625,31983,ok
0260150210,336245.20954545453,7397002.645472729,31983,ok
0260150211,336242.3301727273,7396997.64880909,31983,ok
0260180001,336143.49768076924,7396374.460523075,31983,ok
0260250002,336463.2565538462,7396137.137961538,31983,ok
0260250065,336452.18382142857,7396147.745785713,31983,ok
0260250066,336448.34641999996,7396141.92956,31983,ok
0260250067,336488.66625454545,7396129.699663636,31983,ok
0260250068,336488.06908,7396135.563599999,31983,ok
0260250069,336485.7867333333,7396139.156288888,31983,ok
0260250070,336484.44663,7396143.22311,31983,ok
0260250071,336480.3982222222,7396146.513355556,31983,ok
0260250072,336479.26053636364,7396151.501445455,31983,ok
0260250073,336453.9360944445,7396128.775100001,31983,ok
0260280281,336239.7887916666,7395960.4405,31983,ok
0260350000,336780.85961999994,7395939.707440001,31983,ok
0260380044,336397.7466434783,7395786.00979565,31983,ok
0260430030,336332.05719545454,7395575.52514091,31983,ok
0260470035,336797.3524222222,7395867.400066667,31983,ok
0260470036,336800.9931125,7395862.6280625,31983,ok
0260470090,336624.78163750004,7395782.1891,31983,ok
0260470091,336620.4407875,7395786.209275001,31983,ok
0260470092,336621.14485,7395789.7343875,31983,ok
0260470093,336618.564025,7395794.180325001,31983,ok
0260470094,336615.698875,7395796.780549999,31983,ok
0270190039,335591.87599411764,7394687.339585295,31983,ok
0270220004,336065.44033333345,7394907.179213333,31983,ok
0270220036,336051.73158181825,7395005.8544,31983,ok
0270220037,336055.26908,7395006.136590001,31983,ok
0270290009,337176.1378357143,7395636.864992858,31983,ok
0270840016,335150.43646785716,7395088.312325001,31983,ok
0270850000,,,31983,sem_lote
0270850001,335409.1553723404,7394668.229312768,31983,ok
0270850002,335517.71816,7394503.865994287,31983,ok
0270890012,336617.41296239325,7395220.741076924,31983,ok
0280150007,336591.25821875,7394257.852049999,31983,ok
0280220101,336114.8239000001,7394331.3196,31983,ok
0280220286,336188.5936928573,7394293.684744644,31983,ok
0280230029,336294.16397500003,7394149.463215001,31983,ok
0280370000,336048.802,7393825.199215383,31983,ok
0280460000,335832.1389533334,7393948.0164,31983,ok
0280460049,335906.9137272727,7393896.1951181805,31983,ok
0280460057,336225.2189375,7393090.195325,31983,ok
0280460058,336240.5526857143,7393085.968099999,31983,ok
0280460059,336235.73321428575,7393070.750885715,31983,ok
0280460060,336250.5500714286,7393063.825685714,31983,ok
0280460061,336255.78682857146,7393052.226814286,31983,ok
0280460062,336250.3902142857,7393038.266828571,31983,ok
0280460063,336261.6552125,7393028.994112499,31983,ok
0280460064,336265.94895000005,7393018.5665,31983,ok
0280460065,336275.4966444445,7393009.757422221,31983,ok
0280460066,336270.93159999995,7392992.900514285,31983,ok
0280460067,336276.0024285714,7392981.710071429,31983,ok
0280460068,336281.1788,7392970.269485714,31983,ok
0280460069,336297.3689555556,7392944.184977779,31983,ok
0280460070,336340.8943055555,7392874.235444444,31983,ok
0280460074,335894.3945712121,7393615.9765030295,31983,ok
0280460075,335706.17470277776,7393929.91568611,31983,ok
0280460112,335989.04461250006,7393634.390309373,31983,ok
0280460129,336171.24078333325,7393204.612025,31983,ok
0280460130,336211.01118000003,7393128.987299999,31983,ok
0280460134,335915.23640555557,7393807.790005554,31983,ok
0280460320,336122.1243307693,7393326.803453846,31983,ok
0300720001,339311.7912928571,7395421.859342857,31983,ok
0310340080,338268.038759375,7394582.296965627,31983,ok
0310620000,337478.80374615383,7394322.948907692,31983,ok
0311020000,337394.0991833334,7394193.267073334,31983,ok
0311080000,337393.07487,7394397.36373,31983,ok
0320210000,338049.8875232558,7393307.138274417,31983,ok
0320210195,,,31983,sem_lote
0320210197,,,31983,sem_lote
0320210199,,,31983,sem_lote
0320210201,,,31983,sem_lote
0320210203,,,31983,sem_lote
0320210205,,,31983,sem_lote
0320210208,,,31983,sem_lote
0320210210,,,31983,sem_lote
0320210212,,,31983,sem_lote
0320210214,,,31983,sem_lote
0320210216,,,31983,sem_lote
0320210217,,,31983,sem_lote
0320210218,,,31983,sem_lote
0320210219,,,31983,sem_lote
0320210220,,,31983,sem_lote
0320210221,,,31983,sem_lote
0320210222,,,31983,sem_lote
0320210223,,,31983,sem_lote
0320210224,,,31983,sem_lote
0320210225,,,31983,sem_lote
0320210226,,,31983,sem_lote
0320430101,337034.5995923077,7393234.489946155,31983,ok
0320430102,337084.6245185185,7393175.9395259265,31983,ok
0330010000,332578.9994083333,7393760.7163,31983,ok
0330010133,332562.54885,7393801.368399999,31983,ok
0330020001,332668.54435,7393711.035228572,31983,ok
0330030021,332632.14471428574,7393608.670392858,31983,ok
0330050000,332513.4814571429,7393514.026457144,31983,ok
0330050002,332582.2045470588,7393456.449594118,31983,ok
0330050018,332517.21807777777,7393528.285355556,31983,ok
0330050022,332526.8447545454,7393570.86760909,31983,ok
0330050023,332536.0704722222,7393561.313227778,31983,ok
0330050024,332543.9729611111,7393559.506894446,31983,ok
0330050025,332551.70294,7393502.31803,31983,ok
0330050026,332555.40449,7393511.385500001,31983,ok
0330050027,332556.86564,7393517.070189999,31983,ok
0330050028,332558.19845454546,7393527.004872727,31983,ok
0330050029,332560.32021,7393531.0022,31983,ok
0330050030,332562.6241181818,7393540.761399999,31983,ok
0330050031,332565.6067,7393545.847684617,31983,ok
0330050032,332566.2729909092,7393555.321672726,31983,ok
0330050033,332564.51358,7393565.249066668,31983,ok
0330050034,332569.03390952386,7393572.362395238,31983,ok
0330050035,332561.90947222215,7393580.468266667,31983,ok
0330050037,332535.6305090909,7393601.327918183,31983,ok
0330050040,332552.15122727276,7393600.461881816,31983,ok
0330050041,332566.16368999996,7393599.472070001,31983,ok
0330050042,332571.6998,7393594.179130769,31983,ok
0330050045,332590.92750000005,7393568.367713639,31983,ok
0330050046,332595.25091666664,7393566.446966667,31983,ok
0330050049,332635.6627846154,7393550.737938463,31983,ok
0330050050,332626.873125,7393535.519416667,31983,ok
0330050051,332608.9666230769,7393521.437484616,31983,ok
0330050052,332604.41774444445,7393515.607988889,31983,ok
0330050053,332600.4543272727,7393509.086027273,31983,ok
0330050054,332597.0377615384,7393504.505046154,31983,ok
0330050055,332593.48268235294,7393496.451411764,31983,ok
0330070001,332514.20705555554,7393415.142988889,31983,ok
0330070002,332490.3964214286,7393397.823735714,31983,ok
0330070003,332491.0003866667,7393407.170866667,31983,ok
0330070004,332492.7576454546,7393413.162200001,31983,ok
0330070005,332496.90670625004,7393421.900943751,31983,ok
0330070009,332505.928525,7393427.184641667,31983,ok
0330070010,332509.21416363626,7393419.856418181,31983,ok
0330070011,332505.10296,7393403.411689999,31983,ok
0330070012,332518.3854714286,7393389.484942856,31983,ok
0330070013,332519.76124545455,7393416.671354546,31983,ok
0330070014,332524.2723090909,7393419.257345454,31983,ok
0330070015,332530.4078714286,7393416.6211071415,31983,ok
0330070016,332533.9312529411,7393413.467694118,31983,ok
0330070019,332552.7199272727,7393402.342436364,31983,ok
0330070022,332545.9249117646,7393380.133188236,31983,ok
0330080000,332534.9897923077,7393324.917023078,31983,ok
0330080002,332517.7804289473,7393364.653436842,31983,ok
0330080017,332473.90605,7393326.8999833325,31983,ok
0330080018,332472.7637076922,7393334.7961,31983,ok
0330080019,332479.3964368421,7393341.506605265,31983,ok
0330080020,332476.5249428572,7393355.598700001,31983,ok
0330080021,332490.57740000007,7393351.899277778,31983,ok
0330080022,332493.6747571429,7393344.843999999,31983,ok
0330080023,332498.9850714286,7393342.732557141,31983,ok
0330080024,332504.2885888888,7393344.041522222,31983,ok
0330080025,332502.97967142856,7393357.696685715,31983,ok
0330080026,332515.0851166666,7393360.927791666,31983,ok
0330080027,332518.8388714286,7393359.746328571,31983,ok
0330080028,332525.7820888888,7393355.549944445,31983,ok
0330080029,332531.787575,7393357.8106625,31983,ok
0330080030,332539.01939166663,7393355.1490916675,31983,ok
0330080031,332544.1647444444,7393354.379155555,31983,ok
0330080032,332550.83022222226,7393353.9589777775,31983,ok
0330080033,332559.9094571428,7393348.828571429,31983,ok
0330080077,332537.4420625,7393338.06105625,31983,ok
0330080092,332531.0118071429,7393302.582935714,31983,ok
0330100010,332451.2102529411,7393227.0681,31983,ok
0330130124,332623.2758400001,7392859.6665,31983,ok
0330130125,332619.95494,7392860.80096,31983,ok
0330130126,332616.08912,7392862.10916,31983,ok
0330130127,332610.69418,7392862.01216,31983,ok
0330140010,332692.58414,7392845.4081,31983,ok
0330140011,332698.40468000004,7392846.413240001,31983,ok
0330140012,332704.2249555556,7392841.738977777,31983,ok
0330140013,332706.0429285714,7392838.36135,31983,ok
0330140031,332808.29487692314,7392738.015684615,31983,ok
0330140035,332827.5572,7392709.345957143,31983,ok
0330140095,332797.1075777778,7392737.61861111,31983,ok
0330141006,332821.2238,7392715.348479999,31983,ok
0330141014,332849.36415333324,7392766.078279999,31983,ok
0330150000,332978.3523636363,7392965.1732636355,31983,ok
0330150050,333011.3196785715,7393098.045671428,31983,ok
0330150052,332965.87579230766,7393105.168953846,31983,ok
0330150053,332952.94463750004,7393105.3992375005,31983,ok
0330150079,332777.52070625,7393131.39969375,31983,ok
0330150080,332768.7962833334,7393132.555308334,31983,ok
0330151462,332924.07996249996,7392949.719654546,31983,ok
0330160000,332761.35098181816,7393174.080690909,31983,ok
0330160028,332812.13396874996,7393194.627462501,31983,ok
0330160032,332780.5982636364,7393209.172700002,31983,ok
0330160033,332776.90622500004,7393208.638362501,31983,ok
0330160034,332769.89198,7393209.226260001,31983,ok
0330170000,332929.3106588236,7393224.267705882,31983,ok
0330170009,332823.9807055555,7393247.83646111,31983,ok
0330170013,332873.5780628571,7393249.950522855,31983,ok
0330170014,332889.2592615385,7393234.083053848,31983,ok
0330170015,332898.49132857146,7393237.7132857125,31983,ok
0330170020,332950.66677999997,7393221.748646665,31983,ok
0330190001,333065.91650000005,7393531.354272727,31983,ok
0330190002,333062.8180777778,7393533.631244444,31983,ok
0330190003,333057.45506363636,7393534.637809089,31983,ok
0330190004,333049.60848125,7393533.9279375,31983,ok
0330190005,333038.25262499996,7393534.3378375005,31983,ok
0330190011,332981.1619214285,7393563.987028572,31983,ok
0330190012,332979.36048000003,7393551.49174,31983,ok
0330190013,332979.08454,7393544.92436,31983,ok
0330190014,332978.9048,7393540.534379999,31983,ok
0330190015,332978.68122,7393535.16232,31983,ok
0330190016,332979.0790166667,7393528.053783334,31983,ok
0330190017,332980.82104999997,7393522.694987499,31983,ok
0330190018,332980.0713857143,7393516.477857143,31983,ok
0330190019,332991.19293749996,7393518.941662501,31983,ok
0330190020,332996.93202500005,7393518.4065000005,31983,ok
0330190021,333001.80175000004,7393519.19699,31983,ok
0330190022,333006.2878,7393518.5547875,31983,ok
0330190023,333012.69902,7393520.653650001,31983,ok
0330190024,333017.2451090909,7393517.893536363,31983,ok
0330190025,333024.3553333333,7393519.4791,31983,ok
0330190026,333029.24587499996,7393517.111141667,31983,ok
0330190027,333032.9686125,7393516.0177375,31983,ok
0330190028,333039.4766,7393516.465925001,31983,ok
0330190029,333044.5705,7393516.095833332,31983,ok
0330190030,333047.57715714286,7393522.5805857135,31983,ok
0330190031,333051.68056666665,7393523.20905,31983,ok
0330190032,333056.5639846154,7393525.707130769,31983,ok
0330200001,332999.7143769231,7393468.391276924,31983,ok
0330200002,333005.38435833337,7393474.006349999,31983,ok
0330200003,333010.68449230766,7393478.401176923,31983,ok
0330200004,333014.71824545454,7393478.962836364,31983,ok
0330200005,333021.2782,7393480.922842857,31983,ok
0330200006,333025.49904444447,7393482.953566667,31983,ok
0330200007,333027.86069090903,7393495.346554545,31983,ok
0330200008,333021.5400125,7393489.627675,31983,ok
0330200009,333014.9934111111,7393489.4572,31983,ok
0330200010,333010.60044545453,7393488.150409091,31983,ok
0330200011,333005.9628909091,7393488.128463637,31983,ok
0330200012,332999.7822733333,7393490.861286665,31983,ok
0330210001,332980.75018181815,7393383.897736362,31983,ok
0330210012,333076.4,7393416.98682353,31983,ok
0330210039,333079.95334,7393532.77094,31983,ok
0330210040,333082.8446545454,7393521.516436363,31983,ok
0330210041,333083.76772666664,7393513.795893333,31983,ok
0330210042,333076.14460000006,7393508.648075,31983,ok
0330210043,333068.8700375,7393501.8594875,31983,ok
0330210044,333063.81012222223,7393497.6494,31983,ok
0330210045,333057.7331666667,7393495.834988888,31983,ok
0330210047,333051.30526666663,7393485.7360499995,31983,ok
0330210048,333050.0500142857,7393479.0127428565,31983,ok
0330210049,333047.4620166667,7393474.760299999,31983,ok
0330210050,333046.2157363636,7393469.6696272725,31983,ok
0330210051,333044.3268,7393462.961607694,31983,ok
0330210052,333034.06521666667,7393457.921550001,31983,ok
0330210053,333026.27225555555,7393455.269977778,31983,ok
0330210054,333022.4814666666,7393453.650411111,31983,ok
0330210055,333018.67625555553,7393449.9597,31983,ok
0330210056,333013.44418,7393447.596949999,31983,ok
0330210057,333009.2398625,7393446.0014375,31983,ok
0330210058,333004.5418125,7393442.711375,31983,ok
0330210059,332998.42487777775,7393440.044911113,31983,ok
0330210060,332993.9123099999,7393433.5430000005,31983,ok
0330210061,332984.9978833333,7393430.318622222,31983,ok
0330210062,332980.1287285714,7393505.308514288,31983,ok
0330210063,332979.8942,7393500.565857143,31983,ok
0330210064,332981.5344571429,7393494.345628572,31983,ok
0330210065,332981.3072714285,7393489.751114286,31983,ok
0330210066,332980.9938714286,7393483.4478857145,31983,ok
0330210067,332978.7830142857,7393478.184728571,31983,ok
0330210068,332978.5562571428,7393473.59877143,31983,ok
0330210069,332978.2811285714,7393468.052857143,31983,ok
0330210070,332979.9163285714,7393461.723942856,31983,ok
0330210071,332979.6511857143,7393456.379185715,31983,ok
0330210072,332979.4157142857,7393451.617414287,31983,ok
0330210073,332979.765075,7393445.428575,31983,ok
0330210074,332979.50065,7393439.705375,31983,ok
0330210075,332979.2648,7393434.606749999,31983,ok
0330210076,332976.43824285717,7393429.968714287,31983,ok
0330210077,332977.82196666667,7393424.493344445,31983,ok
0330210078,332975.279375,7393419.063225,31983,ok
0330210079,332976.0641142857,7393412.612814286,31983,ok
0330210080,332976.2760571428,7393408.512042857,31983,ok
0330210081,332973.49805714283,7393401.283485713,31983,ok
0330210083,333054.37481,7393492.3926,31983,ok
0330210084,333051.35714999994,7393490.439037499,31983,ok
0330210415,333122.5807666667,7393515.8343,31983,ok
0330210417,,,31983,sem_lote
0330220002,333095.145825,7393083.5265875,31983,ok
0330220030,333112.0529285715,7393342.917914284,31983,ok
0330220031,333107.315875,7393339.001200001,31983,ok
0330220032,333098.57081,7393347.64324,31983,ok
0330220035,333131.31310769235,7393350.667869231,31983,ok
0330220039,333137.3967875,7393379.9253875,31983,ok
0330220040,333134.3020444445,7393375.90158889,31983,ok
0330220041,333130.23977,7393374.386159999,31983,ok
0330220042,333125.97891249997,7393372.6341875,31983,ok
0330220044,333120.48544444446,7393361.528211111,31983,ok
0330220051,333046.8410370371,7393283.824062965,31983,ok
0330220052,333017.1349099999,7393329.074580001,31983,ok
0330220053,333009.88705,7393326.089091667,31983,ok
0330220054,333006.06588,7393328.1753899995,31983,ok
0330220055,332998.49553,7393320.397829999,31983,ok
0330220135,333089.26930499997,7393307.925765,31983,ok
0330220698,333122.9692095238,7393345.57622381,31983,ok
0330220737,333111.6363842105,7393353.18625263,31983,ok
0330230000,333201.73527222214,7393399.222311112,31983,ok
0330230450,333282.91839,7393337.28495,31983,ok
0330240000,333373.6709888889,7393484.914577778,31983,ok
0330320054,333454.2174769231,7392942.642192309,31983,ok
0330320055,333458.65615833335,7392940.971566666,31983,ok
0330320056,333463.68412727275,7392944.695363635,31983,ok
0330320057,333469.51241111115,7392939.929833333,31983,ok
0330320059,333482.52050000004,7392946.7978625,31983,ok
0330330001,333504.3673777778,7393057.110438888,31983,ok
0330330015,333516.57997500006,7392971.648583333,31983,ok
0330330024,333574.1680400001,7393030.958786666,31983,ok
0330330029,333530.2709076923,7393038.781861539,31983,ok
0330350000,333947.24783333327,7393142.9445733335,31983,ok
0330350013,333768.9507052633,7393105.4183,31983,ok
0330350032,333903.4703071428,7393093.986742859,31983,ok
0330350048,333964.17367777776,7393153.673744444,31983,ok
0330360106,333990.83520000003,7393258.8593666665,31983,ok
0330370111,333602.18239090906,7393536.934072727,31983,ok
0330370113,333593.419025,7393534.007300001,31983,ok
0330370114,333588.53642500006,7393530.949733333,31983,ok
0330390000,333995.9132333333,7393330.959006666,31983,ok
0330390033,333678.7562,7393407.437966667,31983,ok
0330390036,333692.3404076923,7393386.474730769,31983,ok
0330390038,333688.18320476194,7393369.674771428,31983,ok
0330390039,333692.02830625,7393358.989631251,31983,ok
0330390041,333727.34278181824,7393337.489518181,31983,ok
0330390042,333735.92825714283,7393335.966314287,31983,ok
0330390125,333821.4032,7393266.81167,31983,ok
0330390128,333810.8159714286,7393265.888985715,31983,ok
0330390353,,,31983,sem_lote
0330390480,333689.84748125006,7393376.8418375,31983,ok
0330400005,334035.03501999995,7393228.7088,31983,ok
0330400006,334020.2207416666,7393210.720141668,31983,ok
0330400033,334173.59556363634,7393133.0916590905,31983,ok
0330400039,334159.1337285714,7393086.614857143,31983,ok
0330400040,334158.99476666667,7393078.576216667,31983,ok
0330400199,334169.141085,7393112.96383,31983,ok
0330410024,333992.347676923,7393107.7471,31983,ok
0330410025,333989.9896692308,7393100.665969231,31983,ok
0330410026,333983.8604,7393095.769192308,31983,ok
0330410027,333982.3245583334,7393089.566800001,31983,ok
0330420025,334132.8882,7393054.609271429,31983,ok
0330420026,334130.27652,7393060.87404,31983,ok
0330420079,333994.75521538465,7392976.200776923,31983,ok
0330420080,334000.65952999995,7392976.840699999,31983,ok
0330440031,333910.9584833333,7392971.658458333,31983,ok
0330440049,333787.70795,7393011.531283333,31983,ok
0330440050,333775.56121250003,7393022.15445,31983,ok
0330440051,333776.6715666666,7393016.232311111,31983,ok
0330440052,333773.61704000004,7393012.944,31983,ok
0330440053,333776.08345454547,7393008.246963636,31983,ok
0330440054,333771.1312538462,7393002.402638463,31983,ok
0330450022,334010.29792,7392910.790469999,31983,ok
0330450041,333961.52746666665,7392926.959816667,31983,ok
0330450045,333932.02942,7392900.114400001,31983,ok
0330460001,333705.26572352945,7392714.892041176,31983,ok
0330460002,333925.23165,7392813.112291667,31983,ok
0330460053,333526.13849999994,7392945.841750001,31983,ok
0330460108,333853.43371500005,7392841.452635,31983,ok
0330460112,333913.06617500004,7392838.754500001,31983,ok
0330460113,333915.76931249996,7392835.191675,31983,ok
0330460114,333918.9955375,7392831.8425125005,31983,ok
0330460115,333924.14548,7392832.19798,31983,ok
0330460116,333925.89048571425,7392826.278428572,31983,ok
0330460117,333928.42165555555,7392824.721733334,31983,ok
0330460118,333916.44621875003,7392827.31035,31983,ok
0330460119,333908.567525,7392825.908933333,31983,ok
0330460120,333907.6797846153,7392821.670661538,31983,ok
0330460121,333905.1650916667,7392819.2884083325,31983,ok
0330460122,333903.2475,7392815.170677778,31983,ok
0330460123,333898.6506222223,7392813.167844445,31983,ok
0330460124,333921.91455000004,7392789.644324999,31983,ok
0330460126,333928.8075,7392798.21226,31983,ok
0330460127,333931.5272,7392801.113859999,31983,ok
0330460129,333939.4256769231,7392807.812669231,31983,ok
0330460130,333935.77664999996,7392819.3746375,31983,ok
0330460131,333937.4175,7392816.730166666,31983,ok
0330460132,333941.1286714286,7392812.591157144,31983,ok
0330460133,333943.3461142857,7392810.625157143,31983,ok
0330460134,333947.4366857143,7392806.911157141,31983,ok
0330460144,334008.3365071428,7392852.694421428,31983,ok
0330460171,334133.20378181816,7393001.875736364,31983,ok
0330460172,334135.2812777778,7393010.991777778,31983,ok
0330460173,334141.07335454546,7393018.150127271,31983,ok
0330460316,334113.04669,7392983.712160001,31983,ok
0330460969,333641.2422677966,7392913.920076272,31983,ok
0330460971,333524.64998571435,7392938.462128571,31983,ok
0330460973,333926.10561999993,7392795.3303000005,31983,ok
0330470065,333503.87275,7392928.943116666,31983,ok
0330490001,333327.71407499997,7392774.004275001,31983,ok
0340000000,,,31983,sem_lote
0340020024,334393.91015806457,7393244.968196772,31983,ok
0340460085,,,31983,sem_lote
0340680002,334183.21135000006,7391631.238900001,31983,ok
0350440005,335550.96506,7392094.495146666,31983,ok
0350570171,335078.74873296695,7391795.029246152,31983,ok
0350640003,335661.1692714286,7391922.8728928575,31983,ok
0350640004,335677.4346812501,7391931.348868752,31983,ok
0350640005,335689.9307714286,7391926.218521428,31983,ok
0350640006,335699.3334461538,7391931.892215386,31983,ok
0350640007,335706.16294615384,7391938.578076924,31983,ok
0350640008,335715.90192499995,7391943.410858333,31983,ok
0350640009,335725.49866153847,7391941.8217846155,31983,ok
0350640010,335735.9011230769,7391945.139638462,31983,ok
0350640011,335741.16144666664,7391953.589613332,31983,ok
0350640012,335751.79069285706,7391954.990935714,31983,ok
0350640013,335760.27855294116,7391961.32772353,31983,ok
0360000000,,,31983,sem_lote
0360020008,331810.1066444444,7392485.134305555,31983,ok
0360090001,331129.73151199985,7390782.317856579,31983,ok
0360100000,332050.26403333334,7392303.663266667,31983,ok
0360450175,331553.5008971428,7391380.512679999,31983,ok
0360550002,330813.6409523809,7391221.129147619,31983,ok
0360550003,330729.6410377049,7391284.490245903,31983,ok
0360780000,,,31983,sem_lote
0360790001,331604.47443529416,7390204.792770588,31983,ok
0360790004,331504.3634132076,7390338.731960377,31983,ok
0360790007,331685.62078289484,7390426.905717103,31983,ok
0361380154,331051.33569397597,7391485.914144577,31983,ok
0361440000,,,31983,sem_lote
0361440002,331040.129717647,7390437.655797058,31983,ok
0361440003,330783.3628868018,7390568.935423096,31983,ok
0370060036,332494.07430000004,7391707.246591668,31983,ok
0370150129,332474.2736844445,7391437.5730800005,31983,ok
0370260000,332475.55051599996,7390867.086584001,31983,ok
0370260016,332541.98835999996,7390931.934879999,31983,ok
0370260018,332560.8644533333,7390879.84475,31983,ok
0370260019,332546.1741375,7390868.386624999,31983,ok
0370260020,332539.40416666673,7390866.722722221,31983,ok
0370260021,332532.30466923077,7390865.773084615,31983,ok
0370260022,332529.58429999993,7390860.449723076,31983,ok
0370260023,332525.42995384615,7390858.251561537,31983,ok
0370260024,332520.47860999993,7390855.23584,31983,ok
0370260025,332511.86000769224,7390851.050207691,31983,ok
0370260026,332507.54419166665,7390844.134741667,31983,ok
0370260027,332501.4612727273,7390844.371099997,31983,ok
0370260028,332496.250825,7390838.6388,31983,ok
0370260029,332489.6470888889,7390836.096622222,31983,ok
0370260030,332481.21907272725,7390835.081399999,31983,ok
0370260031,332474.9283818182,7390827.893899999,31983,ok
0370260032,332463.83340833336,7390822.496058333,31983,ok
0370260033,332458.26115,7390818.53295,31983,ok
0370260034,332454.4403727273,7390813.6590818195,31983,ok
0370260035,332448.56057333335,7390816.098086668,31983,ok
0370260036,332433.90323076927,7390798.6881,31983,ok
0370260037,332431.99005,7390801.428175,31983,ok
0370260038,332433.4278785714,7390806.40985,31983,ok
0370260039,332429.00722666667,7390811.834313334,31983,ok
0370340000,332570.77122666663,7390804.57234,31983,ok
0370340001,332652.5120642857,7390852.897507141,31983,ok
0370340002,332646.7644,7390850.411863636,31983,ok
0370340003,332643.3812076923,7390839.808792308,31983,ok
0370340004,332636.0178153846,7390832.463415383,31983,ok
0370340005,332626.8983333333,7390829.285822221,31983,ok
0370340006,332617.4513846154,7390822.560584615,31983,ok
0370340007,332609.09435,7390818.466993749,31983,ok
0370340008,332599.38117368426,7390816.781452631,31983,ok
0370340009,332590.81495499995,7390811.594435001,31983,ok
0370340011,332575.8656,7390808.579414285,31983,ok
0370340013,332564.4107466666,7390801.562600001,31983,ok
0370340016,332539.03136875003,7390791.50991875,31983,ok
0370340017,332532.3728947369,7390787.824247368,31983,ok
0370340018,332524.826055,7390784.422135,31983,ok
0370340019,332521.00550666667,7390779.194900001,31983,ok
0370340020,332512.5189833333,7390776.660300001,31983,ok
0370340021,332505.57926153846,7390775.953484615,31983,ok
0370340022,332499.0394866666,7390775.831033331,31983,ok
0370340023,332493.48277692305,7390770.7763,31983,ok
0370340024,332488.07635000005,7390768.597358332,31983,ok
0370340025,332477.38595714286,7390768.421985715,31983,ok
0370340026,332473.75287142856,7390762.105307144,31983,ok
0370340027,332469.0084076923,7390759.137053846,31983,ok
0370340028,332462.9656384615,7390761.577823076,31983,ok
0370340029,332457.6025200001,7390759.956833334,31983,ok
0370340034,332463.08861875004,7390786.77589375,31983,ok
0370340035,332467.9481833333,7390790.347724999,31983,ok
0370340036,332471.927525,7390793.487025,31983,ok
0370340037,332477.15482727275,7390792.844836364,31983,ok
0370340038,332479.8410444444,7390797.5975,31983,ok
0370340039,332488.1685642857,7390795.845749999,31983,ok
0370340040,332492.8763,7390799.434693333,31983,ok
0370340041,332498.5922642857,7390802.956742856,31983,ok
0370340042,332503.41605625,7390803.2985125,31983,ok
0370340043,332508.3751461539,7390805.645146153,31983,ok
0370340044,332512.13348181825,7390810.872527272,31983,ok
0370340045,332519.06077333336,7390808.880046667,31983,ok
0370340046,332526.866323077,7390811.642576923,31983,ok
0370340047,332530.4721133333,7390815.628173334,31983,ok
0370340048,332534.50669285713,7390818.485742857,31983,ok
0370340049,332537.31217000005,7390824.7128800005,31983,ok
0370340050,332544.3494714286,7390821.625349999,31983,ok
0370340051,332549.17674,7390828.102160001,31983,ok
0370340052,332556.5287,7390829.229021428,31983,ok
0370340053,332561.28248,7390831.841693333,31983,ok
0370340054,332565.8416066666,7390834.479246666,31983,ok
0370340055,332571.47784999997,7390833.989271429,31983,ok
0370340056,332573.45166923077,7390841.504146155,31983,ok
0370340057,332581.0220588235,7390841.642929412,31983,ok
0370340058,332588.5586481481,7390848.538614814,31983,ok
0370340059,332602.57926956523,7390848.466230435,31983,ok
0370340060,332614.3396647058,7390850.476482351,31983,ok
0370340061,332620.7234538462,7390848.960192307,31983,ok
0370340062,332627.74769999995,7390851.846553845,31983,ok
0370340063,332632.39602000004,7390853.17096,31983,ok
0370340064,332456.73615,7390742.883599999,31983,ok
0370340065,332448.26326,7390763.301589998,31983,ok
0370340068,332450.90036666667,7390755.616433334,31983,ok
0370340071,332554.3068588235,7390797.563905884,31983,ok
0370340073,332545.97890000005,7390790.5753,31983,ok
0370340074,332550.1644454545,7390793.081245455,31983,ok
0370340079,332452.8697166666,7390780.416077777,31983,ok
0370350000,332628.77657692315,7391012.955984618,31983,ok
0370350001,332565.0802173913,7390943.243530436,31983,ok
0370350002,332633.8359066667,7390967.460940001,31983,ok
0370350003,332640.91125882353,7390953.791117648,31983,ok
0370350004,332653.43849166675,7390945.635600001,31983,ok
0370350005,,,31983,sem_lote
0370350006,,,31983,sem_lote
0370350007,332669.9209434783,7390909.410447826,31983,ok
0370350008,332680.4886333334,7390920.53455,31983,ok
0370350009,332683.88323333336,7390914.363526667,31983,ok
0370350010,332693.5369941177,7390911.643082354,31983,ok
0370350011,332702.8302142857,7390901.7069714265,31983,ok
0370350012,332688.6603818182,7390892.166749999,31983,ok
0370350013,332685.67608260876,7390886.8777391305,31983,ok
0370350014,332684.7653875,7390875.128712501,31983,ok
0370350015,,,31983,sem_lote
0370350016,,,31983,sem_lote
0370350017,332639.0453333333,7390880.76168,31983,ok
0370350018,332629.1674071429,7390878.398478572,31983,ok
0370350019,332621.1923083333,7390879.795591667,31983,ok
0370350020,332616.82670000003,7390879.767290909,31983,ok
0370350021,332619.7052291667,7390891.596545833,31983,ok
0370350022,332616.61365499994,7390899.7861549985,31983,ok
0370350023,332601.01072500006,7390901.670942858,31983,ok
0370350024,332590.49345833337,7390906.7997,31983,ok
0370350025,332591.4315066666,7390919.218366667,31983,ok
0370350026,332570.7837444445,7390917.910855555,31983,ok
0370350027,332575.9124090909,7390918.754945454,31983,ok
0370350028,332578.2755625,7390925.336199999,31983,ok
0370350029,332583.1539999999,7390925.592166666,31983,ok
0370350030,332587.30201111105,7390928.829422223,31983,ok
0370350031,332588.5866818182,7390934.750618181,31983,ok
0370350032,332570.241375,7390950.801337499,31983,ok
0370350033,332546.9238,7390955.3853857145,31983,ok
0370350034,332551.6019571429,7390959.307714285,31983,ok
0370360000,332731.43173095235,7390854.69409524,31983,ok
0370360001,332685.31739230774,7390793.381069233,31983,ok
0370360002,332560.97235999996,7390736.082703333,31983,ok
0370360061,332484.9734357143,7390715.16715,31983,ok
0370360062,332506.28095,7390724.28465625,31983,ok
0370360063,332533.13439,7390736.264020001,31983,ok
0370360064,332561.2096875,7390730.904324999,31983,ok
0370360065,332561.8488999999,7390725.788833333,31983,ok
0370360066,332565.4214285714,7390721.272914286,31983,ok
0370360067,332566.46466249996,7390716.7814,31983,ok
0370360072,332589.6172636363,7390730.4264909085,31983,ok
0370360073,332574.33737500006,7390739.867616666,31983,ok
0370360074,332548.8761,7390746.32124,31983,ok
0370360075,332552.2846111111,7390748.2968666665,31983,ok
0370360076,332555.06940000004,7390748.6295,31983,ok
0370360077,332558.08925714286,7390753.093699999,31983,ok
0370360078,332561.69702499994,7390754.532525,31983,ok
0370360079,332566.4554916667,7390754.347733334,31983,ok
0370360080,332568.3109916667,7390758.49185,31983,ok
0370360082,332613.53271999996,7390772.576606667,31983,ok
0370360083,332628.88821666664,7390766.389488888,31983,ok
0370360084,332630.41631428566,7390778.867885713,31983,ok
0370360085,332639.1158333333,7390771.159258333,31983,ok
0370360086,332644.6839733333,7390784.795953334,31983,ok
0370360087,332652.0198588235,7390783.2740352955,31983,ok
0370360088,332659.6140363636,7390798.367918182,31983,ok
0370360089,332664.4707545454,7390806.975736365,31983,ok
0370360090,332667.3241833334,7390799.570383334,31983,ok
0370360091,332670.87120000005,7390794.269339999,31983,ok
0370360092,332676.41738,7390789.85302,31983,ok
0370360096,332679.3140363636,7390812.975318181,31983,ok
0370360097,332685.4746882353,7390819.41522353,31983,ok
0370360098,332690.095768421,7390822.534284211,31983,ok
0370360099,332691.1221263158,7390839.629568421,31983,ok
0370360100,332699.741675,7390839.511158333,31983,ok
0370360104,332760.88583125,7390858.702481251,31983,ok
0370360105,332744.68392105267,7390888.221821052,31983,ok
0370360110,,,31983,sem_lote
0370360111,,,31983,sem_lote
0370360112,,,31983,sem_lote
0370360113,,,31983,sem_lote
0370360114,332657.20843684213,7391013.37736842,31983,ok
0370360115,332658.62505714287,7391033.819935715,31983,ok
0370360142,332697.7418363636,7390800.6578,31983,ok
0370360143,332700.2347,7390796.442385714,31983,ok
0370360144,332703.2359,7390791.715814285,31983,ok
0370360145,332704.3148909091,7390787.017327272,31983,ok
0370360647,,,31983,sem_lote
0370400000,332586.58154736843,7390584.051568421,31983,ok
0370480028,332075.9298808512,7389955.900236168,31983,ok
0370640013,333113.0925166667,7390357.288933333,31983,ok
0370640014,333114.90880769235,7390350.25023077,31983,ok
0370640015,333092.56120000005,7390353.511755556,31983,ok
0370780018,332164.0362769231,7390134.7793615395,31983,ok
0370830441,333037.3900372881,7390260.532923729,31983,ok
0370990029,332866.11138648645,7390406.821452701,31983,ok
0371000188,332303.90546206903,7390992.339472413,31983,ok
0380020016,332324.4855166667,7392732.325766667,31983,ok
0380020023,332303.48733846156,7392619.85076923,31983,ok
0380030006,332470.10025,7392831.8697,31983,ok
0380030007,332476.8529714286,7392831.073114286,31983,ok
0380030008,332484.41593333334,7392828.437266667,31983,ok
0380030009,332492.27734285715,7392829.047657142,31983,ok
0380030010,332498.96462999994,7392828.489400001,31983,ok
0380030012,332453.55024444446,7392836.827177778,31983,ok
0380030013,332447.9389363637,7392829.9280909095,31983,ok
0380030061,332479.6588475,7392758.356952503,31983,ok
0380050022,332712.43229130434,7392592.24256087,31983,ok
0380050038,332684.2791066667,7392598.506353333,31983,ok
0380060091,332325.9240215687,7392448.6291490225,31983,ok
0380120092,332373.480717647,7392177.3168647075,31983,ok
0380690000,332794.96782,7391271.90289,31983,ok
0380700038,332897.7726777778,7390925.74061111,31983,ok
0380700039,332892.13442,7390934.324649999,31983,ok
0380700040,332889.24446666666,7390948.543383333,31983,ok
0380920000,,,31983,sem_lote
0380920001,333124.8967468751,7390787.938696875,31983,ok
0380950021,333257.7615555555,7390807.456011112,31983,ok
0380950022,333263.14866,7390813.648080001,31983,ok
0380980000,333244.5525384616,7390736.681946155,31983,ok
0380980147,333233.6093153845,7390715.396938463,31983,ok
0381030000,332864.42926363635,7391247.035881818,31983,ok
0381040000,333056.0336765958,7391361.030746808,31983,ok
0381050000,332852.0437916667,7391182.571533333,31983,ok
0381160001,332606.40142210526,7392371.936336842,31983,ok
0390730019,333159.691065,7390431.882970001,31983,ok
0400000000,,,31983,sem_lote
0400370006,335852.97349230765,7390995.847715384,31983,ok
0400370008,335858.5451636364,7391036.129845454,31983,ok
0400370013,335777.190275,7391301.779637499,31983,ok
0400470000,,,31983,sem_lote
0400500007,335971.3799071429,7390993.121007143,31983,ok
0400510004,336069.5683571429,7391035.779699999,31983,ok
0400510007,336072.3036555556,7391004.0066,31983,ok
0400560001,335979.523375,7390915.926087501,31983,ok
0400700147,336475.54499583325,7390840.230137501,31983,ok
0400740039,335881.623212,7390785.244352,31983,ok
0400740093,,,31983,sem_lote
0400770013,335985.25928,7390694.283853334,31983,ok
0400770014,335985.9090214285,7390700.8098428575,31983,ok
0400770015,335998.2743125,7390692.169412501,31983,ok
0400770016,336004.4471090909,7390694.126163635,31983,ok
0400840051,335614.36181111104,7390550.619211111,31983,ok
0400850011,335550.13854035095,7390433.788894735,31983,ok
0400850012,335577.21584615385,7390470.657976922,31983,ok
0400850013,335550.6965058825,7390499.719747059,31983,ok
0400880053,336143.50871777773,7390532.456317777,31983,ok
0400900012,336372.3276121951,7390527.864963414,31983,ok
0400900013,,,31983,sem_lote
0400900218,336347.20431500004,7390584.68258,31983,ok
0400910062,336500.811995,7390513.176302498,31983,ok
0400960031,335833.5367260869,7390354.892976088,31983,ok
0401040002,335508.36365,7390190.282100001,31983,ok
0401060026,335736.53262380953,7390212.637419047,31983,ok
0401150013,335656.46982,7390087.37648,31983,ok
0401150019,335604.08737,7390089.62015,31983,ok
0401160001,335718.33805333334,7390094.7491666665,31983,ok
0401250058,335646.1613999999,7389978.489323809,31983,ok
0401290000,335865.5512458333,7389755.902652084,31983,ok
0401290001,335824.35611944454,7389994.869613888,31983,ok
0401290064,,,31983,sem_lote
0401290070,335818.3954103448,7389917.1875793105,31983,ok
0401990202,,,31983,sem_lote
0401990203,335065.2487321428,7389988.554492855,31983,ok
0401990204,335132.03952,7390117.453559999,31983,ok
0401990205,335143.78757407406,7389947.555733334,31983,ok
0401990206,335311.8485458333,7390124.885333333,31983,ok
0401990207,,,31983,sem_lote
0401990208,335226.32535842725,7390044.4689460695,31983,ok
0401990209,335337.73092777777,7390006.731030555,31983,ok
0401990210,335384.4417777778,7389930.080222223,31983,ok
0410040001,329489.8559181818,7389883.26249091,31983,ok
0410420010,330586.7005,7389540.525883333,31983,ok
0412720001,329521.4557454545,7388252.493254545,31983,ok
0412720002,329517.98750000005,7388243.1959875,31983,ok
0412720003,329515.4714,7388238.336033333,31983,ok
0412720004,329512.34531818185,7388232.585836365,31983,ok
0412720005,329507.46765714284,7388229.079992858,31983,ok
0412720006,329501.45144166664,7388225.1758,31983,ok
0412720007,329496.84607777785,7388222.677788888,31983,ok
0412720008,,,31983,sem_lote
0412720009,,,31983,sem_lote
0412720010,329490.03197,7388208.266310001,31983,ok
0412720011,329486.01732,7388207.57931,31983,ok
0412720012,329481.64962499996,7388203.6014,31983,ok
0412720013,329478.81547,7388200.9746900005,31983,ok
0412720014,329477.78612999996,7388195.63117,31983,ok
0412720015,329473.2056888889,7388191.940777778,31983,ok
0412720016,329469.6736999999,7388189.3705,31983,ok
0412720017,329467.0934333333,7388183.254111112,31983,ok
0412720018,329460.92223333335,7388182.418133332,31983,ok
0412720019,329481.92266363645,7388164.852872728,31983,ok
0412720020,329486.40221111116,7388166.9502,31983,ok
0412720021,329489.20516,7388172.47061,31983,ok
0412720022,329492.829,7388174.613244445,31983,ok
0412720023,329494.8750875,7388181.2893125,31983,ok
0412720024,329500.5268888889,7388182.991744445,31983,ok
0412720025,329502.09467500006,7388187.124849999,31983,ok
0412720026,329505.868175,7388189.4643875,31983,ok
0412720027,329508.73648749996,7388192.890175,31983,ok
0412720028,329513.1254571429,7388194.928757144,31983,ok
0412720029,329514.75436250004,7388200.077537499,31983,ok
0412720030,329520.03535714286,7388203.1997714285,31983,ok
0412720031,329521.81415555556,7388208.431644443,31983,ok
0412720032,329522.1902846154,7388217.106861538,31983,ok
0412720033,329525.66180909093,7388220.715154544,31983,ok
0412720034,329534.1613,7388223.1195375,31983,ok
0412720035,329537.54634444445,7388228.087755556,31983,ok
0412720036,329538.8081545455,7388236.088118182,31983,ok
0412720038,329491.55565999995,7388216.47749,31983,ok
0412730007,329552.8035333333,7388181.208541666,31983,ok
0412730008,329548.0623090909,7388179.885490909,31983,ok
0412730009,329539.7556428571,7388177.397771428,31983,ok
0412730010,329538.524275,7388172.734562501,31983,ok
0412730011,329538.23045555555,7388166.50148889,31983,ok
0412730012,329535.58463999996,7388162.82243,31983,ok
0412730014,329531.7419333334,7388156.5795,31983,ok
0412730015,329524.36593333335,7388156.1101222215,31983,ok
0412730016,329518.89447142853,7388152.990157142,31983,ok
0412730017,329516.1037428571,7388149.713128571,31983,ok
0412730018,329517.16196666664,7388141.456822222,31983,ok
0412730019,329511.1216307692,7388139.008423077,31983,ok
0412730025,329569.56378333335,7388212.1278,31983,ok
0412730026,329565.8618142857,7388208.267771429,31983,ok
0412730027,329562.6405375,7388202.876050001,31983,ok
0412730028,329561.5734777778,7388198.8739777785,31983,ok
0412730029,329560.73399,7388191.190719999,31983,ok
0412730030,329555.4804909091,7388188.147827273,31983,ok
0420080149,332775.0626052631,7389625.764929823,31983,ok
0420120155,333171.71581538464,7390098.4706,31983,ok
0420240088,333131.2439727273,7389699.5335818175,31983,ok
0420250018,333127.80414615385,7389654.329884617,31983,ok
0420250019,333120.56825,7389654.44645,31983,ok
0420250020,333114.93697142863,7389653.186492856,31983,ok
0420250021,333109.1132285714,7389649.77195,31983,ok
0420250022,333104.11963,7389651.001250001,31983,ok
0420250023,333095.7273,7389650.753039999,31983,ok
0420250024,333091.0972272727,7389649.2156090895,31983,ok
0420250025,333084.1203,7389649.50895,31983,ok
0420250026,333078.41063846153,7389648.730669231,31983,ok
0420250027,333072.3750416667,7389649.51095,31983,ok
0420250028,333066.5250307693,7389649.504838461,31983,ok
0420250029,333060.06416153844,7389647.761776924,31983,ok
0420250030,333053.3631153846,7389647.7547,31983,ok
0420260007,333241.5971772727,7389735.60625,31983,ok
0420290021,333374.4353871795,7389523.601851282,31983,ok
0420470012,332353.8079235294,7389457.757947059,31983,ok
0420530001,333067.7416166666,7389490.4252125,31983,ok
0420530003,333058.10005,7389531.0765,31983,ok
0420770011,333065.54167894734,7389343.43621579,31983,ok
0420770021,333086.3374454545,7389237.364422726,31983,ok
0420770269,333059.55041875003,7389403.461693751,31983,ok
0421670000,334038.07709333336,7389450.090876666,31983,ok
0421680000,334174.2269428572,7389445.2915571425,31983,ok
0421680001,334206.93019999994,7389357.121529413,31983,ok
0421690000,334150.92870000005,7389426.508506667,31983,ok
0421700000,334235.5266111111,7389359.136366666,31983,ok
0421710000,334281.1507100001,7389375.12131,31983,ok
0421720001,,,31983,sem_lote
0421740000,334332.5112714286,7389267.18335,31983,ok
0421750000,334316.54370000004,7389240.59435,31983,ok
0421760000,334231.23987142864,7389325.048557143,31983,ok
0422090001,334369.0602083333,7389354.8539166665,31983,ok
0430470002,,,31983,sem_lote
0431790030,335528.0362565217,7388071.73671739,31983,ok
0450440064,332885.3163967743,7388470.789848388,31983,ok
0462320001,333959.6308909091,7388070.385336364,31983,ok
0500080025,336841.7651,7389921.773266666,31983,ok
0500084586,,,31983,sem_lote
0501130007,336515.8273875,7388958.438143751,31983,ok
0501140004,336609.38571578945,7388934.94184737,31983,ok
0501140006,336610.46602000005,7388971.73501,31983,ok
0501140007,336610.68746000004,7388962.99084,31983,ok
0501140008,336611.27807999996,7388957.035339999,31983,ok
0501140009,336607.66418,7388951.440540001,31983,ok
0501140011,336646.27064,7388986.611959999,31983,ok
0501140015,336608.2551583333,7388980.777991667,31983,ok
0501140016,336602.39278,7388976.89708,31983,ok
0501140017,336627.0275368422,7388975.710194737,31983,ok
0501150001,336579.91835625,7388922.345025,31983,ok
0501150002,336578.2476529412,7388912.560258823,31983,ok
0501150003,336594.96974545455,7388909.612027273,31983,ok
0501150004,336578.83645000006,7388907.0342999995,31983,ok
0501150005,336571.58696153853,7388902.077115385,31983,ok
0501150006,336570.28208,7388896.625049999,31983,ok
0501150007,336574.0836333333,7388885.185683333,31983,ok
0501150008,336565.91107142856,7388880.676128573,31983,ok
0501150009,336560.14357,7388877.16445,31983,ok
0501150010,336556.6552,7388871.268616666,31983,ok
0501150011,336555.4150833334,7388864.553150001,31983,ok
0501150012,336550.4989,7388858.4967,31983,ok
0501150013,336545.26669,7388873.5897,31983,ok
0501150014,336538.2830571429,7388876.792900001,31983,ok
0501150015,336535.03530000005,7388879.825085714,31983,ok
0501150019,336516.8936857143,7388888.778728572,31983,ok
0501150020,336511.4437571429,7388892.225400001,31983,ok
0501150021,336509.75751,7388896.613369999,31983,ok
0501150022,336505.69533333334,7388899.831466666,31983,ok
0501150023,336500.7358727273,7388900.899036363,31983,ok
0501150024,336490.98655454547,7388898.5719818175,31983,ok
0501150025,336500.5033,7388906.42128,31983,ok
0501150026,336497.28914285713,7388910.550157144,31983,ok
0501150027,336492.9102636364,7388916.3029000005,31983,ok
0501150029,336523.4610461538,7388884.003838463,31983,ok
0502150020,336641.1125181818,7388896.779345456,31983,ok
0502150021,336628.92076,7388896.808259999,31983,ok
0502150022,336622.93956666667,7388892.108083334,31983,ok
0502150023,336618.07636666665,7388885.577699999,31983,ok
0502150024,336619.5229875,7388876.216612499,31983,ok
0502150025,336619.6249384615,7388867.273138463,31983,ok
0502150026,336613.01755555556,7388863.546,31983,ok
0502160000,,,31983,sem_lote
0513190002,340193.8098821099,7390600.04950734,31983,ok
0530330085,342718.761877941,7392511.197302941,31983,ok
0542090001,339929.4550666667,7395607.232724999,31983,ok
0542090002,339933.38076428574,7395608.931642857,31983,ok
0542090003,339937.53394166665,7395611.244224999,31983,ok
0542090004,339941.621,7395612.28565,31983,ok
0542090005,339946.29757500003,7395612.261741667,31983,ok
0542600501,340333.42018717935,7393627.124253848,31983,ok
0542600601,340506.96312,7393716.249756,31983,ok
0551460090,342923.6919681159,7393821.8013681155,31983,ok
0560480106,341626.9603045455,7396766.479050001,31983,ok
0602620011,343380.75018888887,7399043.703911111,31983,ok
0610000000,,,31983,sem_lote
0610070001,343620.27054482757,7396920.565200002,31983,ok
0610140034,341824.43994,7397825.65826,31983,ok
0610240013,341879.2669157895,7397633.282126315,31983,ok
0610520001,341694.42999166664,7397450.634649999,31983,ok
0610520004,341737.6834636364,7397344.869818182,31983,ok
0610530001,341772.58680606046,7397330.7959848475,31983,ok
0610550001,341888.262065,7397470.45072,31983,ok
0610730198,341650.658675,7397110.8108375,31983,ok
0610750003,341747.5239,7396912.611566667,31983,ok
0610750004,341751.7099166667,7396927.00525,31983,ok
0610750005,341745.757,7396928.95424,31983,ok
0610750029,341707.59343749995,7396990.8239625,31983,ok
0610750030,341712.23166,7396985.664320001,31983,ok
0610750031,341717.45838571433,7396979.771228572,31983,ok
0610750032,341724.20735,7396975.863016666,31983,ok
0610750033,341733.5954666667,7396974.585416667,31983,ok
0610750034,341749.4369625,7396995.622874999,31983,ok
0610750035,341739.89416,7396999.97646,31983,ok
0610750036,341734.34434,7397003.83166,31983,ok
0610750037,341729.7755,7397007.00562,31983,ok
0610750038,341722.8774,7397011.79718,31983,ok
0610750075,341703.2519625,7396999.9243875,31983,ok
0610750076,341701.04815999995,7396994.206359999,31983,ok
0610750077,341713.445775,7397015.7565375,31983,ok
0610750078,341718.45057499997,7397018.997524999,31983,ok
0610880063,341878.4297875,7396961.4495875,31983,ok
0610880111,341935.14808,7396930.281200001,31983,ok
0610910001,342260.34418333333,7396877.968866666,31983,ok
0611270016,341799.25247142854,7397196.574728572,31983,ok
0611410096,342077.05013333337,7397083.919399999,31983,ok
0611420008,342247.3149,7397021.025022223,31983,ok
0611430000,341701.52051875,7397155.520568751,31983,ok
0611430052,341716.3653,7397223.758585715,31983,ok
0611430053,341690.1455590909,7397196.382350001,31983,ok
0611490014,341890.17691000004,7397390.998729999,31983,ok
0611490054,341951.79448888893,7397179.104666665,31983,ok
0611500016,341760.87208571425,7397266.723042858,31983,ok
0611560015,342383.9854034481,7396822.26950862,31983,ok
0620000000,,,31983,sem_lote
0621290001,340073.83604285715,7396643.77205,31983,ok
0621620023,338469.70353750006,7396556.275537499,31983,ok
0641400063,337760.4413617648,7398177.934794117,31983,ok
0641920000,338392.2527571428,7398928.255978571,31983,ok
0642070000,,,31983,sem_lote
0674560032,338333.50812285714,7403880.708248572,31983,ok
0674730002,338366.7776902781,7404932.281605551,31983,ok
0684790257,336867.0377842465,7399454.700214382,31983,ok
0690000000,,,31983,sem_lote
0690160016,336071.0113290323,7402282.698364516,31983,ok
0691630002,333996.79035,7400563.255178571,31983,ok
0692070001,334596.18804629624,7400600.625777776,31983,ok
0700240107,334278.15244999994,7404520.878027777,31983,ok
0700400005,334250.34495536145,7403555.600325194,31983,ok
0701500031,335099.46721999993,7402168.915940001,31983,ok
0702420013,334774.5913809524,7403264.592633334,31983,ok
0704000002,333773.292375,7403487.0910249995,31983,ok
0721060034,333760.55011818185,7400607.743590909,31983,ok
0721080115,333818.00856923073,7400549.1541461535,31983,ok
0721080125,333914.4895000001,7400560.056188371,31983,ok
0721400040,333437.7332230769,7400582.521661539,31983,ok
0721400041,333439.1289333334,7400577.6552,31983,ok
0721400043,333441.4313,7400571.417414285,31983,ok
0721400044,333410.0469153846,7400582.076184615,31983,ok
0721400045,333408.35918,7400576.10307,31983,ok
0721400046,333407.24618888897,7400572.307611112,31983,ok
0721400047,333394.2720769231,7400582.338792308,31983,ok
0721400048,333393.69080909085,7400577.415481818,31983,ok
0721400049,333393.30434999993,7400573.1713499995,31983,ok
0721400050,333361.8757416667,7400581.425808332,31983,ok
0721400051,333362.06399,7400575.976590002,31983,ok
0721400052,333361.57875,7400571.854890001,31983,ok
0721400053,333342.3371,7400574.367129999,31983,ok
0721400054,333353.4006181818,7400574.325536365,31983,ok
0721400055,333332.4319363637,7400578.323072726,31983,ok
0721400056,333333.04117,7400572.834190001,31983,ok
0721400057,333332.0605699999,7400568.783399999,31983,ok
0721400106,333341.3333666667,7400560.916808333,31983,ok
0721400107,333341.8573428571,7400553.8803571435,31983,ok
0721400108,333337.9863,7400546.5122,31983,ok
0730320002,334015.56334666663,7398969.085770003,31983,ok
0730390070,334054.3325130435,7399896.375226087,31983,ok
0730400021,334030.02992400003,7400007.734184,31983,ok
0731570080,334028.20564999996,7398397.065364286,31983,ok
0732850001,333305.16997432447,7398274.357795945,31983,ok
0732850002,333523.85425925924,7398323.89212963,31983,ok
0763010006,329345.2033795699,7402313.864706452,31983,ok
0770030001,325026.45956000005,7399295.280333334,31983,ok
0780050000,,,31983,sem_lote
0782490000,323202.914181579,7401314.292132896,31983,ok
0784310000,,,31983,sem_lote
0785190101,323684.5478428571,7398865.6713785725,31983,ok
0785190102,323859.7374354839,7398714.925329032,31983,ok
0811790001,328304.7662064516,7393828.820396775,31983,ok
0811800039,328360.0345857143,7393919.59985,31983,ok
0812100001,328033.71109999996,7393661.014921211,31983,ok
0821650001,322163.9611387097,7395459.673696776,31983,ok
0821700000,,,31983,sem_lote
0822220000,,,31983,sem_lote
0824020116,,,31983,sem_lote
0825170000,,,31983,sem_lote
0825170012,324321.6518009135,7392515.021256163,31983,ok
0825170014,323243.2007925855,7393041.365777376,31983,ok
0830250015,326087.40222499997,7393989.50435,31983,ok
0830460001,326891.07357499993,7392646.5701636365,31983,ok
0840030017,326160.83616999997,7391583.9134100005,31983,ok
0840460019,326571.3223318182,7390175.917222729,31983,ok
0842380001,326305.4714130434,7390854.774999999,31983,ok
0842590001,326316.4118718753,7390393.8528684,31983,ok
0860910003,329092.0745545455,7386790.174872726,31983,ok
0861280041,329625.62086499995,7387149.05061,31983,ok
0862860017,329588.7425235294,7385138.712870588,31983,ok
0870000000,,,31983,sem_lote
0870640020,325893.5065366666,7383486.869069999,31983,ok
0872210001,325825.35469999997,7383370.295299999,31983,ok
0872480001,326156.1962999999,7384841.399455556,31983,ok
0872510001,326372.27277499996,7383798.272725001,31983,ok
0872530001,325741.0734888889,7383847.506327778,31983,ok
0873060028,325691.70832105266,7383826.791189473,31983,ok
0873400001,325708.2958379311,7384015.728048277,31983,ok
0873740004,325994.67526829266,7385152.281275609,31983,ok
0873790187,325798.12247777777,7383918.1843111105,31983,ok
0873790188,325804.12657692307,7383915.1820461545,31983,ok
0874800008,325346.5997894737,7385646.307031579,31983,ok
0880000000,,,31983,sem_lote
0880190001,325955.1397181818,7383071.165981818,31983,ok
0880480001,327289.71510000003,7385101.255995455,31983,ok
0880900007,326825.55196666665,7384053.732016668,31983,ok
0880930069,326511.25001111114,7383561.915450001,31983,ok
0882590001,327549.01154769224,7383853.537883078,31983,ok
0882590197,327349.77145102056,7383830.905446942,31983,ok
0882590198,327456.00770625,7383762.003331249,31983,ok
0882590199,327547.97085357143,7383816.534739287,31983,ok
0882590200,327455.92194117635,7384021.823158822,31983,ok
0882590201,327561.2381822221,7383854.13995778,31983,ok
0893200001,,,31983,sem_lote
0895620001,332415.7345888889,7385099.351644444,31983,ok
0900130015,,,31983,sem_lote
0904790108,,,31983,sem_lote
0904810003,328604.04397,7383766.18547,31983,ok
0915830001,332241.2435035715,7383481.383774999,31983,ok
0950000000,,,31983,sem_lote
0950270003,325281.41773589747,7377240.380923078,31983,ok
0950890001,325373.15049285715,7377282.607689287,31983,ok
0980470002,325428.41161300807,7398321.422426828,31983,ok
0980710082,325858.58741627896,7397673.503360467,31983,ok
0990020198,325858.07779999997,7398462.615699999,31983,ok
0990260019,325914.6965333334,7398435.878185714,31983,ok
0990280082,325812.55690769234,7398303.881661539,31983,ok
0990280083,325849.1356,7398299.541922223,31983,ok
0990280084,325871.83966923074,7398284.889623078,31983,ok
0990460092,,,31983,sem_lote
1000370023,338993.5546903226,7391682.610667741,31983,ok
1010190001,324364.8706306123,7390758.692510208,31983,ok
1014700039,325405.37175714277,7390564.60357857,31983,ok
1041190008,326577.68801904767,7400169.12810476,31983,ok
1041190009,326589.7632421052,7400114.291068421,31983,ok
1041250009,326524.7861,7399980.909916666,31983,ok
1041250017,326495.54628333333,7399972.252250001,31983,ok
1041250021,326505.79157142865,7399971.981500001,31983,ok
1041250023,326535.0675545455,7399978.141,31983,ok
1041250025,326513.3839333333,7399978.294083334,31983,ok
1041270003,326625.94904210523,7399995.676894736,31983,ok
1041270006,326624.06119999994,7400015.529340002,31983,ok
1041270020,326596.0956625,7400055.495599999,31983,ok
1041270026,326640.9304,7400018.0797999995,31983,ok
1041280003,326685.0523,7400008.5854,31983,ok
1041280004,326680.28607777774,7400003.666655554,31983,ok
1041330001,326555.75191864424,7399938.184994919,31983,ok
1041360049,326726.46818181814,7399911.479036364,31983,ok
1041360050,326720.9925466667,7399905.820993333,31983,ok
1041360051,326714.8890857143,7399905.988928571,31983,ok
1070620037,327678.24274347833,7403506.4367347825,31983,ok
1090630002,334880.70583448274,7405728.152234483,31983,ok
1091940108,334857.2945807693,7405539.05493077,31983,ok
1112480113,347887.7324125,7400144.257675,31983,ok
1113540001,348834.36652999994,7401722.23257,31983,ok
1113540002,348834.37734,7401710.23622,31983,ok
1113540003,348828.46968,7401703.24286,31983,ok
1113540004,348831.07301666663,7401695.462099999,31983,ok
1113540005,348833.73844,7401689.15068,31983,ok
1113540006,348827.3922,7401682.16682,31983,ok
1113540007,348836.48193333327,7401672.945488889,31983,ok
1113540008,348863.20321538456,7401605.114069232,31983,ok
1113540009,348861.5240714286,7401620.8811428575,31983,ok
1113540010,348862.42004,7401629.6844,31983,ok
1113540011,348858.46306,7401635.847200001,31983,ok
1113540012,348865.478575,7401645.189625001,31983,ok
1113540013,348862.42216,7401656.0926,31983,ok
1113540014,348862.51456,7401663.115799999,31983,ok
1113540015,348860.6794166667,7401671.782833333,31983,ok
1113540016,348860.85468333337,7401677.751200001,31983,ok
1113540017,348861.0591833333,7401688.904933334,31983,ok
1113540018,348863.11746,7401696.1815,31983,ok
1113540019,348863.21118,7401705.230419999,31983,ok
1113540020,348861.33036666666,7401713.586966666,31983,ok
1113540021,348859.43003999995,7401721.780859999,31983,ok
1113540022,348859.50866,7401730.237299999,31983,ok
1113540023,348886.3276071428,7401585.512557142,31983,ok
1113540024,348886.6188666667,7401602.68755,31983,ok
1113540025,348888.92689999996,7401608.968160001,31983,ok
1113540026,348888.2286857143,7401617.938714286,31983,ok
1113540027,348888.7247,7401625.6014,31983,ok
1113540028,348886.71661666664,7401632.561833334,31983,ok
1113540029,348883.33295,7401643.533333334,31983,ok
1113540030,348888.98898,7401648.5468,31983,ok
1113540031,348889.0624,7401656.8154,31983,ok
1113540032,348889.12558,7401663.3618,31983,ok
1113540033,348890.6244166667,7401673.7343833335,31983,ok
1113540034,348887.22516666667,7401680.8756,31983,ok
1113540035,348889.42098,7401689.5045,31983,ok
1113540036,348889.49101999996,7401695.070900001,31983,ok
1113540037,348890.9908833333,7401704.056100001,31983,ok
1113540038,348885.53333999997,7401712.7387,31983,ok
1113540039,348889.79981999996,7401721.154699999,31983,ok
1113540040,348885.65628,7401727.934099999,31983,ok
1113540041,348885.7147,7401736.2381,31983,ok
1113540042,348891.756875,7401749.086316667,31983,ok
1113540043,348813.62903333333,7401692.096733333,31983,ok
1113540044,348800.2306333333,7401681.205283334,31983,ok
1113540046,348790.6195125,7401654.330337499,31983,ok
1113540047,348788.9897,7401682.069399999,31983,ok
1113540054,348772.85357272724,7401670.869063636,31983,ok
1113540055,348771.54569000006,7401660.598819999,31983,ok
1113540056,348784.4691428571,7401646.545514286,31983,ok
1113540057,348779.9376,7401646.34614,31983,ok
1113540058,348775.5688,7401649.299216666,31983,ok
1113540059,348770.96013333334,7401649.974816668,31983,ok
1113540060,348764.3232625,7401651.921375001,31983,ok
1113540062,348784.41524,7401684.30044,31983,ok
1113540063,348779.2702,7401688.2014,31983,ok
1113540064,348775.6726,7401682.71662,31983,ok
1113540065,348772.1336333333,7401687.41985,31983,ok
1113540066,348769.0728399999,7401685.284439999,31983,ok
1113540067,348761.11611,7401681.70523,31983,ok
1113540068,348833.42557083326,7401640.720854167,31983,ok
1113900012,348775.48986865673,7402112.654995522,31983,ok
1127050001,352366.0282099999,7401348.27746,31983,ok
1128490001,353032.89740841807,7402160.848227035,31983,ok
1140130001,353004.0254923077,7397875.358999999,31983,ok
1140560001,352173.65866842103,7396156.106610527,31983,ok
1140800005,351530.2832647059,7396268.966276471,31983,ok
1140800015,351576.34114375,7396244.97240625,31983,ok
1142400020,,,31983,sem_lote
1161780001,343719.71257195127,7392492.329158537,31983,ok
1185410001,340672.74312400003,7391065.701846001,31983,ok
1230010000,,,31983,sem_lote
1230010010,321886.81546063005,7389021.585059839,31983,ok
1231280001,324468.21828935476,7388872.081061937,31983,ok
1231330027,324699.80302999995,7389445.060269999,31983,ok
1231480004,325397.79837233317,7388860.447845999,31983,ok
1231640062,324397.2470120002,7388302.579118911,31983,ok
1231940002,325143.4031285715,7387620.150204764,31983,ok
1231940014,325180.63200000004,7387661.690900002,31983,ok
1231990002,324609.2405294118,7387439.136141177,31983,ok
1250200047,323459.539475,7401440.7836275045,31983,ok
1273120001,332116.25472,7405406.708026665,31983,ok
1282110020,334018.2352739725,7406325.4252767125,31983,ok
1310000000,,,31983,sem_lote
1330310001,356646.8952184615,7401908.969783933,31983,ok
1551910001,344940.41596923076,7388632.70433077,31983,ok
1551930016,344900.44374285714,7388600.191585714,31983,ok
1580000000,,,31983,sem_lote
1620350000,328062.30408399994,7377599.693276,31983,ok
1672260004,318455.54470934987,7381449.031896339,31983,ok
1672260527,,,31983,sem_lote
1723120963,333101.4955111111,7382414.986388888,31983,ok
1870000000,,,31983,sem_lote
1870070001,,,31983,sem_lote
1870070030,320525.0963935484,7410512.689196773,31983,ok
1960180006,337225.29332142853,7396130.239471429,31983,ok
1960180007,337219.10714999994,7396128.323099999,31983,ok
1960180008,337223.49186,7396143.90695,31983,ok
1960180009,337223.2112125,7396148.496775001,31983,ok
1960180010,337224.01449000003,7396154.847519999,31983,ok
1960180011,337223.302325,7396161.2541,31983,ok
1960180012,337222.77514285716,7396167.823285715,31983,ok
1960180013,337222.4740428571,7396174.182300001,31983,ok
1960180014,337223.18163,7396181.4012400005,31983,ok
1960180015,337222.521075,7396185.7651125,31983,ok
1960180016,337222.11968571425,7396192.926028571,31983,ok
1960180017,337221.9328857143,7396197.786485714,31983,ok
1960180018,337245.94419999997,7396205.795485714,31983,ok
1960180019,337245.6028714286,7396211.296385714,31983,ok
1960180020,337246.50498333335,7396216.994433333,31983,ok
1960180021,337244.45255,7396224.841733333,31983,ok
1960180022,337245.1660875,7396229.377525,31983,ok
1960180023,337244.7547,7396236.159837501,31983,ok
1960180024,337245.1927666666,7396240.976266667,31983,ok
1960180025,337243.84724285715,7396249.343428572,31983,ok
1960180026,337243.0444,7396253.9385,31983,ok
1960180027,337242.6301571429,7396260.270828572,31983,ok
1960180028,337243.5232375,7396266.4687250005,31983,ok
1960180042,337221.31291428575,7396267.968585715,31983,ok
1960180043,337221.0714,7396260.5810555555,31983,ok
1960180044,337223.18694285717,7396254.907914286,31983,ok
1960180045,337224.8485,7396247.89794,31983,ok
1960180046,337222.71975,7396241.933049999,31983,ok
1960180047,337222.52963750006,7396235.5390125,31983,ok
1960180048,337224.3986,7396230.6523375,31983,ok
1960180049,337224.5590111111,7396224.097344445,31983,ok
1960180050,337225.43663749995,7396217.7677875,31983,ok
1960180051,337224.65744285716,7396212.321071428,31983,ok
1960180052,337218.6021142857,7396211.8817,31983,ok
1960180053,337216.91172857146,7396216.729357143,31983,ok
1960180054,337218.14712222223,7396225.110177777,31983,ok
1960180055,337217.573125,7396228.744512499,31983,ok
1960180056,337216.00907499995,7396236.676437499,31983,ok
1960180057,337215.59767777775,7396241.9571,31983,ok
1960180058,337215.01533333334,7396248.238500001,31983,ok
1960180059,337215.9282875,7396252.6333375,31983,ok
1960180060,337215.5439375,7396260.711762499,31983,ok
1960180061,337213.94979999994,7396268.247299999,31983,ok
1960180074,337191.9527,7396266.5923833335,31983,ok
1960180075,337192.71085714287,7396257.334642856,31983,ok
1960180076,337193.9623,7396251.647622222,31983,ok
1960180077,337193.22098750004,7396247.30115,31983,ok
1960180078,337193.9812166667,7396239.821533333,31983,ok
1960180079,337194.00736249995,7396233.351662502,31983,ok
1960180080,337194.34188749996,7396228.4703750005,31983,ok
1960180081,337194.8026875,7396221.208725,31983,ok
1960180082,337196.0341,7396215.675379999,31983,ok
1960180083,337196.0566125,7396211.1003875,31983,ok
1960180084,337196.0044222222,7396203.859944444,31983,ok
1960180085,337196.3822,7396198.266133333,31983,ok
1960180086,337198.3490375,7396191.898687499,31983,ok
1960180087,337197.97574285715,7396186.4819142865,31983,ok
1960180088,337198.46378333337,7396181.161266667,31983,ok
1960180089,337198.1289,7396172.96105,31983,ok
1960180090,337198.44525,7396168.3436125,31983,ok
1960180091,337201.3965166667,7396161.510450001,31983,ok
1960180092,337200.02352857153,7396156.8779,31983,ok
1960180093,337200.4489571428,7396150.783885715,31983,ok
1960180094,337200.4112571428,7396145.377771429,31983,ok
1960180095,337201.8209625,7396137.600974999,31983,ok
1960180096,337202.5014,7396132.5958124995,31983,ok
1960180097,337201.31415,7396126.5780125,31983,ok
1960180098,337205.1578428572,7396116.591921427,31983,ok
1960180099,337199.7249176471,7396116.432941176,31983,ok
1960180100,337194.25799090904,7396114.035781818,31983,ok
1960180101,337195.3399111111,7396125.741188888,31983,ok
1960180102,337194.5355,7396130.944616667,31983,ok
1960180103,337194.49594999995,7396138.618450001,31983,ok
1960180104,337192.7093714286,7396144.8152,31983,ok
1960180105,337193.29381666664,7396148.842199999,31983,ok
1960180106,337192.60052,7396156.5115600005,31983,ok
1960180107,337192.19756,7396162.317399999,31983,ok
1960180108,337192.8945222223,7396168.8983333325,31983,ok
1960180109,337192.60968888894,7396173.007177778,31983,ok
1960180110,337188.99552,7396180.05566,31983,ok
1960180111,337190.54676,7396186.103,31983,ok
1960180112,337190.9485714286,7396192.674857142,31983,ok
1960180113,337189.8553444444,7396197.78961111,31983,ok
1960180114,337190.4392444444,7396203.452455555,31983,ok
1960180115,337189.1298,7396208.8473166665,31983,ok
1960180116,337189.65976666665,7396216.780066667,31983,ok
1960180117,337189.30144,7396221.6017,31983,ok
1960180118,337188.83325,7396228.690459999,31983,ok
1960180119,337188.6079,7396233.73239,31983,ok
1960180120,337186.35294285713,7396238.893128572,31983,ok
1960180121,337185.8014714286,7396246.521,31983,ok
1960180122,337186.8521375,7396252.2757749995,31983,ok
1960180123,337186.3162125,7396258.18325,31983,ok
1960180125,337185.1654111111,7396266.602744444,31983,ok
1960180289,336738.25026153843,7396589.767246155,31983,ok
1960180399,336967.93793749996,7396612.467874999,31983,ok
1960180400,336972.7747,7396619.120549999,31983,ok
1960180401,336964.7827,7396626.7217999995,31983,ok
1960180402,336961.04075999995,7396621.3976,31983,ok
1960180403,336944.13096000004,7396637.79938,31983,ok
1960180404,336945.80135,7396644.134383333,31983,ok
1960180405,336953.09208333335,7396649.141533334,31983,ok
1960180406,336943.27611111116,7396655.5057333335,31983,ok
1960180407,336939.7999090909,7396650.644618182,31983,ok
1960180408,336933.64617499994,7396648.1679375,31983,ok
1960180435,336932.0527857143,7396676.2485714285,31983,ok
1960180436,336928.3154166667,7396672.647033334,31983,ok
1960180437,336920.42781666666,7396669.237016667,31983,ok
1960180438,336918.76961666666,7396662.100916666,31983,ok
1960180439,336908.4112,7396672.684157142,31983,ok
1960180440,336914.61212857143,7396674.223542857,31983,ok
1960180441,336917.08714285714,7396683.205014286,31983,ok
1960180442,336920.8325833333,7396686.1313,31983,ok
1960180519,336897.48142857145,7396746.5174571425,31983,ok
1960180520,336892.67649999994,7396743.7429100005,31983,ok
1960180521,336887.4403222223,7396739.906922223,31983,ok
1960180522,336881.90272500005,7396733.56025,31983,ok
1960180523,336878.00915555557,7396730.578966666,31983,ok
1960180524,336874.6965142857,7396723.2746,31983,ok
1960180525,336869.8222,7396720.014216666,31983,ok
1960180526,336865.9408666667,7396711.168450001,31983,ok
1960180527,336855.58951250004,7396702.9104375,31983,ok
1960180528,336848.8160375,7396699.261225001,31983,ok
1960180529,336845.5347700001,7396693.116059999,31983,ok
1960180530,336840.45851818187,7396689.167790908,31983,ok
1960180531,336836.8546454545,7396683.82338182,31983,ok
1960180532,336831.60091,7396679.43293,31983,ok
1960180533,336825.89439,7396675.134949999,31983,ok
1960180534,336821.93260909093,7396670.357627273,31983,ok
1960180535,336812.2201285715,7396659.289942856,31983,ok
1960180536,336806.36269999994,7396654.520866666,31983,ok
1960180537,336801.984475,7396648.256041667,31983,ok
1960180538,336797.611,7396645.503666666,31983,ok
1960180539,336793.61587999994,7396638.32325,31983,ok
1960180540,336788.37603750004,7396634.613062501,31983,ok
1960180541,336783.2557666667,7396630.818700001,31983,ok
1960180542,336778.20827777777,7396625.739911112,31983,ok
1960180543,336769.70201249997,7396612.1170500005,31983,ok
1960180544,336762.99909999996,7396611.035122222,31983,ok
1960180545,336757.6998142857,7396607.112585715,31983,ok
1960180546,336752.89310000004,7396598.7029,31983,ok
1960180631,337008.9522816325,7396231.114723467,31983,ok
1960220001,336882.8285571429,7396675.969857143,31983,ok
1960220002,336877.84854,7396671.961200001,31983,ok
1960220003,336872.2212166667,7396665.6702000005,31983,ok
1960220004,336868.2594714286,7396661.2456,31983,ok
1960220005,336863.0892285714,7396658.289214285,31983,ok
1960220006,336859.57192857144,7396652.291614287,31983,ok
1960220007,336854.2597,7396646.825228572,31983,ok
1960220008,336850.27267499996,7396642.188399999,31983,ok
1960220009,336840.81698,7396650.68636,31983,ok
1960220010,336844.6685,7396658.0494800005,31983,ok
1960220011,336849.21082000004,7396662.70826,31983,ok
1960220012,336853.8893,7396667.506719999,31983,ok
1960220013,336858.5621,7396672.299319999,31983,ok
1960220014,336863.18346000003,7396677.039139999,31983,ok
1960220015,336867.8434,7396681.81848,31983,ok
1960220016,336871.56258333335,7396686.50225,31983,ok
1960230001,336828.3314666667,7396642.095466667,31983,ok
1960230002,336823.64236000006,7396636.460779999,31983,ok
1960230003,336821.1652857143,7396629.117028572,31983,ok
1960230004,336816.2001166667,7396627.724216667,31983,ok
1960230005,336809.74572000006,7396622.21142,31983,ok
1960230006,336805.0628,7396617.409640001,31983,ok
1960230007,336801.33908,7396613.5910600005,31983,ok
1960230008,336796.3861666667,7396606.4925833335,31983,ok
1960230009,336805.3791142857,7396601.169242857,31983,ok
1960230010,336809.3636714285,7396602.817714287,31983,ok
1960230011,336814.5109,7396610.128839999,31983,ok
1960230012,336818.28534,7396614.020620001,31983,ok
1960230013,336824.53613333334,7396619.44,31983,ok
1960230014,336829.0033625,7396621.7465,31983,ok
1960230015,336832.98394,7396629.156560001,31983,ok
1960230016,336837.7768,7396634.093420001,31983,ok
1960240001,336905.95731428574,7396652.723814285,31983,ok
1960240002,336900.195825,7396648.10645,31983,ok
1960240003,336897.7497428572,7396642.9102714285,31983,ok
1960240004,336892.720525,7396638.7960375,31983,ok
1960240005,336889.1152285714,7396631.495914286,31983,ok
1960240006,336884.6687111111,7396626.037766668,31983,ok
1960240007,336879.64125,7396623.718487501,31983,ok
1960240008,336875.5736625,7396617.3292125,31983,ok
1960240009,336899.5475142858,7396658.999385714,31983,ok
1960240010,336895.9177,7396654.5899375,31983,ok
1960240011,336889.41016666667,7396648.971033334,31983,ok
1960240012,336885.32453750004,7396644.901299999,31983,ok
1960240013,336878.77558571426,7396642.929657142,31983,ok
1960240014,336873.41108571424,7396637.4363857135,31983,ok
1960240015,336868.7562,7396632.663985713,31983,ok
1960240016,336864.70105714287,7396628.7890428575,31983,ok
1960250001,336796.4143375,7396586.853775,31983,ok
1960250002,336790.57035714283,7396583.703257143,31983,ok
1960250003,336785.45496666664,7396577.751844445,31983,ok
1960250004,336781.4196285714,7396575.296942858,31983,ok
1960250005,336771.8091333334,7396581.122433334,31983,ok
1960250006,336778.9479166667,7396585.855283334,31983,ok
1960250007,336781.42646,7396592.91736,31983,ok
1960250008,336785.20340000006,7396597.684383334,31983,ok
1960260001,336856.05984,7396615.66526,31983,ok
1960260004,336837.19682500005,7396595.4587,31983,ok
1960260005,336828.3784222222,7396588.183444444,31983,ok
1960260006,336822.10745999997,7396583.759390001,31983,ok
1960260007,336829.1974166666,7396575.7038,31983,ok
1960260008,336836.779075,7396583.881987499,31983,ok
1960260009,336841.4160222222,7396588.968911111,31983,ok
1960260010,336850.8648125,7396594.468162499,31983,ok
1960260011,336856.45988,7396600.88021,31983,ok
1960260012,336864.8029125,7396606.129225001,31983,ok
1960270001,336932.71414999996,7396628.437816667,31983,ok
1960270002,336927.07748000004,7396624.102160001,31983,ok
1960270003,336922.45181999996,7396619.3540199995,31983,ok
1960270004,336917.0665,7396612.676942857,31983,ok
1960270005,336913.29865,7396610.281216666,31983,ok
1960270006,336908.52765999996,7396605.06118,31983,ok
1960270007,336903.9948,7396600.4083,31983,ok
1960270008,336900.85148333333,7396592.994733334,31983,ok
1960270009,336890.45064,7396603.6387600005,31983,ok
1960270010,336894.44654,7396607.69998,31983,ok
1960270011,336899.0976,7396612.419260001,31983,ok
1960270012,336903.69776,7396617.087379999,31983,ok
1960270013,336911.267,7396620.231333334,31983,ok
1960270014,336912.98386000004,7396626.51068,31983,ok
1960270015,336917.67694000003,7396631.272820001,31983,ok
1960270016,336924.6289,7396636.400849999,31983,ok
1960280001,336761.60480000003,7396565.0499,31983,ok
1960290001,336820.70168,7396562.16936,31983,ok
1960290002,336814.8685125,7396558.289150001,31983,ok
1960290003,336811.8498142857,7396552.219171428,31983,ok
1960290004,336806.57323750004,7396548.628087499,31983,ok
1960290005,336796.5583857143,7396559.106614285,31983,ok
1960290006,336801.39369999996,7396563.668671429,31983,ok
1960290007,336807.97702500003,7396565.583425,31983,ok
1960290008,336812.19653333334,7396569.811666667,31983,ok
1960300001,336869.6814222222,7396569.855555557,31983,ok
1960310001,336943.17633999995,7396589.63714,31983,ok
1960310002,336947.4923142857,7396594.851457142,31983,ok
1960310003,336951.2760571429,7396596.292757141,31983,ok
1960310004,336958.21871666674,7396603.551016666,31983,ok
1960310005,336950.51868000004,7396610.79644,31983,ok
1960310006,336944.1620142857,7396603.336042857,31983,ok
1960310007,336940.3617142857,7396601.883728571,31983,ok
1960310008,336933.79897999996,7396597.033440001,31983,ok
1960310009,,,31983,sem_lote
1960310011,336931.9488428571,7396591.862171428,31983,ok
1960310014,336924.74315714283,7396569.494957143,31983,ok
1960310019,336940.55038333335,7396583.834016667,31983,ok
1960320001,336789.2155222222,7396540.089533334,31983,ok
1960330001,336846.2766833333,7396539.766266666,31983,ok
1960330002,336839.2342333334,7396534.953666667,31983,ok
1960330003,336834.3766,7396529.850366667,31983,ok
1960330004,336832.97888333333,7396522.9199,31983,ok
1960330005,336822.819975,7396533.878524999,31983,ok
1960330006,336827.95346666663,7396535.866066666,31983,ok
1960330007,336832.9068666666,7396542.846366666,31983,ok
1960330008,336836.80635,7396546.197524999,31983,ok
1960340001,336895.98938,7396551.28396,31983,ok
1960350001,336812.5376428571,7396515.549528571,31983,ok
1960360001,336857.48164444446,7396499.550944445,31983,ok
1960360002,336861.72166000004,7396504.93522,31983,ok
1960360003,336865.7960555556,7396508.752988889,31983,ok
1960360004,336871.6658666667,7396511.997733333,31983,ok
1960360005,336862.6823428571,7396521.313757143,31983,ok
1960360006,336858.90192857146,7396517.648442857,31983,ok
1960360007,336855.1183166667,7396511.681833333,31983,ok
1960360008,336847.29568333336,7396508.967883334,31983,ok
1970330070,327664.7131615386,7397962.589276926,31983,ok
1970330113,327706.9325407408,7397859.072574074,31983,ok
1970340026,327903.6931782609,7398048.912621737,31983,ok
2000050001,325667.6613753846,7392394.400193847,31983,ok
2000060024,325538.05980000005,7393269.274966666,31983,ok
2000170003,325869.2088,7392943.918935714,31983,ok
2000280018,325508.76991764706,7392655.897588235,31983,ok
2000560004,326323.7791341462,7391909.654470733,31983,ok
2000580001,326717.3233484733,7391191.523996948,31983,ok
2010000000,,,31983,sem_lote
2020000000,,,31983,sem_lote
2030000000,,,31983,sem_lote
2059990000,,,31983,sem_lote
2070000000,,,31983,sem_lote
2079980000,,,31983,sem_lote
2110000000,,,31983,sem_lote
2209990000,,,31983,sem_lote
2229880000,,,31983,sem_lote
2301160000,,,31983,sem_lote
2371260001,,,31983,sem_lote
2519990000,,,31983,sem_lote
2690000000,,,31983,sem_lote
2699970000,,,31983,sem_lote
2749980000,,,31983,sem_lote
2769920000,,,31983,sem_lote
2779780000,,,31983,sem_lote
2790000000,,,31983,sem_lote
2820060000,,,31983,sem_lote
2829990000,,,31983,sem_lote
2859870000,,,31983,sem_lote
2869990000,,,31983,sem_lote
2879920000,,,31983,sem_lote
2879980000,,,31983,sem_lote
2919980000,,,31983,sem_lote
2979990000,,,31983,sem_lote
2989990000,,,31983,sem_lote
2990130028,,,31983,sem_lote
2990140000,,,31983,sem_lote
2990140177,,,31983,sem_lote
2991430001,,,31983,sem_lote
3000090033,,,31983,sem_lote
3000320012,,,31983,sem_lote
3000750001,,,31983,sem_lote
3000750004,,,31983,sem_lote
3000750007,,,31983,sem_lote
3040090001,,,31983,sem_lote
3040090002,,,31983,sem_lote
3040560001,,,31983,sem_lote
3041250009,,,31983,sem_lote
3060280040,,,31983,sem_lote
3060600013,,,31983,sem_lote
