sql_mestre,zona,ca_basico,fonte,na_aiu_sce
0010060001,ZEIS-3,1,ZEIS_3.shp,
0010110001,ZEIS-3,1,GeoSampa(Lei18177→ZEIS-3)+Q3,1
0010110002,ZEIS-3,1,GeoSampa(Lei18177→ZEIS-3)+Q3,1
0010110003,ZEIS-3,1,ZEIS_3.shp,
0010110067,ZEIS-3,1,ZEIS_3.shp,
0010180001,ZC,1,ZC.shp,
0010190004,ZC,1,GeoSampa(Lei18177→ZC)+Q3,1
0010190022,ZC,1,ZC.shp,
0010190023,ZC,1,ZC.shp,
0010190037,ZC,1,ZC.shp,
0010190038,ZC,1,GeoSampa(Lei18177→ZC)+Q3,1
0010190069,ZC,1,ZC.shp,
0010190309,ZC,1,GeoSampa(Lei18177→ZC)+Q3,1
0010190343,ZC,1,ZC.shp,
0010200033,ZC,1,ZC.shp,
0010200034,ZC,1,GeoSampa(Lei18177→ZC)+Q3,1
0010230001,ZC,1,ZC.shp,
0010230149,ZC,1,ZC.shp,
0010230150,ZC,1,ZC.shp,
0010230151,ZC,1,ZC.shp,
0010230152,ZC,1,ZC.shp,
0010230153,ZC,1,ZC.shp,
0010230154,ZC,1,ZC.shp,
0010230155,ZC,1,ZC.shp,
0010230156,ZC,1,ZC.shp,
0010230157,ZC,1,ZC.shp,
0010230158,ZC,1,ZC.shp,
0010230159,ZC,1,ZC.shp,
0010230160,ZC,1,ZC.shp,
0010230161,ZC,1,ZC.shp,
0010230162,ZC,1,GeoSampa(Lei18177→ZC)+Q3,1
0010230163,ZC,1,ZC.shp,
0010230164,ZC,1,ZC.shp,
0010230165,ZC,1,ZC.shp,
0010230166,ZC,1,ZC.shp,
0010230167,ZC,1,ZC.shp,
0010230168,ZC,1,ZC.shp,
0010230169,ZC,1,ZC.shp,
0010230170,ZC,1,ZC.shp,
0010230171,ZC,1,ZC.shp,
0010230172,ZC,1,ZC.shp,
0010230173,ZC,1,ZC.shp,
0010230174,ZC,1,ZC.shp,
0010230175,ZC,1,ZC.shp,
0010230176,ZC,1,ZC.shp,
0010230177,ZC,1,ZC.shp,
0010260001,ZC,1,ZC.shp,
0010260003,ZC,1,ZC.shp,
0010260004,ZC,1,GeoSampa(Lei18177→ZC)+Q3,1
0010260005,ZC,1,GeoSampa(Lei18177→ZC)+Q3,1
0010260012,ZEIS-3,1,ZEIS_3.shp,
0010260013,ZEIS-3,1,ZEIS_3.shp,
0010260014,ZEIS-3,1,ZEIS_3.shp,
0010260103,ZC,1,ZC.shp,
0010260104,ZEIS-3,1,ZEIS_3.shp,
0010260105,ZEIS-3,1,ZEIS_3.shp,
0010270000,ZC,1,ZC.shp,
0010270002,ZC,1,ZC.shp,
0010270028,ZC,1,GeoSampa(Lei18177→ZC)+Q3,1
0010270031,ZC,1,GeoSampa(Lei18177→ZC)+Q3,1
0010340024,ZC,1,GeoSampa(Lei18177→ZC)+Q3,1
0010360000,ZC,1,ZC.shp,
0010360004,ZC,1,ZC.shp,
0010360008,ZC,1,ZC.shp,
0010360279,ZC,1,GeoSampa(Lei18177→ZC)+Q3,1
0010360427,ZC,1,ZC.shp,
0010360428,ZC,1,ZC.shp,
0010400000,ZC,1,ZC.shp,
0010400002,ZC,1,ZC.shp,
0010400003,ZC,1,ZC.shp,
0010400004,ZC,1,ZC.shp,
0010400005,ZC,1,ZC.shp,
0010400006,ZC,1,ZC.shp,
0010400008,ZC,1,ZC.shp,
0010400009,ZC,1,ZC.shp,
0010410012,ZC,1,ZC.shp,
0010410013,ZC,1,ZC.shp,
0010410014,ZC,1,ZC.shp,
0010410015,ZC,1,ZC.shp,
0010410017,ZC,1,ZC.shp,
0010410018,ZC,1,ZC.shp,
0010420000,ZC,1,ZC.shp,
0010420001,ZC,1,ZC.shp,
0010420013,ZC,1,ZC.shp,
0010440000,ZC,1,ZC.shp,
0010440046,ZC,1,ZC.shp,
0010440050,ZEIS-5,1,ZEIS_5.shp,
0010440051,ZC,1,ZC.shp,
0010440304,ZC,1,ZC.shp,
0010440349,ZC,1,ZC.shp,
0010440351,ZEIS-5,1,ZEIS_5.shp,
0010440356,ZC,1,ZC.shp,
0010440358,ZC,1,ZC.shp,
0010440361,ZC,1,ZC.shp,
0010440365,ZEIS-5,1,ZEIS_5.shp,
0010450000,ZC,1,ZC.shp,
0010450002,ZC,1,ZC.shp,
0010450004,ZC,1,GeoSampa(Lei18177→ZC)+Q3,1
0010450005,ZC,1,ZC.shp,
0010460000,ZC,1,ZC.shp,
0010460002,ZC,1,ZC.shp,
0010460003,ZC,1,GeoSampa(Lei18177→ZC)+Q3,1
0010460007,ZC,1,GeoSampa(Lei18177→ZC)+Q3,1
0010460275,ZC,1,GeoSampa(Lei18177→ZC)+Q3,1
0010480000,ZC,1,ZC.shp,
0010490000,ZC,1,ZC.shp,
0010490029,ZC,1,ZC.shp,
0010490030,ZC,1,ZC.shp,
0010490034,ZC,1,ZC.shp,
0010490045,ZC,1,ZC.shp,
0010490046,ZC,1,ZC.shp,
0010490048,ZC,1,ZC.shp,
0010490049,ZC,1,ZC.shp,
0010490055,ZC,1,ZC.shp,
0010490059,ZC,1,ZC.shp,
0010490235,ZC,1,ZC.shp,
0010490670,ZC,1,ZC.shp,
0010490824,ZC,1,ZC.shp,
0010500001,ZC,1,GeoSampa(Lei18177→ZC)+Q3,1
0010500002,ZC,1,GeoSampa(Lei18177→ZC)+Q3,1
0010500003,ZC,1,GeoSampa(Lei18177→ZC)+Q3,1
0010500005,ZC,1,GeoSampa(Lei18177→ZC)+Q3,1
0010500006,ZC,1,GeoSampa(Lei18177→ZC)+Q3,1
0010500007,ZC,1,GeoSampa(Lei18177→ZC)+Q3,1
0010500008,ZC,1,ZC.shp,
0010500014,ZC,1,ZC.shp,
0010500018,ZC,1,ZC.shp,
0010500020,ZC,1,ZC.shp,
0010500023,ZC,1,ZC.shp,
0010500024,ZC,1,ZC.shp,
0010500025,ZC,1,ZC.shp,
0010500026,ZC,1,ZC.shp,
0010500029,ZC,1,ZC.shp,
0010500030,ZC,1,ZC.shp,
0010500077,ZC,1,ZC.shp,
0010500081,ZC,1,GeoSampa(Lei18177→ZC)+Q3,1
0010500085,ZC,1,ZC.shp,
0010500086,ZC,1,ZC.shp,
0010500087,ZC,1,ZC.shp,
0010500088,ZC,1,ZC.shp,
0010500097,ZC,1,ZC.shp,
0010500113,ZC,1,ZC.shp,
0010500408,ZC,1,ZC.shp,
0010510000,ZC,1,ZC.shp,
0010510008,ZC,1,ZC.shp,
0010510024,ZC,1,ZC.shp,
0010510025,ZC,1,ZC.shp,
0010510028,ZC,1,ZC.shp,
0010510053,ZC,1,ZC.shp,
0010510054,ZC,1,ZC.shp,
0010510055,ZC,1,GeoSampa(Lei18177→ZC)+Q3,1
0010520006,ZC,1,GeoSampa(Lei18177→ZC)+Q3,1
0010520009,ZC,1,ZC.shp,
0010520019,ZC,1,ZC.shp,
0010520022,ZC,1,ZC.shp,
0010520024,ZC,1,ZC.shp,
0010520025,ZC,1,ZC.shp,
0010520026,ZC,1,ZC.shp,
0010530000,ZEIS-5,1,GeoSampa(Lei18177→ZEIS-5)+Q3,1
0010530006,ZC,1,ZC.shp,
0010530009,ZC,1,ZC.shp,
0010530012,ZC,1,ZC.shp,
0010530017,ZC,1,ZC.shp,
0010530018,ZC,1,ZC.shp,
0010530020,ZEIS-5,1,ZEIS_5.shp,
0010530025,ZEIS-3,1,ZEIS_3.shp,
0010530026,ZEIS-3,1,ZEIS_3.shp,
0010530030,ZEIS-5,1,ZEIS_5.shp,
0010530033,ZC,1,ZC.shp,
0010530036,ZEIS-5,1,ZEIS_5.shp,
0010530048,ZC,1,GeoSampa(Lei18177→ZC)+Q3,1
0010530049,ZC,1,GeoSampa(Lei18177→ZC)+Q3,1
0010530228,ZEIS-5,1,ZEIS_5.shp,
0010530229,ZC,1,ZC.shp,
0010530278,ZC,1,ZC.shp,
0010530363,ZC,1,ZC.shp,
0010550004,ZC,1,ZC.shp,
0010550006,ZC,1,ZC.shp,
0010550007,ZEIS-3,1,ZEIS_3.shp,
0010550161,ZC,1,ZC.shp,
0010560001,ZC,1,ZC.shp,
0010570000,ZC,1,ZC.shp,
0010570009,ZC,1,ZC.shp,
0010570018,ZC,1,ZC.shp,
0010570024,ZEIS-3,1,ZEIS_3.shp,
0010580000,ZC,1,ZC.shp,
0010580001,ZC,1,ZC.shp,
0010580008,ZC,1,ZC.shp,
0010580033,ZC,1,ZC.shp,
0010580047,ZC,1,ZC.shp,
0010610008,ZC,1,ZC.shp,
0010610009,ZC,1,ZC.shp,
0010610010,ZC,1,ZC.shp,
0010610011,ZC,1,ZC.shp,
0010610012,ZC,1,ZC.shp,
0010620009,ZC,1,ZC.shp,
0010620011,ZC,1,ZC.shp,
0010630005,ZC,1,ZC.shp,
0010630030,ZC,1,ZC.shp,
0010630052,ZC,1,ZC.shp,
0010640000,ZC,1,ZC.shp,
0010640003,ZC,1,ZC.shp,
0010640012,ZC,1,ZC.shp,
0010640402,ZC,1,ZC.shp,
0010640403,ZC,1,ZC.shp,
0010650001,ZC,1,ZC.shp,
0010650002,ZC,1,ZC.shp,
0010650003,ZC,1,ZC.shp,
0010650004,ZC,1,ZC.shp,
0010650005,ZC,1,ZC.shp,
0010650006,ZC,1,ZC.shp,
0010650007,ZC,1,ZC.shp,
0010650008,ZC,1,ZC.shp,
0010650009,ZC,1,ZC.shp,
0010650010,ZC,1,ZC.shp,
0010670000,ZC,1,ZC.shp,
0010670021,ZC,1,ZC.shp,
0010670022,ZC,1,ZC.shp,
0010670023,ZC,1,ZC.shp,
0010670027,ZC,1,ZC.shp,
0010670028,ZC,1,ZC.shp,
0010670029,ZC,1,ZC.shp,
0010670030,ZC,1,ZC.shp,
0010670043,ZC,1,ZC.shp,
0010670045,ZC,1,ZC.shp,
0010670046,ZC,1,ZC.shp,
0010670243,ZC,1,ZC.shp,
0010670245,ZC,1,ZC.shp,
0010670246,ZC,1,ZC.shp,
0010680000,ZC,1,ZC.shp,
0010690005,ZEIS-5,1,ZEIS_5.shp,
0010710000,ZC,1,ZC.shp,
0010720000,ZC,1,ZC.shp,
0010720093,ZC,1,ZC.shp,
0010720098,ZC,1,GeoSampa(Lei18177→ZC)+Q3,1
0010720099,ZC,1,GeoSampa(Lei18177→ZC)+Q3,1
0010730000,ZC,1,ZC.shp,
0010730002,ZC,1,ZC.shp,
0010730005,ZC,1,ZC.shp,
0010730006,ZC,1,ZC.shp,
0010740002,ZC,1,ZC.shp,
0010740019,ZC,1,ZC.shp,
0010740020,ZC,1,ZC.shp,
0010740021,ZC,1,ZC.shp,
0010740025,ZC,1,ZC.shp,
0010750000,ZC,1,ZC.shp,
0010750010,ZC,1,GeoSampa(Lei18177→ZC)+Q3,1
0010750021,ZC,1,ZC.shp,
0010750022,ZC,1,ZC.shp,
0010750023,ZC,1,ZC.shp,
0010750028,ZC,1,ZC.shp,
0010750029,ZC,1,ZC.shp,
0010750051,ZC,1,ZC.shp,
0010750135,ZC,1,ZC.shp,
0010750136,ZC,1,ZC.shp,
0010750505,ZC,1,ZC.shp,
0010750523,ZC,1,ZC.shp,
0010750524,ZC,1,ZC.shp,
0010750656,ZC,1,ZC.shp,
0010770000,ZC,1,GeoSampa(Lei18177→ZC)+Q3,1
0010770003,ZC,1,GeoSampa(Lei18177→ZC)+Q3,1
0010770009,ZC,1,GeoSampa(Lei18177→ZC)+Q3,1
0010780000,ZC,1,ZC.shp,
0010790000,ZC,1,ZC.shp,
0010800000,ZC,1,GeoSampa(Lei18177→ZC)+Q3,1
0010800002,ZC,1,ZC.shp,
0010800009,ZC,1,GeoSampa(Lei18177→ZC)+Q3,1
0010800010,ZC,1,ZC.shp,
0010800012,ZC,1,ZC.shp,
0010800014,ZC,1,GeoSampa(Lei18177→ZC)+Q3,1
0010800016,ZC,1,GeoSampa(Lei18177→ZC)+Q3,1
0010800019,ZC,1,ZC.shp,
0010800181,ZC,1,ZC.shp,
0010800182,ZC,1,ZC.shp,
0010800183,ZC,1,ZC.shp,
0010810000,ZC,1,ZC.shp,
0010810003,ZC,1,ZC.shp,
0010810004,ZC,1,ZC.shp,
0010810005,ZC,1,ZC.shp,
0010810012,ZC,1,ZC.shp,
0010810014,ZC,1,ZC.shp,
0010810019,ZC,1,ZC.shp,
0010810021,ZC,1,ZC.shp,
0010810022,ZC,1,ZC.shp,
0010810023,ZC,1,ZC.shp,
0010810024,ZC,1,ZC.shp,
0010810025,ZC,1,ZC.shp,
0010820001,ZC,1,ZC.shp,
0010820004,ZC,1,ZC.shp,
0010820007,ZC,1,ZC.shp,
0010820014,ZC,1,ZC.shp,
0010820015,ZC,1,ZC.shp,
0010830000,ZC,1,ZC.shp,
0010830002,ZC,1,ZC.shp,
0010830004,ZC,1,ZC.shp,
0010830007,ZC,1,ZC.shp,
0010830011,ZC,1,ZC.shp,
0010830016,ZC,1,ZC.shp,
0010830018,ZC,1,ZC.shp,
0010830020,ZC,1,ZC.shp,
0010830021,ZC,1,ZC.shp,
0010830031,ZC,1,ZC.shp,
0010840000,ZC,1,ZC.shp,
0010840003,ZC,1,ZC.shp,
0010840006,ZC,1,ZC.shp,
0010840008,ZC,1,ZC.shp,
0010840016,ZC,1,ZC.shp,
0010840021,ZC,1,ZC.shp,
0010840022,ZC,1,ZC.shp,
0010840023,ZC,1,ZC.shp,
0010850001,ZC,1,ZC.shp,
0010850003,ZC,1,ZC.shp,
0010860003,ZC,1,ZC.shp,
0010860004,ZC,1,ZC.shp,
0010860009,ZC,1,ZC.shp,
0010860015,ZC,1,ZC.shp,
0010870001,ZEPAM,"0,1",ZEPAM.shp,
0010870002,ZEPAM,"0,1",ZEPAM.shp,
0010870003,ZEPAM,"0,1",ZEPAM.shp,
0020110015,ZEIS-3,1,GeoSampa(Lei18177→ZEIS-3)+Q3,1
0020110016,ZEIS-3,1,GeoSampa(Lei18177→ZEIS-3)+Q3,1
0020110017,ZEIS-3,1,ZEIS_3.shp,
0020110018,ZEIS-3,1,ZEIS_3.shp,
0020110019,ZEIS-3,1,ZEIS_3.shp,
0020110020,ZEIS-3,1,ZEIS_3.shp,
0020110021,ZEIS-3,1,ZEIS_3.shp,
0020110022,ZEIS-3,1,ZEIS_3.shp,
0020110023,ZEIS-3,1,ZEIS_3.shp,
0020110024,ZEIS-3,1,ZEIS_3.shp,
0020110025,ZEIS-3,1,ZEIS_3.shp,
0020110026,ZEIS-3,1,ZEIS_3.shp,
0020110027,ZEIS-3,1,ZEIS_3.shp,
0020110028,ZEIS-3,1,ZEIS_3.shp,
0020110029,ZEIS-3,1,ZEIS_3.shp,
0020110030,ZEIS-3,1,ZEIS_3.shp,
0020110031,ZEIS-3,1,ZEIS_3.shp,
0020110032,ZEIS-3,1,ZEIS_3.shp,
0020110033,ZEIS-3,1,ZEIS_3.shp,
0020110034,ZEIS-3,1,GeoSampa(Lei18177→ZEIS-3)+Q3,1
0020110035,ZEIS-3,1,ZEIS_3.shp,
0020110036,ZEIS-3,1,ZEIS_3.shp,
0020110037,ZEIS-3,1,ZEIS_3.shp,
0020110038,ZEIS-3,1,ZEIS_3.shp,
0020110039,ZC,1,ZC.shp,
0020110040,ZC,1,ZC.shp,
0020110041,ZC,1,ZC.shp,
0020110042,ZC,1,ZC.shp,
0020110043,ZC,1,ZC.shp,
0020110044,ZC,1,ZC.shp,
0020110045,ZEIS-3,1,GeoSampa(Lei18177→ZEIS-3)+Q3,1
0020110046,ZEIS-3,1,GeoSampa(Lei18177→ZEIS-3)+Q3,1
0020110047,ZC,1,ZC.shp,
0020110048,ZC,1,ZC.shp,
0020110049,ZC,1,ZC.shp,
0020120001,ZEIS-3,1,ZEIS_3.shp,
0020120002,ZEIS-3,1,ZEIS_3.shp,
0020120003,ZEIS-3,1,GeoSampa(Lei18177→ZEIS-3)+Q3,1
0020120004,ZEIS-3,1,ZEIS_3.shp,
0020120005,ZEIS-3,1,ZEIS_3.shp,
0020120006,ZEIS-3,1,ZEIS_3.shp,
0020120007,ZEIS-3,1,ZEIS_3.shp,
0020120008,ZEIS-3,1,ZEIS_3.shp,
0020120009,ZEIS-3,1,ZEIS_3.shp,
0020120010,ZEIS-3,1,ZEIS_3.shp,
0020120011,ZEIS-3,1,ZEIS_3.shp,
0020120012,ZEIS-3,1,ZEIS_3.shp,
0020120013,ZEIS-3,1,ZEIS_3.shp,
0020120014,ZEIS-3,1,GeoSampa(Lei18177→ZEIS-3)+Q3,1
0020120015,ZEIS-3,1,ZEIS_3.shp,
0020120016,ZEIS-3,1,ZEIS_3.shp,
0020120017,ZEIS-3,1,ZEIS_3.shp,
0020120018,ZEIS-3,1,ZEIS_3.shp,
0020120019,ZEIS-3,1,ZEIS_3.shp,
0020120020,ZEIS-3,1,GeoSampa(Lei18177→ZEIS-3)+Q3,1
0020120021,ZEIS-3,1,ZEIS_3.shp,
0020120022,ZEIS-3,1,ZEIS_3.shp,
0020120023,ZEIS-3,1,ZEIS_3.shp,
0020120024,ZEIS-3,1,ZEIS_3.shp,
0020120025,ZEIS-3,1,ZEIS_3.shp,
0020120026,ZEIS-3,1,ZEIS_3.shp,
0020130001,ZEIS-3,1,ZEIS_3.shp,
0020130002,ZEIS-3,1,ZEIS_3.shp,
0020130003,ZEIS-3,1,GeoSampa(Lei18177→ZEIS-3)+Q3,1
0020130004,ZEIS-3,1,ZEIS_3.shp,
0020130005,ZEIS-3,1,ZEIS_3.shp,
0020130006,ZEIS-3,1,ZEIS_3.shp,
0020130007,ZEIS-3,1,ZEIS_3.shp,
0020130008,ZEIS-3,1,ZEIS_3.shp,
0020130009,ZEIS-3,1,ZEIS_3.shp,
0020130010,ZEIS-3,1,ZEIS_3.shp,
0020130011,ZEIS-3,1,GeoSampa(Lei18177→ZEIS-3)+Q3,1
0020130012,ZEIS-3,1,ZEIS_3.shp,
0020130013,ZEIS-3,1,ZEIS_3.shp,
0020130014,ZEIS-3,1,ZEIS_3.shp,
0020130015,ZEIS-3,1,ZEIS_3.shp,
0020130016,ZEIS-3,1,GeoSampa(Lei18177→ZEIS-3)+Q3,1
0020130017,ZEIS-3,1,ZEIS_3.shp,
0020130018,ZEIS-3,1,ZEIS_3.shp,
0020130019,ZEIS-3,1,ZEIS_3.shp,
0020130020,ZEIS-3,1,ZEIS_3.shp,
0020130021,ZEIS-3,1,ZEIS_3.shp,
0020130022,ZEIS-3,1,ZEIS_3.shp,
0020130023,ZEIS-3,1,ZEIS_3.shp,
0020140005,ZEIS-3,1,ZEIS_3.shp,
0020140006,ZEIS-3,1,ZEIS_3.shp,
0020140007,ZEIS-3,1,ZEIS_3.shp,
0020140008,ZEIS-3,1,ZEIS_3.shp,
0020140009,ZEIS-3,1,ZEIS_3.shp,
0020140010,ZEIS-3,1,ZEIS_3.shp,
0020140011,ZEIS-3,1,GeoSampa(Lei18177→ZEIS-3)+Q3,1
0020140012,ZEIS-3,1,ZEIS_3.shp,
0020140013,ZEIS-3,1,GeoSampa(Lei18177→ZEIS-3)+Q3,1
0020140014,ZEIS-3,1,ZEIS_3.shp,
0020140015,ZEIS-3,1,ZEIS_3.shp,
0020140016,ZEIS-3,1,ZEIS_3.shp,
0020140017,ZEIS-3,1,ZEIS_3.shp,
0020140018,ZEIS-3,1,ZEIS_3.shp,
0020140019,ZEIS-3,1,ZEIS_3.shp,
0020140020,ZEIS-3,1,ZEIS_3.shp,
0020140021,ZEIS-3,1,ZEIS_3.shp,
0020140022,ZEIS-3,1,ZEIS_3.shp,
0020150005,ZC,1,ZC.shp,
0020150006,ZC,1,ZC.shp,
0020150007,ZC,1,ZC.shp,
0020150008,ZC,1,ZC.shp,
0020150009,ZC,1,ZC.shp,
0020150010,ZC,1,ZC.shp,
0020150011,ZC,1,ZC.shp,
0020150012,ZC,1,ZC.shp,
0020150013,ZC,1,ZC.shp,
0020150014,ZC,1,ZC.shp,
0020150015,ZC,1,ZC.shp,
0020150016,ZC,1,ZC.shp,
0020150017,ZC,1,ZC.shp,
0020150018,ZC,1,ZC.shp,
0020150019,ZC,1,ZC.shp,
0020150020,ZC,1,ZC.shp,
0020150021,ZC,1,ZC.shp,
0020150022,ZC,1,ZC.shp,
0020160000,ZEIS-3,1,GeoSampa(Lei18177→ZEIS-3)+Q3,1
0020160002,ZEIS-3,1,GeoSampa(Lei18177→ZEIS-3)+Q3,1
0020160003,ZC,1,ZC.shp,
0020160004,ZC,1,ZC.shp,
0020160005,ZC,1,ZC.shp,
0020160006,ZC,1,ZC.shp,
0020160007,ZC,1,ZC.shp,
0020160008,ZC,1,ZC.shp,
0020160009,ZC,1,ZC.shp,
0020160010,ZC,1,ZC.shp,
0020160011,ZC,1,ZC.shp,
0020160012,ZC,1,ZC.shp,
0020160013,ZC,1,ZC.shp,
0020160014,ZC,1,ZC.shp,
0020160015,ZC,1,ZC.shp,
0020160016,ZC,1,ZC.shp,
0020160019,ZC,1,ZC.shp,
0020170080,ZEIS-3,1,ZEIS_3.shp,
0020220094,ZC,1,ZC.shp,
0020310001,ZC,1,ZC.shp,
0020320026,ZC,1,ZC.shp,
0020400001,ZC,1,ZC.shp,
0020470043,ZC,1,ZC.shp,
0020480027,ZEIS-3,1,ZEIS_3.shp,
0020480028,ZEIS-3,1,ZEIS_3.shp,
0020480029,ZEIS-3,1,ZEIS_3.shp,
0020480031,ZC,1,ZC.shp,
0020480042,ZC,1,ZC.shp,
0020480043,ZC,1,ZC.shp,
0020480045,ZC,1,ZC.shp,
0020480046,ZEIS-3,1,ZEIS_3.shp,
0020480047,ZEIS-3,1,ZEIS_3.shp,
0020480048,ZEIS-3,1,ZEIS_3.shp,
0020480049,ZEIS-3,1,ZEIS_3.shp,
0020520001,Praça/Canteiro,1,PDE_Art14§1(Praça/Canteiro),1
0020590000,ZC,1,ZC.shp,
0020590045,ZC,1,ZC.shp,
0020590047,ZC,1,ZC.shp,
0020590048,ZC,1,ZC.shp,
0020590049,ZC,1,ZC.shp,
0020590051,ZC,1,ZC.shp,
0020590052,ZC,1,GeoSampa(Lei18177→ZC)+Q3,1
0020590054,ZC,1,ZC.shp,
0020590055,ZC,1,ZC.shp,
0020590057,ZC,1,ZC.shp,
0020590365,ZC,1,ZC.shp,
0020600000,ZC,1,ZC.shp,
0020600002,ZC,1,ZC.shp,
0020600003,ZC,1,ZC.shp,
0020600004,ZC,1,ZC.shp,
0020610002,ZC,1,ZC.shp,
0020610004,ZC,1,GeoSampa(Lei18177→ZC)+Q3,1
0020610006,ZC,1,ZC.shp,
0020620001,ZC,1,GeoSampa(Lei18177→ZC)+Q3,1
0020630001,ZC,1,GeoSampa(Lei18177→ZC)+Q3,1
0020660001,ZC,1,ZC.shp,
0020660002,ZC,1,ZC.shp,
0020660004,ZC,1,ZC.shp,
0020660017,ZC,1,GeoSampa(Lei18177→ZC)+Q3,1
0020660018,ZC,1,GeoSampa(Lei18177→ZC)+Q3,1
0020660019,ZC,1,GeoSampa(Lei18177→ZC)+Q3,1
0020660037,ZC,1,ZC.shp,
0020670002,ZC,1,ZC.shp,
0020680002,ZC,1,ZC.shp,
0020680005,ZC,1,ZC.shp,
0020680006,ZC,1,ZC.shp,
0020680007,ZC,1,GeoSampa(Lei18177→ZC)+Q3,1
0020680008,ZC,1,ZC.shp,
0020680011,ZC,1,ZC.shp,
0020680013,ZC,1,ZC.shp,
0020700000,ZC,1,ZC.shp,
0020700699,ZC,1,ZC.shp,
0020720006,ZC,1,ZC.shp,
0020730001,ZC,1,ZC.shp,
0020730002,ZC,1,ZC.shp,
0020730003,ZC,1,GeoSampa(Lei18177→ZC)+Q3,1
0020730004,ZC,1,GeoSampa(Lei18177→ZC)+Q3,1
0020740000,ZC,1,ZC.shp,
0020740006,ZC,1,ZC.shp,
0020740007,ZC,1,GeoSampa(Lei18177→ZC)+Q3,1
0020740019,ZC,1,ZC.shp,
0020760077,ZC,1,ZC.shp,
0020780004,ZC,1,ZC.shp,
0020780005,ZC,1,ZC.shp,
0020780006,ZC,1,ZC.shp,
0020780007,ZC,1,ZC.shp,
0020780008,ZC,1,ZC.shp,
0020790022,ZC,1,ZC.shp,
0020790023,ZC,1,ZC.shp,
0020790024,ZC,1,ZC.shp,
0020790025,ZC,1,ZC.shp,
0020790026,ZC,1,ZC.shp,
0020790027,ZC,1,ZC.shp,
0020790028,ZC,1,ZC.shp,
0020790029,ZC,1,ZC.shp,
0020790030,ZC,1,ZC.shp,
0020790031,ZC,1,ZC.shp,
0020790032,ZC,1,ZC.shp,
0020830001,ZC,1,ZC.shp,
0020830002,ZC,1,ZC.shp,
0020830003,ZC,1,ZC.shp,
0020830004,ZC,1,ZC.shp,
0020830005,ZC,1,ZC.shp,
0020830006,ZC,1,ZC.shp,
0020830007,ZC,1,ZC.shp,
0020830008,ZC,1,ZC.shp,
0020830009,ZC,1,ZC.shp,
0020830010,ZC,1,ZC.shp,
0020830011,ZC,1,ZC.shp,
0020830012,ZC,1,ZC.shp,
0030020001,ZEIS-3,1,ZEIS_3.shp,
0030020003,ZC,1,ZC.shp,
0030020004,ZC,1,ZC.shp,
0030020005,ZC,1,ZC.shp,
0030020006,ZC,1,ZC.shp,
0030020007,ZC,1,ZC.shp,
0030020008,ZC,1,ZC.shp,
0030020009,ZC,1,ZC.shp,
0030020010,ZC,1,ZC.shp,
0030020011,ZC,1,GeoSampa(Lei18177→ZC)+Q3,1
0030020014,ZEIS-3,1,ZEIS_3.shp,
0030020015,ZEIS-3,1,ZEIS_3.shp,
0030020017,ZEIS-3,1,ZEIS_3.shp,
0030020018,ZEIS-3,1,ZEIS_3.shp,
0030020019,ZEIS-3,1,ZEIS_3.shp,
0030020020,ZC,1,GeoSampa(Lei18177→ZC)+Q3,1
0030020021,ZC,1,GeoSampa(Lei18177→ZC)+Q3,1
0030020022,ZC,1,ZC.shp,
0030020023,ZC,1,ZC.shp,
0030020024,ZC,1,ZC.shp,
0030020025,ZC,1,ZC.shp,
0030020026,ZC,1,ZC.shp,
0030030000,ZC,1,ZC.shp,
0030030001,ZC,1,ZC.shp,
0030030002,ZEIS-3,1,ZEIS_3.shp,
0030030045,ZC,1,ZC.shp,
0030030048,ZC,1,ZC.shp,
0030030049,ZC,1,ZC.shp,
0030040000,ZC,1,ZC.shp,
0030050001,ZC,1,ZC.shp,
0030060001,ZEIS-3,1,ZEIS_3.shp,
0030060002,ZEIS-3,1,ZEIS_3.shp,
0030060019,ZC,1,GeoSampa(Lei18177→ZC)+Q3,1
0030060020,ZC,1,ZC.shp,
0030060028,ZEIS-3,1,ZEIS_3.shp,
0030060029,ZEIS-3,1,ZEIS_3.shp,
0030090001,ZC,1,ZC.shp,
0030450043,ZC,1,ZC.shp,
0030450044,ZEIS-3,1,ZEIS_3.shp,
0030600105,ZC,1,ZC.shp,
0040110006,ZEIS-3,1,GeoSampa(Lei18177→ZEIS-3)+Q3,1
0040170001,ZM,1,ZM_u.shp,
0040170002,ZM,1,ZM_u.shp,
0040170003,ZM,1,ZM_u.shp,
0040170004,ZM,1,ZM_u.shp,
0040170005,ZM,1,ZM_u.shp,
0040170006,ZM,1,ZM_u.shp,
0040170007,ZM,1,ZM_u.shp,
0040170008,ZM,1,ZM_u.shp,
0040170011,ZM,1,ZM_u.shp,
0040170012,ZM,1,ZM_u.shp,
0040170013,ZM,1,ZM_u.shp,
0040170014,ZM,1,ZM_u.shp,
0040170015,ZM,1,ZM_u.shp,
0040170016,ZM,1,ZM_u.shp,
0040170017,ZM,1,ZM_u.shp,
0040170018,ZM,1,ZM_u.shp,
0040170019,ZM,1,ZM_u.shp,
0040170020,ZM,1,ZM_u.shp,
0040310001,ZEIS-5,1,ZEIS_5.shp,
0040330000,ZEIS-3,1,ZEIS_3.shp,
0040330008,ZEIS-3,1,ZEIS_3.shp,
0040340000,ZEIS-3,1,ZEIS_3.shp,
0040350000,ZEIS-3,1,ZEIS_3.shp,
0040480027,ZM,1,ZM_u.shp,
0040500103,ZM,1,ZM_u.shp,
0040530001,ZEIS-3,1,ZEIS_3.shp,
0040540000,ZEIS-3,1,ZEIS_3.shp,
0050010000,ZC,1,ZC.shp,
0050020000,ZEIS-3,1,ZEIS_3.shp,
0050020002,ZC,1,ZC.shp,
0050020144,ZC,1,ZC.shp,
0050030003,ZC,1,ZC.shp,
0050030005,ZC,1,ZC.shp,
0050030006,ZC,1,ZC.shp,
0050030007,ZC,1,ZC.shp,
0050030008,ZC,1,ZC.shp,
0050030009,ZC,1,ZC.shp,
0050030011,ZC,1,ZC.shp,
0050030048,ZC,1,GeoSampa(Lei18177→ZC)+Q3,1
0050040003,ZC,1,ZC.shp,
0050040006,ZC,1,ZC.shp,
0050040013,ZC,1,ZC.shp,
0050040018,ZC,1,ZC.shp,
0050040019,ZC,1,ZC.shp,
0050040023,ZC,1,ZC.shp,
0050040026,ZC,1,ZC.shp,
0050040080,ZC,1,ZC.shp,
0050050000,ZC,1,ZC.shp,
0050080001,ZC,1,GeoSampa(Lei18177→ZC)+Q3,1
0050100000,ZC,1,ZC.shp,
0050100002,ZC,1,GeoSampa(Lei18177→ZC)+Q3,1
0050100003,ZCP-b,1,GeoSampa(v3→ZCP-b)+PDE_Art14§1,1
0050100005,ZC,1,ZC.shp,
0050100006,ZC,1,GeoSampa(Lei18177→ZC)+Q3,1
0050110000,ZC,1,GeoSampa(Lei18177→ZC)+Q3,1
0050110011,ZC,1,ZC.shp,
0050110012,ZC,1,ZC.shp,
0050110013,ZC,1,ZC.shp,
0050110022,ZC,1,GeoSampa(Lei18177→ZC)+Q3,1
0050110384,ZC,1,ZC.shp,
0050120000,ZC,1,ZC.shp,
0050120001,ZC,1,ZC.shp,
0050120003,ZC,1,ZC.shp,
0050120004,ZCP-b,1,GeoSampa(v3→ZCP-b)+PDE_Art14§1,1
0050120006,ZC,1,ZC.shp,
0050120011,ZC,1,ZC.shp,
0050120016,ZC,1,ZC.shp,
0050120019,ZC,1,ZC.shp,
0050120092,ZC,1,ZC.shp,
0050130004,ZC,1,ZC.shp,
0050130005,ZC,1,ZC.shp,
0050130007,ZC,1,ZC.shp,
0050130119,ZC,1,GeoSampa(Lei18177→ZC)+Q3,1
0050140000,ZC,1,ZC.shp,
0050140001,ZC,1,ZC.shp,
0050140003,ZC,1,ZC.shp,
0050140005,ZC,1,ZC.shp,
0050140006,ZC,1,ZC.shp,
0050140030,ZC,1,GeoSampa(Lei18177→ZC)+Q3,1
0050150000,ZC,1,ZC.shp,
0050150007,ZC,1,ZC.shp,
0050150008,ZC,1,ZC.shp,
0050150010,ZC,1,ZC.shp,
0050160000,ZEIS-5,1,ZEIS_5.shp,
0050160034,ZC,1,GeoSampa(Lei18177→ZC)+Q3,1
0050170039,ZC,1,ZC.shp,
0050190000,ZC,1,GeoSampa(Lei18177→ZC)+Q3,1
0050190014,ZC,1,ZC.shp,
0050190017,ZC,1,GeoSampa(Lei18177→ZC)+Q3,1
0050191050,ZC,1,GeoSampa(Lei18177→ZC)+Q3,1
0050200000,ZC,1,ZC.shp,
0050200037,ZC,1,ZC.shp,
0050200038,ZC,1,ZC.shp,
0050210000,ZC,1,ZC.shp,
0050210006,ZC,1,ZC.shp,
0050210007,ZC,1,ZC.shp,
0050220000,ZC,1,ZC.shp,
0050220002,ZC,1,GeoSampa(Lei18177→ZC)+Q3,1
0050220003,ZC,1,GeoSampa(Lei18177→ZC)+Q3,1
0050220004,ZC,1,GeoSampa(Lei18177→ZC)+Q3,1
0050220005,ZC,1,GeoSampa(Lei18177→ZC)+Q3,1
0050220018,ZC,1,ZC.shp,
0050230000,ZEIS-3,1,ZEIS_3.shp,
0050230181,ZC,1,ZC.shp,
0050240000,ZC,1,ZC.shp,
0050240003,ZC,1,ZC.shp,
0050240050,ZC,1,GeoSampa(Lei18177→ZC)+Q3,1
0050240667,ZEIS-3,1,ZEIS_3.shp,
0050250002,ZC,1,ZC.shp,
0050250008,ZC,1,ZC.shp,
0050250403,ZC,1,ZC.shp,
0050260001,ZCP-b,1,GeoSampa(v3→ZCP-b)+PDE_Art14§1,1
0050280000,ZC,1,GeoSampa(Lei18177→ZC)+Q3,1
0050280004,ZC,1,GeoSampa(Lei18177→ZC)+Q3,1
0050280017,ZC,1,GeoSampa(Lei18177→ZC)+Q3,1
0050280018,ZC,1,GeoSampa(Lei18177→ZC)+Q3,1
0050280019,ZC,1,ZC.shp,
0050280021,ZC,1,GeoSampa(Lei18177→ZC)+Q3,1
0050280023,ZC,1,GeoSampa(Lei18177→ZC)+Q3,1
0050300000,ZC,1,GeoSampa(Lei18177→ZC)+Q3,1
0050300016,ZC,1,GeoSampa(Lei18177→ZC)+Q3,1
0050300018,ZC,1,ZC.shp,
0050300022,ZC,1,GeoSampa(Lei18177→ZC)+Q3,1
0050300065,ZC,1,ZC.shp,
0050320001,ZC,1,ZC.shp,
0050340000,ZC,1,GeoSampa(Lei18177→ZC)+Q3,1
0050340020,ZC,1,ZC.shp,
0050350000,ZC,1,GeoSampa(Lei18177→ZC)+Q3,1
0050350022,ZC,1,ZC.shp,
0050350029,ZC,1,ZC.shp,
0050350030,ZC,1,ZC.shp,
0050350031,ZC,1,ZC.shp,
0050350033,ZC,1,ZC.shp,
0050350034,ZC,1,ZC.shp,
0050350035,ZC,1,ZC.shp,
0050350036,ZC,1,ZC.shp,
0050350037,ZC,1,ZC.shp,
0050350038,ZC,1,ZC.shp,
0050350046,ZC,1,ZC.shp,
0050350047,ZC,1,ZC.shp,
0050350048,ZC,1,ZC.shp,
0050350049,ZC,1,ZC.shp,
0050350050,ZC,1,ZC.shp,
0050350058,ZC,1,ZC.shp,
0050350772,ZC,1,ZC.shp,
0050380002,ZC,1,GeoSampa(Lei18177→ZC)+Q3,1
0050380003,ZC,1,GeoSampa(Lei18177→ZC)+Q3,1
0050380004,ZC,1,GeoSampa(Lei18177→ZC)+Q3,1
0050380005,ZC,1,GeoSampa(Lei18177→ZC)+Q3,1
0050380008,ZC,1,ZC.shp,
0050380013,ZC,1,ZC.shp,
0050380285,ZC,1,ZC.shp,
0050390000,ZC,1,GeoSampa(Lei18177→ZC)+Q3,1
0050390019,ZC,1,ZC.shp,
0050400043,ZC,1,GeoSampa(Lei18177→ZC)+Q3,1
0050400047,ZC,1,ZC.shp,
0050430008,ZEIS-5,1,ZEIS_5.shp,
0050430009,ZEIS-3,1,GeoSampa(Lei18177→ZEIS-3)+Q3,1
0050430010,ZEIS-5,1,ZEIS_5.shp,
0050430011,ZEIS-5,1,ZEIS_5.shp,
0050430012,ZEIS-5,1,ZEIS_5.shp,
0050430013,ZEIS-5,1,ZEIS_5.shp,
0050430014,ZEIS-5,1,ZEIS_5.shp,
0050430021,ZEIS-5,1,ZEIS_5.shp,
0050430022,ZEIS-5,1,ZEIS_5.shp,
0050430023,ZEIS-5,1,ZEIS_5.shp,
0050430024,ZEIS-5,1,ZEIS_5.shp,
0050430025,ZEIS-5,1,ZEIS_5.shp,
0050430026,ZEIS-5,1,ZEIS_5.shp,
0050430032,ZEIS-5,1,ZEIS_5.shp,
0050440000,ZEIS-3,1,ZEIS_3.shp,
0050440014,ZEIS-3,1,GeoSampa(Lei18177→ZEIS-3)+Q3,1
0050440122,ZEIS-3,1,ZEIS_3.shp,
0050460000,ZEIS-5,1,ZEIS_5.shp,
0050460001,ZEIS-5,1,ZEIS_5.shp,
0050460002,ZEIS-3,1,ZEIS_3.shp,
0050460003,ZEIS-5,1,GeoSampa(Lei18177→ZEIS-5)+Q3,1
0050460056,ZEIS-5,1,GeoSampa(Lei18177→ZEIS-5)+Q3,1
0050460065,ZEIS-5,1,ZEIS_5.shp,
0050460066,ZEIS-5,1,ZEIS_5.shp,
0050460067,ZEIS-5,1,GeoSampa(Lei18177→ZEIS-5)+Q3,1
0050460068,ZEIS-5,1,ZEIS_5.shp,
0050460069,ZEIS-5,1,ZEIS_5.shp,
0050460070,ZEIS-5,1,ZEIS_5.shp,
0050460071,ZEIS-5,1,ZEIS_5.shp,
0050460072,ZEIS-5,1,ZEIS_5.shp,
0050460073,ZEIS-5,1,ZEIS_5.shp,
0050460074,ZEIS-5,1,ZEIS_5.shp,
0050460075,ZEIS-5,1,ZEIS_5.shp,
0050460076,ZEIS-5,1,GeoSampa(Lei18177→ZEIS-5)+Q3,1
0050460077,ZEIS-5,1,GeoSampa(Lei18177→ZEIS-5)+Q3,1
0050460078,ZEIS-5,1,ZEIS_5.shp,
0050460079,ZEIS-5,1,ZEIS_5.shp,
0050460080,ZEIS-5,1,ZEIS_5.shp,
0050460081,ZEIS-5,1,GeoSampa(Lei18177→ZEIS-5)+Q3,1
0050460082,ZEIS-5,1,GeoSampa(Lei18177→ZEIS-5)+Q3,1
0050460083,ZEIS-5,1,GeoSampa(Lei18177→ZEIS-5)+Q3,1
0050460084,ZEIS-5,1,GeoSampa(Lei18177→ZEIS-5)+Q3,1
0050460085,ZEIS-5,1,GeoSampa(Lei18177→ZEIS-5)+Q3,1
0050460086,ZEIS-5,1,ZEIS_5.shp,
0050460087,ZEIS-5,1,ZEIS_5.shp,
0050460088,ZEIS-5,1,ZEIS_5.shp,
0050460089,ZEIS-5,1,ZEIS_5.shp,
0050460090,ZEIS-5,1,ZEIS_5.shp,
0050460093,ZEIS-5,1,ZEIS_5.shp,
0050460095,ZEIS-5,1,ZEIS_5.shp,
0050460096,ZEIS-5,1,ZEIS_5.shp,
0050460097,ZEIS-5,1,ZEIS_5.shp,
0050460098,ZEIS-5,1,ZEIS_5.shp,
0050460099,ZEIS-5,1,ZEIS_5.shp,
0050460103,ZEIS-5,1,ZEIS_5.shp,
0050460104,ZEIS-5,1,ZEIS_5.shp,
0050460106,ZEIS-5,1,ZEIS_5.shp,
0050460107,ZEIS-5,1,ZEIS_5.shp,
0050460108,ZEIS-5,1,ZEIS_5.shp,
0050460109,ZEIS-5,1,ZEIS_5.shp,
0050460110,ZEIS-5,1,ZEIS_5.shp,
0050460111,ZEIS-5,1,ZEIS_5.shp,
0050460112,ZEIS-5,1,ZEIS_5.shp,
0050460132,ZEIS-5,1,ZEIS_5.shp,
0050460133,ZEIS-5,1,ZEIS_5.shp,
0050460158,ZEIS-5,1,ZEIS_5.shp,
0050460159,ZEIS-5,1,ZEIS_5.shp,
0050460167,ZEIS-3,1,ZEIS_3.shp,
0050480009,ZEU,1,ZEU_u.shp,
0050480010,ZEU,1,ZEU_u.shp,
0050480011,ZEU,1,ZEU_u.shp,
0050480028,ZEU,1,ZEU_u.shp,
0050480029,ZEIS-3,1,GeoSampa(Lei18177→ZEIS-3)+Q3,1
0050480030,ZEU,1,ZEU_u.shp,
0050510039,ZC,1,GeoSampa(Lei18177→ZC)+Q3,1
0050530030,ZC,1,ZC.shp,
0050580004,ZEU,1,GeoSampa(Lei18177→ZEU)+Q3,1
0050610000,ZEU,1,ZEU_u.shp,
0050630046,ZEU,1,ZEU_u.shp,
0050660001,ZM,1,ZM_u.shp,
0050660002,ZM,1,ZM_u.shp,
0050660003,ZM,1,ZM_u.shp,
0050660004,ZM,1,ZM_u.shp,
0050660005,ZM,1,ZM_u.shp,
0050660006,ZM,1,ZM_u.shp,
0050660007,ZM,1,ZM_u.shp,
0050660008,ZM,1,ZM_u.shp,
0050660009,ZM,1,ZM_u.shp,
0050660010,ZM,1,ZM_u.shp,
0050660011,ZM,1,ZM_u.shp,
0050660013,ZC,1,ZC.shp,
0050660014,ZC,1,ZC.shp,
0050660015,ZC,1,ZC.shp,
0050660016,ZC,1,ZC.shp,
0050660017,ZC,1,ZC.shp,
0050670017,ZEU,1,ZEU_u.shp,
0050690025,ZEU,1,ZEU_u.shp,
0050690047,ZEU,1,ZEU_u.shp,
0050690048,ZEU,1,ZEU_u.shp,
0050710008,ZC,1,ZC.shp,
0050710009,ZC,1,ZC.shp,
0050710045,ZEU,1,ZEU_u.shp,
0050720001,ZC,1,ZC.shp,
0050720005,ZC,1,ZC.shp,
0050720051,ZC,1,ZC.shp,
0050720052,ZC,1,ZC.shp,
0050730010,ZC,1,ZC.shp,
0050730011,ZC,1,ZC.shp,
0050730019,ZC,1,ZC.shp,
0050730050,ZEIS-5,1,ZEIS_5.shp,
0050760079,ZEIS-5,1,ZEIS_5.shp,
0050760080,ZEIS-5,1,ZEIS_5.shp,
0050760081,ZEIS-5,1,ZEIS_5.shp,
0050760082,ZEIS-3,1,GeoSampa(Lei18177→ZEIS-3)+Q3,1
0050760099,ZEIS-3,1,ZEIS_3.shp,
0050760100,ZEIS-3,1,GeoSampa(Lei18177→ZEIS-3)+Q3,1
0050760101,ZEIS-3,1,ZEIS_3.shp,
0050760102,ZEIS-3,1,ZEIS_3.shp,
0050760103,ZEIS-3,1,ZEIS_3.shp,
0050760104,ZEIS-3,1,ZEIS_3.shp,
0050760105,ZEIS-3,1,ZEIS_3.shp,
0050760106,ZEIS-3,1,ZEIS_3.shp,
0050760107,ZEIS-3,1,ZEIS_3.shp,
0050760108,ZEIS-3,1,ZEIS_3.shp,
0050760109,ZEIS-3,1,ZEIS_3.shp,
0050760110,ZEIS-3,1,ZEIS_3.shp,
0050761684,ZEIS-3,1,ZEIS_3.shp,
0050790015,ZC,1,GeoSampa(Lei18177→ZC)+Q3,1
0050820000,ZC,1,GeoSampa(Lei18177→ZC)+Q3,1
0050820013,ZC,1,GeoSampa(Lei18177→ZC)+Q3,1
0050820014,ZC,1,GeoSampa(Lei18177→ZC)+Q3,1
0050820018,ZC,1,GeoSampa(Lei18177→ZC)+Q3,1
0050820355,ZC,1,ZC.shp,
0050840001,ZEU,1,ZEU_u.shp,
0050840006,ZEU,1,ZEU_u.shp,
0050860059,ZEU,1,ZEU_u.shp,
0050860060,ZEU,1,ZEU_u.shp,
0050860061,ZEIS-3,1,GeoSampa(Lei18177→ZEIS-3)+Q3,1
0050860062,ZEU,1,ZEU_u.shp,
0050870001,ZEU,1,ZEU_u.shp,
0050870002,ZEU,1,ZEU_u.shp,
0050870003,ZEU,1,ZEU_u.shp,
0050870004,ZEU,1,ZEU_u.shp,
0050870017,ZEU,1,GeoSampa(Lei18177→ZEU)+Q3,1
0050900020,ZEIS-5,1,ZEIS_5.shp,
0050900021,ZEIS-5,1,ZEIS_5.shp,
0050920001,ZEU,1,ZEU_u.shp,
0050920019,ZEIS-5,1,ZEIS_5.shp,
0050930001,ZEIS-5,1,ZEIS_5.shp,
0060010002,ZC,1,ZC.shp,
0060010015,ZEU,1,ZEU_u.shp,
0060020001,ZCP-b,1,GeoSampa(v3→ZCP-b)+PDE_Art14§1,1
0060060000,ZC,1,ZC.shp,
0060070000,ZC,1,ZC.shp,
0060070010,ZC,1,ZC.shp,
0060070015,ZC,1,ZC.shp,
0060070318,ZC,1,ZC.shp,
0060070413,ZC,1,ZC.shp,
0060080000,ZC,1,ZC.shp,
0060080014,ZEIS-3,1,ZEIS_3.shp,
0060080032,ZC,1,ZC.shp,
0060090000,ZC,1,ZC.shp,
0060090006,ZC,1,ZC.shp,
0060090007,ZC,1,ZC.shp,
0060090010,ZEIS-3,1,ZEIS_3.shp,
0060090016,ZC,1,ZC.shp,
0060090018,ZC,1,ZC.shp,
0060090021,ZC,1,ZC.shp,
0060090022,ZC,1,ZC.shp,
0060100000,ZC,1,ZC.shp,
0060100048,ZC,1,ZC.shp,
0060110017,ZEPAM,"0,1",ZEPAM.shp,
0060110018,ZEPAM,"0,1",ZEPAM.shp,
0060110042,ZC,1,ZC.shp,
0060110048,ZC,1,ZC.shp,
0060121019,ZC,1,GeoSampa(Lei18177→ZC)+Q3,1
0060130028,ZC,1,ZC.shp,
0060140001,ZCP-b,1,GeoSampa(v3→ZCP-b)+PDE_Art14§1,1
0060150000,ZC,1,ZC.shp,
0060150001,ZCP-b,1,GeoSampa(v3→ZCP-b)+PDE_Art14§1,1
0060150024,ZC,1,ZC.shp,
0060160000,ZEIS-3,1,ZEIS_3.shp,
0060160005,ZC,1,ZC.shp,
0060160011,ZC,1,ZC.shp,
0060160017,ZC,1,ZC.shp,
0060170000,ZC,1,ZC.shp,
0060170015,ZC,1,ZC.shp,
0060170016,ZC,1,ZC.shp,
0060170039,ZC,1,ZC.shp,
0060170045,ZC,1,ZC.shp,
0060170822,ZC,1,ZC.shp,
0060210675,ZC,1,ZC.shp,
0060230000,ZC,1,ZC.shp,
0060230016,ZC,1,ZC.shp,
0060230018,ZC,1,GeoSampa(Lei18177→ZC)+Q3,1
0060230019,ZC,1,GeoSampa(Lei18177→ZC)+Q3,1
0060240000,ZC,1,ZC.shp,
0060240004,ZC,1,ZC.shp,
0060250000,ZC,1,GeoSampa(Lei18177→ZC)+Q3,1
0060250015,ZEIS-3,1,GeoSampa(Lei18177→ZEIS-3)+Q3,1
0060250019,ZC,1,ZC.shp,
0060250022,ZC,1,ZC.shp,
0060260001,ZCP-b,1,GeoSampa(v3→ZCP-b)+PDE_Art14§1,1
0060270000,ZC,1,GeoSampa(Lei18177→ZC)+Q3,1
0060270010,ZC,1,ZC.shp,
0060270021,ZC,1,ZC.shp,
0060270025,ZC,1,GeoSampa(Lei18177→ZC)+Q3,1
0060270027,ZC,1,GeoSampa(Lei18177→ZC)+Q3,1
0060320000,ZC,1,ZC.shp,
0060320005,ZC,1,ZC.shp,
0060360000,ZC,1,ZC.shp,
0060360463,ZC,1,ZC.shp,
0060380000,ZC,1,ZC.shp,
0060380004,ZC,1,ZC.shp,
0060380016,ZC,1,ZC.shp,
0060380017,ZC,1,ZC.shp,
0060380018,ZC,1,ZC.shp,
0060380020,ZC,1,ZC.shp,
0060380028,ZC,1,ZC.shp,
0060380029,ZC,1,ZC.shp,
0060380030,ZC,1,ZC.shp,
0060380140,ZC,1,ZC.shp,
0060390000,ZC,1,ZC.shp,
0060390011,ZC,1,ZC.shp,
0060390012,ZC,1,ZC.shp,
0060390013,ZC,1,ZC.shp,
0060390014,ZC,1,ZC.shp,
0060390015,ZC,1,ZC.shp,
0060390016,ZC,1,ZC.shp,
0060390017,ZC,1,ZC.shp,
0060390018,ZC,1,ZC.shp,
0060390019,ZC,1,ZC.shp,
0060390020,ZC,1,ZC.shp,
0060390021,ZC,1,ZC.shp,
0060390028,ZC,1,ZC.shp,
0060390029,ZC,1,ZC.shp,
0060390045,ZC,1,ZC.shp,
0060400039,ZC,1,ZC.shp,
0060430000,ZEIS-3,1,ZEIS_3.shp,
0060440013,ZEU,1,ZEU_u.shp,
0060440022,ZEU,1,ZEU_u.shp,
0060440025,ZEU,1,ZEU_u.shp,
0060440030,ZEU,1,ZEU_u.shp,
0060440038,ZEU,1,ZEU_u.shp,
0060440039,ZEU,1,ZEU_u.shp,
0060440050,ZEU,1,ZEU_u.shp,
0060440051,ZEU,1,ZEU_u.shp,
0060440053,ZEU,1,ZEU_u.shp,
0060440058,ZEU,1,ZEU_u.shp,
0060440059,ZEU,1,ZEU_u.shp,
0060440060,ZEU,1,ZEU_u.shp,
0060440066,ZEU,1,ZEU_u.shp,
0060440067,ZEU,1,ZEU_u.shp,
0060440068,ZEU,1,ZEU_u.shp,
0060440072,ZEU,1,ZEU_u.shp,
0060440140,ZM,1,ZM_u.shp,
0060440141,ZEU,1,ZEU_u.shp,
0060440142,ZEU,1,ZEU_u.shp,
0060450007,ZEU,1,ZEU_u.shp,
0060450016,ZEU,1,ZEU_u.shp,
0060450017,ZEU,1,ZEU_u.shp,
0060450018,ZEU,1,ZEU_u.shp,
0060450019,ZEU,1,ZEU_u.shp,
0060450020,ZEU,1,ZEU_u.shp,
0060450028,ZEU,1,ZEU_u.shp,
0060450031,ZEU,1,ZEU_u.shp,
0060450035,ZEU,1,ZEU_u.shp,
0060450093,ZEU,1,ZEU_u.shp,
0060450285,ZEU,1,ZEU_u.shp,
0060450286,ZEU,1,ZEU_u.shp,
0060470001,ZC,1,GeoSampa(Lei18177→ZC)+Q3,1
0060470065,ZC,1,GeoSampa(Lei18177→ZC)+Q3,1
0060470114,ZC,1,GeoSampa(Lei18177→ZC)+Q3,1
0060470115,ZC,1,ZC.shp,
0060470116,ZC,1,ZC.shp,
0060470121,ZC,1,ZC.shp,
0060470122,ZC,1,GeoSampa(Lei18177→ZC)+Q3,1
0060480010,ZC,1,ZC.shp,
0060480016,ZC,1,GeoSampa(Lei18177→ZC)+Q3,1
0060480024,ZC,1,GeoSampa(Lei18177→ZC)+Q3,1
0060480025,ZC,1,ZC.shp,
0060480039,ZC,1,ZC.shp,
0060480040,ZC,1,ZC.shp,
0060480041,ZC,1,ZC.shp,
0060480042,ZC,1,ZC.shp,
0060480043,ZC,1,ZC.shp,
0060480049,ZC,1,ZC.shp,
0060480050,ZC,1,ZC.shp,
0060480051,ZC,1,ZC.shp,
0060480052,ZC,1,ZC.shp,
0060480097,ZC,1,ZC.shp,
0060490002,ZC,1,ZC.shp,
0060490003,ZC,1,ZC.shp,
0060490004,ZC,1,ZC.shp,
0060490005,ZC,1,ZC.shp,
0060490006,ZC,1,ZC.shp,
0060490007,ZC,1,ZC.shp,
0060490008,ZC,1,ZC.shp,
0060490009,ZC,1,ZC.shp,
0060490010,ZC,1,ZC.shp,
0060490011,ZC,1,ZC.shp,
0060490012,ZC,1,ZC.shp,
0060490013,ZC,1,ZC.shp,
0060490014,ZC,1,ZC.shp,
0060490015,ZC,1,ZC.shp,
0060490018,ZC,1,ZC.shp,
0060490019,ZC,1,ZC.shp,
0060490020,ZC,1,ZC.shp,
0060490021,ZC,1,ZC.shp,
0060490022,ZC,1,ZC.shp,
0060490023,ZC,1,ZC.shp,
0060490024,ZC,1,ZC.shp,
0060490025,ZC,1,ZC.shp,
0060490026,ZC,1,ZC.shp,
0060490027,ZC,1,ZC.shp,
0060490028,ZC,1,GeoSampa(Lei18177→ZC)+Q3,1
0060490030,ZC,1,ZC.shp,
0060510000,ZC,1,ZC.shp,
0060510034,ZC,1,ZC.shp,
0060510035,ZC,1,ZC.shp,
0060510036,ZC,1,ZC.shp,
0060510037,ZC,1,ZC.shp,
0060510038,ZC,1,ZC.shp,
0060510526,ZC,1,ZC.shp,
0060510527,ZC,1,ZC.shp,
0060530000,ZC,1,ZC.shp,
0060530030,ZC,1,ZC.shp,
0060530033,ZC,1,ZC.shp,
0060530039,ZC,1,ZC.shp,
0060530056,ZC,1,ZC.shp,
0060530057,ZC,1,ZC.shp,
0060530058,ZC,1,ZC.shp,
0060530059,ZC,1,ZC.shp,
0060530060,ZC,1,ZC.shp,
0060540031,ZEIS-3,1,ZEIS_3.shp,
0060550000,ZC,1,GeoSampa(Lei18177→ZC)+Q3,1
0060550011,ZC,1,GeoSampa(Lei18177→ZC)+Q3,1
0060560000,ZC,1,ZC.shp,
0060560020,ZOE,1,GeoSampa(Lei18177→ZOE)+Q3,1
0060560035,ZEPEC_APC,1,PDE_Art14§1(sem_lote),
0060560036,ZEPEC_APC,1,PDE_Art14§1(sem_lote),
0060560048,ZC,1,GeoSampa(Lei18177→ZC)+Q3,1
0060560049,ZC,1,ZC.shp,
0060560052,ZC,1,ZC.shp,
0060560053,ZC,1,ZC.shp,
0060560054,ZC,1,ZC.shp,
0060560055,ZC,1,ZC.shp,
0060560056,ZC,1,ZC.shp,
0060560057,ZC,1,ZC.shp,
0060560058,ZC,1,ZC.shp,
0060560059,ZC,1,ZC.shp,
0060560060,ZC,1,GeoSampa(Lei18177→ZC)+Q3,1
0060560061,ZC,1,GeoSampa(Lei18177→ZC)+Q3,1
0060560062,ZC,1,ZC.shp,
0060560063,ZC,1,ZC.shp,
0060560064,ZC,1,ZC.shp,
0060560065,ZC,1,ZC.shp,
0060560066,ZC,1,ZC.shp,
0060560067,ZC,1,ZC.shp,
0060560068,ZC,1,ZC.shp,
0060560069,ZC,1,ZC.shp,
0060560070,ZC,1,ZC.shp,
0060560071,ZC,1,ZC.shp,
0060560072,ZOE,1,ZOE.shp +Quadro2A(basico-macroarea),
0060560073,ZOE,1,ZOE.shp +Quadro2A(basico-macroarea),
0060560074,ZOE,1,ZOE.shp +Quadro2A(basico-macroarea),
0060560075,ZOE,1,ZOE.shp +Quadro2A(basico-macroarea),
0060560076,ZOE,1,ZOE.shp +Quadro2A(basico-macroarea),
0060560077,ZOE,1,ZOE.shp +Quadro2A(basico-macroarea),
0060560078,ZOE,1,ZOE.shp +Quadro2A(basico-macroarea),
0060560079,ZOE,1,ZOE.shp +Quadro2A(basico-macroarea),
0060560080,ZOE,1,ZOE.shp +Quadro2A(basico-macroarea),
0060560081,ZC,1,GeoSampa(Lei18177→ZC)+Q3,1
0060560082,ZC,1,GeoSampa(Lei18177→ZC)+Q3,1
0060560083,ZOE,1,ZOE.shp +Quadro2A(basico-macroarea),
0060560084,ZOE,1,ZOE.shp +Quadro2A(basico-macroarea),
0060560086,ZOE,1,ZOE.shp +Quadro2A(basico-macroarea),
0060560087,ZOE,1,ZOE.shp +Quadro2A(basico-macroarea),
0060560088,ZOE,1,ZOE.shp +Quadro2A(basico-macroarea),
0060560089,ZOE,1,ZOE.shp +Quadro2A(basico-macroarea),
0060560090,ZOE,1,ZOE.shp +Quadro2A(basico-macroarea),
0060560091,ZOE,1,ZOE.shp +Quadro2A(basico-macroarea),
0060560092,ZOE,1,ZOE.shp +Quadro2A(basico-macroarea),
0060560093,ZOE,1,ZOE.shp +Quadro2A(basico-macroarea),
0060570001,ZC,1,ZC.shp,
0060570002,ZC,1,ZC.shp,
0060570009,ZOE,1,ZOE.shp +Quadro2A(basico-macroarea),
0060570010,ZOE,1,ZOE.shp +Quadro2A(basico-macroarea),
0060570011,ZOE,1,ZOE.shp +Quadro2A(basico-macroarea),
0060570013,ZOE,1,ZOE.shp +Quadro2A(basico-macroarea),
0060570014,ZOE,1,ZOE.shp +Quadro2A(basico-macroarea),
0060570015,ZOE,1,ZOE.shp +Quadro2A(basico-macroarea),
0060570016,ZOE,1,ZOE.shp +Quadro2A(basico-macroarea),
0060570017,ZOE,1,ZOE.shp +Quadro2A(basico-macroarea),
0060570018,ZOE,1,ZOE.shp +Quadro2A(basico-macroarea),
0060570019,ZOE,1,ZOE.shp +Quadro2A(basico-macroarea),
0060570020,ZOE,1,ZOE.shp +Quadro2A(basico-macroarea),
0060570021,ZOE,1,ZOE.shp +Quadro2A(basico-macroarea),
0060570022,ZOE,1,ZOE.shp +Quadro2A(basico-macroarea),
0060570023,ZOE,1,ZOE.shp +Quadro2A(basico-macroarea),
0060570024,ZOE,1,ZOE.shp +Quadro2A(basico-macroarea),
0060570025,ZOE,1,ZOE.shp +Quadro2A(basico-macroarea),
0060570026,ZOE,1,ZOE.shp +Quadro2A(basico-macroarea),
0060570027,ZC,1,ZC.shp,
0060570028,ZC,1,ZC.shp,
0060570029,ZC,1,ZC.shp,
0060570030,ZC,1,ZC.shp,
0060570031,ZC,1,ZC.shp,
0060570032,ZC,1,ZC.shp,
0060570033,ZC,1,ZC.shp,
0060570034,ZC,1,ZC.shp,
0060570035,ZC,1,ZC.shp,
0060570036,ZC,1,GeoSampa(Lei18177→ZC)+Q3,1
0060570037,ZC,1,GeoSampa(Lei18177→ZC)+Q3,1
0060570038,ZC,1,ZC.shp,
0060570039,ZC,1,ZC.shp,
0060580000,ZOE,1,ZOE.shp +Quadro2A(basico-macroarea),
0060590001,ZC,1,ZC.shp,
0060590003,ZC,1,ZC.shp,
0060590004,ZC,1,ZC.shp,
0060590005,ZC,1,ZC.shp,
0060590006,ZC,1,ZC.shp,
0060590007,ZC,1,ZC.shp,
0060590008,ZC,1,ZC.shp,
0060590009,ZC,1,ZC.shp,
0060590010,ZC,1,ZC.shp,
0060590011,ZC,1,ZC.shp,
0060590012,ZC,1,ZC.shp,
0060590013,ZC,1,ZC.shp,
0060590014,ZC,1,ZC.shp,
0060590015,ZC,1,ZC.shp,
0060590016,ZC,1,ZC.shp,
0060600027,ZC,1,ZC.shp,
0060600028,ZC,1,ZC.shp,
0060600029,ZC,1,ZC.shp,
0060600030,ZC,1,ZC.shp,
0060600031,ZC,1,ZC.shp,
0060600032,ZC,1,ZC.shp,
0060600033,ZC,1,ZC.shp,
0060600034,ZC,1,ZC.shp,
0060600035,ZC,1,ZC.shp,
0060600036,ZC,1,ZC.shp,
0060600037,ZC,1,ZC.shp,
0060600038,ZC,1,ZC.shp,
0060600039,ZC,1,ZC.shp,
0060630000,ZC,1,ZC.shp,
0060640000,ZC,1,ZC.shp,
0060640047,ZC,1,ZC.shp,
0060680017,ZC,1,GeoSampa(Lei18177→ZC)+Q3,1
0060680018,ZC,1,GeoSampa(Lei18177→ZC)+Q3,1
0060680288,ZC,1,GeoSampa(Lei18177→ZC)+Q3,1
0060730007,ZC,1,GeoSampa(Lei18177→ZC)+Q3,1
0060730008,ZC,1,GeoSampa(Lei18177→ZC)+Q3,1
0060730009,ZC,1,GeoSampa(Lei18177→ZC)+Q3,1
0060730010,ZC,1,GeoSampa(Lei18177→ZC)+Q3,1
0060730013,ZC,1,GeoSampa(Lei18177→ZC)+Q3,1
0060730014,ZC,1,GeoSampa(Lei18177→ZC)+Q3,1
0060730016,ZC,1,GeoSampa(Lei18177→ZC)+Q3,1
0060730017,ZC,1,GeoSampa(Lei18177→ZC)+Q3,1
0060730020,ZC,1,GeoSampa(Lei18177→ZC)+Q3,1
0060740006,ZC,1,GeoSampa(Lei18177→ZC)+Q3,1
0060740029,ZEU,1,ZEU_u.shp,
0060740099,ZC,1,ZC.shp,
0060740100,ZC,1,ZC.shp,
0060740101,ZC,1,ZC.shp,
0070020027,ZEM,1,ZEM.shp,
0070080001,ZEM,1,ZEM.shp,
0070080033,ZEM,1,ZEM.shp,
0070130000,ZEU,1,ZEU_u.shp,
0070220028,ZC,1,ZC.shp,
0070310044,ZC,1,ZC.shp,
0070430006,ZC,1,ZC.shp,
0070440003,ZM,1,ZM_u.shp,
0070460001,ZEU,1,ZEU_u.shp,
0070500009,ZC,1,ZC.shp,
0070500010,ZC,1,ZC.shp,
0070500011,ZC,1,ZC.shp,
0070510053,ZC,1,ZC.shp,
0070520000,ZC,1,GeoSampa(Lei18177→ZC)+Q3,1
0070530002,ZM,1,ZM_u.shp,
0070540001,ZM,1,ZM_u.shp,
0070570371,ZM,1,GeoSampa(Lei18177→ZM)+Q3,0
0070610578,ZC,1,ZC.shp,
0070620000,ZC,1,ZC.shp,
0070690000,ZC,1,ZC.shp,
0070700000,ZC,1,ZC.shp,
0070710000,ZEIS-3,1,ZEIS_3.shp,
0070720000,ZC,1,GeoSampa(Lei18177→ZC)+Q3,1
0070750000,ZC,1,GeoSampa(Lei18177→ZC)+Q3,1
0070750029,ZC,1,GeoSampa(Lei18177→ZC)+Q3,1
0070750031,ZC,1,ZC.shp,
0070750176,ZC,1,GeoSampa(Lei18177→ZC)+Q3,1
0070760510,ZEU,1,ZEU_u.shp,
0070850000,ZC,1,ZC.shp,
0070860000,ZEIS-5,1,ZEIS_5.shp,
0070860015,ZEIS-5,1,ZEIS_5.shp,
0070860016,ZEIS-5,1,ZEIS_5.shp,
0070870000,ZC,1,ZC.shp,
0070880001,ZC,1,ZC.shp,
0070900009,ZEIS-5,1,ZEIS_5.shp,
0070910306,ZC,1,ZC.shp,
0080020004,ZEM,1,ZEM.shp,
0080020007,ZEM,1,ZEM.shp,
0080020008,ZEM,1,ZEM.shp,
0080020009,ZEM,1,ZEM.shp,
0080020010,ZEM,1,ZEM.shp,
0080020016,ZEM,1,ZEM.shp,
0080020017,ZEM,1,ZEM.shp,
0080020018,ZEM,1,ZEM.shp,
0080020019,ZEM,1,ZEM.shp,
0080030001,ZEIS-5,1,ZEIS_5.shp,
0080030029,ZC,1,ZC.shp,
0080030044,ZEM,1,ZEM.shp,
0080040028,ZC,1,ZC.shp,
0080090006,ZEIS-3,1,ZEIS_3.shp,
0080120031,ZC,1,ZC.shp,
0080120032,ZC,1,ZC.shp,
0080130000,ZEIS-5,1,ZEIS_5.shp,
0080140007,ZEIS-5,1,ZEIS_5.shp,
0080140008,ZC,1,ZC.shp,
0080150001,ZEM,1,ZEM.shp,
0080150007,ZEM,1,ZEM.shp,
0080150009,ZEM,1,ZEM.shp,
0080150015,ZC,1,ZC.shp,
0080160015,ZEM,1,ZEM.shp,
0080170031,ZEM,1,ZEM.shp,
0080180067,ZEM,1,ZEM.shp,
0080190002,ZEM,1,ZEM.shp,
0080220001,ZC,1,ZC.shp,
0080230010,ZEM,1,ZEM.shp,
0080230011,ZEM,1,ZEM.shp,
0080230251,ZEM,1,ZEM.shp,
0080240017,ZEM,1,ZEM.shp,
0080240018,ZEM,1,ZEM.shp,
0080240019,ZEM,1,ZEM.shp,
0080240021,ZEM,1,ZEM.shp,
0080250002,ZEM,1,GeoSampa(Lei18177→ZEM)+Q3,1
0080250003,ZEM,1,ZEM.shp,
0080250004,ZEM,1,ZEM.shp,
0080250005,ZEM,1,ZEM.shp,
0080250036,ZEM,1,ZEM.shp,
0080250037,ZEM,1,ZEM.shp,
0080250038,ZEM,1,ZEM.shp,
0080250039,ZEM,1,ZEM.shp,
0080250040,ZEM,1,ZEM.shp,
0080250041,ZEM,1,ZEM.shp,
0080250111,ZEM,1,GeoSampa(Lei18177→ZEM)+Q3,1
0080260001,ZEM,1,ZEM.shp,
0080260002,ZEIS-3,1,ZEIS_3.shp,
0080340013,ZC,1,ZC.shp,
0080340014,ZC,1,ZC.shp,
0080360027,ZEIS-3,1,GeoSampa(Lei18177→ZEIS-3)+Q3,1
0080360049,ZEIS-3,1,GeoSampa(Lei18177→ZEIS-3)+Q3,1
0080370003,ZEIS-3,1,GeoSampa(Lei18177→ZEIS-3)+Q3,1
0080370004,ZEIS-3,1,ZEIS_3.shp,
0080370005,ZEIS-3,1,ZEIS_3.shp,
0080370006,ZEIS-3,1,ZEIS_3.shp,
0080370007,ZEIS-3,1,ZEIS_3.shp,
0080370010,ZEIS-3,1,ZEIS_3.shp,
0080370011,ZEIS-3,1,ZEIS_3.shp,
0080370012,ZEIS-3,1,ZEIS_3.shp,
0080370013,ZEIS-3,1,ZEIS_3.shp,
0080370014,ZEIS-3,1,GeoSampa(Lei18177→ZEIS-3)+Q3,1
0080370017,ZEIS-3,1,ZEIS_3.shp,
0080370018,ZEIS-3,1,ZEIS_3.shp,
0080370019,ZEIS-3,1,ZEIS_3.shp,
0080370020,ZEIS-3,1,ZEIS_3.shp,
0080370021,ZEIS-3,1,ZEIS_3.shp,
0080380024,ZEIS-3,1,GeoSampa(Lei18177→ZEIS-3)+Q3,1
0080380030,ZEIS-3,1,ZEIS_3.shp,
0080380031,ZEIS-3,1,ZEIS_3.shp,
0080380032,ZEIS-3,1,ZEIS_3.shp,
0080390002,ZEIS-3,1,ZEIS_3.shp,
0080390048,ZEIS-5,1,ZEIS_5.shp,
0080390049,ZC,1,GeoSampa(Lei18177→ZC)+Q3,1
0080390054,ZOE,1,ZOE.shp +Quadro2A(basico-macroarea),
0080450000,ZC,1,GeoSampa(Lei18177→ZC)+Q3,1
0080530000,ZC,1,ZC.shp,
0080530004,ZC,1,ZC.shp,
0080570008,ZC,1,ZC.shp,
0080580012,ZC,1,ZC.shp,
0080580017,ZC,1,ZC.shp,
0080590000,ZC,1,ZC.shp,
0080590002,ZC,1,ZC.shp,
0080590029,ZC,1,ZC.shp,
0080590453,ZC,1,ZC.shp,
0080600001,ZEIS-3,1,ZEIS_3.shp,
0080600021,ZC,1,ZC.shp,
0080610000,ZC,1,GeoSampa(Lei18177→ZC)+Q3,1
0080650000,ZC,1,GeoSampa(Lei18177→ZC)+Q3,1
0080650002,ZC,1,ZC.shp,
0080650003,ZC,1,ZC.shp,
0080650004,ZC,1,ZC.shp,
0080650005,ZC,1,ZC.shp,
0080650008,ZC,1,ZC.shp,
0080650009,ZC,1,ZC.shp,
0080650010,ZC,1,ZC.shp,
0080650019,ZC,1,ZC.shp,
0080650020,ZC,1,ZC.shp,
0080650021,ZC,1,ZC.shp,
0080650022,ZC,1,ZC.shp,
0080650023,ZC,1,ZC.shp,
0080650024,ZC,1,ZC.shp,
0080650036,ZC,1,ZC.shp,
0080650037,ZC,1,ZC.shp,
0080650040,ZC,1,ZC.shp,
0080660049,ZC,1,ZC.shp,
0080660050,ZC,1,ZC.shp,
0080660051,ZC,1,ZC.shp,
0080660055,ZC,1,GeoSampa(Lei18177→ZC)+Q3,1
0080660060,ZC,1,ZC.shp,
0080670010,ZEIS-3,1,ZEIS_3.shp,
0080670011,ZEIS-3,1,ZEIS_3.shp,
0080670012,ZEIS-3,1,ZEIS_3.shp,
0080670013,ZEIS-3,1,ZEIS_3.shp,
0080670014,ZEIS-3,1,ZEIS_3.shp,
0080670016,ZEIS-3,1,ZEIS_3.shp,
0080670065,ZEIS-3,1,ZEIS_3.shp,
0080670066,ZEIS-3,1,GeoSampa(Lei18177→ZEIS-3)+Q3,1
0080670067,ZEIS-3,1,ZEIS_3.shp,
0080670069,ZEIS-3,1,GeoSampa(Lei18177→ZEIS-3)+Q3,1
0080670070,ZEIS-3,1,ZEIS_3.shp,
0080670071,ZEIS-3,1,ZEIS_3.shp,
0080670072,ZEIS-3,1,ZEIS_3.shp,
0080670073,ZEIS-3,1,ZEIS_3.shp,
0080670074,ZEIS-3,1,ZEIS_3.shp,
0080670075,ZEIS-3,1,ZEIS_3.shp,
0080670076,ZEIS-3,1,ZEIS_3.shp,
0080670077,ZEIS-3,1,ZEIS_3.shp,
0080680022,ZEIS-3,1,ZEIS_3.shp,
0080680023,ZEIS-3,1,ZEIS_3.shp,
0080700037,ZC,1,GeoSampa(Lei18177→ZC)+Q3,1
0080700038,ZC,1,ZC.shp,
0080700039,ZC,1,ZC.shp,
0080730000,ZC,1,ZC.shp,
0080730001,ZC,1,GeoSampa(Lei18177→ZC)+Q3,1
0080730005,ZC,1,ZC.shp,
0080730006,ZC,1,ZC.shp,
0080730007,ZC,1,ZC.shp,
0080730008,ZC,1,GeoSampa(Lei18177→ZC)+Q3,1
0080730009,ZC,1,ZC.shp,
0080730010,ZC,1,ZC.shp,
0080730011,ZC,1,ZC.shp,
0080730012,ZC,1,ZC.shp,
0080730015,ZC,1,ZC.shp,
0080730020,ZC,1,ZC.shp,
0080730036,ZC,1,GeoSampa(Lei18177→ZC)+Q3,1
0080730097,ZC,1,ZC.shp,
0080730100,ZC,1,ZC.shp,
0080730101,ZC,1,ZC.shp,
0080730102,ZC,1,ZC.shp,
0080730121,ZC,1,ZC.shp,
0080730123,ZC,1,ZC.shp,
0080730124,ZEPEC_APC,1,PDE_Art14§1(sem_lote),
0080740002,ZC,1,ZC.shp,
0080740003,ZC,1,ZC.shp,
0080740015,ZC,1,ZC.shp,
0080750017,ZEIS-3,1,ZEIS_3.shp,
0080750018,ZEIS-3,1,ZEIS_3.shp,
0080750019,ZEIS-3,1,ZEIS_3.shp,
0080750034,ZEIS-3,1,ZEIS_3.shp,
0080760019,ZEIS-3,1,ZEIS_3.shp,
0080760020,ZEIS-3,1,ZEIS_3.shp,
0080760024,ZEIS-3,1,ZEIS_3.shp,
0080760094,ZEIS-3,1,ZEIS_3.shp,
0080780001,ZC,1,GeoSampa(Lei18177→ZC)+Q3,1
0080780002,ZC,1,GeoSampa(Lei18177→ZC)+Q3,1
0080780003,ZC,1,GeoSampa(Lei18177→ZC)+Q3,1
0080810000,ZC,1,ZC.shp,
0080810001,ZC,1,ZC.shp,
0080810002,ZC,1,GeoSampa(Lei18177→ZC)+Q3,1
0080810010,ZC,1,ZC.shp,
0080810012,ZC,1,ZC.shp,
0080810013,ZC,1,ZC.shp,
0080810014,ZC,1,ZC.shp,
0080810015,ZC,1,ZC.shp,
0080810016,ZC,1,ZC.shp,
0080810023,ZC,1,ZC.shp,
0080810025,ZC,1,ZC.shp,
0080810026,ZC,1,ZC.shp,
0080810027,ZC,1,ZC.shp,
0080810028,ZC,1,GeoSampa(Lei18177→ZC)+Q3,1
0080810181,ZC,1,ZC.shp,
0080810244,ZC,1,GeoSampa(Lei18177→ZC)+Q3,1
0080810263,ZC,1,GeoSampa(Lei18177→ZC)+Q3,1
0080810264,ZC,1,ZC.shp,
0080820001,ZC,1,ZC.shp,
0080820004,ZC,1,ZC.shp,
0080820005,ZC,1,ZC.shp,
0080820017,ZC,1,ZC.shp,
0080820018,ZC,1,ZC.shp,
0080820020,ZC,1,ZC.shp,
0080820021,ZC,1,ZC.shp,
0080820022,ZEIS-3,1,GeoSampa(Lei18177→ZEIS-3)+Q3,1
0080820023,ZC,1,ZC.shp,
0080820024,ZC,1,ZC.shp,
0080820025,ZC,1,ZC.shp,
0080820029,ZC,1,ZC.shp,
0080820030,ZC,1,ZC.shp,
0080820031,ZC,1,ZC.shp,
0080820032,ZC,1,ZC.shp,
0080820033,ZC,1,ZC.shp,
0080820034,ZC,1,ZC.shp,
0080820035,ZC,1,ZC.shp,
0080820037,ZC,1,ZC.shp,
0080820038,ZC,1,ZC.shp,
0080820045,ZC,1,ZC.shp,
0080820046,ZC,1,ZC.shp,
0080820047,ZC,1,ZC.shp,
0080820048,ZC,1,ZC.shp,
0080820049,ZC,1,ZC.shp,
0080820050,ZC,1,ZC.shp,
0080820051,ZC,1,ZC.shp,
0080820052,ZC,1,ZC.shp,
0080820054,ZC,1,ZC.shp,
0080830000,ZEIS-3,1,ZEIS_3.shp,
0080830001,ZEIS-3,1,ZEIS_3.shp,
0080830003,ZEIS-3,1,GeoSampa(Lei18177→ZEIS-3)+Q3,1
0080830004,ZEIS-3,1,ZEIS_3.shp,
0080830028,ZEIS-3,1,ZEIS_3.shp,
0080830097,ZEIS-3,1,ZEIS_3.shp,
0080830100,ZEIS-3,1,ZEIS_3.shp,
0080880000,ZC,1,ZC.shp,
0080880001,ZC,1,ZC.shp,
0080880005,ZC,1,ZC.shp,
0080880006,ZC,1,ZC.shp,
0080880008,ZC,1,ZC.shp,
0080880009,ZC,1,ZC.shp,
0080880013,ZC,1,ZC.shp,
0080880014,ZC,1,ZC.shp,
0080880015,ZC,1,ZC.shp,
0080880016,ZC,1,ZC.shp,
0080880018,ZC,1,GeoSampa(Lei18177→ZC)+Q3,1
0080880215,ZC,1,ZC.shp,
0080880218,ZC,1,GeoSampa(Lei18177→ZC)+Q3,1
0080880219,ZC,1,ZC.shp,
0080880226,ZC,1,ZC.shp,
0080880230,ZC,1,ZC.shp,
0080880231,ZC,1,GeoSampa(Lei18177→ZC)+Q3,1
0080880267,ZC,1,ZC.shp,
0080890000,ZC,1,ZC.shp,
0080890004,ZC,1,ZC.shp,
0080890008,ZC,1,ZC.shp,
0080890009,ZC,1,ZC.shp,
0080890010,ZC,1,ZC.shp,
0080890011,ZC,1,ZC.shp,
0080890012,ZC,1,ZC.shp,
0080890014,ZC,1,ZC.shp,
0080890015,ZC,1,ZC.shp,
0080890016,ZC,1,ZC.shp,
0080890017,ZC,1,ZC.shp,
0080890019,ZC,1,ZC.shp,
0080890027,ZEIS-3,1,GeoSampa(Lei18177→ZEIS-3)+Q3,1
0080890028,ZC,1,ZC.shp,
0080890029,ZC,1,ZC.shp,
0080890030,ZC,1,ZC.shp,
0080890031,ZC,1,ZC.shp,
0080890159,ZEIS-3,1,GeoSampa(Lei18177→ZEIS-3)+Q3,1
0080890170,ZC,1,GeoSampa(Lei18177→ZC)+Q3,1
0080890171,ZC,1,GeoSampa(Lei18177→ZC)+Q3,1
0080890172,ZC,1,GeoSampa(Lei18177→ZC)+Q3,1
0080890174,ZC,1,GeoSampa(Lei18177→ZC)+Q3,1
0080890175,ZC,1,GeoSampa(Lei18177→ZC)+Q3,1
0080890176,ZC,1,GeoSampa(Lei18177→ZC)+Q3,1
0080890177,ZC,1,GeoSampa(Lei18177→ZC)+Q3,1
0080890178,ZC,1,GeoSampa(Lei18177→ZC)+Q3,1
0080890179,ZC,1,GeoSampa(Lei18177→ZC)+Q3,1
0080890277,ZC,1,ZC.shp,
0080890278,ZC,1,ZC.shp,
0080890279,ZEIS-3,1,GeoSampa(Lei18177→ZEIS-3)+Q3,1
0080900006,ZEIS-3,1,ZEIS_3.shp,
0080900007,ZEIS-3,1,ZEIS_3.shp,
0080900008,ZEIS-3,1,ZEIS_3.shp,
0080900011,ZEIS-3,1,ZEIS_3.shp,
0080900017,ZEIS-3,1,ZEIS_3.shp,
0080900027,ZEPEC_APC,1,PDE_Art14§1(sem_lote),
0080900028,ZEPEC_APC,1,PDE_Art14§1(sem_lote),
0080900029,ZEPEC_APC,1,PDE_Art14§1(sem_lote),
0080900030,ZEPEC_APC,1,PDE_Art14§1(sem_lote),
0080900031,ZEPEC_APC,1,PDE_Art14§1(sem_lote),
0080900032,ZEPEC_APC,1,PDE_Art14§1(sem_lote),
0080900041,ZEIS-3,1,ZEIS_3.shp,
0080900043,ZEIS-3,1,ZEIS_3.shp,
0080930000,ZC,1,GeoSampa(Lei18177→ZC)+Q3,
0080930051,ZC,1,ZC.shp,
0080930052,ZC,1,ZC.shp,
0080930053,ZC,1,ZC.shp,
0080930054,ZC,1,ZC.shp,
0080930059,ZC,1,ZC.shp,
0080930060,ZC,1,ZC.shp,
0080930061,ZC,1,ZC.shp,
0080930062,ZC,1,ZC.shp,
0080930063,ZC,1,GeoSampa(Lei18177→ZC)+Q3,
0080930073,ZC,1,ZC.shp,
0080930074,ZC,1,ZC.shp,
0080930075,ZC,1,ZC.shp,
0080930076,ZC,1,ZC.shp,
0080930077,ZC,1,ZC.shp,
0080930120,ZC,1,ZC.shp,
0080930253,ZC,1,ZC.shp,
0080930337,ZC,1,ZC.shp,
0080940000,ZC,1,ZC.shp,
0080940009,ZC,1,ZC.shp,
0080940010,ZC,1,ZC.shp,
0080940013,ZC,1,ZC.shp,
0080940017,ZC,1,ZC.shp,
0080940018,ZC,1,ZC.shp,
0080940019,ZC,1,ZC.shp,
0080940038,ZC,1,ZC.shp,
0080940039,ZC,1,ZC.shp,
0080940040,ZC,1,ZC.shp,
0080940041,ZC,1,ZC.shp,
0080940044,ZC,1,ZC.shp,
0080940045,ZC,1,ZC.shp,
0080940046,ZC,1,ZC.shp,
0080940122,ZC,1,ZC.shp,
0080940123,ZC,1,ZC.shp,
0080940467,ZC,1,ZC.shp,
0090010000,ZM,1,GeoSampa(Lei18177→ZM)+Q3,
0090040000,ZEU,1,ZEU_u.shp,
0090040001,ZEU,1,ZEU_u.shp,
0090040002,ZEU,1,ZEU_u.shp,
0090040006,ZEU,1,ZEU_u.shp,
0090040008,ZEU,1,ZEU_u.shp,
0090040009,ZEU,1,ZEU_u.shp,
0090040011,ZEU,1,ZEU_u.shp,
0090040012,ZEU,1,ZEU_u.shp,
0090040013,ZEU,1,ZEU_u.shp,
0090040014,ZEU,1,ZEU_u.shp,
0090040015,ZEU,1,ZEU_u.shp,
0090040016,ZEU,1,ZEU_u.shp,
0090040017,ZEU,1,ZEU_u.shp,
0090040018,ZEU,1,ZEU_u.shp,
0090040019,ZEU,1,ZEU_u.shp,
0090040020,ZEU,1,ZEU_u.shp,
0090040021,ZM,1,GeoSampa(Lei18177→ZM)+Q3,
0090040022,ZM,1,GeoSampa(Lei18177→ZM)+Q3,
0090040023,ZEU,1,ZEU_u.shp,
0090040024,ZEU,1,ZEU_u.shp,
0090040037,ZEU,1,ZEU_u.shp,
0090040039,ZEU,1,ZEU_u.shp,
0090040040,ZEU,1,ZEU_u.shp,
0090040041,ZM,1,GeoSampa(Lei18177→ZM)+Q3,
0090050000,ZEU,1,ZEU_u.shp,
0090050001,ZEU,1,ZEU_u.shp,
0090050006,ZEU,1,ZEU_u.shp,
0090050007,ZEU,1,ZEU_u.shp,
0090050012,ZEU,1,ZEU_u.shp,
0090050023,ZEU,1,ZEU_u.shp,
0090050027,ZEU,1,ZEU_u.shp,
0090050029,ZEU,1,ZEU_u.shp,
0090050030,ZEU,1,ZEU_u.shp,
0090050031,ZEU,1,ZEU_u.shp,
0090050033,ZM,1,GeoSampa(Lei18177→ZM)+Q3,
0090050034,ZEU,1,ZEU_u.shp,
0090050081,ZEU,1,ZEU_u.shp,
0090050082,ZEU,1,ZEU_u.shp,
0090050083,ZEU,1,ZEU_u.shp,
0090050084,ZEU,1,ZEU_u.shp,
0090050085,ZEU,1,ZEU_u.shp,
0090050086,ZEU,1,ZEU_u.shp,
0090050103,ZEU,1,ZEU_u.shp,
0090060012,ZC,1,ZC.shp,
0090060013,ZC,1,ZC.shp,
0090060014,ZEIS-3,1,GeoSampa(Lei18177→ZEIS-3)+Q3,
0090060015,ZEIS-3,1,GeoSampa(Lei18177→ZEIS-3)+Q3,
0090060016,ZEIS-3,1,GeoSampa(Lei18177→ZEIS-3)+Q3,
0090060017,ZC,1,ZC.shp,
0090070006,ZEIS-3,1,ZEIS_3.shp,
0090070007,ZEIS-3,1,ZEIS_3.shp,
0090070014,ZEIS-3,1,ZEIS_3.shp,
0090070015,ZEIS-3,1,ZEIS_3.shp,
0090070016,ZEIS-3,1,ZEIS_3.shp,
0090070017,ZEIS-3,1,ZEIS_3.shp,
0090070018,ZEIS-3,1,ZEIS_3.shp,
0090070019,ZEIS-3,1,ZEIS_3.shp,
0090070020,ZEIS-3,1,ZEIS_3.shp,
0090070026,ZEIS-3,1,ZEIS_3.shp,
0090070027,ZEIS-3,1,ZEIS_3.shp,
0090070031,ZEIS-5,1,ZEIS_5.shp,
0090070032,ZEIS-5,1,ZEIS_5.shp,
0090070078,ZEIS-3,1,ZEIS_3.shp,
0090070080,ZEIS-3,1,GeoSampa(Lei18177→ZEIS-3)+Q3,
0090070133,ZEIS-3,1,ZEIS_3.shp,
0090070134,ZEIS-3,1,ZEIS_3.shp,
0090080017,ZEIS-3,1,ZEIS_3.shp,
0090080019,ZEIS-3,1,ZEIS_3.shp,
0090080023,ZEIS-3,1,ZEIS_3.shp,
0090080029,ZEIS-3,1,ZEIS_3.shp,
0090080050,ZEIS-3,1,GeoSampa(Lei18177→ZEIS-3)+Q3,
0090080051,ZEIS-3,1,ZEIS_3.shp,
0090080067,ZEIS-3,1,ZEIS_3.shp,
0090080078,ZEIS-3,1,ZEIS_3.shp,
0090080110,ZEIS-3,1,ZEIS_3.shp,
0090080332,ZEIS-3,1,ZEIS_3.shp,
0090110002,ZEU,1,ZEU_u.shp,
0090110003,ZEU,1,ZEU_u.shp,
0090110004,ZEIS-3,1,ZEIS_3.shp,
0090110005,ZEIS-3,1,ZEIS_3.shp,
0090110006,ZM,1,GeoSampa(Lei18177→ZM)+Q3,
0090110007,ZM,1,GeoSampa(Lei18177→ZM)+Q3,
0090110008,ZM,1,GeoSampa(Lei18177→ZM)+Q3,
0090110021,ZEIS-3,1,ZEIS_3.shp,
0090110023,ZEIS-3,1,ZEIS_3.shp,
0090110026,ZEIS-3,1,ZEIS_3.shp,
0090110027,ZEIS-3,1,ZEIS_3.shp,
0090110028,ZEIS-3,1,ZEIS_3.shp,
0090110037,ZEIS-3,1,ZEIS_3.shp,
0090110040,ZM,1,GeoSampa(Lei18177→ZM)+Q3,
0090110041,ZEIS-3,1,ZEIS_3.shp,
0090120010,ZEU,1,ZEU_u.shp,
0090120018,ZEU,1,ZEU_u.shp,
0090120019,ZEU,1,ZEU_u.shp,
0090120020,ZEU,1,ZEU_u.shp,
0090120021,ZEU,1,ZEU_u.shp,
0090120022,ZEIS-3,1,ZEIS_3.shp,
0090120023,ZEIS-3,1,ZEIS_3.shp,
0090120024,ZEIS-3,1,ZEIS_3.shp,
0090120026,ZEIS-3,1,ZEIS_3.shp,
0090120027,ZEIS-3,1,ZEIS_3.shp,
0090120028,ZEIS-3,1,ZEIS_3.shp,
0090120036,ZEU,1,ZEU_u.shp,
0090120053,ZM,1,GeoSampa(Lei18177→ZM)+Q3,
0090140003,ZEU,1,ZEU_u.shp,
0090140076,ZEU,1,GeoSampa(Lei18177→ZEU)+Q3,
0090140096,ZEU,1,GeoSampa(Lei18177→ZEU)+Q3,
0090150031,ZEU,1,ZEU_u.shp,
0090150032,ZEU,1,ZEU_u.shp,
0090170000,ZEU,1,ZEU_u.shp,
0090170007,ZEU,1,ZEU_u.shp,
0090170008,ZEU,1,ZEU_u.shp,
0090170009,ZEU,1,ZEU_u.shp,
0090170010,ZEU,1,ZEU_u.shp,
0090170011,ZEU,1,ZEU_u.shp,
0090170012,ZEU,1,ZEU_u.shp,
0090170014,ZEU,1,ZEU_u.shp,
0090170029,ZEU,1,ZEU_u.shp,
0090170030,ZEU,1,ZEU_u.shp,
0090170044,ZEU,1,ZEU_u.shp,
0090170045,ZEU,1,ZEU_u.shp,
0090170046,ZEU,1,ZEU_u.shp,
0090170052,ZM,1,GeoSampa(Lei18177→ZM)+Q3,
0090170053,ZM,1,GeoSampa(Lei18177→ZM)+Q3,
0090170054,ZM,1,GeoSampa(Lei18177→ZM)+Q3,
0090170055,ZM,1,GeoSampa(Lei18177→ZM)+Q3,
0090170056,ZM,1,GeoSampa(Lei18177→ZM)+Q3,
0090170057,ZM,1,GeoSampa(Lei18177→ZM)+Q3,
0090170058,ZEU,1,ZEU_u.shp,
0090170059,ZEU,1,ZEU_u.shp,
0090170060,ZM,1,GeoSampa(Lei18177→ZM)+Q3,
0090170061,ZEU,1,ZEU_u.shp,
0090170120,ZEU,1,ZEU_u.shp,
0090170121,ZEU,1,ZEU_u.shp,
0090170122,ZEU,1,ZEU_u.shp,
0090170123,ZEU,1,ZEU_u.shp,
0090170124,ZEU,1,ZEU_u.shp,
0090170137,ZEU,1,ZEU_u.shp,
0090170176,ZM,1,GeoSampa(Lei18177→ZM)+Q3,
0090170177,ZEU,1,ZEU_u.shp,
0090170178,ZEU,1,ZEU_u.shp,
0090170179,ZEU,1,ZEU_u.shp,
0090170180,ZM,1,GeoSampa(Lei18177→ZM)+Q3,
0090170238,ZEU,1,ZEU_u.shp,
0090170243,ZM,1,GeoSampa(Lei18177→ZM)+Q3,
0090170244,ZEU,1,ZEU_u.shp,
0090170802,ZEU,1,ZEU_u.shp,
0090170803,ZEU,1,ZEU_u.shp,
0090180016,ZEIS-3,1,ZEIS_3.shp,
0090180017,ZEIS-3,1,ZEIS_3.shp,
0090180018,ZEIS-3,1,ZEIS_3.shp,
0090180019,ZEU,1,ZEU_u.shp,
0090180020,ZEU,1,ZEU_u.shp,
0090180021,ZEU,1,ZEU_u.shp,
0090180022,ZEU,1,ZEU_u.shp,
0090180023,ZEU,1,ZEU_u.shp,
0090180024,ZEU,1,ZEU_u.shp,
0090180025,ZEU,1,ZEU_u.shp,
0090180026,ZEU,1,ZEU_u.shp,
0090180027,ZEU,1,ZEU_u.shp,
0090180069,ZEU,1,ZEU_u.shp,
0090180070,ZEU,1,ZEU_u.shp,
0090180071,ZEU,1,ZEU_u.shp,
0090180072,ZEU,1,ZEU_u.shp,
0090180073,ZEU,1,ZEU_u.shp,
0090180074,ZEU,1,ZEU_u.shp,
0090180075,ZEU,1,ZEU_u.shp,
0090180076,ZEU,1,ZEU_u.shp,
0090180077,ZEU,1,ZEU_u.shp,
0090180078,ZEU,1,ZEU_u.shp,
0090180079,ZEU,1,ZEU_u.shp,
0090180080,ZEU,1,ZEU_u.shp,
0090180081,ZEU,1,ZEU_u.shp,
0090180084,ZEU,1,ZEU_u.shp,
0090180085,ZEU,1,ZEU_u.shp,
0090180086,ZEU,1,ZEU_u.shp,
0090180087,ZEU,1,ZEU_u.shp,
0090180088,ZEU,1,ZEU_u.shp,
0090180118,ZEU,1,ZEU_u.shp,
0090180136,ZEU,1,ZEU_u.shp,
0090190000,ZEU,1,ZEU_u.shp,
0090190001,ZEIS-3,1,ZEIS_3.shp,
0090190002,ZEU,1,ZEU_u.shp,
0090190005,ZEU,1,ZEU_u.shp,
0090190006,ZEU,1,ZEU_u.shp,
0090190020,ZEU,1,ZEU_u.shp,
0090190021,ZEU,1,ZEU_u.shp,
0090190022,ZEU,1,ZEU_u.shp,
0090190023,ZEU,1,ZEU_u.shp,
0090190024,ZEU,1,ZEU_u.shp,
0090190033,ZEU,1,ZEU_u.shp,
0090190034,ZEU,1,ZEU_u.shp,
0090190035,ZEU,1,ZEU_u.shp,
0090190036,ZM,1,GeoSampa(Lei18177→ZM)+Q3,
0090190037,ZM,1,GeoSampa(Lei18177→ZM)+Q3,
0090190039,ZEU,1,ZEU_u.shp,
0090190041,ZEU,1,ZEU_u.shp,
0090190042,ZEU,1,ZEU_u.shp,
0090190043,ZEU,1,ZEU_u.shp,
0090190044,ZM,1,GeoSampa(Lei18177→ZM)+Q3,
0090190045,ZEIS-3,1,ZEIS_3.shp,
0090190046,ZEIS-3,1,ZEIS_3.shp,
0090190047,ZEIS-3,1,ZEIS_3.shp,
0090190048,ZEIS-3,1,ZEIS_3.shp,
0090190049,ZEIS-3,1,ZEIS_3.shp,
0090190050,ZEIS-3,1,ZEIS_3.shp,
0090190052,ZEU,1,ZEU_u.shp,
0090190053,ZEU,1,ZEU_u.shp,
0090190054,ZEU,1,ZEU_u.shp,
0090190055,ZEU,1,ZEU_u.shp,
0090190056,ZEU,1,ZEU_u.shp,
0090190058,ZM,1,GeoSampa(Lei18177→ZM)+Q3,
0090190059,ZM,1,GeoSampa(Lei18177→ZM)+Q3,
0090190060,ZEIS-3,1,ZEIS_3.shp,
0090190061,ZEIS-3,1,ZEIS_3.shp,
0090190066,ZEU,1,ZEU_u.shp,
0090190067,ZEU,1,ZEU_u.shp,
0090190068,ZEU,1,ZEU_u.shp,
0090190069,ZEU,1,ZEU_u.shp,
0090190070,ZEU,1,ZEU_u.shp,
0090190071,ZEU,1,ZEU_u.shp,
0090190072,ZEU,1,ZEU_u.shp,
0090190073,ZEU,1,ZEU_u.shp,
0090190074,ZEU,1,ZEU_u.shp,
0090190075,ZEU,1,ZEU_u.shp,
0090190076,ZEU,1,ZEU_u.shp,
0090190077,ZEU,1,ZEU_u.shp,
0090190078,ZM,1,GeoSampa(Lei18177→ZM)+Q3,
0090190079,ZM,1,GeoSampa(Lei18177→ZM)+Q3,
0090190080,ZEU,1,ZEU_u.shp,
0090190081,ZEU,1,ZEU_u.shp,
0090190082,ZEU,1,ZEU_u.shp,
0090190083,ZEU,1,ZEU_u.shp,
0090190084,ZEU,1,ZEU_u.shp,
0090190087,ZEIS-3,1,ZEIS_3.shp,
0090190088,ZM,1,GeoSampa(Lei18177→ZM)+Q3,
0090190089,ZEU,1,ZEU_u.shp,
0090190090,ZEU,1,ZEU_u.shp,
0090190091,ZEIS-3,1,ZEIS_3.shp,
0090190092,ZEU,1,ZEU_u.shp,
0090190094,ZEU,1,ZEU_u.shp,
0090190095,ZEU,1,ZEU_u.shp,
0090200001,ZEIS-3,1,ZEIS_3.shp,
0090200002,ZEIS-3,1,ZEIS_3.shp,
0090200003,ZM,1,GeoSampa(Lei18177→ZM)+Q3,
0090200004,ZEU,1,ZEU_u.shp,
0090200005,ZEU,1,ZEU_u.shp,
0090200007,ZEU,1,ZEU_u.shp,
0090200008,ZEU,1,ZEU_u.shp,
0090200009,ZEU,1,ZEU_u.shp,
0090200010,ZEU,1,ZEU_u.shp,
0090200011,ZEU,1,ZEU_u.shp,
0090200012,ZEU,1,ZEU_u.shp,
0090200015,ZEU,1,ZEU_u.shp,
0090200016,ZEU,1,ZEU_u.shp,
0090200021,ZM,1,GeoSampa(Lei18177→ZM)+Q3,
0090200023,ZEU,1,ZEU_u.shp,
0090200024,ZEU,1,ZEU_u.shp,
0090200025,ZEU,1,ZEU_u.shp,
0090200026,ZEU,1,ZEU_u.shp,
0090200027,ZEU,1,ZEU_u.shp,
0090200028,ZEU,1,ZEU_u.shp,
0090200029,ZEU,1,ZEU_u.shp,
0090200030,ZEU,1,ZEU_u.shp,
0090200031,ZEU,1,ZEU_u.shp,
0090200032,ZEU,1,ZEU_u.shp,
0090200033,ZM,1,GeoSampa(Lei18177→ZM)+Q3,
0090200034,ZEIS-3,1,ZEIS_3.shp,
0090200035,ZEIS-3,1,ZEIS_3.shp,
0090200038,ZEU,1,ZEU_u.shp,
0090210001,ZEU,1,ZEU_u.shp,
0090210015,ZEU,1,ZEU_u.shp,
0090210017,ZEU,1,ZEU_u.shp,
0090210023,ZEU,1,ZEU_u.shp,
0090210024,ZEU,1,ZEU_u.shp,
0090210026,ZEU,1,ZEU_u.shp,
0090210027,ZEU,1,ZEU_u.shp,
0090210030,ZEU,1,ZEU_u.shp,
0090210033,ZEU,1,ZEU_u.shp,
0090210034,ZEU,1,ZEU_u.shp,
0090210035,ZEU,1,ZEU_u.shp,
0090210036,ZEU,1,ZEU_u.shp,
0090210037,ZM,1,GeoSampa(Lei18177→ZM)+Q3,
0090210038,ZM,1,GeoSampa(Lei18177→ZM)+Q3,
0090210039,ZM,1,GeoSampa(Lei18177→ZM)+Q3,
0090210040,ZM,1,GeoSampa(Lei18177→ZM)+Q3,
0090210043,ZM,1,GeoSampa(Lei18177→ZM)+Q3,
0090210044,ZM,1,GeoSampa(Lei18177→ZM)+Q3,
0090210045,ZM,1,GeoSampa(Lei18177→ZM)+Q3,
0090210046,ZM,1,GeoSampa(Lei18177→ZM)+Q3,
0090210047,ZM,1,GeoSampa(Lei18177→ZM)+Q3,
0090210048,ZM,1,GeoSampa(Lei18177→ZM)+Q3,
0090210055,ZM,1,GeoSampa(Lei18177→ZM)+Q3,
0090210056,ZM,1,GeoSampa(Lei18177→ZM)+Q3,
0090210058,ZM,1,GeoSampa(Lei18177→ZM)+Q3,
0090210059,ZM,1,GeoSampa(Lei18177→ZM)+Q3,
0090210063,ZEU,1,ZEU_u.shp,
0090210083,ZEU,1,ZEU_u.shp,
0090220001,ZEU,1,ZEU_u.shp,
0090220002,ZEU,1,ZEU_u.shp,
0090220003,ZEU,1,ZEU_u.shp,
0090220020,ZEU,1,ZEU_u.shp,
0090220021,ZEU,1,ZEU_u.shp,
0090220024,ZM,1,ZM_u.shp,
0090220062,ZEU,1,ZEU_u.shp,
0090220066,ZM,1,GeoSampa(Lei18177→ZM)+Q3,
0090220072,ZEU,1,ZEU_u.shp,
0090220145,ZM,1,GeoSampa(Lei18177→ZM)+Q3,
0090220148,ZEU,1,ZEU_u.shp,
0090220155,ZEU,1,ZEU_u.shp,
0090220159,ZEU,1,ZEU_u.shp,
0090220160,ZM,1,ZM_u.shp,
0090230011,ZEU,1,ZEU_u.shp,
0090230012,ZEU,1,ZEU_u.shp,
0090230017,ZEU,1,ZEU_u.shp,
0090230020,ZEU,1,ZEU_u.shp,
0090230022,ZEU,1,ZEU_u.shp,
0090230035,ZM,1,GeoSampa(Lei18177→ZM)+Q3,
0090230099,ZEIS-5,1,ZEIS_5.shp,
0090240028,ZEIS-5,1,ZEIS_5.shp,
0090240046,ZEIS-5,1,ZEIS_5.shp,
0090240047,ZEIS-5,1,ZEIS_5.shp,
0090250026,ZEIS-5,1,ZEIS_5.shp,
0090250027,ZEIS-5,1,ZEIS_5.shp,
0090250033,ZEIS-3,1,GeoSampa(Lei18177→ZEIS-3)+Q3,
0090250034,ZEIS-5,1,ZEIS_5.shp,
0090250035,ZEIS-5,1,ZEIS_5.shp,
0090250036,ZEIS-5,1,ZEIS_5.shp,
0090250058,ZEIS-3,1,ZEIS_3.shp,
0090250404,ZEIS-5,1,ZEIS_5.shp,
0090260000,ZEIS-3,1,ZEIS_3.shp,
0090320000,ZEU,1,ZEU_u.shp,
0090320149,ZEU,1,ZEU_u.shp,
0090320446,ZEU,1,ZEU_u.shp,
0090320447,ZEU,1,ZEU_u.shp,
0090370009,ZEU,1,ZEU_u.shp,
0090380001,ZM,1,GeoSampa(Lei18177→ZM)+Q3,
0090380002,ZM,1,GeoSampa(Lei18177→ZM)+Q3,
0090380003,ZM,1,GeoSampa(Lei18177→ZM)+Q3,
0090380004,ZM,1,GeoSampa(Lei18177→ZM)+Q3,1
0090380005,ZM,1,GeoSampa(Lei18177→ZM)+Q3,1
0090380006,ZEU,1,ZEU_u.shp,
0090380007,ZEU,1,ZEU_u.shp,
0090380009,ZM,1,GeoSampa(Lei18177→ZM)+Q3,1
0090380010,ZM,1,GeoSampa(Lei18177→ZM)+Q3,1
0090380013,ZM,1,GeoSampa(Lei18177→ZM)+Q3,1
0090380014,ZM,1,GeoSampa(Lei18177→ZM)+Q3,1
0090380017,ZM,1,GeoSampa(Lei18177→ZM)+Q3,1
0090380020,ZM,1,GeoSampa(Lei18177→ZM)+Q3,1
0090380026,ZM,1,GeoSampa(Lei18177→ZM)+Q3,1
0090380027,ZM,1,GeoSampa(Lei18177→ZM)+Q3,1
0090380029,ZEU,1,ZEU_u.shp,
0090380031,ZM,1,GeoSampa(Lei18177→ZM)+Q3,1
0090380034,ZEU,1,ZEU_u.shp,
0090380040,ZEU,1,ZEU_u.shp,
0090380048,ZEU,1,ZEU_u.shp,
0090380049,ZEU,1,ZEU_u.shp,
0090380050,ZEU,1,ZEU_u.shp,
0090380051,ZEU,1,ZEU_u.shp,
0090380059,ZEU,1,ZEU_u.shp,
0090380060,ZEU,1,ZEU_u.shp,
0090380061,ZEU,1,ZEU_u.shp,
0090380062,ZEU,1,ZEU_u.shp,
0090380063,ZEU,1,ZEU_u.shp,
0090380064,ZEU,1,ZEU_u.shp,
0090380066,ZEU,1,ZEU_u.shp,
0090380074,ZEU,1,ZEU_u.shp,
0090380075,ZEU,1,ZEU_u.shp,
0090380076,ZEU,1,ZEU_u.shp,
0090380077,ZEU,1,ZEU_u.shp,
0090380078,ZEU,1,ZEU_u.shp,
0090380079,ZEU,1,ZEU_u.shp,
0090380080,ZEU,1,ZEU_u.shp,
0090380081,ZEU,1,ZEU_u.shp,
0090380082,ZEU,1,ZEU_u.shp,
0090380083,ZEU,1,ZEU_u.shp,
0090380087,ZEU,1,ZEU_u.shp,
0090380088,ZM,1,GeoSampa(Lei18177→ZM)+Q3,1
0090380139,ZEU,1,ZEU_u.shp,
0090390000,ZEIS-5,1,GeoSampa(Lei18177→ZEIS-5)+Q3,1
0090390063,ZEIS-5,1,GeoSampa(Lei18177→ZEIS-5)+Q3,1
0090390069,ZEIS-5,1,GeoSampa(Lei18177→ZEIS-5)+Q3,1
0090390083,ZEIS-5,1,GeoSampa(Lei18177→ZEIS-5)+Q3,1
0090390084,ZEIS-5,1,ZEIS_5.shp,
0090400001,ZEIS-5,1,ZEIS_5.shp,
0090400002,ZEIS-5,1,ZEIS_5.shp,
0090410000,ZEIS-5,1,ZEIS_5.shp,
0090410026,ZEIS-5,1,ZEIS_5.shp,
0090410027,ZEIS-5,1,ZEIS_5.shp,
0090410031,ZEIS-5,1,ZEIS_5.shp,
0090410032,ZEIS-5,1,ZEIS_5.shp,
0090410033,ZEIS-5,1,ZEIS_5.shp,
0090410034,ZEIS-5,1,ZEIS_5.shp,
0090410035,ZEIS-5,1,ZEIS_5.shp,
0090410036,ZEIS-5,1,ZEIS_5.shp,
0090410039,ZEIS-5,1,ZEIS_5.shp,
0090410041,ZEIS-5,1,ZEIS_5.shp,
0090410044,ZEIS-5,1,ZEIS_5.shp,
0090410045,ZEIS-5,1,ZEIS_5.shp,
0090410056,ZEIS-5,1,GeoSampa(Lei18177→ZEIS-5)+Q3,1
0090410057,ZEIS-5,1,GeoSampa(Lei18177→ZEIS-5)+Q3,1
0090410058,ZEIS-5,1,GeoSampa(Lei18177→ZEIS-5)+Q3,1
0090410059,ZEIS-5,1,GeoSampa(Lei18177→ZEIS-5)+Q3,1
0090410060,ZEIS-5,1,ZEIS_5.shp,
0090410061,ZEIS-5,1,ZEIS_5.shp,
0090410062,ZEIS-5,1,ZEIS_5.shp,
0090410063,ZEIS-5,1,ZEIS_5.shp,
0090420000,ZEIS-5,1,ZEIS_5.shp,
0090420001,ZEIS-5,1,ZEIS_5.shp,
0090420022,ZEIS-5,1,ZEIS_5.shp,
0090420023,ZEIS-5,1,GeoSampa(Lei18177→ZEIS-5)+Q3,1
0090420024,ZEIS-5,1,GeoSampa(Lei18177→ZEIS-5)+Q3,1
0090420025,ZEIS-5,1,ZEIS_5.shp,
0090420027,ZEIS-5,1,ZEIS_5.shp,
0090440002,ZEU,1,ZEU_u.shp,
0090440004,ZEU,1,ZEU_u.shp,
0090440016,ZEU,1,ZEU_u.shp,
0090440017,ZEU,1,ZEU_u.shp,
0090440018,ZEU,1,ZEU_u.shp,
0090440019,ZEU,1,ZEU_u.shp,
0090440045,ZEU,1,ZEU_u.shp,
0090440046,ZEU,1,ZEU_u.shp,
0090440308,ZM,1,GeoSampa(Lei18177→ZM)+Q3,1
0090480000,ZEU,1,ZEU_u.shp,
0090490026,ZEU,1,ZEU_u.shp,
0090510028,ZEU,1,ZEU_u.shp,
0090510991,ZEU,1,ZEU_u.shp,
0090511589,ZEU,1,ZEU_u.shp,
0090511590,ZEU,1,GeoSampa(Lei18177→ZEU)+Q3,1
0090520019,ZEU,1,GeoSampa(Lei18177→ZEU)+Q3,1
0090520022,ZEU,1,ZEU_u.shp,
0090530000,ZEU,1,GeoSampa(Lei18177→ZEU)+Q3,1
0090530003,ZEU,1,GeoSampa(Lei18177→ZEU)+Q3,1
0090530021,ZEU,1,ZEU_u.shp,
0090530022,ZEU,1,ZEU_u.shp,
0090530024,ZEU,1,GeoSampa(Lei18177→ZEU)+Q3,1
0090530025,ZEU,1,GeoSampa(Lei18177→ZEU)+Q3,1
0090530026,ZEU,1,GeoSampa(Lei18177→ZEU)+Q3,1
0090530027,ZEU,1,GeoSampa(Lei18177→ZEU)+Q3,1
0090530031,ZEU,1,ZEU_u.shp,
0090530287,ZEU,1,ZEU_u.shp,
0090540012,ZEU,1,ZEU_u.shp,
0090540013,ZEU,1,ZEU_u.shp,
0090540014,ZEU,1,ZEU_u.shp,
0090540015,ZEU,1,ZEU_u.shp,
0090540016,ZEU,1,ZEU_u.shp,
0090540017,ZEU,1,ZEU_u.shp,
0090540018,ZEU,1,ZEU_u.shp,
0090540019,ZEU,1,ZEU_u.shp,
0090550005,ZEU,1,ZEU_u.shp,
0090550006,ZEU,1,ZEU_u.shp,
0090570001,ZEU,1,ZEU_u.shp,
0090570005,ZEU,1,ZEU_u.shp,
0090570006,ZEU,1,ZEU_u.shp,
0090570045,ZEU,1,ZEU_u.shp,
0090570046,ZEU,1,ZEU_u.shp,
0090570048,ZEU,1,ZEU_u.shp,
0090570300,ZEU,1,ZEU_u.shp,
0090640000,ZEU,1,ZEU_u.shp,
0090650000,ZEU,1,GeoSampa(Lei18177→ZEU)+Q3,1
0090660007,ZEU,1,ZEU_u.shp,
0090660667,ZEU,1,GeoSampa(Lei18177→ZEU)+Q3,1
0090670000,ZEU,1,ZEU_u.shp,
0090690012,ZEU,1,ZEU_u.shp,
0090690013,ZEU,1,ZEU_u.shp,
0090690014,ZEU,1,ZEU_u.shp,
0090700000,ZEU,1,ZEU_u.shp,
0090700001,ZEU,1,GeoSampa(Lei18177→ZEU)+Q3,1
0090710000,ZEU,1,ZEU_u.shp,
0090710464,ZEU,1,GeoSampa(Lei18177→ZEU)+Q3,1
0090800039,ZEU,1,ZEU_u.shp,
0090940001,ZEIS-3,1,ZEIS_3.shp,
0090940004,ZEIS-3,1,ZEIS_3.shp,
0090940005,ZEIS-3,1,ZEIS_3.shp,
0090940006,ZEIS-3,1,ZEIS_3.shp,
0090940008,ZEIS-3,1,ZEIS_3.shp,
0090940009,ZEIS-3,1,ZEIS_3.shp,
0090940013,ZEIS-3,1,ZEIS_3.shp,
0090940014,ZEIS-3,1,ZEIS_3.shp,
0090940028,ZEIS-3,1,ZEIS_3.shp,
0090940029,ZEIS-3,1,ZEIS_3.shp,
0090940030,ZEIS-3,1,ZEIS_3.shp,
0090940031,ZEIS-3,1,ZEIS_3.shp,
0090940034,ZEIS-3,1,ZEIS_3.shp,
0090940035,ZEIS-3,1,ZEIS_3.shp,
0090940036,ZEIS-3,1,ZEIS_3.shp,
0090940037,ZEIS-3,1,GeoSampa(Lei18177→ZEIS-3)+Q3,1
0090940038,ZEIS-3,1,GeoSampa(Lei18177→ZEIS-3)+Q3,1
0090940039,ZEIS-3,1,ZEIS_3.shp,
0090940040,ZEIS-3,1,ZEIS_3.shp,
0090940041,ZEIS-3,1,ZEIS_3.shp,
0090940042,ZEIS-3,1,ZEIS_3.shp,
0090940043,ZEIS-3,1,ZEIS_3.shp,
0090940044,ZEIS-3,1,ZEIS_3.shp,
0090940045,ZEIS-3,1,ZEIS_3.shp,
0090940046,ZEIS-3,1,ZEIS_3.shp,
0090940047,ZEIS-3,1,GeoSampa(Lei18177→ZEIS-3)+Q3,1
0090940048,ZEIS-3,1,ZEIS_3.shp,
0090940049,ZEIS-3,1,ZEIS_3.shp,
0090940051,ZEIS-3,1,ZEIS_3.shp,
0090940052,ZEIS-3,1,ZEIS_3.shp,
0090940053,ZEIS-3,1,ZEIS_3.shp,
0090940056,ZEIS-3,1,ZEIS_3.shp,
0090940057,ZEIS-3,1,ZEIS_3.shp,
0090940062,ZEIS-3,1,ZEIS_3.shp,
0090940154,ZEIS-3,1,ZEIS_3.shp,
0090940155,ZEIS-3,1,ZEIS_3.shp,
0090950001,ZC,1,ZC.shp,
0090950020,ZC,1,ZC.shp,
0090970000,ZEIS-3,1,ZEIS_3.shp,
0090970145,ZEIS-3,1,ZEIS_3.shp,
0090970146,ZEIS-3,1,ZEIS_3.shp,
0090970147,ZEIS-3,1,ZEIS_3.shp,
0090970148,ZEIS-3,1,ZEIS_3.shp,
0090990001,ZEIS-3,1,ZEIS_3.shp,
0100020000,ZM,1,ZM_u.shp,
0100030000,ZM,1,ZM_u.shp,
0100030026,ZEU,1,ZEU_u.shp,
0100040000,ZEU,1,ZEU_u.shp,
0100040062,ZC,1,ZC.shp,
0100070060,ZEU,1,ZEU_u.shp,
0100070714,ZEU,1,ZEU_u.shp,
0100090006,ZEU,1,ZEU_u.shp,
0100120014,ZEU,1,ZEU_u.shp,
0100130015,ZEU,1,GeoSampa(Lei18177→ZEU)+Q3,0
0100130024,ZEU,1,GeoSampa(Lei18177→ZEU)+Q3,0
0100130192,ZEU,1,ZEU_u.shp,
0100140131,ZEPAM,"0,1",ZEPAM.shp,
0100140323,ZEU,1,GeoSampa(Lei18177→ZEU)+Q3,0
0100140438,ZEPAM,"0,1",ZEPAM.shp,
0100150002,ZEU,1,ZEU_u.shp,
0100220001,ZOE,1,GeoSampa(Lei18177→ZOE)+Q3,0
0100220002,ZOE,1,GeoSampa(Lei18177→ZOE)+Q3,0
0100220003,ZOE,1,GeoSampa(Lei18177→ZOE)+Q3,0
0100260016,ZEU,1,ZEU_u.shp,
0100260017,ZEU,1,ZEU_u.shp,
0100300061,ZEU,1,ZEU_u.shp,
0100300062,ZEU,1,ZEU_u.shp,
0100300063,ZEU,1,ZEU_u.shp,
0100300064,ZEU,1,ZEU_u.shp,
0100300065,ZEU,1,ZEU_u.shp,
0100300066,ZEU,1,ZEU_u.shp,
0100300067,ZEU,1,ZEU_u.shp,
0100300069,ZEU,1,ZEU_u.shp,
0100300070,ZEU,1,ZEU_u.shp,
0100300071,ZEU,1,ZEU_u.shp,
0100300072,ZEU,1,ZEU_u.shp,
0100300073,ZEU,1,ZEU_u.shp,
0100300074,ZEU,1,ZEU_u.shp,
0100300076,ZEU,1,ZEU_u.shp,
0100300080,ZEU,1,GeoSampa(Lei18177→ZEU)+Q3,0
0100300081,ZEU,1,GeoSampa(Lei18177→ZEU)+Q3,0
0100300082,ZEU,1,ZEU_u.shp,
0100300083,ZEU,1,ZEU_u.shp,
0100300084,ZEU,1,ZEU_u.shp,
0100300226,ZEU,1,ZEU_u.shp,
0100300227,ZEU,1,ZEU_u.shp,
0100300228,ZEU,1,ZEU_u.shp,
0100300229,ZEU,1,ZEU_u.shp,
0100300230,ZEU,1,ZEU_u.shp,
0100300231,ZEU,1,ZEU_u.shp,
0100370000,ZEU,1,ZEU_u.shp,
0100370015,ZEU,1,ZEU_u.shp,
0100500033,ZEU,1,ZEU_u.shp,
0100500050,ZEU,1,ZEU_u.shp,
0100670000,ZEU,1,ZEU_u.shp,
0100690011,ZM,1,ZM_u.shp,
0100691220,ZEU,1,ZEU_u.shp,
0100800019,ZEU,1,ZEU_u.shp,
0100990000,ZM,1,ZM_u.shp,
0110020075,ZC,1,GeoSampa(Lei18177→ZC)+Q3,0
0110050045,ZCOR-3,1,ZCOR_3.shp,
0110070004,ZER-1,1,ZER_1.shp,
0110080010,ZCOR-2,1,ZCOR_2.shp,
0110230013,ZEU,1,ZEU_u.shp,
0110240009,ZEU,1,ZEU_u.shp,
0110250031,ZEU,1,ZEU_u.shp,
0110250032,ZEU,1,ZEU_u.shp,
0110360035,ZER-1,1,ZER_1.shp,
0110620010,ZER-1,1,ZER_1.shp,
0110640016,ZER-1,1,ZER_1.shp,
0110770004,ZOE,1,ZOE.shp +Quadro2A(basico-macroarea),
0110890001,ZEU,1,ZEU_u.shp,
0110890028,ZEU,1,ZEU_u.shp,
0110890029,ZEU,1,ZEU_u.shp,
0110890030,ZEU,1,ZEU_u.shp,
0110890031,ZEU,1,ZEU_u.shp,
0110890032,ZEU,1,ZEU_u.shp,
0110890033,ZEU,1,ZEU_u.shp,
0110890034,ZEU,1,ZEU_u.shp,
0110890035,ZEU,1,ZEU_u.shp,
0110890036,ZEU,1,ZEU_u.shp,
0110890060,ZM,1,ZM_u.shp,
0110920275,ZEU,1,ZEU_u.shp,
0110920276,ZEU,1,ZEU_u.shp,
0110970001,ZCOR-1,1,ZCOR_1.shp,
0110980008,ZEU,1,ZEU_u.shp,
0110980009,ZEU,1,ZEU_u.shp,
0110980010,ZEU,1,ZEU_u.shp,
0110980014,ZCOR-1,1,ZCOR_1.shp,
0110980024,ZC,1,GeoSampa(Lei18177→ZC)+Q3,0
0110980025,ZC,1,GeoSampa(Lei18177→ZC)+Q3,0
0110990000,ZEU,1,ZEU_u.shp,
0111000014,ZEU,1,ZEU_u.shp,
0111010000,ZEU,1,ZEU_u.shp,
0111010018,ZEPAM,"0,1",ZEPAM.shp,
0111080001,ZOE,1,GeoSampa(Lei18177→ZOE)+Q3,0
0111090018,ZER-1,1,ZER_1.shp,
0111140000,ZEU,1,ZEU_u.shp,
0111140003,ZEU,1,ZEU_u.shp,
0111140004,ZEU,1,ZEU_u.shp,
0111140005,ZEU,1,ZEU_u.shp,
0111140006,ZEU,1,ZEU_u.shp,
0111140007,ZEU,1,ZEU_u.shp,
0111140008,ZEU,1,ZEU_u.shp,
0111140009,ZEU,1,ZEU_u.shp,
0111140010,ZEU,1,ZEU_u.shp,
0111140011,ZEU,1,ZEU_u.shp,
0111140012,ZEU,1,ZEU_u.shp,
0111140018,ZCOR-1,1,ZCOR_1.shp,
0111140023,ZCOR-1,1,ZCOR_1.shp,
0111140024,ZCOR-1,1,ZCOR_1.shp,
0111140025,ZCOR-1,1,ZCOR_1.shp,
0111140026,ZCOR-1,1,ZCOR_1.shp,
0111140136,ZCOR-1,1,ZCOR_1.shp,
0111140137,ZCOR-1,1,ZCOR_1.shp,
0111140138,ZCOR-1,1,ZCOR_1.shp,
0111140150,ZCOR-1,1,ZCOR_1.shp,
0111220020,ZEU,1,ZEU_u.shp,
0111230000,ZEU,1,ZEU_u.shp,
0111240072,ZEU,1,ZEU_u.shp,
0111290011,ZER-1,1,ZER_1.shp,
0111330016,ZER-1,1,GeoSampa(Lei18177→ZER-1)+Q3,0
0111430027,ZER-1,1,ZER_1.shp,
0111440038,ZER-1,1,GeoSampa(Lei18177→ZER-1)+Q3,0
0111440039,ZER-1,1,ZER_1.shp,
0121230007,ZER-1,1,ZER_1.shp,
0130030001,ZC,1,ZC.shp,
0130040035,ZEU,1,ZEU_u.shp,
0130040036,ZEU,1,ZEU_u.shp,
0130050001,ZOE,1,ZOE.shp +Quadro2A(basico-macroarea),
0130050002,ZOE,1,ZOE.shp +Quadro2A(basico-macroarea),
0130050003,ZOE,1,ZOE.shp +Quadro2A(basico-macroarea),
0130090000,ZEU,1,ZEU_u.shp,
0130090082,ZOE,1,ZOE.shp +Quadro2A(basico-macroarea),
0130090136,AC-1,0.6,GeoSampa(Lei18177→AC-1)+Q3,0
0130130215,ZEU,1,ZEU_u.shp,
0130140038,ZC,1,ZC.shp,
0130140039,ZC,1,ZC.shp,
0130140082,ZC,1,ZC.shp,
0130290000,ZC,1,ZC.shp,
0130360001,ZC,1,ZC.shp,
0130360023,ZC,1,ZC.shp,
0130360024,ZC,1,ZC.shp,
0130360025,ZC,1,ZC.shp,
0130360026,ZC,1,ZC.shp,
0130360027,ZC,1,ZC.shp,
0130360028,ZC,1,ZC.shp,
0130360029,ZC,1,ZC.shp,
0130360030,ZC,1,ZC.shp,
0130360031,ZC,1,ZC.shp,
0130360032,ZC,1,ZC.shp,
0130360033,ZC,1,ZC.shp,
0130360048,ZC,1,ZC.shp,
0130360049,ZC,1,ZC.shp,
0130370021,ZC,1,ZC.shp,
0130530121,ZC,1,ZC.shp,
0130530123,ZC,1,ZC.shp,
0130590009,ZC,1,ZC.shp,
0130740001,ZER-1,1,ZER_1.shp,
0140230001,AC-1,0.6,GeoSampa(Lei18177→AC-1)+Q3,0
0140800020,ZER-1,1,ZER_1.shp,
0150080053,ZEU,1,ZEU_u.shp,
0150100001,ZEU,1,ZEU_u.shp,
0150100002,ZEU,1,ZEU_u.shp,
0150100005,ZEU,1,ZEU_u.shp,
0150100006,ZEU,1,ZEU_u.shp,
0150100007,ZEU,1,ZEU_u.shp,
0150100008,ZEU,1,ZEU_u.shp,
0150100009,ZEU,1,ZEU_u.shp,
0150100010,ZEU,1,ZEU_u.shp,
0150100011,ZEU,1,ZEU_u.shp,
0150100012,ZEU,1,ZEU_u.shp,
0150100013,ZEU,1,ZEU_u.shp,
0150100014,ZEU,1,ZEU_u.shp,
0150100015,ZEU,1,ZEU_u.shp,
0150100016,ZEU,1,ZEU_u.shp,
0150100017,ZEU,1,ZEU_u.shp,
0150100018,ZEU,1,ZEU_u.shp,
0150100019,ZEU,1,ZEU_u.shp,
0150100020,ZEU,1,ZEU_u.shp,
0150100021,ZEU,1,ZEU_u.shp,
0150100022,ZEU,1,ZEU_u.shp,
0150100023,ZEU,1,ZEU_u.shp,
0150100024,ZEU,1,ZEU_u.shp,
0150100025,ZEU,1,ZEU_u.shp,
0150100026,ZEU,1,ZEU_u.shp,
0150100027,ZEU,1,ZEU_u.shp,
0150100028,ZEU,1,ZEU_u.shp,
0150100029,ZEU,1,ZEU_u.shp,
0150110001,ZEU,1,ZEU_u.shp,
0150110002,ZEU,1,ZEU_u.shp,
0150110006,ZEU,1,ZEU_u.shp,
0150110007,ZEU,1,ZEU_u.shp,
0150110019,ZEU,1,ZEU_u.shp,
0150110020,ZEU,1,ZEU_u.shp,
0150110022,ZEU,1,ZEU_u.shp,
0150110023,ZEU,1,ZEU_u.shp,
0150110024,ZEU,1,ZEU_u.shp,
0150110029,ZEU,1,ZEU_u.shp,
0150110030,ZEU,1,ZEU_u.shp,
0150110031,ZEU,1,ZEU_u.shp,
0150110032,ZEU,1,ZEU_u.shp,
0150110033,ZEU,1,ZEU_u.shp,
0150110034,ZEU,1,ZEU_u.shp,
0150110035,ZEU,1,ZEU_u.shp,
0150110036,ZEU,1,ZEU_u.shp,
0150110037,ZEU,1,ZEU_u.shp,
0150120000,ZEU,1,ZEU_u.shp,
0150120001,ZEU,1,ZEU_u.shp,
0150120002,ZEU,1,ZEU_u.shp,
0150120003,ZEU,1,ZEU_u.shp,
0150120004,ZEU,1,ZEU_u.shp,
0150120005,ZEU,1,ZEU_u.shp,
0150120006,ZEU,1,ZEU_u.shp,
0150120007,ZEU,1,ZEU_u.shp,
0150120008,ZEU,1,ZEU_u.shp,
0150120009,ZEU,1,ZEU_u.shp,
0150120010,ZEU,1,ZEU_u.shp,
0150120011,ZEU,1,ZEU_u.shp,
0150120012,ZEU,1,ZEU_u.shp,
0150120015,ZEU,1,ZEU_u.shp,
0150120016,ZEU,1,ZEU_u.shp,
0150120017,ZEU,1,ZEU_u.shp,
0150120018,ZEU,1,ZEU_u.shp,
0150120021,ZEU,1,ZEU_u.shp,
0150120022,ZEU,1,ZEU_u.shp,
0150120023,ZEU,1,ZEU_u.shp,
0150120025,ZEU,1,ZEU_u.shp,
0150120035,ZEU,1,ZEU_u.shp,
0150120036,ZEU,1,ZEU_u.shp,
0150120037,ZEU,1,ZEU_u.shp,
0150120045,ZEU,1,ZEU_u.shp,
0150130001,ZEU,1,ZEU_u.shp,
0150130002,ZEU,1,ZEU_u.shp,
0150130003,ZEU,1,ZEU_u.shp,
0150130004,ZEU,1,ZEU_u.shp,
0150130005,ZEU,1,ZEU_u.shp,
0150130021,ZEU,1,ZEU_u.shp,
0150130022,ZEU,1,ZEU_u.shp,
0150130023,ZEU,1,ZEU_u.shp,
0150130024,ZEU,1,ZEU_u.shp,
0150130025,ZEU,1,ZEU_u.shp,
0150130026,ZEU,1,ZEU_u.shp,
0150130027,ZEU,1,ZEU_u.shp,
0150130035,ZEU,1,ZEU_u.shp,
0150130036,ZEU,1,ZEU_u.shp,
0150130037,ZEU,1,ZEU_u.shp,
0150140034,ZEU,1,ZEU_u.shp,
0150140035,ZEU,1,ZEU_u.shp,
0150140036,ZEU,1,ZEU_u.shp,
0150140039,ZEU,1,ZEU_u.shp,
0150140040,ZEU,1,ZEU_u.shp,
0150140465,ZEU,1,ZEU_u.shp,
0150140466,ZEU,1,ZEU_u.shp,
0150150000,ZEU,1,ZEU_u.shp,
0150180000,ZC,1,ZC.shp,
0150190000,ZEU,1,ZEU_u.shp,
0150210000,ZEU,1,ZEU_u.shp,
0150270000,ZEU,1,ZEU_u.shp,
0150270004,ZEU,1,ZEU_u.shp,
0150280000,ZEU,1,ZEU_u.shp,
0150320000,ZEU,1,ZEU_u.shp,
0150330000,ZEU,1,ZEU_u.shp,
0150420000,ZEU,1,ZEU_u.shp,
0150490019,ZER-1,1,ZER_1.shp,
0150490020,ZER-1,1,ZER_1.shp,
0150490021,ZER-1,1,ZER_1.shp,
0150490022,ZER-1,1,ZER_1.shp,
0150560174,ZM,1,ZM_u.shp,
0150890022,ZCOR-2,1,ZCOR_2.shp,
0151320078,ZCOR-2,1,ZCOR_2.shp,
0160090009,ZER-1,1,ZER_1.shp,
0160090028,ZEPEC_AUE,1,PDE_Art14§1(sem_lote),
0160310028,ZER-1,1,ZER_1.shp,
0160330018,ZCOR-2,1,ZCOR_2.shp,
0170660087,ZDE-1,1,ZDE_1.shp,
0170760043,ZDE-1,1,ZDE_1.shp,
0171020034,ZM,1,ZM_u.shp,
0171130001,ZEMP,1,ZEMP.shp,
0180010008,AC-1,0.6,GeoSampa(Lei18177→AC-1)+Q3,1
0180050019,ZC,1,ZC.shp,
0180270001,ZC,1,ZC.shp,
0180310000,ZC,1,ZC.shp,
0180440020,ZC,1,ZC.shp,
0180500268,ZC,1,ZC.shp,
0180500271,ZC,1,ZC.shp,
0180630003,ZC,1,ZC.shp,
0180640014,ZC,1,ZC.shp,
0180640015,ZC,1,ZC.shp,
0180640016,ZC,1,ZC.shp,
0180640017,ZC,1,ZC.shp,
0180640018,ZC,1,ZC.shp,
0180640019,ZC,1,ZC.shp,
0180640020,ZC,1,ZC.shp,
0180640021,ZC,1,ZC.shp,
0180640022,ZC,1,ZC.shp,
0180640023,ZC,1,ZC.shp,
0180640024,ZC,1,ZC.shp,
0180640025,ZC,1,ZC.shp,
0180640026,ZC,1,ZC.shp,
0180640027,ZC,1,ZC.shp,
0180640028,ZC,1,ZC.shp,
0180640029,ZC,1,ZC.shp,
0180640030,ZC,1,ZC.shp,
0180640031,ZC,1,ZC.shp,
0180640032,ZC,1,ZC.shp,
0180640033,ZC,1,ZC.shp,
0180640034,ZC,1,ZC.shp,
0180640045,ZC,1,ZC.shp,
0180640047,ZC,1,ZC.shp,
0180640049,ZC,1,ZC.shp,
0180640050,ZC,1,ZC.shp,
0180640051,ZC,1,ZC.shp,
0180640052,ZC,1,ZC.shp,
0180800001,ZC,1,ZC.shp,
0180810005,ZC,1,ZC.shp,
0180810006,ZC,1,ZC.shp,
0190730001,ZDE-1,1,ZDE_1.shp,
0200170004,ZC,1,ZC.shp,
0200170279,ZC,1,ZC.shp,
0200170280,ZC,1,ZC.shp,
0200170309,ZC,1,ZC.shp,
0200170310,ZC,1,ZC.shp,
0200170311,ZC,1,ZC.shp,
0200280023,ZC,1,ZC.shp,
0200280024,ZC,1,ZC.shp,
0200280025,ZC,1,ZC.shp,
0200280026,ZC,1,ZC.shp,
0200280027,ZC,1,ZC.shp,
0200290001,ZC,1,ZC.shp,
0200350046,ZEM,1,ZEM.shp,
0200350047,ZEM,1,ZEM.shp,
0200350048,ZEM,1,ZEM.shp,
0200350049,ZEM,1,ZEM.shp,
0200350050,ZEM,1,ZEM.shp,
0200360016,ZM,1,ZM_u.shp,
0200370017,ZEM,1,ZEM.shp,
0200410000,ZEM,1,ZEM.shp,
0200420006,ZEM,1,ZEM.shp,
0200430032,ZM,1,ZM_u.shp,
0200430033,ZM,1,ZM_u.shp,
0200430034,ZM,1,ZM_u.shp,
0200430035,ZM,1,ZM_u.shp,
0200430036,ZM,1,ZM_u.shp,
0200500013,ZEM,1,ZEM.shp,
0200500015,ZEM,1,ZEM.shp,
0200500020,ZEM,1,ZEM.shp,
0200500021,ZEM,1,ZEM.shp,
0200500053,ZEM,1,ZEM.shp,
0200500059,ZEM,1,ZEM.shp,
0200500060,ZEM,1,ZEM.shp,
0200510022,ZEM,1,ZEM.shp,
0200510023,ZEM,1,ZEM.shp,
0200510044,ZEM,1,ZEM.shp,
0200510045,ZEM,1,ZEM.shp,
0200510194,ZEM,1,ZEM.shp,
0200520000,ZEM,1,ZEM.shp,
0200520012,ZEM,1,ZEM.shp,
0200550034,ZM,1,ZM_u.shp,
0200620046,ZEM,1,ZEM.shp,
0200620048,ZEM,1,ZEM.shp,
0200620049,ZEM,1,ZEM.shp,
0200620054,ZEM,1,ZEM.shp,
0200630011,ZEM,1,ZEM.shp,
0200630012,ZEM,1,ZEM.shp,
0200630019,ZEM,1,ZEM.shp,
0200630022,ZEM,1,ZEM.shp,
0200640041,ZEU,1,ZEU_u.shp,
0200670033,ZM,1,ZM_u.shp,
0200680021,ZM,1,ZM_u.shp,
0200690007,ZM,1,ZM_u.shp,
0200730000,ZM,1,ZM_u.shp,
0200790028,ZEU,1,ZEU_u.shp,
0200800008,ZEU,1,ZEU_u.shp,
0200810180,ZEU,1,ZEU_u.shp,
0200910009,ZC,1,ZC.shp,
0200940000,ZM,1,ZM_u.shp,
0200950000,ZC,1,ZC.shp,
0200950021,ZC,1,ZC.shp,
0200950036,ZC,1,ZC.shp,
0200951381,ZC,1,ZC.shp,
0210040072,ZM,1,ZM_u.shp,
0210080001,ZM,1,ZM_u.shp,
0210100027,ZEM,1,ZEM.shp,
0210120120,ZEPAM,"0,1",ZEPAM.shp,
0210140004,ZM,1,ZM_u.shp,
0210140010,ZM,1,ZM_u.shp,
0210140011,ZM,1,ZM_u.shp,
0210140012,ZM,1,ZM_u.shp,
0210140013,ZM,1,ZM_u.shp,
0210140014,ZM,1,ZM_u.shp,
0210140039,ZM,1,ZM_u.shp,
0210210044,ZM,1,ZM_u.shp,
0210280001,ZEU,1,ZEU_u.shp,
0210280059,ZEU,1,ZEU_u.shp,
0210280062,ZEU,1,ZEU_u.shp,
0210350023,ZEU,1,ZEU_u.shp,
0210350032,ZEU,1,ZEU_u.shp,
0210400074,ZEU,1,ZEU_u.shp,
0210440006,ZEU,1,ZEU_u.shp,
0210440031,ZEU,1,ZEU_u.shp,
0210440032,ZEU,1,ZEU_u.shp,
0210440033,ZEU,1,ZEU_u.shp,
0210440042,ZEU,1,ZEU_u.shp,
0210440052,ZEU,1,ZEU_u.shp,
0210530000,ZEU,1,ZEU_u.shp,
0210640001,ZEU,1,ZEU_u.shp,
0210740017,ZEU,1,ZEU_u.shp,
0210740019,ZEU,1,ZEU_u.shp,
0210910037,ZCOR-1,1,ZCOR_1.shp,
0210910038,ZCOR-1,1,ZCOR_1.shp,
0211150001,ZM,1,ZM_u.shp,
0211170002,ZM,1,ZM_u.shp,
0220060000,ZM,1,ZM_u.shp,
0220100023,ZEM,1,ZEM.shp,
0220130083,ZEM,1,ZEM.shp,
0220210031,ZEM,1,ZEM.shp,
0220260022,ZEU,1,ZEU_u.shp,
0220650022,ZC,1,ZC.shp,
0220650023,ZC,1,ZC.shp,
0220650024,ZC,1,ZC.shp,
0220650025,ZC,1,ZC.shp,
0230120297,ZC,1,ZC.shp,
0230170037,ZEM,1,ZEM.shp,
0230390034,ZC,1,ZC.shp,
0230470000,ZC,1,ZC.shp,
0230470015,ZC,1,ZC.shp,
0230470016,ZC,1,ZC.shp,
0230470017,ZC,1,ZC.shp,
0230470018,ZC,1,ZC.shp,
0230470019,ZC,1,ZC.shp,
0230490007,ZEU,1,ZEU_u.shp,
0230740001,ZM,1,ZM_u.shp,
0230920001,ZC,1,ZC.shp,
0240180001,ZM,1,ZM_u.shp,
0250370018,ZDE-1,1,ZDE_1.shp,
0250410018,ZDE-1,1,ZDE_1.shp,
0250440031,ZDE-1,1,ZDE_1.shp,
0250550002,ZDE-1,1,ZDE_1.shp,
0250550043,ZDE-1,1,ZDE_1.shp,
0250550044,ZDE-1,1,ZDE_1.shp,
0250800000,ZDE-1,1,ZDE_1.shp,
0250800075,ZC,1,ZC.shp,
0260150107,ZEMP,1,ZEMP.shp,
0260150108,ZEMP,1,ZEMP.shp,
0260150109,ZEMP,1,ZEMP.shp,
0260150112,ZEMP,1,ZEMP.shp,
0260150113,ZEMP,1,ZEMP.shp,
0260150114,ZEMP,1,ZEMP.shp,
0260150191,ZEMP,1,ZEMP.shp,
0260150192,ZEMP,1,ZEMP.shp,
0260150193,ZEMP,1,ZEMP.shp,
0260150194,ZEMP,1,ZEMP.shp,
0260150195,ZEMP,1,ZEMP.shp,
0260150196,ZEMP,1,ZEMP.shp,
0260150197,ZEMP,1,ZEMP.shp,
0260150198,ZEMP,1,ZEMP.shp,
0260150199,ZEMP,1,ZEMP.shp,
0260150200,ZEMP,1,ZEMP.shp,
0260150201,ZEMP,1,ZEMP.shp,
0260150202,ZEMP,1,ZEMP.shp,
0260150203,ZEMP,1,ZEMP.shp,
0260150204,ZEMP,1,ZEMP.shp,
0260150205,ZEMP,1,ZEMP.shp,
0260150206,ZEMP,1,ZEMP.shp,
0260150207,ZEMP,1,ZEMP.shp,
0260150208,ZEMP,1,ZEMP.shp,
0260150209,ZEMP,1,ZEMP.shp,
0260150210,ZEMP,1,ZEMP.shp,
0260150211,ZEMP,1,ZEMP.shp,
0260180001,ZEIS-3,1,ZEIS_3.shp,
0260250002,ZEIS-3,1,ZEIS_3.shp,
0260250065,ZEIS-3,1,ZEIS_3.shp,
0260250066,ZEIS-3,1,ZEIS_3.shp,
0260250067,ZEIS-3,1,ZEIS_3.shp,
0260250068,ZEIS-3,1,ZEIS_3.shp,
0260250073,ZEIS-3,1,ZEIS_3.shp,
0260280281,ZDE-1,1,ZDE_1.shp,
0260350000,ZEIS-3,1,ZEIS_3.shp,
0260380044,ZDE-1,1,ZDE_1.shp,
0260470035,ZDE-1,1,ZDE_1.shp,
0260470036,ZDE-1,1,ZDE_1.shp,
0260470090,ZC,1,ZC.shp,
0260470091,ZC,1,ZC.shp,
0260470094,ZDE-1,1,ZDE_1.shp,
0270190039,ZEIS-3,1,ZEIS_3.shp,
0270220004,ZEIS-3,1,ZEIS_3.shp,
0270220036,ZEIS-3,1,ZEIS_3.shp,
0270220037,ZEIS-3,1,ZEIS_3.shp,
0270290009,ZC,1,ZC.shp,
0270850001,ZEU,1,ZEU_u.shp,
0270850002,ZEU,1,ZEU_u.shp,
0270890012,ZEU,1,ZEU_u.shp,
0280150007,ZC,1,ZC.shp,
0280220101,ZC,1,ZC.shp,
0280230029,ZC,1,ZC.shp,
0280370000,ZC,1,ZC.shp,
0280460000,ZOE,1,ZOE.shp +Quadro2A(basico-macroarea),
0280460049,ZOE,1,ZOE.shp +Quadro2A(basico-macroarea),
0280460057,ZOE,1,ZOE.shp +Quadro2A(basico-macroarea),
0280460058,ZOE,1,ZOE.shp +Quadro2A(basico-macroarea),
0280460059,ZOE,1,ZOE.shp +Quadro2A(basico-macroarea),
0280460060,ZOE,1,ZOE.shp +Quadro2A(basico-macroarea),
0280460061,ZOE,1,ZOE.shp +Quadro2A(basico-macroarea),
0280460062,ZOE,1,ZOE.shp +Quadro2A(basico-macroarea),
0280460063,ZOE,1,ZOE.shp +Quadro2A(basico-macroarea),
0280460064,ZOE,1,ZOE.shp +Quadro2A(basico-macroarea),
0280460065,ZOE,1,ZOE.shp +Quadro2A(basico-macroarea),
0280460066,ZOE,1,ZOE.shp +Quadro2A(basico-macroarea),
0280460067,ZOE,1,ZOE.shp +Quadro2A(basico-macroarea),
0280460068,ZOE,1,ZOE.shp +Quadro2A(basico-macroarea),
0280460069,ZOE,1,ZOE.shp +Quadro2A(basico-macroarea),
0280460070,ZOE,1,ZOE.shp +Quadro2A(basico-macroarea),
0280460074,ZOE,1,ZOE.shp +Quadro2A(basico-macroarea),
0280460112,ZOE,1,ZOE.shp +Quadro2A(basico-macroarea),
0280460129,ZOE,1,ZOE.shp +Quadro2A(basico-macroarea),
0280460130,ZOE,1,ZOE.shp +Quadro2A(basico-macroarea),
0280460134,ZOE,1,ZOE.shp +Quadro2A(basico-macroarea),
0300720001,ZEU,1,ZEU_u.shp,
0310340080,ZC,1,ZC.shp,
0311020000,ZM,1,ZM_u.shp,
0311080000,ZM,1,ZM_u.shp,
0320210000,ZM,1,ZM_u.shp,
0320430101,ZM,1,ZM_u.shp,
0320430102,ZM,1,ZM_u.shp,
0330010000,ZEU,1,ZEU_u.shp,
0330010133,ZEU,1,ZEU_u.shp,
0330020001,ZEU,1,ZEU_u.shp,
0330030021,ZEU,1,ZEU_u.shp,
0330050000,ZEU,1,ZEU_u.shp,
0330050002,ZEU,1,ZEU_u.shp,
0330050018,ZEU,1,ZEU_u.shp,
0330050022,ZEU,1,ZEU_u.shp,
0330050023,ZEU,1,GeoSampa(Lei18177→ZEU)+Q3,1
0330050024,ZEU,1,ZEU_u.shp,
0330050025,ZEU,1,ZEU_u.shp,
0330050026,ZEU,1,ZEU_u.shp,
0330050027,ZEU,1,ZEU_u.shp,
0330050028,ZEU,1,ZEU_u.shp,
0330050029,ZEU,1,ZEU_u.shp,
0330050030,ZEU,1,ZEU_u.shp,
0330050031,ZEU,1,ZEU_u.shp,
0330050032,ZEU,1,ZEU_u.shp,
0330050033,ZEU,1,ZEU_u.shp,
0330050034,ZEU,1,ZEU_u.shp,
0330050035,ZEU,1,ZEU_u.shp,
0330050037,ZEU,1,ZEU_u.shp,
0330050040,ZEU,1,GeoSampa(Lei18177→ZEU)+Q3,1
0330050041,ZEU,1,ZEU_u.shp,
0330050042,ZEU,1,ZEU_u.shp,
0330050045,ZEU,1,ZEU_u.shp,
0330050046,ZEU,1,ZEU_u.shp,
0330050049,ZEU,1,ZEU_u.shp,
0330050050,ZEU,1,ZEU_u.shp,
0330050051,ZEU,1,ZEU_u.shp,
0330050052,ZEU,1,ZEU_u.shp,
0330050053,ZEU,1,ZEU_u.shp,
0330050054,ZEU,1,ZEU_u.shp,
0330050055,ZEU,1,ZEU_u.shp,
0330070001,ZEU,1,ZEU_u.shp,
0330070002,ZEU,1,ZEU_u.shp,
0330070003,ZEU,1,ZEU_u.shp,
0330070004,ZEU,1,ZEU_u.shp,
0330070005,ZEU,1,ZEU_u.shp,
0330070009,ZM,1,GeoSampa(Lei18177→ZM)+Q3,1
0330070010,ZEU,1,ZEU_u.shp,
0330070011,ZEU,1,ZEU_u.shp,
0330070012,ZEU,1,ZEU_u.shp,
0330070013,ZEU,1,ZEU_u.shp,
0330070014,ZEU,1,ZEU_u.shp,
0330070015,ZEU,1,ZEU_u.shp,
0330070016,ZEU,1,ZEU_u.shp,
0330070019,ZEU,1,ZEU_u.shp,
0330070022,ZEU,1,ZEU_u.shp,
0330080000,ZEU,1,ZEU_u.shp,
0330080002,ZEU,1,ZEU_u.shp,
0330080017,ZEU,1,ZEU_u.shp,
0330080018,ZEU,1,ZEU_u.shp,
0330080019,ZEU,1,ZEU_u.shp,
0330080020,ZEU,1,ZEU_u.shp,
0330080021,ZEU,1,ZEU_u.shp,
0330080022,ZEU,1,ZEU_u.shp,
0330080023,ZEU,1,ZEU_u.shp,
0330080024,ZEU,1,ZEU_u.shp,
0330080025,ZEU,1,ZEU_u.shp,
0330080026,ZEU,1,ZEU_u.shp,
0330080027,ZEU,1,ZEU_u.shp,
0330080028,ZEU,1,ZEU_u.shp,
0330080029,ZEU,1,ZEU_u.shp,
0330080030,ZEU,1,ZEU_u.shp,
0330080031,ZEU,1,ZEU_u.shp,
0330080032,ZEU,1,ZEU_u.shp,
0330080033,ZEU,1,ZEU_u.shp,
0330080077,ZEU,1,ZEU_u.shp,
0330080092,ZEU,1,ZEU_u.shp,
0330100010,ZEU,1,GeoSampa(Lei18177→ZEU)+Q3,1
0330130124,ZEU,1,ZEU_u.shp,
0330130125,ZEU,1,GeoSampa(Lei18177→ZEU)+Q3,1
0330130126,ZEU,1,GeoSampa(Lei18177→ZEU)+Q3,1
0330130127,ZEU,1,GeoSampa(Lei18177→ZEU)+Q3,1
0330140010,ZEU,1,GeoSampa(Lei18177→ZEU)+Q3,1
0330140011,ZEU,1,GeoSampa(Lei18177→ZEU)+Q3,1
0330140012,ZEU,1,GeoSampa(Lei18177→ZEU)+Q3,1
0330140013,ZEU,1,GeoSampa(Lei18177→ZEU)+Q3,1
0330140031,ZEU,1,ZEU_u.shp,
0330140035,ZEU,1,ZEU_u.shp,
0330140095,ZEU,1,ZEU_u.shp,
0330141006,ZEU,1,ZEU_u.shp,
0330141014,ZEU,1,ZEU_u.shp,
0330150000,ZEU,1,ZEU_u.shp,
0330150050,ZEU,1,ZEU_u.shp,
0330150052,ZEU,1,ZEU_u.shp,
0330150053,ZEU,1,ZEU_u.shp,
0330150079,ZEU,1,ZEU_u.shp,
0330150080,ZEU,1,ZEU_u.shp,
0330151462,ZEU,1,ZEU_u.shp,
0330160000,ZEU,1,ZEU_u.shp,
0330160028,ZEU,1,ZEU_u.shp,
0330160032,ZC,1,GeoSampa(Lei18177→ZC)+Q3,1
0330160033,ZC,1,GeoSampa(Lei18177→ZC)+Q3,1
0330160034,ZC,1,GeoSampa(Lei18177→ZC)+Q3,1
0330170000,ZEU,1,ZEU_u.shp,
0330170009,ZEU,1,ZEU_u.shp,
0330170013,ZEU,1,ZEU_u.shp,
0330170014,ZEU,1,ZEU_u.shp,
0330170015,ZEU,1,ZEU_u.shp,
0330170020,ZEU,1,ZEU_u.shp,
0330190001,ZEU,1,ZEU_u.shp,
0330190002,ZEU,1,ZEU_u.shp,
0330190003,ZEU,1,ZEU_u.shp,
0330190004,ZEU,1,ZEU_u.shp,
0330190005,ZM,1,GeoSampa(Lei18177→ZM)+Q3,1
0330190011,ZEU,1,ZEU_u.shp,
0330190012,ZEU,1,ZEU_u.shp,
0330190013,ZEU,1,ZEU_u.shp,
0330190014,ZEU,1,ZEU_u.shp,
0330190015,ZEU,1,ZEU_u.shp,
0330190016,ZEU,1,ZEU_u.shp,
0330190017,ZEU,1,ZEU_u.shp,
0330190018,ZEU,1,ZEU_u.shp,
0330190019,ZEU,1,ZEU_u.shp,
0330190020,ZEU,1,ZEU_u.shp,
0330190021,ZEU,1,ZEU_u.shp,
0330190022,ZEU,1,ZEU_u.shp,
0330190023,ZM,1,GeoSampa(Lei18177→ZM)+Q3,1
0330190024,ZEU,1,ZEU_u.shp,
0330190025,ZEU,1,ZEU_u.shp,
0330190026,ZEU,1,ZEU_u.shp,
0330190027,ZM,1,GeoSampa(Lei18177→ZM)+Q3,1
0330190028,ZM,1,GeoSampa(Lei18177→ZM)+Q3,1
0330190029,ZEU,1,ZEU_u.shp,
0330190030,ZEU,1,ZEU_u.shp,
0330190031,ZEU,1,ZEU_u.shp,
0330190032,ZEU,1,ZEU_u.shp,
0330200001,ZEU,1,ZEU_u.shp,
0330200002,ZM,1,GeoSampa(Lei18177→ZM)+Q3,1
0330200003,ZM,1,GeoSampa(Lei18177→ZM)+Q3,1
0330200004,ZEU,1,ZEU_u.shp,
0330200005,ZEU,1,ZEU_u.shp,
0330200006,ZEU,1,ZEU_u.shp,
0330200007,ZEU,1,ZEU_u.shp,
0330200008,ZEU,1,ZEU_u.shp,
0330200009,ZEU,1,ZEU_u.shp,
0330200010,ZM,1,GeoSampa(Lei18177→ZM)+Q3,1
0330200011,ZEU,1,ZEU_u.shp,
0330200012,ZEU,1,ZEU_u.shp,
0330210001,ZEU,1,ZEU_u.shp,
0330210012,ZEU,1,ZEU_u.shp,
0330210039,ZEU,1,ZEU_u.shp,
0330210040,ZM,1,GeoSampa(Lei18177→ZM)+Q3,1
0330210041,ZEU,1,ZEU_u.shp,
0330210042,ZEU,1,ZEU_u.shp,
0330210043,ZEU,1,ZEU_u.shp,
0330210044,ZEU,1,ZEU_u.shp,
0330210045,ZEU,1,ZEU_u.shp,
0330210047,ZEU,1,ZEU_u.shp,
0330210048,ZEU,1,ZEU_u.shp,
0330210049,ZEU,1,ZEU_u.shp,
0330210050,ZEU,1,ZEU_u.shp,
0330210051,ZEU,1,ZEU_u.shp,
0330210052,ZEU,1,ZEU_u.shp,
0330210053,ZEU,1,ZEU_u.shp,
0330210054,ZEU,1,ZEU_u.shp,
0330210055,ZEU,1,ZEU_u.shp,
0330210056,ZM,1,GeoSampa(Lei18177→ZM)+Q3,1
0330210057,ZM,1,GeoSampa(Lei18177→ZM)+Q3,1
0330210058,ZEU,1,ZEU_u.shp,
0330210059,ZEU,1,ZEU_u.shp,
0330210060,ZEU,1,ZEU_u.shp,
0330210061,ZEU,1,ZEU_u.shp,
0330210062,ZEU,1,ZEU_u.shp,
0330210063,ZEU,1,ZEU_u.shp,
0330210064,ZEU,1,ZEU_u.shp,
0330210065,ZEU,1,ZEU_u.shp,
0330210066,ZEU,1,ZEU_u.shp,
0330210067,ZEU,1,ZEU_u.shp,
0330210068,ZEU,1,ZEU_u.shp,
0330210069,ZEU,1,ZEU_u.shp,
0330210070,ZEU,1,ZEU_u.shp,
0330210071,ZEU,1,ZEU_u.shp,
0330210072,ZEU,1,ZEU_u.shp,
0330210073,ZEU,1,ZEU_u.shp,
0330210074,ZEU,1,ZEU_u.shp,
0330210075,ZEU,1,ZEU_u.shp,
0330210076,ZEU,1,ZEU_u.shp,
0330210077,ZEU,1,ZEU_u.shp,
0330210078,ZEU,1,ZEU_u.shp,
0330210079,ZEU,1,ZEU_u.shp,
0330210080,ZEU,1,ZEU_u.shp,
0330210081,ZEU,1,ZEU_u.shp,
0330210083,ZEU,1,ZEU_u.shp,
0330210084,ZEU,1,ZEU_u.shp,
0330210415,ZEU,1,ZEU_u.shp,
0330210417,ZEU,1,ZEU_u.shp,
0330220002,ZEU,1,ZEU_u.shp,
0330220030,ZEU,1,ZEU_u.shp,
0330220031,ZEU,1,ZEU_u.shp,
0330220032,ZEU,1,ZEU_u.shp,
0330220035,ZEU,1,ZEU_u.shp,
0330220039,ZEU,1,ZEU_u.shp,
0330220040,ZEU,1,ZEU_u.shp,
0330220041,ZEU,1,ZEU_u.shp,
0330220042,ZEU,1,ZEU_u.shp,
0330220044,ZEU,1,ZEU_u.shp,
0330220051,ZEU,1,ZEU_u.shp,
0330220053,ZEU,1,ZEU_u.shp,
0330220054,ZEU,1,ZEU_u.shp,
0330220055,ZEU,1,ZEU_u.shp,
0330220135,ZEU,1,ZEU_u.shp,
0330220698,ZEU,1,ZEU_u.shp,
0330220737,ZEU,1,ZEU_u.shp,
0330230000,ZEU,1,ZEU_u.shp,
0330230450,ZEU,1,ZEU_u.shp,
0330240000,ZEU,1,ZEU_u.shp,
0330320054,ZM,1,ZM_u.shp,
0330320055,ZM,1,ZM_u.shp,
0330320056,ZM,1,ZM_u.shp,
0330320057,ZM,1,ZM_u.shp,
0330320059,ZM,1,ZM_u.shp,
0330330001,ZM,1,ZM_u.shp,
0330330024,ZM,1,ZM_u.shp,
0330330029,ZM,1,ZM_u.shp,
0330350000,ZM,1,ZM_u.shp,
0330350032,ZM,1,ZM_u.shp,
0330350048,ZM,1,ZM_u.shp,
0330360106,ZM,1,ZM_u.shp,
0330370111,ZC,1,ZC.shp,
0330370113,ZC,1,ZC.shp,
0330370114,ZC,1,ZC.shp,
0330390000,ZC,1,ZC.shp,
0330390033,ZC,1,ZC.shp,
0330390036,ZC,1,ZC.shp,
0330390038,ZC,1,ZC.shp,
0330390039,ZC,1,ZC.shp,
0330390041,ZC,1,ZC.shp,
0330390042,ZC,1,ZC.shp,
0330390125,ZM,1,ZM_u.shp,
0330390128,ZM,1,ZM_u.shp,
0330390353,ZC,1,ZC.shp,
0330400005,ZM,1,ZM_u.shp,
0330400033,ZM,1,ZM_u.shp,
0330400039,ZM,1,ZM_u.shp,
0330400040,ZM,1,ZM_u.shp,
0330400199,ZM,1,ZM_u.shp,
0330410024,ZM,1,ZM_u.shp,
0330410026,ZM,1,ZM_u.shp,
0330410027,ZM,1,ZM_u.shp,
0330420025,ZM,1,ZM_u.shp,
0330420026,ZM,1,ZM_u.shp,
0330420079,ZM,1,ZM_u.shp,
0330420080,ZM,1,ZM_u.shp,
0330440031,ZM,1,ZM_u.shp,
0330440049,ZM,1,ZM_u.shp,
0330440050,ZM,1,ZM_u.shp,
0330440051,ZM,1,ZM_u.shp,
0330440052,ZM,1,ZM_u.shp,
0330440053,ZM,1,ZM_u.shp,
0330440054,ZM,1,ZM_u.shp,
0330450022,ZM,1,ZM_u.shp,
0330450041,ZM,1,ZM_u.shp,
0330450045,ZM,1,ZM_u.shp,
0330460001,ZM,1,ZM_u.shp,
0330460002,ZM,1,ZM_u.shp,
0330460053,ZM,1,ZM_u.shp,
0330460108,ZM,1,ZM_u.shp,
0330460112,ZM,1,ZM_u.shp,
0330460113,ZM,1,ZM_u.shp,
0330460114,ZM,1,ZM_u.shp,
0330460115,ZM,1,ZM_u.shp,
0330460116,ZM,1,ZM_u.shp,
0330460117,ZM,1,ZM_u.shp,
0330460118,ZM,1,ZM_u.shp,
0330460119,ZM,1,ZM_u.shp,
0330460120,ZM,1,ZM_u.shp,
0330460121,ZM,1,ZM_u.shp,
0330460122,ZM,1,ZM_u.shp,
0330460123,ZM,1,ZM_u.shp,
0330460124,ZM,1,ZM_u.shp,
0330460126,ZM,1,ZM_u.shp,
0330460127,ZM,1,ZM_u.shp,
0330460129,ZM,1,ZM_u.shp,
0330460130,ZM,1,ZM_u.shp,
0330460131,ZM,1,ZM_u.shp,
0330460132,ZM,1,ZM_u.shp,
0330460133,ZM,1,ZM_u.shp,
0330460134,ZM,1,ZM_u.shp,
0330460144,ZM,1,ZM_u.shp,
0330460171,ZM,1,ZM_u.shp,
0330460172,ZM,1,ZM_u.shp,
0330460173,ZM,1,ZM_u.shp,
0330460316,ZM,1,ZM_u.shp,
0330460969,ZM,1,ZM_u.shp,
0330460971,ZM,1,ZM_u.shp,
0330460973,ZM,1,ZM_u.shp,
0330470065,ZM,1,ZM_u.shp,
0330490001,ZM,1,ZM_u.shp,
0340020024,ZC,1,ZC.shp,
0350440005,ZM,1,ZM_u.shp,
0350570171,ZM,1,ZM_u.shp,
0350640006,ZC,1,ZC.shp,
0350640007,ZC,1,ZC.shp,
0350640008,ZC,1,ZC.shp,
0350640009,ZC,1,ZC.shp,
0350640010,ZC,1,ZC.shp,
0350640011,ZC,1,ZC.shp,
0350640012,ZM,1,ZM_u.shp,
0350640013,ZM,1,ZM_u.shp,
0360100000,ZEU,1,ZEU_u.shp,
0360550002,ZC,1,ZC.shp,
0360550003,ZC,1,ZC.shp,
0360790001,ZC,1,ZC.shp,
0360790004,ZC,1,ZC.shp,
0360790007,ZC,1,ZC.shp,
0361380154,ZOE,1,ZOE.shp +Quadro2A(basico-macroarea),
0361440002,ZEPAM,"0,1",ZEPAM.shp,
0361440003,ZEPAM,"0,1",ZEPAM.shp,
0370060036,ZEU,1,ZEU_u.shp,
0370260000,ZEU,1,ZEU_u.shp,
0370260016,ZEU,1,ZEU_u.shp,
0370260023,ZEU,1,ZEU_u.shp,
0370260024,ZEU,1,ZEU_u.shp,
0370260025,ZEU,1,ZEU_u.shp,
0370260026,ZEU,1,ZEU_u.shp,
0370260027,ZEU,1,ZEU_u.shp,
0370260028,ZEU,1,ZEU_u.shp,
0370260029,ZEU,1,ZEU_u.shp,
0370260030,ZEU,1,ZEU_u.shp,
0370260031,ZEU,1,ZEU_u.shp,
0370260033,ZM,1,ZM_u.shp,
0370260034,ZM,1,ZM_u.shp,
0370260035,ZM,1,ZM_u.shp,
0370260036,ZM,1,ZM_u.shp,
0370260037,ZM,1,ZM_u.shp,
0370260038,ZM,1,ZM_u.shp,
0370260039,ZM,1,ZM_u.shp,
0370340001,ZEU,1,ZEU_u.shp,
0370340002,ZEU,1,ZEU_u.shp,
0370340023,ZM,1,ZM_u.shp,
0370340024,ZM,1,ZM_u.shp,
0370340025,ZM,1,ZM_u.shp,
0370340026,ZM,1,ZM_u.shp,
0370340027,ZM,1,ZM_u.shp,
0370340028,ZM,1,ZM_u.shp,
0370340029,ZM,1,ZM_u.shp,
0370340034,ZM,1,ZM_u.shp,
0370340035,ZM,1,ZM_u.shp,
0370340036,ZM,1,ZM_u.shp,
0370340037,ZM,1,ZM_u.shp,
0370340040,ZEU,1,ZEU_u.shp,
0370340041,ZEU,1,ZEU_u.shp,
0370340042,ZEU,1,ZEU_u.shp,
0370340043,ZEU,1,ZEU_u.shp,
0370340044,ZEU,1,ZEU_u.shp,
0370340045,ZEU,1,ZEU_u.shp,
0370340046,ZEU,1,ZEU_u.shp,
0370340047,ZEU,1,ZEU_u.shp,
0370340048,ZEU,1,ZEU_u.shp,
0370340049,ZEU,1,ZEU_u.shp,
0370340050,ZEU,1,ZEU_u.shp,
0370340051,ZEU,1,ZEU_u.shp,
0370340052,ZEU,1,ZEU_u.shp,
0370340053,ZEU,1,ZEU_u.shp,
0370340054,ZEU,1,ZEU_u.shp,
0370340055,ZEU,1,ZEU_u.shp,
0370340056,ZEU,1,ZEU_u.shp,
0370340057,ZEU,1,ZEU_u.shp,
0370340058,ZEU,1,ZEU_u.shp,
0370340059,ZEU,1,ZEU_u.shp,
0370340060,ZEU,1,ZEU_u.shp,
0370340061,ZEU,1,ZEU_u.shp,
0370340062,ZEU,1,ZEU_u.shp,
0370340063,ZEU,1,ZEU_u.shp,
0370340064,ZM,1,ZM_u.shp,
0370340065,ZM,1,ZM_u.shp,
0370340068,ZM,1,ZM_u.shp,
0370340079,ZM,1,ZM_u.shp,
0370350000,ZEU,1,ZEU_u.shp,
0370350001,ZEU,1,ZEU_u.shp,
0370350002,ZEU,1,ZEU_u.shp,
0370350003,ZEU,1,ZEU_u.shp,
0370350004,ZEU,1,ZEU_u.shp,
0370350005,ZEU,1,ZEU_u.shp,
0370350006,ZEU,1,ZEU_u.shp,
0370350007,ZEU,1,ZEU_u.shp,
0370350008,ZEU,1,ZEU_u.shp,
0370350009,ZEU,1,ZEU_u.shp,
0370350011,ZEU,1,ZEU_u.shp,
0370350012,ZEU,1,ZEU_u.shp,
0370350013,ZEU,1,ZEU_u.shp,
0370350014,ZEU,1,ZEU_u.shp,
0370350015,ZEU,1,ZEU_u.shp,
0370350016,ZEU,1,ZEU_u.shp,
0370350017,ZEU,1,ZEU_u.shp,
0370350018,ZEU,1,ZEU_u.shp,
0370350019,ZEU,1,ZEU_u.shp,
0370350020,ZEU,1,ZEU_u.shp,
0370350021,ZEU,1,ZEU_u.shp,
0370350022,ZEU,1,ZEU_u.shp,
0370350024,ZEU,1,ZEU_u.shp,
0370350025,ZEU,1,ZEU_u.shp,
0370350026,ZEU,1,ZEU_u.shp,
0370350027,ZEU,1,ZEU_u.shp,
0370350028,ZEU,1,ZEU_u.shp,
0370350029,ZEU,1,ZEU_u.shp,
0370350030,ZEU,1,ZEU_u.shp,
0370350031,ZEU,1,ZEU_u.shp,
0370350032,ZEU,1,ZEU_u.shp,
0370350033,ZEU,1,ZEU_u.shp,
0370350034,ZEU,1,ZEU_u.shp,
0370360000,ZEU,1,ZEU_u.shp,
0370360001,ZEU,1,ZEU_u.shp,
0370360002,ZEU,1,ZEU_u.shp,
0370360061,ZM,1,ZM_u.shp,
0370360062,ZM,1,ZM_u.shp,
0370360063,ZEU,1,ZEU_u.shp,
0370360064,ZEU,1,ZEU_u.shp,
0370360065,ZEU,1,ZEU_u.shp,
0370360066,ZEU,1,ZEU_u.shp,
0370360067,ZEU,1,ZEU_u.shp,
0370360072,ZEU,1,ZEU_u.shp,
0370360073,ZEU,1,ZEU_u.shp,
0370360074,ZEU,1,ZEU_u.shp,
0370360075,ZEU,1,ZEU_u.shp,
0370360076,ZEU,1,ZEU_u.shp,
0370360077,ZEU,1,ZEU_u.shp,
0370360078,ZEU,1,ZEU_u.shp,
0370360079,ZEU,1,ZEU_u.shp,
0370360080,ZEU,1,ZEU_u.shp,
0370360082,ZEU,1,ZEU_u.shp,
0370360083,ZEU,1,ZEU_u.shp,
0370360084,ZEU,1,ZEU_u.shp,
0370360085,ZEU,1,ZEU_u.shp,
0370360086,ZEU,1,ZEU_u.shp,
0370360087,ZEU,1,ZEU_u.shp,
0370360088,ZEU,1,ZEU_u.shp,
0370360089,ZEU,1,ZEU_u.shp,
0370360090,ZEU,1,ZEU_u.shp,
0370360091,ZEU,1,ZEU_u.shp,
0370360092,ZEU,1,ZEU_u.shp,
0370360096,ZEU,1,ZEU_u.shp,
0370360097,ZEU,1,ZEU_u.shp,
0370360098,ZEU,1,ZEU_u.shp,
0370360099,ZEU,1,ZEU_u.shp,
0370360100,ZEU,1,ZEU_u.shp,
0370360104,ZEU,1,ZEU_u.shp,
0370360105,ZEU,1,ZEU_u.shp,
0370360110,ZEU,1,ZEU_u.shp,
0370360111,ZEU,1,ZEU_u.shp,
0370360112,ZEU,1,ZEU_u.shp,
0370360113,ZEU,1,ZEU_u.shp,
0370360114,ZEU,1,ZEU_u.shp,
0370360115,ZEU,1,ZEU_u.shp,
0370360142,ZEU,1,ZEU_u.shp,
0370360143,ZEU,1,ZEU_u.shp,
0370360144,ZEU,1,ZEU_u.shp,
0370360145,ZEU,1,ZEU_u.shp,
0370360647,ZEU,1,ZEU_u.shp,
0370400000,ZEU,1,ZEU_u.shp,
0370480028,ZPR,1,ZPR.shp,
0370640013,ZEU,1,ZEU_u.shp,
0370640014,ZEU,1,ZEU_u.shp,
0370640015,ZEU,1,ZEU_u.shp,
0370780018,ZPR,1,ZPR.shp,
0370830441,ZEU,1,ZEU_u.shp,
0370990029,ZEU,1,ZEU_u.shp,
0371000188,ZEU,1,ZEU_u.shp,
0380020016,ZEU,1,GeoSampa(Lei18177→ZEU)+Q3,1
0380020023,ZEU,1,GeoSampa(Lei18177→ZEU)+Q3,1
0380030006,ZEU,1,ZEU_u.shp,
0380030007,ZEU,1,ZEU_u.shp,
0380030008,ZEU,1,ZEU_u.shp,
0380030009,ZEU,1,ZEU_u.shp,
0380030010,ZEU,1,ZEU_u.shp,
0380030012,ZEU,1,ZEU_u.shp,
0380030013,ZEU,1,ZEU_u.shp,
0380030061,ZEU,1,ZEU_u.shp,
0380050038,ZEU,1,GeoSampa(Lei18177→ZEU)+Q3,1
0380060091,ZEU,1,ZEU_u.shp,
0380700038,ZEU,1,ZEU_u.shp,
0380700039,ZEU,1,ZEU_u.shp,
0380700040,ZEU,1,ZEU_u.shp,
0380950021,ZEU,1,ZEU_u.shp,
0380950022,ZEU,1,ZEU_u.shp,
0380980000,ZEU,1,ZEU_u.shp,
0380980147,ZEU,1,ZEU_u.shp,
0381030000,ZEU,1,ZEU_u.shp,
0381040000,ZEU,1,ZEU_u.shp,
0381160001,ZEU,1,GeoSampa(Lei18177→ZEU)+Q3,1
0390730019,ZEU,1,ZEU_u.shp,
0400370008,ZM,1,ZM_u.shp,
0400370013,ZEPAM,"0,1",ZEPAM.shp,
0400500007,ZM,1,ZM_u.shp,
0400510004,ZM,1,ZM_u.shp,
0400510007,ZM,1,ZM_u.shp,
0400560001,ZM,1,ZM_u.shp,
0400700147,ZM,1,ZM_u.shp,
0400740039,ZEPAM,"0,1",ZEPAM.shp,
0400770013,ZM,1,ZM_u.shp,
0400770014,ZM,1,ZM_u.shp,
0400770015,ZC,1,ZC.shp,
0400770016,ZC,1,ZC.shp,
0400840051,ZC,1,ZC.shp,
0400850012,ZC,1,ZC.shp,
0400850013,ZC,1,ZC.shp,
0400880053,ZM,1,ZM_u.shp,
0400900012,ZM,1,ZM_u.shp,
0400900218,ZM,1,ZM_u.shp,
0400960031,ZC,1,ZC.shp,
0401040002,ZC,1,ZC.shp,
0401150013,ZC,1,ZC.shp,
0401150019,ZC,1,ZC.shp,
0401250058,ZC,1,ZC.shp,
0401290000,ZC,1,ZC.shp,
0401290001,ZC,1,ZC.shp,
0401290070,ZC,1,ZC.shp,
0401990202,ZC,1,ZC.shp,
0401990204,ZC,1,ZC.shp,
0401990205,ZC,1,ZC.shp,
0401990206,ZC,1,ZC.shp,
0401990207,ZM,1,ZM_u.shp,
0401990208,ZC,1,ZC.shp,
0401990209,ZC,1,ZC.shp,
0401990210,ZC,1,ZC.shp,
0410420010,ZER-1,1,ZER_1.shp,
0412720001,ZEU,1,ZEU_u.shp,
0412720002,ZEU,1,ZEU_u.shp,
0412720003,ZEU,1,ZEU_u.shp,
0412720004,ZEU,1,ZEU_u.shp,
0412720005,ZEU,1,ZEU_u.shp,
0412720006,ZEU,1,ZEU_u.shp,
0412720010,ZCOR-2,1,ZCOR_2.shp,
0412720011,ZCOR-2,1,ZCOR_2.shp,
0412720012,ZCOR-2,1,ZCOR_2.shp,
0412720013,ZCOR-2,1,ZCOR_2.shp,
0412720014,ZCOR-2,1,ZCOR_2.shp,
0412720015,ZER-1,1,ZER_1.shp,
0412720016,ZER-1,1,ZER_1.shp,
0412720017,ZER-1,1,ZER_1.shp,
0412720018,ZER-1,1,ZER_1.shp,
0412720019,ZER-1,1,ZER_1.shp,
0412720020,ZER-1,1,ZER_1.shp,
0412720021,ZER-1,1,ZER_1.shp,
0412720022,ZCOR-2,1,ZCOR_2.shp,
0412720023,ZCOR-2,1,ZCOR_2.shp,
0412720024,ZCOR-2,1,ZCOR_2.shp,
0412720025,ZCOR-2,1,ZCOR_2.shp,
0412720026,ZCOR-2,1,ZCOR_2.shp,
0412720027,ZCOR-2,1,ZCOR_2.shp,
0412720028,ZCOR-2,1,ZCOR_2.shp,
0412720031,ZEU,1,ZEU_u.shp,
0412720032,ZEU,1,ZEU_u.shp,
0412720033,ZEU,1,ZEU_u.shp,
0412720034,ZEU,1,ZEU_u.shp,
0412720035,ZEU,1,ZEU_u.shp,
0412720036,ZEU,1,ZEU_u.shp,
0412720038,ZCOR-2,1,ZCOR_2.shp,
0412730007,ZEU,1,ZEU_u.shp,
0412730010,ZCOR-2,1,ZCOR_2.shp,
0412730011,ZCOR-2,1,ZCOR_2.shp,
0412730012,ZCOR-2,1,ZCOR_2.shp,
0412730014,ZCOR-2,1,ZCOR_2.shp,
0412730015,ZCOR-2,1,ZCOR_2.shp,
0412730016,ZCOR-2,1,ZCOR_2.shp,
0412730017,ZER-1,1,ZER_1.shp,
0412730018,ZER-1,1,ZER_1.shp,
0412730019,ZER-1,1,ZER_1.shp,
0412730025,ZEU,1,ZEU_u.shp,
0412730026,ZEU,1,ZEU_u.shp,
0412730027,ZEU,1,ZEU_u.shp,
0412730028,ZEU,1,ZEU_u.shp,
0412730029,ZEU,1,ZEU_u.shp,
0412730030,ZEU,1,ZEU_u.shp,
0420080149,ZEU,1,ZEU_u.shp,
0420120155,ZEU,1,ZEU_u.shp,
0420240088,ZEU,1,ZEU_u.shp,
0420250018,ZEU,1,ZEU_u.shp,
0420250019,ZEU,1,ZEU_u.shp,
0420250020,ZEU,1,ZEU_u.shp,
0420250021,ZEU,1,ZEU_u.shp,
0420250022,ZEU,1,ZEU_u.shp,
0420250023,ZEU,1,ZEU_u.shp,
0420250024,ZEU,1,ZEU_u.shp,
0420250025,ZEU,1,ZEU_u.shp,
0420250026,ZEU,1,ZEU_u.shp,
0420250027,ZEU,1,ZEU_u.shp,
0420250028,ZEU,1,ZEU_u.shp,
0420260007,ZEU,1,ZEU_u.shp,
0420290021,ZEPAM,"0,1",ZEPAM.shp,
0420470012,ZEU,1,ZEU_u.shp,
0420770021,ZEU,1,ZEU_u.shp,
0421670000,ZEU,1,ZEU_u.shp,
0421680000,ZC,1,ZC.shp,
0421680001,ZC,1,ZC.shp,
0421690000,ZEU,1,ZEU_u.shp,
0421700000,ZC,1,ZC.shp,
0421710000,ZEU,1,ZEU_u.shp,
0421720001,ZEU,1,ZEU_u.shp,
0421740000,ZEU,1,ZEU_u.shp,
0421750000,ZC,1,ZC.shp,
0421760000,ZC,1,ZC.shp,
0422090001,ZEU,1,ZEU_u.shp,
0431790030,ZM,1,ZM_u.shp,
0450440064,ZEU,1,ZEU_u.shp,
0500080025,ZM,1,ZM_u.shp,
0501140004,ZEM,1,ZEM.shp,
0501140006,ZEM,1,ZEM.shp,
0501140007,ZEM,1,ZEM.shp,
0501140008,ZEM,1,ZEM.shp,
0501140009,ZEM,1,ZEM.shp,
0501140011,ZEM,1,ZEM.shp,
0501140015,ZEM,1,ZEM.shp,
0501140017,ZEM,1,ZEM.shp,
0501150001,ZEM,1,ZEM.shp,
0501150002,ZEM,1,ZEM.shp,
0501150003,ZEM,1,ZEM.shp,
0501150006,ZM,1,ZM_u.shp,
0501150007,ZM,1,ZM_u.shp,
0501150008,ZM,1,ZM_u.shp,
0501150009,ZM,1,ZM_u.shp,
0501150010,ZM,1,ZM_u.shp,
0501150011,ZM,1,ZM_u.shp,
0501150012,ZM,1,ZM_u.shp,
0501150013,ZM,1,ZM_u.shp,
0501150014,ZM,1,ZM_u.shp,
0501150015,ZM,1,ZM_u.shp,
0501150019,ZM,1,ZM_u.shp,
0501150020,ZM,1,ZM_u.shp,
0501150021,ZM,1,ZM_u.shp,
0501150022,ZM,1,ZM_u.shp,
0501150023,ZM,1,ZM_u.shp,
0501150024,ZM,1,ZM_u.shp,
0501150025,ZM,1,ZM_u.shp,
0501150026,ZM,1,ZM_u.shp,
0501150027,ZM,1,ZM_u.shp,
0501150029,ZM,1,ZM_u.shp,
0502150020,ZEM,1,ZEM.shp,
0502150021,ZEM,1,ZEM.shp,
0502150022,ZEM,1,ZEM.shp,
0502150023,ZEM,1,ZEM.shp,
0502150026,ZM,1,ZM_u.shp,
0513190002,ZOE,1,ZOE.shp +Quadro2A(basico-macroarea),
0530330085,ZM,1,ZM_u.shp,
0542090001,ZM,1,ZM_u.shp,
0542090002,ZM,1,ZM_u.shp,
0542090003,ZM,1,ZM_u.shp,
0542090004,ZM,1,ZM_u.shp,
0542090005,ZM,1,ZM_u.shp,
0542600501,ZC,1,ZC.shp,
0542600601,ZC,1,ZC.shp,
0551460090,ZM,1,ZM_u.shp,
0602620011,ZM,1,ZM_u.shp,
0610070001,ZEU,1,ZEU_u.shp,
0610140034,ZEUP,1,ZEUP_u.shp,
0610240013,ZEUP,1,ZEUP_u.shp,
0610520001,ZEIS-3,1,ZEIS_3.shp,
0610520004,ZEIS-3,1,ZEIS_3.shp,
0610550001,ZM,1,ZM_u.shp,
0610730198,ZEIS-3,1,ZEIS_3.shp,
0610750003,ZEIS-5,1,ZEIS_5.shp,
0610750004,ZEIS-5,1,ZEIS_5.shp,
0610750005,ZEIS-5,1,ZEIS_5.shp,
0610750034,ZEIS-5,1,ZEIS_5.shp,
0610750035,ZEIS-5,1,ZEIS_5.shp,
0610750036,ZEIS-5,1,ZEIS_5.shp,
0610750037,ZEIS-5,1,ZEIS_5.shp,
0610750038,ZEIS-5,1,ZEIS_5.shp,
0610750075,ZEIS-5,1,ZEIS_5.shp,
0610750077,ZEIS-5,1,ZEIS_5.shp,
0610750078,ZEIS-5,1,ZEIS_5.shp,
0610880111,ZEIS-3,1,ZEIS_3.shp,
0610910001,ZEU,1,ZEU_u.shp,
0611270016,ZM,1,ZM_u.shp,
0611410096,ZM,1,ZM_u.shp,
0611420008,ZEUP,1,ZEUP_u.shp,
0611430000,ZEIS-3,1,ZEIS_3.shp,
0611430052,ZM,1,ZM_u.shp,
0611430053,ZEIS-3,1,ZEIS_3.shp,
0611490014,ZM,1,ZM_u.shp,
0611490054,ZM,1,ZM_u.shp,
0611500016,ZM,1,ZM_u.shp,
0611560015,ZEU,1,ZEU_u.shp,
0641400063,ZEMP,1,ZEMP.shp,
0641920000,ZM,1,ZM_u.shp,
0674560032,ZM,1,ZM_u.shp,
0674730002,ZCa,1,ZC_a.shp,
0684790257,ZM,1,ZM_u.shp,
0690160016,ZM,1,ZM_u.shp,
0691630002,ZC,1,ZC.shp,
0692070001,ZM,1,ZM_u.shp,
0700240107,ZER-1,1,ZER_1.shp,
0700400005,ZEPAM,"0,1",ZEPAM.shp,
0701500031,ZM,1,ZM_u.shp,
0702420013,ZCa,1,ZC_a.shp,
0704000002,ZM,1,ZM_u.shp,
0721060034,ZC,1,ZC.shp,
0721080115,ZC,1,ZC.shp,
0721080125,ZM,1,ZM_u.shp,
0721400040,ZC,1,ZC.shp,
0721400041,ZC,1,ZC.shp,
0721400043,ZC,1,ZC.shp,
0721400045,ZC,1,ZC.shp,
0721400046,ZC,1,ZC.shp,
0721400048,ZC,1,ZC.shp,
0721400049,ZC,1,ZC.shp,
0721400050,ZM,1,ZM_u.shp,
0721400051,ZM,1,ZM_u.shp,
0721400052,ZM,1,ZM_u.shp,
0721400053,ZM,1,ZM_u.shp,
0721400054,ZM,1,ZM_u.shp,
0721400055,ZM,1,ZM_u.shp,
0721400056,ZM,1,ZM_u.shp,
0721400057,ZM,1,ZM_u.shp,
0721400106,ZM,1,ZM_u.shp,
0721400107,ZM,1,ZM_u.shp,
0721400108,ZM,1,ZM_u.shp,
0730400021,ZEM,1,ZEM.shp,
0731570080,ZEM,1,ZEM.shp,
0763010006,ZC,1,ZC.shp,
0770030001,ZEU,1,ZEU_u.shp,
0782490000,ZM,1,ZM_u.shp,
0785190101,ZM,1,ZM_u.shp,
0785190102,ZM,1,ZM_u.shp,
0811800039,ZC,1,ZC.shp,
0812100001,ZOE,1,ZOE.shp +Quadro2A(basico-macroarea),
0821650001,ZM,1,ZM_u.shp,
0824020116,ZEPAM,"0,1",ZEPAM.shp,
0825170012,ZOE,1,ZOE.shp +Quadro2A(basico-macroarea),
0825170014,ZOE,1,ZOE.shp +Quadro2A(basico-macroarea),
0830250015,ZCOR-1,1,ZCOR_1.shp,
0830460001,ZM,1,ZM_u.shp,
0840030017,ZER-1,1,ZER_1.shp,
0840460019,ZER-1,1,ZER_1.shp,
0842590001,ZEPAM,"0,1",ZEPAM.shp,
0860910003,ZEU,1,ZEU_u.shp,
0862860017,ZER-1,1,ZER_1.shp,
0870640020,ZEU,1,ZEU_u.shp,
0872210001,ZEU,1,ZEU_u.shp,
0872480001,ZEPAM,"0,1",ZEPAM.shp,
0872510001,ZEU,1,ZEU_u.shp,
0872530001,ZEU,1,ZEU_u.shp,
0873400001,ZEU,1,ZEU_u.shp,
0873740004,ZM,1,ZM_u.shp,
0873790188,ZEU,1,ZEU_u.shp,
0880480001,ZEU,1,ZEU_u.shp,
0880900007,ZER-1,1,ZER_1.shp,
0880930069,ZM,1,ZM_u.shp,
0882590001,ZER-1,1,ZER_1.shp,
0882590197,ZER-1,1,ZER_1.shp,
0882590198,ZER-1,1,ZER_1.shp,
0882590199,ZER-1,1,ZER_1.shp,
0882590200,ZER-1,1,ZER_1.shp,
0882590201,ZER-1,1,ZER_1.shp,
0895620001,ZEPAM,"0,1",ZEPAM.shp,
0900130015,ZER-1,1,ZER_1.shp,
0904810003,ZER-1,1,ZER_1.shp,
0980470002,ZOE,1,ZOE.shp +Quadro2A(basico-macroarea),
0980710082,ZC,1,ZC.shp,
0990260019,ZM,1,ZM_u.shp,
0990280082,ZOE,1,ZOE.shp +Quadro2A(basico-macroarea),
0990280083,ZOE,1,ZOE.shp +Quadro2A(basico-macroarea),
0990280084,ZOE,1,ZOE.shp +Quadro2A(basico-macroarea),
0990460092,ZEM,1,ZEM.shp,
1010190001,ZER-1,1,ZER_1.shp,
1014700039,ZER-1,1,ZER_1.shp,
1041190008,ZC,1,ZC.shp,
1041190009,ZC,1,ZC.shp,
1041270003,ZC,1,ZC.shp,
1041270006,ZC,1,ZC.shp,
1041270020,ZC,1,ZC.shp,
1041270026,ZC,1,ZC.shp,
1041280004,ZC,1,ZC.shp,
1041360050,ZEM,1,ZEM.shp,
1041360051,ZEM,1,ZEM.shp,
1070620037,ZEIS-1,1,ZEIS_1.shp,
1090630002,ZERa,1,ZER_a.shp,
1091940108,ZERa,1,ZER_a.shp,
1112480113,ZM,1,ZM_u.shp,
1113540001,ZEU,1,ZEU_u.shp,
1113540002,ZEU,1,ZEU_u.shp,
1113540003,ZEU,1,ZEU_u.shp,
1113540004,ZEU,1,ZEU_u.shp,
1113540005,ZEU,1,ZEU_u.shp,
1113540006,ZEU,1,ZEU_u.shp,
1113540008,ZEU,1,ZEU_u.shp,
1113540009,ZEU,1,ZEU_u.shp,
1113540010,ZEU,1,ZEU_u.shp,
1113540011,ZEU,1,ZEU_u.shp,
1113540012,ZEU,1,ZEU_u.shp,
1113540013,ZEU,1,ZEU_u.shp,
1113540014,ZEU,1,ZEU_u.shp,
1113540016,ZEU,1,ZEU_u.shp,
1113540017,ZEU,1,ZEU_u.shp,
1113540018,ZEU,1,ZEU_u.shp,
1113540019,ZEU,1,ZEU_u.shp,
1113540020,ZEU,1,ZEU_u.shp,
1113540021,ZEU,1,ZEU_u.shp,
1113540022,ZEU,1,ZEU_u.shp,
1113540023,ZEU,1,ZEU_u.shp,
1113540024,ZEU,1,ZEU_u.shp,
1113540025,ZEU,1,ZEU_u.shp,
1113540026,ZEU,1,ZEU_u.shp,
1113540027,ZEU,1,ZEU_u.shp,
1113540028,ZEU,1,ZEU_u.shp,
1113540029,ZEU,1,ZEU_u.shp,
1113540030,ZEU,1,ZEU_u.shp,
1113540032,ZEU,1,ZEU_u.shp,
1113540033,ZEU,1,ZEU_u.shp,
1113540034,ZEU,1,ZEU_u.shp,
1113540035,ZEU,1,ZEU_u.shp,
1113540036,ZEU,1,ZEU_u.shp,
1113540037,ZEU,1,ZEU_u.shp,
1113540038,ZEU,1,ZEU_u.shp,
1113540039,ZEU,1,ZEU_u.shp,
1113540040,ZEU,1,ZEU_u.shp,
1113540041,ZEU,1,ZEU_u.shp,
1113540042,ZEU,1,ZEU_u.shp,
1113540043,ZEU,1,ZEU_u.shp,
1113540046,ZEU,1,ZEU_u.shp,
1113540047,ZEU,1,ZEU_u.shp,
1113540054,ZEU,1,ZEU_u.shp,
1113540055,ZEU,1,ZEU_u.shp,
1113540056,ZEU,1,ZEU_u.shp,
1113540057,ZEU,1,ZEU_u.shp,
1113540058,ZEU,1,ZEU_u.shp,
1113540059,ZEU,1,ZEU_u.shp,
1113540060,ZEU,1,ZEU_u.shp,
1113540062,ZEU,1,ZEU_u.shp,
1113540063,ZEU,1,ZEU_u.shp,
1113540064,ZEU,1,ZEU_u.shp,
1113540065,ZEU,1,ZEU_u.shp,
1113540066,ZEU,1,ZEU_u.shp,
1113540067,ZEU,1,ZEU_u.shp,
1113540068,ZEU,1,ZEU_u.shp,
1113900012,ZEIS-5,1,ZEIS_5.shp,
1127050001,ZEU,1,ZEU_u.shp,
1140130001,ZM,1,ZM_u.shp,
1140800005,ZEUP,1,ZEUP_u.shp,
1140800015,ZEUP,1,ZEUP_u.shp,
1142400020,ZEUP,1,ZEUP_u.shp,
1161780001,ZEPAM,"0,1",ZEPAM.shp,
1185410001,ZEU,1,ZEU_u.shp,
1230010010,ZEPAM,0.1,GeoSampa(Lei18177→ZEPAM)+Q3,0
1231280001,ZOE,1,ZOE.shp +Quadro2A(basico-macroarea),
1231330027,ZCOR-1,1,ZCOR_1.shp,
1231480004,ZM,1,ZM_u.shp,
1231640062,ZER-1,1,ZER_1.shp,
1231940002,ZCOR-3,1,ZCOR_3.shp,
1231940014,ZCOR-3,1,ZCOR_3.shp,
1231990002,ZM,1,ZM_u.shp,
1250200047,ZEU,1,ZEU_u.shp,
1282110020,ZEPAM,"0,1",ZEPAM.shp,
1330310001,ZEPAM,"0,1",ZEPAM.shp,
1551910001,ZM,1,ZM_u.shp,
1551930016,ZM,1,ZM_u.shp,
1620350000,ZM,1,ZM_u.shp,
1672260004,ZC,1,ZC.shp,
1870070030,ZEU,1,ZEU_u.shp,
1960180006,ZEUP,1,ZEUP_u.shp,
1960180007,ZEUP,1,ZEUP_u.shp,
1960180009,ZM,1,ZM_u.shp,
1960180010,ZM,1,ZM_u.shp,
1960180011,ZM,1,ZM_u.shp,
1960180012,ZM,1,ZM_u.shp,
1960180013,ZM,1,ZM_u.shp,
1960180014,ZM,1,ZM_u.shp,
1960180015,ZM,1,ZM_u.shp,
1960180018,ZM,1,ZM_u.shp,
1960180019,ZM,1,ZM_u.shp,
1960180020,ZM,1,ZM_u.shp,
1960180021,ZM,1,ZM_u.shp,
1960180022,ZM,1,ZM_u.shp,
1960180023,ZM,1,ZM_u.shp,
1960180024,ZM,1,ZM_u.shp,
1960180025,ZM,1,ZM_u.shp,
1960180026,ZM,1,ZM_u.shp,
1960180027,ZM,1,ZM_u.shp,
1960180028,ZM,1,ZM_u.shp,
1960180052,ZM,1,ZM_u.shp,
1960180053,ZM,1,ZM_u.shp,
1960180054,ZM,1,ZM_u.shp,
1960180055,ZM,1,ZM_u.shp,
1960180056,ZM,1,ZM_u.shp,
1960180057,ZM,1,ZM_u.shp,
1960180058,ZM,1,ZM_u.shp,
1960180059,ZM,1,ZM_u.shp,
1960180060,ZM,1,ZM_u.shp,
1960180061,ZM,1,ZM_u.shp,
1960180074,ZM,1,ZM_u.shp,
1960180075,ZM,1,ZM_u.shp,
1960180076,ZM,1,ZM_u.shp,
1960180077,ZM,1,ZM_u.shp,
1960180078,ZM,1,ZM_u.shp,
1960180079,ZM,1,ZM_u.shp,
1960180080,ZM,1,ZM_u.shp,
1960180081,ZM,1,ZM_u.shp,
1960180082,ZM,1,ZM_u.shp,
1960180083,ZM,1,ZM_u.shp,
1960180084,ZM,1,ZM_u.shp,
1960180085,ZM,1,ZM_u.shp,
1960180086,ZM,1,ZM_u.shp,
1960180087,ZM,1,ZM_u.shp,
1960180088,ZM,1,ZM_u.shp,
1960180089,ZM,1,ZM_u.shp,
1960180090,ZM,1,ZM_u.shp,
1960180091,ZM,1,ZM_u.shp,
1960180092,ZM,1,ZM_u.shp,
1960180093,ZM,1,ZM_u.shp,
1960180094,ZM,1,ZM_u.shp,
1960180098,ZEUP,1,ZEUP_u.shp,
1960180099,ZEUP,1,ZEUP_u.shp,
1960180100,ZEUP,1,ZEUP_u.shp,
1960180103,ZM,1,ZM_u.shp,
1960180104,ZM,1,ZM_u.shp,
1960180105,ZM,1,ZM_u.shp,
1960180106,ZM,1,ZM_u.shp,
1960180107,ZM,1,ZM_u.shp,
1960180108,ZM,1,ZM_u.shp,
1960180109,ZM,1,ZM_u.shp,
1960180110,ZM,1,ZM_u.shp,
1960180111,ZM,1,ZM_u.shp,
1960180112,ZM,1,ZM_u.shp,
1960180113,ZM,1,ZM_u.shp,
1960180114,ZM,1,ZM_u.shp,
1960180115,ZM,1,ZM_u.shp,
1960180116,ZM,1,ZM_u.shp,
1960180117,ZM,1,ZM_u.shp,
1960180118,ZM,1,ZM_u.shp,
1960180119,ZM,1,ZM_u.shp,
1960180120,ZM,1,ZM_u.shp,
1960180121,ZM,1,ZM_u.shp,
1960180122,ZM,1,ZM_u.shp,
1960180123,ZM,1,ZM_u.shp,
1960180125,ZM,1,ZM_u.shp,
1960180289,ZM,1,ZM_u.shp,
1960180399,ZM,1,ZM_u.shp,
1960180400,ZM,1,ZM_u.shp,
1960180401,ZM,1,ZM_u.shp,
1960180402,ZM,1,ZM_u.shp,
1960180403,ZM,1,ZM_u.shp,
1960180404,ZM,1,ZM_u.shp,
1960180405,ZM,1,ZM_u.shp,
1960180406,ZM,1,ZM_u.shp,
1960180407,ZM,1,ZM_u.shp,
1960180408,ZM,1,ZM_u.shp,
1960180435,ZM,1,ZM_u.shp,
1960180436,ZM,1,ZM_u.shp,
1960180437,ZM,1,ZM_u.shp,
1960180438,ZM,1,ZM_u.shp,
1960180439,ZM,1,ZM_u.shp,
1960180440,ZM,1,ZM_u.shp,
1960180441,ZM,1,ZM_u.shp,
1960180442,ZM,1,ZM_u.shp,
1960180519,ZM,1,ZM_u.shp,
1960180520,ZM,1,ZM_u.shp,
1960180521,ZM,1,ZM_u.shp,
1960180522,ZM,1,ZM_u.shp,
1960180523,ZM,1,ZM_u.shp,
1960180524,ZM,1,ZM_u.shp,
1960180525,ZM,1,ZM_u.shp,
1960180526,ZM,1,ZM_u.shp,
1960180527,ZM,1,ZM_u.shp,
1960180528,ZM,1,ZM_u.shp,
1960180529,ZM,1,ZM_u.shp,
1960180530,ZM,1,ZM_u.shp,
1960180531,ZM,1,ZM_u.shp,
1960180532,ZM,1,ZM_u.shp,
1960180533,ZM,1,ZM_u.shp,
1960180534,ZM,1,ZM_u.shp,
1960180535,ZM,1,ZM_u.shp,
1960180536,ZM,1,ZM_u.shp,
1960180537,ZM,1,ZM_u.shp,
1960180538,ZM,1,ZM_u.shp,
1960180539,ZM,1,ZM_u.shp,
1960180540,ZM,1,ZM_u.shp,
1960180541,ZM,1,ZM_u.shp,
1960180543,ZM,1,ZM_u.shp,
1960180544,ZM,1,ZM_u.shp,
1960180545,ZM,1,ZM_u.shp,
1960180546,ZM,1,ZM_u.shp,
1960180631,ZM,1,ZM_u.shp,
1960220001,ZM,1,ZM_u.shp,
1960220002,ZM,1,ZM_u.shp,
1960220003,ZM,1,ZM_u.shp,
1960220004,ZM,1,ZM_u.shp,
1960220005,ZM,1,ZM_u.shp,
1960220006,ZM,1,ZM_u.shp,
1960220007,ZM,1,ZM_u.shp,
1960220008,ZM,1,ZM_u.shp,
1960220009,ZM,1,ZM_u.shp,
1960220010,ZM,1,ZM_u.shp,
1960220011,ZM,1,ZM_u.shp,
1960220012,ZM,1,ZM_u.shp,
1960220013,ZM,1,ZM_u.shp,
1960220014,ZM,1,ZM_u.shp,
1960220015,ZM,1,ZM_u.shp,
1960220016,ZM,1,ZM_u.shp,
1960230001,ZM,1,ZM_u.shp,
1960230002,ZM,1,ZM_u.shp,
1960230003,ZM,1,ZM_u.shp,
1960230004,ZM,1,ZM_u.shp,
1960230006,ZM,1,ZM_u.shp,
1960230007,ZM,1,ZM_u.shp,
1960230010,ZM,1,ZM_u.shp,
1960230011,ZM,1,ZM_u.shp,
1960230013,ZM,1,ZM_u.shp,
1960230014,ZM,1,ZM_u.shp,
1960230015,ZM,1,ZM_u.shp,
1960230016,ZM,1,ZM_u.shp,
1960240001,ZM,1,ZM_u.shp,
1960240002,ZM,1,ZM_u.shp,
1960240003,ZM,1,ZM_u.shp,
1960240004,ZM,1,ZM_u.shp,
1960240005,ZM,1,ZM_u.shp,
1960240006,ZM,1,ZM_u.shp,
1960240007,ZM,1,ZM_u.shp,
1960240008,ZM,1,ZM_u.shp,
1960240009,ZM,1,ZM_u.shp,
1960240010,ZM,1,ZM_u.shp,
1960240011,ZM,1,ZM_u.shp,
1960240012,ZM,1,ZM_u.shp,
1960240013,ZM,1,ZM_u.shp,
1960240014,ZM,1,ZM_u.shp,
1960240015,ZM,1,ZM_u.shp,
1960240016,ZM,1,ZM_u.shp,
1960250003,ZM,1,ZM_u.shp,
1960250004,ZM,1,ZM_u.shp,
1960250005,ZM,1,ZM_u.shp,
1960250006,ZM,1,ZM_u.shp,
1960250007,ZM,1,ZM_u.shp,
1960260001,ZM,1,ZM_u.shp,
1960260005,ZM,1,ZM_u.shp,
1960260008,ZM,1,ZM_u.shp,
1960260010,ZM,1,ZM_u.shp,
1960260011,ZM,1,ZM_u.shp,
1960260012,ZM,1,ZM_u.shp,
1960270001,ZM,1,ZM_u.shp,
1960270002,ZM,1,ZM_u.shp,
1960270003,ZM,1,ZM_u.shp,
1960270004,ZM,1,ZM_u.shp,
1960270005,ZM,1,ZM_u.shp,
1960270006,ZM,1,ZM_u.shp,
1960270007,ZM,1,ZM_u.shp,
1960270008,ZM,1,ZM_u.shp,
1960270009,ZM,1,ZM_u.shp,
1960270010,ZM,1,ZM_u.shp,
1960270011,ZM,1,ZM_u.shp,
1960270012,ZM,1,ZM_u.shp,
1960270013,ZM,1,ZM_u.shp,
1960270014,ZM,1,ZM_u.shp,
1960270015,ZM,1,ZM_u.shp,
1960270016,ZM,1,ZM_u.shp,
1960280001,ZM,1,ZM_u.shp,
1960290005,ZM,1,ZM_u.shp,
1960310001,ZM,1,ZM_u.shp,
1960310002,ZM,1,ZM_u.shp,
1960310003,ZM,1,ZM_u.shp,
1960310004,ZM,1,ZM_u.shp,
1960310005,ZM,1,ZM_u.shp,
1960310006,ZM,1,ZM_u.shp,
1960310007,ZM,1,ZM_u.shp,
1960310008,ZM,1,ZM_u.shp,
1960310011,ZM,1,ZM_u.shp,
1960310014,ZM,1,ZM_u.shp,
1960310019,ZM,1,ZM_u.shp,
1960320001,ZEIS-3,1,ZEIS_3.shp,
1960330002,ZM,1,ZM_u.shp,
1960330003,ZM,1,ZM_u.shp,
1960330004,ZM,1,ZM_u.shp,
1960330005,ZM,1,ZM_u.shp,
1960360001,ZM,1,ZM_u.shp,
1960360002,ZM,1,ZM_u.shp,
1960360003,ZM,1,ZM_u.shp,
1960360004,ZM,1,ZM_u.shp,
1960360005,ZM,1,ZM_u.shp,
1960360006,ZM,1,ZM_u.shp,
1960360007,ZM,1,ZM_u.shp,
1960360008,ZM,1,ZM_u.shp,
1970330070,ZM,1,ZM_u.shp,
1970340026,ZOE,1,ZOE.shp +Quadro2A(basico-macroarea),
2000050001,ZEU,1,ZEU_u.shp,
2000060024,ZER-1,1,ZER_1.shp,
2000170003,ZER-1,1,ZER_1.shp,
2000280018,ZER-1,1,ZER_1.shp,
2000560004,ZOE,1,ZOE.shp +Quadro2A(basico-macroarea),
2000580001,ZOE,1,ZOE.shp +Quadro2A(basico-macroarea),
2371260001,ZEUa,1,ZEU_a.shp,
2990130028,ZM,1,ZM_u.shp,
2990140000,ZM,1,ZM_u.shp,
2991430001,ZEPAM,"0,1",ZEPAM.shp,
3000320012,ZEPAM,"0,1",ZEPAM.shp,
3000750001,ZCOR-3,1,ZCOR_3.shp,
3000750004,ZCOR-3,1,ZCOR_3.shp,
3000750007,ZER-1,1,ZER_1.shp,
3040090002,ZEPAM,"0,1",ZEPAM.shp,
3040560001,ZC,1,ZC.shp,
3041250009,ZC,1,ZC.shp,
3060280040,ZCOR-1,1,ZCOR_1.shp,
0010440096,ZC,1,GEOCODIFICACAO(Nominatim)+GeoSampa(Lei18177)+Q3,
0010570239,ZC,1,GEOCODIFICACAO(Nominatim)+GeoSampa(Lei18177)+Q3,
0010580093,ZC,1,GEOCODIFICACAO(Nominatim)+GeoSampa(Lei18177)+Q3,
0010720139,ZC,1,GEOCODIFICACAO(Nominatim)+GeoSampa(Lei18177)+Q3,
0010800202,ZC,1,GEOCODIFICACAO(Nominatim)+GeoSampa(Lei18177)+Q3,
0010800203,ZC,1,GEOCODIFICACAO(Nominatim)+GeoSampa(Lei18177)+Q3,
0010800204,ZC,1,GEOCODIFICACAO(Nominatim)+GeoSampa(Lei18177)+Q3,
0010800205,ZC,1,GEOCODIFICACAO(Nominatim)+GeoSampa(Lei18177)+Q3,
0010800206,ZC,1,GEOCODIFICACAO(Nominatim)+GeoSampa(Lei18177)+Q3,
0010800207,ZC,1,GEOCODIFICACAO(Nominatim)+GeoSampa(Lei18177)+Q3,
0020570025,ZC,1,GEOCODIFICACAO(Nominatim)+GeoSampa(Lei18177)+Q3,
0030150002,ZC,1,GEOCODIFICACAO(Nominatim)+GeoSampa(Lei18177)+Q3,
0030150062,ZC,1,GEOCODIFICACAO(Nominatim)+GeoSampa(Lei18177)+Q3,
0030340001,ZC,1,GEOCODIFICACAO(Nominatim)+GeoSampa(Lei18177)+Q3,
0030610002,ZM,1,GEOCODIFICACAO(Nominatim)+GeoSampa(Lei18177)+Q3,
0040080129,ZM,1,GEOCODIFICACAO(Nominatim)+GeoSampa(Lei18177)+Q3,
0040430001,ZEIS-5,1,GEOCODIFICACAO(Nominatim)+GeoSampa(Lei18177)+Q3,
0040430002,ZEIS-5,1,GEOCODIFICACAO(Nominatim)+GeoSampa(Lei18177)+Q3,
0040430090,ZEIS-5,1,GEOCODIFICACAO(Nominatim)+GeoSampa(Lei18177)+Q3,
0060070247,ZC,1,GEOCODIFICACAO(Nominatim)+GeoSampa(Lei18177)+Q3,
0060070248,ZC,1,GEOCODIFICACAO(Nominatim)+GeoSampa(Lei18177)+Q3,
0060070250,ZC,1,GEOCODIFICACAO(Nominatim)+GeoSampa(Lei18177)+Q3,
0060070252,ZC,1,GEOCODIFICACAO(Nominatim)+GeoSampa(Lei18177)+Q3,
0060070253,ZC,1,GEOCODIFICACAO(Nominatim)+GeoSampa(Lei18177)+Q3,
0060070254,ZC,1,GEOCODIFICACAO(Nominatim)+GeoSampa(Lei18177)+Q3,
0060070255,ZC,1,GEOCODIFICACAO(Nominatim)+GeoSampa(Lei18177)+Q3,
0060070256,ZC,1,GEOCODIFICACAO(Nominatim)+GeoSampa(Lei18177)+Q3,
0060070257,ZC,1,GEOCODIFICACAO(Nominatim)+GeoSampa(Lei18177)+Q3,
0060070258,ZC,1,GEOCODIFICACAO(Nominatim)+GeoSampa(Lei18177)+Q3,
0060070259,ZC,1,GEOCODIFICACAO(Nominatim)+GeoSampa(Lei18177)+Q3,
0060070260,ZC,1,GEOCODIFICACAO(Nominatim)+GeoSampa(Lei18177)+Q3,
0060070261,ZC,1,GEOCODIFICACAO(Nominatim)+GeoSampa(Lei18177)+Q3,
0060070262,ZC,1,GEOCODIFICACAO(Nominatim)+GeoSampa(Lei18177)+Q3,
0060070263,ZC,1,GEOCODIFICACAO(Nominatim)+GeoSampa(Lei18177)+Q3,
0060070264,ZC,1,GEOCODIFICACAO(Nominatim)+GeoSampa(Lei18177)+Q3,
0060070265,ZC,1,GEOCODIFICACAO(Nominatim)+GeoSampa(Lei18177)+Q3,
0060070266,ZC,1,GEOCODIFICACAO(Nominatim)+GeoSampa(Lei18177)+Q3,
0060070267,ZC,1,GEOCODIFICACAO(Nominatim)+GeoSampa(Lei18177)+Q3,
0060070268,ZC,1,GEOCODIFICACAO(Nominatim)+GeoSampa(Lei18177)+Q3,
0060070269,ZC,1,GEOCODIFICACAO(Nominatim)+GeoSampa(Lei18177)+Q3,
0060070270,ZC,1,GEOCODIFICACAO(Nominatim)+GeoSampa(Lei18177)+Q3,
0060070271,ZC,1,GEOCODIFICACAO(Nominatim)+GeoSampa(Lei18177)+Q3,
0060070986,ZC,1,GEOCODIFICACAO(Nominatim)+GeoSampa(Lei18177)+Q3,
0060090082,ZC,1,GEOCODIFICACAO(Nominatim)+GeoSampa(Lei18177)+Q3,
0060090083,ZC,1,GEOCODIFICACAO(Nominatim)+GeoSampa(Lei18177)+Q3,
0060090084,ZC,1,GEOCODIFICACAO(Nominatim)+GeoSampa(Lei18177)+Q3,
0060090085,ZC,1,GEOCODIFICACAO(Nominatim)+GeoSampa(Lei18177)+Q3,
0060090086,ZC,1,GEOCODIFICACAO(Nominatim)+GeoSampa(Lei18177)+Q3,
0060090087,ZC,1,GEOCODIFICACAO(Nominatim)+GeoSampa(Lei18177)+Q3,
0060090088,ZC,1,GEOCODIFICACAO(Nominatim)+GeoSampa(Lei18177)+Q3,
0060090089,ZC,1,GEOCODIFICACAO(Nominatim)+GeoSampa(Lei18177)+Q3,
0060090090,ZC,1,GEOCODIFICACAO(Nominatim)+GeoSampa(Lei18177)+Q3,
0060090091,ZC,1,GEOCODIFICACAO(Nominatim)+GeoSampa(Lei18177)+Q3,
0060090092,ZC,1,GEOCODIFICACAO(Nominatim)+GeoSampa(Lei18177)+Q3,
0060090093,ZC,1,GEOCODIFICACAO(Nominatim)+GeoSampa(Lei18177)+Q3,
0060090094,ZC,1,GEOCODIFICACAO(Nominatim)+GeoSampa(Lei18177)+Q3,
0060090095,ZC,1,GEOCODIFICACAO(Nominatim)+GeoSampa(Lei18177)+Q3,
0060090096,ZC,1,GEOCODIFICACAO(Nominatim)+GeoSampa(Lei18177)+Q3,
0060090097,ZC,1,GEOCODIFICACAO(Nominatim)+GeoSampa(Lei18177)+Q3,
0060090098,ZC,1,GEOCODIFICACAO(Nominatim)+GeoSampa(Lei18177)+Q3,
0060090099,ZC,1,GEOCODIFICACAO(Nominatim)+GeoSampa(Lei18177)+Q3,
0060100552,ZC,1,GEOCODIFICACAO(Nominatim)+GeoSampa(Lei18177)+Q3,
0060100553,ZC,1,GEOCODIFICACAO(Nominatim)+GeoSampa(Lei18177)+Q3,
0060150726,ZC,1,GEOCODIFICACAO(Nominatim)+GeoSampa(Lei18177)+Q3,
0060150727,ZC,1,GEOCODIFICACAO(Nominatim)+GeoSampa(Lei18177)+Q3,
0060150728,ZC,1,GEOCODIFICACAO(Nominatim)+GeoSampa(Lei18177)+Q3,
0060150729,ZC,1,GEOCODIFICACAO(Nominatim)+GeoSampa(Lei18177)+Q3,
0060150730,ZC,1,GEOCODIFICACAO(Nominatim)+GeoSampa(Lei18177)+Q3,
0060150731,ZC,1,GEOCODIFICACAO(Nominatim)+GeoSampa(Lei18177)+Q3,
0060150732,ZC,1,GEOCODIFICACAO(Nominatim)+GeoSampa(Lei18177)+Q3,
0060150733,ZC,1,GEOCODIFICACAO(Nominatim)+GeoSampa(Lei18177)+Q3,
0060150734,ZC,1,GEOCODIFICACAO(Nominatim)+GeoSampa(Lei18177)+Q3,
0060150735,ZC,1,GEOCODIFICACAO(Nominatim)+GeoSampa(Lei18177)+Q3,
0060150736,ZC,1,GEOCODIFICACAO(Nominatim)+GeoSampa(Lei18177)+Q3,
0060150737,ZC,1,GEOCODIFICACAO(Nominatim)+GeoSampa(Lei18177)+Q3,
0060201095,ZC,1,GEOCODIFICACAO(Nominatim)+GeoSampa(Lei18177)+Q3,
0060644368,ZC,1,GEOCODIFICACAO(Nominatim)+GeoSampa(Lei18177)+Q3,
0070430005,ZC,1,GEOCODIFICACAO(Nominatim)+GeoSampa(Lei18177)+Q3,
0070690023,ZC,1,GEOCODIFICACAO(Nominatim)+GeoSampa(Lei18177)+Q3,
0080020011,ZEM,1,GEOCODIFICACAO(Nominatim)+GeoSampa(Lei18177)+Q3,
0080020012,ZEM,1,GEOCODIFICACAO(Nominatim)+GeoSampa(Lei18177)+Q3,
0080020013,ZEM,1,GEOCODIFICACAO(Nominatim)+GeoSampa(Lei18177)+Q3,
0080020014,ZEM,1,GEOCODIFICACAO(Nominatim)+GeoSampa(Lei18177)+Q3,
0080020015,ZEM,1,GEOCODIFICACAO(Nominatim)+GeoSampa(Lei18177)+Q3,
0080020444,ZEM,1,GEOCODIFICACAO(Nominatim)+GeoSampa(Lei18177)+Q3,
0080240001,ZEM,1,GEOCODIFICACAO(Nominatim)+GeoSampa(Lei18177)+Q3,
0090161113,ZEU,1,GEOCODIFICACAO(Nominatim)+GeoSampa(Lei18177)+Q3,
0090960003,ZEU,1,GEOCODIFICACAO(Nominatim)+GeoSampa(Lei18177)+Q3,
0100900001,ZEU,1,GEOCODIFICACAO(Nominatim)+GeoSampa(Lei18177)+Q3,
0111140013,ZC,1,GEOCODIFICACAO(Nominatim)+GeoSampa(Lei18177)+Q3,
0111140014,ZC,1,GEOCODIFICACAO(Nominatim)+GeoSampa(Lei18177)+Q3,
0111140015,ZC,1,GEOCODIFICACAO(Nominatim)+GeoSampa(Lei18177)+Q3,
0111230118,ZEU,1,GEOCODIFICACAO(Nominatim)+GeoSampa(Lei18177)+Q3,
0111230119,ZEU,1,GEOCODIFICACAO(Nominatim)+GeoSampa(Lei18177)+Q3,
0111230120,ZEU,1,GEOCODIFICACAO(Nominatim)+GeoSampa(Lei18177)+Q3,
0111230121,ZEU,1,GEOCODIFICACAO(Nominatim)+GeoSampa(Lei18177)+Q3,
0111230122,ZEU,1,GEOCODIFICACAO(Nominatim)+GeoSampa(Lei18177)+Q3,
0111230123,ZEU,1,GEOCODIFICACAO(Nominatim)+GeoSampa(Lei18177)+Q3,
0111230124,ZEU,1,GEOCODIFICACAO(Nominatim)+GeoSampa(Lei18177)+Q3,
0111230125,ZEU,1,GEOCODIFICACAO(Nominatim)+GeoSampa(Lei18177)+Q3,
0111230126,ZEU,1,GEOCODIFICACAO(Nominatim)+GeoSampa(Lei18177)+Q3,
0111230127,ZEU,1,GEOCODIFICACAO(Nominatim)+GeoSampa(Lei18177)+Q3,
0111230128,ZEU,1,GEOCODIFICACAO(Nominatim)+GeoSampa(Lei18177)+Q3,
0111230129,ZEU,1,GEOCODIFICACAO(Nominatim)+GeoSampa(Lei18177)+Q3,
0111230130,ZEU,1,GEOCODIFICACAO(Nominatim)+GeoSampa(Lei18177)+Q3,
0111230131,ZEU,1,GEOCODIFICACAO(Nominatim)+GeoSampa(Lei18177)+Q3,
0111230132,ZEU,1,GEOCODIFICACAO(Nominatim)+GeoSampa(Lei18177)+Q3,
0111230133,ZEU,1,GEOCODIFICACAO(Nominatim)+GeoSampa(Lei18177)+Q3,
0111230134,ZEU,1,GEOCODIFICACAO(Nominatim)+GeoSampa(Lei18177)+Q3,
0111230135,ZEU,1,GEOCODIFICACAO(Nominatim)+GeoSampa(Lei18177)+Q3,
0111230136,ZEU,1,GEOCODIFICACAO(Nominatim)+GeoSampa(Lei18177)+Q3,
0111230137,ZEU,1,GEOCODIFICACAO(Nominatim)+GeoSampa(Lei18177)+Q3,
0111230138,ZEU,1,GEOCODIFICACAO(Nominatim)+GeoSampa(Lei18177)+Q3,
0111230139,ZEU,1,GEOCODIFICACAO(Nominatim)+GeoSampa(Lei18177)+Q3,
0111230140,ZEU,1,GEOCODIFICACAO(Nominatim)+GeoSampa(Lei18177)+Q3,
0111230141,ZEU,1,GEOCODIFICACAO(Nominatim)+GeoSampa(Lei18177)+Q3,
0111230142,ZEU,1,GEOCODIFICACAO(Nominatim)+GeoSampa(Lei18177)+Q3,
0111230143,ZEU,1,GEOCODIFICACAO(Nominatim)+GeoSampa(Lei18177)+Q3,
0111230144,ZEU,1,GEOCODIFICACAO(Nominatim)+GeoSampa(Lei18177)+Q3,
0111230145,ZEU,1,GEOCODIFICACAO(Nominatim)+GeoSampa(Lei18177)+Q3,
0111230146,ZEU,1,GEOCODIFICACAO(Nominatim)+GeoSampa(Lei18177)+Q3,
0111230147,ZEU,1,GEOCODIFICACAO(Nominatim)+GeoSampa(Lei18177)+Q3,
0111230148,ZEU,1,GEOCODIFICACAO(Nominatim)+GeoSampa(Lei18177)+Q3,
0111230149,ZEU,1,GEOCODIFICACAO(Nominatim)+GeoSampa(Lei18177)+Q3,
0130360011,ZC,1,GEOCODIFICACAO(Nominatim)+GeoSampa(Lei18177)+Q3,
0130360012,ZC,1,GEOCODIFICACAO(Nominatim)+GeoSampa(Lei18177)+Q3,
0130360013,ZC,1,GEOCODIFICACAO(Nominatim)+GeoSampa(Lei18177)+Q3,
0130360014,ZC,1,GEOCODIFICACAO(Nominatim)+GeoSampa(Lei18177)+Q3,
0130360015,ZC,1,GEOCODIFICACAO(Nominatim)+GeoSampa(Lei18177)+Q3,
0130360016,ZC,1,GEOCODIFICACAO(Nominatim)+GeoSampa(Lei18177)+Q3,
0130360017,ZC,1,GEOCODIFICACAO(Nominatim)+GeoSampa(Lei18177)+Q3,
0130360018,ZC,1,GEOCODIFICACAO(Nominatim)+GeoSampa(Lei18177)+Q3,
0130360019,ZC,1,GEOCODIFICACAO(Nominatim)+GeoSampa(Lei18177)+Q3,
0130360020,ZC,1,GEOCODIFICACAO(Nominatim)+GeoSampa(Lei18177)+Q3,
0130360021,ZC,1,GEOCODIFICACAO(Nominatim)+GeoSampa(Lei18177)+Q3,
0130360022,ZC,1,GEOCODIFICACAO(Nominatim)+GeoSampa(Lei18177)+Q3,
0150110004,ZPR,1,GEOCODIFICACAO(Nominatim)+GeoSampa(Lei18177)+Q3,
0150110005,ZPR,1,GEOCODIFICACAO(Nominatim)+GeoSampa(Lei18177)+Q3,
0150110008,ZPR,1,GEOCODIFICACAO(Nominatim)+GeoSampa(Lei18177)+Q3,
0150110011,ZPR,1,GEOCODIFICACAO(Nominatim)+GeoSampa(Lei18177)+Q3,
0150110015,ZPR,1,GEOCODIFICACAO(Nominatim)+GeoSampa(Lei18177)+Q3,
0150110016,ZPR,1,GEOCODIFICACAO(Nominatim)+GeoSampa(Lei18177)+Q3,
0150110017,ZPR,1,GEOCODIFICACAO(Nominatim)+GeoSampa(Lei18177)+Q3,
0150110018,ZPR,1,GEOCODIFICACAO(Nominatim)+GeoSampa(Lei18177)+Q3,
0150110021,ZPR,1,GEOCODIFICACAO(Nominatim)+GeoSampa(Lei18177)+Q3,
0150110057,ZPR,1,GEOCODIFICACAO(Nominatim)+GeoSampa(Lei18177)+Q3,
0150110058,ZPR,1,GEOCODIFICACAO(Nominatim)+GeoSampa(Lei18177)+Q3,
0150120024,ZPR,1,GEOCODIFICACAO(Nominatim)+GeoSampa(Lei18177)+Q3,
0150120032,ZPR,1,GEOCODIFICACAO(Nominatim)+GeoSampa(Lei18177)+Q3,
0150120033,ZPR,1,GEOCODIFICACAO(Nominatim)+GeoSampa(Lei18177)+Q3,
0150120034,ZPR,1,GEOCODIFICACAO(Nominatim)+GeoSampa(Lei18177)+Q3,
0150120044,ZPR,1,GEOCODIFICACAO(Nominatim)+GeoSampa(Lei18177)+Q3,
0150130006,ZPR,1,GEOCODIFICACAO(Nominatim)+GeoSampa(Lei18177)+Q3,
0150130007,ZPR,1,GEOCODIFICACAO(Nominatim)+GeoSampa(Lei18177)+Q3,
0150130008,ZPR,1,GEOCODIFICACAO(Nominatim)+GeoSampa(Lei18177)+Q3,
0150130015,ZPR,1,GEOCODIFICACAO(Nominatim)+GeoSampa(Lei18177)+Q3,
0150130016,ZPR,1,GEOCODIFICACAO(Nominatim)+GeoSampa(Lei18177)+Q3,
0150130017,ZPR,1,GEOCODIFICACAO(Nominatim)+GeoSampa(Lei18177)+Q3,
0150130018,ZPR,1,GEOCODIFICACAO(Nominatim)+GeoSampa(Lei18177)+Q3,
0150130019,ZPR,1,GEOCODIFICACAO(Nominatim)+GeoSampa(Lei18177)+Q3,
0150130020,ZPR,1,GEOCODIFICACAO(Nominatim)+GeoSampa(Lei18177)+Q3,
0150130031,ZPR,1,GEOCODIFICACAO(Nominatim)+GeoSampa(Lei18177)+Q3,
0150130032,ZPR,1,GEOCODIFICACAO(Nominatim)+GeoSampa(Lei18177)+Q3,
0150130038,ZPR,1,GEOCODIFICACAO(Nominatim)+GeoSampa(Lei18177)+Q3,
0150180191,ZC,1,GEOCODIFICACAO(Nominatim)+GeoSampa(Lei18177)+Q3,
0150200013,ZC,1,GEOCODIFICACAO(Nominatim)+GeoSampa(Lei18177)+Q3,
0150210015,ZC,1,GEOCODIFICACAO(Nominatim)+GeoSampa(Lei18177)+Q3,
0150210058,ZC,1,GEOCODIFICACAO(Nominatim)+GeoSampa(Lei18177)+Q3,
0150320008,ZC,1,GEOCODIFICACAO(Nominatim)+GeoSampa(Lei18177)+Q3,
0150320015,ZC,1,GEOCODIFICACAO(Nominatim)+GeoSampa(Lei18177)+Q3,
0150330029,ZC,1,GEOCODIFICACAO(Nominatim)+GeoSampa(Lei18177)+Q3,
0150330030,ZC,1,GEOCODIFICACAO(Nominatim)+GeoSampa(Lei18177)+Q3,
0150330031,ZC,1,GEOCODIFICACAO(Nominatim)+GeoSampa(Lei18177)+Q3,
0150330032,ZC,1,GEOCODIFICACAO(Nominatim)+GeoSampa(Lei18177)+Q3,
0150330033,ZC,1,GEOCODIFICACAO(Nominatim)+GeoSampa(Lei18177)+Q3,
0150330034,ZC,1,GEOCODIFICACAO(Nominatim)+GeoSampa(Lei18177)+Q3,
0150330035,ZC,1,GEOCODIFICACAO(Nominatim)+GeoSampa(Lei18177)+Q3,
0150330036,ZC,1,GEOCODIFICACAO(Nominatim)+GeoSampa(Lei18177)+Q3,
0150330037,ZC,1,GEOCODIFICACAO(Nominatim)+GeoSampa(Lei18177)+Q3,
0150330038,ZC,1,GEOCODIFICACAO(Nominatim)+GeoSampa(Lei18177)+Q3,
0150330039,ZC,1,GEOCODIFICACAO(Nominatim)+GeoSampa(Lei18177)+Q3,
0150330040,ZC,1,GEOCODIFICACAO(Nominatim)+GeoSampa(Lei18177)+Q3,
0150330048,ZC,1,GEOCODIFICACAO(Nominatim)+GeoSampa(Lei18177)+Q3,
0150330049,ZC,1,GEOCODIFICACAO(Nominatim)+GeoSampa(Lei18177)+Q3,
0150330050,ZC,1,GEOCODIFICACAO(Nominatim)+GeoSampa(Lei18177)+Q3,
0150330051,ZC,1,GEOCODIFICACAO(Nominatim)+GeoSampa(Lei18177)+Q3,
0150330052,ZC,1,GEOCODIFICACAO(Nominatim)+GeoSampa(Lei18177)+Q3,
0150340037,ZC,1,GEOCODIFICACAO(Nominatim)+GeoSampa(Lei18177)+Q3,
0150340038,ZC,1,GEOCODIFICACAO(Nominatim)+GeoSampa(Lei18177)+Q3,
0150340039,ZC,1,GEOCODIFICACAO(Nominatim)+GeoSampa(Lei18177)+Q3,
0150340041,ZC,1,GEOCODIFICACAO(Nominatim)+GeoSampa(Lei18177)+Q3,
0150340042,ZC,1,GEOCODIFICACAO(Nominatim)+GeoSampa(Lei18177)+Q3,
0150340045,ZC,1,GEOCODIFICACAO(Nominatim)+GeoSampa(Lei18177)+Q3,
0150340046,ZC,1,GEOCODIFICACAO(Nominatim)+GeoSampa(Lei18177)+Q3,
0150340047,ZC,1,GEOCODIFICACAO(Nominatim)+GeoSampa(Lei18177)+Q3,
0150340048,ZC,1,GEOCODIFICACAO(Nominatim)+GeoSampa(Lei18177)+Q3,
0150340049,ZC,1,GEOCODIFICACAO(Nominatim)+GeoSampa(Lei18177)+Q3,
0150340050,ZC,1,GEOCODIFICACAO(Nominatim)+GeoSampa(Lei18177)+Q3,
0150340054,ZC,1,GEOCODIFICACAO(Nominatim)+GeoSampa(Lei18177)+Q3,
0150340152,ZC,1,GEOCODIFICACAO(Nominatim)+GeoSampa(Lei18177)+Q3,
0180500267,ZC,1,GEOCODIFICACAO(Nominatim)+GeoSampa(Lei18177)+Q3,
0180500269,ZC,1,GEOCODIFICACAO(Nominatim)+GeoSampa(Lei18177)+Q3,
0180630001,ZC,1,GEOCODIFICACAO(Nominatim)+GeoSampa(Lei18177)+Q3,
0200500019,ZEM,1,GEOCODIFICACAO(Nominatim)+GeoSampa(Lei18177)+Q3,
0200520006,ZEM,1,GEOCODIFICACAO(Nominatim)+GeoSampa(Lei18177)+Q3,
0200520007,ZEM,1,GEOCODIFICACAO(Nominatim)+GeoSampa(Lei18177)+Q3,
0200520011,ZEM,1,GEOCODIFICACAO(Nominatim)+GeoSampa(Lei18177)+Q3,
0200640012,ZEM,1,GEOCODIFICACAO(Nominatim)+GeoSampa(Lei18177)+Q3,
0200660049,ZEM,1,GEOCODIFICACAO(Nominatim)+GeoSampa(Lei18177)+Q3,
0200940007,ZM,1,GEOCODIFICACAO(Nominatim)+GeoSampa(Lei18177)+Q3,
0200950527,ZC,1,GEOCODIFICACAO(Nominatim)+GeoSampa(Lei18177)+Q3,
0200950528,ZC,1,GEOCODIFICACAO(Nominatim)+GeoSampa(Lei18177)+Q3,
0200950529,ZC,1,GEOCODIFICACAO(Nominatim)+GeoSampa(Lei18177)+Q3,
0200950530,ZC,1,GEOCODIFICACAO(Nominatim)+GeoSampa(Lei18177)+Q3,
0200950531,ZC,1,GEOCODIFICACAO(Nominatim)+GeoSampa(Lei18177)+Q3,
0200950532,ZC,1,GEOCODIFICACAO(Nominatim)+GeoSampa(Lei18177)+Q3,
0200950533,ZC,1,GEOCODIFICACAO(Nominatim)+GeoSampa(Lei18177)+Q3,
0200950534,ZC,1,GEOCODIFICACAO(Nominatim)+GeoSampa(Lei18177)+Q3,
0230100011,ZC,1,GEOCODIFICACAO(Nominatim)+GeoSampa(Lei18177)+Q3,
0230490001,ZC,1,GEOCODIFICACAO(Nominatim)+GeoSampa(Lei18177)+Q3,
0230490002,ZC,1,GEOCODIFICACAO(Nominatim)+GeoSampa(Lei18177)+Q3,
0230490003,ZC,1,GEOCODIFICACAO(Nominatim)+GeoSampa(Lei18177)+Q3,
0230490004,ZC,1,GEOCODIFICACAO(Nominatim)+GeoSampa(Lei18177)+Q3,
0230490005,ZC,1,GEOCODIFICACAO(Nominatim)+GeoSampa(Lei18177)+Q3,
0230490006,ZC,1,GEOCODIFICACAO(Nominatim)+GeoSampa(Lei18177)+Q3,
0230490008,ZC,1,GEOCODIFICACAO(Nominatim)+GeoSampa(Lei18177)+Q3,
0230490009,ZC,1,GEOCODIFICACAO(Nominatim)+GeoSampa(Lei18177)+Q3,
0230490010,ZC,1,GEOCODIFICACAO(Nominatim)+GeoSampa(Lei18177)+Q3,
0230490011,ZC,1,GEOCODIFICACAO(Nominatim)+GeoSampa(Lei18177)+Q3,
0230490012,ZC,1,GEOCODIFICACAO(Nominatim)+GeoSampa(Lei18177)+Q3,
0230490013,ZC,1,GEOCODIFICACAO(Nominatim)+GeoSampa(Lei18177)+Q3,
0230930006,ZC,1,GEOCODIFICACAO(Nominatim)+GeoSampa(Lei18177)+Q3,
0250380072,ZDE-1,1,GEOCODIFICACAO(Nominatim)+GeoSampa(Lei18177)+Q3,
0260150110,ZEMP,1,GEOCODIFICACAO(Nominatim)+GeoSampa(Lei18177)+Q3,
0260250069,ZEIS-3,1,GEOCODIFICACAO(Nominatim)+GeoSampa(Lei18177)+Q3,
0260250070,ZEIS-3,1,GEOCODIFICACAO(Nominatim)+GeoSampa(Lei18177)+Q3,
0260250071,ZEIS-3,1,GEOCODIFICACAO(Nominatim)+GeoSampa(Lei18177)+Q3,
0260250072,ZEIS-3,1,GEOCODIFICACAO(Nominatim)+GeoSampa(Lei18177)+Q3,
0260470092,ZDE-1,1,GEOCODIFICACAO(Nominatim)+GeoSampa(Lei18177)+Q3,
0260470093,ZDE-1,1,GEOCODIFICACAO(Nominatim)+GeoSampa(Lei18177)+Q3,
0320210195,ZM,1,GEOCODIFICACAO(Nominatim)+GeoSampa(Lei18177)+Q3,
0320210197,ZM,1,GEOCODIFICACAO(Nominatim)+GeoSampa(Lei18177)+Q3,
0320210199,ZEIS-3,1,GEOCODIFICACAO(Nominatim)+GeoSampa(Lei18177)+Q3,
0320210201,ZEIS-3,1,GEOCODIFICACAO(Nominatim)+GeoSampa(Lei18177)+Q3,
0320210203,ZM,1,GEOCODIFICACAO(Nominatim)+GeoSampa(Lei18177)+Q3,
0320210205,ZM,1,GEOCODIFICACAO(Nominatim)+GeoSampa(Lei18177)+Q3,
0320210208,ZM,1,GEOCODIFICACAO(Nominatim)+GeoSampa(Lei18177)+Q3,
0320210210,ZM,1,GEOCODIFICACAO(Nominatim)+GeoSampa(Lei18177)+Q3,
0320210212,ZM,1,GEOCODIFICACAO(Nominatim)+GeoSampa(Lei18177)+Q3,
0320210214,ZM,1,GEOCODIFICACAO(Nominatim)+GeoSampa(Lei18177)+Q3,
0320210216,ZM,1,GEOCODIFICACAO(Nominatim)+GeoSampa(Lei18177)+Q3,
0320210217,ZM,1,GEOCODIFICACAO(Nominatim)+GeoSampa(Lei18177)+Q3,
0320210218,ZM,1,GEOCODIFICACAO(Nominatim)+GeoSampa(Lei18177)+Q3,
0320210219,ZM,1,GEOCODIFICACAO(Nominatim)+GeoSampa(Lei18177)+Q3,
0320210220,ZM,1,GEOCODIFICACAO(Nominatim)+GeoSampa(Lei18177)+Q3,
0320210221,ZM,1,GEOCODIFICACAO(Nominatim)+GeoSampa(Lei18177)+Q3,
0320210222,ZM,1,GEOCODIFICACAO(Nominatim)+GeoSampa(Lei18177)+Q3,
0320210223,ZM,1,GEOCODIFICACAO(Nominatim)+GeoSampa(Lei18177)+Q3,
0320210224,ZM,1,GEOCODIFICACAO(Nominatim)+GeoSampa(Lei18177)+Q3,
0320210225,ZM,1,GEOCODIFICACAO(Nominatim)+GeoSampa(Lei18177)+Q3,
0320210226,ZM,1,GEOCODIFICACAO(Nominatim)+GeoSampa(Lei18177)+Q3,
0330390480,ZEIS-3,1,GEOCODIFICACAO(Nominatim)+GeoSampa(Lei18177)+Q3,
0350640003,ZC,1,GEOCODIFICACAO(Nominatim)+GeoSampa(Lei18177)+Q3,
0360020008,ZEU,1,GEOCODIFICACAO(Nominatim)+GeoSampa(Lei18177)+Q3,
0380920001,ZC,1,GEOCODIFICACAO(Nominatim)+GeoSampa(Lei18177)+Q3,
0400740093,ZC,1,GEOCODIFICACAO(Nominatim)+GeoSampa(Lei18177)+Q3,
0400850011,ZC,1,GEOCODIFICACAO(Nominatim)+GeoSampa(Lei18177)+Q3,
0400910062,ZC,1,GEOCODIFICACAO(Nominatim)+GeoSampa(Lei18177)+Q3,
0401060026,ZC,1,GEOCODIFICACAO(Nominatim)+GeoSampa(Lei18177)+Q3,
0410040001,ZM,1,GEOCODIFICACAO(Nominatim)+GeoSampa(Lei18177)+Q3,
0420770011,ZEU,1,GEOCODIFICACAO(Nominatim)+GeoSampa(Lei18177)+Q3,
0621290001,ZM,1,GEOCODIFICACAO(Nominatim)+GeoSampa(Lei18177)+Q3,
0732850001,AC-1,"0,6",GEOCODIFICACAO(Nominatim)+GeoSampa(Lei18177)+Q3,
0873790187,ZM,1,GEOCODIFICACAO(Nominatim)+GeoSampa(Lei18177)+Q3,
1000370023,ZEU,1,GEOCODIFICACAO(Nominatim)+GeoSampa(Lei18177)+Q3,
1041250009,ZC,1,GEOCODIFICACAO(Nominatim)+GeoSampa(Lei18177)+Q3,
1041250017,ZC,1,GEOCODIFICACAO(Nominatim)+GeoSampa(Lei18177)+Q3,
1041250025,ZC,1,GEOCODIFICACAO(Nominatim)+GeoSampa(Lei18177)+Q3,
1041280003,ZM,1,GEOCODIFICACAO(Nominatim)+GeoSampa(Lei18177)+Q3,
1723120963,ZM,1,GEOCODIFICACAO(Nominatim)+GeoSampa(Lei18177)+Q3,
1960180008,ZM,1,GEOCODIFICACAO(Nominatim)+GeoSampa(Lei18177)+Q3,
1960180016,ZM,1,GEOCODIFICACAO(Nominatim)+GeoSampa(Lei18177)+Q3,
1960180017,ZM,1,GEOCODIFICACAO(Nominatim)+GeoSampa(Lei18177)+Q3,
1960180042,ZM,1,GEOCODIFICACAO(Nominatim)+GeoSampa(Lei18177)+Q3,
1960180043,ZM,1,GEOCODIFICACAO(Nominatim)+GeoSampa(Lei18177)+Q3,
1960180044,ZM,1,GEOCODIFICACAO(Nominatim)+GeoSampa(Lei18177)+Q3,
1960180045,ZM,1,GEOCODIFICACAO(Nominatim)+GeoSampa(Lei18177)+Q3,
1960180046,ZM,1,GEOCODIFICACAO(Nominatim)+GeoSampa(Lei18177)+Q3,
1960180047,ZM,1,GEOCODIFICACAO(Nominatim)+GeoSampa(Lei18177)+Q3,
1960180048,ZM,1,GEOCODIFICACAO(Nominatim)+GeoSampa(Lei18177)+Q3,
1960180049,ZM,1,GEOCODIFICACAO(Nominatim)+GeoSampa(Lei18177)+Q3,
1960180050,ZM,1,GEOCODIFICACAO(Nominatim)+GeoSampa(Lei18177)+Q3,
1960180051,ZM,1,GEOCODIFICACAO(Nominatim)+GeoSampa(Lei18177)+Q3,
1960180095,ZM,1,GEOCODIFICACAO(Nominatim)+GeoSampa(Lei18177)+Q3,
1960180096,ZM,1,GEOCODIFICACAO(Nominatim)+GeoSampa(Lei18177)+Q3,
1960180097,ZM,1,GEOCODIFICACAO(Nominatim)+GeoSampa(Lei18177)+Q3,
1960180101,ZM,1,GEOCODIFICACAO(Nominatim)+GeoSampa(Lei18177)+Q3,
1960180102,ZM,1,GEOCODIFICACAO(Nominatim)+GeoSampa(Lei18177)+Q3,
1960230005,ZM,1,GEOCODIFICACAO(Nominatim)+GeoSampa(Lei18177)+Q3,
1960230008,ZM,1,GEOCODIFICACAO(Nominatim)+GeoSampa(Lei18177)+Q3,
1960230009,ZM,1,GEOCODIFICACAO(Nominatim)+GeoSampa(Lei18177)+Q3,
1960230012,ZM,1,GEOCODIFICACAO(Nominatim)+GeoSampa(Lei18177)+Q3,
1960250001,ZM,1,GEOCODIFICACAO(Nominatim)+GeoSampa(Lei18177)+Q3,
1960250002,ZM,1,GEOCODIFICACAO(Nominatim)+GeoSampa(Lei18177)+Q3,
1960250008,ZM,1,GEOCODIFICACAO(Nominatim)+GeoSampa(Lei18177)+Q3,
1960260004,ZM,1,GEOCODIFICACAO(Nominatim)+GeoSampa(Lei18177)+Q3,
1960260006,ZM,1,GEOCODIFICACAO(Nominatim)+GeoSampa(Lei18177)+Q3,
1960260007,ZM,1,GEOCODIFICACAO(Nominatim)+GeoSampa(Lei18177)+Q3,
1960260009,ZM,1,GEOCODIFICACAO(Nominatim)+GeoSampa(Lei18177)+Q3,
1960290001,ZM,1,GEOCODIFICACAO(Nominatim)+GeoSampa(Lei18177)+Q3,
1960290002,ZM,1,GEOCODIFICACAO(Nominatim)+GeoSampa(Lei18177)+Q3,
1960290003,ZM,1,GEOCODIFICACAO(Nominatim)+GeoSampa(Lei18177)+Q3,
1960290004,ZM,1,GEOCODIFICACAO(Nominatim)+GeoSampa(Lei18177)+Q3,
1960290006,ZM,1,GEOCODIFICACAO(Nominatim)+GeoSampa(Lei18177)+Q3,
1960290007,ZM,1,GEOCODIFICACAO(Nominatim)+GeoSampa(Lei18177)+Q3,
1960290008,ZM,1,GEOCODIFICACAO(Nominatim)+GeoSampa(Lei18177)+Q3,
1960310009,ZM,1,GEOCODIFICACAO(Nominatim)+GeoSampa(Lei18177)+Q3,
1960330001,ZM,1,GEOCODIFICACAO(Nominatim)+GeoSampa(Lei18177)+Q3,
1960330006,ZM,1,GEOCODIFICACAO(Nominatim)+GeoSampa(Lei18177)+Q3,
1960330007,ZM,1,GEOCODIFICACAO(Nominatim)+GeoSampa(Lei18177)+Q3,
1960330008,ZM,1,GEOCODIFICACAO(Nominatim)+GeoSampa(Lei18177)+Q3,
1960340001,ZM,1,GEOCODIFICACAO(Nominatim)+GeoSampa(Lei18177)+Q3,
1960350001,ZM,1,GEOCODIFICACAO(Nominatim)+GeoSampa(Lei18177)+Q3,
