data_ref,drive_id,acao,origem,destino,hash_md5
2026-08-06-confrontacao-sa,1gx0kxXhPcxd7cB0zr94eItvWs2Vo9pSYh50FFuOk_Yc,nativo_ignorado,_entrada,1FuheHRwwu2OeecqF1Ro70h3j6gKldiwM,
2026-08-06-confrontacao-sa,1TTtd8pr_t4jFIkW8BLzTXX1-UTmIR-X9,moved,_entrada,1FuheHRwwu2OeecqF1Ro70h3j6gKldiwM,0a941ce3e82f95fd9d38f0c0f4b2c077
2026-08-06-confrontacao-sa,1kfJjK7rN6mwvSNyXG4CIpSf0lpcNf8Sb,moved,_entrada,1FuheHRwwu2OeecqF1Ro70h3j6gKldiwM,16132e5e06409622847db0d31ede2475
2026-08-06-confrontacao-sa,1TnUM4z0vC9IqVqtMuFnf0HU0KmkBF33L,moved,_entrada,1FuheHRwwu2OeecqF1Ro70h3j6gKldiwM,49526728746248a912268f3d69650851
2026-08-06-confrontacao-sa,18lqzAEwTh5EK_osq3MndozlrvOmUWrBx,moved,_entrada,1FuheHRwwu2OeecqF1Ro70h3j6gKldiwM,e92c5366f90fe75771b1c77f5014b262
2026-08-06-confrontacao-sa,14V_6kR6k2v19H0JUlr-Burb2C6idJhFm,moved,_entrada,1FuheHRwwu2OeecqF1Ro70h3j6gKldiwM,b5e96f5b24ba6e427ba25d3c26d0f15c
2026-08-06-confrontacao-sa,1j1LM2I2DNz9GMxKGEfDJO-YD2cJX5bLt,moved,_entrada,1FuheHRwwu2OeecqF1Ro70h3j6gKldiwM,c1730f870c76a59c6adc7e148488d062
2026-08-06-confrontacao-sa,1cc1wa0PmSfyXfWXp7OGoFviUhmAJOD1T,moved,_entrada,1FuheHRwwu2OeecqF1Ro70h3j6gKldiwM,9f50adacca622eb4cd969baff776116d
2026-08-06-confrontacao-sa,17gBHBK2-_yxgjc-A6qNQ5KMU2pyf3ANc,moved,_entrada,1FuheHRwwu2OeecqF1Ro70h3j6gKldiwM,cfe1d0739b0aee813c4cbcb2407021f5
2026-08-06-confrontacao-sa,1kc3gUMGDJV1m-hkmAWAPsxVWFiu_odN_,moved,_entrada,1FuheHRwwu2OeecqF1Ro70h3j6gKldiwM,02ffc8e1781470d0967a0795227a7c6f
2026-08-06-confrontacao-sa,1aA_2Qbzg5wlrTp-TdGVnRh7gGPH3PlER,moved,_entrada,1FuheHRwwu2OeecqF1Ro70h3j6gKldiwM,f5ec0f6e4c4fbc0406ee2c465054d7d7
2026-08-06-confrontacao-sa,1yyMHU4g9aQoWgG_zcckyafBPC-J0wY5r,moved,_entrada,1FuheHRwwu2OeecqF1Ro70h3j6gKldiwM,8d9c8be9bb5eeada5f5c0b4930a87906
2026-08-06-confrontacao-sa,1RSoqcK42sLTXXMElT-dH-N4j3XIhgtpb,moved,_entrada,1FuheHRwwu2OeecqF1Ro70h3j6gKldiwM,9317b80f4f7587786ba7ba5b20289a9c
2026-08-06-confrontacao-sa,1NdmUz-FEn8Ft4nfpZJqDugbSOsQkkflC,moved,_entrada,1FuheHRwwu2OeecqF1Ro70h3j6gKldiwM,9f6e6dce0888dd9df23fbb2c434245be
2026-08-06-confrontacao-sa,1lnLhEQlFUrRven7jxiTuNM9RGAiNrb8C,moved,_entrada,1FuheHRwwu2OeecqF1Ro70h3j6gKldiwM,20f3d106aae1142f26f8a84f9b89eebe
2026-08-06-confrontacao-sa,1NRig02k3OYkEwHmvd07TlfVXnKkZ-yUV,moved,_entrada,1FuheHRwwu2OeecqF1Ro70h3j6gKldiwM,f25490026137aaf9df655bdd22cacf2c
2026-08-06-confrontacao-sa,1PgtgfPMxPc_S7k4vIh4o-jsj0VaYkyNu,moved,_entrada,1OXrO6tBMKYr_RlIIXXyNQOGJPT1xgSVv,8784543a8d60b0f1ef65c7b92295f671
2026-08-06-confrontacao-sa,1jrbCc3xZXsihZUmPRfZlNbmmb0zrj5uI,moved,_entrada,1OXrO6tBMKYr_RlIIXXyNQOGJPT1xgSVv,f0b981cd3ec51034f39a35929fce2070
2026-08-06-confrontacao-sa,1Tf-tV2TmeIxDhWG4QJ5ERyD0fwA8CrAa,moved,_entrada,1OXrO6tBMKYr_RlIIXXyNQOGJPT1xgSVv,f5353ac01bd187fff871cb61c08b5dfb
2026-08-06-confrontacao-sa,1brUHafl6KsWcvk0qvX-MZkpcyHRoLlDo,moved,_entrada,1CURE7Xa71cxFg-lgnFAUZjfz1Pf2m9bJ,2f1094cf1d7a96f2cefbe497f7a8875c
2026-08-06-confrontacao-sa,1Q1264Ei9IVZ018sz5rPl-wdZYRmVeevo,moved,_entrada,1IpfYosMgyhDN4mUNUFm1ztrqjAmjZwJj,1c0e8a7a2574aed2152fa47482a5f073
2026-08-06-confrontacao-sa,1CPtqgZ4ucdXvA0VJ7VW5p1xNwrgddRx0,moved,_entrada,1IpfYosMgyhDN4mUNUFm1ztrqjAmjZwJj,9ce49756fb98b176c3f3c6acdbcc9d77
2026-08-06-confrontacao-sa,1zGE-_IvO0C4Z_LWT14viUR_lyRAVu4tO,moved,_entrada,1OXrO6tBMKYr_RlIIXXyNQOGJPT1xgSVv,1b37a1730a7d02a4f67996310a1b0618
2026-08-06-confrontacao-sa,1kz5qraVK6wzWz5uvekBld9zSUeMYzUNM,moved,_entrada,1pd8yS98i_ptKk3mmM05BcbWdGjvSg_2m,9a1b363cec2a0c9ea1244bae00fd0ed9
2026-08-06-confrontacao-sa,1Fdg7wpXLSOisdqMqPWY3QXNZVv10afbC,moved,_entrada,1pd8yS98i_ptKk3mmM05BcbWdGjvSg_2m,c4839463d3aba6841dd30d88bc567376
2026-08-06-confrontacao-sa,1drqYr5XO0IfOhFtui1mRtDXPVwXCVvRy,moved,_entrada,1pd8yS98i_ptKk3mmM05BcbWdGjvSg_2m,e52efc00bfbde1c621407e5a678aa597
2026-08-06-confrontacao-sa,1e_I8tnXcsXUddvTnBvRrGuzS6O1bJSiU,moved,_entrada,1pd8yS98i_ptKk3mmM05BcbWdGjvSg_2m,8fe0cdfd902cd41b949d753549ad6228
2026-08-06-confrontacao-sa,1yNzWkVw-AXHOHO6S8ZPExr01NU3LaeNo,moved,_entrada,1OXrO6tBMKYr_RlIIXXyNQOGJPT1xgSVv,2069f3cdb4c941557c8ecc2a2ba15d39
2026-08-06-confrontacao-sa,1B_Ta_35nm6dIBfjhd4ecIJOGltPANgC_,moved,_entrada,16tZFBEVLTG3StVLeCGUoPCcKn5YbZEQo,82fcdfdb249c9b8b29bb9d3c7156dbf9
2026-08-06-confrontacao-sa,1sdYYOJdQ2gUrcfPLdZPYjfo2bYNjRyw8,moved,_entrada,16tZFBEVLTG3StVLeCGUoPCcKn5YbZEQo,d97b5f84d8c0636819e2828392d90745
2026-08-06-confrontacao-sa,1MJgWT2CBbcPYADQYeXyJEpIMGSwHj7yb,moved,_entrada,16tZFBEVLTG3StVLeCGUoPCcKn5YbZEQo,23b4aca98dc849f4f3a1a6af99e44adb
2026-08-06-confrontacao-sa,1ybtcOHluFmb20wrFsEU_wHkCnE3L4H5t,moved,_entrada,16tZFBEVLTG3StVLeCGUoPCcKn5YbZEQo,4b5054f634e4ea6d3394a6a22d779243
2026-08-06-confrontacao-sa,1kv8n-gh5bCv-GmsEl_zDVQxaxXCVyGzL,moved,_entrada,16tZFBEVLTG3StVLeCGUoPCcKn5YbZEQo,44aa4642ddb3e7c88d371fa50997fd80
2026-08-06-confrontacao-sa,1eQSukZchES9PzOG7nmQVjc3-fJoMlUJQ,moved,_entrada,16tZFBEVLTG3StVLeCGUoPCcKn5YbZEQo,9758f70c13477d0d9c7a6e84dccbf2fd
2026-08-06-confrontacao-sa,1VgnEQYGGE38WrfFD8RugGFtiAq1c6Z4q,moved,_entrada,16tZFBEVLTG3StVLeCGUoPCcKn5YbZEQo,ea503cc1c2a69e78db92d8ac5343ea20
2026-08-06-confrontacao-sa,1iLgAyoAkqz27OpBoS_WeWNOd3IHP0Izt,moved,_entrada,16tZFBEVLTG3StVLeCGUoPCcKn5YbZEQo,84f226a731a17b55d9f79addf7e51fe4
2026-08-06-confrontacao-sa,1BSCKQCp-VQGvn9Po5i49aSoxsXnwIpsU,moved,_entrada,16tZFBEVLTG3StVLeCGUoPCcKn5YbZEQo,1a7bd78d54c536e271da173d02a89672
2026-08-06-confrontacao-sa,1KJ1Atleeb7VsooECZbbB-tkERscukH0B,moved,_entrada,16tZFBEVLTG3StVLeCGUoPCcKn5YbZEQo,a26a8c38122a042fd69f347bf9c496e7
2026-08-06-confrontacao-sa,1Mr4uuuaWz7gzGxux5zSFJ7TZDQzx_h3w,moved,_entrada,16tZFBEVLTG3StVLeCGUoPCcKn5YbZEQo,b6624321910d53f63a51c1f8eaf72930
2026-08-06-confrontacao-sa,1LBUlijnE3pW3hD40nC1mv-PEI-W8eT0o,moved,_entrada,16tZFBEVLTG3StVLeCGUoPCcKn5YbZEQo,9544d17d4b941d8ec88ccdb08f0e18df
2026-08-06-confrontacao-sa,1lxvi9Ss2vVfat1UJ6qn4ZBduVq5Nz76O,moved,_entrada,1CURE7Xa71cxFg-lgnFAUZjfz1Pf2m9bJ,b05ffef48e4dab876e373a9d439b54df
2026-08-06-confrontacao-sa,1IG6c6A7J6-IHTlMi9cyw1odTQiW5-EmL,moved,_entrada,16tZFBEVLTG3StVLeCGUoPCcKn5YbZEQo,530b5ba599496e0d22318e42f815d2be
2026-08-06-confrontacao-sa,1enQFVq5s1gCITh6_M-ETF_ZCtdpA4C1l,moved,_entrada,16tZFBEVLTG3StVLeCGUoPCcKn5YbZEQo,a4a1bb91478b45f349fac3c2ba8745a4
2026-08-06-confrontacao-sa,1p4oVrEPWuXbtUgd84RlPra74eANf2bAq,moved,_entrada,1pd8yS98i_ptKk3mmM05BcbWdGjvSg_2m,6ea531fffd6fb70dd94d8eb25741bffa
2026-08-06-confrontacao-sa,1a7Y7eC756t1NbYKp8M0Yo-6EuiA_KNOR,moved,_entrada,1CURE7Xa71cxFg-lgnFAUZjfz1Pf2m9bJ,1bd51979a94f0e25ce5661acc74d1a70
2026-08-06-confrontacao-sa,1zy--Cx4wKvH72stiZSqpLXec05K-0y0b,moved,_entrada,1pd8yS98i_ptKk3mmM05BcbWdGjvSg_2m,a804281b90eca38e6cbae3fe85003390
2026-08-06-confrontacao-sa,1Sti8VuTpJN439jrdyzWeLIu1EUrRFnFg,moved,_entrada,1CURE7Xa71cxFg-lgnFAUZjfz1Pf2m9bJ,687684908d2dfb8ab1f779f641b2bfd5
2026-08-06-confrontacao-sa,1xEvKnS65joB795TpMK64sRDvz9aocb2c,moved,_entrada,16tZFBEVLTG3StVLeCGUoPCcKn5YbZEQo,deb49a4b14f02ddedbb69c5539921c66
2026-08-06-confrontacao-sa,1iRmrbQEBJktAZ8fvnq0dmqNZk4XChF2L,moved,_entrada,16tZFBEVLTG3StVLeCGUoPCcKn5YbZEQo,801e431c0aa634b604e794c0907d038f
2026-08-06-confrontacao-sa,1l_K7QSCfRXBOoSfzQ5YKYYJ3zJYv22oJ,moved,_entrada,1OXrO6tBMKYr_RlIIXXyNQOGJPT1xgSVv,82774e30eadb8546e1a06ed0e019e57d
2026-08-06-confrontacao-sa,1SwxNlAD65zNBDjal_IDlO5r1jfii3lUi,moved,_entrada,1OXrO6tBMKYr_RlIIXXyNQOGJPT1xgSVv,4e166b5fcd8ef97cfc57d5c3ccc94fc8
2026-08-06-confrontacao-sa,1LBLNUJqFF3kAHzWLUKKjF5aeyHKX5GxP,moved,_entrada,1OXrO6tBMKYr_RlIIXXyNQOGJPT1xgSVv,1f429ba0acd869f4171ee359834578b8
2026-08-06-confrontacao-sa,1bH6QEeUohTbEInPo9zwturzDg8Ob5xLC,moved,_entrada,1OXrO6tBMKYr_RlIIXXyNQOGJPT1xgSVv,5d69e3468337be9d062749d0907cfef2
2026-08-06-confrontacao-sa,1jer7zuG7cISzczR_zrFMXojmZ6EsfBsE,moved,_entrada,1OXrO6tBMKYr_RlIIXXyNQOGJPT1xgSVv,2e5ffcbcbd74f38ac6ff71a1b098f49f
2026-08-06-confrontacao-sa,1ZeNM01_7xMVgzi7UG6sZJ2qXBj4xlngW,moved,_entrada,1OXrO6tBMKYr_RlIIXXyNQOGJPT1xgSVv,5c78d8b2e0b52dbe704e1666e01784e7
2026-08-06-confrontacao-sa,1DET4erUd7b1uBmJi-sMqmK7QcznIBbag,moved,_entrada,1OXrO6tBMKYr_RlIIXXyNQOGJPT1xgSVv,83cd3598dfb81e52bfe12c99269b0e05
2026-08-06-confrontacao-sa,1NRaluhpGBbOEVg9gF5EZZtRg6MFPtBJ3,moved,_entrada,1OXrO6tBMKYr_RlIIXXyNQOGJPT1xgSVv,3f6a9cbb5414b7fdaae888ba9e0e340f
2026-08-06-confrontacao-sa,1f0CwPmCAzFCbsS8yMGKk1oX6a7dWvlUo,moved,_entrada,1OXrO6tBMKYr_RlIIXXyNQOGJPT1xgSVv,d97a5e0425f8c21f74f744ace3a546a8
2026-08-06-confrontacao-sa,1x0k9Pu-yoKCVpy3Luw7ymcGs8rKlP-P4,moved,_entrada,1OXrO6tBMKYr_RlIIXXyNQOGJPT1xgSVv,d5ac885a401d8a6caa72c130ac7c96dd
2026-08-06-confrontacao-sa,1D0bge5O8yc60b8pHV4foQSrXF1kuw-Ax,moved,_entrada,1OXrO6tBMKYr_RlIIXXyNQOGJPT1xgSVv,8dad2a5f4b3bf133908ccf7e0044b441
2026-08-06-confrontacao-sa,1MWeMRIjLE-BmkCNhZwM56nN1wX3Hcw08,moved,_entrada,1OXrO6tBMKYr_RlIIXXyNQOGJPT1xgSVv,6f426df07527a68bfe639f084662d2a3
2026-08-06-confrontacao-sa,1HgiTJnG418wI6Toia87LpioloxME2o9f,moved,_entrada,1IpfYosMgyhDN4mUNUFm1ztrqjAmjZwJj,796c0d6615a1efcb4ee9550cbd82afda
2026-08-06-confrontacao-sa,1sAr3lqpTPQizUpissxz9iDFIpxAtk2Dz,moved,_entrada,1IpfYosMgyhDN4mUNUFm1ztrqjAmjZwJj,dcb635b644a8b0a8ed1afac1719fe54c
2026-08-06-confrontacao-sa,1gjaNlj4sW_d1Oe14wKmNgJW_PqyS9kXJ,moved,_entrada,1CURE7Xa71cxFg-lgnFAUZjfz1Pf2m9bJ,c4b17dfba639a68db09c48934f7325d7
2026-08-06-confrontacao-sa,13AUlueEv40Suw08chbfTIdn6B6-lCCNI,moved,_entrada,1IpfYosMgyhDN4mUNUFm1ztrqjAmjZwJj,d3a88243c7b79716592cd21eff889f0d
2026-08-06-confrontacao-sa,1Iz1CZfIfwPWncIyRSW6vHXNIx6VP9gHq,moved,_entrada,1IpfYosMgyhDN4mUNUFm1ztrqjAmjZwJj,38d58360d61ecd91cddee4c698897b1b
2026-08-06-confrontacao-sa,1wttjXQGDl4I4HuQrxHAinRu_PMgzvuWw,moved,_entrada,1IpfYosMgyhDN4mUNUFm1ztrqjAmjZwJj,a5b90b7f18a78cddd856b0b1196235ca
2026-08-06-confrontacao-sa,141hPZ3KEKhmyrq1Yo7cTu9FYIKbcPgyk,moved,_entrada,1T60HaWUUTXiRxgLA4VmKo-5EP7GrYtlb,2382c2318381423aba641e95694ee422
2026-08-06-confrontacao-sa,1rZmmpcz5cwX8PSDsGMreVqb6Os25_kJ-,moved,_entrada,1T60HaWUUTXiRxgLA4VmKo-5EP7GrYtlb,843c51807275b72026dc2280710a73d2
2026-08-06-confrontacao-sa,12rDZFoqvc8DHrE4H5yApLPxQI8LIizW2,moved,_entrada,1T60HaWUUTXiRxgLA4VmKo-5EP7GrYtlb,b2d141a141a6dafeb7a6e197444ce511
2026-08-06-confrontacao-sa,14RB0BOq79D82-WF9sr8rAT0bHBIAZnqo,moved,_entrada,1T60HaWUUTXiRxgLA4VmKo-5EP7GrYtlb,548566d453becb0642e00fa80c761deb
2026-08-06-confrontacao-sa,1AloFLVbl7NlvlKAw5pwBmPAFku6jnobO,moved,_entrada,1T60HaWUUTXiRxgLA4VmKo-5EP7GrYtlb,d10f1a00bcc6052e9d350a0895f214eb
2026-08-06-confrontacao-sa,1AG-qnw8mPssdrzthvG5_E57P-eJMwWiZ,moved,_entrada,17rT5LRvASh4Vs3w43g_DJC22DPObqUZL,a089e41634e7ebed390ff8f70c3beae8
2026-08-06-confrontacao-sa,1I9rdpMfs1WVS481rTTQdhX4H6ljTGHRo,moved,_entrada,1tFv9_7nrLc7BYXiRqlzA_j_7ryrLcy1W,865271bfde537f56fd370c3ef4109b45
2026-08-06-confrontacao-sa,12lspu2zPVyrCdmIePUX_b4hEEbPoJ9vu,moved,_entrada,1T60HaWUUTXiRxgLA4VmKo-5EP7GrYtlb,6e691c427d0f1a8efc1d26e0bb3c98d3
2026-08-06-confrontacao-sa,1S6hQ918X13XJ2ojcHM7RmveCJGiCjJCh,moved,_entrada,1T60HaWUUTXiRxgLA4VmKo-5EP7GrYtlb,7755f91d99d71058f31fda7054df7dfa
2026-08-06-confrontacao-sa,1phTX_GrgTKcO7i90bqpBLG3IZraRE3Tn,moved,_entrada,1T60HaWUUTXiRxgLA4VmKo-5EP7GrYtlb,94a392a61560fac80549eba4f9fac83d
2026-08-06-confrontacao-sa,1_iYp9NPgXaeOaf9ovb3vMfexTvqMohqw,moved,_entrada,1T60HaWUUTXiRxgLA4VmKo-5EP7GrYtlb,74c6367371e285fd05352eace382d2f5
2026-08-06-confrontacao-sa,1tImieDTt34vMj1pCpsLj9mpjAT1bHMho,moved,_entrada,1T60HaWUUTXiRxgLA4VmKo-5EP7GrYtlb,3d274722d07ecc88de378ee866eac6ac
2026-08-06-confrontacao-sa,1wp7fSIGqreMp5JbviJiCduxl4s9WFzqy,moved,_entrada,17rT5LRvASh4Vs3w43g_DJC22DPObqUZL,0a304c173981063e35199c8bf8c37c3d
2026-08-06-confrontacao-sa,19sbDcnTPqwzIky8FipXy61MVZK_f5qfp,moved,_entrada,1tFv9_7nrLc7BYXiRqlzA_j_7ryrLcy1W,f344e6ac7337ab7885c5a8b8359cefda
2026-08-06-confrontacao-sa,1L44KrS5xuQtLS_6GbSNhN8NuY9KuZU8q,moved,_entrada,1tFv9_7nrLc7BYXiRqlzA_j_7ryrLcy1W,358e81d01c43d7f855e4708958081de7
2026-08-06-confrontacao-sa,1NphTqP2q0NGxokvWQsW19L85j860wBx2,moved,_entrada,1tFv9_7nrLc7BYXiRqlzA_j_7ryrLcy1W,ed4e9a81f7dea65a858d784678b2e4e6
2026-08-06-confrontacao-sa,1vhs71GY8VBMECSjicgMKJjy4TMIfVXC-,moved,_entrada,1tFv9_7nrLc7BYXiRqlzA_j_7ryrLcy1W,127f1a3cdebb7eab47fc0d17fef762cf
2026-08-06-confrontacao-sa,1VmFNTIlKb8s3ZpS4KbjDhTiG2VLRTk4M,moved,_entrada,1tFv9_7nrLc7BYXiRqlzA_j_7ryrLcy1W,54cee86ee87eee4f9492062ea05ea49e
2026-08-06-confrontacao-sa,1_OXIKno_j7fqCQU8frHELVZ5WMy46-t9,moved,_entrada,1T60HaWUUTXiRxgLA4VmKo-5EP7GrYtlb,4bec23401399aff2abc6e151d4442511
2026-08-06-confrontacao-sa,1RfrfI0GNr0tMoYXyHvZmS5Tr3-TUECxt,moved,_entrada,1tFv9_7nrLc7BYXiRqlzA_j_7ryrLcy1W,bf5acf19f40e798f725b45e15338c26d
2026-08-06-confrontacao-sa,10YmwE3GPCe1za5pm-FMoJwCNCOZ_f0GM,moved,_entrada,1tFv9_7nrLc7BYXiRqlzA_j_7ryrLcy1W,87b5aecfb366ad9bc372896e4e299bde
2026-08-06-confrontacao-sa,1_DbYkMpzutfS2FJkCO_zpGZx78iT5kcg,moved,_entrada,1T60HaWUUTXiRxgLA4VmKo-5EP7GrYtlb,b4cbd48474507549dd68408727764692
2026-08-06-confrontacao-sa,1QELAvw0izJxVmm3Tlno9tCvgFOTTntIN,moved,_entrada,1T60HaWUUTXiRxgLA4VmKo-5EP7GrYtlb,dc0ad3ecb4f93a61d2ce1f8f4a8bdc99
2026-08-06-confrontacao-sa,1XX8BLzd2O7PwtQw4THQPkW2yPXXoXjVz,moved,_entrada,1T60HaWUUTXiRxgLA4VmKo-5EP7GrYtlb,726ee14e378a9a9ed179720803580fbd
2026-08-06-confrontacao-sa,1NNyX7u1G4Aieaa_rxPbs4acNskUe-GTW,moved,_entrada,1T60HaWUUTXiRxgLA4VmKo-5EP7GrYtlb,c0bd02f67b66920fcf1c8d67b60dc19a
2026-08-06-confrontacao-sa,1KukXvP1zy314YLyIV_HT06YBU8li4HY-,moved,_entrada,1T60HaWUUTXiRxgLA4VmKo-5EP7GrYtlb,018a6f6c10bde83278465d73fa5cdb36
2026-08-06-confrontacao-sa,1wfcg7OOw5WOcfIPT9qTaiyUYvu5s7roX,moved,_entrada,1T60HaWUUTXiRxgLA4VmKo-5EP7GrYtlb,f0a2f57562d2aa98109c7ed343d34f44
2026-08-06-confrontacao-sa,1WHsRWFn97mvp_lfrRdioT-qOho4DtkHc,moved,_entrada,1T60HaWUUTXiRxgLA4VmKo-5EP7GrYtlb,d3fa6d4090973eddd74d9b9bbfff7e6a
2026-08-06-confrontacao-sa,1pZf_SJCR-SaZMD9sahzdS8su-YvPDKUW,moved,_entrada,1T60HaWUUTXiRxgLA4VmKo-5EP7GrYtlb,996dd23645dffab83e603af05e7b7a47
2026-08-06-confrontacao-sa,1rLWsrXjAZMOH9-uDl_ZLFo4HzN8R-i8g,moved,_entrada,1T60HaWUUTXiRxgLA4VmKo-5EP7GrYtlb,5a84580d939ce5d1d6848a5ab1c094d7
2026-08-06-confrontacao-sa,1npexDcDl0kY8sj4Q6zF_GdR7-CRly_rq,moved,_entrada,1T60HaWUUTXiRxgLA4VmKo-5EP7GrYtlb,118e80d7e9f3442167020862e79bbcc0
2026-08-06-confrontacao-sa,13w2XTIXF-amaud_RtBfdeAv3fc5xD97x,moved,_entrada,1tFv9_7nrLc7BYXiRqlzA_j_7ryrLcy1W,6c6733817bc59d4ec80ad5b6c86cec34
2026-08-06-confrontacao-sa,1ifzSPK-H48cyTFCs2_J9RMUvD9gIqJS7,moved,_entrada,1tFv9_7nrLc7BYXiRqlzA_j_7ryrLcy1W,1e759f9f9dca0837d9c0959ea0fe1b5a
2026-08-06-confrontacao-sa,1ODvPCX8moSh798S3cYEzx4b9OPGn1W14,moved,_entrada,1T60HaWUUTXiRxgLA4VmKo-5EP7GrYtlb,1cfa8551af8c5bc10e62767668957180
2026-08-06-confrontacao-sa,1gtexvyF0vg57O4ZveHJg-KmYWJh2izlL,moved,_entrada,1tFv9_7nrLc7BYXiRqlzA_j_7ryrLcy1W,a6387de5f61f3bb3daeb2f8a34c91c3a
2026-08-06-confrontacao-sa,1W4w6BTM4KrjaICjFBedBoGms85T044_S,moved,_entrada,1tFv9_7nrLc7BYXiRqlzA_j_7ryrLcy1W,6689b2b058d36d416a4e9f2a32eb033d
2026-08-06-confrontacao-sa,16IXaCcbh2Ex5kRg3FV6Bfb-8SoHelTRU,moved,_entrada,1tFv9_7nrLc7BYXiRqlzA_j_7ryrLcy1W,d84b8d0ae3327e7c4dedb530aadca64f
2026-08-06-confrontacao-sa,180wOKhNsh3VRZJmf8NVHcUBupDPdYCEB,moved,_entrada,1tFv9_7nrLc7BYXiRqlzA_j_7ryrLcy1W,6ae0cff1edd9a87ef2f1df713eef8f20
2026-08-06-confrontacao-sa,1MT0Dg5a-VKTcLesn-EyBqPLgj8Wpls27,moved,_entrada,1tFv9_7nrLc7BYXiRqlzA_j_7ryrLcy1W,0017665cc40d5e4298b2b08c9472b8db
2026-08-06-confrontacao-sa,1HMXd0Z38PBsivSeC1Rd814OFV9aGZbNx,moved,_entrada,1tFv9_7nrLc7BYXiRqlzA_j_7ryrLcy1W,8acfab77b657289ca78a5c6152c066fa
2026-08-06-confrontacao-sa,1h6UgLOtmaV7zJZ4dEQvyYXXsZhCKujO6,moved,_entrada,1tFv9_7nrLc7BYXiRqlzA_j_7ryrLcy1W,46185bb2e4a738e5d67c16b137e9481a
2026-08-06-confrontacao-sa,125FZ_kbK_06-s-RQilfk6xWsOsSx-3qA,moved,_entrada,1tFv9_7nrLc7BYXiRqlzA_j_7ryrLcy1W,2c978723af461de2b49f0aea7fa21c06
2026-08-06-confrontacao-sa,10I2qbCeZuiSL9paIxieTlUN15WTCi9Ob,moved,_entrada,1tFv9_7nrLc7BYXiRqlzA_j_7ryrLcy1W,3839de11076096c94122bfced61365c8
2026-08-06-confrontacao-sa,1wnEAf548xVcPr_nQKmAT057TiQzo87NE,moved,_entrada,1tFv9_7nrLc7BYXiRqlzA_j_7ryrLcy1W,36a34d19f68f9603afb733b58c2d1898
2026-08-06-confrontacao-sa,1OXdlppbNi46qHwJ1SVnRjgJ2eUDhpsCS,moved,_entrada,1tFv9_7nrLc7BYXiRqlzA_j_7ryrLcy1W,2392bd688eb9e25f130e7ca88b96f03a
2026-08-06-confrontacao-sa,15XZ65yfgtIdiQB4ToSw37h40ofkkxn_F,moved,_entrada,1tFv9_7nrLc7BYXiRqlzA_j_7ryrLcy1W,6b89a01f4efb6cecdf475bc2ef228ee3
2026-08-06-confrontacao-sa,16XogPXPkqzh8GqSilgpti2SH6v3sGTQe,moved,_entrada,1tFv9_7nrLc7BYXiRqlzA_j_7ryrLcy1W,29417644d823e2fe522dd67cfb38be0c
2026-08-06-confrontacao-sa,1FxFAftg9JeT2Ep2B4jKCt_iA0VB7_ZbS,moved,_entrada,1tFv9_7nrLc7BYXiRqlzA_j_7ryrLcy1W,593913531a5d13dc2c931ce043b4d2b5
2026-08-06-confrontacao-sa,1puOg1pGx-huZXYEEyhtdtV4b8GLFVyd8,moved,_entrada,1tFv9_7nrLc7BYXiRqlzA_j_7ryrLcy1W,974e57739f64b20133b6b89284e5b58e
2026-08-06-confrontacao-sa,1h0dLr0y2UE4LvVKDAr93chvNlALznO57,moved,_entrada,1T60HaWUUTXiRxgLA4VmKo-5EP7GrYtlb,69cd9ee64b48abdc5f773916e249c5cd
2026-08-06-confrontacao-sa,1xuI_0ve5FipAnEel2Mk8NEtc2oFotB18,moved,_entrada,1T60HaWUUTXiRxgLA4VmKo-5EP7GrYtlb,aecd6449216d4db6895225c39f821c1f
2026-08-06-confrontacao-sa,1Qxvgh7Xqf80rxIGfslRUOIqBAC-WlsBY,moved,_entrada,1T60HaWUUTXiRxgLA4VmKo-5EP7GrYtlb,53f5c2036c822f0d7a057c7839e644b7
2026-08-06-confrontacao-sa,19kxHcNKlKNZ8TTFWMLZn9bzxnjMNWvDs,moved,_entrada,1T60HaWUUTXiRxgLA4VmKo-5EP7GrYtlb,a3e3737aac6bc81ea4967a492ca08d7c
2026-08-06-confrontacao-sa,1swUIBz45l2GJSCdHr90x8yVqjhKAUaqH,moved,_entrada,1T60HaWUUTXiRxgLA4VmKo-5EP7GrYtlb,312f9025d18b1e8500073143ba690b27
2026-08-06-confrontacao-sa,1Oal4u_-Eb_DFg0k93wnutPOs4vBS2vl7,moved,_entrada,1T60HaWUUTXiRxgLA4VmKo-5EP7GrYtlb,3b54685f1a41509d2b0a1ef36c4cff6c
2026-08-06-confrontacao-sa,1O8-YTTgaqBNQPf4HWD6D7f5aE9RFr3pB,moved,_entrada,1T60HaWUUTXiRxgLA4VmKo-5EP7GrYtlb,c22567a3099ac2cb78dd9ec3b70b02ed
2026-08-06-confrontacao-sa,1RQOseOfql-i0vBcGomILCfFuKGhWjjVo,moved,_entrada,1tFv9_7nrLc7BYXiRqlzA_j_7ryrLcy1W,ac71cedb0a1d39f1ca1bc7757cba9bea
2026-08-06-confrontacao-sa,1slr_iBJKG_jzajEYmFnnd0yBzbva2EIw,moved,_entrada,1tFv9_7nrLc7BYXiRqlzA_j_7ryrLcy1W,b352f67920013dbed7cf416b5abf4e5d
2026-08-06-confrontacao-sa,1DLPBJMQI1akWee1PBgK8O05P5NH2Ce0M,moved,_entrada,1tFv9_7nrLc7BYXiRqlzA_j_7ryrLcy1W,0e07528e984e0a9d290fed8e66d9efe3
2026-08-06-confrontacao-sa,1abnOh2zBGCtjvGcO_wYvbfe0oMY5699I,moved,_entrada,1tFv9_7nrLc7BYXiRqlzA_j_7ryrLcy1W,63638af245ecc79a0fa6332a541bbcf7
2026-08-06-confrontacao-sa,13hk3KnCk2TD-RMntcND5insH6xUjpNsJ,moved,_entrada,1tFv9_7nrLc7BYXiRqlzA_j_7ryrLcy1W,43889063a2f8acde28ff4096894c8c9f
2026-08-06-confrontacao-sa,1bXKBFus5JaNGfvcpV8nX_wrh6mIkhNJV,moved,_entrada,1tFv9_7nrLc7BYXiRqlzA_j_7ryrLcy1W,f12811cfcea16d03b114c30b8f899bd0
2026-08-06-confrontacao-sa,1iv3Pix9wMqZ_JmKqNQtBuz7JbC_ceN10,moved,_entrada,1tFv9_7nrLc7BYXiRqlzA_j_7ryrLcy1W,f331c94841334204e730bcd14ab4f49f
2026-08-06-confrontacao-sa,1TzvZAuqdENjrbfONpPbKmejcBI4o4Jds,moved,_entrada,1tFv9_7nrLc7BYXiRqlzA_j_7ryrLcy1W,6835b73ad8d301cf1bb656c60433cb85
2026-08-06-confrontacao-sa,1tDU_4kttvDzyKBbckeTLy77DedfzfF00,moved,_entrada,1tFv9_7nrLc7BYXiRqlzA_j_7ryrLcy1W,61d7e55dddf8f4765af8b1605fd435a3
2026-08-06-confrontacao-sa,1mSNLDNo2LHh7mYa_bEQ6SMIf4pbgCABI,moved,_entrada,1tFv9_7nrLc7BYXiRqlzA_j_7ryrLcy1W,665c897db35c491be454776ba00e2a74
2026-08-06-confrontacao-sa,13W2ltVw67AVchj8vL-rx3p5r4MrT-Eh7,moved,_entrada,1tFv9_7nrLc7BYXiRqlzA_j_7ryrLcy1W,9c17d80a2592bb572ec9e7f6ee8d81d1
2026-08-06-confrontacao-sa,1gZRZPIlaFj6duS-vcOl4BTNZ6MIXY6ND,moved,_entrada,1tFv9_7nrLc7BYXiRqlzA_j_7ryrLcy1W,8581975b79ddfb56aa1ec9dc03f2bd54
2026-08-06-confrontacao-sa,1UOdqOhJkK1YtFzHNP7QXM-xpE3MV73hF,moved,_entrada,1tFv9_7nrLc7BYXiRqlzA_j_7ryrLcy1W,6f82c435f11f1701d8d9f2d2f5fc3298
2026-08-06-confrontacao-sa,1QIF6et2lKR4wfjUU2-EM8UqNTwoy6NcT,moved,_entrada,1tFv9_7nrLc7BYXiRqlzA_j_7ryrLcy1W,74dc8999b618127bceb7b8469c826c24
2026-08-06-confrontacao-sa,1QGyZJmX0YPT06z4HO71CqNfTr-bKl5N8,moved,_entrada,1tFv9_7nrLc7BYXiRqlzA_j_7ryrLcy1W,3f47fb630bc29719ae5f3f16ba0d8df1
2026-08-06-confrontacao-sa,1wgj8z3N8saBcYpGtWUKnqB0mLZmheeue,moved,_entrada,1T60HaWUUTXiRxgLA4VmKo-5EP7GrYtlb,0587de57c10eb9c852dbf11df5f0b37b
2026-08-06-confrontacao-sa,1zLmbtMs9yws_FFsKxqA8sPVjLexJbpCg,moved,_entrada,1T60HaWUUTXiRxgLA4VmKo-5EP7GrYtlb,f6540403d98947afc09504cd4f20ebcd
2026-08-06-confrontacao-sa,1C0E4eIShRcACE36I20E8bs33fVdXRlQC,moved,_entrada,1T60HaWUUTXiRxgLA4VmKo-5EP7GrYtlb,4017514d87f640276fe9536208d69640
2026-08-06-confrontacao-sa,1v3oRxRtHztM-6hQ7WwJfg9TUVZfwY8R0,moved,_entrada,1tFv9_7nrLc7BYXiRqlzA_j_7ryrLcy1W,bb5fe4db39792ee48cfc49c64db74896
2026-08-06-confrontacao-sa,1lj35-9s6igQUNx8B76Hk9POrHj7dQVEu,moved,_entrada,1T60HaWUUTXiRxgLA4VmKo-5EP7GrYtlb,f590d015bbcd0e2e858ffda63ab7253a
2026-08-06-confrontacao-sa,1z4UIp87VhLioPrhbk1nUvs-xXCzPzR08,moved,_entrada,1T60HaWUUTXiRxgLA4VmKo-5EP7GrYtlb,1f94fc7a06423cc3e15d2997a5549687
2026-08-06-confrontacao-sa,1kSWQrlRgW_Q0n5u8TR9-J7pUDpu8ZZj_,moved,_entrada,1T60HaWUUTXiRxgLA4VmKo-5EP7GrYtlb,f6263b2922e8a08e011e47e0545e38ba
2026-08-06-confrontacao-sa,1AgHx0k7yNj1a7UTP9qgGt5IAKOgcn-kD,moved,_entrada,1T60HaWUUTXiRxgLA4VmKo-5EP7GrYtlb,cf2825dd055092e479ae4943ed5d318a
2026-08-06-confrontacao-sa,177qvl-MzvDA9H7xzDL3xXKBk_dhLQqZO,moved,_entrada,1T60HaWUUTXiRxgLA4VmKo-5EP7GrYtlb,74b55b7cfd71a0d12698cda5f1bb00f9
2026-08-06-confrontacao-sa,1scDSTGMazJS-ocmwslR3FYDicMC573CI,moved,_entrada,1T60HaWUUTXiRxgLA4VmKo-5EP7GrYtlb,31e0548c96e6a3334c7aaaf0fc28ebf2
2026-08-06-confrontacao-sa,1rGez7luvkFfI15EiFEiAWPNwGBZ0ic9N,moved,_entrada,1tFv9_7nrLc7BYXiRqlzA_j_7ryrLcy1W,97f1679d3bac7df2cdee687eaf38990d
2026-08-06-confrontacao-sa,1IW-_AkWsXF1Vsv0DBotNaqA06TyNbvQf,moved,_entrada,1T60HaWUUTXiRxgLA4VmKo-5EP7GrYtlb,6201b0afe64fd9792de9bb292141d703
2026-08-06-confrontacao-sa,1uaEp9dO9muYx2JgziRZwFv5D_lV4blbx,moved,_entrada,1tFv9_7nrLc7BYXiRqlzA_j_7ryrLcy1W,1c4a12555d5309ffb28ac3946a45e647
2026-08-06-confrontacao-sa,127IahNlzYuPDtzFVMsiWvt0Tptzjv4bD,moved,_entrada,1T60HaWUUTXiRxgLA4VmKo-5EP7GrYtlb,0a0e7d8029d9121212cbe6c48d852fa7
2026-08-06-confrontacao-sa,1or7cP5OtZBQTgURGHdUJPvsmtPy9NiTC,moved,_entrada,1T60HaWUUTXiRxgLA4VmKo-5EP7GrYtlb,cd319316d41eb0714c8505c23e1338ca
2026-08-06-confrontacao-sa,1YbLd77kHhAFbyz0hMTMg59qE0A1V1xP-,moved,_entrada,1T60HaWUUTXiRxgLA4VmKo-5EP7GrYtlb,066c9d68bf2a03360c763bf526946546
2026-08-06-confrontacao-sa,1TXClmL6RavMANYbfqd0Lz6KR_9LVW8Dz,moved,_entrada,1T60HaWUUTXiRxgLA4VmKo-5EP7GrYtlb,cd50171854a4c17a44ec2aff0bb05542
2026-08-06-confrontacao-sa,1XQxULwDXIJ_Qmf5iByGodAZKByZ4sArI,moved,_entrada,1T60HaWUUTXiRxgLA4VmKo-5EP7GrYtlb,17614cf4dfb0ac9e2a908e81b921bfcf
2026-08-06-confrontacao-sa,1T_-1yr0iaDZ6nGwb5wdH5yOhyWiAnFp7,moved,_entrada,1T60HaWUUTXiRxgLA4VmKo-5EP7GrYtlb,daed8edc60a61dea480f993eca75700f
2026-08-06-confrontacao-sa,1-cKO3TU6wfpS02m0E0KmLRr0hPYqEj7C,moved,_entrada,1T60HaWUUTXiRxgLA4VmKo-5EP7GrYtlb,1acb72e66c2054fb2f56792bb2666ba1
2026-08-06-confrontacao-sa,1AOcY_5XX6wD5J8UZK0ljk3EvPW_cZ6gQ,moved,_entrada,1T60HaWUUTXiRxgLA4VmKo-5EP7GrYtlb,8e488af129b818dd85c91a965663ffae
2026-08-06-confrontacao-sa,15Bbzyv5N8ANQKigmDBgBiPSyHF6ujf60,moved,_entrada,1T60HaWUUTXiRxgLA4VmKo-5EP7GrYtlb,58ee6da1f9d8c7d7ff7c0829cd295440
2026-08-06-confrontacao-sa,1Vt6LAXzIQ23wuFIYvGWTVgAKpPVLpdrt,moved,_entrada,1T60HaWUUTXiRxgLA4VmKo-5EP7GrYtlb,c6a34402a8555b122f52e61bfe1acccf
2026-08-06-confrontacao-sa,1FMJTNWzPwjt83aWZ59uidjUq367-S3Ws,moved,_entrada,1T60HaWUUTXiRxgLA4VmKo-5EP7GrYtlb,ee466934edf550d2d0516711168cb002
2026-08-06-confrontacao-sa,1uvJMFzmUhX5B84XuUTCEkHx7n00kNWel,moved,_entrada,1T60HaWUUTXiRxgLA4VmKo-5EP7GrYtlb,a6a82fe9e6343594cbd7f11c7c018c5e
2026-08-06-confrontacao-sa,1AsEpxy-4R98NU1QuhJDa1T_rpflBsB5i,moved,_entrada,1T60HaWUUTXiRxgLA4VmKo-5EP7GrYtlb,acf29c0a49226923d9b1ec318e27ddb8
2026-08-06-confrontacao-sa,1tPGJX-MyMAMXc-I_qUbnIQBYU3EV9aAP,moved,_entrada,1T60HaWUUTXiRxgLA4VmKo-5EP7GrYtlb,c386c01cd7037790c2aae8a81796d59f
2026-08-06-confrontacao-sa,1caan6wh4NFNbOdXddaI5-hg-HCA1NUDt,moved,_entrada,1T60HaWUUTXiRxgLA4VmKo-5EP7GrYtlb,990142e00cb842b6de32c3c25de5f76e
2026-08-06-confrontacao-sa,1MZobdQTHRn1dKOJIxfDhaLdo_ACbomUp,moved,_entrada,1T60HaWUUTXiRxgLA4VmKo-5EP7GrYtlb,beb3c9c85b934d60f07f877c03881dc5
2026-08-06-confrontacao-sa,1GuNVLiYLICMmIJ42XZtXy4BHhtI0cA3E,moved,_entrada,1T60HaWUUTXiRxgLA4VmKo-5EP7GrYtlb,b7d6a5743890f5a7d900ca57adcd526e
2026-08-06-confrontacao-sa,1DARVYHEDkYErwg7GnQUg0gsYTE51hjry,moved,_entrada,1T60HaWUUTXiRxgLA4VmKo-5EP7GrYtlb,925c4944d830595ca33e874f61a5558d
2026-08-06-confrontacao-sa,1NUZ-qPngwgbIE5CKCUmYjLfiqWPZJfiI,moved,_entrada,1T60HaWUUTXiRxgLA4VmKo-5EP7GrYtlb,c14263498a2baa994330729bd4bcbb24
2026-08-06-confrontacao-sa,1jfRMtMM5cLNEMax8eJpN1Uykxt0X1zkh,moved,_entrada,1T60HaWUUTXiRxgLA4VmKo-5EP7GrYtlb,fd1461aa4e7b9ba8509d67d4acf6e7bb
2026-08-06-confrontacao-sa,1agsxu9hKigQ09VVkXmwJrajsDnc7_hFZ,moved,_entrada,1T60HaWUUTXiRxgLA4VmKo-5EP7GrYtlb,c48119ff7ef652f68ee4d617ad4b3cd1
2026-08-06-confrontacao-sa,1XOM1Yq1O1HrxynbLMYNx89Dr3QPKS1LW,moved,_entrada,1T60HaWUUTXiRxgLA4VmKo-5EP7GrYtlb,733b52deda15afbe42c1b7efe263b2a5
2026-08-06-confrontacao-sa,1dLYHLjwnlmYDoeTaxZcPAN2Bkk59JtRY,moved,_entrada,1T60HaWUUTXiRxgLA4VmKo-5EP7GrYtlb,23f958c1eb5b91014e139bece05ce57c
2026-08-06-confrontacao-sa,19WZps5vOQVD7Boj1ZREHevCbDtN46Y0P,moved,_entrada,1T60HaWUUTXiRxgLA4VmKo-5EP7GrYtlb,1b6354f714fd0d7628a514a6523dc45f
2026-08-06-confrontacao-sa,1Lm-Be7GBKRSYBD0EQ9X7W7RJJq-CYPJn,moved,_entrada,1T60HaWUUTXiRxgLA4VmKo-5EP7GrYtlb,43deceaf5b3bc08c9c58aafe0fe1f7ae
2026-08-06-confrontacao-sa,1Y6gUIlu-igGfHg5SSF5godPWX3quiNHi,moved,_entrada,1tFv9_7nrLc7BYXiRqlzA_j_7ryrLcy1W,146760235e87d0d51f0f8487d1ba6e80
2026-08-06-confrontacao-sa,1jJ7ZNBO_lDqHOykV-CzrYIilVCUHLZ4d,moved,_entrada,1T60HaWUUTXiRxgLA4VmKo-5EP7GrYtlb,3582009aba70d77cfe0daa00d38bd8f1
2026-08-06-confrontacao-sa,1o3hXQaBC8hZ345tHR_f3cInCB-__J81g,moved,_entrada,1T60HaWUUTXiRxgLA4VmKo-5EP7GrYtlb,4f46bc1b7136157ffe90050a7ef05bf8
2026-08-06-confrontacao-sa,1qj-x3grT5O19SLvrQgCidkym2wM5onki,moved,_entrada,1dWCa-W_K_0_2idYzHkdPs1Jy6xmoSvUa,88a62b5323f053663565c52ac91e3525
2026-08-06-confrontacao-sa,1Wyh9ZL0BZDhPqT5-RL0IH9Ok0eMGjcSy,moved,_entrada,1dWCa-W_K_0_2idYzHkdPs1Jy6xmoSvUa,499aef2b5ac08cb8a3ba5a1ac92e27c0
2026-08-06-confrontacao-sa,18DmJzF6M0arVRZGHGLqYjlRil2POkSn1,moved,_entrada,1dWCa-W_K_0_2idYzHkdPs1Jy6xmoSvUa,43e5cb2fdec33641be04c6871c8c9332
2026-08-06-confrontacao-sa,1H0bFBm-FV7VyfELOQh6x5K9c2wFuS5bZ,moved,_entrada,17rT5LRvASh4Vs3w43g_DJC22DPObqUZL,859741e683d4f8f94110faf47c25b919
2026-08-06-confrontacao-sa,1lWxc0h3l1XZIB-PabPRtsrCd1EK_6bVU,moved,_entrada,1dWCa-W_K_0_2idYzHkdPs1Jy6xmoSvUa,29267bcb95b3d996d11f1e9c18572d54
2026-08-06-confrontacao-sa,1NQu0kG4h_ERIEyhIXJ9jpn1FGv6Tizcl,moved,_entrada,1dWCa-W_K_0_2idYzHkdPs1Jy6xmoSvUa,5eb0d1642ba9094e20e9aa7f0cafe037
2026-08-06-confrontacao-sa,19ZbY8tv-CkZ_h9r91UuTLsQ_5gI6rGCE,moved,_entrada,1dWCa-W_K_0_2idYzHkdPs1Jy6xmoSvUa,d2595bef8fb606acbc2ac128b8fc5a66
2026-08-06-confrontacao-sa,1FqcbmhH1qDV1BDqgpnTAmFx2i48FCS0c,moved,_entrada,1ugoTkeqN-FFN-bHA0VF7NPSAJqDXfO0z,8887c9d4507657d681c38d675a2e6cbb
2026-08-06-confrontacao-sa,1thIZNvUvcKJ6ru0tkX4y62Ia-CcFQeH7,moved,_entrada,1ugoTkeqN-FFN-bHA0VF7NPSAJqDXfO0z,ce107b4b15ed0da4d85bdbc1ccf594c6
2026-08-06-confrontacao-sa,1V-kE2mjo0lJsqJEiA2pjqXfGOimKSZZG,moved,_entrada,1ugoTkeqN-FFN-bHA0VF7NPSAJqDXfO0z,26651f825874738daa6756be112b6ccb
2026-08-06-confrontacao-sa,1a1g4lIu7L7etDZOVOKdW6Xau6A3JOGP_,moved,_entrada,1ugoTkeqN-FFN-bHA0VF7NPSAJqDXfO0z,22bc059c14a3a2c11e38f148753f3f91
2026-08-06-confrontacao-sa,1ETHmpdahgwNn9qIAAiXZL9NRGMegVYl4,moved,_entrada,1ugoTkeqN-FFN-bHA0VF7NPSAJqDXfO0z,7b614d6c3ddefa1de7ad176fde08ec59
2026-08-06-confrontacao-sa,10KxO2Ed8rv_zqUY-y-pN2LO1QUptwg5M,moved,_entrada,1ugoTkeqN-FFN-bHA0VF7NPSAJqDXfO0z,2a5fe62a5a4b52ffd84b1e61d383f8d5
2026-08-06-confrontacao-sa,1ecFHFCR5hgAJ9A4oH3qcy_hjP67F7Acc,moved,_entrada,1ugoTkeqN-FFN-bHA0VF7NPSAJqDXfO0z,d30133e83f1adcaaa30852e9aa60d3fd
2026-08-06-confrontacao-sa,1yFINMGdItkYpLH_GuaolvmYDODhWpjIu,moved,_entrada,1ugoTkeqN-FFN-bHA0VF7NPSAJqDXfO0z,ebfb2c0a77ca0928aef06e24840ceeab
2026-08-06-confrontacao-sa,1XTpOF--3AUoxiyY-87_VHs2kDGiM0ib0,moved,_entrada,1ugoTkeqN-FFN-bHA0VF7NPSAJqDXfO0z,1f4048dd48e27500cb732a057b6909f7
2026-08-06-confrontacao-sa,1tEP858hvJdReey1dhKcQVZ8a0yKOdjvP,moved,_entrada,1ugoTkeqN-FFN-bHA0VF7NPSAJqDXfO0z,f67230a0eb0bd4cadadb5e31b8d306e2
2026-08-06-confrontacao-sa,1muwGBNhaHZEEFrJn2ZS18t3gDqC4YIaw,moved,_entrada,1ugoTkeqN-FFN-bHA0VF7NPSAJqDXfO0z,8bc961a4cf7547dd91817baf0d61dd44
2026-08-06-confrontacao-sa,1hRLLr-LmiBRIWvsj6rKOxTEYSz-OUcxl,moved,_entrada,1ugoTkeqN-FFN-bHA0VF7NPSAJqDXfO0z,30a179157413140e760f92b9a5950882
2026-08-06-confrontacao-sa,1F__Xn0_m3May46FpP3e6YFNloTdqdfwh,moved,_entrada,1ugoTkeqN-FFN-bHA0VF7NPSAJqDXfO0z,d3a88243c7b79716592cd21eff889f0d
2026-08-06-confrontacao-sa,1a9Y5eAQUrWHzWQQY_rjEeYR5sa6LqHjL,moved,_entrada,1ugoTkeqN-FFN-bHA0VF7NPSAJqDXfO0z,fe110eb0311e7ff05b18042e22c21ea3
2026-08-06-confrontacao-sa,1BxfKWwlkv-A6oBT3D--_5ojz6Y-bFXC7,moved,_entrada,1ugoTkeqN-FFN-bHA0VF7NPSAJqDXfO0z,352f2641a43b54b393ae69086e90a73e
2026-08-06-confrontacao-sa,1VTkncZYamPFbAaiEqUqmVjxpktaPLt8G,moved,_entrada,1ugoTkeqN-FFN-bHA0VF7NPSAJqDXfO0z,584777ebc2ec35b42b2a444f506130b5
2026-08-06-confrontacao-sa,1l6BEAUryN8TIW3KSqpEIAUXjbvu2FA6I,moved,_entrada,1ugoTkeqN-FFN-bHA0VF7NPSAJqDXfO0z,41876b5c3e2e37ede5a6bb4f251dd172
2026-08-06-confrontacao-sa,1KUumsskF0RV-HKEqDXzaDUIPV7I8cQ7S,moved,_entrada,1ugoTkeqN-FFN-bHA0VF7NPSAJqDXfO0z,a33fb39398dc914e302e73fc6fb10dcf
2026-08-06-confrontacao-sa,13cu1rgCXTnPeBvd0uryDTABBFmFhctHy,moved,_entrada,1ugoTkeqN-FFN-bHA0VF7NPSAJqDXfO0z,03ded6ae29a251d14817649c4247fa60
2026-08-06-confrontacao-sa,1mOsQdr4gpT2h_1p-qgD1qKp4HBLnS24x,moved,_entrada,1ugoTkeqN-FFN-bHA0VF7NPSAJqDXfO0z,a537bae98c192cacd23a3a302d494820
2026-08-06-confrontacao-sa,1BzJm7JV5mrEZzmCmLSjTWoixYn7rmcz9,moved,_entrada,1ugoTkeqN-FFN-bHA0VF7NPSAJqDXfO0z,9f1594fa5e6f56e889ff12702de8f38d
2026-08-06-confrontacao-sa,1itZ0vaGsvHFK4BbozGVJKX9Py7IJJCBM,moved,_entrada,1ugoTkeqN-FFN-bHA0VF7NPSAJqDXfO0z,621300cda774f934315f042d8be781b4
2026-08-06-confrontacao-sa,1vn2hJEakthUiKiX3_LymPNA6vl2hmigg,moved,_entrada,1ugoTkeqN-FFN-bHA0VF7NPSAJqDXfO0z,df495cc821508fcee534a119af553d31
2026-08-06-confrontacao-sa,1k8ezfvkmMOiUsoL_pzA-vBIUhm44SvmC,moved,_entrada,1ugoTkeqN-FFN-bHA0VF7NPSAJqDXfO0z,41804bbb8563edadb285e52128dfe1df
2026-08-06-confrontacao-sa,1LaCDRmdJ41EWnQbrt3WzOMouDIceQs6Z,moved,_entrada,1ugoTkeqN-FFN-bHA0VF7NPSAJqDXfO0z,2e14d6c743d0c26a1f0a376c0f569d08
2026-08-06-confrontacao-sa,1cQjyd-nQx_fjNszOuRa6N5CBb9NraOiw,moved,_entrada,1ugoTkeqN-FFN-bHA0VF7NPSAJqDXfO0z,a206af297f9bd09bf4a971316a45065f
2026-08-06-confrontacao-sa,1LCqgXQmT8HIcVSaa0-WGezxDAPvF1bOh,moved,_entrada,1ugoTkeqN-FFN-bHA0VF7NPSAJqDXfO0z,4ea6d8f1c5a5b64964ce258305463efb
2026-08-06-confrontacao-sa,1pnKdd7n8cMPatJ1zKfd9J5ZpmMbBIsM5,moved,_entrada,1ugoTkeqN-FFN-bHA0VF7NPSAJqDXfO0z,56c29fa7e4a2dd47fb7613956e0b4896
2026-08-06-confrontacao-sa,1mcCEbTa7ujsYiG1-kT9IPFa3vfsH1HK4,moved,_entrada,1ugoTkeqN-FFN-bHA0VF7NPSAJqDXfO0z,bab8b742d9c9d5b6581a730790a3a342
2026-08-06-confrontacao-sa,1TVYkcjCIYOSYr_vNzMltuyxUjWkqVA1C,moved,_entrada,1ugoTkeqN-FFN-bHA0VF7NPSAJqDXfO0z,19390e8256321a559f707ab765e31f05
2026-08-06-confrontacao-sa,1uujcrDFVTvmeVcK40G-bVqEp3symy0_r,moved,_entrada,1ugoTkeqN-FFN-bHA0VF7NPSAJqDXfO0z,175a479ba89130bd4cd0855ad3a56c4f
2026-08-06-confrontacao-sa,1jZUhmx71_NNTuKz77VQPcDXO3p_Ahb7Z,moved,_entrada,1ugoTkeqN-FFN-bHA0VF7NPSAJqDXfO0z,8ea753a250a5a6e8bb0fb8e9a22380c8
2026-08-06-confrontacao-sa,1c2LQ22vpNM2-suKYJNTJ-PgUKGLF50j6,moved,_entrada,1ugoTkeqN-FFN-bHA0VF7NPSAJqDXfO0z,896c6424d2cd50a3461f57c1728ba7e3
2026-08-06-confrontacao-sa,1xoEiPW-wqmsPFpLqM_Ybp-Q7A1WH2UU3,moved,_entrada,1ugoTkeqN-FFN-bHA0VF7NPSAJqDXfO0z,fa374f51f3f91ef8eef36dfaf4e109a9
2026-08-06-confrontacao-sa,1Hu1z-YXe7QxEYY5ZyTCeiBJ20xypsz7J,moved,_entrada,1vOw1BFccKvq89egFOs-k9Y3YN6AVMxw8,b074cfddaa8d2b659302c560f82832b6
2026-08-06-confrontacao-sa,1B-29u5vWlTrjzYuA4ugMLp56i1sxRRG1,moved,_entrada,1vOw1BFccKvq89egFOs-k9Y3YN6AVMxw8,76a13ee05991098112c24de25de221d1
2026-08-06-confrontacao-sa,1Yb3seugmh3OYutHBJ53LMKkCEEqWmbX4,moved,_entrada,1vOw1BFccKvq89egFOs-k9Y3YN6AVMxw8,604494ce2adede4edb8c245811fd64a6
2026-08-06-confrontacao-sa,1EGQFd7sQe8s_QX1Bxa2E7MXUvY5UE3F4,moved,_entrada,1vOw1BFccKvq89egFOs-k9Y3YN6AVMxw8,2f1df254b9712b8880ee5665218befc5
2026-08-06-confrontacao-sa,1Q_UIMVOV_LpdsfOSiwh1B6mZxMhNBG3Z,moved,_entrada,1vOw1BFccKvq89egFOs-k9Y3YN6AVMxw8,02e0802b8df9f352ccaceddb645ff6e9
2026-08-06-confrontacao-sa,1JAUEHk3pko9yeaUWJE88OdP-4lhdFJ6n,moved,_entrada,1vOw1BFccKvq89egFOs-k9Y3YN6AVMxw8,627d86099c79fed54e52164337912442
2026-08-06-confrontacao-sa,1-e-gjoMNF1TLBKEwVMqJM9UmkSMgnFum,moved,_entrada,1vOw1BFccKvq89egFOs-k9Y3YN6AVMxw8,2f1027a6c93586b993df9889c3ef8844
2026-08-06-confrontacao-sa,19bSySq_pzYuHrOyGTG7hsr49klQIuJL6,moved,_entrada,1vOw1BFccKvq89egFOs-k9Y3YN6AVMxw8,23ed68c8ab4d1d150a062b1fc130a63b
2026-08-06-confrontacao-sa,1Nd65GkWXGs0jZk6fGLwYq7pf1drfLNKv,moved,_entrada,1vOw1BFccKvq89egFOs-k9Y3YN6AVMxw8,426e17b8a95d7c2edabdd5a9fe2351ca
2026-08-06-confrontacao-sa,1tvefC5VKryIGFCYxm8fC642nqKtOeKMU,moved,_entrada,1vOw1BFccKvq89egFOs-k9Y3YN6AVMxw8,e421bac6094fdd4e61a7112dcc3323e8
2026-08-06-confrontacao-sa,1gYvYSuvLnsNSv2XvLpxDebuqTxVS9ynD,moved,_entrada,1vOw1BFccKvq89egFOs-k9Y3YN6AVMxw8,313f404e1d1edb3377b9c7257891540c
2026-08-06-confrontacao-sa,1pYIWFnIHIoDwV50tD6AJH06txHiSE6HZ,moved,_entrada,1vOw1BFccKvq89egFOs-k9Y3YN6AVMxw8,b9aaa09d63ebca303c46836eaf05d905
2026-08-06-confrontacao-sa,1K5mLZoGE5ICxkjjkBXnRGHixaga3J7ZX,moved,_entrada,1vOw1BFccKvq89egFOs-k9Y3YN6AVMxw8,eb9d4a58480419e41554aedff97e798b
2026-08-06-confrontacao-sa,1zGMGKMe2d-qTBK2Qfj2znS3eRy0RMWvY,moved,_entrada,1vOw1BFccKvq89egFOs-k9Y3YN6AVMxw8,cc99eb8e6adee4564bff76824e742dd8
2026-08-06-confrontacao-sa,1j5RrD-324T5alXV_dDRISA4rEkeQe-_o,moved,_entrada,1vOw1BFccKvq89egFOs-k9Y3YN6AVMxw8,c018a47e134361da022740d47ac81206
2026-08-06-confrontacao-sa,1jCeAaRZjLtUub3gAoycOOb8Keii-Ymia,moved,_entrada,1vOw1BFccKvq89egFOs-k9Y3YN6AVMxw8,130da22230998e71d72959932ad58278
2026-08-06-confrontacao-sa,1eIc406loOGeRdvnCxGXYSe6bnr0wFMk4,moved,_entrada,1vOw1BFccKvq89egFOs-k9Y3YN6AVMxw8,6ac1e990d02b2006bdb7e47dad79ba66
2026-08-06-confrontacao-sa,1XiAq9CmY7dQZLPTSa2wY1i1jkraCNV2O,moved,_entrada,1vOw1BFccKvq89egFOs-k9Y3YN6AVMxw8,f9909ab84b5d0e2d7bbd122011406837
2026-08-06-confrontacao-sa,1TNDxjtBm4ruAdBrYmroQwlsoNoVB11Vm,moved,_entrada,1nb5IfAduzafEznk-qvefXm_zyIcR_ewI,17ba6829442e3ba741d937210b417182
2026-08-06-confrontacao-sa,1qDGqUnJ4wQYmEMrpWLqPzY0so8qiilB4,moved,_entrada,1nb5IfAduzafEznk-qvefXm_zyIcR_ewI,7497c53507559cf3492da0c282e1bc83
2026-08-06-confrontacao-sa,1rt_LEy7INQmohKFvcTpfmqZPE9bfbHnz,moved,_entrada,1nb5IfAduzafEznk-qvefXm_zyIcR_ewI,7497c53507559cf3492da0c282e1bc83
2026-08-06-confrontacao-sa,1upT7KQ2GMacQc-0uFS-rxM-ec_O48A1i,moved,_entrada,1nb5IfAduzafEznk-qvefXm_zyIcR_ewI,e8d404c58ef85a64f97585e73caa62b0
2026-08-06-confrontacao-sa,1O9xarXPHT1EbPJUxMyOpkYf4DjKSSJpo,moved,_entrada,1nb5IfAduzafEznk-qvefXm_zyIcR_ewI,3e51c6d0766ee0f985546ee82c5876db
2026-08-06-confrontacao-sa,13ejOZxiVBL5CsLbJ8AagcEP0zeCubesl,moved,_entrada,1nb5IfAduzafEznk-qvefXm_zyIcR_ewI,58b38e59a982c9b52f545edd919f205d
2026-08-06-confrontacao-sa,1t3mMUiNvGmgJMaKOrSvO_ciSQQiZw3K6,moved,_entrada,1nb5IfAduzafEznk-qvefXm_zyIcR_ewI,0f286faa070658a930cffc15f5406120
2026-08-06-confrontacao-sa,1M1_6mMjV7IsYWXSt-4xSf7Pn0tNrl8Mh,moved,_entrada,1nb5IfAduzafEznk-qvefXm_zyIcR_ewI,9bbe6495ebeb281e2d3c5fcb5b48863e
2026-08-06-confrontacao-sa,1kEyFmkI_08vuDnIpmM9UjaQYa5rB0E2V,moved,_entrada,1nb5IfAduzafEznk-qvefXm_zyIcR_ewI,3027b6a0b9d66f7a5a63c1f74d859273
2026-08-06-confrontacao-sa,1sP4PPjXg2P0SISeAilJtbCpkVXLR7Zk8,moved,_entrada,1nb5IfAduzafEznk-qvefXm_zyIcR_ewI,34e4bc5d0d06659f6a0685c64439cf68
2026-08-06-confrontacao-sa,14BGpfJXZ1Mmh86b2jIAcVUeEPg7MVFZf,moved,_entrada,1nb5IfAduzafEznk-qvefXm_zyIcR_ewI,a49b37a496959db5d72919f2423801a4
2026-08-06-confrontacao-sa,19HZwxFWXs12CImZxpWHw-PQmKnt_6ctB,moved,_entrada,1nb5IfAduzafEznk-qvefXm_zyIcR_ewI,930620609a83418eaf30c499375c7fb3
2026-08-06-confrontacao-sa,15tPipqJEgwWcI4hnHkUsV4kR4XAjVHlD,moved,_entrada,1nb5IfAduzafEznk-qvefXm_zyIcR_ewI,885bba8c1036c56ef1f014376709f758
2026-08-06-confrontacao-sa,1XwbeX64SbWTeAIdRotqmFydZAa6FcPPs,moved,_entrada,1nb5IfAduzafEznk-qvefXm_zyIcR_ewI,71369013ceeee998838b31ec97fce10f
2026-08-06-confrontacao-sa,1vJxueY0EQljJXYbFmYEVUwfIfJUvjSgc,moved,_entrada,1nb5IfAduzafEznk-qvefXm_zyIcR_ewI,38d58360d61ecd91cddee4c698897b1b
2026-08-06-confrontacao-sa,1lixqSHNwb-fKnHWkst1upJfr2KbeqpIx,moved,_entrada,1nb5IfAduzafEznk-qvefXm_zyIcR_ewI,a5b90b7f18a78cddd856b0b1196235ca
2026-08-06-confrontacao-sa,1HXYX0i3UXRFVYK1AuBNAaWO-bUPW9zs0,moved,_entrada,1nb5IfAduzafEznk-qvefXm_zyIcR_ewI,697b6609ebc4c6cb651d0b660ab28b3b
2026-08-06-confrontacao-sa,1NuYXYCCZQP57ZQelQKRRiKZE7Ia5zIdU,moved,_entrada,1nb5IfAduzafEznk-qvefXm_zyIcR_ewI,d7ef7c1f416b91f7429847aa19bb847f
2026-08-06-confrontacao-sa,1FWmrt0H7HOZPrrYZ3fPCZ7Pft8Cdekjb,moved,_entrada,1nb5IfAduzafEznk-qvefXm_zyIcR_ewI,76b31446cc4a406a830a760447ed3989
2026-08-06-confrontacao-sa,1yjYHBnrliWwbbQ8NTMIQe4p2JkO6TuKJ,moved,_entrada,1nb5IfAduzafEznk-qvefXm_zyIcR_ewI,57b4a1b83e3c163c3ac74f76919028d2
2026-08-06-confrontacao-sa,1SIdZHRjL0SKcGW139JTyJOCqfFePP20E,moved,_entrada,1nb5IfAduzafEznk-qvefXm_zyIcR_ewI,a064a79f7cec27255abbd51460bff843
2026-08-06-confrontacao-sa,1ADStSbYhp9byERMW2vvEBuLuuAvxG1Mb,moved,_entrada,1nb5IfAduzafEznk-qvefXm_zyIcR_ewI,813fcdec8f9ea51e2fb4dfab0fb3be97
2026-08-06-confrontacao-sa,1jeKokg0iyJMq1vCWNvboNRS099FjpwnY,moved,_entrada,1nb5IfAduzafEznk-qvefXm_zyIcR_ewI,c490701f311eeb6632b222aea1ff1c7f
2026-08-06-confrontacao-sa,1JzTQwiQNPdHClXsJ2hejub2Yd2ihJAwN,moved,_entrada,1nb5IfAduzafEznk-qvefXm_zyIcR_ewI,e4b5e7f25d875f8fe39618a75b62e7f4
2026-08-06-confrontacao-sa,16MqsmItsvYOKy5mAUE_zmtl8G2-NLaY2,moved,_entrada,1nb5IfAduzafEznk-qvefXm_zyIcR_ewI,87155dc765c6de245f94a42380fba463
2026-08-06-confrontacao-sa,1ANmGCiBvvK40j5Y8wBV6iWq05sYjzfNU,moved,_entrada,1nb5IfAduzafEznk-qvefXm_zyIcR_ewI,0111ae86230df8d4220737d5a4b27f3e
2026-08-06-confrontacao-sa,1jgXGfKPQ4vMsKL4G9Kl6brjBhalojYeE,moved,_entrada,1nb5IfAduzafEznk-qvefXm_zyIcR_ewI,02c39687ef20de902ad94a2d06df8e82
2026-08-06-confrontacao-sa,1mdRC13p9TYhV3sVazkCS6hvEWd41ld61,moved,_entrada,1nb5IfAduzafEznk-qvefXm_zyIcR_ewI,aeee32ebecc8f87d152f3a18c34791cd
2026-08-06-confrontacao-sa,1wtiIZEefkc9INY4xYx287Fe6yvqjCiyD,moved,_entrada,1nb5IfAduzafEznk-qvefXm_zyIcR_ewI,3ff48eade4033054f63f37dbbb30712d
2026-08-06-confrontacao-sa,1TbKRJBdxv2HvzdcsMmOfOOzCNWlRtpkE,moved,_entrada,1nb5IfAduzafEznk-qvefXm_zyIcR_ewI,dd5eb26a3ef538afed8bb63956c6ceae
2026-08-06-confrontacao-sa,1-bQT2Ko7aC7PscGKJwMxN4yQgh9RJqCG,moved,_entrada,1nb5IfAduzafEznk-qvefXm_zyIcR_ewI,9248bffc2e975e74cc2231db12b1aa9b
2026-08-06-confrontacao-sa,1wgmDArNgFALh0RypRZnT45pk6XcSKRVd,moved,_entrada,1nb5IfAduzafEznk-qvefXm_zyIcR_ewI,7731a57b73118d07096c7b0a089c803a
2026-08-06-confrontacao-sa,1CYAD8JIelwJRRMhJ33CYMb_Ra5lA_-NA,moved,_entrada,1nb5IfAduzafEznk-qvefXm_zyIcR_ewI,69f9604248aa973baa2e49d2083e0166
2026-08-06-confrontacao-sa,1uPBliLcqm0tLc4rSVt_WQBKtAdxNJ-BK,moved,_entrada,1nb5IfAduzafEznk-qvefXm_zyIcR_ewI,db37be4329cab9b3ab4acef0eb7de45b
2026-08-06-confrontacao-sa,1cbyfF-eRsgMZdzfPruMXkBKoe_-fDTcQ,moved,_entrada,1nb5IfAduzafEznk-qvefXm_zyIcR_ewI,ae90960dba52a02d0e18faa9fb3292af
2026-08-06-confrontacao-sa,1lfqvnfC8mG_fFJhdk0u_FMNwqCjFLT1b,moved,_entrada,1nb5IfAduzafEznk-qvefXm_zyIcR_ewI,825a686dffe3699c666b458807c76004
2026-08-06-confrontacao-sa,1p-3BdWwkmA0V2kTmR-R98f2zq1KCqaNQ,moved,_entrada,1nb5IfAduzafEznk-qvefXm_zyIcR_ewI,8489b43a572ff6e73195c2542507bbb1
2026-08-06-confrontacao-sa,1kJOU1pq-OEzwdj0p5FUUC-llE_0MltkT,moved,_entrada,1nb5IfAduzafEznk-qvefXm_zyIcR_ewI,0b0060936e04aecfa06dcf7b11f5f637
2026-08-06-confrontacao-sa,1LZWeHQeNOVnv2SonFbA931_98pJMl2pQ,moved,_entrada,1nb5IfAduzafEznk-qvefXm_zyIcR_ewI,77cd6e569c5255957158eaeb44a7eb01
2026-08-06-confrontacao-sa,1Eg2RUyTRfEgRT7gj25Dn3h8yaJgiDkw7,moved,_entrada,1nb5IfAduzafEznk-qvefXm_zyIcR_ewI,31e4ef93db5dbee115be8f7fb44dc91c
2026-08-06-confrontacao-sa,19LgdlZN-IXDnfjqV8yIwIGWgHb3T16Ch,moved,_entrada,1nb5IfAduzafEznk-qvefXm_zyIcR_ewI,57e8d6ab7821a25a6a98e529955d7b31
2026-08-06-confrontacao-sa,1USVfYQgBZ3q3nmXdDyZmcYck1RQ9wDRj,moved,_entrada,1nb5IfAduzafEznk-qvefXm_zyIcR_ewI,5eedbf0a807e24aeea75438e8ca65013
2026-08-06-confrontacao-sa,1izK9BSgEyfrqwk6lWBlAPhwRYanyuX3_,moved,_entrada,1nb5IfAduzafEznk-qvefXm_zyIcR_ewI,89949c0abe1d0cff2b0ab199e32fa8d3
2026-08-06-confrontacao-sa,1voo0ZYEdgNLR55vBaQa5IVWyfX6XYWcY,moved,_entrada,1nb5IfAduzafEznk-qvefXm_zyIcR_ewI,ef008072287089b99344c725984a9142
2026-08-06-confrontacao-sa,15gsiCqILtwH8-nG3IuA-eqXpg2vXJn8W,moved,_entrada,1nb5IfAduzafEznk-qvefXm_zyIcR_ewI,dc278c53cbc999f9bad01ef1c7557a0c
2026-08-06-confrontacao-sa,1fD7wIU7bRBXDhoCUw4hhU-pPCq47HIEx,moved,_entrada,1nb5IfAduzafEznk-qvefXm_zyIcR_ewI,753e75f75688a0a4cf4dd657093e8f9b
2026-08-06-confrontacao-sa,1NaejVn7PWGPYRaMyx43tjn51GpNV9lLL,moved,_entrada,1nb5IfAduzafEznk-qvefXm_zyIcR_ewI,86ed86be11f4edf80a31af27b8d8dd5b
2026-08-06-confrontacao-sa,1JTAOjP6OrBhZjFuXh9jgWzmONzY8j0KC,moved,_entrada,1nb5IfAduzafEznk-qvefXm_zyIcR_ewI,3561d969098edbe22db118f41ef8b59b
2026-08-06-confrontacao-sa,1PUq3IVyY9vDBvJk2LPVWQELIGUXcBSPW,moved,_entrada,1nb5IfAduzafEznk-qvefXm_zyIcR_ewI,2b017b1c9139ef7f874d2b9fec641bab
2026-08-06-confrontacao-sa,1grkJi7cprZ6hO7wuaajxuczgNksGsogN,moved,_entrada,1nb5IfAduzafEznk-qvefXm_zyIcR_ewI,825a72c57f64527dcad3d4f6ba051e71
2026-08-06-confrontacao-sa,1UyAIgcDL-mCoptCc7lfkGqdsZaV1Knzg,moved,_entrada,1nb5IfAduzafEznk-qvefXm_zyIcR_ewI,ae23b37baacef230f7cf6ce5287b3919
2026-08-06-confrontacao-sa,1QpzghHXhuXTcDY_FhzasyGLuhQvbPaVa,moved,_entrada,1nb5IfAduzafEznk-qvefXm_zyIcR_ewI,543f4cda95c391a123efe65757e79310
2026-08-06-confrontacao-sa,1zCjN_PtAyiVG6w3rFGar_XoH1jCytJqT,moved,_entrada,1nb5IfAduzafEznk-qvefXm_zyIcR_ewI,5aa4a3ba4aa217868b513016c610a7af
2026-08-06-confrontacao-sa,1nRlg9QQOIhDf5JFR33Qwo4bJR2U55qzL,moved,_entrada,1nb5IfAduzafEznk-qvefXm_zyIcR_ewI,c18be131a8f259d6bf608ab07f7d20a8
2026-08-06-confrontacao-sa,1sxEJFp35kRHUtRNQAKDgbmncywSPsnsC,moved,_entrada,1nb5IfAduzafEznk-qvefXm_zyIcR_ewI,f5ddd6bf10c1796245576c49b2c20c8f
2026-08-06-confrontacao-sa,1gc737AIUz31BK5xu_FOtI0WPxiLGhR1c,moved,_entrada,1nb5IfAduzafEznk-qvefXm_zyIcR_ewI,284d939a0ebf6c0ce1eef7d5b3b722e8
2026-08-06-confrontacao-sa,1UOJLuP_iP2TsDQirL8pikJozHKbkl5rC,moved,_entrada,1nb5IfAduzafEznk-qvefXm_zyIcR_ewI,3466a460f3636becbbc303070a6b7ce7
2026-08-06-confrontacao-sa,1PieuCjPGrWio22UwcYEmGR33JM58OHEx,moved,_entrada,1nb5IfAduzafEznk-qvefXm_zyIcR_ewI,61f841796bddce19af3f13d298889ec6
2026-08-06-confrontacao-sa,1qONx6VZ5LZ13DxLEUqIp_K0RtDNz4iKz,moved,_entrada,1nb5IfAduzafEznk-qvefXm_zyIcR_ewI,30db2553b95c5728a969c36e39f55db7
2026-08-06-confrontacao-sa,1R0cxJDEUYQI3OoIxv9wYEexcGYNOb7Qy,moved,_entrada,1nb5IfAduzafEznk-qvefXm_zyIcR_ewI,e68f35f18bf886420fc1548b5ed14bc8
2026-08-06-confrontacao-sa,1hLFR5EZWVUOi4rS9gMvkynudDLjUekFk,moved,_entrada,1nb5IfAduzafEznk-qvefXm_zyIcR_ewI,17e59ca14a36c207e2956fd72334d617
2026-08-06-confrontacao-sa,1O6swdMMqOCE86d3EllLWcGLws0JMZU6a,moved,_entrada,1nb5IfAduzafEznk-qvefXm_zyIcR_ewI,f2be421b916bfe64853de3c83e4477bb
2026-08-06-confrontacao-sa,1Z0-VXpyI2N75p5AX5M29x00d29QhJgYj,moved,_entrada,1Aw4KZCV5rXjI_bGr7raOlnUqBNQkO1q4,963a7001317d5996f37ce775c20037a5
2026-08-06-confrontacao-sa,1ILg9qx3rhXYihnmmnbXAPaNz41SePXm2,moved,_entrada,1Aw4KZCV5rXjI_bGr7raOlnUqBNQkO1q4,217236bf28c519347bc9a543934d1037
2026-08-06-confrontacao-sa,1hsghLM4xRzDsK6TwQSAUQBGuB_bReY4J,moved,_entrada,1Aw4KZCV5rXjI_bGr7raOlnUqBNQkO1q4,92cce5c59ba4cf78eea1e58fb5470a6a
2026-08-06-confrontacao-sa,1iBpmCnBJOYp_y0JxmpyYAdOzMttnX5XB,moved,_entrada,1Aw4KZCV5rXjI_bGr7raOlnUqBNQkO1q4,588d491a44e4807bf471ba6b9244b205
2026-08-06-confrontacao-sa,1H78eGfdDxqZWnaovVOT5Ti-iOF1ZOm6R,moved,_entrada,1Aw4KZCV5rXjI_bGr7raOlnUqBNQkO1q4,25c0f1a063e35db6c669c82820e0cf87
2026-08-06-confrontacao-sa,1f_MhNua3iayhYldeKkupn7jMm-lQNv6I,moved,_entrada,1Aw4KZCV5rXjI_bGr7raOlnUqBNQkO1q4,e97e5a88fa3c2a44db254d0f7ced476f
2026-08-06-confrontacao-sa,1pvR82OftqEem5UUR7tzjhR_uIDXX55g1,moved,_entrada,1Aw4KZCV5rXjI_bGr7raOlnUqBNQkO1q4,5c9677e82289ca9355d352cab3ac8b0c
2026-08-06-confrontacao-sa,1NTrU8aaRPqCmj66rRVb3ose6IhZCEVII,moved,_entrada,1Aw4KZCV5rXjI_bGr7raOlnUqBNQkO1q4,fa56ddfaba3930916d92c4c61d9bf2f6
2026-08-06-confrontacao-sa,1DgHWFolqVY7PW_f5l8nH_fwwea__c4H8,moved,_entrada,1Aw4KZCV5rXjI_bGr7raOlnUqBNQkO1q4,4311f1196be0d4f4f08eae068953b6b1
2026-08-06-confrontacao-sa,19rf0bvgRUPA-12F5qGKLxLNhdK0KKSH6,moved,_entrada,1Aw4KZCV5rXjI_bGr7raOlnUqBNQkO1q4,b565d9203592618ca132a84fcd0ba0a6
2026-08-06-confrontacao-sa,15oPSue6cBDY1J0aafZ3E4eSmtp6i-uQK,moved,_entrada,1Aw4KZCV5rXjI_bGr7raOlnUqBNQkO1q4,14f4aa46e83da5136d5a47810e2a44bc
2026-08-06-confrontacao-sa,1qhx8x8hFHsjsSVFrEtAL2IrMAcHHVYZ8,moved,_entrada,1Aw4KZCV5rXjI_bGr7raOlnUqBNQkO1q4,51c65b35a12a37287a485e3bea39c488
2026-08-06-confrontacao-sa,1bX1m_2jP0-fupWCwZUd8SCa8jYIIaSp0,moved,_entrada,1Aw4KZCV5rXjI_bGr7raOlnUqBNQkO1q4,545bb23475d67f038cf4dd2973582bfe
2026-08-06-confrontacao-sa,1yNTpkrckg7JjwwhSku5R-syW0bUKlCOH,moved,_entrada,1Aw4KZCV5rXjI_bGr7raOlnUqBNQkO1q4,5c678a8801337969a5557f1f464f492a
2026-08-06-confrontacao-sa,1bnw3318xqRO870YRmk_y9ZLTC0alyojz,moved,_entrada,1Aw4KZCV5rXjI_bGr7raOlnUqBNQkO1q4,5c678a8801337969a5557f1f464f492a
2026-08-06-confrontacao-sa,1cOFKubKC3PEePzO-tAbrHB-6ccjVA8yZ,moved,_entrada,1Aw4KZCV5rXjI_bGr7raOlnUqBNQkO1q4,27d445e5416e6ad0aa33dff661f911e4
2026-08-06-confrontacao-sa,13y1InqQDm4sabuFFdm-X2WYKyXmM5ekE,moved,_entrada,1Aw4KZCV5rXjI_bGr7raOlnUqBNQkO1q4,5c678a8801337969a5557f1f464f492a
2026-08-06-confrontacao-sa,1sxwpkwv9Zyjm8mVKzdTwzEoF3eBdgZgB,moved,_entrada,1Aw4KZCV5rXjI_bGr7raOlnUqBNQkO1q4,f42a3814661757c7bf67fc2c1669f737
2026-08-06-confrontacao-sa,1CabM7_WkIMQpAOQY8vp9cctE5KCRTyOC,moved,_entrada,1Aw4KZCV5rXjI_bGr7raOlnUqBNQkO1q4,476bed0bd80d718497b9adcfb41d4f84
2026-08-06-confrontacao-sa,185aNsrl-imv65InLqilRtVSKjm3MCJkQ,moved,_entrada,1Aw4KZCV5rXjI_bGr7raOlnUqBNQkO1q4,476bed0bd80d718497b9adcfb41d4f84
2026-08-06-confrontacao-sa,1I8hJa-p6LejAxMdzcS3zwuekaX5g1VLW,moved,_entrada,1Aw4KZCV5rXjI_bGr7raOlnUqBNQkO1q4,f42a3814661757c7bf67fc2c1669f737
2026-08-06-confrontacao-sa,12yID6_KDzJ4N83B0pCXjOWC8KSHy7T0F,moved,_entrada,1Aw4KZCV5rXjI_bGr7raOlnUqBNQkO1q4,476bed0bd80d718497b9adcfb41d4f84
2026-08-06-confrontacao-sa,1kR1qbgvn8xi5gDSXcy69FTdSvNIaBUSp,moved,_entrada,1Aw4KZCV5rXjI_bGr7raOlnUqBNQkO1q4,926384e44f11f2486d4220c21edc6efa
2026-08-06-confrontacao-sa,1K53ehPuflJIUqPrGLRq9vdFyKk_YGJeP,moved,_entrada,1Aw4KZCV5rXjI_bGr7raOlnUqBNQkO1q4,f42a3814661757c7bf67fc2c1669f737
2026-08-06-confrontacao-sa,1594U0HVb7XEmvA4TIO9-qShC6kqlxayS,moved,_entrada,1Aw4KZCV5rXjI_bGr7raOlnUqBNQkO1q4,926384e44f11f2486d4220c21edc6efa
2026-08-06-confrontacao-sa,1XNoWqGwVQywCT73FxPBAjZNLX8TgL2o9,moved,_entrada,1Aw4KZCV5rXjI_bGr7raOlnUqBNQkO1q4,926384e44f11f2486d4220c21edc6efa
2026-08-06-confrontacao-sa,1PbLdXi4Yg1jZIHJ0R_rtK99IxoyotI0k,moved,_entrada,1Aw4KZCV5rXjI_bGr7raOlnUqBNQkO1q4,8205ea71d98c9c9f1f864bef7be3bec3
2026-08-06-confrontacao-sa,11IbxLz-nUiol2qhZbXPbF4C-_Dwvl4Y4,moved,_entrada,1Aw4KZCV5rXjI_bGr7raOlnUqBNQkO1q4,8205ea71d98c9c9f1f864bef7be3bec3
2026-08-06-confrontacao-sa,1DyRduyd8wLTGtrVdJRH_B3hW5RVxGPuv,moved,_entrada,1Aw4KZCV5rXjI_bGr7raOlnUqBNQkO1q4,78df4ae5d5a1f7f0a48ad4fe069ca761
2026-08-06-confrontacao-sa,1lJcApFuMJM1m8Dxhe9qc4lVdo25qcVVi,moved,_entrada,1Aw4KZCV5rXjI_bGr7raOlnUqBNQkO1q4,8205ea71d98c9c9f1f864bef7be3bec3
2026-08-06-confrontacao-sa,1UUH5feKumfLjaRHNVXuuJ5iWSu98omRH,moved,_entrada,1Aw4KZCV5rXjI_bGr7raOlnUqBNQkO1q4,cb690712344f619c0aeb60e9656e5411
2026-08-06-confrontacao-sa,11ZDVwqRPxVk6yPLFCM0GYib1ubLW2587,moved,_entrada,1Aw4KZCV5rXjI_bGr7raOlnUqBNQkO1q4,78df4ae5d5a1f7f0a48ad4fe069ca761
2026-08-06-confrontacao-sa,1vfi39m0QNpBV7NxboRGChtHhAUM-ymVI,moved,_entrada,1Aw4KZCV5rXjI_bGr7raOlnUqBNQkO1q4,78df4ae5d5a1f7f0a48ad4fe069ca761
2026-08-06-confrontacao-sa,18DHBwgqGrAaxsj9l09x5nuqFl6gvpZwH,moved,_entrada,1Aw4KZCV5rXjI_bGr7raOlnUqBNQkO1q4,d5eab70a574289768c1744a0f192105b
2026-08-06-confrontacao-sa,1zJXKwtR3mTjuzR06CW78FYO9kod4i4lt,moved,_entrada,1Aw4KZCV5rXjI_bGr7raOlnUqBNQkO1q4,d5eab70a574289768c1744a0f192105b
2026-08-06-confrontacao-sa,1I6msIG4xWfhKgJFSG2VMp5kU2p1Ms770,moved,_entrada,1Aw4KZCV5rXjI_bGr7raOlnUqBNQkO1q4,ead30fc519e36706d7f8246f1f3d6209
2026-08-06-confrontacao-sa,1bEBJrLDRgnNcR-lGkBq23n1eF1-XNBLM,moved,_entrada,1Aw4KZCV5rXjI_bGr7raOlnUqBNQkO1q4,d5eab70a574289768c1744a0f192105b
2026-08-06-confrontacao-sa,14Nq6I2YlHrQbUtmTTG2QHDKp7gdeBtvN,moved,_entrada,1Aw4KZCV5rXjI_bGr7raOlnUqBNQkO1q4,ead30fc519e36706d7f8246f1f3d6209
2026-08-06-confrontacao-sa,1y-DTBpeX6qHq4cfLbS822pRhLNYWQUMz,moved,_entrada,1Aw4KZCV5rXjI_bGr7raOlnUqBNQkO1q4,ead30fc519e36706d7f8246f1f3d6209
2026-08-06-confrontacao-sa,1jojd4A3qvF0qSnw1KBZ318mt8csLjNc6,moved,_entrada,1Aw4KZCV5rXjI_bGr7raOlnUqBNQkO1q4,b388dc078e5cebe8878baceebffc4603
2026-08-06-confrontacao-sa,1GD9PH2cL9wIm1bMUgjlymQCpHYUdBkS3,moved,_entrada,1Aw4KZCV5rXjI_bGr7raOlnUqBNQkO1q4,cb690712344f619c0aeb60e9656e5411
2026-08-06-confrontacao-sa,13pyQ0xKDyphWlSJCBBhktxAlCGssjdIb,moved,_entrada,1Aw4KZCV5rXjI_bGr7raOlnUqBNQkO1q4,cb690712344f619c0aeb60e9656e5411
2026-08-06-confrontacao-sa,1D28Od_TpjJa31RJb9kyHYlPb2ULyytXC,moved,_entrada,1Aw4KZCV5rXjI_bGr7raOlnUqBNQkO1q4,b388dc078e5cebe8878baceebffc4603
2026-08-06-confrontacao-sa,1L16ZacFYfv4_ABclZe64zOj761m_PK9d,moved,_entrada,1Aw4KZCV5rXjI_bGr7raOlnUqBNQkO1q4,cfc2e7cce93454cf3dbacb91e459e732
2026-08-06-confrontacao-sa,1kTZFvh7M57bN8aCavgEYTKPJQy0xOwqa,moved,_entrada,1Aw4KZCV5rXjI_bGr7raOlnUqBNQkO1q4,b388dc078e5cebe8878baceebffc4603
2026-08-06-confrontacao-sa,1B4qqNtC1R6hUjgj1Ilc-Xhbp_FM145Lz,moved,_entrada,1Aw4KZCV5rXjI_bGr7raOlnUqBNQkO1q4,cfc2e7cce93454cf3dbacb91e459e732
2026-08-06-confrontacao-sa,1c9sDXAUsHHWjd-Z01vVmmKyHDl5zxqqf,moved,_entrada,1Aw4KZCV5rXjI_bGr7raOlnUqBNQkO1q4,cfc2e7cce93454cf3dbacb91e459e732
2026-08-06-confrontacao-sa,1LqHz7kHG-SyqEh4R795mQoQXBUL1FDoH,moved,_entrada,1Aw4KZCV5rXjI_bGr7raOlnUqBNQkO1q4,cfc2e7cce93454cf3dbacb91e459e732
2026-08-06-confrontacao-sa,1jWoePqwVaOvpPsHb5PdFDgQ3SNr-4209,moved,_entrada,1Aw4KZCV5rXjI_bGr7raOlnUqBNQkO1q4,cfc2e7cce93454cf3dbacb91e459e732
2026-08-06-confrontacao-sa,1FMH9asZA-sGC2Wkr0aORvGRhvAXRJ_0C,moved,_entrada,1Aw4KZCV5rXjI_bGr7raOlnUqBNQkO1q4,cfc2e7cce93454cf3dbacb91e459e732
2026-08-06-confrontacao-sa,1hqUzM2g711wKWJifI-B83S8tJFc_8UG-,moved,_entrada,1Aw4KZCV5rXjI_bGr7raOlnUqBNQkO1q4,5580aa69874ae399c3365a844b59f706
2026-08-06-confrontacao-sa,13X9l_5SmJSBqAmkOvlEZVDElYV2pbwnQ,moved,_entrada,1Aw4KZCV5rXjI_bGr7raOlnUqBNQkO1q4,7a04249068ccdd5585d0ef7256b56cab
2026-08-06-confrontacao-sa,1ED-kDue-Cc3fECCZAPWakoFqqWacC-mn,moved,_entrada,1Aw4KZCV5rXjI_bGr7raOlnUqBNQkO1q4,5cc3d75c6aa0588c8ca4782b5dcd7e6c
2026-08-06-confrontacao-sa,1xie8VKkSo_oP5sZ1MMYjG7q2wn2pl-0d,moved,_entrada,1Aw4KZCV5rXjI_bGr7raOlnUqBNQkO1q4,3a5ad19b42c2cbe0056f437a87795a16
2026-08-06-confrontacao-sa,1BAftD9AWl-XlNn8iynK6yBCgLlfBkjEU,moved,_entrada,1Aw4KZCV5rXjI_bGr7raOlnUqBNQkO1q4,defa463cfd58e3e220041902057bf4e7
2026-08-06-confrontacao-sa,1DjNzdv9DhebFkZ8rB6vSWDeuBJUJTIyk,moved,_entrada,1Aw4KZCV5rXjI_bGr7raOlnUqBNQkO1q4,4b95edb61a21a0379cec5d5f33a841f5
2026-08-06-confrontacao-sa,1GRu3oAkqrUgbKnARw94xmLXcPN6S8Mm8,moved,_entrada,1Aw4KZCV5rXjI_bGr7raOlnUqBNQkO1q4,4b95edb61a21a0379cec5d5f33a841f5
2026-08-06-confrontacao-sa,1cfD8qXsbhrF8K0rfvmqzJv-afnyFrpYT,moved,_entrada,1Aw4KZCV5rXjI_bGr7raOlnUqBNQkO1q4,ee4cb6962d227e2ff442e6c34f70a98c
2026-08-06-confrontacao-sa,15MZf-TB7tfLZokrJ-JHYM7nNHbjKVsa2,moved,_entrada,1Aw4KZCV5rXjI_bGr7raOlnUqBNQkO1q4,e7b9af7fce76631be9712de80a5f8d28
2026-08-06-confrontacao-sa,1C8sciB0TaLmgpbyEjR_UEYGoo5576U0-,moved,_entrada,1Aw4KZCV5rXjI_bGr7raOlnUqBNQkO1q4,0e4a54a461bec6955e39a5b51981cdaa
2026-08-06-confrontacao-sa,14jkVUB4_uiXF9VJ0OO2A8V4RHJR8czo3,moved,_entrada,1Aw4KZCV5rXjI_bGr7raOlnUqBNQkO1q4,12cfc65db916259b5f829456b7ed90b7
2026-08-06-confrontacao-sa,14z4do86ipEULjsYUMUp3qpmufgJQE2wy,moved,_entrada,1Aw4KZCV5rXjI_bGr7raOlnUqBNQkO1q4,555e7f9b13e7ce4b7b55c381750fab3d
2026-08-06-confrontacao-sa,1QQoWH8O3AAwMS8p7GxGFKMYySK-i-qrd,moved,_entrada,1Aw4KZCV5rXjI_bGr7raOlnUqBNQkO1q4,4789803a35c3af554e4441adf418c001
2026-08-06-confrontacao-sa,1_D6ONkTvbPshCxdcSezp8PhKxNNX92VU,moved,_entrada,1Aw4KZCV5rXjI_bGr7raOlnUqBNQkO1q4,54230e2c56dbeb89f7d190f04ba24a99
2026-08-06-confrontacao-sa,11BR6tZ4zPXIcaIBeRRQz4P5D4j61RSgy,moved,_entrada,1bU9Hl7HIFDS4BPokRalS3zs496ZNVMt1,e25311d153292a8cec5093951e27c236
2026-08-06-confrontacao-sa,1Y467rZEJ4XMTCVWHp6vGYLhiHTshh2cC,moved,_entrada,1bU9Hl7HIFDS4BPokRalS3zs496ZNVMt1,c2d04126c6c8f1bb9b1b7af32514113c
2026-08-06-confrontacao-sa,1unv2IGIh-d6L4fOC5BMjf_Yo2HcuJfbq,moved,_entrada,1bU9Hl7HIFDS4BPokRalS3zs496ZNVMt1,23bf3927468841a57bab9aae76c344d9
2026-08-06-confrontacao-sa,1d8KUZh9aNeNympMGkPLirbMuoHGPoLFq,moved,_entrada,1bU9Hl7HIFDS4BPokRalS3zs496ZNVMt1,80bee167237aa1f8a37deffe6a04109e
2026-08-06-confrontacao-sa,19QtvSOOJI1cwjalzNx4PghcPbJ4tbBWu,moved,_entrada,1bU9Hl7HIFDS4BPokRalS3zs496ZNVMt1,3cdb25595c9d4f2aed39dec15c4d1109
2026-08-06-confrontacao-sa,1kM0REyUDnSQmd8y5l3yu8nuAVyP3F_Yt,moved,_entrada,1bU9Hl7HIFDS4BPokRalS3zs496ZNVMt1,13b823c32f500e39baa78e0b2a3ba960
2026-08-06-confrontacao-sa,1hn5EMuJSXk9OEDejiDAXkT642iHGHl6e,moved,_entrada,1bU9Hl7HIFDS4BPokRalS3zs496ZNVMt1,5a84bce0672a16ad17b2e8d10a7da2eb
2026-08-06-confrontacao-sa,17gTnZrKAXVrxRQA0wFHVmqcwBTwii6_J,moved,_entrada,1bU9Hl7HIFDS4BPokRalS3zs496ZNVMt1,c2d04126c6c8f1bb9b1b7af32514113c
2026-08-06-confrontacao-sa,1JUK_uiInZdrdMNDKpXHA-h4GA2T8c_dv,moved,_entrada,1bU9Hl7HIFDS4BPokRalS3zs496ZNVMt1,3cdb25595c9d4f2aed39dec15c4d1109
2026-08-06-confrontacao-sa,1O-3dTSke1P_LpD8kzbid_L6u1H2qTeFt,moved,_entrada,1bU9Hl7HIFDS4BPokRalS3zs496ZNVMt1,48c7634c2d34d213c55c00f27bd73b71
2026-08-06-confrontacao-sa,1R7y8V5dGTH4ItryiRfQJsiIn0lKlFV8z,moved,_entrada,1bU9Hl7HIFDS4BPokRalS3zs496ZNVMt1,ff47924b2b652754d8afe8dda8adf37c
2026-08-06-confrontacao-sa,1zMgKevbn6rsIX1sXMNbv2lbjlQRTNlCB,moved,_entrada,1bU9Hl7HIFDS4BPokRalS3zs496ZNVMt1,0b111f2e5b023b45dcc6307c67228052
2026-08-06-confrontacao-sa,1YN-DkjbsD8Y-xt0Z9L3vUwm9UPAsLDde,moved,_entrada,1bU9Hl7HIFDS4BPokRalS3zs496ZNVMt1,62d18b1afcdd7a1e0117c62a9920c15b
2026-08-06-confrontacao-sa,1J12hnvVtcVQnMwGMjqLLFU4j_a2NgYzP,moved,_entrada,1bU9Hl7HIFDS4BPokRalS3zs496ZNVMt1,e5aa3f13d1c9fd9096e5d74fc02e489e
2026-08-06-confrontacao-sa,1OzLQzlZzE3nr1eOI6qRm60J3_Ev5GrQJ,moved,_entrada,1bU9Hl7HIFDS4BPokRalS3zs496ZNVMt1,0e1320b1e277b85eed47adf6e520aa24
2026-08-06-confrontacao-sa,1Q4x-rbKlMoGIq6zHWjSt2qCm0BtsK3uM,moved,_entrada,1bU9Hl7HIFDS4BPokRalS3zs496ZNVMt1,8cb8dbf7d6c02460ff6bd7934aafee29
2026-08-06-confrontacao-sa,1An5-QsVrBy0-tmMSSo4fZAu6Yf-WnCIY,moved,_entrada,1bU9Hl7HIFDS4BPokRalS3zs496ZNVMt1,37c42b850952c0da39485c914403c257
2026-08-06-confrontacao-sa,12CJLuuFp13-Xvi3tdL_6--zRHlOGNNC9,moved,_entrada,1bU9Hl7HIFDS4BPokRalS3zs496ZNVMt1,16fc804578a5fad985db3697d9a3c030
2026-08-06-confrontacao-sa,1h3cpjMtrGbwZH-DU-iCguQaOLzr0wSMY,moved,_entrada,1bU9Hl7HIFDS4BPokRalS3zs496ZNVMt1,37a704554b7f183cf39a3024d89551fd
2026-08-06-confrontacao-sa,1dSLQ4ImiBjl9nAiVsEjUkBR0ROGUcPTE,moved,_entrada,1bU9Hl7HIFDS4BPokRalS3zs496ZNVMt1,710b105710f16b5bbd120d66f09a0b33
2026-08-06-confrontacao-sa,1FJbRaFbadkIe66Q4MMzY4mPt2bLJpUsu,moved,_entrada,1bU9Hl7HIFDS4BPokRalS3zs496ZNVMt1,c58b960582382839fa07f7cd61dc67a9
2026-08-06-confrontacao-sa,1EmLbI3p4y25HsuDYlAZUnWJ-N-UnnGtv,moved,_entrada,1bU9Hl7HIFDS4BPokRalS3zs496ZNVMt1,b994f25a7da51189cc0eac80e80a1218
2026-08-06-confrontacao-sa,1bWb6KA6JAb8M-Ri2kJ2umklSKtzY6Y_v,moved,_entrada,1bU9Hl7HIFDS4BPokRalS3zs496ZNVMt1,0552197af485440e8a4e860119998478
2026-08-06-confrontacao-sa,1PSw0EHD-L6A-0eOiMo8Wjbuzo3aBf9pD,moved,_entrada,1bU9Hl7HIFDS4BPokRalS3zs496ZNVMt1,643622d6d7aa37fb76acc32a96f1e702
2026-08-06-confrontacao-sa,1YOprfkxFJI7MGFZ8ueJLXwfkQ8FYpUEJ,moved,_entrada,1bU9Hl7HIFDS4BPokRalS3zs496ZNVMt1,c7173c4dea67060b1b78ac847d3cc7f3
2026-08-06-confrontacao-sa,13mH9mm-2Tq8UuKmToSyy17nRiFadDKg4,moved,_entrada,1bU9Hl7HIFDS4BPokRalS3zs496ZNVMt1,a5460bd552fad7d5265ce60aea7c973a
2026-08-06-confrontacao-sa,1Oh9nUUcjMHATtu1_cEYdeoXvR60_qmXA,moved,_entrada,1bU9Hl7HIFDS4BPokRalS3zs496ZNVMt1,7f8567a56cf268777c5b15be24df186d
2026-08-06-confrontacao-sa,1u6502vRLHyZDRjl5DZW6JEip8eH2aVt6,moved,_entrada,1bU9Hl7HIFDS4BPokRalS3zs496ZNVMt1,f8af2d149135f1f8e4593c843a7884e8
2026-08-06-confrontacao-sa,1BcjrwFcR-a45RVoA3cs-RUTOdbcX4HbE,moved,_entrada,1bU9Hl7HIFDS4BPokRalS3zs496ZNVMt1,e197565592de9abb867b57bf98f2f245
2026-08-06-confrontacao-sa,1q14btLjd5ZI7YriuNY3DFW7x4ayd-7OE,moved,_entrada,1bU9Hl7HIFDS4BPokRalS3zs496ZNVMt1,146e1a2262f8ca72ada9c1cccc9f94ac
2026-08-06-confrontacao-sa,1XyZGg9aM2Dgn7yznDf2Hd5a7E0cIJV_I,moved,_entrada,1bU9Hl7HIFDS4BPokRalS3zs496ZNVMt1,4ea22a89409e658c0d7999bba766c2ab
2026-08-06-confrontacao-sa,1WW_dVnNADWdPYNAX-81NKnucpcx_mzu-,moved,_entrada,1bU9Hl7HIFDS4BPokRalS3zs496ZNVMt1,b527fc97b475a197861971c4ecc45fbc
2026-08-06-confrontacao-sa,1FG9_7EC7DHvALkAQ_sYM2VSYEkiXtmy2,moved,_entrada,1bU9Hl7HIFDS4BPokRalS3zs496ZNVMt1,4d1a0a564deaeb67673ad6fe3ab6b517
2026-08-06-confrontacao-sa,1j5PXBpbEx-SJxDR0cN5XGmOb34ioB0FC,moved,_entrada,1bU9Hl7HIFDS4BPokRalS3zs496ZNVMt1,607a8b12d3d6d3252d9da97f713f057d
2026-08-06-confrontacao-sa,1BLXCfEqxsVKQcpwVC2d2wYRKCcgOUz7u,moved,_entrada,1bU9Hl7HIFDS4BPokRalS3zs496ZNVMt1,d2ad3eb2ee9f9bcb0793115200e7c8c7
2026-08-06-confrontacao-sa,1Wau0Qz12UhHBLm_fmy1ol6ioKaAyWTqN,moved,_entrada,1bU9Hl7HIFDS4BPokRalS3zs496ZNVMt1,2f0fea15f8d5116134fc622d58079ca7
2026-08-06-confrontacao-sa,1pab3rLbqDIiEj_pY3g_M0empWKHJMCp9,moved,_entrada,1bU9Hl7HIFDS4BPokRalS3zs496ZNVMt1,c6b5ecf215f0601ad02948bca6d3e67a
2026-08-06-confrontacao-sa,1R0xx8b7jKgfUdfjULVTh3S4ZXgxBjHFi,moved,_entrada,1bU9Hl7HIFDS4BPokRalS3zs496ZNVMt1,ce0e6ffe80b335fc6235dfe991ec15a4
2026-08-06-confrontacao-sa,1qIhCeMImfdCRgLv8-DAm2Q2agrhA7gFU,moved,_entrada,1bU9Hl7HIFDS4BPokRalS3zs496ZNVMt1,dfbf9784955a377252cf88351f2ce234
2026-08-06-confrontacao-sa,1JM7spa4En4KmicoL5_HVVXp-E7ZNgs6T,moved,_entrada,1FuheHRwwu2OeecqF1Ro70h3j6gKldiwM,acf430b8fece1dddd26ef7f7165a7044
2026-08-06-confrontacao-sa,17j94xkgVk4eberaRpRLK2j_ekz480Lny,moved,_entrada,1V5XZm0I0S65wVM_wsXbzupipj_A3fYMd,e4e1b465cff511ae26ba3ceaeb91c381
2026-08-06-confrontacao-sa,1en2WC2A-Wd21NNDhZ8ThheAyHmODIOl-,moved,_entrada,1V5XZm0I0S65wVM_wsXbzupipj_A3fYMd,1391f9142f66e089327325cc6aa7f400
2026-08-06-confrontacao-sa,14Q1dsf_VemONHFz3PR4h42urE8Jx7sfq,moved,_entrada,1wtsWMOu3NeBpTyM17QuuPYuuC6k4Ebok,46fb796a6d24de1f924b7ece5c51e542
2026-08-06-confrontacao-sa,1PqtTPUd54nUpYcDZ0ivGodLURvMLHe4u,moved,_entrada,1wtsWMOu3NeBpTyM17QuuPYuuC6k4Ebok,aaec15dfee6d95cef018b6623d30523b
2026-08-06-confrontacao-sa,11bG1XBxFWffwsxn-OQf_4CShRkyc8obp,moved,_entrada,1wtsWMOu3NeBpTyM17QuuPYuuC6k4Ebok,e772b7ff363e8cde1dad76c04651ee3c
2026-08-06-confrontacao-sa,1Yqq3feMF-Sw35a78-KTMWGKNyaDKnXQK,moved,_entrada,1wtsWMOu3NeBpTyM17QuuPYuuC6k4Ebok,fbdcb0d3b6aef5f6f64e193c53ce764e
2026-08-06-confrontacao-sa,1w4P8ca1zu8wrivSY4WuETThqKJK8GnVU,moved,_entrada,1wtsWMOu3NeBpTyM17QuuPYuuC6k4Ebok,72db7a486c6f0605cd7b5321e15b1aa7
2026-08-06-confrontacao-sa,1M6Z9xkyr_z_iDU4gNeRfW51SIolHIwnw,moved,_entrada,1wtsWMOu3NeBpTyM17QuuPYuuC6k4Ebok,82a4c96602af5b61087188bed7405516
2026-08-06-confrontacao-sa,11jmQaAP7ukKvm6r15PqxkUM1GlkgqL9I,moved,_entrada,1wtsWMOu3NeBpTyM17QuuPYuuC6k4Ebok,5fff497720985f880151461bbf77ae77
2026-08-06-confrontacao-sa,1JIuk1-Fdl_tEGJaS8MxtcgFM4JrhR-X1,moved,_entrada,1wtsWMOu3NeBpTyM17QuuPYuuC6k4Ebok,7ad478e037623d2090122ccd223def4e
2026-08-06-confrontacao-sa,1utqm7zOcTzT-lDJqqSvKV3qLvFG-4Tyf,moved,_entrada,1wtsWMOu3NeBpTyM17QuuPYuuC6k4Ebok,16a1ed7970b9f00fded65bd09f6045a2
2026-08-06-confrontacao-sa,1DEzDLix11FtG_1lhKY1qhnXJAu23Nny_,moved,_entrada,1V5XZm0I0S65wVM_wsXbzupipj_A3fYMd,40b81c05ace108b7c2c60198c2c2b271
2026-08-06-confrontacao-sa,1ZESc3arRBppUx9HNMdsYDQh8Urnupsrh,moved,_entrada,1V5XZm0I0S65wVM_wsXbzupipj_A3fYMd,2a62153561681f55334ce0085ff68f2a
2026-08-06-confrontacao-sa,1G_qUEJysBqHtPGP7A1xTI9RiZgu7QDSw,moved,_entrada,1wtsWMOu3NeBpTyM17QuuPYuuC6k4Ebok,de59b3a181232c1617842a817d606ffd
2026-08-06-confrontacao-sa,1DrWLPXozufPLGonW-bZYMFaBfcX-lF9f,moved,_entrada,1wtsWMOu3NeBpTyM17QuuPYuuC6k4Ebok,25334ec5b2cd99b640cafd1e75e3d5d4
2026-08-06-confrontacao-sa,1Ce1vTcxVUhOqawurxoVXNNu5FbmIB8Kt,moved,_entrada,1wtsWMOu3NeBpTyM17QuuPYuuC6k4Ebok,f1f4bac4c647925244c4e63580f46813
2026-08-06-confrontacao-sa,1gD4UQqbNqEZVsRhiyoqrkyEtvY2-Z58R,moved,_entrada,1wtsWMOu3NeBpTyM17QuuPYuuC6k4Ebok,58f8a385c24f5c56d6c0e80ee80886f0
2026-08-06-confrontacao-sa,12EWDLKUquA9lLjfmCIQkTI2eyE0JMMF4,moved,_entrada,1wtsWMOu3NeBpTyM17QuuPYuuC6k4Ebok,205e0ab903c3c762017a1c4aa1da1c3f
2026-08-06-confrontacao-sa,1SfnE6j9ldJJPS7aANddL44xpNmVqLZZZ,moved,_entrada,1wtsWMOu3NeBpTyM17QuuPYuuC6k4Ebok,2322b82c04a9369e00db37b3128f35bf
2026-08-06-confrontacao-sa,1lIqmcYJ8umsJNUtMx4SwVBqTsUFSXkz9,moved,_entrada,1wtsWMOu3NeBpTyM17QuuPYuuC6k4Ebok,b9e72456a146e30385e56206eb62104e
2026-08-06-confrontacao-sa,1cnv7OdGP2iqu7O_0qtVYWRY_4UWQ8M0d,moved,_entrada,1wtsWMOu3NeBpTyM17QuuPYuuC6k4Ebok,8b7dd2dae57caf0765725769ed7f7352
2026-08-06-confrontacao-sa,19wCVbWHXVs9AGF3aVo7ClNm4EHeS4hTC,moved,_entrada,1wtsWMOu3NeBpTyM17QuuPYuuC6k4Ebok,a56f839c053a48310fba46df2b9a7746
2026-08-06-confrontacao-sa,1nWmPE4ivH1Vj3DX4chGAPIb10vXKtAY5,moved,_entrada,1wtsWMOu3NeBpTyM17QuuPYuuC6k4Ebok,65dd864a06f9d1781d296c818b1e6a0b
2026-08-06-confrontacao-sa,1CZegdbWD_8wtvoufFXre6rHJa30IiGty,moved,_entrada,1wtsWMOu3NeBpTyM17QuuPYuuC6k4Ebok,abaf55590b335553fd5af9a804849fce
2026-08-06-confrontacao-sa,1NIC90aYDZeYg1KqPusbQP03mjJAIT4eL,moved,_entrada,1wtsWMOu3NeBpTyM17QuuPYuuC6k4Ebok,25d1a3d5497b3e294cf6eec3645e29c8
2026-08-06-confrontacao-sa,1AeNFgVhXDZ66DyBMu2FPvu71o0x2PWnv,moved,_entrada,1wtsWMOu3NeBpTyM17QuuPYuuC6k4Ebok,cccf610a54fdbba66039eb80db4d7b7d
2026-08-06-confrontacao-sa,1uQw1WO9Bu5B_wnFDpC-K3gVzKKkCX0AY,moved,_entrada,1wtsWMOu3NeBpTyM17QuuPYuuC6k4Ebok,f07c24b00d1f1006d711d9577e649310
2026-08-06-confrontacao-sa,1sxMxJ2EKIll7-vpGJTv6TLptDSJDOg1d,moved,_entrada,1wtsWMOu3NeBpTyM17QuuPYuuC6k4Ebok,8c457363b5453b70218916d324531703
2026-08-06-confrontacao-sa,1exBLt0dNS6uP604XnXUWGL9Qwtj8idu3,moved,_entrada,1wtsWMOu3NeBpTyM17QuuPYuuC6k4Ebok,7e42451b3118e849b4e359920d41658c
2026-08-06-confrontacao-sa,1IvF7JkpiUWwGMZKaYPM9876ASF_YgjMt,moved,_entrada,1V5XZm0I0S65wVM_wsXbzupipj_A3fYMd,34a6c42f549bc1d9edc79bce6277d890
2026-08-06-confrontacao-sa,1fJflpi0oVmGAEvQjD9eebUwJcrOAFy2H,moved,_entrada,1V5XZm0I0S65wVM_wsXbzupipj_A3fYMd,0d7765923ce4e36f2385e6ff6f3d54ab
2026-08-06-confrontacao-sa,1RmRzGGnPDpPaRG4cQ6wLXBA0DMxDQo1Z,moved,_entrada,1wtsWMOu3NeBpTyM17QuuPYuuC6k4Ebok,08dacfbbd0de7f1c912e722613d8bd68
2026-08-06-confrontacao-sa,1Q499wCFws3H1d3w0jY1PFYOkCD5PjieF,moved,_entrada,1ewuMWYLiwIIH6CttHsC_1fil5DGBMX4q,a57f0b161d131ca8393bea0e841e249c
2026-08-06-confrontacao-sa,1KPeSlCXVtWyuFr52gr0Wg4uzPqymbVaD,moved,_entrada,1J--C1rZ6iHkRv7Kz_SkiBD-IteChfB-O,78e84bc8cb286714e16d555b439ec5b1
2026-08-06-confrontacao-sa,13a9ws7XCUmU9Mz99UqRiPwDaeFmKyGxm,moved,_entrada,1_pPHBhXg8ACVTIklPT8LCrQMopwJ-jpO,de41c69646648bb0617cc7f4bf1d961d
2026-08-06-confrontacao-sa,17jxDexBvXStSVCsu3T5wYDcer-JHAcPz,moved,_entrada,1FuheHRwwu2OeecqF1Ro70h3j6gKldiwM,3ce19792a53e3aac228722f8d6af7e7a
2026-08-06-confrontacao-sa,1ifKnqSFZcNF8zdc-CHpUfj56NyY-DlZE,moved,_entrada,1Cb2GH-4Emw3iRj14D_v8QsYxDzpepz1Y,8b5e86f1ad8718cb64d63da837cc7250
2026-08-06-confrontacao-sa,1AV8v4esuCxGulgxvGskzo595vycDa3U-,moved,_entrada,1V5XZm0I0S65wVM_wsXbzupipj_A3fYMd,2950bdc7b79d3beb75fa9e9c30e2d067
2026-08-06-confrontacao-sa,1gftoKzFaD-NyKClBg3SH8Eo0FYncQYvt,moved,_entrada,1V5XZm0I0S65wVM_wsXbzupipj_A3fYMd,904374861ebe59657f4b3eb98db87ee4
2026-08-06-confrontacao-sa,1BrBRzC3G4atGZ8JqRZhGp4OnvBZTjOgr,moved,_entrada,1V5XZm0I0S65wVM_wsXbzupipj_A3fYMd,2217902de98297a4789e1cccdd57c4ea
2026-08-06-confrontacao-sa,1uRWg7wA4KuppJ1TSdEwRmV3H06fTXlnj,moved,_entrada,1V5XZm0I0S65wVM_wsXbzupipj_A3fYMd,2cb590f9e27283ceb9282f52f48447c5
2026-08-06-confrontacao-sa,1RSFwjoafEwV5oz5DA7Z1uzleLGCn-ctR,moved,_entrada,1_pPHBhXg8ACVTIklPT8LCrQMopwJ-jpO,79c5752d278ae8f8651c3f6f716b3ae6
2026-08-06-confrontacao-sa,1Rhs1yxu0IFcCCl28giq84TXBU3_W_rFL,moved,_entrada,1OXrO6tBMKYr_RlIIXXyNQOGJPT1xgSVv,13c3b00c1613ad51a35a47f7ed9e02e1
2026-08-06-confrontacao-sa,1bRFOwuRvftDmNxk9nLwkggCo0XXDSroN,moved,_entrada,12CTTZPKaWePwjTN_tVI6HXU53mEOKj8U,ae3b3df9970b49b6523e608759bc957d
2026-08-06-confrontacao-sa,1THtgVEq2HHNNJ5LBUoAFOTfX2Zw96TdO,moved,_entrada,1yHIL3Y3tLi27vyOQksDvO7pJqgU-3Xd6,ae3b3df9970b49b6523e608759bc957d
2026-08-06-confrontacao-sa,1v_eb9tyrOHk0qsBFQjGk_gPrJ9rzqkr5,moved,_entrada,1yHIL3Y3tLi27vyOQksDvO7pJqgU-3Xd6,ae3b3df9970b49b6523e608759bc957d
2026-08-06-confrontacao-sa,1j22wt6DYvqB9t6khrdIz2-PzB6sN4usK,moved,_entrada,1yHIL3Y3tLi27vyOQksDvO7pJqgU-3Xd6,ae3b3df9970b49b6523e608759bc957d
2026-08-06-confrontacao-sa,1r8kXPeBpzs4rmJE7JoeF2qm-aAxlO9PH,moved,_entrada,1yHIL3Y3tLi27vyOQksDvO7pJqgU-3Xd6,ae3b3df9970b49b6523e608759bc957d
2026-08-06-confrontacao-sa,1PuO2wyKZeXyEvibtdkRE4vn5RuejWstS,moved,_entrada,1yHIL3Y3tLi27vyOQksDvO7pJqgU-3Xd6,ae3b3df9970b49b6523e608759bc957d
2026-08-06-confrontacao-sa,1I0Zden8s7K8WyZxPaQ4ZoueYKqKi-T5L,moved,_entrada,1yHIL3Y3tLi27vyOQksDvO7pJqgU-3Xd6,ae3b3df9970b49b6523e608759bc957d
2026-08-06-confrontacao-sa,1GwE10ccA5XPcJ4KWbRFyIMaC6F1wI_qc,moved,_entrada,1yHIL3Y3tLi27vyOQksDvO7pJqgU-3Xd6,ae3b3df9970b49b6523e608759bc957d
2026-08-06-confrontacao-sa,1X0muNAcafJYXqb52GsI5Jn69gSnQ_Arc,moved,_entrada,1yHIL3Y3tLi27vyOQksDvO7pJqgU-3Xd6,9264c0a08232a64458ad7a1b9a191ae2
2026-08-06-confrontacao-sa,1yT-tice8jVgPARUtpdpZjmsFqXx3IKWw,moved,_entrada,1yHIL3Y3tLi27vyOQksDvO7pJqgU-3Xd6,e2c8622e3638eaf5e0414b2b805d7b68
2026-08-06-confrontacao-sa,1fq3eFCoRtMzi7DgP0fDqDLW3o7RR64Yi,moved,_entrada,1yHIL3Y3tLi27vyOQksDvO7pJqgU-3Xd6,1a08512c740b009dea673ac7ccc4c4fb
2026-08-06-confrontacao-sa,1SMJ5NlYfloTSOKt_PwwI618OToAKZQUk,moved,_entrada,1yHIL3Y3tLi27vyOQksDvO7pJqgU-3Xd6,6b2daabeac173658470858ba96df73b0
2026-08-06-confrontacao-sa,1m13JbSH9lC80g98D3kpEU5OIehBANaR2,moved,_entrada,1yHIL3Y3tLi27vyOQksDvO7pJqgU-3Xd6,88d3cad13f787f5f51880756745ac743
2026-08-06-confrontacao-sa,1FzQ2DPPw69yNt-X-R91MO3WC7_BTNk42,moved,_entrada,1yHIL3Y3tLi27vyOQksDvO7pJqgU-3Xd6,62e4237e56cf67c671d75ace3e2ba8dd
2026-08-06-confrontacao-sa,1TwV1xjk5LsL912EbLnuH6kvhaP6VQ6vP,moved,_entrada,1yHIL3Y3tLi27vyOQksDvO7pJqgU-3Xd6,f3c7ee0f8de85690487fcd8f073528a8
2026-08-06-confrontacao-sa,1dDetrn1ez653eZYKHGFi187uRZkUsSML,moved,_entrada,1yHIL3Y3tLi27vyOQksDvO7pJqgU-3Xd6,8cfecb216e4845b665d680a40256a4c4
2026-08-06-confrontacao-sa,1nSJNIe4lhxSGAuVgdY2bMbr0pkLyoQbN,moved,_entrada,1yHIL3Y3tLi27vyOQksDvO7pJqgU-3Xd6,de9c048543cec00982bf74be38340622
2026-08-06-confrontacao-sa,1wPsdcCFcNN0SQ-bMVFx4Hnn1zgXF2Bg8,moved,_entrada,1yHIL3Y3tLi27vyOQksDvO7pJqgU-3Xd6,d1531d4699328f7247913eb0fc7418ca
2026-08-06-confrontacao-sa,1GB1laiLUOoRK4uPNOXMqkMCbWfCagyS6,moved,_entrada,1yHIL3Y3tLi27vyOQksDvO7pJqgU-3Xd6,cf6214175abf37270011b6d73509783e
2026-08-06-confrontacao-sa,1H2ZoqDnvu_k2KounBmX-UTyKGL8nSSv-,moved,_entrada,1yHIL3Y3tLi27vyOQksDvO7pJqgU-3Xd6,53436b4f98ffab312e2656c8d4b43e0a
2026-08-06-confrontacao-sa,16DifiS7Ci_CD07XJV9586c4S0RueYDkK,moved,_entrada,1yHIL3Y3tLi27vyOQksDvO7pJqgU-3Xd6,70daa5f1bb87d8db02cc99ab97a7ab97
2026-08-06-confrontacao-sa,1pHLWE7TpRvI8MHzu5JHAuIoLvDami6JB,moved,_entrada,1yHIL3Y3tLi27vyOQksDvO7pJqgU-3Xd6,d51ff9647627e5286706f1193b058f41
2026-08-06-confrontacao-sa,16CU97jmdfj1mglc1Ap654ZGpmawM75a4,moved,_entrada,1yHIL3Y3tLi27vyOQksDvO7pJqgU-3Xd6,7985a9e24ce8d49a9f9e22f2e8555374
2026-08-06-confrontacao-sa,1tkLhl4tSUnAR8g-cLUDyrwKlf-qPeQGO,moved,_entrada,1yHIL3Y3tLi27vyOQksDvO7pJqgU-3Xd6,737ec263dba53590214d6cfc7b62f15d
2026-08-06-confrontacao-sa,10l4K0D0itkC7_6Bk8EEOHeJ4yaF1Kwu6,moved,_entrada,1yHIL3Y3tLi27vyOQksDvO7pJqgU-3Xd6,5922eabb3cbbef89c19ba896f48c92b1
2026-08-06-confrontacao-sa,144-a6rbdq3MXD2RGZ3MIYRNhg9S4oohe,moved,_entrada,1yHIL3Y3tLi27vyOQksDvO7pJqgU-3Xd6,72803e28fffefb2c7c2350fc6d998508
2026-08-06-confrontacao-sa,1AWnl7ezYuj4gsAAX_M2IOeYjCxoG620P,moved,_entrada,1yHIL3Y3tLi27vyOQksDvO7pJqgU-3Xd6,1eba5dd4c47b9b58280fe0d609877032
2026-08-06-confrontacao-sa,1-snDbGihSYLymOcGr8P9HHRLNQSrVp_C,moved,_entrada,1yHIL3Y3tLi27vyOQksDvO7pJqgU-3Xd6,cb57b0a11596729bb2ab93e37f452c00
2026-08-06-confrontacao-sa,14XlL8QuHzLOMXCC4HhTOA-sWB78aSrmi,moved,_entrada,12CTTZPKaWePwjTN_tVI6HXU53mEOKj8U,7995547eb7c8266a9e806525a4e8427b
2026-08-06-confrontacao-sa,1aU-7mwSaDNVpGQyjy8-rbV608evLfpln,moved,_entrada,12CTTZPKaWePwjTN_tVI6HXU53mEOKj8U,4f91c9f5499d368ef40f893b1c7a6a60
2026-08-06-confrontacao-sa,1GLfmJGkpRirjmW3piUTuZNMO6s_IzUtN,moved,_entrada,12CTTZPKaWePwjTN_tVI6HXU53mEOKj8U,4caa7e5d90b5d79bce2c571b4f579c4b
2026-08-06-confrontacao-sa,17EK318mHaIqnV6zngNqsKWfHLsG7mOus,moved,_entrada,12CTTZPKaWePwjTN_tVI6HXU53mEOKj8U,ae3b3df9970b49b6523e608759bc957d
2026-08-06-confrontacao-sa,1fwPoaQUmB6wiYnV3KfWiRR_0e2idUbk1,moved,_entrada,12CTTZPKaWePwjTN_tVI6HXU53mEOKj8U,1e40b6e186e6fb584bdf0d71eb024e69
2026-08-06-confrontacao-sa,1S-3rIMC1JdeCqUMEciVs77G5mkV0ANcS,moved,_entrada,1OXrO6tBMKYr_RlIIXXyNQOGJPT1xgSVv,502048eba8af5ebe352209892c02b2f3
2026-08-06-confrontacao-sa,1s-E2MuTualbhmP1ZvFqmsDySO6RNDZ0J,moved,_entrada,1OXrO6tBMKYr_RlIIXXyNQOGJPT1xgSVv,d7ccd896b33eb0d8c4feb31e6f8c9425
2026-08-06-confrontacao-sa,1VbpjUD882vUEJAFevaW6-YiXQKSTPaNg,moved,_entrada,1OXrO6tBMKYr_RlIIXXyNQOGJPT1xgSVv,1860cfa837f7ae50b64e6464a261ee0d
2026-08-06-confrontacao-sa,1KpeyXXyOwk1itnRe2VLZqtjKPqU43i0M,moved,_entrada,12CTTZPKaWePwjTN_tVI6HXU53mEOKj8U,ae3b3df9970b49b6523e608759bc957d
2026-08-06-confrontacao-sa,1nYDvls-p1wf4VSTtarK82r3MoJ5G9yF7,moved,_entrada,12CTTZPKaWePwjTN_tVI6HXU53mEOKj8U,10733ef45ccb3aa3fe60ca7675758a32
2026-08-06-confrontacao-sa,1yBrq0PLEexKnnvjmE4bgxBlIp7fcsKTE,moved,_entrada,12CTTZPKaWePwjTN_tVI6HXU53mEOKj8U,33003284cd5a22246253decbb32de3c2
2026-08-06-confrontacao-sa,11X9pA3X7B37e4Kz6mjpfjGi7FxsIlD8e,moved,_entrada,13cHakxUszXTn5eWgGuTWhtIOc87jSqzE,ae3b3df9970b49b6523e608759bc957d
2026-08-06-confrontacao-sa,1knvhlt9cpzSwABEkAZ6gziyupxWFtTtN,moved,_entrada,13cHakxUszXTn5eWgGuTWhtIOc87jSqzE,4265caae46411c7c3580464e0e5c745a
2026-08-06-confrontacao-sa,1rLFpEZc5KIrSV5j-jDiNRgN23Fl20nU8,moved,_entrada,13cHakxUszXTn5eWgGuTWhtIOc87jSqzE,d0193db073e900a7b2598841ae39aeef
2026-08-06-confrontacao-sa,1E-U2w2uuBUOUWrP_gQahCKJAKbo7MIY1,moved,_entrada,12CTTZPKaWePwjTN_tVI6HXU53mEOKj8U,ae3b3df9970b49b6523e608759bc957d
2026-08-06-confrontacao-sa,1-1l5WX_B4kJaTZZqs71Mc0Vrfq5_1TB6,moved,_entrada,12CTTZPKaWePwjTN_tVI6HXU53mEOKj8U,ae3b3df9970b49b6523e608759bc957d
2026-08-06-confrontacao-sa,1J8hrYY_9-lmVP9oEHvZTklQ3WPKaZYfZ,moved,_entrada,12CTTZPKaWePwjTN_tVI6HXU53mEOKj8U,fc122a2a1f9ae96ecb7be5bb72fa2eda
2026-08-06-confrontacao-sa,1NNgCwbalBxqbiajwAxASzPDjA2n_KNeB,moved,_entrada,12CTTZPKaWePwjTN_tVI6HXU53mEOKj8U,ae3b3df9970b49b6523e608759bc957d
2026-08-06-confrontacao-sa,1Zptlf7Wk-kaVMo_oygWJJw0TIngGh51P,moved,_entrada,12CTTZPKaWePwjTN_tVI6HXU53mEOKj8U,fe9ad0f5d78e9b7c5d064ecbfbaed2d4
2026-08-06-confrontacao-sa,1Dpen8VAWRxx475IYP2GIRC9vRi94Fyxe,moved,_entrada,12CTTZPKaWePwjTN_tVI6HXU53mEOKj8U,b3f3d7d76db54b4c6048cfdee416653f
2026-08-06-confrontacao-sa,1hK7XUSexcYWyCTFXYUp1do84UtQmUyIX,moved,_entrada,12CTTZPKaWePwjTN_tVI6HXU53mEOKj8U,35b18f4706ac683e6ea06f9523b3337c
2026-08-06-confrontacao-sa,1gjS1Z7ujF7rdq6Fksv_Eg1zBI7Dtd8lm,moved,_entrada,12CTTZPKaWePwjTN_tVI6HXU53mEOKj8U,90c97e0f1977aa2995e53382dbd2e839
2026-08-06-confrontacao-sa,1O6cHvsqq-3HcOtwNfQ1OeMV0XPwqf6AB,moved,_entrada,12CTTZPKaWePwjTN_tVI6HXU53mEOKj8U,8bc73c8a0cf323d9d960cf8d6426f92d
2026-08-06-confrontacao-sa,1G9F8xzLdXeG_Bigyw9VRnhErBkrM10x9,moved,_entrada,12CTTZPKaWePwjTN_tVI6HXU53mEOKj8U,70866b37f6dd93930d08b8833d69f638
2026-08-06-confrontacao-sa,1Nv42J5Ksy4fbQsvkYJUATaBYy7VOMQ5p,moved,_entrada,12CTTZPKaWePwjTN_tVI6HXU53mEOKj8U,cbe188b9502254e2e62411d1772ed5c5
2026-08-06-confrontacao-sa,1KLrg4eX-hafU8oBDQE_2tWdvbIkk58G5,moved,_entrada,12CTTZPKaWePwjTN_tVI6HXU53mEOKj8U,8bc73c8a0cf323d9d960cf8d6426f92d
2026-08-06-confrontacao-sa,1gUbP_Rb-SgkCMBa79sk79IqdAoJmit1B,moved,_entrada,12CTTZPKaWePwjTN_tVI6HXU53mEOKj8U,cbe188b9502254e2e62411d1772ed5c5
2026-08-06-confrontacao-sa,1jvqj63D7G8DF7feRZ5zS9XCEJWRDmcdS,moved,_entrada,12CTTZPKaWePwjTN_tVI6HXU53mEOKj8U,70866b37f6dd93930d08b8833d69f638
2026-08-06-confrontacao-sa,1UmiZxDGYHBXoVUMwu0fh5FvorFHZU0ZZ,moved,_entrada,13cHakxUszXTn5eWgGuTWhtIOc87jSqzE,ae3b3df9970b49b6523e608759bc957d
2026-08-06-confrontacao-sa,11ENoXVqE2vwLPnRV5WthJK9Acz6mXqMg,moved,_entrada,13cHakxUszXTn5eWgGuTWhtIOc87jSqzE,ae3b3df9970b49b6523e608759bc957d
2026-08-06-confrontacao-sa,1XoLIjyMLOe6RjBnyp0_Hn6z0ukrc1he4,moved,_entrada,13cHakxUszXTn5eWgGuTWhtIOc87jSqzE,ae3b3df9970b49b6523e608759bc957d
2026-08-06-confrontacao-sa,1BeLw8VxIGtdKgbM5vK2CrJZJPaQMwO_S,moved,_entrada,13cHakxUszXTn5eWgGuTWhtIOc87jSqzE,ae3b3df9970b49b6523e608759bc957d
2026-08-06-confrontacao-sa,1k7dWQnUiDP4SA-2b0cqaZH1xn_2lMZyz,moved,_entrada,13cHakxUszXTn5eWgGuTWhtIOc87jSqzE,ae3b3df9970b49b6523e608759bc957d
2026-08-06-confrontacao-sa,1bvTWNnM0i10uPcmzLmaVBYSIEjvar4n4,moved,_entrada,13cHakxUszXTn5eWgGuTWhtIOc87jSqzE,ae3b3df9970b49b6523e608759bc957d
2026-08-06-confrontacao-sa,1zTbM-1npNoCt5xx-UQ4gscJRr2z4EtwN,moved,_entrada,13cHakxUszXTn5eWgGuTWhtIOc87jSqzE,ae3b3df9970b49b6523e608759bc957d
2026-08-06-confrontacao-sa,1FqzSYgJSvxMaF2U7GmmvrjZVdtA8eAFo,moved,_entrada,13cHakxUszXTn5eWgGuTWhtIOc87jSqzE,ae3b3df9970b49b6523e608759bc957d
2026-08-06-confrontacao-sa,1AHFkXkEcOm7ZXherKPNzZNirVrtRBPdF,moved,_entrada,13cHakxUszXTn5eWgGuTWhtIOc87jSqzE,ae3b3df9970b49b6523e608759bc957d
2026-08-06-confrontacao-sa,1z6_rUUaLWE2y26u3L7AfL06hGS4S2vz0,moved,_entrada,13cHakxUszXTn5eWgGuTWhtIOc87jSqzE,ae3b3df9970b49b6523e608759bc957d
2026-08-06-confrontacao-sa,101IZhOOzGu8yWoaA273eFAL4FEsF9xgp,moved,_entrada,13cHakxUszXTn5eWgGuTWhtIOc87jSqzE,ae3b3df9970b49b6523e608759bc957d
2026-08-06-confrontacao-sa,1j7SXNgKGF6SV_K4g1gC7bQe8yu-az92s,moved,_entrada,13cHakxUszXTn5eWgGuTWhtIOc87jSqzE,ae3b3df9970b49b6523e608759bc957d
2026-08-06-confrontacao-sa,1cnUxpN8PQtfUr7_f1QWIn0Bh0xe88V-y,moved,_entrada,13cHakxUszXTn5eWgGuTWhtIOc87jSqzE,ae3b3df9970b49b6523e608759bc957d
2026-08-06-confrontacao-sa,1D2gCtB7tgktMkArnCdndXCvo3ey2xtD-,moved,_entrada,13cHakxUszXTn5eWgGuTWhtIOc87jSqzE,ae3b3df9970b49b6523e608759bc957d
2026-08-06-confrontacao-sa,1CsTqoHKAxTXvunxlNxNBAd0OfaF0Zb4K,moved,_entrada,13cHakxUszXTn5eWgGuTWhtIOc87jSqzE,ae3b3df9970b49b6523e608759bc957d
2026-08-06-confrontacao-sa,1TT01AglMypnG_uIIYyT3wmoYpgy4Wj6K,moved,_entrada,13cHakxUszXTn5eWgGuTWhtIOc87jSqzE,ae3b3df9970b49b6523e608759bc957d
2026-08-06-confrontacao-sa,1VNTq2wFxsdMr_1UTV3wlS9mBAvudqsR0,moved,_entrada,13cHakxUszXTn5eWgGuTWhtIOc87jSqzE,ae3b3df9970b49b6523e608759bc957d
2026-08-06-confrontacao-sa,1t_V0JXd2obS3LQn0JtF91lEZM4-9xW7d,moved,_entrada,13cHakxUszXTn5eWgGuTWhtIOc87jSqzE,ae3b3df9970b49b6523e608759bc957d
2026-08-06-confrontacao-sa,1bukkA1yC1uvgpuE06XIy80ooSrLL7rDh,moved,_entrada,13cHakxUszXTn5eWgGuTWhtIOc87jSqzE,ae3b3df9970b49b6523e608759bc957d
2026-08-06-confrontacao-sa,1xIPee6JRr_FcCMIHKyzdp-s9n4Vwdn4T,moved,_entrada,13cHakxUszXTn5eWgGuTWhtIOc87jSqzE,ae3b3df9970b49b6523e608759bc957d
2026-08-06-confrontacao-sa,1tNyKu7_jvBiGuJVnjbPcuTb_OQ4RNqkw,moved,_entrada,13cHakxUszXTn5eWgGuTWhtIOc87jSqzE,ae3b3df9970b49b6523e608759bc957d
2026-08-06-confrontacao-sa,1WH8pm-8Rll-gENuAvCcAqb_FV5loPAio,moved,_entrada,13cHakxUszXTn5eWgGuTWhtIOc87jSqzE,ae3b3df9970b49b6523e608759bc957d
2026-08-06-confrontacao-sa,1faC3uBUqtf1NGdx0wvm7jhCsa98WdKqq,moved,_entrada,13cHakxUszXTn5eWgGuTWhtIOc87jSqzE,ae3b3df9970b49b6523e608759bc957d
2026-08-06-confrontacao-sa,1lY-iv2Ds6ycpG5DCAR3QK5evnIG6C-hv,moved,_entrada,13cHakxUszXTn5eWgGuTWhtIOc87jSqzE,ae3b3df9970b49b6523e608759bc957d
2026-08-06-confrontacao-sa,142Txax4yH5Y_Vx7p7K6T0u9G1ctlqGKt,moved,_entrada,13cHakxUszXTn5eWgGuTWhtIOc87jSqzE,ae3b3df9970b49b6523e608759bc957d
2026-08-06-confrontacao-sa,1cfOnZ3qmpDmjuQhquQLitUT85NDzQ4F-,moved,_entrada,13cHakxUszXTn5eWgGuTWhtIOc87jSqzE,ae3b3df9970b49b6523e608759bc957d
2026-08-06-confrontacao-sa,1tbVJvIZdPBinruXVRnH5S7R2OAcWPSiE,moved,_entrada,13cHakxUszXTn5eWgGuTWhtIOc87jSqzE,ae3b3df9970b49b6523e608759bc957d
2026-08-06-confrontacao-sa,1QCD4RbojOSV1KY9DARFdh1u9_ZspBm6Z,moved,_entrada,13cHakxUszXTn5eWgGuTWhtIOc87jSqzE,ae3b3df9970b49b6523e608759bc957d
2026-08-06-confrontacao-sa,1DqVy_YrIJ-MaK_NH8X8r5Ts8m1d3AHPN,moved,_entrada,13cHakxUszXTn5eWgGuTWhtIOc87jSqzE,ae3b3df9970b49b6523e608759bc957d
2026-08-06-confrontacao-sa,1xvidK_pYLxL0zcsdc__qVq-YCccIe7HL,moved,_entrada,13cHakxUszXTn5eWgGuTWhtIOc87jSqzE,ae3b3df9970b49b6523e608759bc957d
2026-08-06-confrontacao-sa,1KPANSI-3vrOPbmLDVpavFUJAF4p-NwtV,moved,_entrada,13cHakxUszXTn5eWgGuTWhtIOc87jSqzE,ae3b3df9970b49b6523e608759bc957d
2026-08-06-confrontacao-sa,1qvP6opEpfvWLZQbG-VdGk5gAZJJf7F6v,moved,_entrada,13cHakxUszXTn5eWgGuTWhtIOc87jSqzE,ae3b3df9970b49b6523e608759bc957d
2026-08-06-confrontacao-sa,1pZ5TWPULUVU6JfRBpaeKeOpqznCX2jtN,moved,_entrada,13cHakxUszXTn5eWgGuTWhtIOc87jSqzE,ae3b3df9970b49b6523e608759bc957d
2026-08-06-confrontacao-sa,18bkQFmS6oCGjcVR99iAsrFISW437pARe,moved,_entrada,13cHakxUszXTn5eWgGuTWhtIOc87jSqzE,ae3b3df9970b49b6523e608759bc957d
2026-08-06-confrontacao-sa,1uGXS16lLvzlgJWpdyLcfG4HfZxR5Eig-,moved,_entrada,13cHakxUszXTn5eWgGuTWhtIOc87jSqzE,ae3b3df9970b49b6523e608759bc957d
2026-08-06-confrontacao-sa,1hNEsLDeCM1JMUfmlefQhbzhVE4od2q4X,moved,_entrada,13cHakxUszXTn5eWgGuTWhtIOc87jSqzE,ae3b3df9970b49b6523e608759bc957d
2026-08-06-confrontacao-sa,1cZa2f_HZWH0Dj2dFIPuE_YZPW0H1Ay96,moved,_entrada,13cHakxUszXTn5eWgGuTWhtIOc87jSqzE,ae3b3df9970b49b6523e608759bc957d
2026-08-06-confrontacao-sa,1fJy9aEeNfI9ZK0OkRCmzCWWbGMABnCl1,moved,_entrada,13cHakxUszXTn5eWgGuTWhtIOc87jSqzE,ae3b3df9970b49b6523e608759bc957d
2026-08-06-confrontacao-sa,11rN6AzOLinEiBNtbnAkrG4_yUGWBdDQe,moved,_entrada,13cHakxUszXTn5eWgGuTWhtIOc87jSqzE,ae3b3df9970b49b6523e608759bc957d
2026-08-06-confrontacao-sa,12JSu0C2my6N0GOBVu75CL6pSLEN6nx5z,moved,_entrada,13cHakxUszXTn5eWgGuTWhtIOc87jSqzE,ae3b3df9970b49b6523e608759bc957d
2026-08-06-confrontacao-sa,11xPsitBpfR5X2EBPoMDNLtRLg1jGP0RF,moved,_entrada,13cHakxUszXTn5eWgGuTWhtIOc87jSqzE,ae3b3df9970b49b6523e608759bc957d
2026-08-06-confrontacao-sa,1tEllev86gObzqgBhlNCso5WYmuBrNUVj,moved,_entrada,13cHakxUszXTn5eWgGuTWhtIOc87jSqzE,ae3b3df9970b49b6523e608759bc957d
2026-08-06-confrontacao-sa,1X0L95B2_c8GZZpSO28ZJr9gzuRlufXF_,moved,_entrada,13cHakxUszXTn5eWgGuTWhtIOc87jSqzE,ae3b3df9970b49b6523e608759bc957d
2026-08-06-confrontacao-sa,1-K3FtacDgTlOaCOQQHW3oAE4-Y0JfAIs,moved,_entrada,13cHakxUszXTn5eWgGuTWhtIOc87jSqzE,ae3b3df9970b49b6523e608759bc957d
2026-08-06-confrontacao-sa,1AM84aI9StYAUwr_dN6N8KE7s4TthyJh4,moved,_entrada,13cHakxUszXTn5eWgGuTWhtIOc87jSqzE,ae3b3df9970b49b6523e608759bc957d
2026-08-06-confrontacao-sa,11eEW2g3134uAOATczvtTFbJ7m6VUAiEy,moved,_entrada,13cHakxUszXTn5eWgGuTWhtIOc87jSqzE,ae3b3df9970b49b6523e608759bc957d
2026-08-06-confrontacao-sa,1Zj211JgFH34wPQ7pxTjeBp8JLbGGA67n,moved,_entrada,13cHakxUszXTn5eWgGuTWhtIOc87jSqzE,ae3b3df9970b49b6523e608759bc957d
2026-08-06-confrontacao-sa,1zIXf9BOp89YmIGMoCKq9nIWOXtIIH5oW,moved,_entrada,13cHakxUszXTn5eWgGuTWhtIOc87jSqzE,ae3b3df9970b49b6523e608759bc957d
2026-08-06-confrontacao-sa,1ReRixQGo-bPkjsCN1Wo8vfS1KWisO6px,moved,_entrada,13cHakxUszXTn5eWgGuTWhtIOc87jSqzE,ae3b3df9970b49b6523e608759bc957d
2026-08-06-confrontacao-sa,1MwFCWES_0ddcrcb9MU8mBgkJT0DvhVy4,moved,_entrada,13cHakxUszXTn5eWgGuTWhtIOc87jSqzE,ae3b3df9970b49b6523e608759bc957d
2026-08-06-confrontacao-sa,1PDVAGQPFStfb6PEtgt5ICSMMoEvtgFdG,moved,_entrada,13cHakxUszXTn5eWgGuTWhtIOc87jSqzE,ae3b3df9970b49b6523e608759bc957d
2026-08-06-confrontacao-sa,1E5g6kteH1lGlB8oIgAOaThG9lzc6WHpc,moved,_entrada,13cHakxUszXTn5eWgGuTWhtIOc87jSqzE,ae3b3df9970b49b6523e608759bc957d
2026-08-06-confrontacao-sa,1FRyPpyw_jSpgSbLkrACxkK4-MCOpGdZY,moved,_entrada,13cHakxUszXTn5eWgGuTWhtIOc87jSqzE,ae3b3df9970b49b6523e608759bc957d
2026-08-06-confrontacao-sa,1s48BP8AfvaERKUaGcgYDxqfO-_FaxtpA,moved,_entrada,13cHakxUszXTn5eWgGuTWhtIOc87jSqzE,ae3b3df9970b49b6523e608759bc957d
2026-08-06-confrontacao-sa,1xhXWWWQfKPSXqkYvY1CwvEIxwmidNQLy,moved,_entrada,13cHakxUszXTn5eWgGuTWhtIOc87jSqzE,ae3b3df9970b49b6523e608759bc957d
2026-08-06-confrontacao-sa,14r7NA6qBsKhy8APnbYc-r_EMCFYHnzFc,moved,_entrada,13cHakxUszXTn5eWgGuTWhtIOc87jSqzE,ae3b3df9970b49b6523e608759bc957d
2026-08-06-confrontacao-sa,1sdWEODP2kMw5AZHz86P9hckBysiL7i-j,moved,_entrada,13cHakxUszXTn5eWgGuTWhtIOc87jSqzE,ae3b3df9970b49b6523e608759bc957d
2026-08-06-confrontacao-sa,1mIDoDCxn3u7W9ZbJNyMzTy--O4a-2VId,moved,_entrada,13cHakxUszXTn5eWgGuTWhtIOc87jSqzE,ae3b3df9970b49b6523e608759bc957d
2026-08-06-confrontacao-sa,10_10_m0aRqTpEZOYYvL8cQTgCmCCshJY,moved,_entrada,13cHakxUszXTn5eWgGuTWhtIOc87jSqzE,ae3b3df9970b49b6523e608759bc957d
2026-08-06-confrontacao-sa,1VWDMVbDrotmUnB-_RQylKKfP6ARV5bQQ,moved,_entrada,13cHakxUszXTn5eWgGuTWhtIOc87jSqzE,ae3b3df9970b49b6523e608759bc957d
2026-08-06-confrontacao-sa,17jewm5IpeGMr6n1nECWvbioGvLHPXZ8r,moved,_entrada,13cHakxUszXTn5eWgGuTWhtIOc87jSqzE,ae3b3df9970b49b6523e608759bc957d
2026-08-06-confrontacao-sa,1iDZ1_gWp191s1gPkmWRnds7RtnI6fF-8,moved,_entrada,13cHakxUszXTn5eWgGuTWhtIOc87jSqzE,ae3b3df9970b49b6523e608759bc957d
2026-08-06-confrontacao-sa,19PYoUsNmsppLIBJwJByxX96IQyFhC3m0,moved,_entrada,13cHakxUszXTn5eWgGuTWhtIOc87jSqzE,ae3b3df9970b49b6523e608759bc957d
2026-08-06-confrontacao-sa,1OKxXmh5-uGKDII3McafwcwV3C4VMmm74,moved,_entrada,13cHakxUszXTn5eWgGuTWhtIOc87jSqzE,ae3b3df9970b49b6523e608759bc957d
2026-08-06-confrontacao-sa,1GM0ZzZHxZ93vcwA5ygcnP4oke-l0k1cI,moved,_entrada,13cHakxUszXTn5eWgGuTWhtIOc87jSqzE,ae3b3df9970b49b6523e608759bc957d
2026-08-06-confrontacao-sa,10EZsQiR9Bhau-MOAZpMN_1yxqVct403c,moved,_entrada,13cHakxUszXTn5eWgGuTWhtIOc87jSqzE,ae3b3df9970b49b6523e608759bc957d
2026-08-06-confrontacao-sa,1yOPzCx8m-aMSRGHL31QfVSBHB88d1HLN,moved,_entrada,13cHakxUszXTn5eWgGuTWhtIOc87jSqzE,ae3b3df9970b49b6523e608759bc957d
2026-08-06-confrontacao-sa,1-at5Mmz0ztlQxyqOrgzyalEVmVgfp4qB,moved,_entrada,13cHakxUszXTn5eWgGuTWhtIOc87jSqzE,ae3b3df9970b49b6523e608759bc957d
2026-08-06-confrontacao-sa,1e5oIvaoDKn0SibfCHEpSE1kgfJcc-4am,moved,_entrada,13cHakxUszXTn5eWgGuTWhtIOc87jSqzE,ae3b3df9970b49b6523e608759bc957d
2026-08-06-confrontacao-sa,1TdKA4mDT4H976x7hQlF7uJZsO7H-U9Es,moved,_entrada,13cHakxUszXTn5eWgGuTWhtIOc87jSqzE,ae3b3df9970b49b6523e608759bc957d
2026-08-06-confrontacao-sa,18hA6uejfmAZsthA26Udjy5jrVrt3NE52,moved,_entrada,13cHakxUszXTn5eWgGuTWhtIOc87jSqzE,ae3b3df9970b49b6523e608759bc957d
2026-08-06-confrontacao-sa,19qYE-rX43kA7ZGapJthIxSiydChkcjsK,moved,_entrada,13cHakxUszXTn5eWgGuTWhtIOc87jSqzE,ae3b3df9970b49b6523e608759bc957d
2026-08-06-confrontacao-sa,17enXtYVOLdxaWSr7icsS7m3E9CUZhTVP,moved,_entrada,13cHakxUszXTn5eWgGuTWhtIOc87jSqzE,ae3b3df9970b49b6523e608759bc957d
2026-08-06-confrontacao-sa,1P-gY6SB1Cm43cz5v3-52lKoQGpTeubvn,moved,_entrada,13cHakxUszXTn5eWgGuTWhtIOc87jSqzE,ae3b3df9970b49b6523e608759bc957d
2026-08-06-confrontacao-sa,1L7Rphc5FU53qnf2-Pqx6dC5k9uEPbHMz,moved,_entrada,13cHakxUszXTn5eWgGuTWhtIOc87jSqzE,ae3b3df9970b49b6523e608759bc957d
2026-08-06-confrontacao-sa,1n74XdX1nxnbT_Fyi83NtVfSdfxtBF0G9,moved,_entrada,13cHakxUszXTn5eWgGuTWhtIOc87jSqzE,ae3b3df9970b49b6523e608759bc957d
2026-08-06-confrontacao-sa,17KR6W7hhqS3nUD79baMxO6f0MjxUfTEi,moved,_entrada,13cHakxUszXTn5eWgGuTWhtIOc87jSqzE,ae3b3df9970b49b6523e608759bc957d
2026-08-06-confrontacao-sa,12Q9SmPl-Qe6NiNLxqdJwhBhpPyeDknsf,moved,_entrada,13cHakxUszXTn5eWgGuTWhtIOc87jSqzE,ae3b3df9970b49b6523e608759bc957d
2026-08-06-confrontacao-sa,1uAyLNmKuUkwL_QWlFuKZs_xRh-Z54qxe,moved,_entrada,13cHakxUszXTn5eWgGuTWhtIOc87jSqzE,ae3b3df9970b49b6523e608759bc957d
2026-08-06-confrontacao-sa,1bsGK2oOnRfqPrbuu3DedqBm8PyrR-vks,moved,_entrada,13cHakxUszXTn5eWgGuTWhtIOc87jSqzE,ae3b3df9970b49b6523e608759bc957d
2026-08-06-confrontacao-sa,1-G-UzkDH6Cc-4EeSu700M33QJkJG7VKW,moved,_entrada,13cHakxUszXTn5eWgGuTWhtIOc87jSqzE,ae3b3df9970b49b6523e608759bc957d
2026-08-06-confrontacao-sa,128wh5SFO5Orem2Y-j0chcdi34OpJGB1j,moved,_entrada,13cHakxUszXTn5eWgGuTWhtIOc87jSqzE,ae3b3df9970b49b6523e608759bc957d
2026-08-06-confrontacao-sa,1syilzKHETZGALQaYLP-D9_3sX0t2tyHB,moved,_entrada,13cHakxUszXTn5eWgGuTWhtIOc87jSqzE,ae3b3df9970b49b6523e608759bc957d
2026-08-06-confrontacao-sa,1H4w4tUFOHCbqf66cRJv5bn1eKDm4Lr9K,moved,_entrada,13cHakxUszXTn5eWgGuTWhtIOc87jSqzE,ae3b3df9970b49b6523e608759bc957d
2026-08-06-confrontacao-sa,1nsa2UCrz1ovHQHF7duVXpOPnOFJ568jX,moved,_entrada,13cHakxUszXTn5eWgGuTWhtIOc87jSqzE,ae3b3df9970b49b6523e608759bc957d
2026-08-06-confrontacao-sa,1579ulMrrS-11MTa09SDDv25cfqmMbtxP,moved,_entrada,13cHakxUszXTn5eWgGuTWhtIOc87jSqzE,ae3b3df9970b49b6523e608759bc957d
2026-08-06-confrontacao-sa,1SdJDrkMzbdD9G_f7Qj1OlF74CdZ_laoe,moved,_entrada,13cHakxUszXTn5eWgGuTWhtIOc87jSqzE,ae3b3df9970b49b6523e608759bc957d
2026-08-06-confrontacao-sa,1Wyb4iCOpmRo-xiHaVCEFNe33GcN3PxGa,moved,_entrada,13cHakxUszXTn5eWgGuTWhtIOc87jSqzE,ae3b3df9970b49b6523e608759bc957d
2026-08-06-confrontacao-sa,1ZWyhj0yMoy9GMWyLXPZnE6CmWm3ex_Y9,moved,_entrada,13cHakxUszXTn5eWgGuTWhtIOc87jSqzE,ae3b3df9970b49b6523e608759bc957d
2026-08-06-confrontacao-sa,1qmEc9-zX8i4w2h_ZsytCuOxgXSLQoFJO,moved,_entrada,13cHakxUszXTn5eWgGuTWhtIOc87jSqzE,ae3b3df9970b49b6523e608759bc957d
2026-08-06-confrontacao-sa,1BMgJcQWuHsMm8HhBslvar17cZv7bcgP2,moved,_entrada,13cHakxUszXTn5eWgGuTWhtIOc87jSqzE,ae3b3df9970b49b6523e608759bc957d
2026-08-06-confrontacao-sa,1ngyMLmE4bWP-cD-qxct9MiI2RcW_amLz,moved,_entrada,13cHakxUszXTn5eWgGuTWhtIOc87jSqzE,ae3b3df9970b49b6523e608759bc957d
2026-08-06-confrontacao-sa,1SFqEyhLRYOP4szYfkIGNgIZk3HK_6MZc,moved,_entrada,13cHakxUszXTn5eWgGuTWhtIOc87jSqzE,ae3b3df9970b49b6523e608759bc957d
2026-08-06-confrontacao-sa,15E66KeFoFh8D0xuTreq1AvxDovbYE65B,moved,_entrada,13cHakxUszXTn5eWgGuTWhtIOc87jSqzE,ae3b3df9970b49b6523e608759bc957d
2026-08-06-confrontacao-sa,12B7OLTZY3K6NChQ3FYMHjEpqgHXm0USZ,moved,_entrada,13cHakxUszXTn5eWgGuTWhtIOc87jSqzE,ae3b3df9970b49b6523e608759bc957d
2026-08-06-confrontacao-sa,1l97rX4U0FhIJiAEEANmHcERjGCM83yoc,moved,_entrada,13cHakxUszXTn5eWgGuTWhtIOc87jSqzE,8b644b1921821d5cd9d32da5360afcbb
2026-08-06-confrontacao-sa,1w9BTEt1YaWFzr_Ufscom2IBICRhlOZkN,moved,_entrada,13cHakxUszXTn5eWgGuTWhtIOc87jSqzE,fed474b70440cbbd0732602d3f505efd
2026-08-06-confrontacao-sa,1JaXthN-AIRfCM32xFt-sXimEZEZvfS3n,moved,_entrada,13cHakxUszXTn5eWgGuTWhtIOc87jSqzE,e7dd12bcb2263131a0e04772d8a2876e
2026-08-06-confrontacao-sa,1N9EE_kEaA4NuZnSitVYWk39X6HuF0rJB,moved,_entrada,13cHakxUszXTn5eWgGuTWhtIOc87jSqzE,2ea778cbcc1df2735af8d0c94d2b2ee1
2026-08-06-confrontacao-sa,1CkeBeAuRdS1ksFWfXh--1yop-NDk3554,moved,_entrada,13cHakxUszXTn5eWgGuTWhtIOc87jSqzE,e9b87e0ead6fd38416f024a24d93653e
2026-08-06-confrontacao-sa,1t1ZHOU4e1zQEV4_dEdsLOCa9gd2rQEV5,moved,_entrada,13cHakxUszXTn5eWgGuTWhtIOc87jSqzE,3460b915e4ed3dc8b557bb3cd5d11af7
2026-08-06-confrontacao-sa,1BPQjn7sAwHcZ-E6TMI4jgMOxJDPoe3LX,moved,_entrada,13cHakxUszXTn5eWgGuTWhtIOc87jSqzE,bad5c289b962f312ffe90a214f28d408
2026-08-06-confrontacao-sa,1RarQnJAbymB9HsNxEHq1UF7utldN_BIo,moved,_entrada,13cHakxUszXTn5eWgGuTWhtIOc87jSqzE,3818bccc83c583ab59ba68b40ca11a4d
2026-08-06-confrontacao-sa,1FtTzMd1EeqpthRPgDhgJZcmkFXAzDPsB,moved,_entrada,13cHakxUszXTn5eWgGuTWhtIOc87jSqzE,6668f482754209fbab2bc04c0c2a307f
2026-08-06-confrontacao-sa,1_XP1ygMs4MI3EhQSBtZTHddI6XxT-l5Z,moved,_entrada,13cHakxUszXTn5eWgGuTWhtIOc87jSqzE,3b8acb7ee3476a184a5e06604cf85440
2026-08-06-confrontacao-sa,14TzWpmAv-wpweTClRig5_w-ROhEBsnKK,moved,_entrada,13cHakxUszXTn5eWgGuTWhtIOc87jSqzE,59f2e6837789da53fb1cb9f162e80405
2026-08-06-confrontacao-sa,1hXIqsHluJbXcneNQmC9MDH6FNMKS0sFU,moved,_entrada,13cHakxUszXTn5eWgGuTWhtIOc87jSqzE,b50bfd99fb94e818bd2743d55320a918
2026-08-06-confrontacao-sa,1IiJfDDF-NgN4cRf458mbC2sysgxOUGnH,moved,_entrada,13cHakxUszXTn5eWgGuTWhtIOc87jSqzE,fd8c44a5015c69f21fe1ce2a6d5bfdf7
2026-08-06-confrontacao-sa,1qCbVvWBn0AZJMlU4pdCmbjq1t2EV0Uqc,moved,_entrada,13cHakxUszXTn5eWgGuTWhtIOc87jSqzE,89da4ceaf4dc32e8c8a297595e48dc71
2026-08-06-confrontacao-sa,1QUznG-hVG3gZK1Y983bY3BIMN4Nse2tZ,moved,_entrada,13cHakxUszXTn5eWgGuTWhtIOc87jSqzE,90c0a29fc8c34fb4c82af6490a954a24
2026-08-06-confrontacao-sa,1pGq8oevYoFKPNSUtBsQ3urTnNmvSIMNd,moved,_entrada,13cHakxUszXTn5eWgGuTWhtIOc87jSqzE,4f1d4afaabfbba9144c91595f8a61f79
2026-08-06-confrontacao-sa,1QC2aORa5XmNweByRSCCwM5c-fprmJ5UP,moved,_entrada,13cHakxUszXTn5eWgGuTWhtIOc87jSqzE,d4f976d12759aa2d3d1ab2a7b7b1843e
2026-08-06-confrontacao-sa,1PE-5cFTkKypb66GeeqWGhdsJLY4iitel,moved,_entrada,13cHakxUszXTn5eWgGuTWhtIOc87jSqzE,c06d93eb207f13bb788e32c81225a1f4
2026-08-06-confrontacao-sa,1Mxb4JGySDWDCTxo0AMPwxuHjWcdugsWa,moved,_entrada,13cHakxUszXTn5eWgGuTWhtIOc87jSqzE,5dd289162ba7f51b019432e3d1b64cca
2026-08-06-confrontacao-sa,1rcMBS8HJJYh6cplV-dIc7lotYzxtXfVz,moved,_entrada,13cHakxUszXTn5eWgGuTWhtIOc87jSqzE,71d7261dd8b2ba39b81954a76619c338
2026-08-06-confrontacao-sa,1hM1Vav-AxXfztTE68bFTn4Xda_ktDhAY,moved,_entrada,13cHakxUszXTn5eWgGuTWhtIOc87jSqzE,f5322f93603497a2527d7a2c7c43f2a9
2026-08-06-confrontacao-sa,1Dhb-nlpQuer3WryV4xi238MSsGnchImQ,moved,_entrada,13cHakxUszXTn5eWgGuTWhtIOc87jSqzE,977d96630ba407555811600dd1f3631d
2026-08-06-confrontacao-sa,1-vwjfp6Gvgg5dPxvYzcCQOLSLZDL3J80,moved,_entrada,13cHakxUszXTn5eWgGuTWhtIOc87jSqzE,f74257ee593a12a088b15c1581dc5d1d
2026-08-06-confrontacao-sa,12SnjQ90NWV7eqJQUmw1mwtwKZM0AEw7v,moved,_entrada,13cHakxUszXTn5eWgGuTWhtIOc87jSqzE,ab4f34a889850ffc2bea811360638f04
2026-08-06-confrontacao-sa,128-Q6SMYzXoZnI-mLRgnArLsSq6MMhMd,moved,_entrada,13cHakxUszXTn5eWgGuTWhtIOc87jSqzE,79032dd67136b411f2c06f99023796b7
2026-08-06-confrontacao-sa,145L3HydsxAzQBRk6smHjMHWFjkxgFWcA,moved,_entrada,13cHakxUszXTn5eWgGuTWhtIOc87jSqzE,a225ab4a829314a1ece82b8e4d0822ba
2026-08-06-confrontacao-sa,11xihHf778wyp6iZlFOGDbhLZyRdcHCIo,moved,_entrada,13cHakxUszXTn5eWgGuTWhtIOc87jSqzE,28282b90d4cae0d99246f628259ce43f
2026-08-06-confrontacao-sa,1RCeVcS-P9cGfi7DkYlNsO_70AADHKXxE,moved,_entrada,13cHakxUszXTn5eWgGuTWhtIOc87jSqzE,b9d0c00bfb6ccf66492604268883c544
2026-08-06-confrontacao-sa,1vwISYLloW9FWli5oBqCoUZK7YN5HEA1i,moved,_entrada,13cHakxUszXTn5eWgGuTWhtIOc87jSqzE,129da306ad62c4624c0fd8bc37443325
2026-08-06-confrontacao-sa,1AJHEgnte91VgyeO0V2mFjSFeVquG30Fb,moved,_entrada,13cHakxUszXTn5eWgGuTWhtIOc87jSqzE,99de79b47432a3ead2239147f29347e4
2026-08-06-confrontacao-sa,1m45YOdSqrwhVgSJw9OM2qrx15xBNQdHz,moved,_entrada,13cHakxUszXTn5eWgGuTWhtIOc87jSqzE,7a0e5cf4c2e0987b4562d99b38f7f5be
2026-08-06-confrontacao-sa,1m67OoFgHQOToMXY1dsKDp6A3Nb55ILa6,moved,_entrada,13cHakxUszXTn5eWgGuTWhtIOc87jSqzE,aafdf4ebb81234aa7d27cecbf51029aa
2026-08-06-confrontacao-sa,1I6FGlutRb1KNThcetzwBDjumzhn7AwDk,moved,_entrada,13cHakxUszXTn5eWgGuTWhtIOc87jSqzE,964f9351bb8e809f62defb24b19aec44
2026-08-06-confrontacao-sa,1M5SdXnV2YTqDEx1ivatE5mgWuFx8ugGV,moved,_entrada,13cHakxUszXTn5eWgGuTWhtIOc87jSqzE,6f316be016d6398973a5f2cbabe4c8d1
2026-08-06-confrontacao-sa,1bUhph2BTbX5dKWyP52SGtkXESE5IY3uo,moved,_entrada,13cHakxUszXTn5eWgGuTWhtIOc87jSqzE,88277536f995e52c53e6cd7f30cee8a4
2026-08-06-confrontacao-sa,13XqOvH6V2O2_tdOqLUZO6ZIWv2MUhw7e,moved,_entrada,13cHakxUszXTn5eWgGuTWhtIOc87jSqzE,68079a32349692947e6ea493d1fc5a16
2026-08-06-confrontacao-sa,1nQV7O9GGtvklYGMo4KJi2kLR2pQ1XJtc,moved,_entrada,13cHakxUszXTn5eWgGuTWhtIOc87jSqzE,c74b0ae7de843e974020487fb3e22f77
2026-08-06-confrontacao-sa,1iTabL6SkI9CVSqrDpjvnJXMwoLHQ8fuv,moved,_entrada,13cHakxUszXTn5eWgGuTWhtIOc87jSqzE,539d7520b8d6c4d77ecad00190dc0e89
2026-08-06-confrontacao-sa,1Q6dJ2fZDnTIIXwGdnVXZxlbIZiO-iTwv,moved,_entrada,13cHakxUszXTn5eWgGuTWhtIOc87jSqzE,2053cadad2c4682667a06d1f1f0d90ff
2026-08-06-confrontacao-sa,1w-aLtKj1xcvXZHE_0bfG4ABbQkUib4qa,moved,_entrada,13cHakxUszXTn5eWgGuTWhtIOc87jSqzE,0cffc1a8a1257290f16e43ccf2f2ff67
2026-08-06-confrontacao-sa,1W6nqVkl8h8GnJ9Kf33UMRqvLp18jGmdf,moved,_entrada,13cHakxUszXTn5eWgGuTWhtIOc87jSqzE,631184ad5f73088e08b9fd49615d6f2f
2026-08-06-confrontacao-sa,1EsHlX4I5b2FbctSYQ1uYzkErA2ul1J36,moved,_entrada,13cHakxUszXTn5eWgGuTWhtIOc87jSqzE,fe920b0263a69f7705ddfc6cb75c58fd
2026-08-06-confrontacao-sa,1X8bZrNvYvS0iWusRvjageSiPSy0QJ6Se,moved,_entrada,13cHakxUszXTn5eWgGuTWhtIOc87jSqzE,7a9affea5743422c7d7dd5baeab35fd8
2026-08-06-confrontacao-sa,11OB9B49SV8J9cD8ldyza3LNUgbIjnJWu,moved,_entrada,13cHakxUszXTn5eWgGuTWhtIOc87jSqzE,71dd844e9cbc3c744d229c0e978bd304
2026-08-06-confrontacao-sa,1P5yZccoN5Lj14YNjDmtZgH-HWTKi2QeI,moved,_entrada,13cHakxUszXTn5eWgGuTWhtIOc87jSqzE,8bcd13ee4a2cd96468e562a7ebb0dd3a
2026-08-06-confrontacao-sa,16RwDwA1ZCeC-ejPqjzT52DDQYV2ubtYF,moved,_entrada,13cHakxUszXTn5eWgGuTWhtIOc87jSqzE,f9ab07941e057fbd05cb353108e37211
2026-08-06-confrontacao-sa,1XY-2d0q2yjx603qLk-x-IiiCknepsEJG,moved,_entrada,13cHakxUszXTn5eWgGuTWhtIOc87jSqzE,1fd07f807301edaaa08c8335dab640f9
2026-08-06-confrontacao-sa,1p4aC2CnZACSO6CQdCvYOmLArxyI8Lvpz,moved,_entrada,13cHakxUszXTn5eWgGuTWhtIOc87jSqzE,59496eb90430b38031100bb0d1b10458
2026-08-06-confrontacao-sa,1dkU6rs8EHpVrxucxiTpBfqu21GB-c1Pe,moved,_entrada,13cHakxUszXTn5eWgGuTWhtIOc87jSqzE,315082e571cce2786e97d3dd2a838c07
2026-08-06-confrontacao-sa,1Qv1dVB2_mQhy8xNwWBTzDHvGIcNwBk8D,moved,_entrada,13cHakxUszXTn5eWgGuTWhtIOc87jSqzE,8c4fe388f579cf9913c7307c91599581
2026-08-06-confrontacao-sa,1VnwHWT5TEuzteM-XtInxxvSfVF_A6brp,moved,_entrada,13cHakxUszXTn5eWgGuTWhtIOc87jSqzE,19df9917d166df07684d51cdf7a4839b
2026-08-06-confrontacao-sa,1bs9RN_MycmOR4IgroGKMtq00_LjKYuTS,moved,_entrada,13cHakxUszXTn5eWgGuTWhtIOc87jSqzE,eb9410ae85cdd6d79abca07a07f4d88b
2026-08-06-confrontacao-sa,11q25wWSLeRIBsJlKfCXg5ucDXzH_Jcbu,moved,_entrada,13cHakxUszXTn5eWgGuTWhtIOc87jSqzE,0dd627a1ec77a137ebfae6b8fa51096c
2026-08-06-confrontacao-sa,1zCc-6LrFaOcCI9mYMKCQLYt_YRcRcIqG,moved,_entrada,13cHakxUszXTn5eWgGuTWhtIOc87jSqzE,f46e42474b2b66c96d4e0e47ce21557e
2026-08-06-confrontacao-sa,1e5B1bZ-eh60ab6LC2vRxQXp4KkxMVdeZ,moved,_entrada,13cHakxUszXTn5eWgGuTWhtIOc87jSqzE,e74c97e72ac859f8c19499cecbbfab7d
2026-08-06-confrontacao-sa,1z5DarUfhGTtgXT8LVjBkCZll50xCfUQn,moved,_entrada,13cHakxUszXTn5eWgGuTWhtIOc87jSqzE,8b7c867a1cecaba5ce55afbf60d8611c
2026-08-06-confrontacao-sa,1WP06Gz1gI3HkXFoxXMAMZYOqf4Yktwk3,moved,_entrada,13cHakxUszXTn5eWgGuTWhtIOc87jSqzE,da683e14638e8a6cf7db415202567439
2026-08-06-confrontacao-sa,1WrNWWrA6p7oRsSj7UHv7Jv8k_7Bo6v1V,moved,_entrada,13cHakxUszXTn5eWgGuTWhtIOc87jSqzE,92ad5ed087545c179cecaef1ba2b5f44
2026-08-06-confrontacao-sa,1oFKRWBWrfZkgTBYh05HT5sGsLw45-KKr,moved,_entrada,13cHakxUszXTn5eWgGuTWhtIOc87jSqzE,86646037a6df05f9532e6e18b56129ed
2026-08-06-confrontacao-sa,1svRtUe9v3z-KcvW2vAsfj1Es3-VUzp44,moved,_entrada,13cHakxUszXTn5eWgGuTWhtIOc87jSqzE,bedaa3b84a32f478962fdee4dc7a3934
2026-08-06-confrontacao-sa,1oMd466wHGLgPz7EQAIyEsZTFzMyDv8Kj,moved,_entrada,13cHakxUszXTn5eWgGuTWhtIOc87jSqzE,33bc33fce9b603a89d2f396dee9d3480
2026-08-06-confrontacao-sa,1rxXU9s0XjD4CTA8Y2x9pha9WJLLU21pP,moved,_entrada,13cHakxUszXTn5eWgGuTWhtIOc87jSqzE,bd1e688cf837fe1ab1e0f0d0fa96aa99
2026-08-06-confrontacao-sa,1gyX_ABVyGzxTJA633BgCmXz0fIYROU2Y,moved,_entrada,13cHakxUszXTn5eWgGuTWhtIOc87jSqzE,fca5ffb473fd15207f4ad4bd7b39f82e
2026-08-06-confrontacao-sa,1K8GsbrMWeL96dwMkS9gQFARbSE6BGnc5,moved,_entrada,13cHakxUszXTn5eWgGuTWhtIOc87jSqzE,b57a932f3de3ed44a28a1f56c2d857e0
2026-08-06-confrontacao-sa,1tzEal48NoGILdjEWRvN18oPjNaBN1hmK,moved,_entrada,13cHakxUszXTn5eWgGuTWhtIOc87jSqzE,baa70602696098c7bab4a1b0ebdfc3c9
2026-08-06-confrontacao-sa,1NGWRIBNnnyRr7o47qJNby7Abw56787I8,moved,_entrada,13cHakxUszXTn5eWgGuTWhtIOc87jSqzE,88fb7f20d3961eef7bdbe4d02860ee4a
2026-08-06-confrontacao-sa,1DDifUY1oKzv3qxdL6qrv-Cpmd6s0r_uT,moved,_entrada,13cHakxUszXTn5eWgGuTWhtIOc87jSqzE,12d3001c6f2fc0c81797d438ed83daf7
2026-08-06-confrontacao-sa,1Ema8lBbNkwYbStDTZKWuX0qQr8E_i-Vx,moved,_entrada,13cHakxUszXTn5eWgGuTWhtIOc87jSqzE,eb5edea9133c613422889cb3918f14e8
2026-08-06-confrontacao-sa,1jgasFtfubTxaRaNX_aC7fnj0fkRnGgPy,moved,_entrada,13cHakxUszXTn5eWgGuTWhtIOc87jSqzE,a0c6a13a3e5390e2294bc6207c6904fa
2026-08-06-confrontacao-sa,1vR05zPMPPU95vYDotY9ZncA8v3sQi6A3,moved,_entrada,13cHakxUszXTn5eWgGuTWhtIOc87jSqzE,2c655c9e56bceb8c5599149fb6fa9a09
2026-08-06-confrontacao-sa,1-UWCNzq3m_ncQoLADSwsSsGMsiy9YVBe,moved,_entrada,13cHakxUszXTn5eWgGuTWhtIOc87jSqzE,2a38f541cf0b4f33463138c37a5b2e9e
2026-08-06-confrontacao-sa,1vhYpZAl2PI3T5APXH5PgaD6Io-9aJKvv,moved,_entrada,13cHakxUszXTn5eWgGuTWhtIOc87jSqzE,ab4266b612982ecd3efc9640639b3ffd
2026-08-06-confrontacao-sa,1qubsAXSrBz4D6ytvIn9tYuIhDR8CRF4B,moved,_entrada,13cHakxUszXTn5eWgGuTWhtIOc87jSqzE,fc59e1fed03a6616c76dd7c03640ab99
2026-08-06-confrontacao-sa,1-lCwDI9arVE1KbcCESvPhslw8QxshvRy,moved,_entrada,13cHakxUszXTn5eWgGuTWhtIOc87jSqzE,e6aa131f1561c080976aea8c782d1248
2026-08-06-confrontacao-sa,14er5oN7z1PFaBBQFSSQt4ajeT6WtrIya,moved,_entrada,13cHakxUszXTn5eWgGuTWhtIOc87jSqzE,d8adcd6cfba707f7e603026d6f19235a
2026-08-06-confrontacao-sa,1Ni7Jcx9MKGBWs8ROy-q2McpJtYQSc8-F,moved,_entrada,13cHakxUszXTn5eWgGuTWhtIOc87jSqzE,9e53b5746ded5c33a53e38a92bb7cabf
2026-08-06-confrontacao-sa,1FYGildvoDR8miM04A8mueLRHBTSBxI6z,moved,_entrada,13cHakxUszXTn5eWgGuTWhtIOc87jSqzE,85f44cde3205b729e0fcd6cf4907727d
2026-08-06-confrontacao-sa,1dRHpixkQ4Nry0lNRTVYe6sOKSzgWSjj0,moved,_entrada,13cHakxUszXTn5eWgGuTWhtIOc87jSqzE,f99adaf5598d91e4cca0384c85816011
2026-08-06-confrontacao-sa,1oCb-H1HJ76q6FEUGEgUnzyCLd2Yk5nxh,moved,_entrada,13cHakxUszXTn5eWgGuTWhtIOc87jSqzE,1086e85126e33300fd325e2555529e8e
2026-08-06-confrontacao-sa,16lbtKofmfx_ywBfvDAY1uWjDwo08Y1CM,moved,_entrada,13cHakxUszXTn5eWgGuTWhtIOc87jSqzE,81d2a258a97d38938fbf8e76c1e8d0a8
2026-08-06-confrontacao-sa,1ovz7xKPaeULmrzXtBHKsKqsAY-oSC9Lo,moved,_entrada,13cHakxUszXTn5eWgGuTWhtIOc87jSqzE,acd9b405ed5d6b2ec6de7c43edf014d7
2026-08-06-confrontacao-sa,1CSl0Ou0S47IfS8_hb-Jy-NTS_XWNm054,moved,_entrada,13cHakxUszXTn5eWgGuTWhtIOc87jSqzE,1211d026126ed0da6a1b878109eee58a
2026-08-06-confrontacao-sa,1IU6KOH3Rqqs24kuKhH3z9ARhTA1XusSK,moved,_entrada,13cHakxUszXTn5eWgGuTWhtIOc87jSqzE,da870961b40745e6259cdac2dd6b9048
2026-08-06-confrontacao-sa,1HKnGSP3zde8GM1X323gJLqP3VajzIZ4o,moved,_entrada,13cHakxUszXTn5eWgGuTWhtIOc87jSqzE,0f6190fffcb42ae0876e72c6cc6bc9a9
2026-08-06-confrontacao-sa,18VXOI9zZmG9xIh4AU3RVcpNwO8W1XeAQ,moved,_entrada,13cHakxUszXTn5eWgGuTWhtIOc87jSqzE,bae63b1b69475f90bba4f79abd98ddaf
2026-08-06-confrontacao-sa,19k0VhDZuBsbPxsAHu-l_Sg77Xyz5DVF-,moved,_entrada,13cHakxUszXTn5eWgGuTWhtIOc87jSqzE,2cb8b580603fb838445c86c8f6f1db48
2026-08-06-confrontacao-sa,1A48HdMmWjQohabROkf2xIs91pxwkDZx5,moved,_entrada,13cHakxUszXTn5eWgGuTWhtIOc87jSqzE,dd2c9534448d63d150ba17dd298ebe1b
2026-08-06-confrontacao-sa,1qP9IZz_qk3xPwfYERSW7FcSrVqnyKnLx,moved,_entrada,13cHakxUszXTn5eWgGuTWhtIOc87jSqzE,cd04c173905495f98b0317ec077cf3d5
2026-08-06-confrontacao-sa,1MVSNlR_IsTAzVLEfkt3wdbroMpaSauxF,moved,_entrada,13cHakxUszXTn5eWgGuTWhtIOc87jSqzE,e09f4f142e9585d346ad8cd945d2c23b
2026-08-06-confrontacao-sa,19fvltM8FYbg7QdNuRgjGKOIWDraB2Kte,moved,_entrada,13cHakxUszXTn5eWgGuTWhtIOc87jSqzE,83b89fb4f889500dfcdf981174676460
2026-08-06-confrontacao-sa,1M3MvOHSrSfEKNJZLXOuxcpH27mxxzExh,moved,_entrada,13cHakxUszXTn5eWgGuTWhtIOc87jSqzE,2ec4b8ccd7cfb0d998aeca8bae436cd7
2026-08-06-confrontacao-sa,1_Ar2AIN3PCsUsk6b9t9uWniWD_kla7kh,moved,_entrada,13cHakxUszXTn5eWgGuTWhtIOc87jSqzE,b171e8758d074446d96485fa45cf149f
2026-08-06-confrontacao-sa,1Sd4ubqF58u37Iy5KJ9MH9LZ9VS6FnW4K,moved,_entrada,13cHakxUszXTn5eWgGuTWhtIOc87jSqzE,48cb2263190ed12dea1986c7867270c1
2026-08-06-confrontacao-sa,1KEcBGB6DZTDz8qmPh16uvOHx-sBLqZGA,moved,_entrada,13cHakxUszXTn5eWgGuTWhtIOc87jSqzE,e3158f499ad6d53cb0870e651cf51654
2026-08-06-confrontacao-sa,1rUO8ZPBaRiTSr4DCSN_dtsiXigauIcSn,moved,_entrada,13cHakxUszXTn5eWgGuTWhtIOc87jSqzE,da6f8b42980fe040343194d35f2eb310
2026-08-06-confrontacao-sa,1fyh4Y4-AWuv2ubLQgXZ3__b64A9MrCGm,moved,_entrada,13cHakxUszXTn5eWgGuTWhtIOc87jSqzE,f0ea5af3a97f735e373c830fe7d89322
2026-08-06-confrontacao-sa,1xS1fgMyAaZEIUJngZaPNV9n0eRyRAjEo,moved,_entrada,13cHakxUszXTn5eWgGuTWhtIOc87jSqzE,ef93bbfee0113d9b29c8dd44886eaf78
2026-08-06-confrontacao-sa,1an86Fb4hoYuypXytaGroM4hiYOkDu1kb,moved,_entrada,13cHakxUszXTn5eWgGuTWhtIOc87jSqzE,30195f84b7f0bcdfa6096d4976b33df2
2026-08-06-confrontacao-sa,133W7FKypghkjv8av3LwZi3Cvq8wZA4nt,moved,_entrada,13cHakxUszXTn5eWgGuTWhtIOc87jSqzE,99393668f9a7cf95840b77262f9cb7dc
2026-08-06-confrontacao-sa,10NSK4m6xPCfHk7D15YMobZrYaV_m4Et_,moved,_entrada,13cHakxUszXTn5eWgGuTWhtIOc87jSqzE,944dbbcc16e61e746c0a91062fd42856
2026-08-06-confrontacao-sa,1RmxHhiN3d4vRP5dcT1Xefl6bhl3OiQ43,moved,_entrada,13cHakxUszXTn5eWgGuTWhtIOc87jSqzE,40aa6899ecfbf3816b6bc56acad6f7ce
2026-08-06-confrontacao-sa,15KsijxtYdSXVmIiPWzo7rCTDHYxAY8Nu,moved,_entrada,13cHakxUszXTn5eWgGuTWhtIOc87jSqzE,f5fa6325a13f2b0e28472b7d0adccc60
2026-08-06-confrontacao-sa,1EYolc3JQ70n8PPxnijDcTnkQjUxX5jqP,moved,_entrada,13cHakxUszXTn5eWgGuTWhtIOc87jSqzE,00631f4089e1baa196f9c73c8e0f4bbf
2026-08-06-confrontacao-sa,1w0p-NWVFsT9lWqP6WUXCL6uXX9yggAVg,moved,_entrada,13cHakxUszXTn5eWgGuTWhtIOc87jSqzE,2a89435bb08fe53b8809da0eb2e33a4b
2026-08-06-confrontacao-sa,1udVpBLbumU-fLwI54l3dW-VyeZS-APFh,moved,_entrada,13cHakxUszXTn5eWgGuTWhtIOc87jSqzE,d4e2ea9656dc637295b9b8571e316297
2026-08-06-confrontacao-sa,16FE-TMxgZChqKwAr7NgXAsKNBI-SoPjm,moved,_entrada,13cHakxUszXTn5eWgGuTWhtIOc87jSqzE,a5745c8e732a845995d0e6d9944668f3
2026-08-06-confrontacao-sa,1gf-UJjS04DzVmxq7uCjkYkKZtjH5K7kV,moved,_entrada,13cHakxUszXTn5eWgGuTWhtIOc87jSqzE,485ae4f516ea97aa431e89a73f198f49
2026-08-06-confrontacao-sa,1Uo_HQ5lUL-YI9Ct8SogGfJqB8sgrRs8f,moved,_entrada,13cHakxUszXTn5eWgGuTWhtIOc87jSqzE,b9ed3b6caca642de80b17c43228bc69f
2026-08-06-confrontacao-sa,1EbUR8rMuwwCeHUqWs-jysMRf_mx_m9rG,moved,_entrada,13cHakxUszXTn5eWgGuTWhtIOc87jSqzE,fda9151c21cc417df206206ed80cbc67
2026-08-06-confrontacao-sa,16rCzIbKwVTnIHORTerc6361ANRQIXHD6,moved,_entrada,13cHakxUszXTn5eWgGuTWhtIOc87jSqzE,d2692572885cae7ef555326a5da84067
2026-08-06-confrontacao-sa,1thOZGp2kp9EE5DW3dA23Qn5MeBHb0-H2,moved,_entrada,13cHakxUszXTn5eWgGuTWhtIOc87jSqzE,3ee5441ff9d58584b98a6454bed7d328
2026-08-06-confrontacao-sa,1Nm329XYLcuwRmIJ5JY38UIjHwD73DSET,moved,_entrada,13cHakxUszXTn5eWgGuTWhtIOc87jSqzE,a51ca2abdeebf6111efa1632ffa6e128
2026-08-06-confrontacao-sa,14SrGOV_YAmBNqEjguPCpnS9Th3Ur7-kv,moved,_entrada,13cHakxUszXTn5eWgGuTWhtIOc87jSqzE,b3c8be18672a89acb7cc6ad5baeba5dd
2026-08-06-confrontacao-sa,1J7Pjj_N4ri9DMPMpah4YiZhJovySUF8_,moved,_entrada,13cHakxUszXTn5eWgGuTWhtIOc87jSqzE,e30213dd7a450e76f311c729b7a604b6
2026-08-06-confrontacao-sa,1DQHyKRMG0oc9Vu3BGKUcC99pfUBMoPOR,moved,_entrada,13cHakxUszXTn5eWgGuTWhtIOc87jSqzE,96d1a6185cef9489cd6bdc12e5c71e74
2026-08-06-confrontacao-sa,1akEtZ_cJaERt93QFAQNHJgKAKx9ymFFR,moved,_entrada,13cHakxUszXTn5eWgGuTWhtIOc87jSqzE,55f7a8de137da8e3fe0e343f202d0109
2026-08-06-confrontacao-sa,1jrbJNHL12Y7cx8DXQfrEKBH4D4O0XT5D,moved,_entrada,13cHakxUszXTn5eWgGuTWhtIOc87jSqzE,246a6a5298ea14dc2d23fac2c0fedbba
2026-08-06-confrontacao-sa,1JzCSZ6HWQBt71MHF9VZ8RIcrjcZzspWa,moved,_entrada,13cHakxUszXTn5eWgGuTWhtIOc87jSqzE,393fa2a36ffa59d10f46ed0d3471129b
2026-08-06-confrontacao-sa,1bi121aMT_s2mCkL3hFCCsE9BLnlVnR1K,moved,_entrada,13cHakxUszXTn5eWgGuTWhtIOc87jSqzE,26a18a9acbd66565a825320dd1b870f8
2026-08-06-confrontacao-sa,1EWrPoWRPtfKpBYKHuVelT-cXwOr-DMRq,moved,_entrada,13cHakxUszXTn5eWgGuTWhtIOc87jSqzE,26ae8dc7827566b1379ad75033ebfcfd
2026-08-06-confrontacao-sa,1VxxU_Vn05ztiToNnimjN39cTZesEreuX,moved,_entrada,13cHakxUszXTn5eWgGuTWhtIOc87jSqzE,31e38c024e360e5a6f852cd09e35f2a8
2026-08-06-confrontacao-sa,1fQDXybzMuZpUX-C8V1s_AG-64VdBgQ-q,moved,_entrada,13cHakxUszXTn5eWgGuTWhtIOc87jSqzE,f933d728404183d3441aea725e45cc37
2026-08-06-confrontacao-sa,1XgSO6txivYIC-Pb5JyRtm-4g7QjhgYCP,moved,_entrada,13cHakxUszXTn5eWgGuTWhtIOc87jSqzE,f4ea3a3bcf40ce7cfe5ce398b95f26d7
2026-08-06-confrontacao-sa,1m-8DQati_rZAaSMXZyRtAwgjZyl_OUUw,moved,_entrada,13cHakxUszXTn5eWgGuTWhtIOc87jSqzE,a19dd9a356bfff46a2b65f91cc62cb12
2026-08-06-confrontacao-sa,1zw5eATxdfybhy3I3FQUhK7HG_GwFgtXg,moved,_entrada,13cHakxUszXTn5eWgGuTWhtIOc87jSqzE,e734355022eab50ad9a7318c6038085a
2026-08-06-confrontacao-sa,1ow3POFK_fZwg4CBOLt7v125LspLrGWEr,moved,_entrada,13cHakxUszXTn5eWgGuTWhtIOc87jSqzE,7ac806345649648fb76c3746585e87de
2026-08-06-confrontacao-sa,155j1SVjlYEsi0jmNnESnF9_TG_W4AUgJ,moved,_entrada,13cHakxUszXTn5eWgGuTWhtIOc87jSqzE,5907f4e96920a83f60d46324791e88c4
2026-08-06-confrontacao-sa,1LHd4bqLsSrWCSzTHdmlRbHuUx2CFj3eZ,moved,_entrada,13cHakxUszXTn5eWgGuTWhtIOc87jSqzE,62971f504ea50a6c5799085774b65234
2026-08-06-confrontacao-sa,1KShYeZLhvQC4_FsWUEBOsRNYLjmOVti_,moved,_entrada,13cHakxUszXTn5eWgGuTWhtIOc87jSqzE,5a383dd253e546ec6d784f9a4dcb9b16
2026-08-06-confrontacao-sa,1SLxlytFH4pyFgerqPzrTRpbJfP1ignPs,moved,_entrada,13cHakxUszXTn5eWgGuTWhtIOc87jSqzE,a0406f5cdbfe817083f0be8cab65642c
2026-08-06-confrontacao-sa,1epcHlLAToSjIRHjp7JwFkGjd--CqZJ4L,moved,_entrada,13cHakxUszXTn5eWgGuTWhtIOc87jSqzE,244349733611061ad8efe3971726f6ce
2026-08-06-confrontacao-sa,1ibInoq_a-LUhzCON72rkLcp84lKluHmi,moved,_entrada,13cHakxUszXTn5eWgGuTWhtIOc87jSqzE,b34b329943b6b8f494ea6ceda94e8e57
2026-08-06-confrontacao-sa,1Aqjv7b4VHNDXGW_e_XUSyQVd56m-xVd5,moved,_entrada,13cHakxUszXTn5eWgGuTWhtIOc87jSqzE,68ea6d71fe57e7a7720ffb00e447b508
2026-08-06-confrontacao-sa,1yL4uy55AofDI9krPjB5aK0O1_vikLn66,moved,_entrada,13cHakxUszXTn5eWgGuTWhtIOc87jSqzE,1e11052e4e5935803ec722fa6afee928
2026-08-06-confrontacao-sa,1NMSct-_PSqfwE5LD23yXtCVDLxZLNOIS,moved,_entrada,13cHakxUszXTn5eWgGuTWhtIOc87jSqzE,39a3291926f9d5344cd8d54dddcb4f70
2026-08-06-confrontacao-sa,1QFJZEeLVDRNSf52Vh5raIneQutgKhg_y,moved,_entrada,13cHakxUszXTn5eWgGuTWhtIOc87jSqzE,b379b53415145c105de08cbae104d640
2026-08-06-confrontacao-sa,1sK777kMx3PeNCsMX_fWOCSXRShJ1yuha,moved,_entrada,13cHakxUszXTn5eWgGuTWhtIOc87jSqzE,ac46f7eb5c154569310e3fa6b9383541
2026-08-06-confrontacao-sa,1sXMnFTWFLpZ4uFjhYsKXkuiqYO9FEcwP,moved,_entrada,13cHakxUszXTn5eWgGuTWhtIOc87jSqzE,74c36e4c22c7a9502318fa4db729885e
2026-08-06-confrontacao-sa,1NErQPFRvQuijdvAorPYkXTsqBBe3Qk4a,moved,_entrada,13cHakxUszXTn5eWgGuTWhtIOc87jSqzE,32aafd2317043f6bc37cf86eb22a4ae8
2026-08-06-confrontacao-sa,1BZ3jmdV2G43M-u8rYyFj0D2y14YSqpcr,moved,_entrada,13cHakxUszXTn5eWgGuTWhtIOc87jSqzE,07ab79949dd722eb6ff26277c1a22f03
2026-08-06-confrontacao-sa,1OK2gy38ii8UwDGC1kbwkPXyk3OrtWLSU,moved,_entrada,13cHakxUszXTn5eWgGuTWhtIOc87jSqzE,5708ddb1b07ecb2d880d47a1ca3ba54c
2026-08-06-confrontacao-sa,17U8mqfJidGUG4cNECFB9_MWpWQru30eI,moved,_entrada,13cHakxUszXTn5eWgGuTWhtIOc87jSqzE,2dde86a971611db2a4ef0654128658d7
2026-08-06-confrontacao-sa,1nVOp0H9lKeISP145z9zRoS-1yaP6yyCs,moved,_entrada,13cHakxUszXTn5eWgGuTWhtIOc87jSqzE,ade26337e8b6466a83e2fbb2d2316a38
2026-08-06-confrontacao-sa,1Vp6pZp_WXed1WafORW9gj5ByVuGjlmwz,moved,_entrada,13cHakxUszXTn5eWgGuTWhtIOc87jSqzE,317c388616b4dab013261d93bfa3ee2c
2026-08-06-confrontacao-sa,17fh_SW1G4QIVcFYscpAWAkbjye3v-CBx,moved,_entrada,13cHakxUszXTn5eWgGuTWhtIOc87jSqzE,c97c6eeb830b235e63f3f0701a549091
2026-08-06-confrontacao-sa,1dgb-rWqPHE1KaFF1eKcdko-awnMlA9as,moved,_entrada,13cHakxUszXTn5eWgGuTWhtIOc87jSqzE,70fd5004591f6a79c3fd6949000a6b24
2026-08-06-confrontacao-sa,1La3lcOp2Urj2IC718HrZHclE68rtt_1l,moved,_entrada,13cHakxUszXTn5eWgGuTWhtIOc87jSqzE,a372cff07ffb2c887ee8938c115ea001
2026-08-06-confrontacao-sa,1-JrFc1eXf-ujW0a1UPHTNUmk6P5QpdzC,moved,_entrada,13cHakxUszXTn5eWgGuTWhtIOc87jSqzE,993e5530f52928bc4f88b83f01edfb03
2026-08-06-confrontacao-sa,1VgJ2qLBXDfFOV-9r7yZr66TDLS_Vq5hn,moved,_entrada,13cHakxUszXTn5eWgGuTWhtIOc87jSqzE,90c5637578b14a3058c14a09c19c45c3
2026-08-06-confrontacao-sa,1XKBoG50cZVU9GZr_n-uj4jCQYrlHfNgb,moved,_entrada,13cHakxUszXTn5eWgGuTWhtIOc87jSqzE,8fdefdeb6a496936296c187734c1138c
2026-08-06-confrontacao-sa,1qzlJAAM8c4w2HZyIt2HRN-3WuO5i-lGr,moved,_entrada,13cHakxUszXTn5eWgGuTWhtIOc87jSqzE,3539b90166b4408a85ac30a4fa917be7
2026-08-06-confrontacao-sa,1a_4KFg5FsUwmasqhNfaQ22ik97Uahm7C,moved,_entrada,13cHakxUszXTn5eWgGuTWhtIOc87jSqzE,fe1d39d9058198248cea5bb0cbbcab25
2026-08-06-confrontacao-sa,1BUC2LS8Q-SFLqlzOayoARsYV01GM86yE,moved,_entrada,13cHakxUszXTn5eWgGuTWhtIOc87jSqzE,b712b8faba3478b4192031c623b1da29
2026-08-06-confrontacao-sa,1JKl77g5p7ZRo3TXkZlL2DO05wlU3FzCt,moved,_entrada,13cHakxUszXTn5eWgGuTWhtIOc87jSqzE,811c7db340cb208c8ed0fc7c96942dc7
2026-08-06-confrontacao-sa,1jtlSmTUV4PFy9VgEm_izalDAxPxuiawp,moved,_entrada,13cHakxUszXTn5eWgGuTWhtIOc87jSqzE,85df51bc5498abac56f7f7ec8bcd7cf3
2026-08-06-confrontacao-sa,1pBSVKgyv1LrWJZ-qqKt7zw-cEq50FZLe,moved,_entrada,13cHakxUszXTn5eWgGuTWhtIOc87jSqzE,1bfd0dc05997077e1c813e085be2615b
2026-08-06-confrontacao-sa,190IdhCnqySCOyqsTyONdwKaKnEbbxWKF,moved,_entrada,13cHakxUszXTn5eWgGuTWhtIOc87jSqzE,a8b1b1be01b7fa4440cd24de8a9337a8
2026-08-06-confrontacao-sa,1eRrPESI-HaVAsMHKjh7xomcUR1GjuAmL,moved,_entrada,13cHakxUszXTn5eWgGuTWhtIOc87jSqzE,1498f790f101ebdc2caa605fad6a2ce3
2026-08-06-confrontacao-sa,1oHq43O23kz6muLIOH9FoJxM2Va3_jVte,moved,_entrada,13cHakxUszXTn5eWgGuTWhtIOc87jSqzE,b5eac16c539c32b4cd767bcb563e704c
2026-08-06-confrontacao-sa,1lMNH6eCwLTHn8EuhJPjZzOY9Dr9bhsIn,moved,_entrada,13cHakxUszXTn5eWgGuTWhtIOc87jSqzE,734cfe4819c039e5b252c951d7c78e2d
2026-08-06-confrontacao-sa,1bi0ijZkiGG6vZFNlKocGPCLtsDSgxw7J,moved,_entrada,13cHakxUszXTn5eWgGuTWhtIOc87jSqzE,716e799c6ee7e6a675193959454e26a1
2026-08-06-confrontacao-sa,1aZo5oHotLhr7_aGV-8N5qZuyuLR_B9mV,moved,_entrada,13cHakxUszXTn5eWgGuTWhtIOc87jSqzE,686d3d15fbf259c54987119b3f90896d
2026-08-06-confrontacao-sa,1zBQReIZWfu4Eh70_bt2dZCQHFT1Ko8HA,moved,_entrada,13cHakxUszXTn5eWgGuTWhtIOc87jSqzE,c8523e5fe625b9d5e1875aed519a313d
2026-08-06-confrontacao-sa,1IGN6Ei5BMGb9WRJaYhfXdzUe-Vx0psWC,moved,_entrada,13cHakxUszXTn5eWgGuTWhtIOc87jSqzE,8479d1c79827d90867235ccbad878f75
2026-08-06-confrontacao-sa,1jrTRZW8d5FYAkaGHkkRwRjtHwR_PZv7o,moved,_entrada,13cHakxUszXTn5eWgGuTWhtIOc87jSqzE,d1cc52e9d9228bb69b933d45b478fa35
2026-08-06-confrontacao-sa,1euhdiG7U9hxwGwm8OjEfPJ2V1D-NdLCe,moved,_entrada,13cHakxUszXTn5eWgGuTWhtIOc87jSqzE,bf88061cab0cda6f3b5f70166c5c22d4
2026-08-06-confrontacao-sa,1HJ85JDVP7AkMLc0JPllC9DTFjyNO4AvN,moved,_entrada,13cHakxUszXTn5eWgGuTWhtIOc87jSqzE,1738acd52ceb6f8da5edc8e1e72c23f8
2026-08-06-confrontacao-sa,1ryCbpO_CcsQzRhtVy7QCnpGboV2pt1fG,moved,_entrada,13cHakxUszXTn5eWgGuTWhtIOc87jSqzE,adf40b6def40299c2c5a87adf20051b6
2026-08-06-confrontacao-sa,1rqv2hdWkex0sFuE88mdw-33AjxDxd7SQ,moved,_entrada,13cHakxUszXTn5eWgGuTWhtIOc87jSqzE,ace2f9bf7ac7d79e2d34bb67650d4abc
2026-08-06-confrontacao-sa,1pnRH74jc_ghu6MsBPBPu9H3wBK8d3NMO,moved,_entrada,13cHakxUszXTn5eWgGuTWhtIOc87jSqzE,1afa8da0acea7f7534771c76848fe7f0
2026-08-06-confrontacao-sa,1TVgoFFnjTIZuGIQ0HBikLtWr_7qJXdzm,moved,_entrada,13cHakxUszXTn5eWgGuTWhtIOc87jSqzE,116dad7d067f000b37e20eaf3b2312b2
2026-08-06-confrontacao-sa,1-oCvl5Al8VVnNVzy3KPpMeVpHT2raf2W,moved,_entrada,13cHakxUszXTn5eWgGuTWhtIOc87jSqzE,cf4a0c8a56fabb2d2a7de60d3d8f4137
2026-08-06-confrontacao-sa,1wzzJEb5B1AgDzpekTHW4tloJt0siWeFA,moved,_entrada,13cHakxUszXTn5eWgGuTWhtIOc87jSqzE,5b238047acdcf27e552f3fac538f605d
2026-08-06-confrontacao-sa,1Ds4-fWYjMLvcKXyOz5zeUwA6yvqG_V0T,moved,_entrada,13cHakxUszXTn5eWgGuTWhtIOc87jSqzE,ce002809b0191f20777505ccf369fe9b
2026-08-06-confrontacao-sa,1JHds7xrTrvMkMambfpX1s0O3GwwvO2GP,moved,_entrada,13cHakxUszXTn5eWgGuTWhtIOc87jSqzE,b44f71d1266181fa96e141d8bbde9263
2026-08-06-confrontacao-sa,1R2p5tkqAfmzPafqQYbI-2DdGhRF6uQA5,moved,_entrada,13cHakxUszXTn5eWgGuTWhtIOc87jSqzE,5a966818a342d693b9809bec47af3b50
2026-08-06-confrontacao-sa,1LpK_TzGGQjAj-wqgLwXDLrrsIvg0EIHw,moved,_entrada,13cHakxUszXTn5eWgGuTWhtIOc87jSqzE,b53cbea8a9caced89e9bad36da456c41
2026-08-06-confrontacao-sa,1EG0Z9j0RlypPXBp6YqwPxEfwhe5CFpl4,moved,_entrada,13cHakxUszXTn5eWgGuTWhtIOc87jSqzE,1c6c01ca18d4d65eb5719e17eb13da88
2026-08-06-confrontacao-sa,1hsv1m75688JHMbUkBywr99N0BHgei61k,moved,_entrada,13cHakxUszXTn5eWgGuTWhtIOc87jSqzE,d370d6bcbe009b8859c9c16ce13b68d6
2026-08-06-confrontacao-sa,1AfroFtFUZeEtutM6mTfI_Z6qmIE40zvs,moved,_entrada,13cHakxUszXTn5eWgGuTWhtIOc87jSqzE,e1485f0bfb4d4dbaf952815f804ea657
2026-08-06-confrontacao-sa,1g0-R4UpD2Xp_Z9lqny4Rq7CAhtUyitCt,moved,_entrada,13cHakxUszXTn5eWgGuTWhtIOc87jSqzE,038f14c27bdff6596dff0ef2c4bb5546
2026-08-06-confrontacao-sa,1CJG1-puBa1Y0o2q0XFvVL73DwC8mQU1u,moved,_entrada,13cHakxUszXTn5eWgGuTWhtIOc87jSqzE,893f719547ab1fe60c37396d50e86ec0
2026-08-06-confrontacao-sa,12sNTSivpBXB8BSSsbTx4YCPz-bcacVjj,moved,_entrada,13cHakxUszXTn5eWgGuTWhtIOc87jSqzE,a7ae50c121b275aa2fd09100708e6846
2026-08-06-confrontacao-sa,1Hwg1BOX0STkDMXn305MPKPdOltuFEuUJ,moved,_entrada,13cHakxUszXTn5eWgGuTWhtIOc87jSqzE,75d736ffaecf96eee9fecd30887f161b
2026-08-06-confrontacao-sa,1Ao88zmCukVi-p2MCRhXGIMTohZIeOmcW,moved,_entrada,13cHakxUszXTn5eWgGuTWhtIOc87jSqzE,799503ef975e8153fc64647e97f3f1da
2026-08-06-confrontacao-sa,1WXutyqlKAkZa7LDhnztXite-WaZ7G-aB,moved,_entrada,13cHakxUszXTn5eWgGuTWhtIOc87jSqzE,8f958c7e19d8b734a5ae6ece810ac388
2026-08-06-confrontacao-sa,1IliJE4_5HaRTRUYQpwqO9Nj-Tsb8ZnEX,moved,_entrada,13cHakxUszXTn5eWgGuTWhtIOc87jSqzE,9a0bdcafb1cd4e0211d19d80bb537aa8
2026-08-06-confrontacao-sa,15q3wZEgioQj3dBaVSdhv4ZxOhvn6Kgqu,moved,_entrada,13cHakxUszXTn5eWgGuTWhtIOc87jSqzE,06e927078ad46fabb0e5337e442b558f
2026-08-06-confrontacao-sa,1B1eIGHHnyyqpHE72uh1f4OMnOQR_xCht,moved,_entrada,13cHakxUszXTn5eWgGuTWhtIOc87jSqzE,74db3f8b54cc649575b51df8e39e9545
2026-08-06-confrontacao-sa,1tDc0bv3_y7dE5-aCZRKye1UTpkRVvjF8,moved,_entrada,13cHakxUszXTn5eWgGuTWhtIOc87jSqzE,8767a560bfbea0a8c103b38ea02d567a
2026-08-06-confrontacao-sa,1q6OQ-m7_HHDgWNXemlcszDd9bQ5kgyUT,moved,_entrada,13cHakxUszXTn5eWgGuTWhtIOc87jSqzE,d98118b5184919f00b2d4ba0c63e1175
2026-08-06-confrontacao-sa,1eAKH8f_kjaiIv7pehPP8P5X7_cYB0uGv,moved,_entrada,13cHakxUszXTn5eWgGuTWhtIOc87jSqzE,73a86ec8e0f7e48ea1770b988bee6b6f
2026-08-06-confrontacao-sa,1kKiJC672uu1RerQqH335fFn-p-xjiynP,moved,_entrada,13cHakxUszXTn5eWgGuTWhtIOc87jSqzE,3c93382e08820a32c7bf995c7d8dea55
2026-08-06-confrontacao-sa,1ex8-dAGUoW9OS2o1DJrzZv52myL5HUTp,moved,_entrada,13cHakxUszXTn5eWgGuTWhtIOc87jSqzE,5e124dc4f63e33f301cc725747d89bb8
2026-08-06-confrontacao-sa,1Hxg3YrdhTZbMKZ_xujoLkQA9Ph1f7D9l,moved,_entrada,12CTTZPKaWePwjTN_tVI6HXU53mEOKj8U,ae3b3df9970b49b6523e608759bc957d
2026-08-06-confrontacao-sa,19zdjqgfsAlU9ocuhonZMh5GuvVuKMhDx,moved,_entrada,12CTTZPKaWePwjTN_tVI6HXU53mEOKj8U,d98f2befcc31e581bb729c0c909f3e5d
2026-08-06-confrontacao-sa,1eGzN14zxTDaV_znzqLIijvUtS64m97Ua,moved,_entrada,12CTTZPKaWePwjTN_tVI6HXU53mEOKj8U,6c10bd169909dcb3ae5ec03b736368cc
2026-08-06-confrontacao-sa,11FokjBObWgM-IsfC5gDC_Q8nSNZ6vfpg,moved,_entrada,12CTTZPKaWePwjTN_tVI6HXU53mEOKj8U,f52d7c5c77aeaeb65328f75094ca2d91
2026-08-06-confrontacao-sa,1h4iZi96LST8biJ2Stwz8BWJYY5Fu6uig,moved,_entrada,12CTTZPKaWePwjTN_tVI6HXU53mEOKj8U,ae3b3df9970b49b6523e608759bc957d
2026-08-06-confrontacao-sa,1AoCFJZI-DOaQk7Ost7ENbDQNsGzCnAEw,moved,_entrada,12CTTZPKaWePwjTN_tVI6HXU53mEOKj8U,01e9a166b3b3111a2e0347e9caf4423a
2026-08-06-confrontacao-sa,17J0OVGa07VhXV6e1h6NE4dfD6BTOHYQp,moved,_entrada,12CTTZPKaWePwjTN_tVI6HXU53mEOKj8U,d005c98aa5b3062b018ced774df06569
2026-08-06-confrontacao-sa,1ag9iPMY-o3pV7NnSwcCH1xj4K1Bg8VQD,moved,_entrada,12CTTZPKaWePwjTN_tVI6HXU53mEOKj8U,ae3b3df9970b49b6523e608759bc957d
2026-08-06-confrontacao-sa,1-T6KbKufdM5v3Y4iMNSiUr5xNvtYyofl,moved,_entrada,12CTTZPKaWePwjTN_tVI6HXU53mEOKj8U,86d1c395b11041a9ed608848f45bd2f3
2026-08-06-confrontacao-sa,1pYUtN7vtb6hq-ifp7wWoutx9zg5xmyrn,moved,_entrada,12CTTZPKaWePwjTN_tVI6HXU53mEOKj8U,b4e641e3790dbddb09b77674e622cc83
2026-08-06-confrontacao-sa,1ZM53OjQNJLHanP6sTk6bjSFxFrsanio4,moved,_entrada,12CTTZPKaWePwjTN_tVI6HXU53mEOKj8U,a7e88b0765bffd33f20d4236c35b5294
2026-08-06-confrontacao-sa,1SsXVQI8iMgbIqxJuyZSMj47S2qr2khvX,moved,_entrada,12CTTZPKaWePwjTN_tVI6HXU53mEOKj8U,35b18f4706ac683e6ea06f9523b3337c
2026-08-06-confrontacao-sa,1GT6XFSFC_5kRhBKyYgO_HC_PTP7zJql1,moved,_entrada,12CTTZPKaWePwjTN_tVI6HXU53mEOKj8U,ae3b3df9970b49b6523e608759bc957d
2026-08-06-confrontacao-sa,15eEn1M1EMQMlRNmWNE3X20mYDVIcr99c,moved,_entrada,12CTTZPKaWePwjTN_tVI6HXU53mEOKj8U,4b671e2d15bf1e8753b77da7ed53b5f8
2026-08-06-confrontacao-sa,1MT7QT9PqgfhJHpR8eX--GL6oRXj72kBZ,moved,_entrada,12CTTZPKaWePwjTN_tVI6HXU53mEOKj8U,a18203e5b72867e660bbe6f98a6854f4
2026-08-06-confrontacao-sa,1PGoE2b5nRqnq4DtR3P05zNaNPJxxEP1i,moved,_entrada,12CTTZPKaWePwjTN_tVI6HXU53mEOKj8U,051b4362523db9dbd1b6f065da3d5ed0
2026-08-06-confrontacao-sa,1a7YsRKOOg5SUJ13z5zztUr9Z_MHCAI-c,moved,_entrada,12CTTZPKaWePwjTN_tVI6HXU53mEOKj8U,134f93059103815e1ff9782eadfd9ded
2026-08-06-confrontacao-sa,1sFHjx8wx-MLqW2Qsk48KxrgEEktC1fM1,moved,_entrada,12CTTZPKaWePwjTN_tVI6HXU53mEOKj8U,ed5ec285d80df73f6c43d25c8b6640a8
2026-08-06-confrontacao-sa,1C3p9fl9VCJO5c624ovJrXW2sXfSsYZDI,moved,_entrada,12CTTZPKaWePwjTN_tVI6HXU53mEOKj8U,35b18f4706ac683e6ea06f9523b3337c
2026-08-06-confrontacao-sa,1TysWMS_9E3d1U-wSNpmqloUUmhRSknMA,moved,_entrada,16dPNzQBDr8iU_Zyv9TnFURuQq0FJChmQ,ae3b3df9970b49b6523e608759bc957d
2026-08-06-confrontacao-sa,1llyfMIQQDBsaEhrVHmN0RiCeUJwAokZM,moved,_entrada,16dPNzQBDr8iU_Zyv9TnFURuQq0FJChmQ,4f91c9f5499d368ef40f893b1c7a6a60
2026-08-06-confrontacao-sa,1iiNlRYgl9gFNspn9IT4M4CtJ_Yh2F2WO,moved,_entrada,16dPNzQBDr8iU_Zyv9TnFURuQq0FJChmQ,957ce3a224ac7de1019ba6d8d6590b51
2026-08-06-confrontacao-sa,19lHfuCw4kRNP2Lq97T0G9Yu8pfUZgEbf,moved,_entrada,16dPNzQBDr8iU_Zyv9TnFURuQq0FJChmQ,27f2d2b8a67ffa92feb9abb84f846191
2026-08-06-confrontacao-sa,1tb7C_wDN0gUmpKsfB6bycOwin57rVwqM,moved,_entrada,12CTTZPKaWePwjTN_tVI6HXU53mEOKj8U,ae3b3df9970b49b6523e608759bc957d
2026-08-06-confrontacao-sa,1K0W8Xi7gHCMwMGB5mfxcGDJY1ipjgqh3,moved,_entrada,12CTTZPKaWePwjTN_tVI6HXU53mEOKj8U,11f9842b7ec6a0b30cbd1d8e6870297a
2026-08-06-confrontacao-sa,1Sll7KE-QKAH5f-UM2xRJ6aaKn0yvmPTl,moved,_entrada,12CTTZPKaWePwjTN_tVI6HXU53mEOKj8U,ae3b3df9970b49b6523e608759bc957d
2026-08-06-confrontacao-sa,1nKmp9gFN9Tc3oM0xlVUfYGkXDwDznHrw,moved,_entrada,12CTTZPKaWePwjTN_tVI6HXU53mEOKj8U,ae3b3df9970b49b6523e608759bc957d
2026-08-06-confrontacao-sa,1U8dsyHRzUMo1lsrcG89pG0FL7aE6Y2Cn,moved,_entrada,16dPNzQBDr8iU_Zyv9TnFURuQq0FJChmQ,ae3b3df9970b49b6523e608759bc957d
2026-08-06-confrontacao-sa,1iVhM8LnKSoZwuiV1MXTfrGad_mq5x6kY,moved,_entrada,16dPNzQBDr8iU_Zyv9TnFURuQq0FJChmQ,ae3b3df9970b49b6523e608759bc957d
2026-08-06-confrontacao-sa,1BcQz18QxmMcNGdxAHpa5itV17gsoGasb,moved,_entrada,12CTTZPKaWePwjTN_tVI6HXU53mEOKj8U,a25573db14d9fc872c98a6ea0943d064
2026-08-06-confrontacao-sa,1Rd6OBs92TavmZUkfU5VmoGDU55wq8q8V,moved,_entrada,12CTTZPKaWePwjTN_tVI6HXU53mEOKj8U,a8f8405475208348bdb449677f43bd63
2026-08-06-confrontacao-sa,1GugYGb4SxdoQCbR0HCdVn5vqPAHCvMRb,moved,_entrada,12CTTZPKaWePwjTN_tVI6HXU53mEOKj8U,1234597f0724d639784b17906c6ca18d
2026-08-06-confrontacao-sa,1qf-jSYXfrfpt3uUW3pai405-ogaQT_il,moved,_entrada,16dPNzQBDr8iU_Zyv9TnFURuQq0FJChmQ,7e262f3c0cb5ad03f075002c6c28a5e2
2026-08-06-confrontacao-sa,1YyPuqsGOmzd_YaChMJ6aHjhYBr5tTZiB,moved,_entrada,16dPNzQBDr8iU_Zyv9TnFURuQq0FJChmQ,773da808993d74878322c15c6f97ed86
2026-08-06-confrontacao-sa,1oJlNUgxAOF7PRahdyqqM55baDtXF_YLB,moved,_entrada,16dPNzQBDr8iU_Zyv9TnFURuQq0FJChmQ,ef02f64904f8d15c612f06ef783be7e9
2026-08-06-confrontacao-sa,1GcXblKpaLcpi8Pevq6W6qISgdYu4OdSP,moved,_entrada,16dPNzQBDr8iU_Zyv9TnFURuQq0FJChmQ,a8f8405475208348bdb449677f43bd63
2026-08-06-confrontacao-sa,1mmK_Gkh-sYrPz3jYqyMzmmxfYptr7ZMe,moved,_entrada,1VxXDspnEwYuiCMXjn9-YPp65h3vtb_pr,ae3b3df9970b49b6523e608759bc957d
2026-08-06-confrontacao-sa,1VIJzUsxJ4elh9ypdyShA0n0ADmK7IfJA,moved,_entrada,1VxXDspnEwYuiCMXjn9-YPp65h3vtb_pr,ae3b3df9970b49b6523e608759bc957d
2026-08-06-confrontacao-sa,1vMGIHNL1kd2TLXoaGLqcu8pOgXlh-xZF,moved,_entrada,1VxXDspnEwYuiCMXjn9-YPp65h3vtb_pr,ae3b3df9970b49b6523e608759bc957d
2026-08-06-confrontacao-sa,1YkR0bWqMFnVLvXaeewKPuuoo9r0_y4nJ,moved,_entrada,1VxXDspnEwYuiCMXjn9-YPp65h3vtb_pr,ae3b3df9970b49b6523e608759bc957d
2026-08-06-confrontacao-sa,1G1_bQdeVaUvzSfard_wW6uBJmZy5TUj8,moved,_entrada,1VxXDspnEwYuiCMXjn9-YPp65h3vtb_pr,ae3b3df9970b49b6523e608759bc957d
2026-08-06-confrontacao-sa,1xI4KkfhBV8Vu_3dhAcja3S8ITh09XbWr,moved,_entrada,1VxXDspnEwYuiCMXjn9-YPp65h3vtb_pr,ae3b3df9970b49b6523e608759bc957d
2026-08-06-confrontacao-sa,1LV_0IPE3-GttNX1bbotmbl1lDNxvGPDT,moved,_entrada,1VxXDspnEwYuiCMXjn9-YPp65h3vtb_pr,ae3b3df9970b49b6523e608759bc957d
2026-08-06-confrontacao-sa,1XuYeON374NXQ_0g8PBYT8Wz09eLbJF5E,moved,_entrada,1VxXDspnEwYuiCMXjn9-YPp65h3vtb_pr,ae3b3df9970b49b6523e608759bc957d
2026-08-06-confrontacao-sa,15kVJEMEjfSf20xHi2b-dvCwHN5bzaLrt,moved,_entrada,1VxXDspnEwYuiCMXjn9-YPp65h3vtb_pr,ae3b3df9970b49b6523e608759bc957d
2026-08-06-confrontacao-sa,1J7SBx8hBFwZEga840Yq0PSsPzWwEvqFG,moved,_entrada,1VxXDspnEwYuiCMXjn9-YPp65h3vtb_pr,ae3b3df9970b49b6523e608759bc957d
2026-08-06-confrontacao-sa,190EZ5kAGnHsiHMNyIYcxLhP_aeC9nztc,moved,_entrada,1VxXDspnEwYuiCMXjn9-YPp65h3vtb_pr,ae3b3df9970b49b6523e608759bc957d
2026-08-06-confrontacao-sa,1FPAlI-llKruMcWqXMZyJeHX-VZLq8BBG,moved,_entrada,1VxXDspnEwYuiCMXjn9-YPp65h3vtb_pr,ae3b3df9970b49b6523e608759bc957d
2026-08-06-confrontacao-sa,1Nq2P4psHo_ZUy3tzF2xxppOuSqZzer0a,moved,_entrada,1VxXDspnEwYuiCMXjn9-YPp65h3vtb_pr,ae3b3df9970b49b6523e608759bc957d
2026-08-06-confrontacao-sa,1LYMwUWDclz6H_bwlcOPjxG1-v6UIP1Lr,moved,_entrada,1VxXDspnEwYuiCMXjn9-YPp65h3vtb_pr,ae3b3df9970b49b6523e608759bc957d
2026-08-06-confrontacao-sa,1EwG1aOflt7friyPOMe25COnoflAc8NCM,moved,_entrada,1VxXDspnEwYuiCMXjn9-YPp65h3vtb_pr,ae3b3df9970b49b6523e608759bc957d
2026-08-06-confrontacao-sa,1mO-SgLXd_y_AouFdq3MuywXfTkRindse,moved,_entrada,1VxXDspnEwYuiCMXjn9-YPp65h3vtb_pr,ae3b3df9970b49b6523e608759bc957d
2026-08-06-confrontacao-sa,1K20aRm_g65ly6Feo7VBeT9LlORFWJGE_,moved,_entrada,1VxXDspnEwYuiCMXjn9-YPp65h3vtb_pr,ae3b3df9970b49b6523e608759bc957d
2026-08-06-confrontacao-sa,17f7Vewipl3NuCMfSzA66qCEE6Q4xQx0i,moved,_entrada,1VxXDspnEwYuiCMXjn9-YPp65h3vtb_pr,ae3b3df9970b49b6523e608759bc957d
2026-08-06-confrontacao-sa,1xSSLz9QIV78GmnrJQAqtK2pL2vdvYYXT,moved,_entrada,1VxXDspnEwYuiCMXjn9-YPp65h3vtb_pr,ae3b3df9970b49b6523e608759bc957d
2026-08-06-confrontacao-sa,1c9uui2OhVNF_J2iYvlqrLmqOXnjQd1lH,moved,_entrada,1VxXDspnEwYuiCMXjn9-YPp65h3vtb_pr,ae3b3df9970b49b6523e608759bc957d
2026-08-06-confrontacao-sa,14Rjrzh4uT9RraqY-afSSfiCrjrzj04V6,moved,_entrada,1VxXDspnEwYuiCMXjn9-YPp65h3vtb_pr,ae3b3df9970b49b6523e608759bc957d
2026-08-06-confrontacao-sa,1DVUkM8_odEo21ecHkSNuQtReyQXXSbVI,moved,_entrada,1VxXDspnEwYuiCMXjn9-YPp65h3vtb_pr,ae3b3df9970b49b6523e608759bc957d
2026-08-06-confrontacao-sa,1gsFDpwbdaZvr9KIYYdTtZclycvB0DlJ8,moved,_entrada,1VxXDspnEwYuiCMXjn9-YPp65h3vtb_pr,ae3b3df9970b49b6523e608759bc957d
2026-08-06-confrontacao-sa,163rJYnymSkYTGT4mQbSTXVSHJJAFVWpz,moved,_entrada,1VxXDspnEwYuiCMXjn9-YPp65h3vtb_pr,ae3b3df9970b49b6523e608759bc957d
2026-08-06-confrontacao-sa,1tsplOU9ho4R-xxPnYu3THBuAiQAhCZai,moved,_entrada,1VxXDspnEwYuiCMXjn9-YPp65h3vtb_pr,ae3b3df9970b49b6523e608759bc957d
2026-08-06-confrontacao-sa,1J-zgaGc5D-OaY8SwWa_Wsmnf5djRhhn5,moved,_entrada,1VxXDspnEwYuiCMXjn9-YPp65h3vtb_pr,ae3b3df9970b49b6523e608759bc957d
2026-08-06-confrontacao-sa,1GwBoHJUKsixPrNP7vif8DV7qJJKzH5FA,moved,_entrada,1VxXDspnEwYuiCMXjn9-YPp65h3vtb_pr,ae3b3df9970b49b6523e608759bc957d
2026-08-06-confrontacao-sa,1Pe1znTs4FI-AoVEBKPV4FRzTapNybpdr,moved,_entrada,1VxXDspnEwYuiCMXjn9-YPp65h3vtb_pr,ae3b3df9970b49b6523e608759bc957d
2026-08-06-confrontacao-sa,103wMss9sjzgoQob_3-sB66TjmrBq0rsW,moved,_entrada,1VxXDspnEwYuiCMXjn9-YPp65h3vtb_pr,ae3b3df9970b49b6523e608759bc957d
2026-08-06-confrontacao-sa,1Li4MT28Z7rSm1oyeWaIR-f84HmYccqfB,moved,_entrada,1VxXDspnEwYuiCMXjn9-YPp65h3vtb_pr,ae3b3df9970b49b6523e608759bc957d
2026-08-06-confrontacao-sa,1JTZDxTliouUMfJSi4HbC8NMnCBT24MUa,moved,_entrada,1VxXDspnEwYuiCMXjn9-YPp65h3vtb_pr,ae3b3df9970b49b6523e608759bc957d
2026-08-06-confrontacao-sa,1ZF4T5XuXj3_YHp124O2HBXYC50cNbGyL,moved,_entrada,1VxXDspnEwYuiCMXjn9-YPp65h3vtb_pr,ae3b3df9970b49b6523e608759bc957d
2026-08-06-confrontacao-sa,1tyIkQbBg0Ix2Wy47da7D8kYSPqU0LsD2,moved,_entrada,1VxXDspnEwYuiCMXjn9-YPp65h3vtb_pr,ae3b3df9970b49b6523e608759bc957d
2026-08-06-confrontacao-sa,1naUSHdv3iDpXqLPnxR3GTW0D8si-h5Eo,moved,_entrada,1VxXDspnEwYuiCMXjn9-YPp65h3vtb_pr,ae3b3df9970b49b6523e608759bc957d
2026-08-06-confrontacao-sa,1F2d9IbgBpDWFtI5pMtFl0xJcg8zI-Qkg,moved,_entrada,1VxXDspnEwYuiCMXjn9-YPp65h3vtb_pr,ae3b3df9970b49b6523e608759bc957d
2026-08-06-confrontacao-sa,1wW2BJu1M-j1tkDqrIGRtKpj02_-I1641,moved,_entrada,16dPNzQBDr8iU_Zyv9TnFURuQq0FJChmQ,ae3b3df9970b49b6523e608759bc957d
2026-08-06-confrontacao-sa,1Xgt8bKsxGJ7Za5cv7Rjt_NczjI3fhxs9,moved,_entrada,16dPNzQBDr8iU_Zyv9TnFURuQq0FJChmQ,ae3b3df9970b49b6523e608759bc957d
2026-08-06-confrontacao-sa,1gG3wWAIZsdDRTIN70HSweikLp4lUJ7RR,moved,_entrada,1VxXDspnEwYuiCMXjn9-YPp65h3vtb_pr,ae3b3df9970b49b6523e608759bc957d
2026-08-06-confrontacao-sa,1aEuf7Q9FILBSRuDgkSK5QQ7EffvTI9z8,moved,_entrada,1VxXDspnEwYuiCMXjn9-YPp65h3vtb_pr,ae3b3df9970b49b6523e608759bc957d
2026-08-06-confrontacao-sa,1M8L-n3P7mYoPSE1YsQR2HfvDtx3efnD4,moved,_entrada,1VxXDspnEwYuiCMXjn9-YPp65h3vtb_pr,ae3b3df9970b49b6523e608759bc957d
2026-08-06-confrontacao-sa,1dM3k3m6prSDGUaUgu2GiTbKiW8J1tWfA,moved,_entrada,1VxXDspnEwYuiCMXjn9-YPp65h3vtb_pr,ae3b3df9970b49b6523e608759bc957d
2026-08-06-confrontacao-sa,1vuGOxe6GWWqugNugYeFBSPgq1Wh6Emwc,moved,_entrada,16dPNzQBDr8iU_Zyv9TnFURuQq0FJChmQ,a3dd800015fb773d3eb0408807b76863
2026-08-06-confrontacao-sa,11ZNkoBrb6e6MB2tYVHvf-lDjIZEJniEf,moved,_entrada,16dPNzQBDr8iU_Zyv9TnFURuQq0FJChmQ,16b61022508f395f4a917707decc4416
2026-08-06-confrontacao-sa,16BiLHYYWi9I7JhkdCsEmaKyi8WYpp40D,moved,_entrada,16dPNzQBDr8iU_Zyv9TnFURuQq0FJChmQ,19eb83b1746be1db5193e2d49d1b2fbe
2026-08-06-confrontacao-sa,1nyj31_ynXjoQDBbvEjTHQ7lPMuPnNs7c,moved,_entrada,16dPNzQBDr8iU_Zyv9TnFURuQq0FJChmQ,121fd38f445610d1fe55239c377126cf
2026-08-06-confrontacao-sa,1DFwWOy9rnRy8lf8Pz9ukQ0mjjlAYUlJS,moved,_entrada,16dPNzQBDr8iU_Zyv9TnFURuQq0FJChmQ,04f715ac32dcd51eccf2c87d86c5dad3
2026-08-06-confrontacao-sa,11MbiCz40dRqbOHF601n644VYhZyKXVXH,moved,_entrada,16dPNzQBDr8iU_Zyv9TnFURuQq0FJChmQ,0eff76fe27787618067d4a47be16c5b2
2026-08-06-confrontacao-sa,17NLT7TSINcD6Z_7F0ZbCkEc518Ij0EVb,moved,_entrada,16dPNzQBDr8iU_Zyv9TnFURuQq0FJChmQ,f775febd33f5c7819eb5c7d715dbb726
2026-08-06-confrontacao-sa,11MO3uFVRF2RS-zLAa86B0g88ojVWn3r1,moved,_entrada,16dPNzQBDr8iU_Zyv9TnFURuQq0FJChmQ,91ac6e8b1f9cb27d7fdfa1df3660150e
2026-08-06-confrontacao-sa,1hgvnvJbe36QOOFJCjBOPoBhiMfL2ucRQ,moved,_entrada,16dPNzQBDr8iU_Zyv9TnFURuQq0FJChmQ,18404ebb20b9d76dc8bf171393749543
2026-08-06-confrontacao-sa,1skhOhhIHl28Lfq6WyFpuAjTJrs_kdlKI,moved,_entrada,16dPNzQBDr8iU_Zyv9TnFURuQq0FJChmQ,11643f1bd50286a64a285b8880730b6d
2026-08-06-confrontacao-sa,1GuG38tUy0KKeLaNcgWWQ11PNrLii2qFJ,moved,_entrada,16dPNzQBDr8iU_Zyv9TnFURuQq0FJChmQ,49e64ab4befe5a4ba44ed364256671e6
2026-08-06-confrontacao-sa,1lr4NtCeZEZgZ9XETam8G3NJLvdIa_yL7,moved,_entrada,16dPNzQBDr8iU_Zyv9TnFURuQq0FJChmQ,5cbd59e1f0b593e1ba4f8ec7bb6c092c
2026-08-06-confrontacao-sa,1ivNuFNTPAiDvRv_wyd7xJVgn23HIjyE-,moved,_entrada,16dPNzQBDr8iU_Zyv9TnFURuQq0FJChmQ,255d32e0ee4814e6bd97db656bc05ccb
2026-08-06-confrontacao-sa,1Zd1SN4F8V2C4yLlvALxbh7yjp0fw6j33,moved,_entrada,16dPNzQBDr8iU_Zyv9TnFURuQq0FJChmQ,e9c5a00d8ac740b6c1ae10c62ab569b1
2026-08-06-confrontacao-sa,1WUY071cafV-pKYxM-LrZDJ7F_8CLhjiC,moved,_entrada,16dPNzQBDr8iU_Zyv9TnFURuQq0FJChmQ,d2b2423d78c0b633c771fe8e3a2ee02d
2026-08-06-confrontacao-sa,1y3LhvhIdxej1VTUiMi3zm_-m9moqac44,moved,_entrada,16dPNzQBDr8iU_Zyv9TnFURuQq0FJChmQ,e86cb096d327b9e04381cdbb50010183
2026-08-06-confrontacao-sa,1Eijny8fdzWLaDkoKD585NglRVvAdnoyk,moved,_entrada,16dPNzQBDr8iU_Zyv9TnFURuQq0FJChmQ,8066b555aec44810bbd7be5b8aa4958b
2026-08-06-confrontacao-sa,1yDfCqQLe_qT9XghN4mjpzc6FmfShNYVM,moved,_entrada,16dPNzQBDr8iU_Zyv9TnFURuQq0FJChmQ,7877cec4e11799a95625f3455a7af8b9
2026-08-06-confrontacao-sa,1eSu8iLw-0CNDssEnJDy0BqGykendvK1C,moved,_entrada,16dPNzQBDr8iU_Zyv9TnFURuQq0FJChmQ,1c3589fb889d585e8b2b0bfc75f1aa8e
2026-08-06-confrontacao-sa,1rvPo-_lwN9mwUSIC2iM4OXwOwdrX_UMU,moved,_entrada,16dPNzQBDr8iU_Zyv9TnFURuQq0FJChmQ,3c8f36e1834585e2d0bf9db8a3886e13
2026-08-06-confrontacao-sa,1-oveJAJzfhCtK0qWbMHWkORl2OkfeEyD,moved,_entrada,16dPNzQBDr8iU_Zyv9TnFURuQq0FJChmQ,ff4359c32f37e891ea6dfdae63c287b6
2026-08-06-confrontacao-sa,1caM0kZT6jwEPh0HVM3wgizyYzwC_jBpx,moved,_entrada,16dPNzQBDr8iU_Zyv9TnFURuQq0FJChmQ,413c026d2f631c45333af67321d91c2f
2026-08-06-confrontacao-sa,1S7wYJAlAxSuW73vWbKBnFIQDa0Zq5Nri,moved,_entrada,16dPNzQBDr8iU_Zyv9TnFURuQq0FJChmQ,96d0094a7725bdfdba4dc61f6a63eb17
2026-08-06-confrontacao-sa,1Fq2UDjO2-mYYEnGSsxELw4wnTfNqoilC,moved,_entrada,16dPNzQBDr8iU_Zyv9TnFURuQq0FJChmQ,bd9046e49129746f42e4ef3d0c2beeab
2026-08-06-confrontacao-sa,1eVRFeSiyu0R2tvQx1F8Yy4ieZ7pQ61gu,moved,_entrada,16dPNzQBDr8iU_Zyv9TnFURuQq0FJChmQ,71e0bed9244228977164193f12eee624
2026-08-06-confrontacao-sa,12egoS4557hlSGEttznCkznLmue2igSsc,moved,_entrada,16dPNzQBDr8iU_Zyv9TnFURuQq0FJChmQ,2cb460d543cb9690b311caf6083e125d
2026-08-06-confrontacao-sa,1A8KH8NR28iO7H9ESEC4-WxHZwHOkPham,moved,_entrada,16dPNzQBDr8iU_Zyv9TnFURuQq0FJChmQ,ab6f5f28a2bf97f7b696c85e5fb28f5f
2026-08-06-confrontacao-sa,1lXxGn3P6GLUcuPJoP5B5EsJPE3bqWtKf,moved,_entrada,16dPNzQBDr8iU_Zyv9TnFURuQq0FJChmQ,17aeccaa275fe59c751f44320387d9fe
2026-08-06-confrontacao-sa,1_wYqb1RQJPXfh9-4GHo0stMkr5W_oNgf,moved,_entrada,16dPNzQBDr8iU_Zyv9TnFURuQq0FJChmQ,ed834df8be30e3cc4132466c683db961
2026-08-06-confrontacao-sa,1zwzQDFJ7f5uvQzOy4PmVGug6eJcNcS3D,moved,_entrada,16dPNzQBDr8iU_Zyv9TnFURuQq0FJChmQ,52a12be7fb03728fafa76142ec214427
2026-08-06-confrontacao-sa,1OO20L3l9jQNssssT--Z34f7PbdMMe_Nk,moved,_entrada,16dPNzQBDr8iU_Zyv9TnFURuQq0FJChmQ,e6f98ec0aa836f6585ff6430281613c9
2026-08-06-confrontacao-sa,1b-Sx5wuo_1ChnHGnzznuSbK9WkknjycD,moved,_entrada,16dPNzQBDr8iU_Zyv9TnFURuQq0FJChmQ,af46f5beeaefe7464daa2dd496c72f52
2026-08-06-confrontacao-sa,1NyQg5IKhWe-mMlt-IiY8tVdpEOveGi8J,moved,_entrada,16dPNzQBDr8iU_Zyv9TnFURuQq0FJChmQ,7c99edb47eb4eb308432cf9c720bf6d1
2026-08-06-confrontacao-sa,1aifZ4SkaSrbeyEi2NnGGHiNF7KMMsjhg,moved,_entrada,16dPNzQBDr8iU_Zyv9TnFURuQq0FJChmQ,4063147e21b3972cba8b5d945db56cbd
2026-08-06-confrontacao-sa,1Gnr-pmwD7WNR_x_nSSyNDokcqXjj7wa_,moved,_entrada,16dPNzQBDr8iU_Zyv9TnFURuQq0FJChmQ,9f9d15d2536e67676162d16245f47da4
2026-08-06-confrontacao-sa,123HKnI6KNfJWyXDuwkLpYFnZbQXVbVbB,moved,_entrada,16dPNzQBDr8iU_Zyv9TnFURuQq0FJChmQ,db0b5d4bba255e4ac0934fb7f9e40958
2026-08-06-confrontacao-sa,1mi6sLBPd0644ewYcoaq711UMCBdWak2Y,moved,_entrada,16dPNzQBDr8iU_Zyv9TnFURuQq0FJChmQ,ff3adebb3a3ce763ba197bfd60ff3110
2026-08-06-confrontacao-sa,1MlEkpKBnQzk2u4ZbZTtqFyLDgkRrXlSy,moved,_entrada,16dPNzQBDr8iU_Zyv9TnFURuQq0FJChmQ,0ce3461b2c5fac916744d1458c49fd53
2026-08-06-confrontacao-sa,1hUwgV64I4VJptv-OZ_7kny0_1h8ZmZ5H,moved,_entrada,16dPNzQBDr8iU_Zyv9TnFURuQq0FJChmQ,1d57587d26e52e929a162d10ba9e06fe
2026-08-06-confrontacao-sa,1xHLDGWDboc1csBX9eoxF0mw1jxdBF1LD,moved,_entrada,16dPNzQBDr8iU_Zyv9TnFURuQq0FJChmQ,eeb4025babdafd92ca732a085bbf0810
2026-08-06-confrontacao-sa,1U80yaEG_Ndu1C7O0qAxrrikeeuZqQgl1,moved,_entrada,16dPNzQBDr8iU_Zyv9TnFURuQq0FJChmQ,1808ce0827715396b67547e9716ad25f
2026-08-06-confrontacao-sa,1qp2LgRHgViD0cHOsYZ0mTyT1I_iSZmsW,moved,_entrada,16dPNzQBDr8iU_Zyv9TnFURuQq0FJChmQ,2898b605e7fbbc29dd14fcc9fe9346fe
2026-08-06-confrontacao-sa,1ro2b_Ac1Bg1rHAVF1FC4E-LqI18PiyNv,moved,_entrada,16dPNzQBDr8iU_Zyv9TnFURuQq0FJChmQ,d3dda8292069c1c51cdfaabcd6216b02
2026-08-06-confrontacao-sa,13kYm8un2TwxT4OweE5Yczg2_FrnoA79p,moved,_entrada,16dPNzQBDr8iU_Zyv9TnFURuQq0FJChmQ,694b6725eeeb14bd798d77dbd25c9c61
2026-08-06-confrontacao-sa,1O2TJd_Lnk-BLEVV3wOQilEF4hTW5ecqu,moved,_entrada,16dPNzQBDr8iU_Zyv9TnFURuQq0FJChmQ,e75bf45393643d61bfed81191c763373
2026-08-06-confrontacao-sa,1k9aW0i7XreOAMrkAKeCYlzHPDcfNVnrO,moved,_entrada,16dPNzQBDr8iU_Zyv9TnFURuQq0FJChmQ,22beb07049b7d8ab12038e4d681b0108
2026-08-06-confrontacao-sa,1v2EH7jrpZUTjCSKU1Lu2eXXq9RrLGSHV,moved,_entrada,16dPNzQBDr8iU_Zyv9TnFURuQq0FJChmQ,dc85526e6e11cee17e87c13a19eda1b1
2026-08-06-confrontacao-sa,1FvtRbRyYkWpO--6J16VPCPqe2DQPY31b,moved,_entrada,16dPNzQBDr8iU_Zyv9TnFURuQq0FJChmQ,a18f84895bbc5dce863fb9f0552c9872
2026-08-06-confrontacao-sa,1qIK4Va6Za1mF78XzwIHbSi_PDki5Pz_I,moved,_entrada,16dPNzQBDr8iU_Zyv9TnFURuQq0FJChmQ,ae12221afef050aa41ed3ac4d55f33c9
2026-08-06-confrontacao-sa,1ejhJ7GaSAV5dRqm6XM0O_3NIndq3CPDu,moved,_entrada,16dPNzQBDr8iU_Zyv9TnFURuQq0FJChmQ,c65dae208c4240e16d79348f3334cf38
2026-08-06-confrontacao-sa,19NzxNGpYZYI4a7tU1CZmlj0IrvC4ozCJ,moved,_entrada,16dPNzQBDr8iU_Zyv9TnFURuQq0FJChmQ,a13f5b8dbc5ca9de2f867eb888efd688
2026-08-06-confrontacao-sa,1dOdUWE2sB2iFjtx6svlPkfPb0gn0zMZz,moved,_entrada,16dPNzQBDr8iU_Zyv9TnFURuQq0FJChmQ,08448bec152e54eaee44678659af57d8
2026-08-06-confrontacao-sa,168_cXFwPAKIiURtTYksxikwsvdyMaAP9,moved,_entrada,16dPNzQBDr8iU_Zyv9TnFURuQq0FJChmQ,d168408f222e10cb9a13fed90319340f
2026-08-06-confrontacao-sa,1xuhp3kNNFtEB29L1zuyQW1ohb7zTMdkn,moved,_entrada,16dPNzQBDr8iU_Zyv9TnFURuQq0FJChmQ,e6642ace722221e47dd8ec187f3e174e
2026-08-06-confrontacao-sa,1CSV-YE9M15-qTHioBKWBhIqDsK6QkfLi,moved,_entrada,16dPNzQBDr8iU_Zyv9TnFURuQq0FJChmQ,957830a11da88ca6d6f7e4219dda093d
2026-08-06-confrontacao-sa,1nloJFzjpTlSMge3K3tqh6gZrhT9ij6GH,moved,_entrada,16dPNzQBDr8iU_Zyv9TnFURuQq0FJChmQ,e1fad2713c992fe4cfdce3cbe3ea5432
2026-08-06-confrontacao-sa,1SDtXEHqkpVdrPrZvJxwSehDc6CYSMVq0,moved,_entrada,16dPNzQBDr8iU_Zyv9TnFURuQq0FJChmQ,fe5294beda6a07428d7ad4298c9416d3
2026-08-06-confrontacao-sa,1tlKBb8RkYUAYLQ7MoqMx5idObIFFHuAY,moved,_entrada,16dPNzQBDr8iU_Zyv9TnFURuQq0FJChmQ,f4ae15cc50352688d91323d392c33c28
2026-08-06-confrontacao-sa,1e6YzQLTE7TLVV9xcM5P8UGz_Jatwr2G4,moved,_entrada,16dPNzQBDr8iU_Zyv9TnFURuQq0FJChmQ,d01eed207664d40cd2d218a1981fbecc
2026-08-06-confrontacao-sa,1_qREQ40Xvfmft9rMhAIDLfOsENBXREQA,moved,_entrada,16dPNzQBDr8iU_Zyv9TnFURuQq0FJChmQ,838999945488caf5289c27552bc605a2
2026-08-06-confrontacao-sa,1NrWLIe2zXy36vdZQh_QEO9GaAqwG536t,moved,_entrada,16dPNzQBDr8iU_Zyv9TnFURuQq0FJChmQ,a600820fb585d06a4acd9c0a402b501c
2026-08-06-confrontacao-sa,1wv0TldJu545RVzq20haSbjcApH5c7XHm,moved,_entrada,16dPNzQBDr8iU_Zyv9TnFURuQq0FJChmQ,0f2f4b1fced0d633197ba6edff9092d3
2026-08-06-confrontacao-sa,1RfcxmRJSKHgK6bTUNWTtPfs53VIaf0bp,moved,_entrada,16dPNzQBDr8iU_Zyv9TnFURuQq0FJChmQ,96b7749a9286bb75557b0f8a29a13ef0
2026-08-06-confrontacao-sa,10wmZOugPZglr8zqtZw_DkbkvU4zDdySE,moved,_entrada,16dPNzQBDr8iU_Zyv9TnFURuQq0FJChmQ,77be5c0efd528d52a557691cb540a918
2026-08-06-confrontacao-sa,1RetqRsqfLePFkvxau6Zx657BM086tIcw,moved,_entrada,16dPNzQBDr8iU_Zyv9TnFURuQq0FJChmQ,4d184ebfd2c7807f936feceed289bf89
2026-08-06-confrontacao-sa,1kg3IWe6683CkFA9n2WGSeKqDTuA7EXD7,moved,_entrada,16dPNzQBDr8iU_Zyv9TnFURuQq0FJChmQ,222c59e585af66fb6914961193905f8a
2026-08-06-confrontacao-sa,1pXL-MkpnmpGAYr7Ys9nwSvIQ8O-vEALK,moved,_entrada,16dPNzQBDr8iU_Zyv9TnFURuQq0FJChmQ,8599832a64c8e82b01ff4f3ccab038b4
2026-08-06-confrontacao-sa,1XNVHpH_6ApE_ADLJy2INNyb9yjolN7E9,moved,_entrada,16dPNzQBDr8iU_Zyv9TnFURuQq0FJChmQ,9c3b55a9d357566cb1b10a1dff1dbef2
2026-08-06-confrontacao-sa,18vejRHExANd0hOQVpejUlsqbr16QZAnI,moved,_entrada,16dPNzQBDr8iU_Zyv9TnFURuQq0FJChmQ,3e538e11c196f87a6396b6bd64f7c6c9
2026-08-06-confrontacao-sa,1DpwrHxAvdxZe3rEXOeHqopaJn4UVwx4O,moved,_entrada,16dPNzQBDr8iU_Zyv9TnFURuQq0FJChmQ,a7451e27f26fb5b4984cc21bd344eec7
2026-08-06-confrontacao-sa,13RXCWiJU3ZbkEel83_qJQ1Ath1tlAnJL,moved,_entrada,16dPNzQBDr8iU_Zyv9TnFURuQq0FJChmQ,87cab6dd663bfd7421986c6c46ed6d8e
2026-08-06-confrontacao-sa,1m5nHo4Nyjgd1AYBs31AA0Xz46plYNIzM,moved,_entrada,16dPNzQBDr8iU_Zyv9TnFURuQq0FJChmQ,7c8677fa622a9bd4fc9785563eaf2ad1
2026-08-06-confrontacao-sa,12DPtGoIqKw_53nxYcyVkRNbIcUuGDHVA,moved,_entrada,16dPNzQBDr8iU_Zyv9TnFURuQq0FJChmQ,c310990309de02f3f3470d235ab7c246
2026-08-06-confrontacao-sa,1y3XEDnsGnGRhah0GVh9GATjqNkHhNTu7,moved,_entrada,16dPNzQBDr8iU_Zyv9TnFURuQq0FJChmQ,cc988af1a678e48e59cb6e0054d5cd26
2026-08-06-confrontacao-sa,1mHJFdXCqzB1-v7LM6sJjm0gvIG9ydwsn,moved,_entrada,16dPNzQBDr8iU_Zyv9TnFURuQq0FJChmQ,cd1100e2f922436de6a0efcf214a440f
2026-08-06-confrontacao-sa,1k10ZZEJb8HZK-NUWJUUsixLL2lRaRQN8,moved,_entrada,16dPNzQBDr8iU_Zyv9TnFURuQq0FJChmQ,1a7471f166fe47519242bbd9677263d1
2026-08-06-confrontacao-sa,1Tj-usDMTxB1WN9qRIw9Z1VKELH3bvo20,moved,_entrada,16dPNzQBDr8iU_Zyv9TnFURuQq0FJChmQ,04983b01b3974831d9873e1dce104a69
2026-08-06-confrontacao-sa,1YBc05-EDbgNB1F-sC0G-6OniPTR3N2p6,moved,_entrada,1VxXDspnEwYuiCMXjn9-YPp65h3vtb_pr,a4d13a4fa1921d4841a6e35bf3654f9f
2026-08-06-confrontacao-sa,1UP7C2pv1boB3UWdrMfuKSBw5ls_HUbFh,moved,_entrada,16dPNzQBDr8iU_Zyv9TnFURuQq0FJChmQ,e97be6be026be56265d810fa679308f1
2026-08-06-confrontacao-sa,13j4LaY4oT6z5oPjIUovzI9kqbh6vbf41,moved,_entrada,16dPNzQBDr8iU_Zyv9TnFURuQq0FJChmQ,18f9680af2fe8a85a810a34c8a10c1e5
2026-08-06-confrontacao-sa,1-B4RgaChsWJXM9w9-NYmHW52FsiwMuiz,moved,_entrada,16dPNzQBDr8iU_Zyv9TnFURuQq0FJChmQ,32832979130ce2832a4dabda37542697
2026-08-06-confrontacao-sa,1q0mZ6TJi6MljMCguYna8B3Ivkyoj4llX,moved,_entrada,16dPNzQBDr8iU_Zyv9TnFURuQq0FJChmQ,34283890bf920407867e2afc366a218e
2026-08-06-confrontacao-sa,1BgRp7eKAEACdESRzTFW586bMRQjatqqA,moved,_entrada,16dPNzQBDr8iU_Zyv9TnFURuQq0FJChmQ,25dc94a0a7ab5d78ae09645bbeca24a4
2026-08-06-confrontacao-sa,1SprPCsSP2Hhr1TQ3QJVg9pI6zO8pSQHY,moved,_entrada,1VxXDspnEwYuiCMXjn9-YPp65h3vtb_pr,fc7ab44b5a012d533c8c99721427f8d2
2026-08-06-confrontacao-sa,1uw7KLDYAJbAQMu-d1ICA7SaRXo8kp5Cf,moved,_entrada,16dPNzQBDr8iU_Zyv9TnFURuQq0FJChmQ,f5f7afb68cab4efa6ec1b00c1a570048
2026-08-06-confrontacao-sa,10UMsRT1Fy3-lLkhLsFjCTJloAyH6gY8a,moved,_entrada,16dPNzQBDr8iU_Zyv9TnFURuQq0FJChmQ,88a49dcc695134e59390a24f906fa802
2026-08-06-confrontacao-sa,1cF5AI3YYEPvDI4gCpOqCpdhhyc5v-40N,moved,_entrada,1VxXDspnEwYuiCMXjn9-YPp65h3vtb_pr,7fbf213b4e1c7e5101006a5d1bf89558
2026-08-06-confrontacao-sa,1WYpB-TYqo-jaPp0DVXQO19rPmC7Vn5Db,moved,_entrada,1VxXDspnEwYuiCMXjn9-YPp65h3vtb_pr,62bde66da687ed0f13fcc8121e603882
2026-08-06-confrontacao-sa,10uZSNiUPZOl0PiE7eqYkAfFoLrsEgrdb,moved,_entrada,16dPNzQBDr8iU_Zyv9TnFURuQq0FJChmQ,655e7c207a3672c3c500b8191f88e36c
2026-08-06-confrontacao-sa,1g3K5yf3Surs8OiCvzd_-7IHSy1_IAU69,moved,_entrada,1VxXDspnEwYuiCMXjn9-YPp65h3vtb_pr,da5bafa1dadaa29ce0937e658341aa39
2026-08-06-confrontacao-sa,175T1H-faKEXxSm2X8DH8-pFePqtyNxoR,moved,_entrada,16dPNzQBDr8iU_Zyv9TnFURuQq0FJChmQ,e0a9bd6d7c4752f81013b5c7c41357c7
2026-08-06-confrontacao-sa,1-etQxz4fiT-M7rovyvvTySTrY1a0o_gt,moved,_entrada,16dPNzQBDr8iU_Zyv9TnFURuQq0FJChmQ,580ca6cd69b691112f0a4c594a73f868
2026-08-06-confrontacao-sa,16vjZGj_3SlErOOq-YfOtvUaKUUdMJUQ6,moved,_entrada,16dPNzQBDr8iU_Zyv9TnFURuQq0FJChmQ,d8fc9a6d943fab89d37e1234724c463a
2026-08-06-confrontacao-sa,13tCFotdpWduBvPIrX8icDQxgK0XIqOd7,moved,_entrada,16dPNzQBDr8iU_Zyv9TnFURuQq0FJChmQ,d8a442b93a9290992f5cd1395f2b3ba0
2026-08-06-confrontacao-sa,1pMUyPMSXn-B73z0eOZlhqLbYLoYdOlLJ,moved,_entrada,16dPNzQBDr8iU_Zyv9TnFURuQq0FJChmQ,974567dec3152f7231c075f9b687e56b
2026-08-06-confrontacao-sa,10NmRd7NeYi10u1Uo5RJSdPsLdLjrvvW1,moved,_entrada,16dPNzQBDr8iU_Zyv9TnFURuQq0FJChmQ,2a3af9687a58480b684ce19dd94be5ee
2026-08-06-confrontacao-sa,13SlzdF4PkebHRiFoh11Cam7HNxGIrRZb,moved,_entrada,16dPNzQBDr8iU_Zyv9TnFURuQq0FJChmQ,06df08f210cfdc1aacc2c2081adc8bd3
2026-08-06-confrontacao-sa,1wZ0Qxh0gCgYo_gFHKUT9bGqSIRe9J23e,moved,_entrada,16dPNzQBDr8iU_Zyv9TnFURuQq0FJChmQ,dd2fbbb7821dcd00d42e3b72ca0896bd
2026-08-06-confrontacao-sa,1Pxy0Kn_jUxZns5IfZYzHXiyF00lKmhT9,moved,_entrada,16dPNzQBDr8iU_Zyv9TnFURuQq0FJChmQ,fc0816de2421d923527b0c63197dbf52
2026-08-06-confrontacao-sa,1Nvsfvctxt15zWIFSFPprYlbg4zQQcW1W,moved,_entrada,1VxXDspnEwYuiCMXjn9-YPp65h3vtb_pr,26aa1e0fead06e4c15b31f7ce4e400da
2026-08-06-confrontacao-sa,1DB-2v3jBL3KZm_dRPwcSbNZpLBjGYHfD,moved,_entrada,16dPNzQBDr8iU_Zyv9TnFURuQq0FJChmQ,5b0b6cb63485c043135fd46977803e0e
2026-08-06-confrontacao-sa,1JYq0EGyAmyZ_kMYxFp-eOSiNz1FyKRBS,moved,_entrada,1VxXDspnEwYuiCMXjn9-YPp65h3vtb_pr,2ad25418d38b65a604f3a0f166ecb624
2026-08-06-confrontacao-sa,1jLre7cJiQtjoFPsN43eecDCod0PhqbUq,moved,_entrada,1VxXDspnEwYuiCMXjn9-YPp65h3vtb_pr,f8dadf1f30c734b40d076bbf613567a5
2026-08-06-confrontacao-sa,1TSC8l1pJB3NGa6CXs4Y0R4VFrqDKBn6k,moved,_entrada,1VxXDspnEwYuiCMXjn9-YPp65h3vtb_pr,209eaf4ffd443d4d6b94a855f7f6c54b
2026-08-06-confrontacao-sa,17l-MZazK8qYzkZt5qOqtuZNcfnL9EQ6y,moved,_entrada,16dPNzQBDr8iU_Zyv9TnFURuQq0FJChmQ,06ed2326a60ab843a67c49185e4fe483
2026-08-06-confrontacao-sa,1XW-CVMN2EeJW0MPUOgb1heszSVgcHzmN,moved,_entrada,1VxXDspnEwYuiCMXjn9-YPp65h3vtb_pr,eb1f564f77fd91cf3f3266febca6ef58
2026-08-06-confrontacao-sa,1SukNzLn6TxiUYN_gwP8n_ACn7g5hrKpn,moved,_entrada,1VxXDspnEwYuiCMXjn9-YPp65h3vtb_pr,b31765dbef84c485f3f2eeaef49a6b92
2026-08-06-confrontacao-sa,1LINsnn5v6S6gCUu7iwbvs0NRclqt2pDK,moved,_entrada,1VxXDspnEwYuiCMXjn9-YPp65h3vtb_pr,2185d55b54c6595fafcda16ce39ca3d4
2026-08-06-confrontacao-sa,1Nzzx6pAmAdzRYtBWPcddpnSAppIvxi9c,moved,_entrada,1VxXDspnEwYuiCMXjn9-YPp65h3vtb_pr,b52c1d90c9c3537a792de76680615038
2026-08-06-confrontacao-sa,1g_Ldv0X7JrDkt4_B-amrsmB2Jx673J1U,moved,_entrada,1VxXDspnEwYuiCMXjn9-YPp65h3vtb_pr,80f22202842ab0a19a05cbbf74dbfa61
2026-08-06-confrontacao-sa,1_b6BA5OhZW24dfmV6OjTtj4g77on-1Ng,moved,_entrada,1VxXDspnEwYuiCMXjn9-YPp65h3vtb_pr,2e8e0921f323381c15844578aa9d5385
2026-08-06-confrontacao-sa,1ai8cGimX4io3bhA96EWYblFsVoh7PnHM,moved,_entrada,12CTTZPKaWePwjTN_tVI6HXU53mEOKj8U,2391a8813c6548935022201897641cb4
2026-08-06-confrontacao-sa,1B9YUKwtDjLtYVMBBSstnsiJaiOe6zQ45,excluido,arvore-PU,,
2026-08-06-confrontacao-sa,1p-icDGiZbmKcEH_jnyJa52L4yo9z4gWR,excluido,arvore-PU,,
2026-08-06-confrontacao-sa,1dKEYckBqmnsZlulx8RfyV4Laym_PUB1M,excluido,arvore-PU,,
2026-08-06-confrontacao-sa,1NCd6OgavWjNJ5rYFPl7tc7ZnpaAwTaRm,excluido,arvore-PU,,
2026-08-06-confrontacao-sa,1WAKYRURg1_Vu3VD29r_hFfV_UFTlEISQ,excluido,arvore-PU,,
2026-08-06-confrontacao-sa,1zTprFDf2qogUaDtcCUmrHCOHuw1X_gep,excluido,arvore-PU,,
2026-08-06-confrontacao-sa,1WRRf1F7yVw088yf_-rmcqL2BbIaNVmzx,excluido,arvore-PU,,
2026-08-06-confrontacao-sa,1B0skZ8lObI3B2Q6CAghNNP93IgwQhqcQ,excluido,arvore-PU,,
2026-08-06-confrontacao-sa,17lSV7mb1a5API54-R2aJcIG39e5rlVPX,excluido,arvore-PU,,
2026-08-06-confrontacao-sa,1EXx9TlRegzD-ko8lVWCBkGZt1PlaiNNG,excluido,arvore-PU,,
2026-08-06-confrontacao-sa,1qXyJOgni06eiT0e4Bo5FVUlaxzgVTEW4,excluido,arvore-PU,,
2026-08-06-confrontacao-sa,1tt9VADQiTyHpbxzYzcuNJ2StIpoA_zXe,excluido,arvore-PU,,
2026-08-06-confrontacao-sa,148qluDvwqn3x7wcLcroc1hNFxA0b33I7,excluido,arvore-PU,,
2026-08-06-confrontacao-sa,1rqdJkmfblG_mfoX2nP6fqG3Pdro7sE6c,excluido,arvore-PU,,
2026-08-06-confrontacao-sa,1dGYKRn6d3wY6ap-GEkcVjFaJVC1LKt2u,excluido,arvore-PU,,
2026-08-06-confrontacao-sa,1OJpZwU3tp6qv-h9BuB30yWB6he3Ipq1v,excluido,arvore-PU,,
2026-08-06-confrontacao-sa,1suTHuq_Irehqq9FhjFc3b-KQmvK-gkL7,excluido,arvore-PU,,
2026-08-06-confrontacao-sa,1xRvcmiK_nk6j8pbOPw9vy0kLC02OME8i,excluido,arvore-PU,,
2026-08-06-confrontacao-sa,1Fab0bmEtfMJ6pDtv-VWTuAW2ts1M3KZ3,excluido,arvore-PU,,
2026-08-06-confrontacao-sa,1Cjc8HQI9e_4o9egtyWitu0dzZlcwGj46,excluido,arvore-PU,,
2026-08-06-confrontacao-sa,15ez1ehgYXB8bevIIX4o-JNpdcPE49ggf,excluido,arvore-PU,,
2026-08-06-confrontacao-sa,1wUlePaDESvbEGgrdm_RcoFNVETIHSHTj,excluido,arvore-PU,,
2026-08-06-confrontacao-sa,1iKcaW5bD1OIFG48AxeXC_8WMeL9JNWpk,excluido,arvore-PU,,
2026-08-06-confrontacao-sa,1beVEYuySxBQFEwfS8FtApFmJwPl8CdJa,excluido,arvore-PU,,
2026-08-06-confrontacao-sa,1K9x76SnkKDUi2XulzHHvcCCoR_GiyGU4,excluido,arvore-PU,,
2026-08-06-confrontacao-sa,1tmfcxSqiNqYuEIaBNDuEZr9a-cezjxSw,excluido,arvore-PU,,
2026-08-06-confrontacao-sa,1Wfw7l-hBDl--T-YNF0URR4QvbhNA4Gy8,excluido,arvore-PU,,
2026-08-06-confrontacao-sa,1S1r4a6fJLSXAfSwrBeZNvlSlRI0EyB2L,excluido,arvore-PU,,
2026-08-06-confrontacao-sa,1TkS48mVcsC92nJIqVzig4ov6L_fahNlo,excluido,arvore-PU,,
2026-08-06-confrontacao-sa,14hPZ6ZlJoiNwwvhoP-9WpOM4FC8xaDlt,excluido,arvore-PU,,
2026-08-06-confrontacao-sa,1V_lQK7PiPiOu9ZCUoyQ5Y0A5tsKoaqoC,excluido,arvore-PU,,
2026-08-06-confrontacao-sa,1GyOTXrKvFeHRrJbEZVN_J4VjdwJRrzXb,excluido,arvore-PU,,
2026-08-06-confrontacao-sa,1YiWDsj_vYfFoqfSR1nznIzKZJM4RFA-9,excluido,arvore-PU,,
2026-08-06-confrontacao-sa,1MIWFnNts-x1GKmEDYPudPKXqk87x9FCh,excluido,arvore-PU,,
2026-08-06-confrontacao-sa,1qmjICeFlmDRs1WXG64Nccz4IiDdsk1_o,excluido,arvore-PU,,
2026-08-06-confrontacao-sa,14glqKHH57Hrn9RbS5F0e_oBZwHDq2hS0,excluido,arvore-PU,,
2026-08-06-confrontacao-sa,1IEoFiqIKuZqDuoJ71olaeOnefRLKTr-I,excluido,arvore-PU,,
2026-08-06-confrontacao-sa,1DEf5YeK_AnEKEg7TKPH8WE7uJBEOU6uA,excluido,arvore-PU,,
2026-08-06-confrontacao-sa,1jX3lzgyYGjXeLdEEcX5x9lONwMZV4lzY,excluido,arvore-PU,,
2026-08-06-confrontacao-sa,1PfVAfD0Pxukebn4q86NmNpjqkfLOli2X,excluido,arvore-PU,,
2026-08-06-confrontacao-sa,13uonwxQCxVzsSwrY8WU9hcnvzPv5FW6g,excluido,arvore-PU,,
2026-08-06-confrontacao-sa,1pi0LrR98w1V493YMVGRcYhB16IykcxYZ,excluido,arvore-PU,,
2026-08-06-confrontacao-sa,1NofgsoosmvVVGNiaQm4Xr4gT6AwmqVKC,excluido,arvore-PU,,
2026-08-06-confrontacao-sa,1TWtrpF1tF63KAE9p7FTRFxuNxejGYPcX,excluido,arvore-PU,,
2026-08-06-confrontacao-sa,1Oqg0xIPQzwJKnpYvXPMbx6SIGFh7imQg,excluido,arvore-PU,,
2026-08-06-confrontacao-sa,1oeSGOangR7Lg9TYEMrjFXSk18aTino8i,excluido,arvore-PU,,
2026-08-06-confrontacao-sa,1wOSDStL2wPYQTB7hxXea354QH1VQxdh2,excluido,arvore-PU,,
2026-08-06-confrontacao-sa,1j4_wkUc-sVY_FPYYhAGpo7KWnfPdTOHa,excluido,arvore-PU,,
2026-08-06-confrontacao-sa,1_HiTqavN81LBguNoWqfG-IvwJFMqJG8G,excluido,arvore-PU,,
2026-08-06-confrontacao-sa,1xzCMrcJDFHBdqa-q811T91lJXGIrPSYx,excluido,arvore-PU,,
2026-08-06-confrontacao-sa,1qiZZSTHJ6d7OOCtMAa_JM7gLFgUe78IO,excluido,arvore-PU,,
2026-08-06-confrontacao-sa,1PdQwejB_21xcMqQXLsIkZfzOEuOUljOF,excluido,arvore-PU,,
2026-08-06-confrontacao-sa,1BRzsMMmvtJ1jsgVOB7SOjytzUuQ3oYfp,excluido,arvore-PU,,
2026-08-06-confrontacao-sa,1hSyk7E3PXs8IoBFb8bmahp82heJYpo0N,excluido,arvore-PU,,
2026-08-06-confrontacao-sa,16iWflW1Hkb-2qA1de9hOyRuxIYKab4ds,excluido,arvore-PU,,
2026-08-06-confrontacao-sa,1O1zHAUpe_xDO3hmsHoLFs3nkKGM7ojK4,excluido,arvore-PU,,
2026-08-06-confrontacao-sa,1LH77kNuWc7VETXsPdlHyNfEfwHl1vwi1,excluido,arvore-PU,,
2026-08-06-confrontacao-sa,1yo9wB-_MGF8AGRRHOJIZbtt9aOmSgWwM,excluido,arvore-PU,,
2026-08-06-confrontacao-sa,1H5AsWox1JmDY4AjjR4d3KVAoXHjq5O1b,excluido,arvore-PU,,
2026-08-06-confrontacao-sa,1aJNHFAc5srJBXUUklO9y4vtGTZKICVik,excluido,arvore-PU,,
2026-08-06-confrontacao-sa,1AzO04NgN_qxR6rS4BZlxUwiWK8Ca39Cx,excluido,arvore-PU,,
2026-08-06-confrontacao-sa,1-DZCcak6MYebUf3KkBBYQ9PBeWmn7wHc,excluido,arvore-PU,,
2026-08-06-confrontacao-sa,167SGfCMro1cPgwnE_37-qXn2_IfaKvia,excluido,arvore-PU,,
2026-08-06-confrontacao-sa,1rxDysnAc2IvKrrZlL8N8wyqnDeaztYBW,excluido,arvore-PU,,
2026-08-06-confrontacao-sa,1uU076bHOAbrvcduwkr1A4Tt2OLDm4U6o,excluido,arvore-PU,,
2026-08-06-confrontacao-sa,1Do8O4OzhaqhregJJ_V0wCf_1Nby9LOAJ,excluido,arvore-PU,,
2026-08-06-confrontacao-sa,1tIqNC7xDZK0sUzoucjvuce5FK_LG2d7a,excluido,arvore-PU,,
2026-08-06-confrontacao-sa,1rUWSAEXi6k4hhwu5mn7bsXdE4UcikhIP,excluido,arvore-PU,,
2026-08-06-confrontacao-sa,1RLquuvk1yj9NKKCZl-pdMC0Ks-TOha9d,excluido,arvore-PU,,
2026-08-06-confrontacao-sa,1ULSbF05Ru0E3SJyQS1ufruCXgb4G2Qsn,excluido,arvore-PU,,
2026-08-06-confrontacao-sa,1U6NBRhg8tAehd_OunFQndamfyKun1gYE,excluido,arvore-PU,,
2026-08-06-confrontacao-sa,1Uk78Xjs9tdB0disrDs4bRSctGe-sTvtm,excluido,arvore-PU,,
2026-08-06-confrontacao-sa,1Z3MjJAnPPqHh6UKZ9mNC9PpfaDbDXEKI,excluido,arvore-PU,,
2026-08-06-confrontacao-sa,1F8Bcj4DfmKt3-uFsXdMO7CqMqO70hgcj,excluido,arvore-PU,,
2026-08-06-confrontacao-sa,1t7VUYckCUxQePNlYzAJc9Axb_mwRu5yw,excluido,arvore-PU,,
2026-08-06-confrontacao-sa,1XBSkcnTB-SlLMen0RJQUO8SJrk5F4287,excluido,arvore-PU,,
2026-08-06-confrontacao-sa,1B2aLXzlZY837l2BwTcGhXGDRNcK5QZ98,excluido,arvore-PU,,
2026-08-06-confrontacao-sa,1mJx4aciny0rw1paZcTNW2Cyx0ubEooXm,excluido,arvore-PU,,
2026-08-06-confrontacao-sa,1O8HI8LAGDkgER7zSDp7mRebH6rh6M4Ft,excluido,arvore-PU,,
2026-08-06-confrontacao-sa,1jYt-nEpD0Jy9njAxS7v_8vNX_sxd63PJ,excluido,arvore-PU,,
2026-08-06-confrontacao-sa,1TsB_KCsjokGYNtN1ZH2hA4L117113UBn,excluido,arvore-PU,,
2026-08-06-confrontacao-sa,1Sr46ue7GTXpZdiq8dmhR5WJkejPcQ5yn,excluido,arvore-PU,,
2026-08-06-confrontacao-sa,1ZVIHAySIsC1mrKjm6X00RuQFX5QcgO5O,excluido,arvore-PU,,
2026-08-06-confrontacao-sa,1HH2S3W3Jh5gu3MAfg6MM8ns6DTBVALbI,excluido,arvore-PU,,
2026-08-06-confrontacao-sa,1g9F7BcvKwkrw5QnCihwWMYsFz6gF-ILn,excluido,arvore-PU,,
2026-08-06-confrontacao-sa,1LDTStMOKDl_PKY8Fvniq-mDQLh8il4-F,excluido,arvore-PU,,
2026-08-06-confrontacao-sa,1RJPQk_iHUwxHO6jTdFLeebP83gO6oIc5,excluido,arvore-PU,,
2026-08-06-confrontacao-sa,1Uzwubn73LpnZXbOA6dmAM_MzRbLMMFPy,excluido,arvore-PU,,
2026-08-06-confrontacao-sa,1AmYokvl-LAaqeTGX1UUPOCCsxWqgzx2b,excluido,arvore-PU,,
2026-08-06-confrontacao-sa,1Z96DTndx0o9ZLLZBtTjlYeUM9pCPdPJV,excluido,arvore-PU,,
2026-08-06-confrontacao-sa,1XU4Ol06BrfVp3xhUepIr26nhZaKNo0UW,excluido,arvore-PU,,
2026-08-06-confrontacao-sa,1UhFjf145eTexdyQ2SwNNuaOodQN8SPp4,excluido,arvore-PU,,
2026-08-06-confrontacao-sa,13WMCiE8Xm1T_BkU0-xWPtBoZjx9F5s9r,excluido,arvore-PU,,
2026-08-06-confrontacao-sa,1ISllik23zsVeefYTWwC2MCYB4E2no8Kx,excluido,arvore-PU,,
2026-08-06-confrontacao-sa,1p5udqWv-zI-I42WqgeoD083iZRVzRTm4,excluido,arvore-PU,,
2026-08-06-confrontacao-sa,1ekB9Ufwq_xA05LtUxbYakAkEC_kZ45P-,excluido,arvore-PU,,
2026-08-06-confrontacao-sa,1-_o0yldO83-ZtNQ3i51Oes0XgZeWd9xl,excluido,arvore-PU,,
2026-08-06-confrontacao-sa,1ankJJd8hGGINab_FUPdFbjBoFEO-ebEv,excluido,arvore-PU,,
2026-08-06-confrontacao-sa,1gPnYPi-3kjMvk85dAJ7Asp2pcoPATesj,excluido,arvore-PU,,
2026-08-06-confrontacao-sa,1jrIjLb8kjqTpRHC0WAFMIGP_5zSHO7Ls,excluido,arvore-PU,,
2026-08-06-confrontacao-sa,16ELdzUPdLmRQ4b-Ux_QVD60q4XFFQdCT,excluido,arvore-PU,,
2026-08-06-confrontacao-sa,1lk_nv-Ksa-LYLZ4k8eoQC2FstySQW_JK,excluido,arvore-PU,,
2026-08-06-confrontacao-sa,16XJbm0jcR0HTH6MSoorxBd7hG460n1-r,excluido,arvore-PU,,
2026-08-06-confrontacao-sa,1vHojOn-1-92kYQ12wiD8puiP24mwcykn,excluido,arvore-PU,,
2026-08-06-confrontacao-sa,1nN-ZQkSpGQPS3jUHoCV_-htldsN1s13t,excluido,arvore-PU,,
2026-08-06-confrontacao-sa,1700LFO3nSSADQxLorQrL7utMTBaroPdp,excluido,arvore-PU,,
2026-08-06-confrontacao-sa,1ZwsVFcClncSUaYLCQSDc1u0fX2m8unDY,excluido,arvore-PU,,
2026-08-06-confrontacao-sa,1Gh_J3eJamRTXWv4cbuwiyeUTa0zOCMMQ,excluido,arvore-PU,,
2026-08-06-confrontacao-sa,1clixZA0K8CCoLMiF-a-YWsYKDGWS2jWG,excluido,arvore-PU,,
2026-08-06-confrontacao-sa,1KwSD2SO6cxnMMlFLgVIaPd2dfi2yg3Xx,excluido,arvore-PU,,
2026-08-06-confrontacao-sa,1AEmAZVFRZE_nn-si_4mn2iy_KqAMVjBU,excluido,arvore-PU,,
2026-08-06-confrontacao-sa,1NjN418uGT5qIxFVQHHXlc3VmHy32j44F,excluido,arvore-PU,,
2026-08-06-confrontacao-sa,1Hrof6KIDJYxa5jA3lsbhCPA-zkkCr6VP,excluido,arvore-PU,,
2026-08-06-confrontacao-sa,1icLSP8440SItGF-ylxSZiOCvt5rnIkrL,excluido,arvore-PU,,
2026-08-06-confrontacao-sa,1o30Od6wzKd8-hDcdPa_pwE0EsZqzofq3,excluido,arvore-PU,,
2026-08-06-confrontacao-sa,1aswiJ3kY25YbgTkuG34zJbgpFSQoGw0D,excluido,arvore-PU,,
2026-08-06-confrontacao-sa,1M_GhuuTwS1yk2zSjpTZ2YwL5CZb7ZTt9,excluido,arvore-PU,,
2026-08-06-confrontacao-sa,1YKPOozkmybFXc-anqXJgWtTCMrC9A1O2,excluido,arvore-PU,,
2026-08-06-confrontacao-sa,1tswnAIPL084asIagr34Z5V-RSTmWooA2,excluido,arvore-PU,,
2026-08-06-confrontacao-sa,1jR-rSCYcv24sfizyhqU3i6nxK6mdQXhG,excluido,arvore-PU,,
2026-08-06-confrontacao-sa,1tQ88UoLKaAzorp_VPfK7ptoNwK9zmn9U,excluido,arvore-PU,,
2026-08-06-confrontacao-sa,1lgUAWy8u-WT6eKc4T3xJbvqjQM-8NuF3,excluido,arvore-PU,,
2026-08-06-confrontacao-sa,14FmpnvQGUUdg8DWhAW58pLDUxaZIdGLw,excluido,arvore-PU,,
2026-08-06-confrontacao-sa,1L_gwlWQmbWxb8MG4R18lfoeaSMtK6GyM,excluido,arvore-PU,,
2026-08-06-confrontacao-sa,18aS4wR54NxmbVLWpY88vZnXHA8fX2qf-,excluido,arvore-PU,,
2026-08-06-confrontacao-sa,1OxsFBlSqBAGB1nugVU1fJk485etE9yIZ,excluido,arvore-PU,,
2026-08-06-confrontacao-sa,1GYYJCDqsFGypR5v3tkbkEt79e8kaBr12,excluido,arvore-PU,,
2026-08-06-confrontacao-sa,1AahH3kMHd509-Nar799P3fBZZAmZt_mO,excluido,arvore-PU,,
2026-08-06-confrontacao-sa,1GnOw3tsxWJcpET0pKtS0sZpcsK2bu-S4,excluido,arvore-PU,,
2026-08-06-confrontacao-sa,1ovv4M6hvkS7eH7d4T6IV7jBw9uqqn8H5,excluido,arvore-PU,,
2026-08-06-confrontacao-sa,178GlSInuP-XBcgFZLArq9rmROZN5VrRI,excluido,arvore-PU,,
2026-08-06-confrontacao-sa,1J09_7HER_DbfPYWqAgWHijTrZovKH6iZ,excluido,arvore-PU,,
2026-08-06-confrontacao-sa,1l1YZYLfR535wY-w53JdffwtJ1Z6rv_1A,excluido,arvore-PU,,
2026-08-06-confrontacao-sa,1XNq8sd_z0medUQAtfridFsH9CXO1qdGZ,excluido,arvore-PU,,
2026-08-06-confrontacao-sa,1d_WEkDRy-B_n-pw163mG_19RlFopLNki,excluido,arvore-PU,,
2026-08-06-confrontacao-sa,1X1-ArwtElMTZeWpE8tdzoOD8C9qwecGf,excluido,arvore-PU,,
2026-08-06-confrontacao-sa,1wZBUpFfY4rAk1dC8bd4UaeZIaVI1csXz,excluido,arvore-PU,,
2026-08-06-confrontacao-sa,1OP3JO5cRO6-d17OdDiBZZzISw1OJcNaU,excluido,arvore-PU,,
2026-08-06-confrontacao-sa,1JWPBp9zd-u9zkwQkOqcKjeth25KQEQey,excluido,arvore-PU,,
2026-08-06-confrontacao-sa,1_h6ZeNoyM3WxQPiriQSzCiSG7tXsFXkg,excluido,arvore-PU,,
2026-08-06-confrontacao-sa,1_EZO1mNf6JiTW989k_Jd_n0P-J9QCSe0,excluido,arvore-PU,,
2026-08-06-confrontacao-sa,18HfjwCgEDMGC8dKKsaY8EiQJzg7Q_QKC,excluido,arvore-PU,,
2026-08-06-confrontacao-sa,1_Hj4_c5oQXHfQW9_cC8NRN3fjfzsKkOF,excluido,arvore-PU,,
2026-08-06-confrontacao-sa,1gU_mxinFX8t3wbUCl__AmlPpcrf5dL2O,excluido,arvore-PU,,
2026-08-06-confrontacao-sa,1k-zbLK3o1Oo41bfPVDJ1SsDoxDld_cPZ,excluido,arvore-PU,,
2026-08-06-confrontacao-sa,1BevQmC6kLO50TmBV8ObfNvSVgRSgeeRA,excluido,arvore-PU,,
2026-08-06-confrontacao-sa,1Q_j7KiKozBsJXuKa8pU74B4MpTtP9h3q,excluido,arvore-PU,,
2026-08-06-confrontacao-sa,1JweqKeggHG5fIUOpcfBuRIhL8DrT5sM3,excluido,arvore-PU,,
2026-08-06-confrontacao-sa,1R0NzBWR62l3Mw7onglejR3rwGQimXbre,excluido,arvore-PU,,
2026-08-06-confrontacao-sa,1ytFrWAuUiSIoLjlskBrbD_Bsn2Eq8mJc,excluido,arvore-PU,,
2026-08-06-confrontacao-sa,1lct8bmacyfUKHhwvaACYt86v6GO1U6v7,excluido,arvore-PU,,
2026-08-06-confrontacao-sa,1dd1x5JxHS-JAc4Grsuucn1ly-X1NT9KD,excluido,arvore-PU,,
2026-08-06-confrontacao-sa,1lcNJOi7NQLPDtujP4Z4BsOol3cheqa3-,excluido,arvore-PU,,
2026-08-06-confrontacao-sa,1-GuG5lL5Z5WE9hBj2N_HACsDxYzFijxk,excluido,arvore-PU,,
2026-08-06-confrontacao-sa,1xS2NCo3w5lFCSM3LHXaRYjTeQ6SxTdEb,excluido,arvore-PU,,
2026-08-06-confrontacao-sa,18EmEgbrbdi6kJN1bNM7alXhS6Z5W3og-,excluido,arvore-PU,,
2026-08-06-confrontacao-sa,1ewgYMYHetSrNRAo5zg_8mCFEi5T8AdTK,excluido,arvore-PU,,
2026-08-06-confrontacao-sa,1zijXtTdvVr7l8drJ9iwy-1ZL8n7-0faW,excluido,arvore-PU,,
2026-08-06-confrontacao-sa,1g5LBELn83QcZGaq0TJHuhcucIp0TdfVu,excluido,arvore-PU,,
2026-08-06-confrontacao-sa,1hkBiyXW2Av0cW05QXrGcynMGBjYWC5s5,excluido,arvore-PU,,
2026-08-06-confrontacao-sa,1lm_QWG6gZkj1WNbjzEUmun3D4FPDW_QX,excluido,arvore-PU,,
2026-08-06-confrontacao-sa,1y0P03fNeOUBRr2fefGpp9p0oI1B25nlh,excluido,arvore-PU,,
2026-08-06-confrontacao-sa,1M5dHel-4gertsfFFSfGdJBy9930nhl8B,excluido,arvore-PU,,
2026-08-06-confrontacao-sa,1daPA_NbX7cNZPNBh-gL-zy0I3rdap__r,excluido,arvore-PU,,
2026-08-06-confrontacao-sa,1hn4OCWfuxvJKBYhbMEFtKrdNweqGhn0C,excluido,arvore-PU,,
2026-08-06-confrontacao-sa,1287KOzQ3Rk4pTaNz0WV2TIBlB2z2JgeL,excluido,arvore-PU,,
2026-08-06-confrontacao-sa,17AgTa3aSavPSZyhkzq8cUClOHpYamT94,excluido,arvore-PU,,
2026-08-06-confrontacao-sa,125yL-Iy7jWcXWpL88FzWAH0wtkL0yeC-,excluido,arvore-PU,,
2026-08-06-confrontacao-sa,1X8hkpjN_oGIcpnhB1RzSDQOgeoUUutJW,excluido,arvore-PU,,
2026-08-06-confrontacao-sa,1PuEKIOe7OnYYjFgUUE_eGwbPA7KevlNH,excluido,arvore-PU,,
2026-08-06-confrontacao-sa,1fZe01n7QjrM36Wa06djuAPbAidgXHXfd,excluido,arvore-PU,,
2026-08-06-confrontacao-sa,1c6egKNeZwTaN5rduLzaODz8ey_h_JjzI,excluido,arvore-PU,,
2026-08-06-confrontacao-sa,1yAlK2a3ZaUH4ggTA0cirzODwdNoZcUIh,excluido,arvore-PU,,
2026-08-06-confrontacao-sa,1uxwJLMvJTUMd2wa_qA20BTX110ofTzFP,excluido,arvore-PU,,
2026-08-06-confrontacao-sa,1wx5xEoCv6wImhff6gHHy0Eq70fCBFUcG,excluido,arvore-PU,,
2026-08-06-confrontacao-sa,1ufhOE9tnBtgAEo4Kp-f2yx5Ago5op7Pm,excluido,arvore-PU,,
2026-08-06-confrontacao-sa,1W064ho4UMhcwXpnbrYioAjfFtWm1ZsNH,excluido,arvore-PU,,
2026-08-06-confrontacao-sa,1SQ7KIqf4FobhvtfumvJCp5NSsHv_Q0Wc,excluido,arvore-PU,,
2026-08-06-confrontacao-sa,1QfjxeoCPpx4HiTHUfBPbqSmiFFRANkyV,excluido,arvore-PU,,
2026-08-06-confrontacao-sa,18Kt2Rot4uXytSUL3G4USC1EFT_3ropQh,excluido,arvore-PU,,
2026-08-06-confrontacao-sa,1Nn8n_n9BxNeLT5_Q9qxv5MMvYa7YtThy,excluido,arvore-PU,,
2026-08-06-confrontacao-sa,1oHLuv5J8qAmOdmiVDXGQCIDsXwQDyIzA,excluido,arvore-PU,,
2026-08-06-confrontacao-sa,1fhPHv_s7RownkK3jszbBF2RCMSClW_B0,excluido,arvore-PU,,
2026-08-06-confrontacao-sa,1-xmmkyCCf8NwHE3So3Yj3kKVT8yFuH1t,excluido,arvore-PU,,
2026-08-06-confrontacao-sa,1kuSyb8jyoWHgQ7XvzeXE1DfLNfamad_H,excluido,arvore-PU,,
2026-08-06-confrontacao-sa,1KVXSmKIKiucjF2Q6_E1i0zPnm9LvkCPl,excluido,arvore-PU,,
2026-08-06-confrontacao-sa,1shDJGqs3hofi6ovShiMK9qTvckZeDA0t,excluido,arvore-PU,,
2026-08-06-confrontacao-sa,1rN_fsOefqdvDU8icHG-ptHGMemzX72NA,excluido,arvore-PU,,
2026-08-06-confrontacao-sa,1-LRNyTwNt4Ar5KLd2lq0TxDKaA8D5Vmz,excluido,arvore-PU,,
2026-08-06-confrontacao-sa,1ZyjtHHUDe4Tomb6WZ1pDlNmbgbwFm5WE,excluido,arvore-PU,,
2026-08-06-confrontacao-sa,1f_LKhRmvMJK8HcJaZEJygmZ71wznDVCE,excluido,arvore-PU,,
2026-08-06-confrontacao-sa,1FKfkkoj130-dS0Dei6ZXYwMEufGIualo,excluido,arvore-PU,,
2026-08-06-confrontacao-sa,1uPlCWCcxrzKuYNxEIOrpxIDYLRO_0QoT,excluido,arvore-PU,,
2026-08-06-confrontacao-sa,1ec1UDzpF0cxbRZO51O5UgyxPs-RJpaty,excluido,arvore-PU,,
2026-08-06-confrontacao-sa,1oOJHSaNhBbWBx5xYtJFMJAMf8mOnUB7H,excluido,arvore-PU,,
2026-08-06-confrontacao-sa,1zQeOweWGTpizppN8owIv_p1qh4EH6jio,excluido,arvore-PU,,
2026-08-06-confrontacao-sa,1qeMNZTRj8itKc-6V3_T0uHcn_wDEY0iP,excluido,arvore-PU,,
2026-08-06-confrontacao-sa,1nWjbPVvpWuis9t576Cw_pSTQurmU0swV,excluido,arvore-PU,,
2026-08-06-confrontacao-sa,1Ze3bOM75N2FmgNYya9kntyL4boRQRCYF,excluido,arvore-PU,,
2026-08-06-confrontacao-sa,1lxVs_kqDfVb6cF0609SERS3wjGe-uSn0,excluido,arvore-PU,,
2026-08-06-confrontacao-sa,1W9_8qbzU89cgwhaLbWH1h63OsCtdX3AI,excluido,arvore-PU,,
2026-08-06-confrontacao-sa,1_kVUJO-x7Wel7AHgJlgAUYf82up2iU0W,excluido,arvore-PU,,
2026-08-06-confrontacao-sa,10y3GLl2SMs07TIak1rbgaax7oXZFd2nU,excluido,arvore-PU,,
2026-08-06-confrontacao-sa,1oakoO1ZyCwclapUWWed8SXEJD_6v1qMk,excluido,arvore-PU,,
2026-08-06-confrontacao-sa,1jRs-Wm_-HAnoh0xnpDs5Sk5t7q0GHSRT,excluido,arvore-PU,,
2026-08-06-confrontacao-sa,1yXk-CDJMo87-WmkG8B1-mAzIIT_z8yvs,excluido,arvore-PU,,
2026-08-06-confrontacao-sa,1mzoewH1DEjCbkLKXTB0EKnzUOPfxW2DF,excluido,arvore-PU,,
2026-08-06-confrontacao-sa,1p0VH1fpgeL-8pmHMipjUMDXY-CTLhNyR,excluido,arvore-PU,,
2026-08-06-confrontacao-sa,1vTorsekskSqMQmYqMWx0l_v7xoAzv3qZ,excluido,arvore-PU,,
2026-08-06-confrontacao-sa,1xnSzIAMqDeq00Y1xaeroaJOE8IMoiWPf,excluido,arvore-PU,,
2026-08-06-confrontacao-sa,103drHBN4-5D9gaQwdQxnjFRtQVmngmYI,excluido,arvore-PU,,
2026-08-06-confrontacao-sa,1AI1W-yYaAn_fa476xvk5H9v3rm8uK-9f,excluido,arvore-PU,,
2026-08-06-confrontacao-sa,1EyzQ9O6HTbiUSBgotHYBun_haesZHGC_,excluido,arvore-PU,,
2026-08-06-confrontacao-sa,1M_mzMY1G3HjwUH-WRR5TXt4Tj8sEBe0m,excluido,arvore-PU,,
2026-08-06-confrontacao-sa,1FY6a_glyYJ_T_cGTcjiU8rzxO50VE_kV,excluido,arvore-PU,,
2026-08-06-confrontacao-sa,1iCmok2KJdG9QgKzwC4Z7VNFYqkqVX-QK,excluido,arvore-PU,,
2026-08-06-confrontacao-sa,1Rfh9YRBgHIfAA4a76SZxea3-oA_Pp-D3,excluido,arvore-PU,,
2026-08-06-confrontacao-sa,1CWtHd-c-A61-CoWzSu_fvD3fXFekeHHr,excluido,arvore-PU,,
2026-08-06-confrontacao-sa,1Ds-5P_NOuspibvKwCeto0z3-60327Lk9,excluido,arvore-PU,,
2026-08-06-confrontacao-sa,19AGzK7iNVmehxpwqW7_oJLPtxgT61Ohh,excluido,arvore-PU,,
2026-08-06-confrontacao-sa,1zeJpzs6kZbRxXrijAzdQyDtmNoFw-h35,excluido,arvore-PU,,
2026-08-06-confrontacao-sa,11aKOXYElCoHR97SjlmlZSb3Dgahtuz15,excluido,arvore-PU,,
2026-08-06-confrontacao-sa,1wX-koAPK9UKC9XyTvsSnsvsby-uPwnIW,excluido,arvore-PU,,
2026-08-06-confrontacao-sa,1Tq6Co-B_2_Lz6mOW8heo7AL9WDjA2Aoz,excluido,arvore-PU,,
2026-08-06-confrontacao-sa,1wJBdlrw8gUkOIMtPzwgeFAyyr2mq1atg,excluido,arvore-PU,,
2026-08-06-confrontacao-sa,1W4NKKz4HlioobdlHhekjzpJJgFkMJOph,excluido,arvore-PU,,
2026-08-06-confrontacao-sa,1WVR4hUQvM-N4jcqooLk_MMO77ACM-4bX,excluido,arvore-PU,,
2026-08-06-confrontacao-sa,1as1JwV3JQK3gMyBHvOCLo_OJGOg2a3aT,excluido,arvore-PU,,
2026-08-06-confrontacao-sa,1HPvwPOkjRwlC4dfgEYpYkfyDJ5l94tNM,excluido,arvore-PU,,
2026-08-06-confrontacao-sa,1IvHck6ce6VwuSHd_EWVa9RmnJW0nWF8j,excluido,arvore-PU,,
2026-08-06-confrontacao-sa,1Z04ZHyuy0epwhg10SsVTAoZwG5cmiaK1,excluido,arvore-PU,,
2026-08-06-confrontacao-sa,1_w_WLS1P6QXsgBLF50roxL4gZ8vZzjIM,excluido,arvore-PU,,
2026-08-06-confrontacao-sa,1qTUREEXNb4xKVZD1QdpSlaZc_vcnTzi_,excluido,arvore-PU,,
2026-08-06-confrontacao-sa,1EzRmfgGvjHQ4z9_MWj1syOIsD2Y4LTJC,excluido,arvore-PU,,
2026-08-06-confrontacao-sa,1wbrY-MK1amnAgrbdAib3Q9HS8zP7F8tI,excluido,arvore-PU,,
2026-08-06-confrontacao-sa,1R1DMOgCXEnIpQPGp9asYoGvgDMnnEtII,excluido,arvore-PU,,
2026-08-06-confrontacao-sa,1w1QTwUn9U90RBxkNUa4hDWh4eHAvf3HC,excluido,arvore-PU,,
2026-08-06-confrontacao-sa,1RGSlN2o8d3p02ykMsUlKP4BrSDjL0wn5,excluido,arvore-PU,,
2026-08-06-confrontacao-sa,1uhb2UqXSMAkMlFSzeLWaVdK49BiToD3f,excluido,arvore-PU,,
2026-08-06-confrontacao-sa,15OERH26m15vwGFkhg1K6uwLhE0-vOsff,excluido,arvore-PU,,
2026-08-06-confrontacao-sa,14tYpbfw2q_FDS3EAuEUzeRNsKIks2wgU,excluido,arvore-PU,,
2026-08-06-confrontacao-sa,18oqxak-1Y8utcwaOb3QY9bX_DD0E9ZhO,excluido,arvore-PU,,
2026-08-06-confrontacao-sa,1Y2_AQT8DEIEXksqdTNS0CqrXojCtbWpy,excluido,arvore-PU,,
2026-08-06-confrontacao-sa,1FoIgFRcfI39O0zIBLOLzmPWNgv4gVydp,excluido,arvore-PU,,
2026-08-06-confrontacao-sa,1KVspqKo2nYGzgskCjTMvu3_uRXNEePIs,excluido,arvore-PU,,
2026-08-06-confrontacao-sa,1u2aLvVGM-xzoLhSs8RA_bY2ss8N6bbE1,excluido,arvore-PU,,
2026-08-06-confrontacao-sa,1bKOnLh0xrDfk1zVHDsehKd_exQ6vszWv,excluido,arvore-PU,,
2026-08-06-confrontacao-sa,1o8kSDTfd-c3WqhjYE2Q_mX3w7PcU_ClZ,excluido,arvore-PU,,
2026-08-06-confrontacao-sa,1l4JDsh7Jx7K8r9Ywc7HwvAncU-Pim7p4,excluido,arvore-PU,,
2026-08-06-confrontacao-sa,1jQK8Xl5iXm_FlLmbd2sLtT9lTyfeMzcf,excluido,arvore-PU,,
2026-08-06-confrontacao-sa,1i9u5aP1opomn6yLh64Kk2NQEVjDIUckJ,excluido,arvore-PU,,
2026-08-06-confrontacao-sa,1Rm8r0zvXhBi0Lc3sdcHh-DJSaRieN5mV,excluido,arvore-PU,,
2026-08-06-confrontacao-sa,1rQp0t-YV8zyFi7yGfLAJ2a1F846KdCGh,excluido,arvore-PU,,
2026-08-06-confrontacao-sa,1e1dDm6_LlzQjys3xjqM3rKHm1pmiLyti,excluido,arvore-PU,,
2026-08-06-confrontacao-sa,1vf06UAdDLi7aNzBnOGb_74c-PyzuOmYH,excluido,arvore-PU,,
2026-08-06-confrontacao-sa,1v7DNdfxpdxlJ-kGdtp96ZSq9Cv05FmLD,excluido,arvore-PU,,
2026-08-06-confrontacao-sa,1wWIKVfwaH9cLQSwmIHNaP2PO0c2u76U7,excluido,arvore-PU,,
2026-08-06-confrontacao-sa,1Rzu5YrRgQO_eTKNBQ64vuk9lZcU3CPfL,excluido,arvore-PU,,
2026-08-06-confrontacao-sa,1ixG80yIdVSsLKTGbTE75YA5saQdGglCK,excluido,arvore-PU,,
2026-08-06-confrontacao-sa,14Y9Ma8JgLEPcmmEv2qsCjymsiSLBeAYw,excluido,arvore-PU,,
2026-08-06-confrontacao-sa,10CpweOGwQ0Ppzs0ijikIIOvfQNf8HhIz,excluido,arvore-PU,,
2026-08-06-confrontacao-sa,151Rwikuh2bBi4DAvi5v6KSjYE2lEr5eX,excluido,arvore-PU,,
2026-08-06-confrontacao-sa,19LeU-v7KhEzUqUIRfU_ag6lqZr12PfaY,excluido,arvore-PU,,
2026-08-06-confrontacao-sa,1TS6PCWtWDK_WRklEAoC-eXaA1gbRAxqO,excluido,arvore-PU,,
2026-08-06-confrontacao-sa,1Xo15K46ffuEct7JxqUb5LpmFJWEn8Nws,excluido,arvore-PU,,
2026-08-06-confrontacao-sa,16Y2m5he9ny16kpPcIPOWaCruhTUjH0RT,excluido,arvore-PU,,
2026-08-06-confrontacao-sa,12QZYmijO9IM0JoV2t_JEU94krCad_2r7,excluido,arvore-PU,,
2026-08-06-confrontacao-sa,1PKyod6BF1FMXd6XjMpsGv_SJfNRzRrd2,excluido,arvore-PU,,
2026-08-06-confrontacao-sa,1PHPP3kF1rnEdktxxdk7L0tQ-CUUcdj59,excluido,arvore-PU,,
2026-08-06-confrontacao-sa,1a2Owysvx0nxGEJ2SZjWanwzSRgoD9lX9,excluido,arvore-PU,,
2026-08-06-confrontacao-sa,1eKkqkKGVlz-atP9-MDujjHqgz6xclmn8,excluido,arvore-PU,,
2026-08-06-confrontacao-sa,1EpKfftisR6QZ6RoewSvR7h6fjFGF08NN,excluido,arvore-PU,,
2026-08-06-confrontacao-sa,1BJ1oWbRQtc4GPHyMDlVHwWXmaFSGTxG6,excluido,arvore-PU,,
2026-08-06-confrontacao-sa,1LUBwTmjwKOa9T0_p9DC0jlsiLWLD67oD,excluido,arvore-PU,,
2026-08-06-confrontacao-sa,1_fhh6pr8zNAp-59JFYpdfxEeITHk-DF2,excluido,arvore-PU,,
2026-08-06-confrontacao-sa,1xhpn8dIAH_CpJwiiOru39dw8nKX20XS3,excluido,arvore-PU,,
2026-08-06-confrontacao-sa,1J8WsRyenYmvZjIzty_7_BfP5bSt6_8Ki,excluido,arvore-PU,,
2026-08-06-confrontacao-sa,1XkB_2eW4u4KBAt4tKYwsWXcakco5AwbA,excluido,arvore-PU,,
2026-08-06-confrontacao-sa,1_ub3QYvVL4evEAjcLshWaCulfqDx-KSC,excluido,arvore-PU,,
2026-08-06-confrontacao-sa,1d6T4xqk9pJssMbSSTbruRoYWamAGHZd8,excluido,arvore-PU,,
2026-08-06-confrontacao-sa,1xCdKMS_NVb4zKUD1Gi60UMJ8xYU_l0v3,excluido,arvore-PU,,
2026-08-06-confrontacao-sa,1JRizcJ6cK0wueTvVY2sJp5OFKswdXXsQ,excluido,arvore-PU,,
2026-08-06-confrontacao-sa,1uD5YJhqLtsMEzGIHEXOHJlgywcfm4rma,excluido,arvore-PU,,
2026-08-06-confrontacao-sa,1fLlcs5iKd94XxK-eb-IhVGYEWxzR-EkZ,excluido,arvore-PU,,
2026-08-06-confrontacao-sa,1mX_rZgWR0BqSUMvD-L0R4x9i72FE1e_L,excluido,arvore-PU,,
2026-08-06-confrontacao-sa,1a6oSTqVdEfT1G9TiQ8XH0HeoT8XwO4HP,excluido,arvore-PU,,
2026-08-06-confrontacao-sa,1EprsZ5IYqlhZrDNO3O8zSpESLQRH9jki,excluido,arvore-PU,,
2026-08-06-confrontacao-sa,17IqAc-S6l3Nszqswk0A4iyvrsACYc-ec,excluido,arvore-PU,,
2026-08-06-confrontacao-sa,1vZ8qH8LisMyMRH_J1ex5CRzaAeWQfl_l,excluido,arvore-PU,,
2026-08-06-confrontacao-sa,18-L1FvZ9xK51X1Wib0LVc2PfQtos4BeU,excluido,arvore-PU,,
2026-08-06-confrontacao-sa,1bbqp9UId-K3ObeUEXaV6K-ach3mjvOxV,excluido,arvore-PU,,
2026-08-06-confrontacao-sa,1FMhH5HxinG25xrWf1oUVN09xIrlSQwDh,excluido,arvore-PU,,
2026-08-06-confrontacao-sa,1svGIZ--MdInwbmK41Z5PVdAmRbd_VTut,excluido,arvore-PU,,
2026-08-06-confrontacao-sa,145V1bSAnX0g70-n3EPmVtSGoG-eOqABR,excluido,arvore-PU,,
2026-08-06-confrontacao-sa,1n_8uJ_2YO-52grXBqLJqrm3AFlDpPMsA,excluido,arvore-PU,,
2026-08-06-confrontacao-sa,1yJRyY4L_Fy6cUulOb91Lvun9agi6tK86,excluido,arvore-PU,,
2026-08-06-confrontacao-sa,1p5AWmJj8R_Ihcz0LaOOgmei9wE2YPzZU,excluido,arvore-PU,,
2026-08-06-confrontacao-sa,1xu9ODzhZvqdvQuQUUJdYelZDI6ONzRBv,excluido,arvore-PU,,
2026-08-06-confrontacao-sa,12FA_ZikxJL0_qRiPPBvZmywVKQjJtZX1,excluido,arvore-PU,,
2026-08-06-confrontacao-sa,1wOh21k6MOj0ci8o1R7XcEYE9f2y8NFrx,excluido,arvore-PU,,
2026-08-06-confrontacao-sa,1Z-_JRStOf9n9wYNWTWRtJlnnsqktg5tg,excluido,arvore-PU,,
2026-08-06-confrontacao-sa,1hlEMOur9rGAUCK_Qwjv3jvVUXU8XlyHn,excluido,arvore-PU,,
2026-08-06-confrontacao-sa,1AV69P69L2qIYoTm3UdJ53imUjbavA3ZW,excluido,arvore-PU,,
2026-08-06-confrontacao-sa,1O7oNEVBy4IlRmlugybFszOWeV6-VNnlF,excluido,arvore-PU,,
2026-08-06-confrontacao-sa,1LmWChB25frsB8Q8nRi_lMzBcM2SC9R93,excluido,arvore-PU,,
2026-08-06-confrontacao-sa,1f7EhS-7wEfNH-dw8EI4SRJBL6yp35MXt,excluido,arvore-PU,,
2026-08-06-confrontacao-sa,1ie4TOdiq75hVclJB2Ui-GYwThZ_mwHib,excluido,arvore-PU,,
2026-08-06-confrontacao-sa,1Bv55bLkW3gTGAvqAU1BK0y9V1UtdrTnV,excluido,arvore-PU,,
2026-08-06-confrontacao-sa,1RaRhoUAVe2EkFRp35XFsDj9N8ZkQNktg,excluido,arvore-PU,,
2026-08-06-confrontacao-sa,1WkZX8jiY3YMRWLpxJjDg2gwGEpys60pU,excluido,arvore-PU,,
2026-08-06-confrontacao-sa,11IJG_Lq5qCe4D8cjATxt46yKxz05QS6T,excluido,arvore-PU,,
2026-08-06-confrontacao-sa,1LsQZBETL0ShdcYvvMejGQOcfRTj7AtDM,excluido,arvore-PU,,
2026-08-06-confrontacao-sa,1bMRtLalYHHnUz1T7tY0gU2q5cG2BMlVR,excluido,arvore-PU,,
2026-08-06-confrontacao-sa,1fX_D-WtWWvNSIwWrGAJlwDHcAHZ-eKi2,excluido,arvore-PU,,
2026-08-06-confrontacao-sa,1wUkT1W2owfCISsdnbS3rmryuD7b_jSwJ,excluido,arvore-PU,,
2026-08-06-confrontacao-sa,1pOwa2ZwlZ3RHCW61njCKgf68vzBtGJ7A,excluido,arvore-PU,,
2026-08-06-confrontacao-sa,18_XYaV249lWFHmZl9nxzSqQAbOuR7nYP,excluido,arvore-PU,,
2026-08-06-confrontacao-sa,1vi2KWxW0RQ2rfcO4cl5a6tDwlflQsCre,excluido,arvore-PU,,
2026-08-06-confrontacao-sa,1YP97-hhPM7ddDeDhPiWUatdld8NCA0WD,excluido,arvore-PU,,
2026-08-06-confrontacao-sa,13ONyLnBl0iGzOKcuNGzWmyAoS8unfx2P,excluido,arvore-PU,,
2026-08-06-confrontacao-sa,1kX3WdgydTuYJI-g3-0FTu9o_P5V-1RS1,excluido,arvore-PU,,
2026-08-06-confrontacao-sa,1Db4RF_DdMsexyLqdf8qmcdqEG-yRBQ_H,excluido,arvore-PU,,
2026-08-06-confrontacao-sa,1Is6lzAxye6vrfVYGA9jdslFuYAVzuBLm,excluido,arvore-PU,,
2026-08-06-confrontacao-sa,1pOtPE16D8OoDZO4395lESk4nLkUiEiFv,excluido,arvore-PU,,
2026-08-06-confrontacao-sa,11T6e0Gud3HmUu1zzhm3Pf01kSaiMuqtZ,excluido,arvore-PU,,
2026-08-06-confrontacao-sa,1ufY5vQz3hBUyF-QxcjpIFyqE0D9cD_yw,excluido,arvore-PU,,
2026-08-06-confrontacao-sa,18x1aJpUe_k3rZr7CmpovRs2svHfFJcT3,excluido,arvore-PU,,
2026-08-06-confrontacao-sa,1o56Mk5R4SGBu1h1XZGx2WCeRv94mcIiX,excluido,arvore-PU,,
2026-08-06-confrontacao-sa,1_hV3grpRydqzV087zC0NuSO97EUtdQSr,excluido,arvore-PU,,
2026-08-06-confrontacao-sa,1XZajobB1j3FN9_Rtr96SDESM0-vsQGxF,excluido,arvore-PU,,
2026-08-06-confrontacao-sa,1Ur3CjoN_qITpyj8oW4xBza4GottRJNTQ,excluido,arvore-PU,,
2026-08-06-confrontacao-sa,1D1VqYxDQu2VOcbAkjmueNWe7h6oSr5KE,excluido,arvore-PU,,
2026-08-06-confrontacao-sa,1_wCkmKMTPyTrmjxU9VUAmtR1A_5Xkypi,excluido,arvore-PU,,
2026-08-06-confrontacao-sa,13fjuZFPnw6OzEvMiPWr_Uj4q0YCK0acH,excluido,arvore-PU,,
2026-08-06-confrontacao-sa,1U-47Sz8vgTFp0dgpYy31ZgBvv_OU8wAD,excluido,arvore-PU,,
2026-08-06-confrontacao-sa,1m7SxgsU650EjWkkEYyXhgg1745n-N1ct,excluido,arvore-PU,,
2026-08-06-confrontacao-sa,1GwJ5wn--UkEn8yoSjBqhLWOylykXO-h4,excluido,arvore-PU,,
2026-08-06-confrontacao-sa,1dv6immLv5_7clJnDT97OWKdl6mvCXj4B,excluido,arvore-PU,,
2026-08-06-confrontacao-sa,1NBOU1pR67tvrj5ag5nucQAfjblznnMfS,excluido,arvore-PU,,
2026-08-06-confrontacao-sa,1eIxui4FWFktdmxRIgmr39sN61ubME3fM,excluido,arvore-PU,,
2026-08-06-confrontacao-sa,1tm9E49OPkm8g2QRCEzMCGKeUG6S8RT7O,excluido,arvore-PU,,
2026-08-06-confrontacao-sa,1q_MopVRChIiuTBPiQ8LX6q-W_8o1m110,excluido,arvore-PU,,
2026-08-06-confrontacao-sa,1uxk6gDwJZMcuN6dYQa6qwFwyYQJB9pOt,excluido,arvore-PU,,
2026-08-06-confrontacao-sa,1vUTWNmiC10Oy2mw120BpV_3IrnyKnmIY,excluido,arvore-PU,,
2026-08-06-confrontacao-sa,1wu2PspBOqqblopMKWjkbHAjOWwdRfAV8,excluido,arvore-PU,,
2026-08-06-confrontacao-sa,1znUgmc7AjUEF9x-T1Ck25nybicUy4AlF,excluido,arvore-PU,,
2026-08-06-confrontacao-sa,1cTaGrDX3iiTjSkW1aeMt5k7hl2DdBIuO,excluido,arvore-PU,,
2026-08-06-confrontacao-sa,1eqmZkgwtGTOQsxexVXqQdowL72Ww1wSe,excluido,arvore-PU,,
2026-08-06-confrontacao-sa,1Dho3YVtcF-9GfLCq1NV6xzOjs0TY3Yhc,excluido,arvore-PU,,
2026-08-06-confrontacao-sa,1uM7G194po_8pepwEodB1tVI6XvvyAJkz,excluido,arvore-PU,,
2026-08-06-confrontacao-sa,18ECgaDDUWfS-6ft9vDBGCyl0zE0o4H9R,excluido,arvore-PU,,
2026-08-06-confrontacao-sa,1rHX1rEmaPNX9JLNLAHImyOzkeKprGW5K,excluido,arvore-PU,,
2026-08-06-confrontacao-sa,1PjUWOqmKIkwUYV8iPA2MIAWwGVZLMhan,excluido,arvore-PU,,
2026-08-06-confrontacao-sa,1H7TahGLZwJqUNwzgZh07negXFNQ-Yv2S,excluido,arvore-PU,,
2026-08-06-confrontacao-sa,1W7z9wbOZE6LlnnZMJBJzihM1HGCFroue,excluido,arvore-PU,,
2026-08-06-confrontacao-sa,17z2SEbdtl_vdFJjVrimJDk1FF2ceNiOb,excluido,arvore-PU,,
2026-08-06-confrontacao-sa,1lYp1Xuhi_TMw4usHM7X570i9KLqX6Rwj,excluido,arvore-PU,,
2026-08-06-confrontacao-sa,1e_gqqVbOE5f6Dx7xGFbDNJrbgpv-JLEj,excluido,arvore-PU,,
2026-08-06-confrontacao-sa,1O7CZpt61wj3Jj0Qs8IOMSUzDvppgCTR8,excluido,arvore-PU,,
2026-08-06-confrontacao-sa,1dt6t9A9pzxvXdB6glPgnD5v8fUakKgt6,excluido,arvore-PU,,
2026-08-06-confrontacao-sa,1kGWkcyhaFhRcxUZkxkPos1hX593m7k_l,excluido,arvore-PU,,
2026-08-06-confrontacao-sa,19weWy-LeCjEIcyqKYXGdzZTExHq2Ywig,excluido,arvore-PU,,
2026-08-06-confrontacao-sa,1bLd1lEzwts2J9PpuWNK86-naNUsk79s0,excluido,arvore-PU,,
2026-08-06-confrontacao-sa,1OqCeQ2lsGMh2ZuK4zIuGVAz159mHHGQE,excluido,arvore-PU,,
2026-08-06-confrontacao-sa,1FD4Lb1eKdmnMs4DtlWGDmv23JZdMoV8W,excluido,arvore-PU,,
2026-08-06-confrontacao-sa,1_eCkxZdAAXuLG30tRvsQEGZEu1iBdFfa,excluido,arvore-PU,,
2026-08-06-confrontacao-sa,1TRPp3-6LFE4IRel2eA9a6KHgcEM1wpuw,excluido,arvore-PU,,
2026-08-06-confrontacao-sa,1iPqiiqz-m9JyCaTA-6k3XffcdLqkMKKY,excluido,arvore-PU,,
2026-08-06-confrontacao-sa,16K0xGBlJVQdVRxSZISofcQlN7Jfb3Vsf,excluido,arvore-PU,,
2026-08-06-confrontacao-sa,1rwSSsW4Xg4kA-cJwrarxynS6z1i7mdvB,excluido,arvore-PU,,
2026-08-06-confrontacao-sa,11Y5xYbk7YZ265omp2JwRopb_FFx1_ftq,excluido,arvore-PU,,
2026-08-06-confrontacao-sa,1UT7P_qOupeXSBzTadsmMn2ZyJjEbcRWA,excluido,arvore-PU,,
2026-08-06-confrontacao-sa,1Wfc6xaFrEqc-JCMrfN8tEI44lbCSx3dm,excluido,arvore-PU,,
2026-08-06-confrontacao-sa,1Y28tvDDfTSZGorc3aZgXgNRuKTP96bQk,excluido,arvore-PU,,
2026-08-06-confrontacao-sa,1lkzW2nPJsGS-55EfVlBQPLUArc7xdgFh,excluido,arvore-PU,,
2026-08-06-confrontacao-sa,12YdB-Y33swJlWnfaxPFN8Pl8IaVeQU2y,excluido,arvore-PU,,
2026-08-06-confrontacao-sa,1Od_Hfp6ln7H0gBCQe6lF_u_tM20PC1u5,excluido,arvore-PU,,
2026-08-06-confrontacao-sa,10tCiERz2YTwc44ExghpT2yuwDJbk4IMy,excluido,arvore-PU,,
2026-08-06-confrontacao-sa,1cjBeEUDYRMEWTS6yKmPo4O0AVi0wJnfB,excluido,arvore-PU,,
2026-08-06-crosstree-definitivo,1F__Xn0_m3May46FpP3e6YFNloTdqdfwh,quarentena,TODOS TDC,98/_quarentena,d3a88243c7b79716592cd21eff889f0d
2026-08-06-crosstree-definitivo,1vJxueY0EQljJXYbFmYEVUwfIfJUvjSgc,quarentena,TODOS TDC,98/_quarentena,38d58360d61ecd91cddee4c698897b1b
2026-08-06-crosstree-definitivo,1lixqSHNwb-fKnHWkst1upJfr2KbeqpIx,quarentena,TODOS TDC,98/_quarentena,a5b90b7f18a78cddd856b0b1196235ca
2026-08-06-crosstree-definitivo,1rt_LEy7INQmohKFvcTpfmqZPE9bfbHnz,quarentena,TODOS TDC,98/_quarentena,7497c53507559cf3492da0c282e1bc83
2026-08-06-crosstree-definitivo,1bnw3318xqRO870YRmk_y9ZLTC0alyojz,quarentena,TODOS TDC,98/_quarentena,5c678a8801337969a5557f1f464f492a
2026-08-06-crosstree-definitivo,13y1InqQDm4sabuFFdm-X2WYKyXmM5ekE,quarentena,TODOS TDC,98/_quarentena,5c678a8801337969a5557f1f464f492a
2026-08-06-crosstree-definitivo,1I8hJa-p6LejAxMdzcS3zwuekaX5g1VLW,quarentena,TODOS TDC,98/_quarentena,f42a3814661757c7bf67fc2c1669f737
2026-08-06-crosstree-definitivo,1K53ehPuflJIUqPrGLRq9vdFyKk_YGJeP,quarentena,TODOS TDC,98/_quarentena,f42a3814661757c7bf67fc2c1669f737
2026-08-06-crosstree-definitivo,185aNsrl-imv65InLqilRtVSKjm3MCJkQ,quarentena,TODOS TDC,98/_quarentena,476bed0bd80d718497b9adcfb41d4f84
2026-08-06-crosstree-definitivo,12yID6_KDzJ4N83B0pCXjOWC8KSHy7T0F,quarentena,TODOS TDC,98/_quarentena,476bed0bd80d718497b9adcfb41d4f84
2026-08-06-crosstree-definitivo,1594U0HVb7XEmvA4TIO9-qShC6kqlxayS,quarentena,TODOS TDC,98/_quarentena,926384e44f11f2486d4220c21edc6efa
2026-08-06-crosstree-definitivo,1XNoWqGwVQywCT73FxPBAjZNLX8TgL2o9,quarentena,TODOS TDC,98/_quarentena,926384e44f11f2486d4220c21edc6efa
2026-08-06-crosstree-definitivo,11IbxLz-nUiol2qhZbXPbF4C-_Dwvl4Y4,quarentena,TODOS TDC,98/_quarentena,8205ea71d98c9c9f1f864bef7be3bec3
2026-08-06-crosstree-definitivo,1lJcApFuMJM1m8Dxhe9qc4lVdo25qcVVi,quarentena,TODOS TDC,98/_quarentena,8205ea71d98c9c9f1f864bef7be3bec3
2026-08-06-crosstree-definitivo,11ZDVwqRPxVk6yPLFCM0GYib1ubLW2587,quarentena,TODOS TDC,98/_quarentena,78df4ae5d5a1f7f0a48ad4fe069ca761
2026-08-06-crosstree-definitivo,1vfi39m0QNpBV7NxboRGChtHhAUM-ymVI,quarentena,TODOS TDC,98/_quarentena,78df4ae5d5a1f7f0a48ad4fe069ca761
2026-08-06-crosstree-definitivo,1GD9PH2cL9wIm1bMUgjlymQCpHYUdBkS3,quarentena,TODOS TDC,98/_quarentena,cb690712344f619c0aeb60e9656e5411
2026-08-06-crosstree-definitivo,13pyQ0xKDyphWlSJCBBhktxAlCGssjdIb,quarentena,TODOS TDC,98/_quarentena,cb690712344f619c0aeb60e9656e5411
2026-08-06-crosstree-definitivo,1zJXKwtR3mTjuzR06CW78FYO9kod4i4lt,quarentena,TODOS TDC,98/_quarentena,d5eab70a574289768c1744a0f192105b
2026-08-06-crosstree-definitivo,1bEBJrLDRgnNcR-lGkBq23n1eF1-XNBLM,quarentena,TODOS TDC,98/_quarentena,d5eab70a574289768c1744a0f192105b
2026-08-06-crosstree-definitivo,14Nq6I2YlHrQbUtmTTG2QHDKp7gdeBtvN,quarentena,TODOS TDC,98/_quarentena,ead30fc519e36706d7f8246f1f3d6209
2026-08-06-crosstree-definitivo,1y-DTBpeX6qHq4cfLbS822pRhLNYWQUMz,quarentena,TODOS TDC,98/_quarentena,ead30fc519e36706d7f8246f1f3d6209
2026-08-06-crosstree-definitivo,1D28Od_TpjJa31RJb9kyHYlPb2ULyytXC,quarentena,TODOS TDC,98/_quarentena,b388dc078e5cebe8878baceebffc4603
2026-08-06-crosstree-definitivo,1kTZFvh7M57bN8aCavgEYTKPJQy0xOwqa,quarentena,TODOS TDC,98/_quarentena,b388dc078e5cebe8878baceebffc4603
2026-08-06-crosstree-definitivo,1B4qqNtC1R6hUjgj1Ilc-Xhbp_FM145Lz,quarentena,TODOS TDC,98/_quarentena,cfc2e7cce93454cf3dbacb91e459e732
2026-08-06-crosstree-definitivo,1c9sDXAUsHHWjd-Z01vVmmKyHDl5zxqqf,quarentena,TODOS TDC,98/_quarentena,cfc2e7cce93454cf3dbacb91e459e732
2026-08-06-crosstree-definitivo,1LqHz7kHG-SyqEh4R795mQoQXBUL1FDoH,quarentena,TODOS TDC,98/_quarentena,cfc2e7cce93454cf3dbacb91e459e732
2026-08-06-crosstree-definitivo,1jWoePqwVaOvpPsHb5PdFDgQ3SNr-4209,quarentena,TODOS TDC,98/_quarentena,cfc2e7cce93454cf3dbacb91e459e732
2026-08-06-crosstree-definitivo,1FMH9asZA-sGC2Wkr0aORvGRhvAXRJ_0C,quarentena,TODOS TDC,98/_quarentena,cfc2e7cce93454cf3dbacb91e459e732
2026-08-06-crosstree-definitivo,1GRu3oAkqrUgbKnARw94xmLXcPN6S8Mm8,quarentena,TODOS TDC,98/_quarentena,4b95edb61a21a0379cec5d5f33a841f5
2026-08-06-crosstree-definitivo,17gTnZrKAXVrxRQA0wFHVmqcwBTwii6_J,quarentena,TODOS TDC,98/_quarentena,c2d04126c6c8f1bb9b1b7af32514113c
2026-08-06-crosstree-definitivo,1JUK_uiInZdrdMNDKpXHA-h4GA2T8c_dv,quarentena,TODOS TDC,98/_quarentena,3cdb25595c9d4f2aed39dec15c4d1109
2026-08-06-crosstree-definitivo,1THtgVEq2HHNNJ5LBUoAFOTfX2Zw96TdO,quarentena,TODOS TDC,98/_quarentena,ae3b3df9970b49b6523e608759bc957d
2026-08-06-crosstree-definitivo,1v_eb9tyrOHk0qsBFQjGk_gPrJ9rzqkr5,quarentena,TODOS TDC,98/_quarentena,ae3b3df9970b49b6523e608759bc957d
2026-08-06-crosstree-definitivo,1j22wt6DYvqB9t6khrdIz2-PzB6sN4usK,quarentena,TODOS TDC,98/_quarentena,ae3b3df9970b49b6523e608759bc957d
2026-08-06-crosstree-definitivo,1r8kXPeBpzs4rmJE7JoeF2qm-aAxlO9PH,quarentena,TODOS TDC,98/_quarentena,ae3b3df9970b49b6523e608759bc957d
2026-08-06-crosstree-definitivo,1PuO2wyKZeXyEvibtdkRE4vn5RuejWstS,quarentena,TODOS TDC,98/_quarentena,ae3b3df9970b49b6523e608759bc957d
2026-08-06-crosstree-definitivo,1I0Zden8s7K8WyZxPaQ4ZoueYKqKi-T5L,quarentena,TODOS TDC,98/_quarentena,ae3b3df9970b49b6523e608759bc957d
2026-08-06-crosstree-definitivo,1GwE10ccA5XPcJ4KWbRFyIMaC6F1wI_qc,quarentena,TODOS TDC,98/_quarentena,ae3b3df9970b49b6523e608759bc957d
2026-08-06-crosstree-definitivo,17EK318mHaIqnV6zngNqsKWfHLsG7mOus,quarentena,TODOS TDC,98/_quarentena,ae3b3df9970b49b6523e608759bc957d
2026-08-06-crosstree-definitivo,1KpeyXXyOwk1itnRe2VLZqtjKPqU43i0M,quarentena,TODOS TDC,98/_quarentena,ae3b3df9970b49b6523e608759bc957d
2026-08-06-crosstree-definitivo,11X9pA3X7B37e4Kz6mjpfjGi7FxsIlD8e,quarentena,TODOS TDC,98/_quarentena,ae3b3df9970b49b6523e608759bc957d
2026-08-06-crosstree-definitivo,1E-U2w2uuBUOUWrP_gQahCKJAKbo7MIY1,quarentena,TODOS TDC,98/_quarentena,ae3b3df9970b49b6523e608759bc957d
2026-08-06-crosstree-definitivo,1-1l5WX_B4kJaTZZqs71Mc0Vrfq5_1TB6,quarentena,TODOS TDC,98/_quarentena,ae3b3df9970b49b6523e608759bc957d
2026-08-06-crosstree-definitivo,1NNgCwbalBxqbiajwAxASzPDjA2n_KNeB,quarentena,TODOS TDC,98/_quarentena,ae3b3df9970b49b6523e608759bc957d
2026-08-06-crosstree-definitivo,1UmiZxDGYHBXoVUMwu0fh5FvorFHZU0ZZ,quarentena,TODOS TDC,98/_quarentena,ae3b3df9970b49b6523e608759bc957d
2026-08-06-crosstree-definitivo,11ENoXVqE2vwLPnRV5WthJK9Acz6mXqMg,quarentena,TODOS TDC,98/_quarentena,ae3b3df9970b49b6523e608759bc957d
2026-08-06-crosstree-definitivo,1XoLIjyMLOe6RjBnyp0_Hn6z0ukrc1he4,quarentena,TODOS TDC,98/_quarentena,ae3b3df9970b49b6523e608759bc957d
2026-08-06-crosstree-definitivo,1BeLw8VxIGtdKgbM5vK2CrJZJPaQMwO_S,quarentena,TODOS TDC,98/_quarentena,ae3b3df9970b49b6523e608759bc957d
2026-08-06-crosstree-definitivo,1k7dWQnUiDP4SA-2b0cqaZH1xn_2lMZyz,quarentena,TODOS TDC,98/_quarentena,ae3b3df9970b49b6523e608759bc957d
2026-08-06-crosstree-definitivo,1bvTWNnM0i10uPcmzLmaVBYSIEjvar4n4,quarentena,TODOS TDC,98/_quarentena,ae3b3df9970b49b6523e608759bc957d
2026-08-06-crosstree-definitivo,1zTbM-1npNoCt5xx-UQ4gscJRr2z4EtwN,quarentena,TODOS TDC,98/_quarentena,ae3b3df9970b49b6523e608759bc957d
2026-08-06-crosstree-definitivo,1FqzSYgJSvxMaF2U7GmmvrjZVdtA8eAFo,quarentena,TODOS TDC,98/_quarentena,ae3b3df9970b49b6523e608759bc957d
2026-08-06-crosstree-definitivo,1AHFkXkEcOm7ZXherKPNzZNirVrtRBPdF,quarentena,TODOS TDC,98/_quarentena,ae3b3df9970b49b6523e608759bc957d
2026-08-06-crosstree-definitivo,1z6_rUUaLWE2y26u3L7AfL06hGS4S2vz0,quarentena,TODOS TDC,98/_quarentena,ae3b3df9970b49b6523e608759bc957d
2026-08-06-crosstree-definitivo,101IZhOOzGu8yWoaA273eFAL4FEsF9xgp,quarentena,TODOS TDC,98/_quarentena,ae3b3df9970b49b6523e608759bc957d
2026-08-06-crosstree-definitivo,1j7SXNgKGF6SV_K4g1gC7bQe8yu-az92s,quarentena,TODOS TDC,98/_quarentena,ae3b3df9970b49b6523e608759bc957d
2026-08-06-crosstree-definitivo,1cnUxpN8PQtfUr7_f1QWIn0Bh0xe88V-y,quarentena,TODOS TDC,98/_quarentena,ae3b3df9970b49b6523e608759bc957d
2026-08-06-crosstree-definitivo,1D2gCtB7tgktMkArnCdndXCvo3ey2xtD-,quarentena,TODOS TDC,98/_quarentena,ae3b3df9970b49b6523e608759bc957d
2026-08-06-crosstree-definitivo,1CsTqoHKAxTXvunxlNxNBAd0OfaF0Zb4K,quarentena,TODOS TDC,98/_quarentena,ae3b3df9970b49b6523e608759bc957d
2026-08-06-crosstree-definitivo,1TT01AglMypnG_uIIYyT3wmoYpgy4Wj6K,quarentena,TODOS TDC,98/_quarentena,ae3b3df9970b49b6523e608759bc957d
2026-08-06-crosstree-definitivo,1VNTq2wFxsdMr_1UTV3wlS9mBAvudqsR0,quarentena,TODOS TDC,98/_quarentena,ae3b3df9970b49b6523e608759bc957d
2026-08-06-crosstree-definitivo,1t_V0JXd2obS3LQn0JtF91lEZM4-9xW7d,quarentena,TODOS TDC,98/_quarentena,ae3b3df9970b49b6523e608759bc957d
2026-08-06-crosstree-definitivo,1bukkA1yC1uvgpuE06XIy80ooSrLL7rDh,quarentena,TODOS TDC,98/_quarentena,ae3b3df9970b49b6523e608759bc957d
2026-08-06-crosstree-definitivo,1xIPee6JRr_FcCMIHKyzdp-s9n4Vwdn4T,quarentena,TODOS TDC,98/_quarentena,ae3b3df9970b49b6523e608759bc957d
2026-08-06-crosstree-definitivo,1tNyKu7_jvBiGuJVnjbPcuTb_OQ4RNqkw,quarentena,TODOS TDC,98/_quarentena,ae3b3df9970b49b6523e608759bc957d
2026-08-06-crosstree-definitivo,1WH8pm-8Rll-gENuAvCcAqb_FV5loPAio,quarentena,TODOS TDC,98/_quarentena,ae3b3df9970b49b6523e608759bc957d
2026-08-06-crosstree-definitivo,1faC3uBUqtf1NGdx0wvm7jhCsa98WdKqq,quarentena,TODOS TDC,98/_quarentena,ae3b3df9970b49b6523e608759bc957d
2026-08-06-crosstree-definitivo,1lY-iv2Ds6ycpG5DCAR3QK5evnIG6C-hv,quarentena,TODOS TDC,98/_quarentena,ae3b3df9970b49b6523e608759bc957d
2026-08-06-crosstree-definitivo,142Txax4yH5Y_Vx7p7K6T0u9G1ctlqGKt,quarentena,TODOS TDC,98/_quarentena,ae3b3df9970b49b6523e608759bc957d
2026-08-06-crosstree-definitivo,1cfOnZ3qmpDmjuQhquQLitUT85NDzQ4F-,quarentena,TODOS TDC,98/_quarentena,ae3b3df9970b49b6523e608759bc957d
2026-08-06-crosstree-definitivo,1tbVJvIZdPBinruXVRnH5S7R2OAcWPSiE,quarentena,TODOS TDC,98/_quarentena,ae3b3df9970b49b6523e608759bc957d
2026-08-06-crosstree-definitivo,1QCD4RbojOSV1KY9DARFdh1u9_ZspBm6Z,quarentena,TODOS TDC,98/_quarentena,ae3b3df9970b49b6523e608759bc957d
2026-08-06-crosstree-definitivo,1DqVy_YrIJ-MaK_NH8X8r5Ts8m1d3AHPN,quarentena,TODOS TDC,98/_quarentena,ae3b3df9970b49b6523e608759bc957d
2026-08-06-crosstree-definitivo,1xvidK_pYLxL0zcsdc__qVq-YCccIe7HL,quarentena,TODOS TDC,98/_quarentena,ae3b3df9970b49b6523e608759bc957d
2026-08-06-crosstree-definitivo,1KPANSI-3vrOPbmLDVpavFUJAF4p-NwtV,quarentena,TODOS TDC,98/_quarentena,ae3b3df9970b49b6523e608759bc957d
2026-08-06-crosstree-definitivo,1qvP6opEpfvWLZQbG-VdGk5gAZJJf7F6v,quarentena,TODOS TDC,98/_quarentena,ae3b3df9970b49b6523e608759bc957d
2026-08-06-crosstree-definitivo,1pZ5TWPULUVU6JfRBpaeKeOpqznCX2jtN,quarentena,TODOS TDC,98/_quarentena,ae3b3df9970b49b6523e608759bc957d
2026-08-06-crosstree-definitivo,18bkQFmS6oCGjcVR99iAsrFISW437pARe,quarentena,TODOS TDC,98/_quarentena,ae3b3df9970b49b6523e608759bc957d
2026-08-06-crosstree-definitivo,1uGXS16lLvzlgJWpdyLcfG4HfZxR5Eig-,quarentena,TODOS TDC,98/_quarentena,ae3b3df9970b49b6523e608759bc957d
2026-08-06-crosstree-definitivo,1hNEsLDeCM1JMUfmlefQhbzhVE4od2q4X,quarentena,TODOS TDC,98/_quarentena,ae3b3df9970b49b6523e608759bc957d
2026-08-06-crosstree-definitivo,1cZa2f_HZWH0Dj2dFIPuE_YZPW0H1Ay96,quarentena,TODOS TDC,98/_quarentena,ae3b3df9970b49b6523e608759bc957d
2026-08-06-crosstree-definitivo,1fJy9aEeNfI9ZK0OkRCmzCWWbGMABnCl1,quarentena,TODOS TDC,98/_quarentena,ae3b3df9970b49b6523e608759bc957d
2026-08-06-crosstree-definitivo,11rN6AzOLinEiBNtbnAkrG4_yUGWBdDQe,quarentena,TODOS TDC,98/_quarentena,ae3b3df9970b49b6523e608759bc957d
2026-08-06-crosstree-definitivo,12JSu0C2my6N0GOBVu75CL6pSLEN6nx5z,quarentena,TODOS TDC,98/_quarentena,ae3b3df9970b49b6523e608759bc957d
2026-08-06-crosstree-definitivo,11xPsitBpfR5X2EBPoMDNLtRLg1jGP0RF,quarentena,TODOS TDC,98/_quarentena,ae3b3df9970b49b6523e608759bc957d
2026-08-06-crosstree-definitivo,1tEllev86gObzqgBhlNCso5WYmuBrNUVj,quarentena,TODOS TDC,98/_quarentena,ae3b3df9970b49b6523e608759bc957d
2026-08-06-crosstree-definitivo,1X0L95B2_c8GZZpSO28ZJr9gzuRlufXF_,quarentena,TODOS TDC,98/_quarentena,ae3b3df9970b49b6523e608759bc957d
2026-08-06-crosstree-definitivo,1-K3FtacDgTlOaCOQQHW3oAE4-Y0JfAIs,quarentena,TODOS TDC,98/_quarentena,ae3b3df9970b49b6523e608759bc957d
2026-08-06-crosstree-definitivo,1AM84aI9StYAUwr_dN6N8KE7s4TthyJh4,quarentena,TODOS TDC,98/_quarentena,ae3b3df9970b49b6523e608759bc957d
2026-08-06-crosstree-definitivo,11eEW2g3134uAOATczvtTFbJ7m6VUAiEy,quarentena,TODOS TDC,98/_quarentena,ae3b3df9970b49b6523e608759bc957d
2026-08-06-crosstree-definitivo,1Zj211JgFH34wPQ7pxTjeBp8JLbGGA67n,quarentena,TODOS TDC,98/_quarentena,ae3b3df9970b49b6523e608759bc957d
2026-08-06-crosstree-definitivo,1zIXf9BOp89YmIGMoCKq9nIWOXtIIH5oW,quarentena,TODOS TDC,98/_quarentena,ae3b3df9970b49b6523e608759bc957d
2026-08-06-crosstree-definitivo,1ReRixQGo-bPkjsCN1Wo8vfS1KWisO6px,quarentena,TODOS TDC,98/_quarentena,ae3b3df9970b49b6523e608759bc957d
2026-08-06-crosstree-definitivo,1MwFCWES_0ddcrcb9MU8mBgkJT0DvhVy4,quarentena,TODOS TDC,98/_quarentena,ae3b3df9970b49b6523e608759bc957d
2026-08-06-crosstree-definitivo,1PDVAGQPFStfb6PEtgt5ICSMMoEvtgFdG,quarentena,TODOS TDC,98/_quarentena,ae3b3df9970b49b6523e608759bc957d
2026-08-06-crosstree-definitivo,1E5g6kteH1lGlB8oIgAOaThG9lzc6WHpc,quarentena,TODOS TDC,98/_quarentena,ae3b3df9970b49b6523e608759bc957d
2026-08-06-crosstree-definitivo,1FRyPpyw_jSpgSbLkrACxkK4-MCOpGdZY,quarentena,TODOS TDC,98/_quarentena,ae3b3df9970b49b6523e608759bc957d
2026-08-06-crosstree-definitivo,1s48BP8AfvaERKUaGcgYDxqfO-_FaxtpA,quarentena,TODOS TDC,98/_quarentena,ae3b3df9970b49b6523e608759bc957d
2026-08-06-crosstree-definitivo,1xhXWWWQfKPSXqkYvY1CwvEIxwmidNQLy,quarentena,TODOS TDC,98/_quarentena,ae3b3df9970b49b6523e608759bc957d
2026-08-06-crosstree-definitivo,14r7NA6qBsKhy8APnbYc-r_EMCFYHnzFc,quarentena,TODOS TDC,98/_quarentena,ae3b3df9970b49b6523e608759bc957d
2026-08-06-crosstree-definitivo,1sdWEODP2kMw5AZHz86P9hckBysiL7i-j,quarentena,TODOS TDC,98/_quarentena,ae3b3df9970b49b6523e608759bc957d
2026-08-06-crosstree-definitivo,1mIDoDCxn3u7W9ZbJNyMzTy--O4a-2VId,quarentena,TODOS TDC,98/_quarentena,ae3b3df9970b49b6523e608759bc957d
2026-08-06-crosstree-definitivo,10_10_m0aRqTpEZOYYvL8cQTgCmCCshJY,quarentena,TODOS TDC,98/_quarentena,ae3b3df9970b49b6523e608759bc957d
2026-08-06-crosstree-definitivo,1VWDMVbDrotmUnB-_RQylKKfP6ARV5bQQ,quarentena,TODOS TDC,98/_quarentena,ae3b3df9970b49b6523e608759bc957d
2026-08-06-crosstree-definitivo,17jewm5IpeGMr6n1nECWvbioGvLHPXZ8r,quarentena,TODOS TDC,98/_quarentena,ae3b3df9970b49b6523e608759bc957d
2026-08-06-crosstree-definitivo,1iDZ1_gWp191s1gPkmWRnds7RtnI6fF-8,quarentena,TODOS TDC,98/_quarentena,ae3b3df9970b49b6523e608759bc957d
2026-08-06-crosstree-definitivo,19PYoUsNmsppLIBJwJByxX96IQyFhC3m0,quarentena,TODOS TDC,98/_quarentena,ae3b3df9970b49b6523e608759bc957d
2026-08-06-crosstree-definitivo,1OKxXmh5-uGKDII3McafwcwV3C4VMmm74,quarentena,TODOS TDC,98/_quarentena,ae3b3df9970b49b6523e608759bc957d
2026-08-06-crosstree-definitivo,1GM0ZzZHxZ93vcwA5ygcnP4oke-l0k1cI,quarentena,TODOS TDC,98/_quarentena,ae3b3df9970b49b6523e608759bc957d
2026-08-06-crosstree-definitivo,10EZsQiR9Bhau-MOAZpMN_1yxqVct403c,quarentena,TODOS TDC,98/_quarentena,ae3b3df9970b49b6523e608759bc957d
2026-08-06-crosstree-definitivo,1yOPzCx8m-aMSRGHL31QfVSBHB88d1HLN,quarentena,TODOS TDC,98/_quarentena,ae3b3df9970b49b6523e608759bc957d
2026-08-06-crosstree-definitivo,1-at5Mmz0ztlQxyqOrgzyalEVmVgfp4qB,quarentena,TODOS TDC,98/_quarentena,ae3b3df9970b49b6523e608759bc957d
2026-08-06-crosstree-definitivo,1e5oIvaoDKn0SibfCHEpSE1kgfJcc-4am,quarentena,TODOS TDC,98/_quarentena,ae3b3df9970b49b6523e608759bc957d
2026-08-06-crosstree-definitivo,1TdKA4mDT4H976x7hQlF7uJZsO7H-U9Es,quarentena,TODOS TDC,98/_quarentena,ae3b3df9970b49b6523e608759bc957d
2026-08-06-crosstree-definitivo,18hA6uejfmAZsthA26Udjy5jrVrt3NE52,quarentena,TODOS TDC,98/_quarentena,ae3b3df9970b49b6523e608759bc957d
2026-08-06-crosstree-definitivo,19qYE-rX43kA7ZGapJthIxSiydChkcjsK,quarentena,TODOS TDC,98/_quarentena,ae3b3df9970b49b6523e608759bc957d
2026-08-06-crosstree-definitivo,17enXtYVOLdxaWSr7icsS7m3E9CUZhTVP,quarentena,TODOS TDC,98/_quarentena,ae3b3df9970b49b6523e608759bc957d
2026-08-06-crosstree-definitivo,1P-gY6SB1Cm43cz5v3-52lKoQGpTeubvn,quarentena,TODOS TDC,98/_quarentena,ae3b3df9970b49b6523e608759bc957d
2026-08-06-crosstree-definitivo,1L7Rphc5FU53qnf2-Pqx6dC5k9uEPbHMz,quarentena,TODOS TDC,98/_quarentena,ae3b3df9970b49b6523e608759bc957d
2026-08-06-crosstree-definitivo,1n74XdX1nxnbT_Fyi83NtVfSdfxtBF0G9,quarentena,TODOS TDC,98/_quarentena,ae3b3df9970b49b6523e608759bc957d
2026-08-06-crosstree-definitivo,17KR6W7hhqS3nUD79baMxO6f0MjxUfTEi,quarentena,TODOS TDC,98/_quarentena,ae3b3df9970b49b6523e608759bc957d
2026-08-06-crosstree-definitivo,12Q9SmPl-Qe6NiNLxqdJwhBhpPyeDknsf,quarentena,TODOS TDC,98/_quarentena,ae3b3df9970b49b6523e608759bc957d
2026-08-06-crosstree-definitivo,1uAyLNmKuUkwL_QWlFuKZs_xRh-Z54qxe,quarentena,TODOS TDC,98/_quarentena,ae3b3df9970b49b6523e608759bc957d
2026-08-06-crosstree-definitivo,1bsGK2oOnRfqPrbuu3DedqBm8PyrR-vks,quarentena,TODOS TDC,98/_quarentena,ae3b3df9970b49b6523e608759bc957d
2026-08-06-crosstree-definitivo,1-G-UzkDH6Cc-4EeSu700M33QJkJG7VKW,quarentena,TODOS TDC,98/_quarentena,ae3b3df9970b49b6523e608759bc957d
2026-08-06-crosstree-definitivo,128wh5SFO5Orem2Y-j0chcdi34OpJGB1j,quarentena,TODOS TDC,98/_quarentena,ae3b3df9970b49b6523e608759bc957d
2026-08-06-crosstree-definitivo,1syilzKHETZGALQaYLP-D9_3sX0t2tyHB,quarentena,TODOS TDC,98/_quarentena,ae3b3df9970b49b6523e608759bc957d
2026-08-06-crosstree-definitivo,1H4w4tUFOHCbqf66cRJv5bn1eKDm4Lr9K,quarentena,TODOS TDC,98/_quarentena,ae3b3df9970b49b6523e608759bc957d
2026-08-06-crosstree-definitivo,1nsa2UCrz1ovHQHF7duVXpOPnOFJ568jX,quarentena,TODOS TDC,98/_quarentena,ae3b3df9970b49b6523e608759bc957d
2026-08-06-crosstree-definitivo,1579ulMrrS-11MTa09SDDv25cfqmMbtxP,quarentena,TODOS TDC,98/_quarentena,ae3b3df9970b49b6523e608759bc957d
2026-08-06-crosstree-definitivo,1SdJDrkMzbdD9G_f7Qj1OlF74CdZ_laoe,quarentena,TODOS TDC,98/_quarentena,ae3b3df9970b49b6523e608759bc957d
2026-08-06-crosstree-definitivo,1Wyb4iCOpmRo-xiHaVCEFNe33GcN3PxGa,quarentena,TODOS TDC,98/_quarentena,ae3b3df9970b49b6523e608759bc957d
2026-08-06-crosstree-definitivo,1ZWyhj0yMoy9GMWyLXPZnE6CmWm3ex_Y9,quarentena,TODOS TDC,98/_quarentena,ae3b3df9970b49b6523e608759bc957d
2026-08-06-crosstree-definitivo,1qmEc9-zX8i4w2h_ZsytCuOxgXSLQoFJO,quarentena,TODOS TDC,98/_quarentena,ae3b3df9970b49b6523e608759bc957d
2026-08-06-crosstree-definitivo,1BMgJcQWuHsMm8HhBslvar17cZv7bcgP2,quarentena,TODOS TDC,98/_quarentena,ae3b3df9970b49b6523e608759bc957d
2026-08-06-crosstree-definitivo,1ngyMLmE4bWP-cD-qxct9MiI2RcW_amLz,quarentena,TODOS TDC,98/_quarentena,ae3b3df9970b49b6523e608759bc957d
2026-08-06-crosstree-definitivo,1SFqEyhLRYOP4szYfkIGNgIZk3HK_6MZc,quarentena,TODOS TDC,98/_quarentena,ae3b3df9970b49b6523e608759bc957d
2026-08-06-crosstree-definitivo,15E66KeFoFh8D0xuTreq1AvxDovbYE65B,quarentena,TODOS TDC,98/_quarentena,ae3b3df9970b49b6523e608759bc957d
2026-08-06-crosstree-definitivo,12B7OLTZY3K6NChQ3FYMHjEpqgHXm0USZ,quarentena,TODOS TDC,98/_quarentena,ae3b3df9970b49b6523e608759bc957d
2026-08-06-crosstree-definitivo,1Hxg3YrdhTZbMKZ_xujoLkQA9Ph1f7D9l,quarentena,TODOS TDC,98/_quarentena,ae3b3df9970b49b6523e608759bc957d
2026-08-06-crosstree-definitivo,1h4iZi96LST8biJ2Stwz8BWJYY5Fu6uig,quarentena,TODOS TDC,98/_quarentena,ae3b3df9970b49b6523e608759bc957d
2026-08-06-crosstree-definitivo,1ag9iPMY-o3pV7NnSwcCH1xj4K1Bg8VQD,quarentena,TODOS TDC,98/_quarentena,ae3b3df9970b49b6523e608759bc957d
2026-08-06-crosstree-definitivo,1GT6XFSFC_5kRhBKyYgO_HC_PTP7zJql1,quarentena,TODOS TDC,98/_quarentena,ae3b3df9970b49b6523e608759bc957d
2026-08-06-crosstree-definitivo,1TysWMS_9E3d1U-wSNpmqloUUmhRSknMA,quarentena,TODOS TDC,98/_quarentena,ae3b3df9970b49b6523e608759bc957d
2026-08-06-crosstree-definitivo,1tb7C_wDN0gUmpKsfB6bycOwin57rVwqM,quarentena,TODOS TDC,98/_quarentena,ae3b3df9970b49b6523e608759bc957d
2026-08-06-crosstree-definitivo,1Sll7KE-QKAH5f-UM2xRJ6aaKn0yvmPTl,quarentena,TODOS TDC,98/_quarentena,ae3b3df9970b49b6523e608759bc957d
2026-08-06-crosstree-definitivo,1nKmp9gFN9Tc3oM0xlVUfYGkXDwDznHrw,quarentena,TODOS TDC,98/_quarentena,ae3b3df9970b49b6523e608759bc957d
2026-08-06-crosstree-definitivo,1U8dsyHRzUMo1lsrcG89pG0FL7aE6Y2Cn,quarentena,TODOS TDC,98/_quarentena,ae3b3df9970b49b6523e608759bc957d
2026-08-06-crosstree-definitivo,1iVhM8LnKSoZwuiV1MXTfrGad_mq5x6kY,quarentena,TODOS TDC,98/_quarentena,ae3b3df9970b49b6523e608759bc957d
2026-08-06-crosstree-definitivo,1mmK_Gkh-sYrPz3jYqyMzmmxfYptr7ZMe,quarentena,TODOS TDC,98/_quarentena,ae3b3df9970b49b6523e608759bc957d
2026-08-06-crosstree-definitivo,1VIJzUsxJ4elh9ypdyShA0n0ADmK7IfJA,quarentena,TODOS TDC,98/_quarentena,ae3b3df9970b49b6523e608759bc957d
2026-08-06-crosstree-definitivo,1vMGIHNL1kd2TLXoaGLqcu8pOgXlh-xZF,quarentena,TODOS TDC,98/_quarentena,ae3b3df9970b49b6523e608759bc957d
2026-08-06-crosstree-definitivo,1YkR0bWqMFnVLvXaeewKPuuoo9r0_y4nJ,quarentena,TODOS TDC,98/_quarentena,ae3b3df9970b49b6523e608759bc957d
2026-08-06-crosstree-definitivo,1G1_bQdeVaUvzSfard_wW6uBJmZy5TUj8,quarentena,TODOS TDC,98/_quarentena,ae3b3df9970b49b6523e608759bc957d
2026-08-06-crosstree-definitivo,1xI4KkfhBV8Vu_3dhAcja3S8ITh09XbWr,quarentena,TODOS TDC,98/_quarentena,ae3b3df9970b49b6523e608759bc957d
2026-08-06-crosstree-definitivo,1LV_0IPE3-GttNX1bbotmbl1lDNxvGPDT,quarentena,TODOS TDC,98/_quarentena,ae3b3df9970b49b6523e608759bc957d
2026-08-06-crosstree-definitivo,1XuYeON374NXQ_0g8PBYT8Wz09eLbJF5E,quarentena,TODOS TDC,98/_quarentena,ae3b3df9970b49b6523e608759bc957d
2026-08-06-crosstree-definitivo,15kVJEMEjfSf20xHi2b-dvCwHN5bzaLrt,quarentena,TODOS TDC,98/_quarentena,ae3b3df9970b49b6523e608759bc957d
2026-08-06-crosstree-definitivo,1J7SBx8hBFwZEga840Yq0PSsPzWwEvqFG,quarentena,TODOS TDC,98/_quarentena,ae3b3df9970b49b6523e608759bc957d
2026-08-06-crosstree-definitivo,190EZ5kAGnHsiHMNyIYcxLhP_aeC9nztc,quarentena,TODOS TDC,98/_quarentena,ae3b3df9970b49b6523e608759bc957d
2026-08-06-crosstree-definitivo,1FPAlI-llKruMcWqXMZyJeHX-VZLq8BBG,quarentena,TODOS TDC,98/_quarentena,ae3b3df9970b49b6523e608759bc957d
2026-08-06-crosstree-definitivo,1Nq2P4psHo_ZUy3tzF2xxppOuSqZzer0a,quarentena,TODOS TDC,98/_quarentena,ae3b3df9970b49b6523e608759bc957d
2026-08-06-crosstree-definitivo,1LYMwUWDclz6H_bwlcOPjxG1-v6UIP1Lr,quarentena,TODOS TDC,98/_quarentena,ae3b3df9970b49b6523e608759bc957d
2026-08-06-crosstree-definitivo,1EwG1aOflt7friyPOMe25COnoflAc8NCM,quarentena,TODOS TDC,98/_quarentena,ae3b3df9970b49b6523e608759bc957d
2026-08-06-crosstree-definitivo,1mO-SgLXd_y_AouFdq3MuywXfTkRindse,quarentena,TODOS TDC,98/_quarentena,ae3b3df9970b49b6523e608759bc957d
2026-08-06-crosstree-definitivo,1K20aRm_g65ly6Feo7VBeT9LlORFWJGE_,quarentena,TODOS TDC,98/_quarentena,ae3b3df9970b49b6523e608759bc957d
2026-08-06-crosstree-definitivo,17f7Vewipl3NuCMfSzA66qCEE6Q4xQx0i,quarentena,TODOS TDC,98/_quarentena,ae3b3df9970b49b6523e608759bc957d
2026-08-06-crosstree-definitivo,1xSSLz9QIV78GmnrJQAqtK2pL2vdvYYXT,quarentena,TODOS TDC,98/_quarentena,ae3b3df9970b49b6523e608759bc957d
2026-08-06-crosstree-definitivo,1c9uui2OhVNF_J2iYvlqrLmqOXnjQd1lH,quarentena,TODOS TDC,98/_quarentena,ae3b3df9970b49b6523e608759bc957d
2026-08-06-crosstree-definitivo,14Rjrzh4uT9RraqY-afSSfiCrjrzj04V6,quarentena,TODOS TDC,98/_quarentena,ae3b3df9970b49b6523e608759bc957d
2026-08-06-crosstree-definitivo,1DVUkM8_odEo21ecHkSNuQtReyQXXSbVI,quarentena,TODOS TDC,98/_quarentena,ae3b3df9970b49b6523e608759bc957d
2026-08-06-crosstree-definitivo,1gsFDpwbdaZvr9KIYYdTtZclycvB0DlJ8,quarentena,TODOS TDC,98/_quarentena,ae3b3df9970b49b6523e608759bc957d
2026-08-06-crosstree-definitivo,163rJYnymSkYTGT4mQbSTXVSHJJAFVWpz,quarentena,TODOS TDC,98/_quarentena,ae3b3df9970b49b6523e608759bc957d
2026-08-06-crosstree-definitivo,1tsplOU9ho4R-xxPnYu3THBuAiQAhCZai,quarentena,TODOS TDC,98/_quarentena,ae3b3df9970b49b6523e608759bc957d
2026-08-06-crosstree-definitivo,1J-zgaGc5D-OaY8SwWa_Wsmnf5djRhhn5,quarentena,TODOS TDC,98/_quarentena,ae3b3df9970b49b6523e608759bc957d
2026-08-06-crosstree-definitivo,1GwBoHJUKsixPrNP7vif8DV7qJJKzH5FA,quarentena,TODOS TDC,98/_quarentena,ae3b3df9970b49b6523e608759bc957d
2026-08-06-crosstree-definitivo,1Pe1znTs4FI-AoVEBKPV4FRzTapNybpdr,quarentena,TODOS TDC,98/_quarentena,ae3b3df9970b49b6523e608759bc957d
2026-08-06-crosstree-definitivo,103wMss9sjzgoQob_3-sB66TjmrBq0rsW,quarentena,TODOS TDC,98/_quarentena,ae3b3df9970b49b6523e608759bc957d
2026-08-06-crosstree-definitivo,1Li4MT28Z7rSm1oyeWaIR-f84HmYccqfB,quarentena,TODOS TDC,98/_quarentena,ae3b3df9970b49b6523e608759bc957d
2026-08-06-crosstree-definitivo,1JTZDxTliouUMfJSi4HbC8NMnCBT24MUa,quarentena,TODOS TDC,98/_quarentena,ae3b3df9970b49b6523e608759bc957d
2026-08-06-crosstree-definitivo,1ZF4T5XuXj3_YHp124O2HBXYC50cNbGyL,quarentena,TODOS TDC,98/_quarentena,ae3b3df9970b49b6523e608759bc957d
2026-08-06-crosstree-definitivo,1tyIkQbBg0Ix2Wy47da7D8kYSPqU0LsD2,quarentena,TODOS TDC,98/_quarentena,ae3b3df9970b49b6523e608759bc957d
2026-08-06-crosstree-definitivo,1naUSHdv3iDpXqLPnxR3GTW0D8si-h5Eo,quarentena,TODOS TDC,98/_quarentena,ae3b3df9970b49b6523e608759bc957d
2026-08-06-crosstree-definitivo,1F2d9IbgBpDWFtI5pMtFl0xJcg8zI-Qkg,quarentena,TODOS TDC,98/_quarentena,ae3b3df9970b49b6523e608759bc957d
2026-08-06-crosstree-definitivo,1wW2BJu1M-j1tkDqrIGRtKpj02_-I1641,quarentena,TODOS TDC,98/_quarentena,ae3b3df9970b49b6523e608759bc957d
2026-08-06-crosstree-definitivo,1Xgt8bKsxGJ7Za5cv7Rjt_NczjI3fhxs9,quarentena,TODOS TDC,98/_quarentena,ae3b3df9970b49b6523e608759bc957d
2026-08-06-crosstree-definitivo,1gG3wWAIZsdDRTIN70HSweikLp4lUJ7RR,quarentena,TODOS TDC,98/_quarentena,ae3b3df9970b49b6523e608759bc957d
2026-08-06-crosstree-definitivo,1aEuf7Q9FILBSRuDgkSK5QQ7EffvTI9z8,quarentena,TODOS TDC,98/_quarentena,ae3b3df9970b49b6523e608759bc957d
2026-08-06-crosstree-definitivo,1M8L-n3P7mYoPSE1YsQR2HfvDtx3efnD4,quarentena,TODOS TDC,98/_quarentena,ae3b3df9970b49b6523e608759bc957d
2026-08-06-crosstree-definitivo,1dM3k3m6prSDGUaUgu2GiTbKiW8J1tWfA,quarentena,TODOS TDC,98/_quarentena,ae3b3df9970b49b6523e608759bc957d
2026-08-06-crosstree-definitivo,1llyfMIQQDBsaEhrVHmN0RiCeUJwAokZM,quarentena,TODOS TDC,98/_quarentena,4f91c9f5499d368ef40f893b1c7a6a60
2026-08-06-crosstree-definitivo,1SsXVQI8iMgbIqxJuyZSMj47S2qr2khvX,quarentena,TODOS TDC,98/_quarentena,35b18f4706ac683e6ea06f9523b3337c
2026-08-06-crosstree-definitivo,1C3p9fl9VCJO5c624ovJrXW2sXfSsYZDI,quarentena,TODOS TDC,98/_quarentena,35b18f4706ac683e6ea06f9523b3337c
2026-08-06-crosstree-definitivo,1KLrg4eX-hafU8oBDQE_2tWdvbIkk58G5,quarentena,TODOS TDC,98/_quarentena,8bc73c8a0cf323d9d960cf8d6426f92d
2026-08-06-crosstree-definitivo,1jvqj63D7G8DF7feRZ5zS9XCEJWRDmcdS,quarentena,TODOS TDC,98/_quarentena,70866b37f6dd93930d08b8833d69f638
2026-08-06-crosstree-definitivo,1gUbP_Rb-SgkCMBa79sk79IqdAoJmit1B,quarentena,TODOS TDC,98/_quarentena,cbe188b9502254e2e62411d1772ed5c5
2026-08-06-crosstree-definitivo,1GcXblKpaLcpi8Pevq6W6qISgdYu4OdSP,quarentena,TODOS TDC,98/_quarentena,a8f8405475208348bdb449677f43bd63
