file_id;nome_arquivo;tema;artefato;oficialidade;identificacao;vigencia;leitura;destino;resumo
1vn2hJEakthUiKiX3_LymPNA6vl2hmigg;RAZÕES DO VETO AO PROJETO DE LEI Nº 272_2015, OFÍCIO DE 22 DE MARÇO DE 2016 « Catálogo de Legislação Municipal.pdf;CORRELATO;LEI;OFICIAL;PL 272/2015 Razoes de Veto;VIGENTE;OK;1GRvv6Xbi3_rKpZvvIqKIjyByu1LgFjmJ;Razoes de veto ao PL 272/15 sobre parcelamento uso e ocupacao do solo PDE
18oqxak-1Y8utcwaOb3QY9bX_DD0E9ZhO;001 - QUADRO_1_FINAL.pdf;CORRELATO;LEI;OFICIAL;Quadro 1 Lei 16.402/2016;VIGENTE;OK;1GRvv6Xbi3_rKpZvvIqKIjyByu1LgFjmJ;Quadro 1 conceitos e definicoes anexo da Lei de Zoneamento 16.402
1Y2_AQT8DEIEXksqdTNS0CqrXojCtbWpy;002 - QUADRO_2_FINAL.pdf;CORRELATO;LEI;OFICIAL;Quadro 2 Lei 16.402/2016;VIGENTE;OK;1GRvv6Xbi3_rKpZvvIqKIjyByu1LgFjmJ;Quadro 2 percentuais de destinacao de area publica anexo Lei 16.402
14tYpbfw2q_FDS3EAuEUzeRNsKIks2wgU;003 - QUADRO_2A_FINAL.pdf;CORRELATO;LEI;OFICIAL;Quadro 2A Lei 16.402/2016;VIGENTE;OK;1GRvv6Xbi3_rKpZvvIqKIjyByu1LgFjmJ;Quadro 2A parametros de parcelamento do solo por zona anexo Lei 16.402
15OERH26m15vwGFkhg1K6uwLhE0-vOsff;004 - QUADRO_2B_FINAL.pdf;CORRELATO;LEI;OFICIAL;Quadro 2B Lei 16.402/2016;VIGENTE;OK;1GRvv6Xbi3_rKpZvvIqKIjyByu1LgFjmJ;Quadro 2B parametros de sistema viario anexo Lei 16.402
1RGSlN2o8d3p02ykMsUlKP4BrSDjL0wn5;005 - QUADRO_3_FINAL.pdf;CORRELATO;LEI;OFICIAL;Quadro 3 Lei 16.402/2016;VIGENTE;OK;1GRvv6Xbi3_rKpZvvIqKIjyByu1LgFjmJ;Quadro 3 parametros de ocupacao CA TO gabarito anexo Lei 16.402
1w1QTwUn9U90RBxkNUa4hDWh4eHAvf3HC;007 - QUADRO_3B_FINAL.pdf;CORRELATO;LEI;OFICIAL;Quadro 3B Lei 16.402/2016;VIGENTE;OK;1GRvv6Xbi3_rKpZvvIqKIjyByu1LgFjmJ;Quadro 3B composicao da pontuacao da Quota Ambiental anexo Lei 16.402
1uhb2UqXSMAkMlFSzeLWaVdK49BiToD3f;008 - QUADRO_3C_FINAL.pdf;CORRELATO;LEI;OFICIAL;Quadro 3C Lei 16.402/2016;VIGENTE;OK;1GRvv6Xbi3_rKpZvvIqKIjyByu1LgFjmJ;Quadro 3C fator de incentivo da Quota Ambiental anexo Lei 16.402
1wbrY-MK1amnAgrbdAib3Q9HS8zP7F8tI;009 - QUADRO_4_FINAL.pdf;CORRELATO;LEI;OFICIAL;Quadro 4 Lei 16.402/2016;VIGENTE;OK;1GRvv6Xbi3_rKpZvvIqKIjyByu1LgFjmJ;Quadro 4 usos permitidos por zona anexo Lei 16.402
1kSWQrlRgW_Q0n5u8TR9-J7pUDpu8ZZj_;01-23 - APT - Associação Feminina Beneficente e Instrutiva Analia Franco - Página (1).pdf;CORRELATO;LEI;OFICIAL;CONPRESP Res 01/2023;VIGENTE;OK;1GRvv6Xbi3_rKpZvvIqKIjyByu1LgFjmJ;Resolucao CONPRESP 01/2023 abertura tombamento antigo lar Analia Franco
1rUWSAEXi6k4hhwu5mn7bsXdE4UcikhIP;01-23 - APT Antigo Lar Analia Franco - MAPA - Página.pdf;CORRELATO;LEI;OFICIAL;CONPRESP Res 01/2023 Mapa;VIGENTE;OK;1GRvv6Xbi3_rKpZvvIqKIjyByu1LgFjmJ;Mapa anexo da Resolucao CONPRESP 01/2023 tombamento Analia Franco
1JzTQwiQNPdHClXsJ2hejub2Yd2ihJAwN;01-24_-_regulamentao_da_implantao_de_estao_rdio-base_erb_-_rerratificada_-_pgina_1_1715872319.pdf;CORRELATO;LEI;OFICIAL;CONPRESP Res 01/2024;VIGENTE;OK;1GRvv6Xbi3_rKpZvvIqKIjyByu1LgFjmJ;Resolucao CONPRESP 01/2024 regulamenta implantacao de ERB em bens tombados
1RLquuvk1yj9NKKCZl-pdMC0Ks-TOha9d;01-25 - Arquivamento Parcial das Manchas I e J e ID 50 a 52 da Res.11-23 - MAPA - Página.pdf;CORRELATO;LEI;OFICIAL;CONPRESP Res 01/2025 Mapa;VIGENTE;OK;1GRvv6Xbi3_rKpZvvIqKIjyByu1LgFjmJ;Mapa anexo da Resolucao CONPRESP 01/2025 arquivamento Manchas I e J
1jfRMtMM5cLNEMax8eJpN1Uykxt0X1zkh;01-25 - Arquivamento Parcial das Manchas I e J e ID 50 a 52 da Res.11-23 - Página.pdf;CORRELATO;LEI;OFICIAL;CONPRESP Res 01/2025;VIGENTE;OK;1GRvv6Xbi3_rKpZvvIqKIjyByu1LgFjmJ;Resolucao CONPRESP 01/2025 arquivamento parcial tombamento Manchas I e J
1R1DMOgCXEnIpQPGp9asYoGvgDMnnEtII;010 - QUADRO_4A_FINAL.pdf;CORRELATO;LEI;OFICIAL;Quadro 4A Lei 16.402/2016;VIGENTE;OK;1GRvv6Xbi3_rKpZvvIqKIjyByu1LgFjmJ;Quadro 4A condicoes de instalacao vagas por uso anexo Lei 16.402
1EzRmfgGvjHQ4z9_MWj1syOIsD2Y4LTJC;011 - QUADRO_4B_FINAL.pdf;CORRELATO;LEI;OFICIAL;Quadro 4B Lei 16.402/2016;VIGENTE;OK;1GRvv6Xbi3_rKpZvvIqKIjyByu1LgFjmJ;Quadro 4B parametros de incomodidade por zona anexo Lei 16.402
1qTUREEXNb4xKVZD1QdpSlaZc_vcnTzi_;012 - QUADRO_5_FINAL.pdf;AMBOS;LEI;OFICIAL;Quadro 5 Lei 16.402/2016;VIGENTE;OK;1GRvv6Xbi3_rKpZvvIqKIjyByu1LgFjmJ;Quadro 5 multas inclui multa por TDC de ZEPEC anexo Lei 16.402
1C0E4eIShRcACE36I20E8bs33fVdXRlQC;02-21 - APT  Avenida Angélica 1900.pdf;CORRELATO;LEI;OFICIAL;CONPRESP Res 02/2021;VIGENTE;OK;1GRvv6Xbi3_rKpZvvIqKIjyByu1LgFjmJ;Resolucao CONPRESP 02/2021 abertura tombamento Av Angelica 1900
127IahNlzYuPDtzFVMsiWvt0Tptzjv4bD;02-22 APT Conjunto do Sindicato dos Metroviarios(1).pdf;CORRELATO;LEI;OFICIAL;CONPRESP Res 02/2022;VIGENTE;OK;1GRvv6Xbi3_rKpZvvIqKIjyByu1LgFjmJ;Resolucao CONPRESP 02/2022 tombamento Conjunto Sindicato dos Metroviarios
12YdB-Y33swJlWnfaxPFN8Pl8IaVeQU2y;02-23 - Anexo I.pdf;CORRELATO;LEI;OFICIAL;CONPRESP Res 02/2023 Anexo I;VIGENTE;OK;1GRvv6Xbi3_rKpZvvIqKIjyByu1LgFjmJ;Anexo I relacao de tumulos protegidos Resolucao CONPRESP 02/2023 Cemiterio SP
1Od_Hfp6ln7H0gBCQe6lF_u_tM20PC1u5;02-23 - Anexo II.pdf;CORRELATO;LEI;OFICIAL;CONPRESP Res 02/2023 Anexo II;VIGENTE;OK;1GRvv6Xbi3_rKpZvvIqKIjyByu1LgFjmJ;Anexo II diretrizes de conservacao Resolucao CONPRESP 02/2023 Cemiterio SP
1z4UIp87VhLioPrhbk1nUvs-xXCzPzR08;02-23 - APT Cemiterio de São Paulo.pdf;CORRELATO;LEI;OFICIAL;CONPRESP Res 02/2023;VIGENTE;OK;1GRvv6Xbi3_rKpZvvIqKIjyByu1LgFjmJ;Resolucao CONPRESP 02/2023 abertura tombamento conjunto Cemiterio Sao Paulo
1tIqNC7xDZK0sUzoucjvuce5FK_LG2d7a;02-23 - APT Cemiterio São Paulo - MAPA - Página.pdf;CORRELATO;LEI;OFICIAL;CONPRESP Res 02/2023 Mapa;VIGENTE;OK;1GRvv6Xbi3_rKpZvvIqKIjyByu1LgFjmJ;Mapa anexo Resolucao CONPRESP 02/2023 Cemiterio Sao Paulo
1TXClmL6RavMANYbfqd0Lz6KR_9LVW8Dz;02-24_-_tombamento_mancha_dos_bombeiros_-_pgina_1719838448.pdf;CORRELATO;LEI;OFICIAL;CONPRESP Res 02/2024;VIGENTE;OK;1GRvv6Xbi3_rKpZvvIqKIjyByu1LgFjmJ;Resolucao CONPRESP 02/2024 tombamento Mancha dos Bombeiros
1YbLd77kHhAFbyz0hMTMg59qE0A1V1xP-;02-24_-_tombamento_mancha_dos_bombeiros_-_quadro_i_-_pgina_1_1719838684.pdf;CORRELATO;LEI;OFICIAL;CONPRESP Res 02/2024 Quadro I;VIGENTE;OK;1GRvv6Xbi3_rKpZvvIqKIjyByu1LgFjmJ;Quadro I imoveis tombados anexo Resolucao CONPRESP 02/2024 Mancha dos Bombeiros
1DARVYHEDkYErwg7GnQUg0gsYTE51hjry;02-25 - Tombamento Ex Officio do Edifício Santo André - Página.pdf;CORRELATO;LEI;OFICIAL;CONPRESP Res 02/2025;VIGENTE;OK;1GRvv6Xbi3_rKpZvvIqKIjyByu1LgFjmJ;Resolucao CONPRESP 02/2025 tombamento ex-officio Edificio Santo Andre
1jeKokg0iyJMq1vCWNvboNRS099FjpwnY;03-22 - Detalhamento da Resolução 22-2002 - para página.pdf;CORRELATO;LEI;OFICIAL;CONPRESP Res 03/2022;VIGENTE;OK;1GRvv6Xbi3_rKpZvvIqKIjyByu1LgFjmJ;Resolucao CONPRESP 03/2022 ajusta e detalha Res 22/2002 Bela Vista
1Do8O4OzhaqhregJJ_V0wCf_1Nby9LOAJ;03-23 - RAE da Sede do Antigo Sitio Itaim - MAPAS - Página(1).pdf;CORRELATO;LEI;OFICIAL;CONPRESP Res 03/2023 Mapas;VIGENTE;OK;1GRvv6Xbi3_rKpZvvIqKIjyByu1LgFjmJ;Mapas anexos Resolucao CONPRESP 03/2023 area envoltoria Sitio Itaim
177qvl-MzvDA9H7xzDL3xXKBk_dhLQqZO;03-23 - RAE da Sede do Antigo Sitio Itaim - Página(1).pdf;CORRELATO;LEI;OFICIAL;CONPRESP Res 03/2023;VIGENTE;OK;1GRvv6Xbi3_rKpZvvIqKIjyByu1LgFjmJ;Resolucao CONPRESP 03/2023 regulamenta area envoltoria Sitio Itaim
1dLYHLjwnlmYDoeTaxZcPAN2Bkk59JtRY;03-24 - Tombamento do Conjunto da Escadaria da Rua Alves Guimarães - Anexos I, II e III - Página.pdf;CORRELATO;LEI;OFICIAL;CONPRESP Res 03/2024 Anexos;VIGENTE;OK;1GRvv6Xbi3_rKpZvvIqKIjyByu1LgFjmJ;Anexos I II III Resolucao CONPRESP 03/2024 Escadaria Rua Alves Guimaraes
1scDSTGMazJS-ocmwslR3FYDicMC573CI;03-24 - Tombamento do Conjunto da Escadaria da Rua Alves Guimarães - Página.pdf;CORRELATO;LEI;OFICIAL;CONPRESP Res 03/2024;VIGENTE;OK;1GRvv6Xbi3_rKpZvvIqKIjyByu1LgFjmJ;Resolucao CONPRESP 03/2024 tombamento Escadaria Rua Alves Guimaraes
1caan6wh4NFNbOdXddaI5-hg-HCA1NUDt;03-25 - Arquivamento da Mancha H da Res.11-23 - Página.pdf;CORRELATO;LEI;OFICIAL;CONPRESP Res 03/2025;VIGENTE;OK;1GRvv6Xbi3_rKpZvvIqKIjyByu1LgFjmJ;Resolucao CONPRESP 03/2025 arquivamento Mancha H da Res 11/2023
1uU076bHOAbrvcduwkr1A4Tt2OLDm4U6o;04-22 - Alterar a redação Art 2º, da Res_ 34-18 - Mapas - Página(1).pdf;CORRELATO;LEI;OFICIAL;CONPRESP Res 04/2022 Mapas;NAO-SEI;ILEGIVEL;1p8d2Cx-qbLO0nRicRjbZ7h47cp2jqb7t;Mapas anexos Res CONPRESP 04/2022 sem texto extraivel PDF imagem
1lj35-9s6igQUNx8B76Hk9POrHj7dQVEu;04-22 - Alteração da redação Art 2º, da Res_ 34-18 - Página(1).pdf;CORRELATO;LEI;OFICIAL;CONPRESP Res 04/2022;VIGENTE;OK;1GRvv6Xbi3_rKpZvvIqKIjyByu1LgFjmJ;Resolucao CONPRESP 04/2022 altera Art 2 da Res 34/2018 areas envoltorias
19WZps5vOQVD7Boj1ZREHevCbDtN46Y0P;04-24 -  Tombamento da Escadaria da Rua Cristiano Viana - Anexos I e II - Página.pdf;CORRELATO;LEI;OFICIAL;CONPRESP Res 04/2024 Anexos;VIGENTE;OK;1GRvv6Xbi3_rKpZvvIqKIjyByu1LgFjmJ;Anexos I e II Resolucao CONPRESP 04/2024 Escadaria Rua Cristiano Viana
1Qxvgh7Xqf80rxIGfslRUOIqBAC-WlsBY;04-24 -  Tombamento da Escadaria da Rua Cristiano Viana - Página.pdf;CORRELATO;LEI;OFICIAL;CONPRESP Res 04/2024;VIGENTE;OK;1GRvv6Xbi3_rKpZvvIqKIjyByu1LgFjmJ;Resolucao CONPRESP 04/2024 tombamento Escadaria Rua Cristiano Viana
1rxDysnAc2IvKrrZlL8N8wyqnDeaztYBW;04-24 - Tombamento da Escadaria da Rua Cristiano Viana - MAPA - Página.pdf;CORRELATO;LEI;OFICIAL;CONPRESP Res 04/2024 Mapa;VIGENTE;OK;1GRvv6Xbi3_rKpZvvIqKIjyByu1LgFjmJ;Mapa anexo Resolucao CONPRESP 04/2024 Escadaria Rua Cristiano Viana
1tPGJX-MyMAMXc-I_qUbnIQBYU3EV9aAP;04-25 - Arquivamento das Manchas C e G e ID 13 a 17 e 21 a 26 da Res.11-23 - Página.pdf;CORRELATO;LEI;OFICIAL;CONPRESP Res 04/2025;VIGENTE;OK;1GRvv6Xbi3_rKpZvvIqKIjyByu1LgFjmJ;Resolucao CONPRESP 04/2025 arquivamento Manchas C e G da Res 11/2023
1AgHx0k7yNj1a7UTP9qgGt5IAKOgcn-kD;05-22 - Tombamento das Luminárias Ornamentais da Light - Página.pdf;CORRELATO;LEI;OFICIAL;CONPRESP Res 05/2022;VIGENTE;OK;1GRvv6Xbi3_rKpZvvIqKIjyByu1LgFjmJ;Resolucao CONPRESP 05/2022 tombamento luminarias ornamentais da Light
1wgj8z3N8saBcYpGtWUKnqB0mLZmheeue;05-23 - ZEPEC- APC - Espaco Itau de cinema Augusta(1).pdf;CORRELATO;LEI;OFICIAL;CONPRESP Res 05/2023;VIGENTE;OK;1GRvv6Xbi3_rKpZvvIqKIjyByu1LgFjmJ;Resolucao CONPRESP 05/2023 abertura ZEPEC-APC Espaco Itau Cinema Augusta
19kxHcNKlKNZ8TTFWMLZn9bzxnjMNWvDs;05-24_-_plano_salvaguarda_-_pgina_1720030244.pdf;CORRELATO;LEI;OFICIAL;CONPRESP Res 05/2024;VIGENTE;OK;1GRvv6Xbi3_rKpZvvIqKIjyByu1LgFjmJ;Resolucao CONPRESP 05/2024 disciplina Planos de Salvaguarda patrimonio imaterial
1AsEpxy-4R98NU1QuhJDa1T_rpflBsB5i;05-25 - Arquivamento dos IDs 02 a 04 e IDs 07 e 08 da Res. 11-23 - Página.pdf;CORRELATO;LEI;OFICIAL;CONPRESP Res 05/2025;VIGENTE;OK;1GRvv6Xbi3_rKpZvvIqKIjyByu1LgFjmJ;Resolucao CONPRESP 05/2025 arquivamento IDs 02 a 08 da Res 11/2023
1ODvPCX8moSh798S3cYEzx4b9OPGn1W14;06-20 - APT imóvel Rua Gal_ Isidoro Lopes, 36 - para DOC.pdf;CORRELATO;LEI;OFICIAL;CONPRESP Res 06/2020;VIGENTE;OK;1GRvv6Xbi3_rKpZvvIqKIjyByu1LgFjmJ;Resolucao CONPRESP 06/2020 abertura tombamento imovel Rua Gal Isidoro Lopes 36
1Oal4u_-Eb_DFg0k93wnutPOs4vBS2vl7;06-22 - Patrimônio Cultural Imaterial - Novena solene em honra a Nossa Senhora do Carmo.pdf;CORRELATO;LEI;OFICIAL;CONPRESP Res 06/2022;VIGENTE;OK;1GRvv6Xbi3_rKpZvvIqKIjyByu1LgFjmJ;Resolucao CONPRESP 06/2022 registro patrimonio imaterial Novena Nossa Senhora do Carmo
1zLmbtMs9yws_FFsKxqA8sPVjLexJbpCg;06-23_Complexo Esportivo do Ibirapuera(1).pdf;CORRELATO;LEI;OFICIAL;CONPRESP Res 06/2023;VIGENTE;OK;1GRvv6Xbi3_rKpZvvIqKIjyByu1LgFjmJ;Resolucao CONPRESP 06/2023 abertura tombamento Complexo Esportivo Ibirapuera
167SGfCMro1cPgwnE_37-qXn2_IfaKvia;06-23_Complexo Esportivo do Ibirapuera_Mapa(1).pdf;CORRELATO;LEI;OFICIAL;CONPRESP Res 06/2023 Mapa;VIGENTE;OK;1GRvv6Xbi3_rKpZvvIqKIjyByu1LgFjmJ;Mapa anexo Resolucao CONPRESP 06/2023 Complexo Esportivo Ibirapuera
1NNyX7u1G4Aieaa_rxPbs4acNskUe-GTW;06-24 - Tombamento Antigas Residencias Rua Bela Cintra,954 e Rua Itapeva, 700 - Página (1).pdf;CORRELATO;LEI;OFICIAL;CONPRESP Res 06/2024;VIGENTE;OK;1GRvv6Xbi3_rKpZvvIqKIjyByu1LgFjmJ;Resolucao CONPRESP 06/2024 tombamento antigas residencias Bela Cintra e Itapeva
1FMJTNWzPwjt83aWZ59uidjUq367-S3Ws;06-25 - Arquivamento dos IDs 42 a 48 da Res. 11-23 - Página (1).pdf;CORRELATO;LEI;OFICIAL;CONPRESP Res 06/2025;VIGENTE;OK;1GRvv6Xbi3_rKpZvvIqKIjyByu1LgFjmJ;Resolucao CONPRESP 06/2025 arquivamento IDs 42 a 48 da Res 11/2023
1O8-YTTgaqBNQPf4HWD6D7f5aE9RFr3pB;07-24_-_apt_terreiro_ile_ase_omi_1719499071.pdf;CORRELATO;LEI;OFICIAL;CONPRESP Res 07/2024;VIGENTE;OK;1GRvv6Xbi3_rKpZvvIqKIjyByu1LgFjmJ;Resolucao CONPRESP 07/2024 abertura tombamento Terreiro Ile Ase Omo Igbo Omi
1swUIBz45l2GJSCdHr90x8yVqjhKAUaqH;07-24_-_apt_terreiro_ile_ase_omo_igbo_omi_-_mapa_1719334062.pdf;CORRELATO;LEI;OFICIAL;CONPRESP Res 07/2024 Mapa;VIGENTE;OK;1GRvv6Xbi3_rKpZvvIqKIjyByu1LgFjmJ;Mapa anexo Resolucao CONPRESP 07/2024 Terreiro Ile Ase Omo Igbo Omi
1uvJMFzmUhX5B84XuUTCEkHx7n00kNWel;07-25 - Enquadramento como ZEPEC-APC do Território Augusta de Cinema - Página.pdf;CORRELATO;LEI;OFICIAL;CONPRESP Res 07/2025;VIGENTE;OK;1GRvv6Xbi3_rKpZvvIqKIjyByu1LgFjmJ;Resolucao CONPRESP 07/2025 enquadramento ZEPEC-APC Territorio Augusta de Cinema
1-DZCcak6MYebUf3KkBBYQ9PBeWmn7wHc;08-23 - Zepec-APC - Santa Marina Atlético Clube - MAPA - Página.pdf;CORRELATO;LEI;OFICIAL;CONPRESP Res 08/2023 Mapa;VIGENTE;OK;1GRvv6Xbi3_rKpZvvIqKIjyByu1LgFjmJ;Mapa anexo Resolucao CONPRESP 08/2023 ZEPEC-APC Santa Marina Atletico Clube
1h0dLr0y2UE4LvVKDAr93chvNlALznO57;08-23 - Zepec-APC - Santa Marina Atlético Clube - Página.pdf;CORRELATO;LEI;OFICIAL;CONPRESP Res 08/2023;VIGENTE;OK;1GRvv6Xbi3_rKpZvvIqKIjyByu1LgFjmJ;Resolucao CONPRESP 08/2023 abertura ZEPEC-APC Santa Marina Atletico Clube
1aJNHFAc5srJBXUUklO9y4vtGTZKICVik;08-24 - APT Terreiro de Candomblé Abassá Oxum Oxóssi - MAPA - Página.pdf;CORRELATO;LEI;OFICIAL;CONPRESP Res 08/2024 Mapa;VIGENTE;OK;1GRvv6Xbi3_rKpZvvIqKIjyByu1LgFjmJ;Mapa anexo Resolucao CONPRESP 08/2024 Terreiro Candomble Abassa Oxum Oxossi
1Lm-Be7GBKRSYBD0EQ9X7W7RJJq-CYPJn;08-24 - APT Terreiro de Candomblé Abassá Oxum Oxóssi - Página.pdf;CORRELATO;LEI;OFICIAL;CONPRESP Res 08/2024;VIGENTE;OK;1GRvv6Xbi3_rKpZvvIqKIjyByu1LgFjmJ;Resolucao CONPRESP 08/2024 abertura tombamento Terreiro Candomble Abassa Oxum Oxossi
16XJbm0jcR0HTH6MSoorxBd7hG460n1-r;08-25 - Complementação e detalhamento da Resolução 02-24 - MAPA.pdf;CORRELATO;LEI;OFICIAL;CONPRESP Res 08/2025 Mapa;VIGENTE;OK;1GRvv6Xbi3_rKpZvvIqKIjyByu1LgFjmJ;Mapa anexo Resolucao CONPRESP 08/2025 detalhamento Mancha dos Bombeiros
1ANmGCiBvvK40j5Y8wBV6iWq05sYjzfNU;08-25 - Complementação e detalhamento da Resolução 02-24 - Página.pdf;CORRELATO;LEI;OFICIAL;CONPRESP Res 08/2025;VIGENTE;OK;1GRvv6Xbi3_rKpZvvIqKIjyByu1LgFjmJ;Resolucao CONPRESP 08/2025 complementa e detalha Res 02/2024 Mancha dos Bombeiros
1jgXGfKPQ4vMsKL4G9Kl6brjBhalojYeE;08-25 - Complementação e detalhamento da Resolução 02-24 - QUADRO 1.pdf;CORRELATO;LEI;OFICIAL;CONPRESP Res 08/2025 Quadro 1;VIGENTE;OK;1GRvv6Xbi3_rKpZvvIqKIjyByu1LgFjmJ;Quadro I bens integrantes do perimetro tombado anexo Res CONPRESP 08/2025
1mdRC13p9TYhV3sVazkCS6hvEWd41ld61;08-25 - Complementação e detalhamento da Resolução 02-24 - QUADRO II.pdf;CORRELATO;LEI;OFICIAL;CONPRESP Res 08/25;VIGENTE;OK;1GRvv6Xbi3_rKpZvvIqKIjyByu1LgFjmJ;Quadro II logradouros perimetro tombado CONPRESP
1jJ7ZNBO_lDqHOykV-CzrYIilVCUHLZ4d;09-23 - Arquivamento da APT - Conjunto do Sindicato dos Metroviários de São Paulo.pdf;CORRELATO;LEI;OFICIAL;CONPRESP Res 09/23;VIGENTE;OK;1GRvv6Xbi3_rKpZvvIqKIjyByu1LgFjmJ;Arquivamento de APT de tombamento do sindicato metroviarios
1KukXvP1zy314YLyIV_HT06YBU8li4HY-;09-24 - Revalidação de Registro do Teatro de Grupo da Cidade - Página.pdf;CORRELATO;LEI;OFICIAL;CONPRESP Res 09/24;VIGENTE;OK;1GRvv6Xbi3_rKpZvvIqKIjyByu1LgFjmJ;Revalidacao registro patrimonio imaterial Teatro de Grupo
1NUZ-qPngwgbIE5CKCUmYjLfiqWPZJfiI;09-25 - Registro como Patrimônio Cultural Imaterial da Festa do Divino Espírito Santo da Freguesia do Ó - Página.pdf;CORRELATO;LEI;OFICIAL;CONPRESP Res 09/25;VIGENTE;OK;1GRvv6Xbi3_rKpZvvIqKIjyByu1LgFjmJ;Registro patrimonio imaterial Festa do Divino Freguesia do O
1H5AsWox1JmDY4AjjR4d3KVAoXHjq5O1b;10-23 - Tombamento Vila João Migliari - MAPA.pdf;CORRELATO;LEI;OFICIAL;CONPRESP Res 10/23;VIGENTE;OK;1GRvv6Xbi3_rKpZvvIqKIjyByu1LgFjmJ;Mapa anexo tombamento Vila Joao Migliari
1xuI_0ve5FipAnEel2Mk8NEtc2oFotB18;10-23 - Tombamento Vila João Migliari.pdf;CORRELATO;LEI;OFICIAL;CONPRESP Res 10/23;VIGENTE;OK;1GRvv6Xbi3_rKpZvvIqKIjyByu1LgFjmJ;Tombamento conjuntos residenciais Vila Migliari Mooca
1_OXIKno_j7fqCQU8frHELVZ5WMy46-t9;10-24 - Tombamento da Escola Panamericana de Artes - Página.pdf;CORRELATO;LEI;OFICIAL;CONPRESP Res 10/24;VIGENTE;OK;1GRvv6Xbi3_rKpZvvIqKIjyByu1LgFjmJ;Tombamento edificio Escola Panamericana de Arte e Design
1Vt6LAXzIQ23wuFIYvGWTVgAKpPVLpdrt;10-25 - APT do Mobiliário Bar Balcão - Página.pdf;CORRELATO;LEI;OFICIAL;CONPRESP Res 10/25;VIGENTE;OK;1GRvv6Xbi3_rKpZvvIqKIjyByu1LgFjmJ;Abertura tombamento balcao e acervo do Bar Balcao
1yo9wB-_MGF8AGRRHOJIZbtt9aOmSgWwM;11-23 - APT - Perímertro - MAPA_compressed.pdf;CORRELATO;LEI;OFICIAL;CONPRESP Res 11/23;VIGENTE;OK;1GRvv6Xbi3_rKpZvvIqKIjyByu1LgFjmJ;Mapas perimetro APT Vila Cerqueira Cesar
1WHsRWFn97mvp_lfrRdioT-qOho4DtkHc;11-23 - APT Perímetro Cerqueira César - Anexo I - Página.pdf;CORRELATO;LEI;OFICIAL;CONPRESP Res 11/23 Anexo I;VIGENTE;OK;1GRvv6Xbi3_rKpZvvIqKIjyByu1LgFjmJ;Anexo I bens individuais APT Cerqueira Cesar
1LH77kNuWc7VETXsPdlHyNfEfwHl1vwi1;11-23 - APT Perímetro Cerqueira César - Anexo II - Página.pdf;CORRELATO;LEI;OFICIAL;CONPRESP Res 11/23 Anexo II;VIGENTE;OK;1GRvv6Xbi3_rKpZvvIqKIjyByu1LgFjmJ;Anexo II manchas urbanas heterogeneas APT Cerqueira Cesar
1O1zHAUpe_xDO3hmsHoLFs3nkKGM7ojK4;11-23 - APT Perímetro Cerqueira César - Anexo III - Página.pdf;CORRELATO;LEI;OFICIAL;CONPRESP Res 11/23 Anexo III;VIGENTE;OK;1GRvv6Xbi3_rKpZvvIqKIjyByu1LgFjmJ;Anexo III manchas urbanas de casario APT Cerqueira Cesar
1wfcg7OOw5WOcfIPT9qTaiyUYvu5s7roX;11-23 - APT Perímetro Cerqueira César - Página.pdf;CORRELATO;LEI;OFICIAL;CONPRESP Res 11/23;VIGENTE;OK;1GRvv6Xbi3_rKpZvvIqKIjyByu1LgFjmJ;Abertura processo tombamento perimetro Vila Cerqueira Cesar
1pZf_SJCR-SaZMD9sahzdS8su-YvPDKUW;11-24 - Exclusão de imóveis 05 e 06 do anexo I da Res. 11-23 - Página.pdf;CORRELATO;LEI;OFICIAL;CONPRESP Res 11/24;VIGENTE;OK;1GRvv6Xbi3_rKpZvvIqKIjyByu1LgFjmJ;Exclusao de imoveis do anexo I da Res 11-23
1GuNVLiYLICMmIJ42XZtXy4BHhtI0cA3E;11-25 - Enquandramento como  ZEPEC-APC do Santa Marina Atlético Clube - Página.pdf;CORRELATO;LEI;OFICIAL;CONPRESP Res 11/25;VIGENTE;OK;1GRvv6Xbi3_rKpZvvIqKIjyByu1LgFjmJ;Enquadramento ZEPEC-APC Santa Marina Atletico Clube
1AzO04NgN_qxR6rS4BZlxUwiWK8Ca39Cx;11-25 -Enquandramento como  ZEPEC-APC do Santa Marina Atlético Clube - MAPA.pdf;CORRELATO;LEI;OFICIAL;CONPRESP Res 11/25;VIGENTE;ILEGIVEL;1p8d2Cx-qbLO0nRicRjbZ7h47cp2jqb7t;Mapa anexo sem texto extraivel apenas cabecalho DPH
1XOM1Yq1O1HrxynbLMYNx89Dr3QPKS1LW;12-23 - APT Capela Dom Bosco.pdf;CORRELATO;LEI;OFICIAL;CONPRESP Res 12/23;VIGENTE;OK;1GRvv6Xbi3_rKpZvvIqKIjyByu1LgFjmJ;Abertura tombamento antiga Capela Dom Bosco Mooca
1IW-_AkWsXF1Vsv0DBotNaqA06TyNbvQf;12-24 - Arquivamento da APT de Residência na Rua General Isidoro Dias Lopes n° 36 - Vila Amália - Página.pdf;CORRELATO;LEI;OFICIAL;CONPRESP Res 12/24;VIGENTE;OK;1GRvv6Xbi3_rKpZvvIqKIjyByu1LgFjmJ;Arquivamento APT residencia Vila Amalia
1BRzsMMmvtJ1jsgVOB7SOjytzUuQ3oYfp;13-24 - APT do Terreiro de Candomblé Ilé Dara Asé Òsun Eyin - Mapa.pdf;CORRELATO;LEI;OFICIAL;CONPRESP Res 13/24;VIGENTE;OK;1GRvv6Xbi3_rKpZvvIqKIjyByu1LgFjmJ;Mapa anexo APT Terreiro de Candomble Ile Dara Ase
1_DbYkMpzutfS2FJkCO_zpGZx78iT5kcg;13-24 - APT do Terreiro de Candomblé Ilé Dara Asé Òsun Eyin - Página.pdf;CORRELATO;LEI;OFICIAL;CONPRESP Res 13/24;VIGENTE;OK;1GRvv6Xbi3_rKpZvvIqKIjyByu1LgFjmJ;Abertura tombamento Terreiro Candomble Ile Dara Ase Sapopemba
15Bbzyv5N8ANQKigmDBgBiPSyHF6ujf60;13-25 - Complemento ao Arquivamento Parcial da Mancha D da Res. 11-23 - Página.pdf;CORRELATO;LEI;OFICIAL;CONPRESP Res 13/25;VIGENTE;OK;1GRvv6Xbi3_rKpZvvIqKIjyByu1LgFjmJ;Arquivamento parcial mancha D Pascoal Del Gaizo Res 11-23
1hSyk7E3PXs8IoBFb8bmahp82heJYpo0N;14-23 - APT Solar Fábio Prado - MAPA.pdf;CORRELATO;LEI;OFICIAL;CONPRESP Res 14/23;VIGENTE;OK;1GRvv6Xbi3_rKpZvvIqKIjyByu1LgFjmJ;Mapa anexo APT Solar Fabio Prado
1rLWsrXjAZMOH9-uDl_ZLFo4HzN8R-i8g;14-23 -APT Solar Fábio Prado.pdf;CORRELATO;LEI;OFICIAL;CONPRESP Res 14/23;VIGENTE;OK;1GRvv6Xbi3_rKpZvvIqKIjyByu1LgFjmJ;Abertura tombamento Solar Fabio Prado Pinheiros
1QELAvw0izJxVmm3Tlno9tCvgFOTTntIN;14-24 - Arquivamento da Mancha N - Sílvio Sacramento e Arruda Alvim da Res.11-23 - Página.pdf;CORRELATO;LEI;OFICIAL;CONPRESP Res 14/24;VIGENTE;OK;1GRvv6Xbi3_rKpZvvIqKIjyByu1LgFjmJ;Arquivamento mancha N Silvio Sacramento Arruda Alvim
1-cKO3TU6wfpS02m0E0KmLRr0hPYqEj7C;14-25 - APT do Mirante de Santana e da Praça Vaz Guaçu - Página.pdf;CORRELATO;LEI;OFICIAL;CONPRESP Res 14/25;VIGENTE;OK;1GRvv6Xbi3_rKpZvvIqKIjyByu1LgFjmJ;Abertura tombamento Mirante de Santana e Praca Vaz Guacu
1qiZZSTHJ6d7OOCtMAa_JM7gLFgUe78IO;15-23 - Tombamento Ex-Officio do Conjunto Visconde de Porto Seguro - MAPA - Página.pdf;CORRELATO;LEI;OFICIAL;CONPRESP Res 15/23;VIGENTE;ILEGIVEL;1p8d2Cx-qbLO0nRicRjbZ7h47cp2jqb7t;Mapa anexo so legenda lotes tombados area envoltoria
1npexDcDl0kY8sj4Q6zF_GdR7-CRly_rq;15-23 - Tombamento Ex-Officio do Conjunto Visconde de Porto Seguro.pdf;CORRELATO;LEI;OFICIAL;CONPRESP Res 15/23;VIGENTE;OK;1GRvv6Xbi3_rKpZvvIqKIjyByu1LgFjmJ;Tombamento ex-officio Conjunto Antigo Colegio Visconde Porto Seguro
1or7cP5OtZBQTgURGHdUJPvsmtPy9NiTC;15-24 - Arquivamento dos Itens 33 e 34 da Res. 23-16 - Página.pdf;CORRELATO;LEI;OFICIAL;CONPRESP Res 15/24;VIGENTE;OK;1GRvv6Xbi3_rKpZvvIqKIjyByu1LgFjmJ;Arquivamento itens 33 e 34 da Res 23-16 Higienopolis
1MZobdQTHRn1dKOJIxfDhaLdo_ACbomUp;15-25 - APT do Campo dos Engenheiros - Página.pdf;CORRELATO;LEI;OFICIAL;CONPRESP Res 15/25;VIGENTE;OK;1GRvv6Xbi3_rKpZvvIqKIjyByu1LgFjmJ;Abertura tombamento Campo dos Engenheiros Pirituba
1XX8BLzd2O7PwtQw4THQPkW2yPXXoXjVz;16-24 - Registro das práticas da Banda de Clarins e do Carrossel da Polícia Militar - Página.pdf;CORRELATO;LEI;OFICIAL;CONPRESP Res 16/24;VIGENTE;OK;1GRvv6Xbi3_rKpZvvIqKIjyByu1LgFjmJ;Registro patrimonio imaterial Banda de Clarins e Carrossel Militar
1AOcY_5XX6wD5J8UZK0ljk3EvPW_cZ6gQ;16-25 - Complementação da Resolução nº 54-CONPRESP-2018 - Página.pdf;TDC;LEI;OFICIAL;CONPRESP Res 16/25;VIGENTE;OK;1GRvv6Xbi3_rKpZvvIqKIjyByu1LgFjmJ;Documentos exigidos para Transferencia do Direito de Construir Dec 57536-2016
1S6hQ918X13XJ2ojcHM7RmveCJGiCjJCh;17-24 - Arquivamento das Manchas E e F da Res.11-23 - Página.pdf;CORRELATO;LEI;OFICIAL;CONPRESP Res 17/24;VIGENTE;OK;1GRvv6Xbi3_rKpZvvIqKIjyByu1LgFjmJ;Arquivamento manchas E e F Capitao Prudente Mourato Coelho
1XQxULwDXIJ_Qmf5iByGodAZKByZ4sArI;17-25 - Tombamento do Templo Espiritualista de Umbanda São Benedito - Anexo Planta Esquemática - Página.pdf;CORRELATO;LEI;OFICIAL;CONPRESP Res 17/25;VIGENTE;OK;1GRvv6Xbi3_rKpZvvIqKIjyByu1LgFjmJ;Anexo planta esquematica Templo Umbanda Sao Benedito
1T_-1yr0iaDZ6nGwb5wdH5yOhyWiAnFp7;17-25 - Tombamento do Templo Espiritualista de Umbanda São Benedito - Página.pdf;CORRELATO;LEI;OFICIAL;CONPRESP Res 17/25;VIGENTE;OK;1GRvv6Xbi3_rKpZvvIqKIjyByu1LgFjmJ;Tombamento Templo Espiritualista de Umbanda Sao Benedito Pinheiros
12lspu2zPVyrCdmIePUX_b4hEEbPoJ9vu;18-24 - Arquivamento da Mancha M e ID 27 a 41 da Res.11-23 - Página.pdf;CORRELATO;LEI;OFICIAL;CONPRESP Res 18/24;VIGENTE;OK;1GRvv6Xbi3_rKpZvvIqKIjyByu1LgFjmJ;Arquivamento mancha M Teodoro Sampaio e bens individuais Res 11-23
1phTX_GrgTKcO7i90bqpBLG3IZraRE3Tn;19-24 - Arquivamento das Manchas A e B e ID 9 a 11 da Res.11-23 - Página.pdf;CORRELATO;LEI;OFICIAL;CONPRESP Res 19/24;VIGENTE;OK;1GRvv6Xbi3_rKpZvvIqKIjyByu1LgFjmJ;Arquivamento manchas A e B Irmao Lucas Francisco Iasi Res 11-23
16MqsmItsvYOKy5mAUE_zmtl8G2-NLaY2;19-25 - Revisão da Resolução 05-2020 - Página.pdf;CORRELATO;LEI;OFICIAL;CONPRESP Res 19/25;VIGENTE;OK;1GRvv6Xbi3_rKpZvvIqKIjyByu1LgFjmJ;Altera Res 05-2020 sobre Estadio Conde Rodolfo Crespi Juventus
1_iYp9NPgXaeOaf9ovb3vMfexTvqMohqw;20-24 - Arquivamento Parcial da Mancha D e ID 18 a 20 da Res.11-23 - Página.pdf;CORRELATO;LEI;OFICIAL;CONPRESP Res 20/24;VIGENTE;OK;1GRvv6Xbi3_rKpZvvIqKIjyByu1LgFjmJ;Arquivamento parcial mancha D Pascoal Del Gaizo bens individuais Res 11-23
1sAr3lqpTPQizUpissxz9iDFIpxAtk2Dz;2014-07-31 - LEI 16050 - PLANO DIRETOR ESTRATÉGICO.pdf;CORRELATO;LEI;OFICIAL;Lei 16.050/2014;VIGENTE;OK;1GRvv6Xbi3_rKpZvvIqKIjyByu1LgFjmJ;Plano Diretor Estrategico do Municipio de Sao Paulo
1Y6gUIlu-igGfHg5SSF5godPWX3quiNHi;2017_36_Sao-Paulo_RAE-Residencias-da-Familia-Ramos-de-Azevedo_1753284677017.pdf;CORRELATO;LEI;OFICIAL;CONDEPHAAT Res SC-32/2017;VIGENTE;OK;1GRvv6Xbi3_rKpZvvIqKIjyByu1LgFjmJ;Diario Oficial estadual resolucoes tombamento CONDEPHAAT
1PdQwejB_21xcMqQXLsIkZfzOEuOUljOF;2017_61_Sao-Paulo_Praca-da-Se-e-Catedral-Metropolitana_1753284675356.pdf;CORRELATO;LEI;OFICIAL;CONDEPHAAT Res SC-60/2017;VIGENTE;OK;1GRvv6Xbi3_rKpZvvIqKIjyByu1LgFjmJ;Tombamento Estacao Ferroviaria Pindamonhangaba CONDEPHAAT
1I9rdpMfs1WVS481rTTQdhX4H6ljTGHRo;2017_62_Sao-Paulo_Colegio-Dante-Alighieri-–-Edificios-Leonardo-Da-Vinci-e-Colmeia-incluindo-patio_1753284675510.pdf;CORRELATO;LEI;OFICIAL;CONDEPHAAT Res SC-62/2017;VIGENTE;OK;1GRvv6Xbi3_rKpZvvIqKIjyByu1LgFjmJ;Tombamento edificios Colegio Dante Alighieri CONDEPHAAT
180wOKhNsh3VRZJmf8NVHcUBupDPdYCEB;2018_102_Sao-Paulo_Moinho-Matarazzo_1753238762358.pdf;CORRELATO;LEI;OFICIAL;CONDEPHAAT Res SC 2018;VIGENTE;OK;1GRvv6Xbi3_rKpZvvIqKIjyByu1LgFjmJ;Diario Oficial estadual tombamento Moinho Matarazzo CONDEPHAAT
1W4w6BTM4KrjaICjFBedBoGms85T044_S;2018_103_Sao-Paulo_Parque-Estadual-Fontes-do-Ipiranga_1753238783798.pdf;CORRELATO;LEI;OFICIAL;CONDEPHAAT Res SC-103/2018;VIGENTE;OK;1GRvv6Xbi3_rKpZvvIqKIjyByu1LgFjmJ;Tombamento Parque Estadual Fontes do Ipiranga CONDEPHAAT
1gtexvyF0vg57O4ZveHJg-KmYWJh2izlL;2018_105_Sao-Paulo_Hospital-Psiquiatrico-Philippe-Pinel_1753238856743.pdf;CORRELATO;LEI;OFICIAL;CONDEPHAAT Res SC-105/2018;VIGENTE;OK;1GRvv6Xbi3_rKpZvvIqKIjyByu1LgFjmJ;Diario Oficial estadual tombamento Sanatorio Philippe Pinel CONDEPHAAT
1ifzSPK-H48cyTFCs2_J9RMUvD9gIqJS7;2018_129_Sao-Paulo_Vila-dos-Ingleses_1753239240017.pdf;CORRELATO;LEI;OFICIAL;CONDEPHAAT Res SC 2018;VIGENTE;OK;1GRvv6Xbi3_rKpZvvIqKIjyByu1LgFjmJ;Tombamento Estacao Ferroviaria Aguas da Prata CONDEPHAAT
13w2XTIXF-amaud_RtBfdeAv3fc5xD97x;2018_131_Diversos_Retificacao_1753239292359.pdf;CORRELATO;LEI;OFICIAL;CONDEPHAAT Res SC-130/2018;VIGENTE;OK;1GRvv6Xbi3_rKpZvvIqKIjyByu1LgFjmJ;Tombamento Forum e Cadeia de Mogi Mirim CONDEPHAAT
1MT0Dg5a-VKTcLesn-EyBqPLgj8Wpls27;2018_24_Sao-Paulo_Casa-a-Rua-Ceara_1753238584741.pdf;CORRELATO;LEI;OFICIAL;CONDEPHAAT Res SC 2018;VIGENTE;OK;1GRvv6Xbi3_rKpZvvIqKIjyByu1LgFjmJ;Diario Oficial estadual tombamento Tecelagem Seda Italo-Brasileira CONDEPHAAT
16IXaCcbh2Ex5kRg3FV6Bfb-8SoHelTRU;2018_30_Sao-Paulo_Tecelagem-de-Seda-Italo-Brasileira_1753238709931.pdf;CORRELATO;LEI;OFICIAL;CONDEPHAAT Res SC 2018;VIGENTE;OK;1GRvv6Xbi3_rKpZvvIqKIjyByu1LgFjmJ;Diario Oficial estadual tombamento Tecelagem Seda Italo-Brasileira CONDEPHAAT
1VmFNTIlKb8s3ZpS4KbjDhTiG2VLRTk4M;2019_31_Sao-Paulo_Equipamentos-de-Saude-no-Bairro-Cerqueira-Cesar_1753237602814.pdf;CORRELATO;LEI;OFICIAL;CONDEPHAAT Res SC-37/2019;VIGENTE;OK;1GRvv6Xbi3_rKpZvvIqKIjyByu1LgFjmJ;Registro patrimonio imaterial Santuario Nacional da Umbanda CONDEPHAAT
1NphTqP2q0NGxokvWQsW19L85j860wBx2;2019_35_Sao-Paulo_Terreiro-Santa-Barbara_1753237911022.pdf;CORRELATO;LEI;OFICIAL;CONDEPHAAT Res SC-33/2019;VIGENTE;OK;1GRvv6Xbi3_rKpZvvIqKIjyByu1LgFjmJ;Tombamento Centro Cultural Ile Ola Omi Ase terreiros CONDEPHAAT
1L44KrS5xuQtLS_6GbSNhN8NuY9KuZU8q;2019_47_Sao-Paulo_Casa-Guilherme-de-Almeida_1753238121058.pdf;CORRELATO;LEI;OFICIAL;CONDEPHAAT Res SC-47/2019;VIGENTE;OK;1GRvv6Xbi3_rKpZvvIqKIjyByu1LgFjmJ;Tombamento Casa Guilherme de Almeida CONDEPHAAT
19sbDcnTPqwzIky8FipXy61MVZK_f5qfp;2019_49_Sao-Paulo_-Conjunto-de-bens-imoveis-no-bairro-de-Higienopolis_1753238164725.pdf;CORRELATO;LEI;OFICIAL;CONDEPHAAT Res SC-49/2019;VIGENTE;OK;1GRvv6Xbi3_rKpZvvIqKIjyByu1LgFjmJ;Tombamento conjunto de bens imoveis bairro Higienopolis CONDEPHAAT
1mqyX_tuiTfzdaT7t_gjG7aDlzKPxIIjz;2020_dis_mpfreire.pdf;IPTU;TESE;CRIADO-POR-TERCEIROS;Dissertacao UFC 2020 Mauro Porto Freire;DATADO(2020);OK;1xuq1OpJzSYOGWG6dp7xGfCyDVE-WLVas;Dissertacao mestrado depreciacao na base de calculo do IPTU Fortaleza
1vhs71GY8VBMECSjicgMKJjy4TMIfVXC-;2021_18_Sao-Paulo_Igreja-da-Ordem-Terceira-de-Nossa-Senhora-do-Carmo_1753237189376.pdf;CORRELATO;LEI;OFICIAL;CONDEPHAAT Res SC-18/2021;VIGENTE;OK;1GRvv6Xbi3_rKpZvvIqKIjyByu1LgFjmJ;Tombamento Igreja Ordem Terceira N Sra do Carmo CONDEPHAAT
1xzCMrcJDFHBdqa-q811T91lJXGIrPSYx;2021_37_Sao-Paulo_Bairros-dos-Jardins_1753237339808.pdf;CORRELATO;LEI;OFICIAL;CONDEPHAAT Res 02/1986;VIGENTE;OK;1GRvv6Xbi3_rKpZvvIqKIjyByu1LgFjmJ;Tombamento bairros dos Jardins traçado e vegetacao CONDEPHAAT
1wnEAf548xVcPr_nQKmAT057TiQzo87NE;2022_07_Campinas_Conjunto-da-Estacao-Ferroviaria-Guanabara_1753232568474.pdf;CORRELATO;LEI;OFICIAL;CONDEPHAAT Res SC 2022;VIGENTE;OK;1GRvv6Xbi3_rKpZvvIqKIjyByu1LgFjmJ;Tombamento Conjunto Estacao Ferroviaria Guanabara Campinas CONDEPHAAT
125FZ_kbK_06-s-RQilfk6xWsOsSx-3qA;2022_11_Sao-Paulo_RAE_Largo-da-Memoria_1753232569595.pdf;CORRELATO;LEI;OFICIAL;CONDEPHAAT Res SC-11/2022;VIGENTE;OK;1GRvv6Xbi3_rKpZvvIqKIjyByu1LgFjmJ;Definicao area envoltoria do Largo da Memoria CONDEPHAAT
1h6UgLOtmaV7zJZ4dEQvyYXXsZhCKujO6;2022_49_Sao-Paulo_RAE-Casa-Mario-de-Andrade_1753232569470.pdf;CORRELATO;LEI;OFICIAL;CONDEPHAAT Res Compl SC 49/2022;VIGENTE;OK;1GRvv6Xbi3_rKpZvvIqKIjyByu1LgFjmJ;Resolucao CONDEPHAAT area envoltoria tombamento patrimonio
10YmwE3GPCe1za5pm-FMoJwCNCOZ_f0GM;2022_51_Arapei_Fazenda-Rialto_1753232569256.pdf;CORRELATO;LEI;OFICIAL;CONDEPHAAT Res Compl SC 51/2022;VIGENTE;OK;1GRvv6Xbi3_rKpZvvIqKIjyByu1LgFjmJ;Resolucao CONDEPHAAT tombamento Fazenda Rialto area envoltoria
1RfrfI0GNr0tMoYXyHvZmS5Tr3-TUECxt;2022_52_Sao-Paulo_RAE-Escola-de-Primeiras-Letras_1753232569115.pdf;CORRELATO;LEI;OFICIAL;CONDEPHAAT Res Compl SC 52/2022;VIGENTE;OK;1GRvv6Xbi3_rKpZvvIqKIjyByu1LgFjmJ;Resolucao CONDEPHAAT area envoltoria Escola Primeiras Letras
15XZ65yfgtIdiQB4ToSw37h40ofkkxn_F;2022_59_Sao-Paulo_-RAE-Memorial-da-America-Latina-transcricao_1753232839715.pdf;CORRELATO;LEI;OFICIAL;CONDEPHAAT Res Compl SC 59/2022;VIGENTE;OK;1GRvv6Xbi3_rKpZvvIqKIjyByu1LgFjmJ;Resolucao CONDEPHAAT area envoltoria Memorial America Latina
1_NbWz_JixDrx5UDFeBqsvf1jjIU3rCLS;20240000801524.pdf;IPTU;JURISPRUDENCIA;OFICIAL;TJSP 1007605-58.2023.8.26.0362;DATADO(2024);OK;1GRvv6Xbi3_rKpZvvIqKIjyByu1LgFjmJ;Acordao TJSP IPTU aliquota lotes nao murados Mogi Guacu
1U6NBRhg8tAehd_OunFQndamfyKun1gYE;2024_01_15 - Livreto Cartilha de Calçadas 2024 - Vrs NOVA NORMA - V12-1-24_compressed(1).pdf;GERAL;META;OFICIAL;Cartilha Calcadas SP 2024;DATADO(2024);OK;1p8d2Cx-qbLO0nRicRjbZ7h47cp2jqb7t;Cartilha tecnica de calcadas acessibilidade Prefeitura SP
1puOg1pGx-huZXYEEyhtdtV4b8GLFVyd8;2024_10_Sao-Paulo_RAE-Igreja-de-Sao-Goncalo_definida_1753230558796.pdf;CORRELATO;LEI;OFICIAL;CONDEPHAAT Res Compl SCEIC 10/2024;VIGENTE;OK;1GRvv6Xbi3_rKpZvvIqKIjyByu1LgFjmJ;Resolucao CONDEPHAAT area envoltoria Igreja Sao Goncalo
1FxFAftg9JeT2Ep2B4jKCt_iA0VB7_ZbS;2024_36_Sao-Paulo_RAE-Matadouro-da-Vila-Mariana_1753230559005.pdf;CORRELATO;LEI;OFICIAL;CONDEPHAAT Res Compl SCEIC 36/2024;VIGENTE;OK;1GRvv6Xbi3_rKpZvvIqKIjyByu1LgFjmJ;Resolucao CONDEPHAAT area envoltoria Matadouro Vila Mariana
16XogPXPkqzh8GqSilgpti2SH6v3sGTQe;2024_37_Sao-Jose-dos-Campos_RAE-Sanatorio-Vicentina-Aranha_1753230558904.pdf;CORRELATO;LEI;OFICIAL;CONDEPHAAT Res Compl SCEIC 37/2024;VIGENTE;OK;1GRvv6Xbi3_rKpZvvIqKIjyByu1LgFjmJ;Resolucao CONDEPHAAT area envoltoria Sanatorio Vicentina Aranha
1Vwdtm0g1r3yahagPc0rnG3sEEneXjnxF;20250000963993.pdf;IPTU;JURISPRUDENCIA;OFICIAL;TJSP 1511234-86.2024.8.26.0090;DATADO(2025);OK;1GRvv6Xbi3_rKpZvvIqKIjyByu1LgFjmJ;Acordao TJSP IPTU lancamento retroativo unificacao imovel
1uaEp9dO9muYx2JgziRZwFv5D_lV4blbx;2025_03_Sao-Paulo_RAE-Casa-do-Sitio-do-Tatuape_1753229566669.pdf;CORRELATO;LEI;OFICIAL;CONDEPHAAT Res SCEIC 3/2025;VIGENTE;OK;1GRvv6Xbi3_rKpZvvIqKIjyByu1LgFjmJ;Resolucao CONDEPHAAT area envoltoria Casa Sitio Tatuape
1v3oRxRtHztM-6hQ7WwJfg9TUVZfwY8R0;2025_05_Sao-Paulo_RAE-Sede-do-Sitio-Ressaca_1753229566431.pdf;CORRELATO;LEI;OFICIAL;CONDEPHAAT Res SCEIC 5/2025;VIGENTE;OK;1GRvv6Xbi3_rKpZvvIqKIjyByu1LgFjmJ;Resolucao CONDEPHAAT tombamento area envoltoria Sitio Ressaca
1gZRZPIlaFj6duS-vcOl4BTNZ6MIXY6ND;2025_06_Sao-Paulo_RAE-Igreja-Nossa-Senhora-da-Boa-Morte_1753229566247.pdf;CORRELATO;LEI;OFICIAL;CONDEPHAAT Res SCEIC 6/2025;VIGENTE;OK;1GRvv6Xbi3_rKpZvvIqKIjyByu1LgFjmJ;Resolucao CONDEPHAAT area envoltoria Igreja N S Boa Morte
1QGyZJmX0YPT06z4HO71CqNfTr-bKl5N8;2025_07_Itu_RAE-Pedreira-de-Varvitos_1753229567444.pdf;CORRELATO;LEI;OFICIAL;CONDEPHAAT Res SCEIC 7/2025;VIGENTE;OK;1GRvv6Xbi3_rKpZvvIqKIjyByu1LgFjmJ;Resolucao CONDEPHAAT area envoltoria Pedreira de Varvitos Itu
1QIF6et2lKR4wfjUU2-EM8UqNTwoy6NcT;2025_08_Sao-Sebastiao_RAE-Casa-da-Esperanca_1753229567334.pdf;CORRELATO;LEI;OFICIAL;CONDEPHAAT Res SCEIC 8/2025;VIGENTE;OK;1GRvv6Xbi3_rKpZvvIqKIjyByu1LgFjmJ;Resolucao CONDEPHAAT Casa Esperanca isenta de area envoltoria
1UOdqOhJkK1YtFzHNP7QXM-xpE3MV73hF;2025_19_Sao-Paulo_RAE-Casa-de-Vidro-do-Morumbi_1753229567245.pdf;CORRELATO;LEI;OFICIAL;CONDEPHAAT Res SCEIC 19/2025;VIGENTE;OK;1GRvv6Xbi3_rKpZvvIqKIjyByu1LgFjmJ;Resolucao CONDEPHAAT area envoltoria Casa de Vidro Morumbi
1mSNLDNo2LHh7mYa_bEQ6SMIf4pbgCABI;2025_20_Sao-Sebastiao_RAE-Centro-Historico_1753229567107.pdf;CORRELATO;LEI;OFICIAL;CONDEPHAAT Res SCEIC 20/2025;VIGENTE;OK;1GRvv6Xbi3_rKpZvvIqKIjyByu1LgFjmJ;Resolucao CONDEPHAAT revisao tombamento Centro Historico Sao Sebastiao
16iWflW1Hkb-2qA1de9hOyRuxIYKab4ds;2025_31_Sao-Paulo_RAE-Castelinho-da-Brigadeiro_1753229566887.pdf;CORRELATO;LEI;OFICIAL;CONDEPHAAT Res SCEIC 31/2025;VIGENTE;OK;1GRvv6Xbi3_rKpZvvIqKIjyByu1LgFjmJ;Resolucao CONDEPHAAT area envoltoria Castelinho da Brigadeiro
1rGez7luvkFfI15EiFEiAWPNwGBZ0ic9N;2025_4_Sao-Paulo_RAE-Estadio-Paulo-Machado-de-Carvalho_1753229566534.pdf;CORRELATO;LEI;OFICIAL;CONDEPHAAT Res SCEIC 4/2025;VIGENTE;OK;1GRvv6Xbi3_rKpZvvIqKIjyByu1LgFjmJ;Resolucao CONDEPHAAT area envoltoria Estadio Pacaembu
13W2ltVw67AVchj8vL-rx3p5r4MrT-Eh7;2025_80_Mogi das Cruzes_RAE Igreja Ordem Primeira e Terceira de Nossa Senhora do Carmo_1765548385222.pdf;CORRELATO;LEI;OFICIAL;CONDEPHAAT Res Compl SCEIC 80/2025;VIGENTE;OK;1GRvv6Xbi3_rKpZvvIqKIjyByu1LgFjmJ;Resolucao CONDEPHAAT area tombada Igrejas do Carmo Mogi das Cruzes
1tDU_4kttvDzyKBbckeTLy77DedfzfF00;2025_81_Sao Paulo_RAE_Sitio Itaim_1765548385444.pdf;CORRELATO;LEI;OFICIAL;CONDEPHAAT Res Compl SCEIC 81/2025;VIGENTE;OK;1GRvv6Xbi3_rKpZvvIqKIjyByu1LgFjmJ;Resolucao CONDEPHAAT area tombada e envoltoria Sitio Itaim
1TzvZAuqdENjrbfONpPbKmejcBI4o4Jds;2025_82_Sao Paulo_RAE_Sitio Capao_1765548385626.pdf;CORRELATO;LEI;OFICIAL;CONDEPHAAT Res Compl SCEIC 82/2025;VIGENTE;OK;1GRvv6Xbi3_rKpZvvIqKIjyByu1LgFjmJ;Resolucao CONDEPHAAT area tombada e envoltoria Sitio Capao
1iv3Pix9wMqZ_JmKqNQtBuz7JbC_ceN10;2025_83_Sao Paulo_RAE_Residencia Marieta Teixeira de Carvalho_1765548385729.pdf;CORRELATO;LEI;OFICIAL;CONDEPHAAT Res SCEIC 83/2025;VIGENTE;OK;1GRvv6Xbi3_rKpZvvIqKIjyByu1LgFjmJ;Resolucao CONDEPHAAT area envoltoria Residencia Marieta Teixeira
1bXKBFus5JaNGfvcpV8nX_wrh6mIkhNJV;2025_84_Sao Paulo_RAE_Residencia Elias Pacheco Chaves_1765548385965.pdf;CORRELATO;LEI;OFICIAL;CONDEPHAAT Res SCEIC 84/2025;VIGENTE;OK;1GRvv6Xbi3_rKpZvvIqKIjyByu1LgFjmJ;Resolucao CONDEPHAAT area envoltoria Residencia Elias Pacheco Chaves
1DLPBJMQI1akWee1PBgK8O05P5NH2Ce0M;2025_85_Sao Paulo_RAE_Edificio do Antigo Banco de Sao Paulo_1765548386216.pdf;CORRELATO;LEI;OFICIAL;CONDEPHAAT Res SCEIC 85/2025;VIGENTE;OK;1GRvv6Xbi3_rKpZvvIqKIjyByu1LgFjmJ;Resolucao CONDEPHAAT area envoltoria Edificio Antigo Banco de Sao Paulo
13hk3KnCk2TD-RMntcND5insH6xUjpNsJ;2025_87_Araras_RAE_Antigo Forum de Araras_1766061596076.pdf;CORRELATO;LEI;OFICIAL;CONDEPHAAT Res Compl SCEIC 87/2025;VIGENTE;OK;1GRvv6Xbi3_rKpZvvIqKIjyByu1LgFjmJ;Resolucao CONDEPHAAT area envoltoria Antigo Forum de Araras
1abnOh2zBGCtjvGcO_wYvbfe0oMY5699I;2025_88_Sao Paulo_RAE Edificio Esther e Antigo Instituto de Educacao Caetano de Campos_1765548386380.pdf;CORRELATO;LEI;OFICIAL;CONDEPHAAT Res Compl SCEIC 88/2025;VIGENTE;OK;1GRvv6Xbi3_rKpZvvIqKIjyByu1LgFjmJ;Resolucao CONDEPHAAT area envoltoria Edificio Esther e Caetano de Campos
1slr_iBJKG_jzajEYmFnnd0yBzbva2EIw;2025_89_Sao Paulo_RAE_Casas de Aluguel da Rua Bento Freitas_1765548386536.pdf;CORRELATO;LEI;OFICIAL;CONDEPHAAT Res Compl SCEIC 89/2025;VIGENTE;OK;1GRvv6Xbi3_rKpZvvIqKIjyByu1LgFjmJ;Resolucao CONDEPHAAT area envoltoria Casas de Aluguel Bento Freitas
1RQOseOfql-i0vBcGomILCfFuKGhWjjVo;2025_90_Sao Paulo_RAE Teatro Municipal e Edificio Alexandre Mackenzie_1765549460513.pdf;CORRELATO;LEI;OFICIAL;CONDEPHAAT Res Compl SCEIC 90/2025;VIGENTE;OK;1GRvv6Xbi3_rKpZvvIqKIjyByu1LgFjmJ;Resolucao CONDEPHAAT area envoltoria Theatro Municipal e Ed Mackenzie
10I2qbCeZuiSL9paIxieTlUN15WTCi9Ob;2025_91_Sao Paulo_RAE Igreja Santo Antonio_1765549460684.pdf;CORRELATO;LEI;OFICIAL;CONDEPHAAT Res Compl SCEIC 91/2025;VIGENTE;OK;1GRvv6Xbi3_rKpZvvIqKIjyByu1LgFjmJ;Resolucao CONDEPHAAT area envoltoria Igreja de Santo Antonio
1OXdlppbNi46qHwJ1SVnRjgJ2eUDhpsCS;2025_92_Sao Paulo_RAE_Escola de Primeiras Letras_1765548386667.pdf;CORRELATO;LEI;OFICIAL;CONDEPHAAT Res Compl SCEIC 92/2025;VIGENTE;OK;1GRvv6Xbi3_rKpZvvIqKIjyByu1LgFjmJ;Resolucao CONDEPHAAT area envoltoria Escola de Primeiras Letras
1HMXd0Z38PBsivSeC1Rd814OFV9aGZbNx;2025_93_Imaterial_Culturas Circenses_1766063267282.pdf;CORRELATO;LEI;OFICIAL;CONDEPHAAT Res SCEIC 93/2025;VIGENTE;OK;1GRvv6Xbi3_rKpZvvIqKIjyByu1LgFjmJ;Resolucao registro patrimonio imaterial Culturas Circenses
1rZeHvz8kRyk7lNvg331xvLADf6UrNuPc;20260000280408.pdf;IPTU;JURISPRUDENCIA;OFICIAL;TJSP 2390222-33.2025.8.26.0000;DATADO(2026);OK;1GRvv6Xbi3_rKpZvvIqKIjyByu1LgFjmJ;Acordao TJSP AI execucao fiscal IPTU prescricao Selic EC 113
1cPc6M4WL1urOV1zx4C4vLcIfxBh0ggbC;20260000519522.pdf;IPTU;JURISPRUDENCIA;OFICIAL;TJSP 2390222-33.2025.8.26.0000 ED;DATADO(2026);OK;1GRvv6Xbi3_rKpZvvIqKIjyByu1LgFjmJ;Acordao TJSP embargos declaracao IPTU Selic EC 136
1GSI1S31O1kQA9RH076yPMMTbuM5tNBFm;20260603091339371.pdf;IPTU;JURISPRUDENCIA;OFICIAL;STJ REsp 1.949.182 Tema 1158;DATADO(2025);OK;1GRvv6Xbi3_rKpZvvIqKIjyByu1LgFjmJ;Acordao STJ repetitivo IPTU credor fiduciario nao e contribuinte
1tImieDTt34vMj1pCpsLj9mpjAT1bHMho;21-24 - Reorganização do Selo de Valor Cultural - Página.pdf;CORRELATO;LEI;OFICIAL;CONPRESP Res 21/2024;VIGENTE;OK;1GRvv6Xbi3_rKpZvvIqKIjyByu1LgFjmJ;Resolucao CONPRESP Selo de Valor Cultural Cidade de Sao Paulo
1BAftD9AWl-XlNn8iynK6yBCgLlfBkjEU;49c99_22_T_Bairro_da_Bela_Vista.pdf;CORRELATO;LEI;OFICIAL;CONPRESP Res 22/2002;VIGENTE;OK;1GRvv6Xbi3_rKpZvvIqKIjyByu1LgFjmJ;Resolucao CONPRESP tombamento Bairro da Bela Vista
1PSw0EHD-L6A-0eOiMo8Wjbuzo3aBf9pD;A inconstitucionalidade do IPTU de Salvador _ Jusbrasil.pdf;IPTU;TESE;CRIADO-POR-TERCEIROS;Jusbrasil artigo IPTU Salvador;DATADO(2026);OK;1xuq1OpJzSYOGWG6dp7xGfCyDVE-WLVas;Artigo doutrinario Jusbrasil inconstitucionalidade IPTU de Salvador
13mH9mm-2Tq8UuKmToSyy17nRiFadDKg4;A possibilidade de isenção do IPTU por APP no município de Campinas (SP) _ Jusbrasil.pdf;IPTU;TESE;CRIADO-POR-TERCEIROS;Jusbrasil artigo IPTU APP Campinas;DATADO(2026);OK;1xuq1OpJzSYOGWG6dp7xGfCyDVE-WLVas;Artigo Jusbrasil isencao IPTU por APP em Campinas SP
17qqkeTmxEaZszo8-Zavca57CbkfISUfZ;ABNT.pdf;GERAL;META;NAO-OFICIAL;ABNT NBR 14653-2 2011;DATADO(2011);OK;1p8d2Cx-qbLO0nRicRjbZ7h47cp2jqb7t;Norma ABNT NBR avaliacao de bens imoveis urbanos
1Oh9nUUcjMHATtu1_cEYdeoXvR60_qmXA;ACADEM~1.PDF;IPTU;TESE;CRIADO-POR-TERCEIROS;Artigo Rev Tributaria v24 n130 2016;DATADO(2016);OK;1xuq1OpJzSYOGWG6dp7xGfCyDVE-WLVas;Artigo revista IPTU legitimidade passiva imovel invadido LexML
1PaMRCIwAHR21iAZ_N4NQUKSHZAEXUKth;ACORDAO_ADI_2187640_ARCO_PINHEIROS.pdf;TDC;JURISPRUDENCIA;OFICIAL;TJSP ADI 2187640-63.2023.8.26.0000;DATADO(2023);OK;1GRvv6Xbi3_rKpZvvIqKIjyByu1LgFjmJ;Acordao ADI TJSP TDC potencial construtivo PIU Arco Pinheiros Butantan
1qKL23LHQGfeqieLFYXu2x57Bnj-9jnrm;ACORDAO_TJSP_1025594-05.2021.8.26.0053.pdf;IPTU;JURISPRUDENCIA;OFICIAL;TJSP 1025594-05.2021.8.26.0053;DATADO(2026);OK;1GRvv6Xbi3_rKpZvvIqKIjyByu1LgFjmJ;Acordao TJSP IPTU valor venal pericia anulacao lancamento
14tHqV92dfiCpq4yVQr9l-ZLmE-LiVSAG;ACORDAO_TJSP_1053798-54.2024.8.26.0053.pdf;IPTU;JURISPRUDENCIA;OFICIAL;TJSP 1053798-54.2024.8.26.0053;DATADO(2025);OK;1GRvv6Xbi3_rKpZvvIqKIjyByu1LgFjmJ;Acordao TJSP IPTU progressivo averbacao Estatuto Cidade nulidade
1-qP0GoU77rVb8JWyCCUxpQQNNKRu3_fp;ACORDAO_TJSP_1054600-28.2019.8.26.0053.pdf;IPTU;JURISPRUDENCIA;OFICIAL;TJSP 1054600-28.2019.8.26.0053;DATADO(2026);OK;1GRvv6Xbi3_rKpZvvIqKIjyByu1LgFjmJ;Acordao TJSP IPTU valor venal PGV pericia repeticao indebito
1-VwgpSe3vBbBIvcwr2_3ueoJJfCk_NDK;ACORDAO_TJSP_1509864-53.2016.8.26.0090_AC.pdf;IPTU;JURISPRUDENCIA;OFICIAL;TJSP 1509864-53.2016.8.26.0090 AC;DATADO(2025);OK;1GRvv6Xbi3_rKpZvvIqKIjyByu1LgFjmJ;Acordao TJSP IPTU isencao CDHU LM 14865 imunidade reciproca
1s7cF_Be2Xj-bsoc2AhUa-qA0fLoD8AkB;ACORDAO_TJSP_1509864-53.2016.8.26.0090_ED.pdf;IPTU;JURISPRUDENCIA;OFICIAL;TJSP 1509864-53.2016.8.26.0090 ED;DATADO(2026);OK;1GRvv6Xbi3_rKpZvvIqKIjyByu1LgFjmJ;Acordao TJSP embargos IPTU CDHU unidade autonoma sem isencao
1Ryrhndyq1KjLPh-GWl6BMnkYqj9oW9rJ;ACORDAO_TJSP_1568276-30.2023.8.26.0090.pdf;IPTU;JURISPRUDENCIA;OFICIAL;TJSP 1568276-30.2023.8.26.0090;DATADO(2026);OK;1GRvv6Xbi3_rKpZvvIqKIjyByu1LgFjmJ;Acordao TJSP execucao fiscal IPTU prescricao PPI parcelamento
1TDEHG0izHjQxqd6lKv-DEojMYMf7q74U;ACORDAO_TJSP_2390222-33.2025.8.26.0000.pdf;IPTU;JURISPRUDENCIA;OFICIAL;TJSP 2390222-33.2025.8.26.0000;NAO-SEI;ILEGIVEL;1p8d2Cx-qbLO0nRicRjbZ7h47cp2jqb7t;Snippet vazio arquivo 1471 bytes sem texto extraivel
10qFNSG_PvePPeIGt43D2uaCDH3bOp-K0;ACORDAO_TJSP_2390222-33.2025.8.26.0000_AI.pdf;IPTU;JURISPRUDENCIA;OFICIAL;TJSP 2390222-33.2025.8.26.0000 AI;DATADO(2026);OK;1GRvv6Xbi3_rKpZvvIqKIjyByu1LgFjmJ;Acordao TJSP AI execucao fiscal IPTU prescricao Selic EC 113
1DhrwqlvfIRLOvF0eADTVGkhr8DaKfDSr;ACORDAO_TJSP_2390222-33.2025.8.26.0000_ED.pdf;IPTU;JURISPRUDENCIA;OFICIAL;TJSP 2390222-33.2025.8.26.0000 ED;DATADO(2026);OK;1GRvv6Xbi3_rKpZvvIqKIjyByu1LgFjmJ;Acordao TJSP embargos declaracao IPTU Selic EC 136
1zGE-_IvO0C4Z_LWT14viUR_lyRAVu4tO;Anexo 1 do D 57_536_2016.pdf;TDC;LEI;OFICIAL;Anexo I Decreto 57.536/2016;VIGENTE;OK;1GRvv6Xbi3_rKpZvvIqKIjyByu1LgFjmJ;Anexo requerimento declaracao potencial construtivo transferivel TDC
1jrbCc3xZXsihZUmPRfZlNbmmb0zrj5uI;Anexo 8 do D 57.536_2016_1.pdf;TDC;LEI;OFICIAL;Anexo VIII Decreto 57.536/2016;VIGENTE;OK;1GRvv6Xbi3_rKpZvvIqKIjyByu1LgFjmJ;Anexo modelo declaracao saldo potencial construtivo ZEPEC TDC
1Tf-tV2TmeIxDhWG4QJ5ERyD0fwA8CrAa;Anexo 9 do D 57.536_2016.pdf;TDC;LEI;OFICIAL;Anexo IX Decreto 57.536/2016;VIGENTE;OK;1GRvv6Xbi3_rKpZvvIqKIjyByu1LgFjmJ;Anexo modelo declaracao saldo potencial construtivo ZEPAM TDC
1muwGBNhaHZEEFrJn2ZS18t3gDqC4YIaw;Anexo I da Lei nº 17.719_2021.pdf;IPTU;LEI;OFICIAL;Anexo I Lei 17.719/2021;VIGENTE;OK;1GRvv6Xbi3_rKpZvvIqKIjyByu1LgFjmJ;Anexo Tabela VI tipos e padroes construcao valores IPTU
1ADStSbYhp9byERMW2vvEBuLuuAvxG1Mb;Anexo I do Decreto 58_289_2018.pdf;TDC;LEI;OFICIAL;Anexo I Decreto 58.289/2018;VIGENTE;OK;1GRvv6Xbi3_rKpZvvIqKIjyByu1LgFjmJ;Anexo manifestacao interesse doacao imovel potencial construtivo
1XTpOF--3AUoxiyY-87_VHs2kDGiM0ib0;Anexo I integrante da Lei nº 15.889, de 5 de novembro de 2013.pdf;IPTU;LEI;OFICIAL;Lei 15.889/2013 Anexo I;VIGENTE;OK;1GRvv6Xbi3_rKpZvvIqKIjyByu1LgFjmJ;Lei valores venais IPTU isencoes descontos Tabela VI Sao Paulo
13WMCiE8Xm1T_BkU0-xWPtBoZjx9F5s9r;Anexo II da Lei nº 17.719_2021.pdf;IPTU;LEI;OFICIAL;Anexo II Lei 17.719/2021;VIGENTE;OK;1GRvv6Xbi3_rKpZvvIqKIjyByu1LgFjmJ;Anexo listagem valores unitarios metro quadrado terreno IPTU
1thIZNvUvcKJ6ru0tkX4y62Ia-CcFQeH7;Anexo III da Lei 15.889_2013.pdf;IPTU;LEI;OFICIAL;Lei 15.889/2013 Anexo III;VIGENTE;OK;1GRvv6Xbi3_rKpZvvIqKIjyByu1LgFjmJ;Anexo III listagem de valores unitarios de terreno para IPTU em SP
1tEP858hvJdReey1dhKcQVZ8a0yKOdjvP;Anexo III da Lei nº 17.719_2021.pdf;IPTU;LEI;OFICIAL;Lei 17.719/2021 Anexo III;VIGENTE;OK;1GRvv6Xbi3_rKpZvvIqKIjyByu1LgFjmJ;Anexo III da lei de IPTU com listagem de inscricoes
1yNzWkVw-AXHOHO6S8ZPExr01NU3LaeNo;Anexo Unico do Decreto 57_378-16_ com_Deliberações CTLU_19__01_2021.pdf;CORRELATO;LEI;OFICIAL;Decreto 57.378/2016 Anexo Unico;VIGENTE;OK;1GRvv6Xbi3_rKpZvvIqKIjyByu1LgFjmJ;Enquadramento de atividades nR e CNAE conforme Lei 16.402/16
1XwbeX64SbWTeAIdRotqmFydZAa6FcPPs;Anexo V do Decreto 58.289_2018.pdf;TDC;LEI;OFICIAL;Decreto 58.289/2018 Anexo V;VIGENTE;OK;1GRvv6Xbi3_rKpZvvIqKIjyByu1LgFjmJ;Documentos para certidao de transferencia de potencial construtivo com doacao
1upT7KQ2GMacQc-0uFS-rxM-ec_O48A1i;Anexo Único do Decreto 52.884_2011.pdf;IPTU;LEI;OFICIAL;Decreto 52.884/2011 Anexo Unico;VIGENTE;OK;1GRvv6Xbi3_rKpZvvIqKIjyByu1LgFjmJ;Regulamento do IPTU de Sao Paulo
19LgdlZN-IXDnfjqV8yIwIGWgHb3T16Ch;Anexo_2024-06501-00.pdf;CORRELATO;LEI;OFICIAL;Decreto 57.565/2016 Anexo I Quota Ambiental;DATADO(2024);OK;1p8d2Cx-qbLO0nRicRjbZ7h47cp2jqb7t;Formulario de quota ambiental preenchido de processo de licenciamento
1UhFjf145eTexdyQ2SwNNuaOodQN8SPp4;Anexos I e II - LEI Nº 18.330 de 11 de Novembro de 2025.pdf;IPTU;LEI;OFICIAL;Lei 18.330/2025 Anexos I e II;VIGENTE;OK;1GRvv6Xbi3_rKpZvvIqKIjyByu1LgFjmJ;Tabela VI valores de construcao e valores venais para IPTU
1j4_wkUc-sVY_FPYYhAGpo7KWnfPdTOHa;ANEXOS_DO_PL_586_23___SEM_O_MAPA (1).pdf;CORRELATO;LEI;OFICIAL;PL 586/2023 Anexos Lei 16.402;VIGENTE;OK;1GRvv6Xbi3_rKpZvvIqKIjyByu1LgFjmJ;Anexos do projeto de lei alterando a LPUOS quadros e definicoes
1Sti8VuTpJN439jrdyzWeLIu1EUrRFnFg;Análise de Omissões da Legislação - Secretaria Municipal de Urbanismo e Licenciamento - Prefeitura.pdf;CORRELATO;META;OFICIAL;SMUL servico Analise de Omissoes;DATADO(2026);OK;1p8d2Cx-qbLO0nRicRjbZ7h47cp2jqb7t;Pagina de servico da SMUL sobre analise de omissoes da legislacao urbanistica
1EAoYVJRBp4EfqYtvHTbdDtvP-Mhr3L5s;ARE_1216078_Acordao_Tema1062_STF.pdf;CORRELATO;JURISPRUDENCIA;OFICIAL;STF ARE 1.216.078 Tema 1062;DATADO(2019);OK;1GRvv6Xbi3_rKpZvvIqKIjyByu1LgFjmJ;Acordao STF sobre juros e correcao de creditos tributarios estaduais
15MZf-TB7tfLZokrJ-JHYM7nNHbjKVsa2;ARQUIP _ DOSP - 097088730 - Lei.pdf;CORRELATO;LEI;OFICIAL;Lei 18.081/2024;VIGENTE;OK;1GRvv6Xbi3_rKpZvvIqKIjyByu1LgFjmJ;Revisao parcial da LPUOS 16.402 compatibilizando com PDE ZEU
1CYAD8JIelwJRRMhJ33CYMb_Ra5lA_-NA;ARQUIP _ DOSP - 105163385 - Decreto.pdf;TDC;LEI;OFICIAL;Decreto 63.504/2024;VIGENTE;OK;1GRvv6Xbi3_rKpZvvIqKIjyByu1LgFjmJ;Regulamenta a Outorga Onerosa do Direito de Construir OODC
1cfD8qXsbhrF8K0rfvmqzJv-afnyFrpYT;ARQUIP _ DOSP - 107504220 - Lei.pdf;CORRELATO;LEI;OFICIAL;Lei 18.177/2024;VIGENTE;OK;1GRvv6Xbi3_rKpZvvIqKIjyByu1LgFjmJ;Compatibiliza art 2 da Lei 18.081 e ajusta Mapa I das ZEU
1wgmDArNgFALh0RypRZnT45pk6XcSKRVd;ARQUIP _ DOSP - 148669538 - Decreto.pdf;TDC;LEI;OFICIAL;Decreto 64.884/2025;VIGENTE;OK;1GRvv6Xbi3_rKpZvvIqKIjyByu1LgFjmJ;Atualiza Quadro 14 valores de terreno para outorga e fator de TDC parques
1-bQT2Ko7aC7PscGKJwMxN4yQgh9RJqCG;ARQUIP _ DOSP - 149729786 - Portaria.pdf;TDC;LEI;OFICIAL;Portaria SMUL.GAB 8/2026;VIGENTE;OK;1GRvv6Xbi3_rKpZvvIqKIjyByu1LgFjmJ;Atualiza valores nominais do Quadro 14 para outorga onerosa
13X9l_5SmJSBqAmkOvlEZVDElYV2pbwnQ;ARQUIP _ DOSP - 155292571 - Decisão.pdf;IPTU;JURISPRUDENCIA;OFICIAL;CMT SP Decisao 155292571;DATADO(2026);OK;1GRvv6Xbi3_rKpZvvIqKIjyByu1LgFjmJ;Acordaos do Conselho Municipal de Tributos sobre recursos de IPTU
1hqUzM2g711wKWJifI-B83S8tJFc_8UG-;ARQUIP _ DOSP - 156981397 - Decisão.pdf;IPTU;JURISPRUDENCIA;OFICIAL;CMT SP Decisao 156981397;DATADO(2026);OK;1GRvv6Xbi3_rKpZvvIqKIjyByu1LgFjmJ;Acordaos do CMT sobre IPTU fator de obsolescencia e imunidade
1gPnYPi-3kjMvk85dAJ7Asp2pcoPATesj;Art. 156 da Constituição Federal, de 1988.pdf;IPTU;LEI;OFICIAL;CF art 156;VIGENTE;OK;1GRvv6Xbi3_rKpZvvIqKIjyByu1LgFjmJ;Art 156 da CF sobre impostos municipais extrato Jusbrasil com jurisprudencia
1zy--Cx4wKvH72stiZSqpLXec05K-0y0b;Ativação de Zonas de Estruturação (ZEUP e ZEMP) por Particular - Secretaria Municipal de Urbanismo e Licenciamento - Prefeitura.pdf;CORRELATO;META;OFICIAL;SMUL servico Ativacao ZEUP ZEMP;DATADO(2026);OK;1p8d2Cx-qbLO0nRicRjbZ7h47cp2jqb7t;Pagina de servico da SMUL sobre ativacao de zonas de estruturacao por particular
1Oh1RZpVrsbaId5ba4AFlTUNF8LLwaUx9;atos.cnj.jus.br_atos_detalhar_2014.pdf;GERAL;LEI;OFICIAL;CNJ Portaria 15/2014;DATADO(2014);OK;1p8d2Cx-qbLO0nRicRjbZ7h47cp2jqb7t;Portaria do CNJ sobre reestruturacao de pessoal do TJPI sem relacao com IPTU ou TDC
1-_o0yldO83-ZtNQ3i51Oes0XgZeWd9xl;Atualizacacao_Q14_anoref2025.pdf;TDC;LEI;OFICIAL;Quadro 14 Lei 16.050 ref 2025;VIGENTE;OK;1GRvv6Xbi3_rKpZvvIqKIjyByu1LgFjmJ;Cadastro de valor de terreno para outorga onerosa Quadro 14 atualizacao 2025
19ZbY8tv-CkZ_h9r91UuTLsQ_5gI6rGCE;Auditoria TDC São Paulo_ Memorial de Fundamentação Estratégica.pdf;TDC;IDEACAO;CRIADO-POR-NOS;Memorial Fundamentacao TDC v5.2;DATADO(2026);OK;1p8d2Cx-qbLO0nRicRjbZ7h47cp2jqb7t;Dossie interno de engenharia financeira e juridica do projeto TDC
15ez1ehgYXB8bevIIX4o-JNpdcPE49ggf;Balanco_Financeiro_01JAN2025.pdf;GERAL;META;OFICIAL;FUNDURB Balancete jan/2025;DATADO(2025);OK;1p8d2Cx-qbLO0nRicRjbZ7h47cp2jqb7t;Balancete financeiro do FUNDURB de janeiro de 2025
1OJpZwU3tp6qv-h9BuB30yWB6he3Ipq1v;Balanco_Financeiro_02FEV2025.pdf;GERAL;META;OFICIAL;FUNDURB Balancete fev/2025;DATADO(2025);OK;1p8d2Cx-qbLO0nRicRjbZ7h47cp2jqb7t;Balancete financeiro do FUNDURB de fevereiro de 2025
1Cjc8HQI9e_4o9egtyWitu0dzZlcwGj46;Balanco_Financeiro_03MAR2025 (1).pdf;GERAL;META;OFICIAL;FUNDURB Balancete mar/2025;DATADO(2025);OK;1p8d2Cx-qbLO0nRicRjbZ7h47cp2jqb7t;Balancete financeiro do FUNDURB de marco de 2025
1rqdJkmfblG_mfoX2nP6fqG3Pdro7sE6c;Balanco_Financeiro_04ABR2025555.pdf;GERAL;META;OFICIAL;FUNDURB Balancete abr/2025;DATADO(2025);OK;1p8d2Cx-qbLO0nRicRjbZ7h47cp2jqb7t;Balancete financeiro do FUNDURB de abril de 2025
1dGYKRn6d3wY6ap-GEkcVjFaJVC1LKt2u;Balanco_Financeiro_05MAI2025.pdf;GERAL;META;OFICIAL;FUNDURB Balancete mai/2025;DATADO(2025);OK;1p8d2Cx-qbLO0nRicRjbZ7h47cp2jqb7t;Balancete financeiro do FUNDURB de maio de 2025
148qluDvwqn3x7wcLcroc1hNFxA0b33I7;Balanco_Financeiro_06JUN2025.pdf;GERAL;META;OFICIAL;FUNDURB Balancete jun/2025;DATADO(2025);OK;1p8d2Cx-qbLO0nRicRjbZ7h47cp2jqb7t;Balancete financeiro do FUNDURB de junho de 2025
1Fab0bmEtfMJ6pDtv-VWTuAW2ts1M3KZ3;Balanco_Financeiro_07JUL2025 (1).pdf;GERAL;META;OFICIAL;FUNDURB Balancete jul/2025;DATADO(2025);OK;1p8d2Cx-qbLO0nRicRjbZ7h47cp2jqb7t;Balancete financeiro do FUNDURB de julho de 2025
1xRvcmiK_nk6j8pbOPw9vy0kLC02OME8i;Balanco_Financeiro_08AGO2025.pdf;GERAL;META;OFICIAL;FUNDURB Balancete ago/2025;DATADO(2025);OK;1p8d2Cx-qbLO0nRicRjbZ7h47cp2jqb7t;Balancete financeiro do FUNDURB de agosto de 2025
1tt9VADQiTyHpbxzYzcuNJ2StIpoA_zXe;Balanco_Financeiro_09SET2025.pdf;GERAL;META;OFICIAL;FUNDURB Balancete set/2025;DATADO(2025);OK;1p8d2Cx-qbLO0nRicRjbZ7h47cp2jqb7t;Balancete financeiro do FUNDURB de setembro de 2025
1suTHuq_Irehqq9FhjFc3b-KQmvK-gkL7;Balanco_Financeiro_10OUT2025.pdf;GERAL;META;OFICIAL;FUNDURB Balancete out/2025;DATADO(2025);OK;1p8d2Cx-qbLO0nRicRjbZ7h47cp2jqb7t;Balancete financeiro do FUNDURB de outubro de 2025
1wUlePaDESvbEGgrdm_RcoFNVETIHSHTj;Balanco_Financeiro_11NOV2025.pdf;GERAL;META;OFICIAL;FUNDURB Balancete nov/2025;DATADO(2025);OK;1p8d2Cx-qbLO0nRicRjbZ7h47cp2jqb7t;Balancete financeiro do FUNDURB de novembro de 2025
1R7y8V5dGTH4ItryiRfQJsiIn0lKlFV8z;Base de cálculo do IPTU - Migalhas.pdf;IPTU;TESE;CRIADO-POR-TERCEIROS;Migalhas Harada base de calculo IPTU;DATADO(2025);OK;1xuq1OpJzSYOGWG6dp7xGfCyDVE-WLVas;Artigo doutrinario de Kiyoshi Harada sobre base de calculo do IPTU e EC 132/23
1OzLQzlZzE3nr1eOI6qRm60J3_Ev5GrQJ;Base de cálculo do IPTU.pdf;IPTU;TESE;CRIADO-POR-TERCEIROS;Migalhas Harada base de calculo IPTU;DATADO(2025);OK;1xuq1OpJzSYOGWG6dp7xGfCyDVE-WLVas;Mesmo artigo doutrinario de Harada sobre base de calculo do IPTU duplicata
1fEjdKy1YxsJvGlnfGhOAczwhCUz9BIKI;browse.pdf;IPTU;JURISPRUDENCIA;OFICIAL;CARF Acordao 1301-000.243;DATADO(2009);OK;1GRvv6Xbi3_rKpZvvIqKIjyByu1LgFjmJ;Acordao CARF sobre dedutibilidade de IPTU e despesas IRPJ resultado XML
16ELdzUPdLmRQ4b-Ux_QVD60q4XFFQdCT;Cartilha Estatuto da Cidade 10 anos.pdf;CORRELATO;TESE;CRIADO-POR-TERCEIROS;Estatuto da Cidade Lei 10.257/2001;DATADO(2011);OK;1xuq1OpJzSYOGWG6dp7xGfCyDVE-WLVas;Cartilha do Senado com artigos e Estatuto da Cidade comentado inclui TDC e IPTU progressivo
1_HiTqavN81LBguNoWqfG-IvwJFMqJG8G;cartilha_doacao_area_parhis.pdf;CORRELATO;META;OFICIAL;Cartilha Doacao de Area PMSP;DATADO(2016);OK;1p8d2Cx-qbLO0nRicRjbZ7h47cp2jqb7t;Cartilha da prefeitura sobre doacao de area melhoramento viario e eixos
1NQu0kG4h_ERIEyhIXJ9jpn1FGv6Tizcl;Certidão de Transferência de Potencial Construtivo - Secretaria Municipal de Urbanismo e Licenciamento - Prefeitura.pdf;TDC;META;OFICIAL;SMUL servico Certidao TDC;DATADO(2026);OK;1p8d2Cx-qbLO0nRicRjbZ7h47cp2jqb7t;Pagina de servico da SMUL sobre certidao de transferencia de potencial construtivo
1a7Y7eC756t1NbYKp8M0Yo-6EuiA_KNOR;Certidão de Uso e Ocupação do Solo - Secretaria Municipal de Urbanismo e Licenciamento - Prefeitura.pdf;CORRELATO;META;OFICIAL;SMUL servico Certidao Uso e Ocupacao;DATADO(2025);OK;1p8d2Cx-qbLO0nRicRjbZ7h47cp2jqb7t;Pagina de servico da SMUL sobre certidao de uso e ocupacao do solo
1p5udqWv-zI-I42WqgeoD083iZRVzRTm4;CGP_NotaTecnica.pdf;CORRELATO;TESE;OFICIAL;SP Urbanismo Nota Tecnica CEAGESP;DATADO(2016);OK;1xuq1OpJzSYOGWG6dp7xGfCyDVE-WLVas;Nota tecnica da SP Urbanismo sobre parametros de uso e ocupacao na area do CEAGESP
1iKcaW5bD1OIFG48AxeXC_8WMeL9JNWpk;Chamada B+P Smart Factory - BNDES2025 - Projeto KEEPEE - Keepee Assist (SGF 338383)– Copiaree_Pesquisável.pdf;GERAL;LEI;OFICIAL;Acordo Cooperacao SENAI Keepee 2025;DATADO(2025);OK;1p8d2Cx-qbLO0nRicRjbZ7h47cp2jqb7t;Acordo de cooperacao tecnica SENAI e Keepee projeto IA sem relacao com IPTU ou TDC
1itZ0vaGsvHFK4BbozGVJKX9Py7IJJCBM;Cnae_X_Item_Lista_Servicos.pdf;GERAL;META;OFICIAL;CNAE x Lista LC 116/2003;NAO-SEI;OK;1p8d2Cx-qbLO0nRicRjbZ7h47cp2jqb7t;Tabela de correlacao CNAE com itens da lista de servicos do ISS
1TWtrpF1tF63KAE9p7FTRFxuNxejGYPcX;codigo_de_obras_ilustrado.pdf;CORRELATO;LEI;OFICIAL;Lei 16.642/2017 COE;VIGENTE;OK;1GRvv6Xbi3_rKpZvvIqKIjyByu1LgFjmJ;Codigo de Obras e Edificacoes ilustrado lei e decreto
1Hrof6KIDJYxa5jA3lsbhCPA-zkkCr6VP;Comprador de imóvel financiado é responsável pelo IPTU.pdf;IPTU;TESE;CRIADO-POR-TERCEIROS;ConJur TJGO Ag 5498486-11.2025;DATADO(2025);OK;1xuq1OpJzSYOGWG6dp7xGfCyDVE-WLVas;Noticia juridica ConJur sobre responsabilidade do IPTU em imovel financiado
1aZmX-dbVdJJsYLxcnGYHteWP5PPkIhR2;Constituição.pdf;CORRELATO;LEI;OFICIAL;CF 1988;VIGENTE;OK;1GRvv6Xbi3_rKpZvvIqKIjyByu1LgFjmJ;Texto integral da Constituicao Federal de 1988 do Planalto
1jrIjLb8kjqTpRHC0WAFMIGP_5zSHO7Ls;Código Tributário Nacional LEI Nº 5.172, DE 25 DE OUTUBRO DE 1966.pdf;IPTU;LEI;OFICIAL;Lei 5.172/1966 CTN;VIGENTE;ILEGIVEL;1p8d2Cx-qbLO0nRicRjbZ7h47cp2jqb7t;PDF do CTN apenas imagens de paginas sem texto extraivel
1O6swdMMqOCE86d3EllLWcGLws0JMZU6a;D57536.pdf;TDC;LEI;OFICIAL;Decreto 57.536/2016;VIGENTE;OK;1GRvv6Xbi3_rKpZvvIqKIjyByu1LgFjmJ;Regulamenta a Transferencia do Direito de Construir sem doacao do imovel
1NofgsoosmvVVGNiaQm4Xr4gT6AwmqVKC;D57776.pdf;CORRELATO;LEI;OFICIAL;Decreto 57.776/2017;VIGENTE;OK;1GRvv6Xbi3_rKpZvvIqKIjyByu1LgFjmJ;Regulamenta a Lei 16.642 Codigo de Obras e Edificacoes
1pi0LrR98w1V493YMVGRcYhB16IykcxYZ;D57776_2017_anexos.pdf;CORRELATO;LEI;OFICIAL;Decreto 57.776/2017 Anexo I;VIGENTE;OK;1GRvv6Xbi3_rKpZvvIqKIjyByu1LgFjmJ;Anexo I disposicoes tecnicas do decreto do Codigo de Obras
1DjNzdv9DhebFkZ8rB6vSWDeuBJUJTIyk;d833c_05_TEO_89_itens (1).pdf;CORRELATO;LEI;OFICIAL;CONPRESP Res 05/91;VIGENTE;OK;1GRvv6Xbi3_rKpZvvIqKIjyByu1LgFjmJ;Resolucao CONPRESP de tombamento ex-officio de bens historicos de SP
1GRu3oAkqrUgbKnARw94xmLXcPN6S8Mm8;d833c_05_TEO_89_itens.pdf;CORRELATO;LEI;OFICIAL;CONPRESP Res 05/91;VIGENTE;OK;1GRvv6Xbi3_rKpZvvIqKIjyByu1LgFjmJ;Resolucao CONPRESP de tombamento de bens historicos duplicata
1xie8VKkSo_oP5sZ1MMYjG7q2wn2pl-0d;dados de advogado.pdf;IPTU;TESE;CRIADO-POR-TERCEIROS;STF ARE 1.294.969 e TJSP Tema 19;NAO-SEI;OK;1xuq1OpJzSYOGWG6dp7xGfCyDVE-WLVas;Informativo de escritorio VBD sobre ITBI e base de calculo relacionada a IPTU
1lWxc0h3l1XZIB-PabPRtsrCd1EK_6bVU;Declaração de Potencial Construtivo Passível de Transferência - Secretaria Municipal de Urbanismo e Licenciamento - Prefeitura.pdf;TDC;META;OFICIAL;SMUL servico Declaracao Potencial Construtivo;DATADO(2026);OK;1p8d2Cx-qbLO0nRicRjbZ7h47cp2jqb7t;Pagina de servico da SMUL sobre declaracao de potencial construtivo passivel de transferencia
1lixqSHNwb-fKnHWkst1upJfr2KbeqpIx;decreto n.59.263, de 05.06.2013.pdf;CORRELATO;LEI;OFICIAL;Decreto Estadual 59.263/2013;VIGENTE;OK;1GRvv6Xbi3_rKpZvvIqKIjyByu1LgFjmJ;Decreto estadual SP sobre areas contaminadas regulamenta Lei 13.577/2009
1TNDxjtBm4ruAdBrYmroQwlsoNoVB11Vm;DECRETO Nº 52.884 DE 28 DE DEZEMBRO DE 2011 « Catálogo de Legislação Municipal.pdf;IPTU;LEI;OFICIAL;Decreto 52.884/2011;VIGENTE;OK;1GRvv6Xbi3_rKpZvvIqKIjyByu1LgFjmJ;Decreto que aprova o Regulamento do IPTU pagina do catalogo de legislacao
15tPipqJEgwWcI4hnHkUsV4kR4XAjVHlD;DECRETO Nº 52.884 de 28 de Dezembro de 2011.pdf;IPTU;LEI;OFICIAL;Decreto 52.884/2011;VIGENTE;ILEGIVEL;1p8d2Cx-qbLO0nRicRjbZ7h47cp2jqb7t;PDF do decreto do IPTU sem texto extraivel apenas cabecalho mojibake
14BGpfJXZ1Mmh86b2jIAcVUeEPg7MVFZf;DECRETO Nº 56.954 de 28 de Abril de 2016.pdf;CORRELATO;LEI;OFICIAL;Decreto 56.954/2016;VIGENTE;ILEGIVEL;1p8d2Cx-qbLO0nRicRjbZ7h47cp2jqb7t;PDF de decreto municipal sem texto extraivel apenas cabecalho mojibake
1UOJLuP_iP2TsDQirL8pikJozHKbkl5rC;DECRETO Nº 57.299 DE 8 DE SETEMBRO DE 2016 « Catálogo de Legislação Municipal.pdf;GERAL;LEI;OFICIAL;Decreto 57.299/2016;VIGENTE;OK;1p8d2Cx-qbLO0nRicRjbZ7h47cp2jqb7t;Decreto sobre abertura e registro eletronico de empresas REDESIM
1PieuCjPGrWio22UwcYEmGR33JM58OHEx;DECRETO Nº 57.443 DE 10 DE NOVEMBRO DE 2016 « Catálogo de Legislação Municipal.pdf;CORRELATO;LEI;OFICIAL;Decreto 57.443/2016;VIGENTE;OK;1GRvv6Xbi3_rKpZvvIqKIjyByu1LgFjmJ;Decreto fiscalizacao de posturas regulamenta Lei 16.402 LPUOS
1Eg2RUyTRfEgRT7gj25Dn3h8yaJgiDkw7;DECRETO Nº 57.521 DE 9 DE DEZEMBRO DE 2016 « Catálogo de Legislação Municipal.pdf;CORRELATO;LEI;OFICIAL;Decreto 57.521/2016;VIGENTE;OK;1GRvv6Xbi3_rKpZvvIqKIjyByu1LgFjmJ;Decreto regulamenta ocupacao do solo e instalacao dos usos Lei 16.402
1hLFR5EZWVUOi4rS9gMvkynudDLjUekFk;DECRETO Nº 57.536 DE 15 DE DEZEMBRO DE 2016 « Catálogo de Legislação Municipal.pdf;TDC;LEI;OFICIAL;Decreto 57.536/2016;VIGENTE;OK;1GRvv6Xbi3_rKpZvvIqKIjyByu1LgFjmJ;Regulamenta Transferencia do Direito de Construir sem doacao PDE arts 124-125
1vJxueY0EQljJXYbFmYEVUwfIfJUvjSgc;DECRETO Nº 57.565 DE 27 DE DEZEMBRO DE 2016 « Catálogo de Legislação Municipal.pdf;CORRELATO;LEI;OFICIAL;Decreto 57.565/2016;VIGENTE;OK;1GRvv6Xbi3_rKpZvvIqKIjyByu1LgFjmJ;Decreto regulamenta Quota Ambiental Lei 16.402 revogado parcialmente art 11
13ejOZxiVBL5CsLbJ8AagcEP0zeCubesl;DECRETO Nº 57.770 DE 3 DE JULHO DE 2017 « Catálogo de Legislação Municipal.pdf;CORRELATO;LEI;OFICIAL;Decreto 57.770/2017;VIGENTE;OK;1GRvv6Xbi3_rKpZvvIqKIjyByu1LgFjmJ;Regulamenta Sistema de Informacoes Geograficas SIG-SP
1USVfYQgBZ3q3nmXdDyZmcYck1RQ9wDRj;DECRETO Nº 57.776 DE 7 DE JULHO DE 2017 « Catálogo de Legislação Municipal.pdf;CORRELATO;LEI;OFICIAL;Decreto 57.776/2017;VIGENTE;OK;1GRvv6Xbi3_rKpZvvIqKIjyByu1LgFjmJ;Regulamenta Codigo de Obras e Edificacoes COE Lei 16.642
1LZWeHQeNOVnv2SonFbA931_98pJMl2pQ;DECRETO Nº 58.028 DE 11 DE DEZEMBRO DE 2017 « Catálogo de Legislação Municipal.pdf;CORRELATO;LEI;OFICIAL;Decreto 58.028/2017;REVOGADO;OK;1GRvv6Xbi3_rKpZvvIqKIjyByu1LgFjmJ;Decreto APROVA RAPIDO revogado parcialmente pelo Decreto 58.955/2019
1cbyfF-eRsgMZdzfPruMXkBKoe_-fDTcQ;DECRETO Nº 58.094 DE 21 DE FEVEREIRO DE 2018 « Catálogo de Legislação Municipal.pdf;CORRELATO;LEI;OFICIAL;Decreto 58.094/2018;VIGENTE;OK;1GRvv6Xbi3_rKpZvvIqKIjyByu1LgFjmJ;Regulamenta instalacao de heliportos e helipontos Lei 15.723
1QpzghHXhuXTcDY_FhzasyGLuhQvbPaVa;DECRETO Nº 58.176 DE 3 DE ABRIL DE 2018 « Catálogo de Legislação Municipal.pdf;TDC;LEI;OFICIAL;Decreto 58.176/2018;VIGENTE;OK;1GRvv6Xbi3_rKpZvvIqKIjyByu1LgFjmJ;Altera Decreto 57.536 sobre transferencia de potencial construtivo
1sP4PPjXg2P0SISeAilJtbCpkVXLR7Zk8;DECRETO Nº 58.592 de 27 de Dezembro de 2018.pdf;CORRELATO;LEI;OFICIAL;Decreto 58.592/2018;NAO-SEI;ILEGIVEL;1p8d2Cx-qbLO0nRicRjbZ7h47cp2jqb7t;PDF escaneado sem texto extraivel apenas cabecalho mojibake
1zCjN_PtAyiVG6w3rFGar_XoH1jCytJqT;DECRETO Nº 58.707 DE 8 DE ABRIL DE 2019 « Catálogo de Legislação Municipal.pdf;CORRELATO;LEI;OFICIAL;Decreto 58.707/2019;VIGENTE;OK;1GRvv6Xbi3_rKpZvvIqKIjyByu1LgFjmJ;Declara vigencia ZEU para ZEUP Corredor Berrini Lei 16.402
1nRlg9QQOIhDf5JFR33Qwo4bJR2U55qzL;DECRETO Nº 58.955 DE 20 DE SETEMBRO DE 2019 « Catálogo de Legislação Municipal.pdf;CORRELATO;LEI;OFICIAL;Decreto 58.955/2019;VIGENTE;OK;1GRvv6Xbi3_rKpZvvIqKIjyByu1LgFjmJ;Disciplina procedimento APROVA RAPIDO revoga parcial Decreto 58.028
1p-3BdWwkmA0V2kTmR-R98f2zq1KCqaNQ;DECRETO Nº 59.163 DE 27 DE DEZEMBRO DE 2019 « Catálogo de Legislação Municipal.pdf;GERAL;LEI;OFICIAL;Decreto 59.163/2019;VIGENTE;OK;1p8d2Cx-qbLO0nRicRjbZ7h47cp2jqb7t;Regulamenta Bonificacao por Resultados servidores Lei 17.224
1lfqvnfC8mG_fFJhdk0u_FMNwqCjFLT1b;DECRETO Nº 59.164 DE 27 DE DEZEMBRO DE 2019 « Catálogo de Legislação Municipal.pdf;CORRELATO;LEI;OFICIAL;Decreto 59.164/2019;VIGENTE;OK;1GRvv6Xbi3_rKpZvvIqKIjyByu1LgFjmJ;Regulamenta regularizacao de edificacoes Lei 17.202 art 367 PDE
1kJOU1pq-OEzwdj0p5FUUC-llE_0MltkT;DECRETO Nº 59.671 DE 7 DE AGOSTO DE 2020 « Catálogo de Legislação Municipal.pdf;CORRELATO;LEI;OFICIAL;Decreto 59.671/2020;VIGENTE;OK;1GRvv6Xbi3_rKpZvvIqKIjyByu1LgFjmJ;Consolida criterios padronizacao de calcadas art 240 PDE
1sxEJFp35kRHUtRNQAKDgbmncywSPsnsC;DECRETO Nº 59.886 DE 4 DE NOVEMBRO DE 2020 « Catálogo de Legislação Municipal.pdf;CORRELATO;LEI;OFICIAL;Decreto 59.886/2020;VIGENTE;OK;1GRvv6Xbi3_rKpZvvIqKIjyByu1LgFjmJ;Disciplina uso e ocupacao EHIS EZEIS em Operacoes Urbanas Consorciadas
1gc737AIUz31BK5xu_FOtI0WPxiLGhR1c;DECRETO Nº 60.581 DE 27 DE SETEMBRO DE 2021 « Catálogo de Legislação Municipal.pdf;CORRELATO;LEI;OFICIAL;Decreto 60.581/2021;VIGENTE;OK;1GRvv6Xbi3_rKpZvvIqKIjyByu1LgFjmJ;Regulamenta controle de ruidos em obras de construcao civil Lei 16.402
1O9xarXPHT1EbPJUxMyOpkYf4DjKSSJpo;DECRETO Nº 60.939 DE 23 DE DEZEMBRO DE 2021 « Catálogo de Legislação Municipal.pdf;IPTU;LEI;OFICIAL;Decreto 60.939/2021;VIGENTE;OK;1GRvv6Xbi3_rKpZvvIqKIjyByu1LgFjmJ;Regulamenta Politica de Desjudicializacao e transacao tributaria Lei 17.719
1lk_nv-Ksa-LYLZ4k8eoQC2FstySQW_JK;DECRETO Nº 60.939 de 23 de Dezembro de 2021.pdf;IPTU;LEI;OFICIAL;Decreto 60.939/2021;NAO-SEI;ILEGIVEL;1p8d2Cx-qbLO0nRicRjbZ7h47cp2jqb7t;PDF escaneado sem texto extraivel apenas cabecalho mojibake
1uPBliLcqm0tLc4rSVt_WQBKtAdxNJ-BK;DECRETO Nº 61.137 DE 10 DE MARÇO DE 2022 « Catálogo de Legislação Municipal.pdf;CORRELATO;LEI;OFICIAL;Decreto 61.137/2022;VIGENTE;OK;1GRvv6Xbi3_rKpZvvIqKIjyByu1LgFjmJ;Regulamenta instalacao de Estacao Radio Base ERB Lei 17.733
1JTAOjP6OrBhZjFuXh9jgWzmONzY8j0KC;DECRETO Nº 61.218 DE 6 DE ABRIL DE 2022 « Catálogo de Legislação Municipal.pdf;CORRELATO;LEI;OFICIAL;Decreto 61.218/2022;VIGENTE;OK;1GRvv6Xbi3_rKpZvvIqKIjyByu1LgFjmJ;Define valores de renda familiar para HIS e HMP art 46 PDE
1NaejVn7PWGPYRaMyx43tjn51GpNV9lLL;DECRETO Nº 62.175 DE 24 DE FEVEREIRO DE 2023 « Catálogo de Legislação Municipal.pdf;CORRELATO;LEI;OFICIAL;Decreto 62.175/2023;REVOGADO;OK;1GRvv6Xbi3_rKpZvvIqKIjyByu1LgFjmJ;Define valores de renda HIS HMP atualizacao anual marcado como revogado
1fD7wIU7bRBXDhoCUw4hhU-pPCq47HIEx;DECRETO Nº 63.423 DE 21 DE MAIO DE 2024 « Catálogo de Legislação Municipal.pdf;CORRELATO;LEI;OFICIAL;Decreto 63.423/2024;VIGENTE;OK;1GRvv6Xbi3_rKpZvvIqKIjyByu1LgFjmJ;Aprova Carta Geotecnica de Aptidao a Urbanizacao 2024 CGAU
1PUq3IVyY9vDBvJk2LPVWQELIGUXcBSPW;DECRETO Nº 63.437 DE 23 DE MAIO DE 2024 « Catálogo de Legislação Municipal.pdf;CORRELATO;LEI;OFICIAL;Decreto 63.437/2024;VIGENTE;OK;1GRvv6Xbi3_rKpZvvIqKIjyByu1LgFjmJ;Equivalencia de subcategorias de uso OUC e Lei 16.402
1R0cxJDEUYQI3OoIxv9wYEexcGYNOb7Qy;DECRETO Nº 63.504 DE 14 DE JUNHO DE 2024 « Catálogo de Legislação Municipal.pdf;TDC;LEI;OFICIAL;Decreto 63.504/2024;VIGENTE;OK;1GRvv6Xbi3_rKpZvvIqKIjyByu1LgFjmJ;Regulamenta Outorga Onerosa do Direito de Construir OODC PDE e LPUOS
1qDGqUnJ4wQYmEMrpWLqPzY0so8qiilB4;DECRETO Nº 63.698 DE 27 DE AGOSTO DE 2024 « Catálogo de Legislação Municipal - Copia.pdf;IPTU;LEI;OFICIAL;Decreto 63.698/2024;VIGENTE;OK;1GRvv6Xbi3_rKpZvvIqKIjyByu1LgFjmJ;Aprova Consolidacao das Leis Tributarias do Municipio IPTU ITBI ISS
1rt_LEy7INQmohKFvcTpfmqZPE9bfbHnz;DECRETO Nº 63.698 DE 27 DE AGOSTO DE 2024 « Catálogo de Legislação Municipal.pdf;IPTU;LEI;OFICIAL;Decreto 63.698/2024;VIGENTE;OK;1GRvv6Xbi3_rKpZvvIqKIjyByu1LgFjmJ;Aprova Consolidacao das Leis Tributarias do Municipio duplicata
19HZwxFWXs12CImZxpWHw-PQmKnt_6ctB;DECRETO Nº 63.698 de 27 de Agosto de 2024.pdf;IPTU;LEI;OFICIAL;Decreto 63.698/2024;NAO-SEI;ILEGIVEL;1p8d2Cx-qbLO0nRicRjbZ7h47cp2jqb7t;PDF escaneado sem texto extraivel apenas cabecalho mojibake
1nN-ZQkSpGQPS3jUHoCV_-htldsN1s13t;DECRETO Nº 63.728 DE 10 DE SETEMBRO DE 2024 « Catálogo de Legislação Municipal.pdf;CORRELATO;LEI;OFICIAL;Decreto 63.728/2024;VIGENTE;OK;1GRvv6Xbi3_rKpZvvIqKIjyByu1LgFjmJ;Disciplina HIS HMP EHIS EZEIS PDE LPUOS COE revisados
1qONx6VZ5LZ13DxLEUqIp_K0RtDNz4iKz;DECRETO Nº 63.999 DE 30 DE DEZEMBRO DE 2024 « Catálogo de Legislação Municipal.pdf;TDC;LEI;OFICIAL;Decreto 63.999/2024;VIGENTE;OK;1GRvv6Xbi3_rKpZvvIqKIjyByu1LgFjmJ;Atualiza Quadro 14 valor de terreno outorga onerosa e referencia TDC parques
1grkJi7cprZ6hO7wuaajxuczgNksGsogN;DECRETO Nº 64.018 DE 30 DE JANEIRO DE 2025 « Catálogo de Legislação Municipal.pdf;TDC;LEI;OFICIAL;Decreto 64.018/2025;VIGENTE;OK;1GRvv6Xbi3_rKpZvvIqKIjyByu1LgFjmJ;Regulamenta OUC Bairros do Tamanduatei CEPAC e potencial construtivo Lei 18.079
1YN-DkjbsD8Y-xt0Z9L3vUwm9UPAsLDde;Dino suspende julgamento sobre imunidade de IPTU a imóveis estatais.pdf;IPTU;TESE;CRIADO-POR-TERCEIROS;STF RE 1.317.330 Tema 1398;DATADO(2026);OK;1xuq1OpJzSYOGWG6dp7xGfCyDVE-WLVas;Noticia JOTA sobre julgamento STF imunidade IPTU imoveis estatais
17jxDexBvXStSVCsu3T5wYDcer-JHAcPz;documento_final_ia.pdf;CORRELATO;META;CRIADO-POR-NOS;Quadro 1 Lei 16.402;DATADO(2016);OK;1p8d2Cx-qbLO0nRicRjbZ7h47cp2jqb7t;Documento compilado nosso contendo anexos da Lei 16.402 Quadro 1 conceitos
1YKPOozkmybFXc-anqXJgWtTCMrC9A1O2;Dono de imóvel em área de preservação não precisa pagar IPTU.pdf;IPTU;TESE;CRIADO-POR-TERCEIROS;TJSP 1000954-93.2022.8.26.0572;DATADO(2025);OK;1xuq1OpJzSYOGWG6dp7xGfCyDVE-WLVas;Noticia ConJur sobre isencao de IPTU imovel em area de preservacao APP
1-wKwgGwf-arJb9AODxKuVUs_rzGqbr8H;download.pdf;GERAL;META;OFICIAL;CNPJ 18.973.806/0001-21;DATADO(2026);OK;1p8d2Cx-qbLO0nRicRjbZ7h47cp2jqb7t;Comprovante de inscricao CNPJ Keepee Servicos de Manutencao
1s_vU0VW1j8Zj4_usuE_WvbHrliFOkt7-;downloadPeca.pdf;IPTU;JURISPRUDENCIA;OFICIAL;STF ARE 1.216.078;DATADO(2019);OK;1GRvv6Xbi3_rKpZvvIqKIjyByu1LgFjmJ;Acordao STF repercussao geral juros e correcao creditos tributarios
1M_GhuuTwS1yk2zSjpTZ2YwL5CZb7ZTt9;Dívidas de ITBI e cartório não permitem penhorar bem de família.pdf;CORRELATO;TESE;CRIADO-POR-TERCEIROS;TJMG 1.0000.24.503506-8/002;DATADO(2026);OK;1xuq1OpJzSYOGWG6dp7xGfCyDVE-WLVas;Noticia ConJur sobre impenhorabilidade bem de familia ITBI mencao a IPTU
18DmJzF6M0arVRZGHGLqYjlRil2POkSn1;Enquadramento de Atividade CNAE - Secretaria Municipal de Urbanismo e Licenciamento - Prefeitura.pdf;CORRELATO;META;OFICIAL;Servico SMUL Enquadramento CNAE;DATADO(2025);OK;1p8d2Cx-qbLO0nRicRjbZ7h47cp2jqb7t;Pagina de servico SMUL enquadramento de atividade CNAE uso do solo
1bWb6KA6JAb8M-Ri2kJ2umklSKtzY6Y_v;ESCOLA~1.PDF;IPTU;TESE;CRIADO-POR-TERCEIROS;Artigo EPM Galvao 2020;DATADO(2020);OK;1xuq1OpJzSYOGWG6dp7xGfCyDVE-WLVas;Artigo academico capacidade contributiva e aliquotas IPTU em Sao Paulo
1zMgKevbn6rsIX1sXMNbv2lbjlQRTNlCB;Fachin restabelece lei municipal que atualizou base de cálculo do IPTU - Migalhas.pdf;IPTU;TESE;CRIADO-POR-TERCEIROS;STF STP 1.132;DATADO(2026);OK;1xuq1OpJzSYOGWG6dp7xGfCyDVE-WLVas;Noticia Migalhas Fachin restabelece lei municipal base de calculo IPTU Piracicaba
1wp7fSIGqreMp5JbviJiCduxl4s9WFzqy;fila_tdc_5porcento_fundurb-2026- fevereiro.pdf;TDC;META;OFICIAL;Banco de dados TDC DEUSO fev 2025;DATADO(2025);OK;1p8d2Cx-qbLO0nRicRjbZ7h47cp2jqb7t;Fila de certidoes de transferencia potencial construtivo limite 5pct FUNDURB
1H0bFBm-FV7VyfELOQh6x5K9c2wFuS5bZ;fila_tdc_5porcento_fundurb_dez_2025-pdf.pdf;TDC;META;OFICIAL;Banco de dados TDC DEUSO dez 2025;DATADO(2025);OK;1p8d2Cx-qbLO0nRicRjbZ7h47cp2jqb7t;Fila de certidoes de transferencia potencial construtivo limite 5pct FUNDURB
1AmRGYZCmDE3_pXSBelD-zrRpWbTn6L8y;FileFetch.pdf;CORRELATO;LEI;OFICIAL;CGJ-SP Provimentos 50/1989 e 30/2013;VIGENTE;OK;1GRvv6Xbi3_rKpZvvIqKIjyByu1LgFjmJ;Normas de Servico Corregedoria Geral da Justica SP servicos extrajudiciais
1Gh_J3eJamRTXWv4cbuwiyeUTa0zOCMMQ;Fisco não pode revisar lançamento com base em fatos já conhecidos.pdf;IPTU;TESE;CRIADO-POR-TERCEIROS;TJSP 1001038-18.2022.8.26.0080;DATADO(2024);OK;1xuq1OpJzSYOGWG6dp7xGfCyDVE-WLVas;Noticia ConJur revisao de lancamento de IPTU fatos ja conhecidos STJ TJSP
1uGXJxoaXee6xEg-Cyjqh2YFadd3XIN1o;FUNDURB_Balanco_Financeiro_Consolidado_01JAN_2026.pdf;GERAL;META;OFICIAL;FUNDURB balancete jan 2026;DATADO(2026);OK;1p8d2Cx-qbLO0nRicRjbZ7h47cp2jqb7t;Balancete financeiro consolidado FUNDURB exercicio 2026 janeiro
1MIWFnNts-x1GKmEDYPudPKXqk87x9FCh;GatewayCertificaPDF (1).pdf;IPTU;JURISPRUDENCIA;OFICIAL;CMT Recurso 6017.2022/0021750-8;DATADO(2022);OK;1GRvv6Xbi3_rKpZvvIqKIjyByu1LgFjmJ;Acordao Conselho Municipal de Tributos IPTU condominio DOC 30-11-2022
1YiWDsj_vYfFoqfSR1nznIzKZJM4RFA-9;GatewayCertificaPDF (2).pdf;IPTU;JURISPRUDENCIA;OFICIAL;CMT Recurso 6017.2022/0021895-4;DATADO(2022);OK;1GRvv6Xbi3_rKpZvvIqKIjyByu1LgFjmJ;Acordao CMT IPTU retificacao area construida condominio DOC 14-09-2022
14glqKHH57Hrn9RbS5F0e_oBZwHDq2hS0;GatewayCertificaPDF.pdf;IPTU;JURISPRUDENCIA;OFICIAL;CMT Recurso 6017.2022/0021750-8;DATADO(2022);OK;1GRvv6Xbi3_rKpZvvIqKIjyByu1LgFjmJ;Acordao CMT IPTU condominio DOC 30-11-2022 duplicata
1qmjICeFlmDRs1WXG64Nccz4IiDdsk1_o;GatewayPDF.pdf;IPTU;JURISPRUDENCIA;OFICIAL;CMT Recurso 6017.2022/0021561-0;DATADO(2022);OK;1GRvv6Xbi3_rKpZvvIqKIjyByu1LgFjmJ;Acordaos Conselho Municipal de Tributos IPTU e ISS DOC 28-09-2022
17lSV7mb1a5API54-R2aJcIG39e5rlVPX;GUIA DE ESTRUTURA DE PASTAS - GOOGLE DRIVE.pdf;GERAL;META;CRIADO-POR-NOS;Guia estrutura de pastas Drive;DATADO(2026);OK;1p8d2Cx-qbLO0nRicRjbZ7h47cp2jqb7t;Guia interno estrutura de pastas Drive camadas Bronze Silver Gold
1NjN418uGT5qIxFVQHHXlc3VmHy32j44F;Inconstitucionalidade da cobrança de IPTU em concessões ferroviárias.pdf;IPTU;TESE;CRIADO-POR-TERCEIROS;STF RE 1.412.662/MG;DATADO(2024);OK;1xuq1OpJzSYOGWG6dp7xGfCyDVE-WLVas;Artigo opiniao ConJur IPTU concessoes ferroviarias Temas 385 437 508
1kEyFmkI_08vuDnIpmM9UjaQYa5rB0E2V;INSTRUÇÃO NORMATIVA SECRETARIA MUNICIPAL DA FAZENDA - SF_SUREM Nº 10 DE 4 DE DEZEMBRO DE 2019 « Catálogo de Legislação Municipal.pdf;IPTU;LEI;OFICIAL;IN SF/SUREM 10/2019;VIGENTE;OK;1GRvv6Xbi3_rKpZvvIqKIjyByu1LgFjmJ;Instrucao normativa SAV protocolo eletronico IPTU cadastro imobiliario
1t3mMUiNvGmgJMaKOrSvO_ciSQQiZw3K6;INSTRUÇÃO NORMATIVA SECRETARIA MUNICIPAL DA FAZENDA - SF_SUREM Nº 14 DE 18 DE DEZEMBRO DE 2020 « Catálogo de Legislação Municipal.pdf;IPTU;LEI;OFICIAL;IN SF/SUREM 14/2020;VIGENTE;OK;1GRvv6Xbi3_rKpZvvIqKIjyByu1LgFjmJ;Altera IN SF/SUREM 10/2019 aplicativo SAV impugnacoes IPTU
1M1_6mMjV7IsYWXSt-4xSf7Pn0tNrl8Mh;INSTRUÇÃO NORMATIVA SECRETARIA MUNICIPAL DA FAZENDA - SF_SUREM Nº 2 DE 10 DE MARÇO DE 2020 « Catálogo de Legislação Municipal.pdf;IPTU;LEI;OFICIAL;IN SF/SUREM 2/2020;VIGENTE;OK;1GRvv6Xbi3_rKpZvvIqKIjyByu1LgFjmJ;Uniformiza ordem de analise cadastral para lancamento IPTU DTCO Lei 17.202
1UyAIgcDL-mCoptCc7lfkGqdsZaV1Knzg;INSTRUÇÃO NORMATIVA SECRETARIA MUNICIPAL DE LICENCIAMENTO - SEL Nº 6 DE 4 DE DEZEMBRO DE 2020 « Catálogo de Legislação Municipal.pdf;CORRELATO;LEI;OFICIAL;IN SEL 6/2020;VIGENTE;OK;1GRvv6Xbi3_rKpZvvIqKIjyByu1LgFjmJ;Procedimentos APROVA RAPIDO via SEI licenciamento edilicio
1enQFVq5s1gCITh6_M-ETF_ZCtdpA4C1l;INSTRUÇÃO NORMATIVA SECRETARIA MUNICIPAL DE URBANISMO E LICENCIAMENTO - SMUL Nº 1 DE 16 DE OUTUBRO DE 2024 « Catálogo de Legislação Municipal.pdf;CORRELATO;LEI;OFICIAL;IN SMUL 1/2024;VIGENTE;OK;1GRvv6Xbi3_rKpZvvIqKIjyByu1LgFjmJ;Normas subvencao economica requalificacao edilicia Requalifica Centro Lei 17.844
1kRwaS672KC1MQow2VfVBf_AlaNAd6owS;iphan_sao_paulo_sp_1591728555.pdf;CORRELATO;META;OFICIAL;Lista bens tombados IPHAN SP;NAO-SEI;OK;1p8d2Cx-qbLO0nRicRjbZ7h47cp2jqb7t;Lista de bens tombados pelo IPHAN no municipio de Sao Paulo
1AEmAZVFRZE_nn-si_4mn2iy_KqAMVjBU;IPTU sobre imóveis federais cedidos a concessionários.pdf;IPTU;TESE;CRIADO-POR-TERCEIROS;STF RE 1.479.602 Tema 1297;DATADO(2024);OK;1xuq1OpJzSYOGWG6dp7xGfCyDVE-WLVas;Artigo ConJur sobre imunidade reciproca e IPTU em imoveis federais cedidos a concessionarios
1YOprfkxFJI7MGFZ8ueJLXwfkQ8FYpUEJ;IPTU Verde_ projeto de lei estabelece descontos para imóveis que adotam medidas de preservação do meio ambiente _ Jusbrasil.pdf;IPTU;TESE;CRIADO-POR-TERCEIROS;-;DATADO(2026);OK;1xuq1OpJzSYOGWG6dp7xGfCyDVE-WLVas;Artigo Jusbrasil sobre PL de IPTU Verde com descontos ambientais em Campinas
1tswnAIPL084asIagr34Z5V-RSTmWooA2;IPTU_ análise dos seus aspectos centrais e de suas principais controvérsias _ Jusbrasil.pdf;IPTU;TESE;CRIADO-POR-TERCEIROS;-;DATADO(2026);OK;1xuq1OpJzSYOGWG6dp7xGfCyDVE-WLVas;Artigo doutrinario Jusbrasil sobre aspectos centrais e controversias do IPTU
1clixZA0K8CCoLMiF-a-YWsYKDGWS2jWG;Jeronimo Dix-Neuf Rosado dos Santos.pdf;IPTU;TESE;CRIADO-POR-TERCEIROS;-;DATADO(2015);OK;1xuq1OpJzSYOGWG6dp7xGfCyDVE-WLVas;Dissertacao PUCSP sobre tributacao extrafiscal IPTU e ITR funcao social
1EmLbI3p4y25HsuDYlAZUnWJ-N-UnnGtv;Joaquim Marcelo Barbosa da Silva., Parcelamento ou edificação compulsórios, IPTU progressivo no tempo e a desapropriação com pagamento de títulos, Livro.pdf;IPTU;TESE;CRIADO-POR-TERCEIROS;-;DATADO(2014);OK;1xuq1OpJzSYOGWG6dp7xGfCyDVE-WLVas;Ficha LexML de livro sobre parcelamento compulsorio e IPTU progressivo no tempo
1ZwsVFcClncSUaYLCQSDc1u0fX2m8unDY;Jurisprudência do STF sobre IPTU nos contratos de concessão de serviços públicos.pdf;IPTU;TESE;CRIADO-POR-TERCEIROS;-;DATADO(2024);OK;1xuq1OpJzSYOGWG6dp7xGfCyDVE-WLVas;Artigo ConJur analisando jurisprudencia do STF sobre IPTU em concessoes
1sdHIT_dpxxobf4nhtsrmS62p4bbKv4qo;L10257.pdf;CORRELATO;LEI;OFICIAL;Lei 10.257/2001;VIGENTE;OK;1GRvv6Xbi3_rKpZvvIqKIjyByu1LgFjmJ;Estatuto da Cidade diretrizes gerais da politica urbana
1B-29u5vWlTrjzYuA4ugMLp56i1sxRRG1;L10931.pdf;CORRELATO;LEI;OFICIAL;Lei 10.931/2004;VIGENTE;OK;1GRvv6Xbi3_rKpZvvIqKIjyByu1LgFjmJ;Lei do patrimonio de afetacao de incorporacoes imobiliarias e LCI
1XiAq9CmY7dQZLPTSa2wY1i1jkraCNV2O;L12651.pdf;CORRELATO;LEI;OFICIAL;Lei 12.651/2012;VIGENTE;OK;1GRvv6Xbi3_rKpZvvIqKIjyByu1LgFjmJ;Codigo Florestal protecao da vegetacao nativa
13uonwxQCxVzsSwrY8WU9hcnvzPv5FW6g;L16402.pdf;CORRELATO;LEI;OFICIAL;Lei 16.402/2016;VIGENTE;OK;1GRvv6Xbi3_rKpZvvIqKIjyByu1LgFjmJ;Lei de Parcelamento Uso e Ocupacao do Solo de Sao Paulo
1CPtqgZ4ucdXvA0VJ7VW5p1xNwrgddRx0;L16642.pdf;CORRELATO;LEI;OFICIAL;Lei 16.642/2017;VIGENTE;OK;1GRvv6Xbi3_rKpZvvIqKIjyByu1LgFjmJ;Codigo de Obras e Edificacoes do Municipio de Sao Paulo
19bSySq_pzYuHrOyGTG7hsr49klQIuJL6;L6.015consolidado.pdf;CORRELATO;LEI;OFICIAL;Lei 6.015/1973;VIGENTE;OK;1GRvv6Xbi3_rKpZvvIqKIjyByu1LgFjmJ;Lei de Registros Publicos inclui registro de imoveis
1JAUEHk3pko9yeaUWJE88OdP-4lhdFJ6n;L6830.pdf;IPTU;LEI;OFICIAL;Lei 6.830/1980;VIGENTE;OK;1GRvv6Xbi3_rKpZvvIqKIjyByu1LgFjmJ;Lei de Execucoes Fiscais cobranca judicial da divida ativa
1eIc406loOGeRdvnCxGXYSe6bnr0wFMk4;L6938.pdf;CORRELATO;LEI;OFICIAL;Lei 6.938/1981;VIGENTE;OK;1GRvv6Xbi3_rKpZvvIqKIjyByu1LgFjmJ;Politica Nacional do Meio Ambiente
1-e-gjoMNF1TLBKEwVMqJM9UmkSMgnFum;L8009.pdf;CORRELATO;LEI;OFICIAL;Lei 8.009/1990;VIGENTE;OK;1GRvv6Xbi3_rKpZvvIqKIjyByu1LgFjmJ;Lei da impenhorabilidade do bem de familia inclui ressalva IPTU
1EGQFd7sQe8s_QX1Bxa2E7MXUvY5UE3F4;L8668.pdf;CORRELATO;LEI;OFICIAL;Lei 8.668/1993;VIGENTE;OK;1GRvv6Xbi3_rKpZvvIqKIjyByu1LgFjmJ;Lei dos Fundos de Investimento Imobiliario regime tributario
1Yb3seugmh3OYutHBJ53LMKkCEEqWmbX4;L9514.pdf;CORRELATO;LEI;OFICIAL;Lei 9.514/1997;VIGENTE;OK;1GRvv6Xbi3_rKpZvvIqKIjyByu1LgFjmJ;Lei do Sistema de Financiamento Imobiliario alienacao fiduciaria de imovel
1jCeAaRZjLtUub3gAoycOOb8Keii-Ymia;Lcp 227.pdf;CORRELATO;LEI;OFICIAL;LC 227/2026;VIGENTE;OK;1GRvv6Xbi3_rKpZvvIqKIjyByu1LgFjmJ;Lei Complementar cria Comite Gestor do IBS e normas ITCMD reforma tributaria
1Z96DTndx0o9ZLLZBtTjlYeUM9pCPdPJV;LEI Nº 10.235 de 16 de Dezembro de 1986.pdf;IPTU;LEI;OFICIAL;Lei 10.235/1986;NAO-SEI;ILEGIVEL;1p8d2Cx-qbLO0nRicRjbZ7h47cp2jqb7t;PDF escaneado imagem so cabecalho catalogo legislacao municipal sem texto
1AmYokvl-LAaqeTGX1UUPOCCsxWqgzx2b;LEI Nº 10.819 de 28 de Dezembro de 1989.pdf;GERAL;LEI;OFICIAL;Lei 10.819/1989;NAO-SEI;ILEGIVEL;1p8d2Cx-qbLO0nRicRjbZ7h47cp2jqb7t;PDF escaneado imagem so cabecalho catalogo legislacao municipal sem texto
1Hu1z-YXe7QxEYY5ZyTCeiBJ20xypsz7J;Lei nº 11.101.pdf;CORRELATO;LEI;OFICIAL;Lei 11.101/2005;VIGENTE;OK;1GRvv6Xbi3_rKpZvvIqKIjyByu1LgFjmJ;Lei de Recuperacao Judicial e Falencia
1FqcbmhH1qDV1BDqgpnTAmFx2i48FCS0c;LEI Nº 11.152 DE 30 DE DEZEMBRO DE 1991 « Catálogo de Legislação Municipal.pdf;IPTU;LEI;OFICIAL;Lei 11.152/1991;VIGENTE;OK;1GRvv6Xbi3_rKpZvvIqKIjyByu1LgFjmJ;Altera legislacao do IPTU e taxas de limpeza aliquotas valor venal SP
1RJPQk_iHUwxHO6jTdFLeebP83gO6oIc5;LEI Nº 11.152 de 30 de Dezembro de 1991.pdf;IPTU;LEI;OFICIAL;Lei 11.152/1991;NAO-SEI;ILEGIVEL;1p8d2Cx-qbLO0nRicRjbZ7h47cp2jqb7t;PDF escaneado imagem so cabecalho catalogo legislacao municipal sem texto
1VTkncZYamPFbAaiEqUqmVjxpktaPLt8G;LEI Nº 11.154 DE 30 DE DEZEMBRO DE 1991 « Catálogo de Legislação Municipal.pdf;CORRELATO;LEI;OFICIAL;Lei 11.154/1991;VIGENTE;OK;1GRvv6Xbi3_rKpZvvIqKIjyByu1LgFjmJ;Lei do ITBI inter vivos transmissao de bens imoveis Sao Paulo
1yFINMGdItkYpLH_GuaolvmYDODhWpjIu;LEI Nº 11.308 de 17 de Dezembro de 1992.pdf;GERAL;LEI;OFICIAL;Lei 11.308/1992;NAO-SEI;ILEGIVEL;1p8d2Cx-qbLO0nRicRjbZ7h47cp2jqb7t;PDF sem contentSnippet texto nao extraido escaneado
1KUumsskF0RV-HKEqDXzaDUIPV7I8cQ7S;Lei nº 11.428.pdf;CORRELATO;LEI;OFICIAL;Lei 11.428/2006;VIGENTE;OK;1GRvv6Xbi3_rKpZvvIqKIjyByu1LgFjmJ;Lei da Mata Atlantica protecao da vegetacao nativa do bioma
1a1g4lIu7L7etDZOVOKdW6Xau6A3JOGP_;LEI Nº 11.614 de 13 de Julho de 1994.pdf;GERAL;LEI;OFICIAL;Lei 11.614/1994;NAO-SEI;ILEGIVEL;1p8d2Cx-qbLO0nRicRjbZ7h47cp2jqb7t;PDF escaneado imagem so cabecalho catalogo legislacao municipal sem texto
1g9F7BcvKwkrw5QnCihwWMYsFz6gF-ILn;LEI Nº 13.250 de 27 de Dezembro de 2001.pdf;IPTU;LEI;OFICIAL;Lei 13.250/2001;NAO-SEI;ILEGIVEL;1p8d2Cx-qbLO0nRicRjbZ7h47cp2jqb7t;PDF escaneado imagem so cabecalho catalogo legislacao municipal sem texto
1LDTStMOKDl_PKY8Fvniq-mDQLh8il4-F;LEI Nº 13.402 de 5 de Agosto de 2002.pdf;CORRELATO;LEI;OFICIAL;Lei 13.402/2002;NAO-SEI;ILEGIVEL;1p8d2Cx-qbLO0nRicRjbZ7h47cp2jqb7t;PDF escaneado imagem so cabecalho catalogo legislacao municipal sem texto
1ETHmpdahgwNn9qIAAiXZL9NRGMegVYl4;LEI Nº 13.698 de 24 de Dezembro de 2003.pdf;GERAL;LEI;OFICIAL;Lei 13.698/2003;NAO-SEI;ILEGIVEL;1p8d2Cx-qbLO0nRicRjbZ7h47cp2jqb7t;PDF escaneado imagem so cabecalho catalogo legislacao municipal sem texto
10KxO2Ed8rv_zqUY-y-pN2LO1QUptwg5M;LEI Nº 13.776 de 10 de Fevereiro de 2004.pdf;GERAL;LEI;OFICIAL;Lei 13.776/2004;NAO-SEI;ILEGIVEL;1p8d2Cx-qbLO0nRicRjbZ7h47cp2jqb7t;PDF escaneado imagem so cabecalho catalogo legislacao municipal sem texto
1HH2S3W3Jh5gu3MAfg6MM8ns6DTBVALbI;LEI Nº 13.879 de 28 de Julho de 2004.pdf;GERAL;LEI;OFICIAL;Lei 13.879/2004;NAO-SEI;ILEGIVEL;1p8d2Cx-qbLO0nRicRjbZ7h47cp2jqb7t;PDF escaneado imagem so cabecalho catalogo legislacao municipal sem texto
1hRLLr-LmiBRIWvsj6rKOxTEYSz-OUcxl;LEI Nº 14.089 de 22 de Novembro de 2005.pdf;GERAL;LEI;OFICIAL;Lei 14.089/2005;NAO-SEI;ILEGIVEL;1p8d2Cx-qbLO0nRicRjbZ7h47cp2jqb7t;PDF escaneado imagem so cabecalho catalogo legislacao municipal sem texto
1BxfKWwlkv-A6oBT3D--_5ojz6Y-bFXC7;LEI Nº 14.094 DE 6 DE DEZEMBRO DE 2005 « Catálogo de Legislação Municipal.pdf;GERAL;LEI;OFICIAL;Lei 14.094/2005;VIGENTE;OK;1GRvv6Xbi3_rKpZvvIqKIjyByu1LgFjmJ;Lei cria o CADIN Municipal cadastro informativo de pendencias
1Uzwubn73LpnZXbOA6dmAM_MzRbLMMFPy;LEI Nº 14.107 de 12 de Dezembro de 2005.pdf;GERAL;LEI;OFICIAL;Lei 14.107/2005;NAO-SEI;ILEGIVEL;1p8d2Cx-qbLO0nRicRjbZ7h47cp2jqb7t;PDF escaneado imagem so cabecalho catalogo legislacao municipal sem texto
1ZVIHAySIsC1mrKjm6X00RuQFX5QcgO5O;LEI Nº 14.256 de 29 de Dezembro de 2006.pdf;GERAL;LEI;OFICIAL;Lei 14.256/2006;NAO-SEI;ILEGIVEL;1p8d2Cx-qbLO0nRicRjbZ7h47cp2jqb7t;PDF escaneado imagem so cabecalho catalogo legislacao municipal sem texto
1Sr46ue7GTXpZdiq8dmhR5WJkejPcQ5yn;LEI Nº 14.865 de 29 de Dezembro de 2008.pdf;GERAL;LEI;OFICIAL;Lei 14.865/2008;NAO-SEI;ILEGIVEL;1p8d2Cx-qbLO0nRicRjbZ7h47cp2jqb7t;PDF escaneado imagem so cabecalho catalogo legislacao municipal sem texto
1a9Y5eAQUrWHzWQQY_rjEeYR5sa6LqHjL;LEI Nº 15.044 DE 3 DE DEZEMBRO DE 2009 « Catálogo de Legislação Municipal.pdf;IPTU;LEI;OFICIAL;Lei 15.044/2009;VIGENTE;OK;1GRvv6Xbi3_rKpZvvIqKIjyByu1LgFjmJ;Atualiza valores unitarios de m2 e padroes de construcao IPTU SP
1TsB_KCsjokGYNtN1ZH2hA4L117113UBn;LEI Nº 15.044 de 3 de Dezembro de 2009.pdf;IPTU;LEI;OFICIAL;Lei 15.044/2009;NAO-SEI;ILEGIVEL;1p8d2Cx-qbLO0nRicRjbZ7h47cp2jqb7t;PDF escaneado imagem so cabecalho catalogo legislacao municipal sem texto
1uujcrDFVTvmeVcK40G-bVqEp3symy0_r;LEI Nº 15.150 DE 6 DE MAIO DE 2010 « Catálogo de Legislação Municipal.pdf;CORRELATO;LEI;OFICIAL;Lei 15.150/2010;VIGENTE;OK;1GRvv6Xbi3_rKpZvvIqKIjyByu1LgFjmJ;Lei de Polos Geradores de Trafego aprovacao de projetos arquitetonicos
1jYt-nEpD0Jy9njAxS7v_8vNX_sxd63PJ;LEI Nº 15.360 de 14 de Março de 2011.pdf;GERAL;LEI;OFICIAL;Lei 15.360/2011;NAO-SEI;ILEGIVEL;1p8d2Cx-qbLO0nRicRjbZ7h47cp2jqb7t;PDF escaneado imagem so cabecalho catalogo legislacao municipal sem texto
1O8HI8LAGDkgER7zSDp7mRebH6rh6M4Ft;LEI Nº 15.406 de 8 de Julho de 2011.pdf;GERAL;LEI;OFICIAL;Lei 15.406/2011;NAO-SEI;ILEGIVEL;1p8d2Cx-qbLO0nRicRjbZ7h47cp2jqb7t;PDF escaneado imagem so cabecalho catalogo legislacao municipal sem texto
1mOsQdr4gpT2h_1p-qgD1qKp4HBLnS24x;LEI Nº 15.723 DE 24 DE ABRIL DE 2013 « Catálogo de Legislação Municipal.pdf;CORRELATO;LEI;OFICIAL;Lei 15.723/2013;VIGENTE;OK;1GRvv6Xbi3_rKpZvvIqKIjyByu1LgFjmJ;Lei sobre aerodromos heliportos e helipontos em Sao Paulo
1mJx4aciny0rw1paZcTNW2Cyx0ubEooXm;LEI Nº 15.889 de 5 de Novembro de 2013.pdf;GERAL;LEI;OFICIAL;Lei 15.889/2013;NAO-SEI;ILEGIVEL;1p8d2Cx-qbLO0nRicRjbZ7h47cp2jqb7t;PDF escaneado imagem so cabecalho catalogo legislacao municipal sem texto
1wOSDStL2wPYQTB7hxXea354QH1VQxdh2;LEI Nº 16.050 DE 31 DE JULHO DE 2014 « Catálogo de Legislação Municipal.pdf;CORRELATO;LEI;OFICIAL;Lei 16.050/2014;VIGENTE;OK;1GRvv6Xbi3_rKpZvvIqKIjyByu1LgFjmJ;Plano Diretor Estrategico do Municipio de Sao Paulo PDE
1jX3lzgyYGjXeLdEEcX5x9lONwMZV4lzY;LEI Nº 16.050 de 31 de Julho de 2014.pdf;CORRELATO;LEI;OFICIAL;Lei 16.050/2014;NAO-SEI;ILEGIVEL;1p8d2Cx-qbLO0nRicRjbZ7h47cp2jqb7t;PDF sem contentSnippet texto nao extraido arquivo grande escaneado
1PfVAfD0Pxukebn4q86NmNpjqkfLOli2X;LEI Nº 16.402 DE 22 DE MARÇO DE 2016 « Catálogo de Legislação Municipal.pdf;CORRELATO;LEI;OFICIAL;Lei 16.402/2016;VIGENTE;OK;1GRvv6Xbi3_rKpZvvIqKIjyByu1LgFjmJ;Lei de Parcelamento Uso e Ocupacao do Solo de Sao Paulo LPUOS
1HgiTJnG418wI6Toia87LpioloxME2o9f;LEI Nº 16.402.pdf;CORRELATO;LEI;OFICIAL;Lei 16.402/2016;VIGENTE;OK;1GRvv6Xbi3_rKpZvvIqKIjyByu1LgFjmJ;Lei de Parcelamento Uso e Ocupacao do Solo de Sao Paulo LPUOS
1Q1264Ei9IVZ018sz5rPl-wdZYRmVeevo;LEI Nº 16.642 DE 9 DE MAIO DE 2017 « Catálogo de Legislação Municipal.pdf;CORRELATO;LEI;OFICIAL;Lei 16.642/2017;VIGENTE;OK;1GRvv6Xbi3_rKpZvvIqKIjyByu1LgFjmJ;Codigo de Obras e Edificacoes do Municipio de Sao Paulo COE
1XBSkcnTB-SlLMen0RJQUO8SJrk5F4287;LEI Nº 16.757 de 14 de Novembro de 2017.pdf;GERAL;LEI;OFICIAL;Lei 16.757/2017;NAO-SEI;ILEGIVEL;1p8d2Cx-qbLO0nRicRjbZ7h47cp2jqb7t;PDF escaneado imagem so cabecalho catalogo legislacao municipal sem texto
1V-kE2mjo0lJsqJEiA2pjqXfGOimKSZZG;LEI Nº 17.092 de 23 de Maio de 2019.pdf;GERAL;LEI;OFICIAL;Lei 17.092/2019;NAO-SEI;ILEGIVEL;1p8d2Cx-qbLO0nRicRjbZ7h47cp2jqb7t;PDF escaneado imagem so cabecalho catalogo legislacao municipal sem texto
1cQjyd-nQx_fjNszOuRa6N5CBb9NraOiw;LEI Nº 17.104 DE 30 DE MAIO DE 2019 « Catálogo de Legislação Municipal.pdf;CORRELATO;LEI;OFICIAL;Lei 17.104/2019;VIGENTE;OK;1GRvv6Xbi3_rKpZvvIqKIjyByu1LgFjmJ;Politica Municipal de Seguranca Hidrica e Gestao das Aguas SP
1BzJm7JV5mrEZzmCmLSjTWoixYn7rmcz9;LEI Nº 17.202 DE 16 DE OUTUBRO DE 2019 « Catálogo de Legislação Municipal.pdf;CORRELATO;LEI;OFICIAL;Lei 17.202/2019;VIGENTE;OK;1GRvv6Xbi3_rKpZvvIqKIjyByu1LgFjmJ;Lei sobre regularizacao de edificacoes art 367 do PDE
1jZUhmx71_NNTuKz77VQPcDXO3p_Ahb7Z;LEI Nº 17.217 DE 23 DE OUTUBRO DE 2019 « Catálogo de Legislação Municipal.pdf;CORRELATO;LEI;OFICIAL;Lei 17.217/2019;VIGENTE;OK;1GRvv6Xbi3_rKpZvvIqKIjyByu1LgFjmJ;Revoga melhoramentos viarios e altera leis inclui Lei 16.050 PDE
1t7VUYckCUxQePNlYzAJc9Axb_mwRu5yw;LEI Nº 17.557 de 26 de Maio de 2021.pdf;GERAL;LEI;OFICIAL;Lei 17.557/2021;NAO-SEI;ILEGIVEL;1p8d2Cx-qbLO0nRicRjbZ7h47cp2jqb7t;PDF escaneado imagem so cabecalho catalogo legislacao municipal sem texto
1LCqgXQmT8HIcVSaa0-WGezxDAPvF1bOh;LEI Nº 17.577 DE 20 DE JULHO DE 2021 « Catálogo de Legislação Municipal.pdf;CORRELATO;LEI;OFICIAL;Lei 17.577/2021;VIGENTE;OK;1GRvv6Xbi3_rKpZvvIqKIjyByu1LgFjmJ;Programa Requalifica Centro incentivos a requalificacao edilicia area central
1ISllik23zsVeefYTWwC2MCYB4E2no8Kx;LEI Nº 17.719 de 26 de Novembro de 2021.pdf;IPTU;LEI;OFICIAL;Lei 17.719/2021;NAO-SEI;ILEGIVEL;1p8d2Cx-qbLO0nRicRjbZ7h47cp2jqb7t;PDF escaneado imagem so cabecalho catalogo legislacao municipal sem texto
13cu1rgCXTnPeBvd0uryDTABBFmFhctHy;LEI Nº 17.733 DE 11 DE JANEIRO DE 2022 « Catálogo de Legislação Municipal.pdf;CORRELATO;LEI;OFICIAL;Lei 17.733/2022;VIGENTE;OK;1GRvv6Xbi3_rKpZvvIqKIjyByu1LgFjmJ;Lei sobre implantacao de estacoes radio-base ERB em Sao Paulo
1pnKdd7n8cMPatJ1zKfd9J5ZpmMbBIsM5;LEI Nº 17.734 DE 11 DE JANEIRO DE 2022 « Catálogo de Legislação Municipal.pdf;CORRELATO;LEI;OFICIAL;Lei 17.734/2022;VIGENTE;OK;1GRvv6Xbi3_rKpZvvIqKIjyByu1LgFjmJ;Lei municipal SP sobre Regularizacao Fundiaria Reurb
1LaCDRmdJ41EWnQbrt3WzOMouDIceQs6Z;LEI Nº 17.844 DE 14 DE SETEMBRO DE 2022 « Catálogo de Legislação Municipal.pdf;CORRELATO;LEI;OFICIAL;Lei 17.844/2022;VIGENTE;OK;1GRvv6Xbi3_rKpZvvIqKIjyByu1LgFjmJ;PIU Setor Central AIU-SCE com area de recepcao de TPC
1mcCEbTa7ujsYiG1-kT9IPFa3vfsH1HK4;LEI Nº 17.853 DE 29 DE NOVEMBRO DE 2022 « Catálogo de Legislação Municipal.pdf;CORRELATO;LEI;OFICIAL;Lei 17.853/2022;VIGENTE;OK;1GRvv6Xbi3_rKpZvvIqKIjyByu1LgFjmJ;Lei dark kitchens altera Lei 16.402 zoneamento varios artigos declarados inconstitucionais
1xoEiPW-wqmsPFpLqM_Ybp-Q7A1WH2UU3;LEI Nº 17.975 DE 8 DE JULHO DE 2023 « Catálogo de Legislação Municipal.pdf;CORRELATO;LEI;OFICIAL;Lei 17.975/2023;VIGENTE;OK;1GRvv6Xbi3_rKpZvvIqKIjyByu1LgFjmJ;Revisao intermediaria do PDE Lei 16.050
1l6BEAUryN8TIW3KSqpEIAUXjbvu2FA6I;LEI Nº 18.081 DE 19 DE JANEIRO DE 2024 « Catálogo de Legislação Municipal.pdf;CORRELATO;LEI;OFICIAL;Lei 18.081/2024;VIGENTE;OK;1GRvv6Xbi3_rKpZvvIqKIjyByu1LgFjmJ;Revisao parcial da Lei 16.402 zoneamento ZEU
1B2aLXzlZY837l2BwTcGhXGDRNcK5QZ98;LEI Nº 18.095 de 19 de Março de 2024.pdf;CORRELATO;LEI;OFICIAL;Lei 18.095/2024;VIGENTE;ILEGIVEL;1p8d2Cx-qbLO0nRicRjbZ7h47cp2jqb7t;PDF imagem mojibake sem texto extraivel
1TVYkcjCIYOSYr_vNzMltuyxUjWkqVA1C;LEI Nº 18.177 DE 25 DE JULHO DE 2024 « Catálogo de Legislação Municipal.pdf;CORRELATO;LEI;OFICIAL;Lei 18.177/2024;VIGENTE;OK;1GRvv6Xbi3_rKpZvvIqKIjyByu1LgFjmJ;Compatibiliza Lei 18.081 mapa de zonas ZEU
1c2LQ22vpNM2-suKYJNTJ-PgUKGLF50j6;LEI Nº 18.209 DE 20 DE DEZEMBRO DE 2024 « Catálogo de Legislação Municipal.pdf;CORRELATO;LEI;OFICIAL;Lei 18.209/2024;VIGENTE;OK;1GRvv6Xbi3_rKpZvvIqKIjyByu1LgFjmJ;Altera PDE 16.050 e Lei 16.402 cria direito real de laje
1k8ezfvkmMOiUsoL_pzA-vBIUhm44SvmC;LEI Nº 18.222 DE 27 DE DEZEMBRO DE 2024 « Catálogo de Legislação Municipal.pdf;CORRELATO;LEI;OFICIAL;Lei 18.222/2024;VIGENTE;OK;1GRvv6Xbi3_rKpZvvIqKIjyByu1LgFjmJ;PIU Arco Pinheiros AIU-ACP
1F8Bcj4DfmKt3-uFsXdMO7CqMqO70hgcj;LEI Nº 18.270 de 12 de Junho de 2025.pdf;CORRELATO;LEI;OFICIAL;Lei 18.270/2025;VIGENTE;ILEGIVEL;1p8d2Cx-qbLO0nRicRjbZ7h47cp2jqb7t;PDF imagem mojibake sem texto extraivel
1F__Xn0_m3May46FpP3e6YFNloTdqdfwh;LEI Nº 18.298 DE 17 DE SETEMBRO DE 2025 « Catálogo de Legislação Municipal.pdf;CORRELATO;LEI;OFICIAL;Lei 18.298/2025;VIGENTE;OK;1GRvv6Xbi3_rKpZvvIqKIjyByu1LgFjmJ;Altera PIU Arco Pinheiros e Lei 16.402 eficacia parcialmente suspensa por ADI
1Z3MjJAnPPqHh6UKZ9mNC9PpfaDbDXEKI;LEI Nº 18.330 de 11 de Novembro de 2025.pdf;CORRELATO;LEI;OFICIAL;Lei 18.330/2025;VIGENTE;ILEGIVEL;1p8d2Cx-qbLO0nRicRjbZ7h47cp2jqb7t;PDF imagem mojibake sem texto extraivel
1XU4Ol06BrfVp3xhUepIr26nhZaKNo0UW;LEI Nº 6.989 de 29 de Dezembro de 1966.pdf;IPTU;LEI;OFICIAL;Lei 6.989/1966;VIGENTE;ILEGIVEL;1p8d2Cx-qbLO0nRicRjbZ7h47cp2jqb7t;Codigo tributario municipal SP imagem snippet ilegivel
1ankJJd8hGGINab_FUPdFbjBoFEO-ebEv;LEI Nº 9.514, DE 20 DE NOVEMBRO DE 1997.pdf;CORRELATO;LEI;OFICIAL;Lei 9.514/1997;VIGENTE;ILEGIVEL;1p8d2Cx-qbLO0nRicRjbZ7h47cp2jqb7t;Lei federal alienacao fiduciaria imovel snippet ilegivel
1vHojOn-1-92kYQ12wiD8puiP24mwcykn;manual de licenciamento de projetos.pdf;CORRELATO;TESE;CRIADO-POR-TERCEIROS;-;DATADO(2026);OK;1xuq1OpJzSYOGWG6dp7xGfCyDVE-WLVas;Manual prefeitura SP licenciamento de projetos e alvaras
1EXx9TlRegzD-ko8lVWCBkGZt1PlaiNNG;MANUAL DE PADRONIZAÇÃO TÉCNICA - RAG PIPELINE.pdf;GERAL;META;CRIADO-POR-NOS;-;VIGENTE;OK;1p8d2Cx-qbLO0nRicRjbZ7h47cp2jqb7t;Manual interno de padronizacao tecnica do RAG pipeline
1KVspqKo2nYGzgskCjTMvu3_uRXNEePIs;Mapa 05 22(1).pdf;CORRELATO;LEI;OFICIAL;CONPRESP Res 2022;VIGENTE;OK;1GRvv6Xbi3_rKpZvvIqKIjyByu1LgFjmJ;Mapa tombamento luminarias ornamentais Light CONPRESP
1ekB9Ufwq_xA05LtUxbYakAkEC_kZ45P-;MAPA da Lei nº 18081_2024.pdf;CORRELATO;LEI;OFICIAL;Mapa Lei 18.081/2024;VIGENTE;OK;1GRvv6Xbi3_rKpZvvIqKIjyByu1LgFjmJ;Mapa de vetos PL 586/2023 zonas anexo Lei 18.081
1Uk78Xjs9tdB0disrDs4bRSctGe-sTvtm;Mapa02_ZEPEC.pdf;CORRELATO;LEI;OFICIAL;Mapa 02 ZEPEC;NAO-SEI;ILEGIVEL;1p8d2Cx-qbLO0nRicRjbZ7h47cp2jqb7t;Mapa ZEPEC sem texto extraivel
1Rm8r0zvXhBi0Lc3sdcHh-DJSaRieN5mV;Mapa03_QUOTA.pdf;CORRELATO;LEI;OFICIAL;Mapa 03 Quota Ambiental;NAO-SEI;ILEGIVEL;1p8d2Cx-qbLO0nRicRjbZ7h47cp2jqb7t;Mapa quota ambiental imagem sem texto
1l4JDsh7Jx7K8r9Ywc7HwvAncU-Pim7p4;Mapa04_GARAGEM.pdf;CORRELATO;LEI;OFICIAL;Mapa 04 Garagem;NAO-SEI;ILEGIVEL;1p8d2Cx-qbLO0nRicRjbZ7h47cp2jqb7t;Mapa garagem imagem sem texto util
1rQp0t-YV8zyFi7yGfLAJ2a1F846KdCGh;Mapa1_ZONAS_com_perimetros_vetados.pdf;CORRELATO;LEI;OFICIAL;Mapa 1 Zonas;NAO-SEI;ILEGIVEL;1p8d2Cx-qbLO0nRicRjbZ7h47cp2jqb7t;Mapa zonas com perimetros vetados sem texto
1ULSbF05Ru0E3SJyQS1ufruCXgb4G2Qsn;Mapa_1___Perimetros_das_Zonas_exceto_ZEPEC.pdf;CORRELATO;LEI;OFICIAL;Mapa 1 Perimetros Zonas;NAO-SEI;OK;1GRvv6Xbi3_rKpZvvIqKIjyByu1LgFjmJ;Mapa perimetros das zonas exceto ZEPEC SMUL
1e1dDm6_LlzQjys3xjqM3rKHm1pmiLyti;MAPA_39924_POS_VETOS (1).pdf;CORRELATO;LEI;OFICIAL;Mapa 39924;NAO-SEI;ILEGIVEL;1p8d2Cx-qbLO0nRicRjbZ7h47cp2jqb7t;Mapa pos vetos sem texto extraivel
1bKOnLh0xrDfk1zVHDsehKd_exQ6vszWv;Mapas 1 a 9.pdf;CORRELATO;LEI;OFICIAL;Mapas PIU Setor Central;VIGENTE;OK;1GRvv6Xbi3_rKpZvvIqKIjyByu1LgFjmJ;Mapas 1 a 9 do PIU Setor Central inclui TPC
1brUHafl6KsWcvk0qvX-MZkpcyHRoLlDo;metadados smul.pdf;TDC;META;OFICIAL;-;VIGENTE;OK;1p8d2Cx-qbLO0nRicRjbZ7h47cp2jqb7t;Metadados SMUL controle estoque ACA e CEPAC operacoes urbanas
1o30Od6wzKd8-hDcdPa_pwE0EsZqzofq3;MIGALHAS nº 6.206.pdf;GERAL;TESE;CRIADO-POR-TERCEIROS;-;DATADO(2025);OK;1xuq1OpJzSYOGWG6dp7xGfCyDVE-WLVas;Informativo Migalhas noticias gerais nao relacionado
1D1C2YKS3KoWU4xlCMxsappPSwkMez2jm;MON.pdf;IPTU;JURISPRUDENCIA;OFICIAL;STJ REsp 1.130.545;DATADO(2010);OK;1GRvv6Xbi3_rKpZvvIqKIjyByu1LgFjmJ;Decisao STJ recurso repetitivo revisao lancamento IPTU CTN
1KwSD2SO6cxnMMlFLgVIaPd2dfi2yg3Xx;Município não deve cobrar IPTU retroativo sobre terreno.pdf;IPTU;TESE;CRIADO-POR-TERCEIROS;TJSP 1015710-15.2022;DATADO(2025);OK;1xuq1OpJzSYOGWG6dp7xGfCyDVE-WLVas;Noticia ConJur sobre acordao TJSP IPTU retroativo terreno
1ejVW0EM9MtcQ1KRdCGQ0prW5Oa8WR1lw;NBR14653-2_IMVEIS_URBANOS.pdf;GERAL;LEI;NAO-OFICIAL;NBR 14653-2;DATADO(2011);OK;1p8d2Cx-qbLO0nRicRjbZ7h47cp2jqb7t;Norma ABNT avaliacao de imoveis urbanos
10tCiERz2YTwc44ExghpT2yuwDJbk4IMy;Novo Relatorio SITE 2021.pdf;CORRELATO;META;OFICIAL;-;DATADO(2021);OK;1p8d2Cx-qbLO0nRicRjbZ7h47cp2jqb7t;Relatorio FUNDURB projetos pagos 2021
1hui8FLA3hp5eCCCshJWnLnnDHuXkD4pd;NSCGJ_TOMO_II_NORMAL.pdf;CORRELATO;LEI;OFICIAL;Provimento 58/89 CGJ-SP;VIGENTE;OK;1GRvv6Xbi3_rKpZvvIqKIjyByu1LgFjmJ;Normas de servico cartorios extrajudiciais CGJ SP Tomo II
1FJbRaFbadkIe66Q4MMzY4mPt2bLJpUsu;O Dragão _ Jusbrasil.pdf;IPTU;TESE;CRIADO-POR-TERCEIROS;STF ARE 1.216.078 Tema 1062;DATADO(2026);OK;1xuq1OpJzSYOGWG6dp7xGfCyDVE-WLVas;Artigo Jusbrasil sobre RE 1346152 e Tema 1062 juros credito tributario
1drqYr5XO0IfOhFtui1mRtDXPVwXCVvRy;OUAguaBranca31dez18_EstoqueAnaliseOutorga.pdf;TDC;META;OFICIAL;OUC Agua Branca Lei 11.774/95;DATADO(2018);OK;1p8d2Cx-qbLO0nRicRjbZ7h47cp2jqb7t;Quadro estoque em analise outorga OUC Agua Branca
1e_I8tnXcsXUddvTnBvRrGuzS6O1bJSiU;OUAguaBranca31dez18_EstoqueConsumidoOutorga.pdf;TDC;META;OFICIAL;OUC Agua Branca Lei 11.774/95;DATADO(2018);OK;1p8d2Cx-qbLO0nRicRjbZ7h47cp2jqb7t;Quadro estoque consumido outorga OUC Agua Branca
1Fdg7wpXLSOisdqMqPWY3QXNZVv10afbC;OUAguaBranca31dez18_EstoqueGeralOutorga.pdf;TDC;META;OFICIAL;OUC Agua Branca Lei 11.774/95;DATADO(2018);OK;1p8d2Cx-qbLO0nRicRjbZ7h47cp2jqb7t;Quadro estoque geral de area adicional OUC Agua Branca
1kz5qraVK6wzWz5uvekBld9zSUeMYzUNM;OUAguaBrancaFinanceiroOutorgaMar24_Publicacao.pdf;TDC;META;OFICIAL;OUC Agua Branca Lei 11.774/95;DATADO(2024);OK;1p8d2Cx-qbLO0nRicRjbZ7h47cp2jqb7t;Resumo financeiro outorga onerosa OUC Agua Branca mar 2024
1p4oVrEPWuXbtUgd84RlPra74eANf2bAq;Outorga Onerosa do Direito de Construir - Secretaria Municipal de Urbanismo e Licenciamento - Prefeitura.pdf;TDC;TESE;OFICIAL;-;DATADO(2025);OK;1xuq1OpJzSYOGWG6dp7xGfCyDVE-WLVas;Pagina SMUL explicando outorga onerosa direito de construir e FUNDURB
1bH6QEeUohTbEInPo9zwturzDg8Ob5xLC;PDE2013_SUBST2_Quadro_10_Equipamentos.pdf;CORRELATO;LEI;OFICIAL;Quadro 10 Lei 16.050;VIGENTE;OK;1GRvv6Xbi3_rKpZvvIqKIjyByu1LgFjmJ;Anexo PDE Quadro 10 equipamentos urbanos e sociais
1ZeNM01_7xMVgzi7UG6sZJ2qXBj4xlngW;PDE2013_SUBST2_Quadro_11_polo_de_economia_criativa.pdf;CORRELATO;LEI;OFICIAL;Quadro 11 Lei 16.050;VIGENTE;OK;1GRvv6Xbi3_rKpZvvIqKIjyByu1LgFjmJ;Anexo PDE Quadro 11 polo de economia criativa Se Republica
1LBLNUJqFF3kAHzWLUKKjF5aeyHKX5GxP;PDE2013_SUBST2_Quadro_12_perimetro_cultural_paulista_luz.pdf;CORRELATO;LEI;OFICIAL;Quadro 12 Lei 16.050;VIGENTE;OK;1GRvv6Xbi3_rKpZvvIqKIjyByu1LgFjmJ;Anexo PDE Quadro 12 territorio cultural Paulista Luz
1xKA5rRVMtaAPcczrhU2nDGU4QPTkCGtc;PDE2013_SUBST2_Quadro_13_perimetro_tecnológico_jaguaré.pdf;CORRELATO;LEI;OFICIAL;Quadro 13 Lei 16.050;VIGENTE;OK;1GRvv6Xbi3_rKpZvvIqKIjyByu1LgFjmJ;Anexo PDE Quadro 13 parque tecnologico Jaguare
1Oqg0xIPQzwJKnpYvXPMbx6SIGFh7imQg;PDE2013_SUBST2_Quadro_14_cadastro.pdf;TDC;LEI;OFICIAL;Quadro 14 Lei 16.050;VIGENTE;OK;1GRvv6Xbi3_rKpZvvIqKIjyByu1LgFjmJ;Anexo PDE Quadro 14 cadastro valor de terreno para outorga onerosa
1l_K7QSCfRXBOoSfzQ5YKYYJ3zJYv22oJ;PDE2013_SUBST2_Quadro_1_CA_Definicoes.pdf;CORRELATO;LEI;OFICIAL;Quadro 1 Lei 16.050;VIGENTE;OK;1GRvv6Xbi3_rKpZvvIqKIjyByu1LgFjmJ;Anexo PDE Quadro 1 definicoes inclui potencial construtivo
1x0k9Pu-yoKCVpy3Luw7ymcGs8rKlP-P4;PDE2013_SUBST2_Quadro_2_CA_Eixos.pdf;CORRELATO;LEI;OFICIAL;Quadro 2 Lei 16.050;VIGENTE;OK;1GRvv6Xbi3_rKpZvvIqKIjyByu1LgFjmJ;Anexo PDE Quadro 2 aproveitamento construtivo nos eixos
1D0bge5O8yc60b8pHV4foQSrXF1kuw-Ax;PDE2013_SUBST2_Quadro_2A_CA_Macroareas.pdf;CORRELATO;LEI;OFICIAL;Quadro 2A Lei 16.050;VIGENTE;OK;1GRvv6Xbi3_rKpZvvIqKIjyByu1LgFjmJ;Anexo PDE Quadro 2A aproveitamento construtivo por macroarea
1MWeMRIjLE-BmkCNhZwM56nN1wX3Hcw08;PDE2013_SUBST2_Quadro_3_CA_ZEIS.pdf;CORRELATO;LEI;OFICIAL;Quadro 3 Lei 16.050;VIGENTE;OK;1GRvv6Xbi3_rKpZvvIqKIjyByu1LgFjmJ;Anexo PDE Quadro 3 coeficientes de aproveitamento em ZEIS
1NRaluhpGBbOEVg9gF5EZZtRg6MFPtBJ3;PDE2013_SUBST2_Quadro_4_percentuais_ZEIS.pdf;CORRELATO;LEI;OFICIAL;Quadro 4 Lei 16.050;VIGENTE;OK;1GRvv6Xbi3_rKpZvvIqKIjyByu1LgFjmJ;Anexo PDE Quadro 4 percentuais area construida ZEIS
1jer7zuG7cISzczR_zrFMXojmZ6EsfBsE;PDE2013_SUBST2_Quadro_5_ Fator_interesse_social_Fs.pdf;TDC;LEI;OFICIAL;Quadro 5 Lei 16.050;VIGENTE;OK;1GRvv6Xbi3_rKpZvvIqKIjyByu1LgFjmJ;Anexo PDE Quadro 5 fator interesse social Fs para outorga onerosa
1DET4erUd7b1uBmJi-sMqmK7QcznIBbag;PDE2013_SUBST2_Quadro_6_Fator_planejamento_Fp.pdf;TDC;LEI;OFICIAL;Quadro 6 Lei 16.050;VIGENTE;OK;1GRvv6Xbi3_rKpZvvIqKIjyByu1LgFjmJ;Anexo PDE Quadro 6 fator planejamento Fp para outorga onerosa
1f0CwPmCAzFCbsS8yMGKk1oX6a7dWvlUo;PDE2013_SUBST2_Quadro_7_Parques_municipais_existentes_propostos.pdf;CORRELATO;LEI;OFICIAL;Quadro 7 Lei 16.050;VIGENTE;OK;1GRvv6Xbi3_rKpZvvIqKIjyByu1LgFjmJ;Anexo PDE Quadro 7 parques municipais existentes e propostos
1SwxNlAD65zNBDjal_IDlO5r1jfii3lUi;PDE2013_SUBST2_Quadro_8_Residuos_solidos.pdf;CORRELATO;LEI;OFICIAL;Quadro 8 Lei 16.050;VIGENTE;OK;1GRvv6Xbi3_rKpZvvIqKIjyByu1LgFjmJ;Anexo PDE Quadro 8 gestao residuos solidos
1oeSGOangR7Lg9TYEMrjFXSk18aTino8i;PDE2013_SUBST2_Quadro_9_viario-estrutural.pdf;CORRELATO;LEI;OFICIAL;Quadro 9 Lei 16.050;VIGENTE;OK;1GRvv6Xbi3_rKpZvvIqKIjyByu1LgFjmJ;Anexo PDE Quadro 9 classificacao vias rede viaria estrutural
1cjBeEUDYRMEWTS6yKmPo4O0AVi0wJnfB;Pedido de Reconhecimento de Complexo de Saúde por Particular - Secretaria Municipal de Urbanismo e Licenciamento - Prefeitura.pdf;CORRELATO;TESE;OFICIAL;-;DATADO(2025);OK;1xuq1OpJzSYOGWG6dp7xGfCyDVE-WLVas;Pagina servico SMUL reconhecimento complexo de saude menciona TDC e IPTU
1O-3dTSke1P_LpD8kzbid_L6u1H2qTeFt;PGV suspensa, ITBI paralisado_ O limbo tributário de piracicaba - Migalhas.pdf;IPTU;TESE;CRIADO-POR-TERCEIROS;STF STP 1.132;DATADO(2026);OK;1xuq1OpJzSYOGWG6dp7xGfCyDVE-WLVas;Artigo Migalhas PGV ITBI IPTU Piracicaba limbo tributario
1u2aLvVGM-xzoLhSs8RA_bY2ss8N6bbE1;PLANTAS.pdf;CORRELATO;LEI;OFICIAL;-;NAO-SEI;ILEGIVEL;1p8d2Cx-qbLO0nRicRjbZ7h47cp2jqb7t;Plantas SP imagem sem texto extraivel util
1_D6ONkTvbPshCxdcSezp8PhKxNNX92VU;Portal de Serviços e-SAJ.pdf;CORRELATO;JURISPRUDENCIA;OFICIAL;TJSP 2125326-62.2025;DATADO(2025);OK;1GRvv6Xbi3_rKpZvvIqKIjyByu1LgFjmJ;Andamento e-SAJ TJSP embargos declaracao ADI controle constitucionalidade
1QQoWH8O3AAwMS8p7GxGFKMYySK-i-qrd;Portal de Serviços e-SAJ2.pdf;CORRELATO;JURISPRUDENCIA;OFICIAL;TJSP 2125326-62.2025;DATADO(2025);OK;1GRvv6Xbi3_rKpZvvIqKIjyByu1LgFjmJ;Andamento e-SAJ TJSP embargos declaracao ADI duplicata da peca anterior
14z4do86ipEULjsYUMUp3qpmufgJQE2wy;Portal de Serviços e-SAJ3.pdf;CORRELATO;JURISPRUDENCIA;OFICIAL;TJSP 2007332-76.2026 ADI;DATADO(2026);OK;1GRvv6Xbi3_rKpZvvIqKIjyByu1LgFjmJ;Consulta processual e-SAJ TJSP ADI ordem urbanistica parcelamento do solo
14jkVUB4_uiXF9VJ0OO2A8V4RHJR8czo3;Portal de Serviços e-SAJ5.pdf;CORRELATO;JURISPRUDENCIA;OFICIAL;TJSP 2126484-89.2024;DATADO(2025);OK;1GRvv6Xbi3_rKpZvvIqKIjyByu1LgFjmJ;Consulta e-SAJ TJSP embargos declaracao ordem urbanistica rejeitados
1C8sciB0TaLmgpbyEjR_UEYGoo5576U0-;Portal de Serviços e-SAJ6.pdf;CORRELATO;JURISPRUDENCIA;OFICIAL;TJSP 2236713-58.2020 ADI;DATADO(2022);OK;1GRvv6Xbi3_rKpZvvIqKIjyByu1LgFjmJ;Consulta e-SAJ TJSP ADI atos administrativos procedente arquivada
1HXYX0i3UXRFVYK1AuBNAaWO-bUPW9zs0;Portaria CAT 15 de 2003.pdf;CORRELATO;LEI;OFICIAL;Portaria CAT-15/2003;VIGENTE;OK;1GRvv6Xbi3_rKpZvvIqKIjyByu1LgFjmJ;Portaria estadual SP obrigacoes acessorias ITCMD imunidade isencao
15gsiCqILtwH8-nG3IuA-eqXpg2vXJn8W;PORTARIA SECRETARIA MUNICIPAL DE COORDENAÇÃO DAS SUBPREFEITURAS - SMSP Nº 20 DE 3 DE MAIO DE 2016 « Catálogo de Legislação Municipal.pdf;CORRELATO;LEI;OFICIAL;Portaria SMSP 20/2016;VIGENTE;OK;1GRvv6Xbi3_rKpZvvIqKIjyByu1LgFjmJ;Portaria fiscalizacao ruido PSIU Lei 16.402 incomodidade
1voo0ZYEdgNLR55vBaQa5IVWyfX6XYWcY;PORTARIA SECRETARIA MUNICIPAL DE LICENCIAMENTO - SEL Nº 1 DE 8 DE JANEIRO DE 2020 « Catálogo de Legislação Municipal.pdf;CORRELATO;LEI;OFICIAL;Portaria SEL 1/2020;VIGENTE;OK;1GRvv6Xbi3_rKpZvvIqKIjyByu1LgFjmJ;Portaria padroniza minutas escritura doacao de area licenciamento
1izK9BSgEyfrqwk6lWBlAPhwRYanyuX3_;PORTARIA SECRETARIA MUNICIPAL DE LICENCIAMENTO - SEL Nº 15 DE 2 DE MAIO DE 2016 « Catálogo de Legislação Municipal.pdf;CORRELATO;LEI;OFICIAL;Portaria SEL 15/2016;VIGENTE;OK;1GRvv6Xbi3_rKpZvvIqKIjyByu1LgFjmJ;Portaria procedimentos analise licenciamento obras Lei 16.402
1BSCKQCp-VQGvn9Po5i49aSoxsXnwIpsU;PORTARIA SECRETARIA MUNICIPAL DE URBANISMO E LICENCIAMENTO - SMUL Nº 172 DE 10 DE DEZEMBRO DE 2024 « Catálogo de Legislação Municipal.pdf;TDC;LEI;OFICIAL;Portaria SMUL 172/2024;VIGENTE;OK;1GRvv6Xbi3_rKpZvvIqKIjyByu1LgFjmJ;Portaria planilha calculo outorga onerosa e transferencia potencial construtivo
1iRmrbQEBJktAZ8fvnq0dmqNZk4XChF2L;PORTARIA SECRETARIA MUNICIPAL DE URBANISMO E LICENCIAMENTO - SMUL Nº 8 DE 30 DE JANEIRO DE 2025 « Catálogo de Legislação Municipal.pdf;TDC;LEI;OFICIAL;Portaria SMUL 8/2025;VIGENTE;OK;1GRvv6Xbi3_rKpZvvIqKIjyByu1LgFjmJ;Atualiza Quadro 14 valor terreno outorga onerosa Lei 16.050
1lxvi9Ss2vVfat1UJ6qn4ZBduVq5Nz76O;Projeto de Intervenção Urbana apresentado por particular - Secretaria Municipal de Urbanismo e Licenciamento - Prefeitura.pdf;CORRELATO;META;OFICIAL;PIU particular SMUL;DATADO(2025);OK;1p8d2Cx-qbLO0nRicRjbZ7h47cp2jqb7t;Pagina servico prefeitura PIU apresentado por particular requisitos
1IG6c6A7J6-IHTlMi9cyw1odTQiW5-EmL;PRONUNCIAMENTO SMUL.ATECC.CTLU_001_2024 - Secretaria Municipal de Urbanismo e Licenciamento - Prefeitura.pdf;CORRELATO;LEI;OFICIAL;Pronunciamento CTLU 001/2024;DATADO(2024);OK;1GRvv6Xbi3_rKpZvvIqKIjyByu1LgFjmJ;Pronunciamento CTLU enquadramento atividade CNAE Lei 16.402
12CJLuuFp13-Xvi3tdL_6--zRHlOGNNC9;Propriedade e desigualdade_ IPTU e acesso à habitação em São Paulo (1995-2020).pdf;IPTU;TESE;CRIADO-POR-TERCEIROS;Tese USP Minarelli 2025;DATADO(2025);OK;1xuq1OpJzSYOGWG6dp7xGfCyDVE-WLVas;Tese doutorado USP politica fiscal IPTU desigualdade habitacao SP
1dKEYckBqmnsZlulx8RfyV4Laym_PUB1M;puliccompletaport_alt.pdf;CORRELATO;TESE;CRIADO-POR-TERCEIROS;Estatuto da Cidade Comentado Lei 10.257/2001;DATADO(2010);OK;1xuq1OpJzSYOGWG6dp7xGfCyDVE-WLVas;Livro Estatuto da Cidade comentado Ministerio das Cidades
1s-E2MuTualbhmP1ZvFqmsDySO6RNDZ0J;Quadro 1 – Conceitos e definições.pdf;CORRELATO;LEI;OFICIAL;Quadro 1 Lei 16.402;VIGENTE;OK;1GRvv6Xbi3_rKpZvvIqKIjyByu1LgFjmJ;Quadro conceitos e definicoes anexo Lei 16.402 zoneamento
1VbpjUD882vUEJAFevaW6-YiXQKSTPaNg;Quadro 3B - Composição da pontuação da Quota Ambiental.pdf;CORRELATO;LEI;OFICIAL;Quadro 3B Lei 16.402;VIGENTE;OK;1GRvv6Xbi3_rKpZvvIqKIjyByu1LgFjmJ;Quadro composicao pontuacao quota ambiental anexo Lei 16.402
1S-3rIMC1JdeCqUMEciVs77G5mkV0ANcS;Quadro 6 – Obras de drenagem urbana previstas.pdf;CORRELATO;LEI;OFICIAL;Quadro 6 drenagem urbana;VIGENTE;OK;1GRvv6Xbi3_rKpZvvIqKIjyByu1LgFjmJ;Quadro obras drenagem urbana previstas reservatorios anexo lei
1Rhs1yxu0IFcCCl28giq84TXBU3_W_rFL;QUADROS.pdf;CORRELATO;LEI;OFICIAL;Quadros 1A 1B AIU Setor Central;VIGENTE;OK;1GRvv6Xbi3_rKpZvvIqKIjyByu1LgFjmJ;Quadros eixos estrategicos programa de intervencoes AIU Setor Central
1NuYXYCCZQP57ZQelQKRRiKZE7Ia5zIdU;Re0716RegulamentacaoProcedimentosRegistroBensImateriaisPDF_1457716829.pdf;CORRELATO;LEI;OFICIAL;CONPRESP Res 07/2016;VIGENTE;OK;1GRvv6Xbi3_rKpZvvIqKIjyByu1LgFjmJ;Resolucao CONPRESP regulamenta registro bens imateriais patrimonio
1Y28tvDDfTSZGorc3aZgXgNRuKTP96bQk;re1219aptconjuntovilasoperariasmigliaripdfve_1568922885.pdf;CORRELATO;LEI;OFICIAL;CONPRESP Res 12/2019;VIGENTE;OK;1GRvv6Xbi3_rKpZvvIqKIjyByu1LgFjmJ;Resolucao CONPRESP abre tombamento vilas operarias Migliari Tatuape
1agsxu9hKigQ09VVkXmwJrajsDnc7_hFZ;Re2314RegistrocomoBemImaterialdoConjuntodeTeatrosPDF_1413396489.pdf;CORRELATO;LEI;OFICIAL;CONPRESP Res 23/2014;VIGENTE;OK;1GRvv6Xbi3_rKpZvvIqKIjyByu1LgFjmJ;Resolucao CONPRESP registro bem imaterial conjunto de teatros
1rZmmpcz5cwX8PSDsGMreVqb6Os25_kJ-;re2316aptimoveisindicadospelapopulacaozepecrepdf_1561649853.pdf;CORRELATO;LEI;OFICIAL;CONPRESP Res 23/2016;VIGENTE;OK;1GRvv6Xbi3_rKpZvvIqKIjyByu1LgFjmJ;Resolucao CONPRESP abre tombamento imoveis ZEPEC indicados pela populacao
1icLSP8440SItGF-ylxSZiOCvt5rnIkrL;Reforma tributária e novas regras para ITBI e IPTU.pdf;IPTU;TESE;CRIADO-POR-TERCEIROS;Artigo JOTA LC 214/25 PLP 108/24;DATADO(2025);OK;1xuq1OpJzSYOGWG6dp7xGfCyDVE-WLVas;Artigo JOTA reforma tributaria novas regras ITBI e IPTU
1Q4x-rbKlMoGIq6zHWjSt2qCm0BtsK3uM;REPOSITORIO PUCSP_ Imposto sobre a propriedade predial e territorial urbana_ um estudo sobre o critério material da regra matriz de incidência tributária.pdf;IPTU;TESE;CRIADO-POR-TERCEIROS;Dissertacao PUCSP Almeida;NAO-SEI;OK;1xuq1OpJzSYOGWG6dp7xGfCyDVE-WLVas;Dissertacao PUCSP criterio material regra matriz incidencia IPTU
1h3cpjMtrGbwZH-DU-iCguQaOLzr0wSMY;REPOSITORIO PUCSP_ IPTU e progressividade fiscal.pdf;IPTU;TESE;CRIADO-POR-TERCEIROS;Dissertacao PUCSP Campello;NAO-SEI;OK;1xuq1OpJzSYOGWG6dp7xGfCyDVE-WLVas;Dissertacao PUCSP IPTU e progressividade fiscal capacidade contributiva
1An5-QsVrBy0-tmMSSo4fZAu6Yf-WnCIY;REPOSITORIO PUCSP_ Materialidade e Base de Cálculo do IPTU.pdf;IPTU;TESE;CRIADO-POR-TERCEIROS;Dissertacao PUCSP Lourenco;NAO-SEI;OK;1xuq1OpJzSYOGWG6dp7xGfCyDVE-WLVas;Dissertacao PUCSP materialidade e base de calculo do IPTU
1aswiJ3kY25YbgTkuG34zJbgpFSQoGw0D;Repositório Institucional UFC_ Avaliação imobiliária para fins tributários_ um estudo do método evolutivo aplicado no cálculo do IPTU de Fortaleza-CE.pdf;IPTU;TESE;CRIADO-POR-TERCEIROS;Dissertacao UFC Bustamante 2020;DATADO(2020);OK;1xuq1OpJzSYOGWG6dp7xGfCyDVE-WLVas;Dissertacao UFC avaliacao imobiliaria metodo evolutivo IPTU Fortaleza
1dSLQ4ImiBjl9nAiVsEjUkBR0ROGUcPTE;REPOSI~1.PDF;IPTU;TESE;CRIADO-POR-TERCEIROS;Dissertacao UFS Santos 2016;DATADO(2016);OK;1xuq1OpJzSYOGWG6dp7xGfCyDVE-WLVas;Dissertacao UFS dever fundamental pagar tributos planta generica IPTU
1AG-qnw8mPssdrzthvG5_E57P-eJMwWiZ;Requerimento DEUSO(1).pdf;TDC;LEI;OFICIAL;Anexo I Portaria 012/2023/SMUL;VIGENTE;OK;1GRvv6Xbi3_rKpZvvIqKIjyByu1LgFjmJ;Formulario requerimento DEUSO declaracao potencial construtivo transferencia
1AloFLVbl7NlvlKAw5pwBmPAFku6jnobO;Resolucao 01_22 CONPRESP.pdf;CORRELATO;LEI;OFICIAL;CONPRESP Res 01/2022;VIGENTE;OK;1GRvv6Xbi3_rKpZvvIqKIjyByu1LgFjmJ;Resolucao CONPRESP arquivamento tombamento Complexo Oswaldo Teixeira Caninde
1yjYHBnrliWwbbQ8NTMIQe4p2JkO6TuKJ;Resolucao 04 CONSPRESP 2023 - MAPA.pdf;CORRELATO;LEI;OFICIAL;CONPRESP Res 04/2023 MAPA;NAO-SEI;ILEGIVEL;1p8d2Cx-qbLO0nRicRjbZ7h47cp2jqb7t;Mapa anexo resolucao apenas imagem sem texto extraivel
1FWmrt0H7HOZPrrYZ3fPCZ7Pft8Cdekjb;Resolucao 04 CONSPRESP 2023.pdf;CORRELATO;LEI;OFICIAL;CONPRESP Res 04/2023;VIGENTE;OK;1GRvv6Xbi3_rKpZvvIqKIjyByu1LgFjmJ;Resolucao CONPRESP abre tombamento Crematorio Municipal Vila Alpina
12rDZFoqvc8DHrE4H5yApLPxQI8LIizW2;Resolucao 07-23_Mancha dos Bombeiros.pdf;CORRELATO;LEI;OFICIAL;CONPRESP Res 07/2023;VIGENTE;OK;1GRvv6Xbi3_rKpZvvIqKIjyByu1LgFjmJ;Resolucao CONPRESP abre tombamento Mancha dos Bombeiros Vila Mariana
14RB0BOq79D82-WF9sr8rAT0bHBIAZnqo;Resolucao 07-23_Mancha dos Bombeiros_MAPA.pdf;CORRELATO;LEI;OFICIAL;CONPRESP Res 07/2023 MAPA;DATADO(2023);OK;1GRvv6Xbi3_rKpZvvIqKIjyByu1LgFjmJ;Mapa perimetros tombamento Mancha dos Bombeiros texto OCR parcial
1wtiIZEefkc9INY4xYx287Fe6yvqjCiyD;Resolucao 07-23_Quadro I.pdf;CORRELATO;LEI;OFICIAL;CONPRESP Res 07/2023 Quadro I;VIGENTE;OK;1GRvv6Xbi3_rKpZvvIqKIjyByu1LgFjmJ;Quadro I lotes perimetro 1 tombamento Mancha dos Bombeiros
1TbKRJBdxv2HvzdcsMmOfOOzCNWlRtpkE;Resolucao 07-23_Quadro II.pdf;CORRELATO;LEI;OFICIAL;CONPRESP Res 07/2023 Quadro II;VIGENTE;OK;1GRvv6Xbi3_rKpZvvIqKIjyByu1LgFjmJ;Quadro II lotes perimetro 2 tombamento Mancha dos Bombeiros
1SIdZHRjL0SKcGW139JTyJOCqfFePP20E;Resolucao 07-23_Quadro III.pdf;CORRELATO;LEI;OFICIAL;CONPRESP Res 07/2023 Quadro III;VIGENTE;OK;1GRvv6Xbi3_rKpZvvIqKIjyByu1LgFjmJ;Quadro III lotes perimetro 3 tombamento Mancha dos Bombeiros
141hPZ3KEKhmyrq1Yo7cTu9FYIKbcPgyk;RESOLUÇÃO SECRETARIA MUNICIPAL DE CULTURA - SMC_CONPRESP Nº 13 DE 13 DE NOVEMBRO DE 2023.pdf;CORRELATO;LEI;OFICIAL;CONPRESP Res 13/2023;VIGENTE;OK;1GRvv6Xbi3_rKpZvvIqKIjyByu1LgFjmJ;Resolucao CONPRESP enquadramento ZEPEC-APC Bar O do Borogodo
1o3hXQaBC8hZ345tHR_f3cInCB-__J81g;RESOLUÇÃO SECRETARIA MUNICIPAL DE CULTURA - SMC_CONPRESP Nº 22 DE 13 DE DEZEMBRO DE 2002 « Catálogo de Legislação Municipal.pdf;CORRELATO;LEI;OFICIAL;CONPRESP Res 22/2002;VIGENTE;OK;1GRvv6Xbi3_rKpZvvIqKIjyByu1LgFjmJ;Resolucao CONPRESP tombamento ambiente urbano bairro Bela Vista
1iLgAyoAkqz27OpBoS_WeWNOd3IHP0Izt;RESOLUÇÃO SECRETARIA MUNICIPAL DE DESENVOLVIMENTO URBANO - SMDU_CTLU Nº 12 DE 17 DE DEZEMBRO DE 2020 « Catálogo de Legislação Municipal.pdf;CORRELATO;LEI;OFICIAL;CTLU Res 12/2020;VIGENTE;OK;1GRvv6Xbi3_rKpZvvIqKIjyByu1LgFjmJ;Resolucao CTLU gabarito maximo altura zonas corredores ZCOR Lei 16.402
1VgnEQYGGE38WrfFD8RugGFtiAq1c6Z4q;RESOLUÇÃO SECRETARIA MUNICIPAL DE LICENCIAMENTO - SEL_CEUSO Nº 139 DE 27 DE ABRIL DE 2020 « Catálogo de Legislação Municipal.pdf;CORRELATO;LEI;OFICIAL;CEUSO Res 139/2020;VIGENTE;OK;1GRvv6Xbi3_rKpZvvIqKIjyByu1LgFjmJ;Resolucao CEUSO jiraus area computavel tributacao Lei 16.642
1kv8n-gh5bCv-GmsEl_zDVQxaxXCVyGzL;RESOLUÇÃO SECRETARIA MUNICIPAL DE URBANISMO E LICENCIAMENTO - SMUL_CAEHIS Nº 2 DE 2 DE SETEMBRO DE 2021 « Catálogo de Legislação Municipal.pdf;CORRELATO;LEI;OFICIAL;CAEHIS Res 02/2021;VIGENTE;OK;1GRvv6Xbi3_rKpZvvIqKIjyByu1LgFjmJ;Resolucao CAEHIS limite area nao computavel art 62 Lei 16.402
1eQSukZchES9PzOG7nmQVjc3-fJoMlUJQ;RESOLUÇÃO SECRETARIA MUNICIPAL DE URBANISMO E LICENCIAMENTO - SMUL_CAEHIS Nº 3 DE 7 DE OUTUBRO DE 2021 « Catálogo de Legislação Municipal.pdf;CORRELATO;LEI;OFICIAL;CAEHIS Res 03/2021;VIGENTE;OK;1GRvv6Xbi3_rKpZvvIqKIjyByu1LgFjmJ;Resolucao CAEHIS beneficios art 60 II Lei 16.402 HIS
1ybtcOHluFmb20wrFsEU_wHkCnE3L4H5t;RESOLUÇÃO SECRETARIA MUNICIPAL DE URBANISMO E LICENCIAMENTO - SMUL_CEUSO Nº 138 DE 14 DE JUNHO DE 2021 « Catálogo de Legislação Municipal.pdf;CORRELATO;LEI;OFICIAL;CEUSO Res 138/2021;VIGENTE;OK;1GRvv6Xbi3_rKpZvvIqKIjyByu1LgFjmJ;Resolucao CEUSO areas nao computaveis indices ocupacao aproveitamento
1KJ1Atleeb7VsooECZbbB-tkERscukH0B;RESOLUÇÃO SECRETARIA MUNICIPAL DE URBANISMO E LICENCIAMENTO - SMUL_CEUSO Nº 141 DE 8 DE FEVEREIRO DE 2021 « Catálogo de Legislação Municipal.pdf;CORRELATO;LEI;OFICIAL;CEUSO Res 141/2021;VIGENTE;OK;1GRvv6Xbi3_rKpZvvIqKIjyByu1LgFjmJ;Resolucao CEUSO procedimentos alvara aprovacao areas tecnicas
1Mr4uuuaWz7gzGxux5zSFJ7TZDQzx_h3w;RESOLUÇÃO SECRETARIA MUNICIPAL DE URBANISMO E LICENCIAMENTO - SMUL_CEUSO Nº 146 DE 27 DE JANEIRO DE 2022 « Catálogo de Legislação Municipal.pdf;CORRELATO;LEI;OFICIAL;CEUSO Res 146/2022;VIGENTE;OK;1GRvv6Xbi3_rKpZvvIqKIjyByu1LgFjmJ;Resolucao CEUSO perimetro Arizona recalques problemas geotecnicos
1MJgWT2CBbcPYADQYeXyJEpIMGSwHj7yb;RESOLUÇÃO SECRETARIA MUNICIPAL DE URBANISMO E LICENCIAMENTO - SMUL_CEUSO Nº 150 DE 22 DE AGOSTO DE 2022 « Catálogo de Legislação Municipal.pdf;CORRELATO;LEI;OFICIAL;CEUSO Res 150/2022;VIGENTE;OK;1GRvv6Xbi3_rKpZvvIqKIjyByu1LgFjmJ;Resolucao CEUSO numero pavimentos restricoes convencionais loteamento
1LBUlijnE3pW3hD40nC1mv-PEI-W8eT0o;RESOLUÇÃO SECRETARIA MUNICIPAL DE URBANISMO E LICENCIAMENTO - SMUL_CTLU Nº 1 DE 27 DE FEVEREIRO DE 2023 « Catálogo de Legislação Municipal.pdf;CORRELATO;LEI;OFICIAL;CTLU Res 01/2023;VIGENTE;OK;1GRvv6Xbi3_rKpZvvIqKIjyByu1LgFjmJ;Resolucao CTLU parametros ZOE art 15 Lei 16.402
1sdYYOJdQ2gUrcfPLdZPYjfo2bYNjRyw8;RESOLUÇÃO SECRETARIA MUNICIPAL DE URBANISMO E LICENCIAMENTO - SMUL_CTLU Nº 12 DE 10 DE DEZEMBRO DE 2018 « Catálogo de Legislação Municipal.pdf;CORRELATO;LEI;OFICIAL;CTLU Res 12/2018;VIGENTE;OK;1GRvv6Xbi3_rKpZvvIqKIjyByu1LgFjmJ;Resolucao CTLU restricao gabarito declive aclive parcial art 60 Lei 16.402
1B_Ta_35nm6dIBfjhd4ecIJOGltPANgC_;RESOLUÇÃO SECRETARIA MUNICIPAL DE URBANISMO E LICENCIAMENTO - SMUL_CTLU Nº 12 DE 11 DE NOVEMBRO DE 2021 « Catálogo de Legislação Municipal.pdf;CORRELATO;LEI;OFICIAL;CTLU Res 12/2021;REVOGADO;OK;1GRvv6Xbi3_rKpZvvIqKIjyByu1LgFjmJ;Resolucao CTLU empreendimentos baixo risco art 127 133 Lei 16.402 revogada
1xEvKnS65joB795TpMK64sRDvz9aocb2c;RESOLUÇÃO SECRETARIA MUNICIPAL DE URBANISMO E LICENCIAMENTO - SMUL_CTLU Nº 4 DE 4 DE ABRIL DE 2024 « Catálogo de Legislação Municipal.pdf;CORRELATO;LEI;OFICIAL;CTLU Res 04/2024;VIGENTE;OK;1GRvv6Xbi3_rKpZvvIqKIjyByu1LgFjmJ;Resolucao CTLU identificacao ZPDS zoneamento detalhes da norma
1Q0ayDWtqS8PDaOpAzI1BmcA8a0vo-Ocu;RESP-1949182-2025-03-19.pdf;IPTU;JURISPRUDENCIA;OFICIAL;STJ REsp 1.949.182 Tema 1158;DATADO(2025);OK;1GRvv6Xbi3_rKpZvvIqKIjyByu1LgFjmJ;Acordao STJ repetitivo Tema 1158 IPTU credor fiduciario ilegitimidade
1700LFO3nSSADQxLorQrL7utMTBaroPdp;STF vai reiniciar caso de IPTU sobre imóveis de serviço essencial.pdf;IPTU;TESE;CRIADO-POR-TERCEIROS;ConJur STF RE 1.317.330 Tema 1398;DATADO(2026);OK;1xuq1OpJzSYOGWG6dp7xGfCyDVE-WLVas;Noticia ConJur STF IPTU imoveis estatais servico essencial imunidade
1ED-kDue-Cc3fECCZAPWakoFqqWacC-mn;STJ - Precedentes Qualificados.pdf;IPTU;JURISPRUDENCIA;OFICIAL;STJ Tema Repetitivo 1113;DATADO(2022);OK;1GRvv6Xbi3_rKpZvvIqKIjyByu1LgFjmJ;Precedente qualificado STJ Tema 1113 base de calculo ITBI nao vinculada IPTU
10ey-SpZM4usfc_eZHd4qxKt-MqRuGdIr;stj-revista-sumulas-2010_11_capSumula160.pdf;IPTU;JURISPRUDENCIA;OFICIAL;STJ Sumula 160;VIGENTE;OK;1GRvv6Xbi3_rKpZvvIqKIjyByu1LgFjmJ;Sumula 160 STJ vedacao atualizar IPTU por decreto acima indice oficial
1ecFHFCR5hgAJ9A4oH3qcy_hjP67F7Acc;Tabela - Faixa de consumo mensal em kWh X Valor em R$ LEI Nº 17.719 de 26 de Novembro de 2021.pdf;CORRELATO;LEI;OFICIAL;Lei 17.719/2021 tabela COSIP;VIGENTE;OK;1GRvv6Xbi3_rKpZvvIqKIjyByu1LgFjmJ;Tabela faixa consumo kWh valor anexo Lei 17.719 iluminacao publica
1lkzW2nPJsGS-55EfVlBQPLUArc7xdgFh;tabela_2025_Retificado_em_12-02-25.pdf;TDC;LEI;OFICIAL;Tabela taxas Decreto 63.990/2024;VIGENTE;OK;1GRvv6Xbi3_rKpZvvIqKIjyByu1LgFjmJ;Tabela taxas emolumentos SMUL inclui outorga e certidao transferencia potencial
1Wyh9ZL0BZDhPqT5-RL0IH9Ok0eMGjcSy;Transferência do Direito de Construir - Secretaria Municipal de Urbanismo e Licenciamento - Prefeitura.pdf;TDC;META;OFICIAL;Pagina TDC SMUL;DATADO(2025);OK;1p8d2Cx-qbLO0nRicRjbZ7h47cp2jqb7t;Pagina prefeitura explica TDC potencial construtivo certidao transferencia
1qj-x3grT5O19SLvrQgCidkym2wM5onki;Transferência do Direito de Construir - Secretaria Municipal de Urbanismo e Licenciamento - Prefeitura2.pdf;TDC;META;OFICIAL;Pagina TDC SMUL pag2;DATADO(2025);OK;1p8d2Cx-qbLO0nRicRjbZ7h47cp2jqb7t;Pagina prefeitura TDC potencial construtivo segunda pagina mesma informacao
